[2026-06-18T08:32:01.418+0000] {processor.py:157} INFO - Started process (PID=196) to work on /opt/airflow/dags/binance_daily_dag.py
[2026-06-18T08:32:01.420+0000] {processor.py:829} INFO - Processing file /opt/airflow/dags/binance_daily_dag.py for tasks to queue
[2026-06-18T08:32:01.429+0000] {logging_mixin.py:151} INFO - [2026-06-18T08:32:01.427+0000] {dagbag.py:539} INFO - Filling up the DagBag from /opt/airflow/dags/binance_daily_dag.py
[2026-06-18T08:32:09.736+0000] {processor.py:839} INFO - DAG(s) dict_keys(['daily_crypto_bilstm_pipeline']) retrieved from /opt/airflow/dags/binance_daily_dag.py
[2026-06-18T08:32:09.979+0000] {logging_mixin.py:151} INFO - [2026-06-18T08:32:09.979+0000] {manager.py:499} INFO - Created Permission View: %s
[2026-06-18T08:32:09.992+0000] {logging_mixin.py:151} INFO - [2026-06-18T08:32:09.992+0000] {manager.py:499} INFO - Created Permission View: %s
[2026-06-18T08:32:10.000+0000] {logging_mixin.py:151} INFO - [2026-06-18T08:32:10.000+0000] {manager.py:499} INFO - Created Permission View: %s
[2026-06-18T08:32:10.001+0000] {logging_mixin.py:151} INFO - [2026-06-18T08:32:10.001+0000] {security.py:708} INFO - Not syncing DAG-level permissions for DAG 'DAG:daily_crypto_bilstm_pipeline' as access control is unset.
[2026-06-18T08:32:10.002+0000] {logging_mixin.py:151} INFO - [2026-06-18T08:32:10.002+0000] {dag.py:2915} INFO - Sync 1 DAGs
[2026-06-18T08:32:10.014+0000] {logging_mixin.py:151} INFO - [2026-06-18T08:32:10.013+0000] {dag.py:2937} INFO - Creating ORM DAG for daily_crypto_bilstm_pipeline
[2026-06-18T08:32:10.024+0000] {logging_mixin.py:151} INFO - [2026-06-18T08:32:10.024+0000] {dag.py:3696} INFO - Setting next_dagrun for daily_crypto_bilstm_pipeline to 2026-06-16T17:02:00+00:00, run_after=2026-06-17T17:02:00+00:00
[2026-06-18T08:32:10.055+0000] {processor.py:179} INFO - Processing /opt/airflow/dags/binance_daily_dag.py took 8.664 seconds
[2026-06-18T08:32:40.502+0000] {processor.py:157} INFO - Started process (PID=262) to work on /opt/airflow/dags/binance_daily_dag.py
[2026-06-18T08:32:40.503+0000] {processor.py:829} INFO - Processing file /opt/airflow/dags/binance_daily_dag.py for tasks to queue
[2026-06-18T08:32:40.505+0000] {logging_mixin.py:151} INFO - [2026-06-18T08:32:40.504+0000] {dagbag.py:539} INFO - Filling up the DagBag from /opt/airflow/dags/binance_daily_dag.py
[2026-06-18T08:32:44.565+0000] {processor.py:839} INFO - DAG(s) dict_keys(['daily_crypto_bilstm_pipeline']) retrieved from /opt/airflow/dags/binance_daily_dag.py
[2026-06-18T08:32:44.630+0000] {logging_mixin.py:151} INFO - [2026-06-18T08:32:44.629+0000] {dag.py:2915} INFO - Sync 1 DAGs
[2026-06-18T08:32:44.695+0000] {logging_mixin.py:151} INFO - [2026-06-18T08:32:44.694+0000] {dag.py:3696} INFO - Setting next_dagrun for daily_crypto_bilstm_pipeline to 2026-06-16T17:02:00+00:00, run_after=2026-06-17T17:02:00+00:00
[2026-06-18T08:32:44.720+0000] {processor.py:179} INFO - Processing /opt/airflow/dags/binance_daily_dag.py took 4.223 seconds
[2026-06-18T08:33:14.969+0000] {processor.py:157} INFO - Started process (PID=303) to work on /opt/airflow/dags/binance_daily_dag.py
[2026-06-18T08:33:14.970+0000] {processor.py:829} INFO - Processing file /opt/airflow/dags/binance_daily_dag.py for tasks to queue
[2026-06-18T08:33:14.971+0000] {logging_mixin.py:151} INFO - [2026-06-18T08:33:14.971+0000] {dagbag.py:539} INFO - Filling up the DagBag from /opt/airflow/dags/binance_daily_dag.py
[2026-06-18T08:33:17.267+0000] {processor.py:839} INFO - DAG(s) dict_keys(['daily_crypto_bilstm_pipeline']) retrieved from /opt/airflow/dags/binance_daily_dag.py
[2026-06-18T08:33:17.292+0000] {logging_mixin.py:151} INFO - [2026-06-18T08:33:17.291+0000] {dag.py:2915} INFO - Sync 1 DAGs
[2026-06-18T08:33:17.309+0000] {logging_mixin.py:151} INFO - [2026-06-18T08:33:17.309+0000] {dag.py:3696} INFO - Setting next_dagrun for daily_crypto_bilstm_pipeline to 2026-06-16T17:02:00+00:00, run_after=2026-06-17T17:02:00+00:00
[2026-06-18T08:33:17.365+0000] {processor.py:179} INFO - Processing /opt/airflow/dags/binance_daily_dag.py took 2.400 seconds
[2026-06-18T08:33:47.459+0000] {processor.py:157} INFO - Started process (PID=334) to work on /opt/airflow/dags/binance_daily_dag.py
[2026-06-18T08:33:47.461+0000] {processor.py:829} INFO - Processing file /opt/airflow/dags/binance_daily_dag.py for tasks to queue
[2026-06-18T08:33:47.462+0000] {logging_mixin.py:151} INFO - [2026-06-18T08:33:47.461+0000] {dagbag.py:539} INFO - Filling up the DagBag from /opt/airflow/dags/binance_daily_dag.py
[2026-06-18T08:33:49.757+0000] {processor.py:839} INFO - DAG(s) dict_keys(['daily_crypto_bilstm_pipeline']) retrieved from /opt/airflow/dags/binance_daily_dag.py
[2026-06-18T08:33:49.776+0000] {logging_mixin.py:151} INFO - [2026-06-18T08:33:49.776+0000] {dag.py:2915} INFO - Sync 1 DAGs
[2026-06-18T08:33:49.795+0000] {logging_mixin.py:151} INFO - [2026-06-18T08:33:49.794+0000] {dag.py:3696} INFO - Setting next_dagrun for daily_crypto_bilstm_pipeline to 2026-06-16T17:02:00+00:00, run_after=2026-06-17T17:02:00+00:00
[2026-06-18T08:33:49.853+0000] {processor.py:179} INFO - Processing /opt/airflow/dags/binance_daily_dag.py took 2.397 seconds
[2026-06-18T08:34:19.953+0000] {processor.py:157} INFO - Started process (PID=367) to work on /opt/airflow/dags/binance_daily_dag.py
[2026-06-18T08:34:19.954+0000] {processor.py:829} INFO - Processing file /opt/airflow/dags/binance_daily_dag.py for tasks to queue
[2026-06-18T08:34:19.955+0000] {logging_mixin.py:151} INFO - [2026-06-18T08:34:19.955+0000] {dagbag.py:539} INFO - Filling up the DagBag from /opt/airflow/dags/binance_daily_dag.py
[2026-06-18T08:34:22.099+0000] {processor.py:839} INFO - DAG(s) dict_keys(['daily_crypto_bilstm_pipeline']) retrieved from /opt/airflow/dags/binance_daily_dag.py
[2026-06-18T08:34:22.122+0000] {logging_mixin.py:151} INFO - [2026-06-18T08:34:22.121+0000] {dag.py:2915} INFO - Sync 1 DAGs
[2026-06-18T08:34:22.141+0000] {logging_mixin.py:151} INFO - [2026-06-18T08:34:22.140+0000] {dag.py:3696} INFO - Setting next_dagrun for daily_crypto_bilstm_pipeline to 2026-06-16T17:02:00+00:00, run_after=2026-06-17T17:02:00+00:00
[2026-06-18T08:34:22.202+0000] {processor.py:179} INFO - Processing /opt/airflow/dags/binance_daily_dag.py took 2.253 seconds
[2026-06-18T08:34:52.308+0000] {processor.py:157} INFO - Started process (PID=399) to work on /opt/airflow/dags/binance_daily_dag.py
[2026-06-18T08:34:52.309+0000] {processor.py:829} INFO - Processing file /opt/airflow/dags/binance_daily_dag.py for tasks to queue
[2026-06-18T08:34:52.310+0000] {logging_mixin.py:151} INFO - [2026-06-18T08:34:52.310+0000] {dagbag.py:539} INFO - Filling up the DagBag from /opt/airflow/dags/binance_daily_dag.py
[2026-06-18T08:34:54.651+0000] {processor.py:839} INFO - DAG(s) dict_keys(['daily_crypto_bilstm_pipeline']) retrieved from /opt/airflow/dags/binance_daily_dag.py
[2026-06-18T08:34:54.671+0000] {logging_mixin.py:151} INFO - [2026-06-18T08:34:54.670+0000] {dag.py:2915} INFO - Sync 1 DAGs
[2026-06-18T08:34:54.689+0000] {logging_mixin.py:151} INFO - [2026-06-18T08:34:54.689+0000] {dag.py:3696} INFO - Setting next_dagrun for daily_crypto_bilstm_pipeline to 2026-06-16T17:02:00+00:00, run_after=2026-06-17T17:02:00+00:00
[2026-06-18T08:34:54.745+0000] {processor.py:179} INFO - Processing /opt/airflow/dags/binance_daily_dag.py took 2.442 seconds
[2026-06-18T08:35:25.729+0000] {processor.py:157} INFO - Started process (PID=462) to work on /opt/airflow/dags/binance_daily_dag.py
[2026-06-18T08:35:25.730+0000] {processor.py:829} INFO - Processing file /opt/airflow/dags/binance_daily_dag.py for tasks to queue
[2026-06-18T08:35:25.731+0000] {logging_mixin.py:151} INFO - [2026-06-18T08:35:25.731+0000] {dagbag.py:539} INFO - Filling up the DagBag from /opt/airflow/dags/binance_daily_dag.py
[2026-06-18T08:35:28.717+0000] {processor.py:839} INFO - DAG(s) dict_keys(['daily_crypto_bilstm_pipeline']) retrieved from /opt/airflow/dags/binance_daily_dag.py
[2026-06-18T08:35:28.794+0000] {logging_mixin.py:151} INFO - [2026-06-18T08:35:28.794+0000] {dag.py:2915} INFO - Sync 1 DAGs
[2026-06-18T08:35:28.867+0000] {logging_mixin.py:151} INFO - [2026-06-18T08:35:28.867+0000] {dag.py:3696} INFO - Setting next_dagrun for daily_crypto_bilstm_pipeline to 2026-06-16T17:02:00+00:00, run_after=2026-06-17T17:02:00+00:00
[2026-06-18T08:35:28.894+0000] {processor.py:179} INFO - Processing /opt/airflow/dags/binance_daily_dag.py took 3.170 seconds
[2026-06-18T08:35:59.315+0000] {processor.py:157} INFO - Started process (PID=504) to work on /opt/airflow/dags/binance_daily_dag.py
[2026-06-18T08:35:59.316+0000] {processor.py:829} INFO - Processing file /opt/airflow/dags/binance_daily_dag.py for tasks to queue
[2026-06-18T08:35:59.317+0000] {logging_mixin.py:151} INFO - [2026-06-18T08:35:59.317+0000] {dagbag.py:539} INFO - Filling up the DagBag from /opt/airflow/dags/binance_daily_dag.py
[2026-06-18T08:36:01.641+0000] {processor.py:839} INFO - DAG(s) dict_keys(['daily_crypto_bilstm_pipeline']) retrieved from /opt/airflow/dags/binance_daily_dag.py
[2026-06-18T08:36:01.663+0000] {logging_mixin.py:151} INFO - [2026-06-18T08:36:01.662+0000] {dag.py:2915} INFO - Sync 1 DAGs
[2026-06-18T08:36:01.679+0000] {logging_mixin.py:151} INFO - [2026-06-18T08:36:01.679+0000] {dag.py:3696} INFO - Setting next_dagrun for daily_crypto_bilstm_pipeline to 2026-06-16T17:02:00+00:00, run_after=2026-06-17T17:02:00+00:00
[2026-06-18T08:36:01.739+0000] {processor.py:179} INFO - Processing /opt/airflow/dags/binance_daily_dag.py took 2.427 seconds
[2026-06-18T08:36:32.404+0000] {processor.py:157} INFO - Started process (PID=537) to work on /opt/airflow/dags/binance_daily_dag.py
[2026-06-18T08:36:32.405+0000] {processor.py:829} INFO - Processing file /opt/airflow/dags/binance_daily_dag.py for tasks to queue
[2026-06-18T08:36:32.406+0000] {logging_mixin.py:151} INFO - [2026-06-18T08:36:32.405+0000] {dagbag.py:539} INFO - Filling up the DagBag from /opt/airflow/dags/binance_daily_dag.py
[2026-06-18T08:36:34.845+0000] {processor.py:839} INFO - DAG(s) dict_keys(['daily_crypto_bilstm_pipeline']) retrieved from /opt/airflow/dags/binance_daily_dag.py
[2026-06-18T08:36:34.866+0000] {logging_mixin.py:151} INFO - [2026-06-18T08:36:34.865+0000] {dag.py:2915} INFO - Sync 1 DAGs
[2026-06-18T08:36:34.887+0000] {logging_mixin.py:151} INFO - [2026-06-18T08:36:34.886+0000] {dag.py:3696} INFO - Setting next_dagrun for daily_crypto_bilstm_pipeline to 2026-06-16T17:02:00+00:00, run_after=2026-06-17T17:02:00+00:00
[2026-06-18T08:36:34.909+0000] {processor.py:179} INFO - Processing /opt/airflow/dags/binance_daily_dag.py took 2.509 seconds
[2026-06-18T08:37:05.531+0000] {processor.py:157} INFO - Started process (PID=570) to work on /opt/airflow/dags/binance_daily_dag.py
[2026-06-18T08:37:05.532+0000] {processor.py:829} INFO - Processing file /opt/airflow/dags/binance_daily_dag.py for tasks to queue
[2026-06-18T08:37:05.533+0000] {logging_mixin.py:151} INFO - [2026-06-18T08:37:05.533+0000] {dagbag.py:539} INFO - Filling up the DagBag from /opt/airflow/dags/binance_daily_dag.py
[2026-06-18T08:37:07.674+0000] {processor.py:839} INFO - DAG(s) dict_keys(['daily_crypto_bilstm_pipeline']) retrieved from /opt/airflow/dags/binance_daily_dag.py
[2026-06-18T08:37:07.694+0000] {logging_mixin.py:151} INFO - [2026-06-18T08:37:07.694+0000] {dag.py:2915} INFO - Sync 1 DAGs
[2026-06-18T08:37:07.712+0000] {logging_mixin.py:151} INFO - [2026-06-18T08:37:07.712+0000] {dag.py:3696} INFO - Setting next_dagrun for daily_crypto_bilstm_pipeline to 2026-06-16T17:02:00+00:00, run_after=2026-06-17T17:02:00+00:00
[2026-06-18T08:37:07.769+0000] {processor.py:179} INFO - Processing /opt/airflow/dags/binance_daily_dag.py took 2.243 seconds
[2026-06-18T08:37:38.038+0000] {processor.py:157} INFO - Started process (PID=603) to work on /opt/airflow/dags/binance_daily_dag.py
[2026-06-18T08:37:38.040+0000] {processor.py:829} INFO - Processing file /opt/airflow/dags/binance_daily_dag.py for tasks to queue
[2026-06-18T08:37:38.041+0000] {logging_mixin.py:151} INFO - [2026-06-18T08:37:38.040+0000] {dagbag.py:539} INFO - Filling up the DagBag from /opt/airflow/dags/binance_daily_dag.py
[2026-06-18T08:37:40.279+0000] {processor.py:839} INFO - DAG(s) dict_keys(['daily_crypto_bilstm_pipeline']) retrieved from /opt/airflow/dags/binance_daily_dag.py
[2026-06-18T08:37:40.299+0000] {logging_mixin.py:151} INFO - [2026-06-18T08:37:40.298+0000] {dag.py:2915} INFO - Sync 1 DAGs
[2026-06-18T08:37:40.316+0000] {logging_mixin.py:151} INFO - [2026-06-18T08:37:40.316+0000] {dag.py:3696} INFO - Setting next_dagrun for daily_crypto_bilstm_pipeline to 2026-06-16T17:02:00+00:00, run_after=2026-06-17T17:02:00+00:00
[2026-06-18T08:37:40.352+0000] {processor.py:179} INFO - Processing /opt/airflow/dags/binance_daily_dag.py took 2.317 seconds
[2026-06-18T08:38:10.704+0000] {processor.py:157} INFO - Started process (PID=636) to work on /opt/airflow/dags/binance_daily_dag.py
[2026-06-18T08:38:10.705+0000] {processor.py:829} INFO - Processing file /opt/airflow/dags/binance_daily_dag.py for tasks to queue
[2026-06-18T08:38:10.706+0000] {logging_mixin.py:151} INFO - [2026-06-18T08:38:10.706+0000] {dagbag.py:539} INFO - Filling up the DagBag from /opt/airflow/dags/binance_daily_dag.py
[2026-06-18T08:38:13.062+0000] {processor.py:839} INFO - DAG(s) dict_keys(['daily_crypto_bilstm_pipeline']) retrieved from /opt/airflow/dags/binance_daily_dag.py
[2026-06-18T08:38:13.082+0000] {logging_mixin.py:151} INFO - [2026-06-18T08:38:13.082+0000] {dag.py:2915} INFO - Sync 1 DAGs
[2026-06-18T08:38:13.105+0000] {logging_mixin.py:151} INFO - [2026-06-18T08:38:13.105+0000] {dag.py:3696} INFO - Setting next_dagrun for daily_crypto_bilstm_pipeline to 2026-06-16T17:02:00+00:00, run_after=2026-06-17T17:02:00+00:00
[2026-06-18T08:38:13.130+0000] {processor.py:179} INFO - Processing /opt/airflow/dags/binance_daily_dag.py took 2.428 seconds
[2026-06-18T08:38:44.070+0000] {processor.py:157} INFO - Started process (PID=669) to work on /opt/airflow/dags/binance_daily_dag.py
[2026-06-18T08:38:44.071+0000] {processor.py:829} INFO - Processing file /opt/airflow/dags/binance_daily_dag.py for tasks to queue
[2026-06-18T08:38:44.072+0000] {logging_mixin.py:151} INFO - [2026-06-18T08:38:44.072+0000] {dagbag.py:539} INFO - Filling up the DagBag from /opt/airflow/dags/binance_daily_dag.py
[2026-06-18T08:38:46.382+0000] {processor.py:839} INFO - DAG(s) dict_keys(['daily_crypto_bilstm_pipeline']) retrieved from /opt/airflow/dags/binance_daily_dag.py
[2026-06-18T08:38:46.404+0000] {logging_mixin.py:151} INFO - [2026-06-18T08:38:46.404+0000] {dag.py:2915} INFO - Sync 1 DAGs
[2026-06-18T08:38:46.423+0000] {logging_mixin.py:151} INFO - [2026-06-18T08:38:46.423+0000] {dag.py:3696} INFO - Setting next_dagrun for daily_crypto_bilstm_pipeline to 2026-06-16T17:02:00+00:00, run_after=2026-06-17T17:02:00+00:00
[2026-06-18T08:38:46.452+0000] {processor.py:179} INFO - Processing /opt/airflow/dags/binance_daily_dag.py took 2.385 seconds
[2026-06-18T08:39:17.402+0000] {processor.py:157} INFO - Started process (PID=702) to work on /opt/airflow/dags/binance_daily_dag.py
[2026-06-18T08:39:17.404+0000] {processor.py:829} INFO - Processing file /opt/airflow/dags/binance_daily_dag.py for tasks to queue
[2026-06-18T08:39:17.405+0000] {logging_mixin.py:151} INFO - [2026-06-18T08:39:17.405+0000] {dagbag.py:539} INFO - Filling up the DagBag from /opt/airflow/dags/binance_daily_dag.py
[2026-06-18T08:39:19.627+0000] {processor.py:839} INFO - DAG(s) dict_keys(['daily_crypto_bilstm_pipeline']) retrieved from /opt/airflow/dags/binance_daily_dag.py
[2026-06-18T08:39:19.649+0000] {logging_mixin.py:151} INFO - [2026-06-18T08:39:19.648+0000] {dag.py:2915} INFO - Sync 1 DAGs
[2026-06-18T08:39:19.674+0000] {logging_mixin.py:151} INFO - [2026-06-18T08:39:19.674+0000] {dag.py:3696} INFO - Setting next_dagrun for daily_crypto_bilstm_pipeline to 2026-06-16T17:02:00+00:00, run_after=2026-06-17T17:02:00+00:00
[2026-06-18T08:39:19.734+0000] {processor.py:179} INFO - Processing /opt/airflow/dags/binance_daily_dag.py took 2.336 seconds
[2026-06-18T08:39:50.084+0000] {processor.py:157} INFO - Started process (PID=740) to work on /opt/airflow/dags/binance_daily_dag.py
[2026-06-18T08:39:50.086+0000] {processor.py:829} INFO - Processing file /opt/airflow/dags/binance_daily_dag.py for tasks to queue
[2026-06-18T08:39:50.087+0000] {logging_mixin.py:151} INFO - [2026-06-18T08:39:50.087+0000] {dagbag.py:539} INFO - Filling up the DagBag from /opt/airflow/dags/binance_daily_dag.py
[2026-06-18T08:39:52.362+0000] {processor.py:839} INFO - DAG(s) dict_keys(['daily_crypto_bilstm_pipeline']) retrieved from /opt/airflow/dags/binance_daily_dag.py
[2026-06-18T08:39:52.384+0000] {logging_mixin.py:151} INFO - [2026-06-18T08:39:52.384+0000] {dag.py:2915} INFO - Sync 1 DAGs
[2026-06-18T08:39:52.404+0000] {logging_mixin.py:151} INFO - [2026-06-18T08:39:52.404+0000] {dag.py:3696} INFO - Setting next_dagrun for daily_crypto_bilstm_pipeline to 2026-06-16T17:02:00+00:00, run_after=2026-06-17T17:02:00+00:00
[2026-06-18T08:39:52.422+0000] {processor.py:179} INFO - Processing /opt/airflow/dags/binance_daily_dag.py took 2.343 seconds
[2026-06-18T08:40:22.797+0000] {processor.py:157} INFO - Started process (PID=773) to work on /opt/airflow/dags/binance_daily_dag.py
[2026-06-18T08:40:22.798+0000] {processor.py:829} INFO - Processing file /opt/airflow/dags/binance_daily_dag.py for tasks to queue
[2026-06-18T08:40:22.799+0000] {logging_mixin.py:151} INFO - [2026-06-18T08:40:22.799+0000] {dagbag.py:539} INFO - Filling up the DagBag from /opt/airflow/dags/binance_daily_dag.py
[2026-06-18T08:40:24.979+0000] {processor.py:839} INFO - DAG(s) dict_keys(['daily_crypto_bilstm_pipeline']) retrieved from /opt/airflow/dags/binance_daily_dag.py
[2026-06-18T08:40:24.998+0000] {logging_mixin.py:151} INFO - [2026-06-18T08:40:24.998+0000] {dag.py:2915} INFO - Sync 1 DAGs
[2026-06-18T08:40:25.017+0000] {logging_mixin.py:151} INFO - [2026-06-18T08:40:25.017+0000] {dag.py:3696} INFO - Setting next_dagrun for daily_crypto_bilstm_pipeline to 2026-06-16T17:02:00+00:00, run_after=2026-06-17T17:02:00+00:00
[2026-06-18T08:40:25.075+0000] {processor.py:179} INFO - Processing /opt/airflow/dags/binance_daily_dag.py took 2.282 seconds
[2026-06-18T08:40:55.389+0000] {processor.py:157} INFO - Started process (PID=813) to work on /opt/airflow/dags/binance_daily_dag.py
[2026-06-18T08:40:55.391+0000] {processor.py:829} INFO - Processing file /opt/airflow/dags/binance_daily_dag.py for tasks to queue
[2026-06-18T08:40:55.391+0000] {logging_mixin.py:151} INFO - [2026-06-18T08:40:55.391+0000] {dagbag.py:539} INFO - Filling up the DagBag from /opt/airflow/dags/binance_daily_dag.py
[2026-06-18T08:40:57.716+0000] {processor.py:839} INFO - DAG(s) dict_keys(['daily_crypto_bilstm_pipeline']) retrieved from /opt/airflow/dags/binance_daily_dag.py
[2026-06-18T08:40:57.737+0000] {logging_mixin.py:151} INFO - [2026-06-18T08:40:57.736+0000] {dag.py:2915} INFO - Sync 1 DAGs
[2026-06-18T08:40:57.757+0000] {logging_mixin.py:151} INFO - [2026-06-18T08:40:57.757+0000] {dag.py:3696} INFO - Setting next_dagrun for daily_crypto_bilstm_pipeline to 2026-06-16T17:02:00+00:00, run_after=2026-06-17T17:02:00+00:00
[2026-06-18T08:40:57.813+0000] {processor.py:179} INFO - Processing /opt/airflow/dags/binance_daily_dag.py took 2.427 seconds
[2026-06-18T08:41:28.226+0000] {processor.py:157} INFO - Started process (PID=846) to work on /opt/airflow/dags/binance_daily_dag.py
[2026-06-18T08:41:28.227+0000] {processor.py:829} INFO - Processing file /opt/airflow/dags/binance_daily_dag.py for tasks to queue
[2026-06-18T08:41:28.229+0000] {logging_mixin.py:151} INFO - [2026-06-18T08:41:28.228+0000] {dagbag.py:539} INFO - Filling up the DagBag from /opt/airflow/dags/binance_daily_dag.py
[2026-06-18T08:41:30.553+0000] {processor.py:839} INFO - DAG(s) dict_keys(['daily_crypto_bilstm_pipeline']) retrieved from /opt/airflow/dags/binance_daily_dag.py
[2026-06-18T08:41:30.573+0000] {logging_mixin.py:151} INFO - [2026-06-18T08:41:30.573+0000] {dag.py:2915} INFO - Sync 1 DAGs
[2026-06-18T08:41:30.591+0000] {logging_mixin.py:151} INFO - [2026-06-18T08:41:30.590+0000] {dag.py:3696} INFO - Setting next_dagrun for daily_crypto_bilstm_pipeline to 2026-06-16T17:02:00+00:00, run_after=2026-06-17T17:02:00+00:00
[2026-06-18T08:41:30.608+0000] {processor.py:179} INFO - Processing /opt/airflow/dags/binance_daily_dag.py took 2.388 seconds
[2026-06-18T08:42:00.963+0000] {processor.py:157} INFO - Started process (PID=879) to work on /opt/airflow/dags/binance_daily_dag.py
[2026-06-18T08:42:00.965+0000] {processor.py:829} INFO - Processing file /opt/airflow/dags/binance_daily_dag.py for tasks to queue
[2026-06-18T08:42:00.966+0000] {logging_mixin.py:151} INFO - [2026-06-18T08:42:00.966+0000] {dagbag.py:539} INFO - Filling up the DagBag from /opt/airflow/dags/binance_daily_dag.py
[2026-06-18T08:42:03.553+0000] {processor.py:839} INFO - DAG(s) dict_keys(['daily_crypto_bilstm_pipeline']) retrieved from /opt/airflow/dags/binance_daily_dag.py
[2026-06-18T08:42:03.572+0000] {logging_mixin.py:151} INFO - [2026-06-18T08:42:03.571+0000] {dag.py:2915} INFO - Sync 1 DAGs
[2026-06-18T08:42:03.591+0000] {logging_mixin.py:151} INFO - [2026-06-18T08:42:03.591+0000] {dag.py:3696} INFO - Setting next_dagrun for daily_crypto_bilstm_pipeline to 2026-06-16T17:02:00+00:00, run_after=2026-06-17T17:02:00+00:00
[2026-06-18T08:42:03.620+0000] {processor.py:179} INFO - Processing /opt/airflow/dags/binance_daily_dag.py took 2.660 seconds
[2026-06-18T08:42:33.939+0000] {processor.py:157} INFO - Started process (PID=912) to work on /opt/airflow/dags/binance_daily_dag.py
[2026-06-18T08:42:33.940+0000] {processor.py:829} INFO - Processing file /opt/airflow/dags/binance_daily_dag.py for tasks to queue
[2026-06-18T08:42:33.941+0000] {logging_mixin.py:151} INFO - [2026-06-18T08:42:33.941+0000] {dagbag.py:539} INFO - Filling up the DagBag from /opt/airflow/dags/binance_daily_dag.py
[2026-06-18T08:42:36.789+0000] {processor.py:839} INFO - DAG(s) dict_keys(['daily_crypto_bilstm_pipeline']) retrieved from /opt/airflow/dags/binance_daily_dag.py
[2026-06-18T08:42:36.812+0000] {logging_mixin.py:151} INFO - [2026-06-18T08:42:36.811+0000] {dag.py:2915} INFO - Sync 1 DAGs
[2026-06-18T08:42:36.831+0000] {logging_mixin.py:151} INFO - [2026-06-18T08:42:36.830+0000] {dag.py:3696} INFO - Setting next_dagrun for daily_crypto_bilstm_pipeline to 2026-06-16T17:02:00+00:00, run_after=2026-06-17T17:02:00+00:00
[2026-06-18T08:42:36.892+0000] {processor.py:179} INFO - Processing /opt/airflow/dags/binance_daily_dag.py took 2.958 seconds
[2026-06-18T08:43:07.478+0000] {processor.py:157} INFO - Started process (PID=945) to work on /opt/airflow/dags/binance_daily_dag.py
[2026-06-18T08:43:07.479+0000] {processor.py:829} INFO - Processing file /opt/airflow/dags/binance_daily_dag.py for tasks to queue
[2026-06-18T08:43:07.480+0000] {logging_mixin.py:151} INFO - [2026-06-18T08:43:07.479+0000] {dagbag.py:539} INFO - Filling up the DagBag from /opt/airflow/dags/binance_daily_dag.py
[2026-06-18T08:43:09.585+0000] {processor.py:839} INFO - DAG(s) dict_keys(['daily_crypto_bilstm_pipeline']) retrieved from /opt/airflow/dags/binance_daily_dag.py
[2026-06-18T08:43:09.603+0000] {logging_mixin.py:151} INFO - [2026-06-18T08:43:09.602+0000] {dag.py:2915} INFO - Sync 1 DAGs
[2026-06-18T08:43:09.619+0000] {logging_mixin.py:151} INFO - [2026-06-18T08:43:09.618+0000] {dag.py:3696} INFO - Setting next_dagrun for daily_crypto_bilstm_pipeline to 2026-06-16T17:02:00+00:00, run_after=2026-06-17T17:02:00+00:00
[2026-06-18T08:43:09.677+0000] {processor.py:179} INFO - Processing /opt/airflow/dags/binance_daily_dag.py took 2.203 seconds
[2026-06-18T08:43:39.803+0000] {processor.py:157} INFO - Started process (PID=978) to work on /opt/airflow/dags/binance_daily_dag.py
[2026-06-18T08:43:39.804+0000] {processor.py:829} INFO - Processing file /opt/airflow/dags/binance_daily_dag.py for tasks to queue
[2026-06-18T08:43:39.805+0000] {logging_mixin.py:151} INFO - [2026-06-18T08:43:39.805+0000] {dagbag.py:539} INFO - Filling up the DagBag from /opt/airflow/dags/binance_daily_dag.py
[2026-06-18T08:43:41.793+0000] {processor.py:839} INFO - DAG(s) dict_keys(['daily_crypto_bilstm_pipeline']) retrieved from /opt/airflow/dags/binance_daily_dag.py
[2026-06-18T08:43:41.812+0000] {logging_mixin.py:151} INFO - [2026-06-18T08:43:41.811+0000] {dag.py:2915} INFO - Sync 1 DAGs
[2026-06-18T08:43:41.829+0000] {logging_mixin.py:151} INFO - [2026-06-18T08:43:41.829+0000] {dag.py:3696} INFO - Setting next_dagrun for daily_crypto_bilstm_pipeline to 2026-06-16T17:02:00+00:00, run_after=2026-06-17T17:02:00+00:00
[2026-06-18T08:43:41.848+0000] {processor.py:179} INFO - Processing /opt/airflow/dags/binance_daily_dag.py took 2.048 seconds
[2026-06-18T08:44:12.116+0000] {processor.py:157} INFO - Started process (PID=1011) to work on /opt/airflow/dags/binance_daily_dag.py
[2026-06-18T08:44:12.117+0000] {processor.py:829} INFO - Processing file /opt/airflow/dags/binance_daily_dag.py for tasks to queue
[2026-06-18T08:44:12.120+0000] {logging_mixin.py:151} INFO - [2026-06-18T08:44:12.119+0000] {dagbag.py:539} INFO - Filling up the DagBag from /opt/airflow/dags/binance_daily_dag.py
[2026-06-18T08:44:14.175+0000] {processor.py:839} INFO - DAG(s) dict_keys(['daily_crypto_bilstm_pipeline']) retrieved from /opt/airflow/dags/binance_daily_dag.py
[2026-06-18T08:44:14.194+0000] {logging_mixin.py:151} INFO - [2026-06-18T08:44:14.194+0000] {dag.py:2915} INFO - Sync 1 DAGs
[2026-06-18T08:44:14.210+0000] {logging_mixin.py:151} INFO - [2026-06-18T08:44:14.210+0000] {dag.py:3696} INFO - Setting next_dagrun for daily_crypto_bilstm_pipeline to 2026-06-16T17:02:00+00:00, run_after=2026-06-17T17:02:00+00:00
[2026-06-18T08:44:14.270+0000] {processor.py:179} INFO - Processing /opt/airflow/dags/binance_daily_dag.py took 2.158 seconds
[2026-06-18T08:44:44.572+0000] {processor.py:157} INFO - Started process (PID=1044) to work on /opt/airflow/dags/binance_daily_dag.py
[2026-06-18T08:44:44.574+0000] {processor.py:829} INFO - Processing file /opt/airflow/dags/binance_daily_dag.py for tasks to queue
[2026-06-18T08:44:44.575+0000] {logging_mixin.py:151} INFO - [2026-06-18T08:44:44.574+0000] {dagbag.py:539} INFO - Filling up the DagBag from /opt/airflow/dags/binance_daily_dag.py
[2026-06-18T08:44:46.780+0000] {processor.py:839} INFO - DAG(s) dict_keys(['daily_crypto_bilstm_pipeline']) retrieved from /opt/airflow/dags/binance_daily_dag.py
[2026-06-18T08:44:46.801+0000] {logging_mixin.py:151} INFO - [2026-06-18T08:44:46.801+0000] {dag.py:2915} INFO - Sync 1 DAGs
[2026-06-18T08:44:46.823+0000] {logging_mixin.py:151} INFO - [2026-06-18T08:44:46.822+0000] {dag.py:3696} INFO - Setting next_dagrun for daily_crypto_bilstm_pipeline to 2026-06-16T17:02:00+00:00, run_after=2026-06-17T17:02:00+00:00
[2026-06-18T08:44:46.881+0000] {processor.py:179} INFO - Processing /opt/airflow/dags/binance_daily_dag.py took 2.311 seconds
[2026-06-18T08:45:17.409+0000] {processor.py:157} INFO - Started process (PID=1077) to work on /opt/airflow/dags/binance_daily_dag.py
[2026-06-18T08:45:17.410+0000] {processor.py:829} INFO - Processing file /opt/airflow/dags/binance_daily_dag.py for tasks to queue
[2026-06-18T08:45:17.412+0000] {logging_mixin.py:151} INFO - [2026-06-18T08:45:17.411+0000] {dagbag.py:539} INFO - Filling up the DagBag from /opt/airflow/dags/binance_daily_dag.py
[2026-06-18T08:45:19.590+0000] {processor.py:839} INFO - DAG(s) dict_keys(['daily_crypto_bilstm_pipeline']) retrieved from /opt/airflow/dags/binance_daily_dag.py
[2026-06-18T08:45:19.610+0000] {logging_mixin.py:151} INFO - [2026-06-18T08:45:19.609+0000] {dag.py:2915} INFO - Sync 1 DAGs
[2026-06-18T08:45:19.628+0000] {logging_mixin.py:151} INFO - [2026-06-18T08:45:19.628+0000] {dag.py:3696} INFO - Setting next_dagrun for daily_crypto_bilstm_pipeline to 2026-06-16T17:02:00+00:00, run_after=2026-06-17T17:02:00+00:00
[2026-06-18T08:45:19.683+0000] {processor.py:179} INFO - Processing /opt/airflow/dags/binance_daily_dag.py took 2.279 seconds
[2026-06-18T08:45:50.002+0000] {processor.py:157} INFO - Started process (PID=1110) to work on /opt/airflow/dags/binance_daily_dag.py
[2026-06-18T08:45:50.003+0000] {processor.py:829} INFO - Processing file /opt/airflow/dags/binance_daily_dag.py for tasks to queue
[2026-06-18T08:45:50.004+0000] {logging_mixin.py:151} INFO - [2026-06-18T08:45:50.003+0000] {dagbag.py:539} INFO - Filling up the DagBag from /opt/airflow/dags/binance_daily_dag.py
[2026-06-18T08:45:52.342+0000] {processor.py:839} INFO - DAG(s) dict_keys(['daily_crypto_bilstm_pipeline']) retrieved from /opt/airflow/dags/binance_daily_dag.py
[2026-06-18T08:45:52.371+0000] {logging_mixin.py:151} INFO - [2026-06-18T08:45:52.370+0000] {dag.py:2915} INFO - Sync 1 DAGs
[2026-06-18T08:45:52.390+0000] {logging_mixin.py:151} INFO - [2026-06-18T08:45:52.390+0000] {dag.py:3696} INFO - Setting next_dagrun for daily_crypto_bilstm_pipeline to 2026-06-16T17:02:00+00:00, run_after=2026-06-17T17:02:00+00:00
[2026-06-18T08:45:52.422+0000] {processor.py:179} INFO - Processing /opt/airflow/dags/binance_daily_dag.py took 2.424 seconds
[2026-06-18T08:46:22.647+0000] {processor.py:157} INFO - Started process (PID=1143) to work on /opt/airflow/dags/binance_daily_dag.py
[2026-06-18T08:46:22.648+0000] {processor.py:829} INFO - Processing file /opt/airflow/dags/binance_daily_dag.py for tasks to queue
[2026-06-18T08:46:22.649+0000] {logging_mixin.py:151} INFO - [2026-06-18T08:46:22.649+0000] {dagbag.py:539} INFO - Filling up the DagBag from /opt/airflow/dags/binance_daily_dag.py
[2026-06-18T08:46:25.012+0000] {processor.py:839} INFO - DAG(s) dict_keys(['daily_crypto_bilstm_pipeline']) retrieved from /opt/airflow/dags/binance_daily_dag.py
[2026-06-18T08:46:25.033+0000] {logging_mixin.py:151} INFO - [2026-06-18T08:46:25.033+0000] {dag.py:2915} INFO - Sync 1 DAGs
[2026-06-18T08:46:25.055+0000] {logging_mixin.py:151} INFO - [2026-06-18T08:46:25.055+0000] {dag.py:3696} INFO - Setting next_dagrun for daily_crypto_bilstm_pipeline to 2026-06-16T17:02:00+00:00, run_after=2026-06-17T17:02:00+00:00
[2026-06-18T08:46:25.113+0000] {processor.py:179} INFO - Processing /opt/airflow/dags/binance_daily_dag.py took 2.471 seconds
[2026-06-18T08:46:55.348+0000] {processor.py:157} INFO - Started process (PID=1206) to work on /opt/airflow/dags/binance_daily_dag.py
[2026-06-18T08:46:55.349+0000] {processor.py:829} INFO - Processing file /opt/airflow/dags/binance_daily_dag.py for tasks to queue
[2026-06-18T08:46:55.350+0000] {logging_mixin.py:151} INFO - [2026-06-18T08:46:55.349+0000] {dagbag.py:539} INFO - Filling up the DagBag from /opt/airflow/dags/binance_daily_dag.py
[2026-06-18T08:46:57.582+0000] {processor.py:839} INFO - DAG(s) dict_keys(['daily_crypto_bilstm_pipeline']) retrieved from /opt/airflow/dags/binance_daily_dag.py
[2026-06-18T08:46:57.603+0000] {logging_mixin.py:151} INFO - [2026-06-18T08:46:57.602+0000] {dag.py:2915} INFO - Sync 1 DAGs
[2026-06-18T08:46:57.621+0000] {logging_mixin.py:151} INFO - [2026-06-18T08:46:57.621+0000] {dag.py:3696} INFO - Setting next_dagrun for daily_crypto_bilstm_pipeline to 2026-06-16T17:02:00+00:00, run_after=2026-06-17T17:02:00+00:00
[2026-06-18T08:46:57.638+0000] {processor.py:179} INFO - Processing /opt/airflow/dags/binance_daily_dag.py took 2.294 seconds
[2026-06-18T08:47:28.527+0000] {processor.py:157} INFO - Started process (PID=1244) to work on /opt/airflow/dags/binance_daily_dag.py
[2026-06-18T08:47:28.528+0000] {processor.py:829} INFO - Processing file /opt/airflow/dags/binance_daily_dag.py for tasks to queue
[2026-06-18T08:47:28.529+0000] {logging_mixin.py:151} INFO - [2026-06-18T08:47:28.529+0000] {dagbag.py:539} INFO - Filling up the DagBag from /opt/airflow/dags/binance_daily_dag.py
[2026-06-18T08:47:30.793+0000] {processor.py:839} INFO - DAG(s) dict_keys(['daily_crypto_bilstm_pipeline']) retrieved from /opt/airflow/dags/binance_daily_dag.py
[2026-06-18T08:47:30.813+0000] {logging_mixin.py:151} INFO - [2026-06-18T08:47:30.812+0000] {dag.py:2915} INFO - Sync 1 DAGs
[2026-06-18T08:47:30.829+0000] {logging_mixin.py:151} INFO - [2026-06-18T08:47:30.829+0000] {dag.py:3696} INFO - Setting next_dagrun for daily_crypto_bilstm_pipeline to 2026-06-16T17:02:00+00:00, run_after=2026-06-17T17:02:00+00:00
[2026-06-18T08:47:30.887+0000] {processor.py:179} INFO - Processing /opt/airflow/dags/binance_daily_dag.py took 2.364 seconds
[2026-06-18T08:48:01.219+0000] {processor.py:157} INFO - Started process (PID=1277) to work on /opt/airflow/dags/binance_daily_dag.py
[2026-06-18T08:48:01.220+0000] {processor.py:829} INFO - Processing file /opt/airflow/dags/binance_daily_dag.py for tasks to queue
[2026-06-18T08:48:01.222+0000] {logging_mixin.py:151} INFO - [2026-06-18T08:48:01.221+0000] {dagbag.py:539} INFO - Filling up the DagBag from /opt/airflow/dags/binance_daily_dag.py
[2026-06-18T08:48:03.504+0000] {processor.py:839} INFO - DAG(s) dict_keys(['daily_crypto_bilstm_pipeline']) retrieved from /opt/airflow/dags/binance_daily_dag.py
[2026-06-18T08:48:03.525+0000] {logging_mixin.py:151} INFO - [2026-06-18T08:48:03.524+0000] {dag.py:2915} INFO - Sync 1 DAGs
[2026-06-18T08:48:03.543+0000] {logging_mixin.py:151} INFO - [2026-06-18T08:48:03.543+0000] {dag.py:3696} INFO - Setting next_dagrun for daily_crypto_bilstm_pipeline to 2026-06-16T17:02:00+00:00, run_after=2026-06-17T17:02:00+00:00
[2026-06-18T08:48:03.563+0000] {processor.py:179} INFO - Processing /opt/airflow/dags/binance_daily_dag.py took 2.348 seconds
[2026-06-18T08:48:33.900+0000] {processor.py:157} INFO - Started process (PID=1310) to work on /opt/airflow/dags/binance_daily_dag.py
[2026-06-18T08:48:33.901+0000] {processor.py:829} INFO - Processing file /opt/airflow/dags/binance_daily_dag.py for tasks to queue
[2026-06-18T08:48:33.902+0000] {logging_mixin.py:151} INFO - [2026-06-18T08:48:33.902+0000] {dagbag.py:539} INFO - Filling up the DagBag from /opt/airflow/dags/binance_daily_dag.py
[2026-06-18T08:48:36.955+0000] {processor.py:839} INFO - DAG(s) dict_keys(['daily_crypto_bilstm_pipeline']) retrieved from /opt/airflow/dags/binance_daily_dag.py
[2026-06-18T08:48:36.975+0000] {logging_mixin.py:151} INFO - [2026-06-18T08:48:36.974+0000] {dag.py:2915} INFO - Sync 1 DAGs
[2026-06-18T08:48:36.997+0000] {logging_mixin.py:151} INFO - [2026-06-18T08:48:36.996+0000] {dag.py:3696} INFO - Setting next_dagrun for daily_crypto_bilstm_pipeline to 2026-06-16T17:02:00+00:00, run_after=2026-06-17T17:02:00+00:00
[2026-06-18T08:48:37.056+0000] {processor.py:179} INFO - Processing /opt/airflow/dags/binance_daily_dag.py took 3.161 seconds
[2026-06-18T08:49:07.484+0000] {processor.py:157} INFO - Started process (PID=1343) to work on /opt/airflow/dags/binance_daily_dag.py
[2026-06-18T08:49:07.487+0000] {processor.py:829} INFO - Processing file /opt/airflow/dags/binance_daily_dag.py for tasks to queue
[2026-06-18T08:49:07.490+0000] {logging_mixin.py:151} INFO - [2026-06-18T08:49:07.489+0000] {dagbag.py:539} INFO - Filling up the DagBag from /opt/airflow/dags/binance_daily_dag.py
[2026-06-18T08:49:11.980+0000] {processor.py:839} INFO - DAG(s) dict_keys(['daily_crypto_bilstm_pipeline']) retrieved from /opt/airflow/dags/binance_daily_dag.py
[2026-06-18T08:49:12.045+0000] {logging_mixin.py:151} INFO - [2026-06-18T08:49:12.042+0000] {dag.py:2915} INFO - Sync 1 DAGs
[2026-06-18T08:49:12.093+0000] {logging_mixin.py:151} INFO - [2026-06-18T08:49:12.093+0000] {dag.py:3696} INFO - Setting next_dagrun for daily_crypto_bilstm_pipeline to 2026-06-16T17:02:00+00:00, run_after=2026-06-17T17:02:00+00:00
[2026-06-18T08:49:12.126+0000] {processor.py:179} INFO - Processing /opt/airflow/dags/binance_daily_dag.py took 4.649 seconds
[2026-06-18T08:49:42.340+0000] {processor.py:157} INFO - Started process (PID=1377) to work on /opt/airflow/dags/binance_daily_dag.py
[2026-06-18T08:49:42.342+0000] {processor.py:829} INFO - Processing file /opt/airflow/dags/binance_daily_dag.py for tasks to queue
[2026-06-18T08:49:42.343+0000] {logging_mixin.py:151} INFO - [2026-06-18T08:49:42.343+0000] {dagbag.py:539} INFO - Filling up the DagBag from /opt/airflow/dags/binance_daily_dag.py
[2026-06-18T08:49:46.888+0000] {processor.py:839} INFO - DAG(s) dict_keys(['daily_crypto_bilstm_pipeline']) retrieved from /opt/airflow/dags/binance_daily_dag.py
[2026-06-18T08:49:46.924+0000] {logging_mixin.py:151} INFO - [2026-06-18T08:49:46.923+0000] {dag.py:2915} INFO - Sync 1 DAGs
[2026-06-18T08:49:46.958+0000] {logging_mixin.py:151} INFO - [2026-06-18T08:49:46.958+0000] {dag.py:3696} INFO - Setting next_dagrun for daily_crypto_bilstm_pipeline to 2026-06-16T17:02:00+00:00, run_after=2026-06-17T17:02:00+00:00
[2026-06-18T08:49:46.990+0000] {processor.py:179} INFO - Processing /opt/airflow/dags/binance_daily_dag.py took 4.656 seconds
[2026-06-18T08:50:17.327+0000] {processor.py:157} INFO - Started process (PID=1410) to work on /opt/airflow/dags/binance_daily_dag.py
[2026-06-18T08:50:17.329+0000] {processor.py:829} INFO - Processing file /opt/airflow/dags/binance_daily_dag.py for tasks to queue
[2026-06-18T08:50:17.331+0000] {logging_mixin.py:151} INFO - [2026-06-18T08:50:17.330+0000] {dagbag.py:539} INFO - Filling up the DagBag from /opt/airflow/dags/binance_daily_dag.py
[2026-06-18T08:50:22.346+0000] {processor.py:839} INFO - DAG(s) dict_keys(['daily_crypto_bilstm_pipeline']) retrieved from /opt/airflow/dags/binance_daily_dag.py
[2026-06-18T08:50:22.421+0000] {logging_mixin.py:151} INFO - [2026-06-18T08:50:22.420+0000] {dag.py:2915} INFO - Sync 1 DAGs
[2026-06-18T08:50:22.480+0000] {logging_mixin.py:151} INFO - [2026-06-18T08:50:22.480+0000] {dag.py:3696} INFO - Setting next_dagrun for daily_crypto_bilstm_pipeline to 2026-06-16T17:02:00+00:00, run_after=2026-06-17T17:02:00+00:00
[2026-06-18T08:50:22.519+0000] {processor.py:179} INFO - Processing /opt/airflow/dags/binance_daily_dag.py took 5.201 seconds
[2026-06-18T08:50:52.878+0000] {processor.py:157} INFO - Started process (PID=1443) to work on /opt/airflow/dags/binance_daily_dag.py
[2026-06-18T08:50:52.879+0000] {processor.py:829} INFO - Processing file /opt/airflow/dags/binance_daily_dag.py for tasks to queue
[2026-06-18T08:50:52.881+0000] {logging_mixin.py:151} INFO - [2026-06-18T08:50:52.881+0000] {dagbag.py:539} INFO - Filling up the DagBag from /opt/airflow/dags/binance_daily_dag.py
[2026-06-18T08:50:55.455+0000] {processor.py:839} INFO - DAG(s) dict_keys(['daily_crypto_bilstm_pipeline']) retrieved from /opt/airflow/dags/binance_daily_dag.py
[2026-06-18T08:50:55.477+0000] {logging_mixin.py:151} INFO - [2026-06-18T08:50:55.477+0000] {dag.py:2915} INFO - Sync 1 DAGs
[2026-06-18T08:50:55.495+0000] {logging_mixin.py:151} INFO - [2026-06-18T08:50:55.495+0000] {dag.py:3696} INFO - Setting next_dagrun for daily_crypto_bilstm_pipeline to 2026-06-16T17:02:00+00:00, run_after=2026-06-17T17:02:00+00:00
[2026-06-18T08:50:55.563+0000] {processor.py:179} INFO - Processing /opt/airflow/dags/binance_daily_dag.py took 2.688 seconds
[2026-06-18T08:51:25.926+0000] {processor.py:157} INFO - Started process (PID=1483) to work on /opt/airflow/dags/binance_daily_dag.py
[2026-06-18T08:51:25.929+0000] {processor.py:829} INFO - Processing file /opt/airflow/dags/binance_daily_dag.py for tasks to queue
[2026-06-18T08:51:25.935+0000] {logging_mixin.py:151} INFO - [2026-06-18T08:51:25.933+0000] {dagbag.py:539} INFO - Filling up the DagBag from /opt/airflow/dags/binance_daily_dag.py
[2026-06-18T08:51:31.346+0000] {processor.py:839} INFO - DAG(s) dict_keys(['daily_crypto_bilstm_pipeline']) retrieved from /opt/airflow/dags/binance_daily_dag.py
[2026-06-18T08:51:31.412+0000] {logging_mixin.py:151} INFO - [2026-06-18T08:51:31.412+0000] {dag.py:2915} INFO - Sync 1 DAGs
[2026-06-18T08:51:31.452+0000] {logging_mixin.py:151} INFO - [2026-06-18T08:51:31.452+0000] {dag.py:3696} INFO - Setting next_dagrun for daily_crypto_bilstm_pipeline to 2026-06-16T17:02:00+00:00, run_after=2026-06-17T17:02:00+00:00
[2026-06-18T08:51:31.526+0000] {processor.py:179} INFO - Processing /opt/airflow/dags/binance_daily_dag.py took 5.606 seconds
[2026-06-18T08:52:02.155+0000] {processor.py:157} INFO - Started process (PID=1522) to work on /opt/airflow/dags/binance_daily_dag.py
[2026-06-18T08:52:02.157+0000] {processor.py:829} INFO - Processing file /opt/airflow/dags/binance_daily_dag.py for tasks to queue
[2026-06-18T08:52:02.159+0000] {logging_mixin.py:151} INFO - [2026-06-18T08:52:02.159+0000] {dagbag.py:539} INFO - Filling up the DagBag from /opt/airflow/dags/binance_daily_dag.py
[2026-06-18T08:52:05.943+0000] {processor.py:839} INFO - DAG(s) dict_keys(['daily_crypto_bilstm_pipeline']) retrieved from /opt/airflow/dags/binance_daily_dag.py
[2026-06-18T08:52:05.974+0000] {logging_mixin.py:151} INFO - [2026-06-18T08:52:05.973+0000] {dag.py:2915} INFO - Sync 1 DAGs
[2026-06-18T08:52:06.010+0000] {logging_mixin.py:151} INFO - [2026-06-18T08:52:06.010+0000] {dag.py:3696} INFO - Setting next_dagrun for daily_crypto_bilstm_pipeline to 2026-06-16T17:02:00+00:00, run_after=2026-06-17T17:02:00+00:00
[2026-06-18T08:52:06.050+0000] {processor.py:179} INFO - Processing /opt/airflow/dags/binance_daily_dag.py took 3.901 seconds
[2026-06-18T08:52:36.642+0000] {processor.py:157} INFO - Started process (PID=1555) to work on /opt/airflow/dags/binance_daily_dag.py
[2026-06-18T08:52:36.644+0000] {processor.py:829} INFO - Processing file /opt/airflow/dags/binance_daily_dag.py for tasks to queue
[2026-06-18T08:52:36.646+0000] {logging_mixin.py:151} INFO - [2026-06-18T08:52:36.645+0000] {dagbag.py:539} INFO - Filling up the DagBag from /opt/airflow/dags/binance_daily_dag.py
[2026-06-18T08:52:40.330+0000] {processor.py:839} INFO - DAG(s) dict_keys(['daily_crypto_bilstm_pipeline']) retrieved from /opt/airflow/dags/binance_daily_dag.py
[2026-06-18T08:52:40.362+0000] {logging_mixin.py:151} INFO - [2026-06-18T08:52:40.361+0000] {dag.py:2915} INFO - Sync 1 DAGs
[2026-06-18T08:52:40.390+0000] {logging_mixin.py:151} INFO - [2026-06-18T08:52:40.389+0000] {dag.py:3696} INFO - Setting next_dagrun for daily_crypto_bilstm_pipeline to 2026-06-16T17:02:00+00:00, run_after=2026-06-17T17:02:00+00:00
[2026-06-18T08:52:40.427+0000] {processor.py:179} INFO - Processing /opt/airflow/dags/binance_daily_dag.py took 3.790 seconds
[2026-06-18T08:53:10.922+0000] {processor.py:157} INFO - Started process (PID=1588) to work on /opt/airflow/dags/binance_daily_dag.py
[2026-06-18T08:53:10.931+0000] {processor.py:829} INFO - Processing file /opt/airflow/dags/binance_daily_dag.py for tasks to queue
[2026-06-18T08:53:10.934+0000] {logging_mixin.py:151} INFO - [2026-06-18T08:53:10.933+0000] {dagbag.py:539} INFO - Filling up the DagBag from /opt/airflow/dags/binance_daily_dag.py
[2026-06-18T08:53:16.259+0000] {processor.py:839} INFO - DAG(s) dict_keys(['daily_crypto_bilstm_pipeline']) retrieved from /opt/airflow/dags/binance_daily_dag.py
[2026-06-18T08:53:16.396+0000] {logging_mixin.py:151} INFO - [2026-06-18T08:53:16.395+0000] {dag.py:2915} INFO - Sync 1 DAGs
[2026-06-18T08:53:16.437+0000] {logging_mixin.py:151} INFO - [2026-06-18T08:53:16.437+0000] {dag.py:3696} INFO - Setting next_dagrun for daily_crypto_bilstm_pipeline to 2026-06-16T17:02:00+00:00, run_after=2026-06-17T17:02:00+00:00
[2026-06-18T08:53:16.471+0000] {processor.py:179} INFO - Processing /opt/airflow/dags/binance_daily_dag.py took 5.607 seconds
[2026-06-18T08:53:47.135+0000] {processor.py:157} INFO - Started process (PID=1621) to work on /opt/airflow/dags/binance_daily_dag.py
[2026-06-18T08:53:47.136+0000] {processor.py:829} INFO - Processing file /opt/airflow/dags/binance_daily_dag.py for tasks to queue
[2026-06-18T08:53:47.138+0000] {logging_mixin.py:151} INFO - [2026-06-18T08:53:47.137+0000] {dagbag.py:539} INFO - Filling up the DagBag from /opt/airflow/dags/binance_daily_dag.py
[2026-06-18T08:53:54.738+0000] {processor.py:839} INFO - DAG(s) dict_keys(['daily_crypto_bilstm_pipeline']) retrieved from /opt/airflow/dags/binance_daily_dag.py
[2026-06-18T08:53:54.768+0000] {logging_mixin.py:151} INFO - [2026-06-18T08:53:54.768+0000] {dag.py:2915} INFO - Sync 1 DAGs
[2026-06-18T08:53:54.788+0000] {logging_mixin.py:151} INFO - [2026-06-18T08:53:54.788+0000] {dag.py:3696} INFO - Setting next_dagrun for daily_crypto_bilstm_pipeline to 2026-06-16T17:02:00+00:00, run_after=2026-06-17T17:02:00+00:00
[2026-06-18T08:53:54.814+0000] {processor.py:179} INFO - Processing /opt/airflow/dags/binance_daily_dag.py took 7.683 seconds
[2026-06-18T08:54:25.230+0000] {processor.py:157} INFO - Started process (PID=1654) to work on /opt/airflow/dags/binance_daily_dag.py
[2026-06-18T08:54:25.233+0000] {processor.py:829} INFO - Processing file /opt/airflow/dags/binance_daily_dag.py for tasks to queue
[2026-06-18T08:54:25.235+0000] {logging_mixin.py:151} INFO - [2026-06-18T08:54:25.234+0000] {dagbag.py:539} INFO - Filling up the DagBag from /opt/airflow/dags/binance_daily_dag.py
[2026-06-18T08:54:28.431+0000] {processor.py:839} INFO - DAG(s) dict_keys(['daily_crypto_bilstm_pipeline']) retrieved from /opt/airflow/dags/binance_daily_dag.py
[2026-06-18T08:54:28.463+0000] {logging_mixin.py:151} INFO - [2026-06-18T08:54:28.462+0000] {dag.py:2915} INFO - Sync 1 DAGs
[2026-06-18T08:54:28.489+0000] {logging_mixin.py:151} INFO - [2026-06-18T08:54:28.488+0000] {dag.py:3696} INFO - Setting next_dagrun for daily_crypto_bilstm_pipeline to 2026-06-16T17:02:00+00:00, run_after=2026-06-17T17:02:00+00:00
[2026-06-18T08:54:28.516+0000] {processor.py:179} INFO - Processing /opt/airflow/dags/binance_daily_dag.py took 3.291 seconds
[2026-06-18T08:54:58.775+0000] {processor.py:157} INFO - Started process (PID=1687) to work on /opt/airflow/dags/binance_daily_dag.py
[2026-06-18T08:54:58.776+0000] {processor.py:829} INFO - Processing file /opt/airflow/dags/binance_daily_dag.py for tasks to queue
[2026-06-18T08:54:58.777+0000] {logging_mixin.py:151} INFO - [2026-06-18T08:54:58.777+0000] {dagbag.py:539} INFO - Filling up the DagBag from /opt/airflow/dags/binance_daily_dag.py
[2026-06-18T08:55:01.827+0000] {processor.py:839} INFO - DAG(s) dict_keys(['daily_crypto_bilstm_pipeline']) retrieved from /opt/airflow/dags/binance_daily_dag.py
[2026-06-18T08:55:01.861+0000] {logging_mixin.py:151} INFO - [2026-06-18T08:55:01.861+0000] {dag.py:2915} INFO - Sync 1 DAGs
[2026-06-18T08:55:01.887+0000] {logging_mixin.py:151} INFO - [2026-06-18T08:55:01.887+0000] {dag.py:3696} INFO - Setting next_dagrun for daily_crypto_bilstm_pipeline to 2026-06-16T17:02:00+00:00, run_after=2026-06-17T17:02:00+00:00
[2026-06-18T08:55:01.912+0000] {processor.py:179} INFO - Processing /opt/airflow/dags/binance_daily_dag.py took 3.141 seconds
[2026-06-18T08:55:32.039+0000] {processor.py:157} INFO - Started process (PID=1720) to work on /opt/airflow/dags/binance_daily_dag.py
[2026-06-18T08:55:32.040+0000] {processor.py:829} INFO - Processing file /opt/airflow/dags/binance_daily_dag.py for tasks to queue
[2026-06-18T08:55:32.041+0000] {logging_mixin.py:151} INFO - [2026-06-18T08:55:32.041+0000] {dagbag.py:539} INFO - Filling up the DagBag from /opt/airflow/dags/binance_daily_dag.py
[2026-06-18T08:55:34.628+0000] {processor.py:839} INFO - DAG(s) dict_keys(['daily_crypto_bilstm_pipeline']) retrieved from /opt/airflow/dags/binance_daily_dag.py
[2026-06-18T08:55:34.651+0000] {logging_mixin.py:151} INFO - [2026-06-18T08:55:34.650+0000] {dag.py:2915} INFO - Sync 1 DAGs
[2026-06-18T08:55:34.673+0000] {logging_mixin.py:151} INFO - [2026-06-18T08:55:34.673+0000] {dag.py:3696} INFO - Setting next_dagrun for daily_crypto_bilstm_pipeline to 2026-06-16T17:02:00+00:00, run_after=2026-06-17T17:02:00+00:00
[2026-06-18T08:55:34.697+0000] {processor.py:179} INFO - Processing /opt/airflow/dags/binance_daily_dag.py took 2.661 seconds
[2026-06-18T08:56:04.960+0000] {processor.py:157} INFO - Started process (PID=1761) to work on /opt/airflow/dags/binance_daily_dag.py
[2026-06-18T08:56:04.961+0000] {processor.py:829} INFO - Processing file /opt/airflow/dags/binance_daily_dag.py for tasks to queue
[2026-06-18T08:56:04.962+0000] {logging_mixin.py:151} INFO - [2026-06-18T08:56:04.962+0000] {dagbag.py:539} INFO - Filling up the DagBag from /opt/airflow/dags/binance_daily_dag.py
[2026-06-18T08:56:07.551+0000] {processor.py:839} INFO - DAG(s) dict_keys(['daily_crypto_bilstm_pipeline']) retrieved from /opt/airflow/dags/binance_daily_dag.py
[2026-06-18T08:56:07.579+0000] {logging_mixin.py:151} INFO - [2026-06-18T08:56:07.578+0000] {dag.py:2915} INFO - Sync 1 DAGs
[2026-06-18T08:56:07.603+0000] {logging_mixin.py:151} INFO - [2026-06-18T08:56:07.603+0000] {dag.py:3696} INFO - Setting next_dagrun for daily_crypto_bilstm_pipeline to 2026-06-16T17:02:00+00:00, run_after=2026-06-17T17:02:00+00:00
[2026-06-18T08:56:07.627+0000] {processor.py:179} INFO - Processing /opt/airflow/dags/binance_daily_dag.py took 2.671 seconds
[2026-06-18T08:56:38.346+0000] {processor.py:157} INFO - Started process (PID=1799) to work on /opt/airflow/dags/binance_daily_dag.py
[2026-06-18T08:56:38.348+0000] {processor.py:829} INFO - Processing file /opt/airflow/dags/binance_daily_dag.py for tasks to queue
[2026-06-18T08:56:38.349+0000] {logging_mixin.py:151} INFO - [2026-06-18T08:56:38.349+0000] {dagbag.py:539} INFO - Filling up the DagBag from /opt/airflow/dags/binance_daily_dag.py
[2026-06-18T08:56:40.990+0000] {processor.py:839} INFO - DAG(s) dict_keys(['daily_crypto_bilstm_pipeline']) retrieved from /opt/airflow/dags/binance_daily_dag.py
[2026-06-18T08:56:41.014+0000] {logging_mixin.py:151} INFO - [2026-06-18T08:56:41.013+0000] {dag.py:2915} INFO - Sync 1 DAGs
[2026-06-18T08:56:41.033+0000] {logging_mixin.py:151} INFO - [2026-06-18T08:56:41.033+0000] {dag.py:3696} INFO - Setting next_dagrun for daily_crypto_bilstm_pipeline to 2026-06-16T17:02:00+00:00, run_after=2026-06-17T17:02:00+00:00
[2026-06-18T08:56:41.058+0000] {processor.py:179} INFO - Processing /opt/airflow/dags/binance_daily_dag.py took 2.717 seconds
[2026-06-18T08:57:11.819+0000] {processor.py:157} INFO - Started process (PID=1832) to work on /opt/airflow/dags/binance_daily_dag.py
[2026-06-18T08:57:11.820+0000] {processor.py:829} INFO - Processing file /opt/airflow/dags/binance_daily_dag.py for tasks to queue
[2026-06-18T08:57:11.822+0000] {logging_mixin.py:151} INFO - [2026-06-18T08:57:11.821+0000] {dagbag.py:539} INFO - Filling up the DagBag from /opt/airflow/dags/binance_daily_dag.py
[2026-06-18T08:57:14.150+0000] {processor.py:839} INFO - DAG(s) dict_keys(['daily_crypto_bilstm_pipeline']) retrieved from /opt/airflow/dags/binance_daily_dag.py
[2026-06-18T08:57:14.171+0000] {logging_mixin.py:151} INFO - [2026-06-18T08:57:14.170+0000] {dag.py:2915} INFO - Sync 1 DAGs
[2026-06-18T08:57:14.196+0000] {logging_mixin.py:151} INFO - [2026-06-18T08:57:14.196+0000] {dag.py:3696} INFO - Setting next_dagrun for daily_crypto_bilstm_pipeline to 2026-06-16T17:02:00+00:00, run_after=2026-06-17T17:02:00+00:00
[2026-06-18T08:57:14.224+0000] {processor.py:179} INFO - Processing /opt/airflow/dags/binance_daily_dag.py took 2.410 seconds
[2026-06-18T08:57:44.616+0000] {processor.py:157} INFO - Started process (PID=1865) to work on /opt/airflow/dags/binance_daily_dag.py
[2026-06-18T08:57:44.617+0000] {processor.py:829} INFO - Processing file /opt/airflow/dags/binance_daily_dag.py for tasks to queue
[2026-06-18T08:57:44.618+0000] {logging_mixin.py:151} INFO - [2026-06-18T08:57:44.617+0000] {dagbag.py:539} INFO - Filling up the DagBag from /opt/airflow/dags/binance_daily_dag.py
[2026-06-18T08:57:56.264+0000] {processor.py:839} INFO - DAG(s) dict_keys(['daily_crypto_bilstm_pipeline']) retrieved from /opt/airflow/dags/binance_daily_dag.py
[2026-06-18T08:57:56.469+0000] {logging_mixin.py:151} INFO - [2026-06-18T08:57:56.469+0000] {dag.py:2915} INFO - Sync 1 DAGs
[2026-06-18T08:57:56.491+0000] {logging_mixin.py:151} INFO - [2026-06-18T08:57:56.491+0000] {dag.py:3696} INFO - Setting next_dagrun for daily_crypto_bilstm_pipeline to 2026-06-16T17:02:00+00:00, run_after=2026-06-17T17:02:00+00:00
[2026-06-18T08:57:56.745+0000] {processor.py:179} INFO - Processing /opt/airflow/dags/binance_daily_dag.py took 12.135 seconds
[2026-06-18T08:58:27.543+0000] {processor.py:157} INFO - Started process (PID=1898) to work on /opt/airflow/dags/binance_daily_dag.py
[2026-06-18T08:58:27.546+0000] {processor.py:829} INFO - Processing file /opt/airflow/dags/binance_daily_dag.py for tasks to queue
[2026-06-18T08:58:27.549+0000] {logging_mixin.py:151} INFO - [2026-06-18T08:58:27.548+0000] {dagbag.py:539} INFO - Filling up the DagBag from /opt/airflow/dags/binance_daily_dag.py
[2026-06-18T08:58:34.929+0000] {processor.py:839} INFO - DAG(s) dict_keys(['daily_crypto_bilstm_pipeline']) retrieved from /opt/airflow/dags/binance_daily_dag.py
[2026-06-18T08:58:35.097+0000] {logging_mixin.py:151} INFO - [2026-06-18T08:58:35.096+0000] {dag.py:2915} INFO - Sync 1 DAGs
[2026-06-18T08:58:35.143+0000] {logging_mixin.py:151} INFO - [2026-06-18T08:58:35.143+0000] {dag.py:3696} INFO - Setting next_dagrun for daily_crypto_bilstm_pipeline to 2026-06-16T17:02:00+00:00, run_after=2026-06-17T17:02:00+00:00
[2026-06-18T08:58:35.180+0000] {processor.py:179} INFO - Processing /opt/airflow/dags/binance_daily_dag.py took 7.652 seconds
[2026-06-18T08:59:06.240+0000] {processor.py:157} INFO - Started process (PID=1931) to work on /opt/airflow/dags/binance_daily_dag.py
[2026-06-18T08:59:06.242+0000] {processor.py:829} INFO - Processing file /opt/airflow/dags/binance_daily_dag.py for tasks to queue
[2026-06-18T08:59:06.244+0000] {logging_mixin.py:151} INFO - [2026-06-18T08:59:06.244+0000] {dagbag.py:539} INFO - Filling up the DagBag from /opt/airflow/dags/binance_daily_dag.py
[2026-06-18T08:59:13.244+0000] {processor.py:839} INFO - DAG(s) dict_keys(['daily_crypto_bilstm_pipeline']) retrieved from /opt/airflow/dags/binance_daily_dag.py
[2026-06-18T08:59:13.297+0000] {logging_mixin.py:151} INFO - [2026-06-18T08:59:13.293+0000] {dag.py:2915} INFO - Sync 1 DAGs
[2026-06-18T08:59:13.355+0000] {logging_mixin.py:151} INFO - [2026-06-18T08:59:13.355+0000] {dag.py:3696} INFO - Setting next_dagrun for daily_crypto_bilstm_pipeline to 2026-06-16T17:02:00+00:00, run_after=2026-06-17T17:02:00+00:00
[2026-06-18T08:59:13.412+0000] {processor.py:179} INFO - Processing /opt/airflow/dags/binance_daily_dag.py took 7.177 seconds
[2026-06-18T09:00:14.600+0000] {processor.py:157} INFO - Started process (PID=194) to work on /opt/airflow/dags/binance_daily_dag.py
[2026-06-18T09:00:14.601+0000] {processor.py:829} INFO - Processing file /opt/airflow/dags/binance_daily_dag.py for tasks to queue
[2026-06-18T09:00:14.602+0000] {logging_mixin.py:151} INFO - [2026-06-18T09:00:14.602+0000] {dagbag.py:539} INFO - Filling up the DagBag from /opt/airflow/dags/binance_daily_dag.py
[2026-06-18T09:00:17.230+0000] {processor.py:839} INFO - DAG(s) dict_keys(['daily_crypto_bilstm_pipeline']) retrieved from /opt/airflow/dags/binance_daily_dag.py
[2026-06-18T09:00:17.244+0000] {logging_mixin.py:151} INFO - [2026-06-18T09:00:17.243+0000] {dag.py:2915} INFO - Sync 1 DAGs
[2026-06-18T09:00:17.268+0000] {logging_mixin.py:151} INFO - [2026-06-18T09:00:17.268+0000] {dag.py:3696} INFO - Setting next_dagrun for daily_crypto_bilstm_pipeline to 2026-06-16T17:02:00+00:00, run_after=2026-06-17T17:02:00+00:00
[2026-06-18T09:00:17.292+0000] {processor.py:179} INFO - Processing /opt/airflow/dags/binance_daily_dag.py took 2.696 seconds
[2026-06-18T09:00:47.850+0000] {processor.py:157} INFO - Started process (PID=253) to work on /opt/airflow/dags/binance_daily_dag.py
[2026-06-18T09:00:47.852+0000] {processor.py:829} INFO - Processing file /opt/airflow/dags/binance_daily_dag.py for tasks to queue
[2026-06-18T09:00:47.853+0000] {logging_mixin.py:151} INFO - [2026-06-18T09:00:47.852+0000] {dagbag.py:539} INFO - Filling up the DagBag from /opt/airflow/dags/binance_daily_dag.py
[2026-06-18T09:00:50.361+0000] {processor.py:839} INFO - DAG(s) dict_keys(['daily_crypto_bilstm_pipeline']) retrieved from /opt/airflow/dags/binance_daily_dag.py
[2026-06-18T09:00:50.446+0000] {logging_mixin.py:151} INFO - [2026-06-18T09:00:50.441+0000] {dag.py:2915} INFO - Sync 1 DAGs
[2026-06-18T09:00:50.486+0000] {logging_mixin.py:151} INFO - [2026-06-18T09:00:50.486+0000] {dag.py:3696} INFO - Setting next_dagrun for daily_crypto_bilstm_pipeline to 2026-06-16T17:02:00+00:00, run_after=2026-06-17T17:02:00+00:00
[2026-06-18T09:00:50.510+0000] {processor.py:179} INFO - Processing /opt/airflow/dags/binance_daily_dag.py took 2.663 seconds
[2026-06-18T09:01:21.389+0000] {processor.py:157} INFO - Started process (PID=286) to work on /opt/airflow/dags/binance_daily_dag.py
[2026-06-18T09:01:21.390+0000] {processor.py:829} INFO - Processing file /opt/airflow/dags/binance_daily_dag.py for tasks to queue
[2026-06-18T09:01:21.391+0000] {logging_mixin.py:151} INFO - [2026-06-18T09:01:21.391+0000] {dagbag.py:539} INFO - Filling up the DagBag from /opt/airflow/dags/binance_daily_dag.py
[2026-06-18T09:01:23.652+0000] {processor.py:839} INFO - DAG(s) dict_keys(['daily_crypto_bilstm_pipeline']) retrieved from /opt/airflow/dags/binance_daily_dag.py
[2026-06-18T09:01:23.671+0000] {logging_mixin.py:151} INFO - [2026-06-18T09:01:23.671+0000] {dag.py:2915} INFO - Sync 1 DAGs
[2026-06-18T09:01:23.689+0000] {logging_mixin.py:151} INFO - [2026-06-18T09:01:23.688+0000] {dag.py:3696} INFO - Setting next_dagrun for daily_crypto_bilstm_pipeline to 2026-06-16T17:02:00+00:00, run_after=2026-06-17T17:02:00+00:00
[2026-06-18T09:01:23.746+0000] {processor.py:179} INFO - Processing /opt/airflow/dags/binance_daily_dag.py took 2.361 seconds
[2026-06-18T09:01:53.935+0000] {processor.py:157} INFO - Started process (PID=352) to work on /opt/airflow/dags/binance_daily_dag.py
[2026-06-18T09:01:53.937+0000] {processor.py:829} INFO - Processing file /opt/airflow/dags/binance_daily_dag.py for tasks to queue
[2026-06-18T09:01:53.938+0000] {logging_mixin.py:151} INFO - [2026-06-18T09:01:53.937+0000] {dagbag.py:539} INFO - Filling up the DagBag from /opt/airflow/dags/binance_daily_dag.py
[2026-06-18T09:01:56.710+0000] {processor.py:839} INFO - DAG(s) dict_keys(['daily_crypto_bilstm_pipeline']) retrieved from /opt/airflow/dags/binance_daily_dag.py
[2026-06-18T09:01:56.732+0000] {logging_mixin.py:151} INFO - [2026-06-18T09:01:56.731+0000] {dag.py:2915} INFO - Sync 1 DAGs
[2026-06-18T09:01:56.755+0000] {logging_mixin.py:151} INFO - [2026-06-18T09:01:56.755+0000] {dag.py:3696} INFO - Setting next_dagrun for daily_crypto_bilstm_pipeline to 2026-06-16T17:02:00+00:00, run_after=2026-06-17T17:02:00+00:00
[2026-06-18T09:01:56.775+0000] {processor.py:179} INFO - Processing /opt/airflow/dags/binance_daily_dag.py took 2.845 seconds
[2026-06-18T09:02:26.989+0000] {processor.py:157} INFO - Started process (PID=385) to work on /opt/airflow/dags/binance_daily_dag.py
[2026-06-18T09:02:26.990+0000] {processor.py:829} INFO - Processing file /opt/airflow/dags/binance_daily_dag.py for tasks to queue
[2026-06-18T09:02:26.991+0000] {logging_mixin.py:151} INFO - [2026-06-18T09:02:26.991+0000] {dagbag.py:539} INFO - Filling up the DagBag from /opt/airflow/dags/binance_daily_dag.py
[2026-06-18T09:02:29.243+0000] {processor.py:839} INFO - DAG(s) dict_keys(['daily_crypto_bilstm_pipeline']) retrieved from /opt/airflow/dags/binance_daily_dag.py
[2026-06-18T09:02:29.265+0000] {logging_mixin.py:151} INFO - [2026-06-18T09:02:29.265+0000] {dag.py:2915} INFO - Sync 1 DAGs
[2026-06-18T09:02:29.283+0000] {logging_mixin.py:151} INFO - [2026-06-18T09:02:29.283+0000] {dag.py:3696} INFO - Setting next_dagrun for daily_crypto_bilstm_pipeline to 2026-06-16T17:02:00+00:00, run_after=2026-06-17T17:02:00+00:00
[2026-06-18T09:02:29.341+0000] {processor.py:179} INFO - Processing /opt/airflow/dags/binance_daily_dag.py took 2.357 seconds
[2026-06-18T09:02:59.878+0000] {processor.py:157} INFO - Started process (PID=418) to work on /opt/airflow/dags/binance_daily_dag.py
[2026-06-18T09:02:59.880+0000] {processor.py:829} INFO - Processing file /opt/airflow/dags/binance_daily_dag.py for tasks to queue
[2026-06-18T09:02:59.881+0000] {logging_mixin.py:151} INFO - [2026-06-18T09:02:59.880+0000] {dagbag.py:539} INFO - Filling up the DagBag from /opt/airflow/dags/binance_daily_dag.py
[2026-06-18T09:03:02.723+0000] {processor.py:839} INFO - DAG(s) dict_keys(['daily_crypto_bilstm_pipeline']) retrieved from /opt/airflow/dags/binance_daily_dag.py
[2026-06-18T09:03:02.752+0000] {logging_mixin.py:151} INFO - [2026-06-18T09:03:02.751+0000] {dag.py:2915} INFO - Sync 1 DAGs
[2026-06-18T09:03:02.778+0000] {logging_mixin.py:151} INFO - [2026-06-18T09:03:02.777+0000] {dag.py:3696} INFO - Setting next_dagrun for daily_crypto_bilstm_pipeline to 2026-06-16T17:02:00+00:00, run_after=2026-06-17T17:02:00+00:00
[2026-06-18T09:03:02.808+0000] {processor.py:179} INFO - Processing /opt/airflow/dags/binance_daily_dag.py took 2.933 seconds
[2026-06-18T09:03:33.010+0000] {processor.py:157} INFO - Started process (PID=458) to work on /opt/airflow/dags/binance_daily_dag.py
[2026-06-18T09:03:33.011+0000] {processor.py:829} INFO - Processing file /opt/airflow/dags/binance_daily_dag.py for tasks to queue
[2026-06-18T09:03:33.012+0000] {logging_mixin.py:151} INFO - [2026-06-18T09:03:33.012+0000] {dagbag.py:539} INFO - Filling up the DagBag from /opt/airflow/dags/binance_daily_dag.py
[2026-06-18T09:03:35.415+0000] {processor.py:839} INFO - DAG(s) dict_keys(['daily_crypto_bilstm_pipeline']) retrieved from /opt/airflow/dags/binance_daily_dag.py
[2026-06-18T09:03:35.439+0000] {logging_mixin.py:151} INFO - [2026-06-18T09:03:35.439+0000] {dag.py:2915} INFO - Sync 1 DAGs
[2026-06-18T09:03:35.460+0000] {logging_mixin.py:151} INFO - [2026-06-18T09:03:35.460+0000] {dag.py:3696} INFO - Setting next_dagrun for daily_crypto_bilstm_pipeline to 2026-06-16T17:02:00+00:00, run_after=2026-06-17T17:02:00+00:00
[2026-06-18T09:03:35.485+0000] {processor.py:179} INFO - Processing /opt/airflow/dags/binance_daily_dag.py took 2.479 seconds
[2026-06-18T09:04:06.811+0000] {processor.py:157} INFO - Started process (PID=491) to work on /opt/airflow/dags/binance_daily_dag.py
[2026-06-18T09:04:06.813+0000] {processor.py:829} INFO - Processing file /opt/airflow/dags/binance_daily_dag.py for tasks to queue
[2026-06-18T09:04:06.814+0000] {logging_mixin.py:151} INFO - [2026-06-18T09:04:06.813+0000] {dagbag.py:539} INFO - Filling up the DagBag from /opt/airflow/dags/binance_daily_dag.py
[2026-06-18T09:04:09.329+0000] {processor.py:839} INFO - DAG(s) dict_keys(['daily_crypto_bilstm_pipeline']) retrieved from /opt/airflow/dags/binance_daily_dag.py
[2026-06-18T09:04:09.350+0000] {logging_mixin.py:151} INFO - [2026-06-18T09:04:09.349+0000] {dag.py:2915} INFO - Sync 1 DAGs
[2026-06-18T09:04:09.371+0000] {logging_mixin.py:151} INFO - [2026-06-18T09:04:09.371+0000] {dag.py:3696} INFO - Setting next_dagrun for daily_crypto_bilstm_pipeline to 2026-06-16T17:02:00+00:00, run_after=2026-06-17T17:02:00+00:00
[2026-06-18T09:04:09.433+0000] {processor.py:179} INFO - Processing /opt/airflow/dags/binance_daily_dag.py took 2.625 seconds
[2026-06-18T09:04:40.948+0000] {processor.py:157} INFO - Started process (PID=524) to work on /opt/airflow/dags/binance_daily_dag.py
[2026-06-18T09:04:40.950+0000] {processor.py:829} INFO - Processing file /opt/airflow/dags/binance_daily_dag.py for tasks to queue
[2026-06-18T09:04:40.951+0000] {logging_mixin.py:151} INFO - [2026-06-18T09:04:40.950+0000] {dagbag.py:539} INFO - Filling up the DagBag from /opt/airflow/dags/binance_daily_dag.py
[2026-06-18T09:04:43.523+0000] {processor.py:839} INFO - DAG(s) dict_keys(['daily_crypto_bilstm_pipeline']) retrieved from /opt/airflow/dags/binance_daily_dag.py
[2026-06-18T09:04:43.544+0000] {logging_mixin.py:151} INFO - [2026-06-18T09:04:43.544+0000] {dag.py:2915} INFO - Sync 1 DAGs
[2026-06-18T09:04:43.567+0000] {logging_mixin.py:151} INFO - [2026-06-18T09:04:43.567+0000] {dag.py:3696} INFO - Setting next_dagrun for daily_crypto_bilstm_pipeline to 2026-06-16T17:02:00+00:00, run_after=2026-06-17T17:02:00+00:00
[2026-06-18T09:04:43.593+0000] {processor.py:179} INFO - Processing /opt/airflow/dags/binance_daily_dag.py took 2.649 seconds
[2026-06-18T09:05:14.380+0000] {processor.py:157} INFO - Started process (PID=557) to work on /opt/airflow/dags/binance_daily_dag.py
[2026-06-18T09:05:14.382+0000] {processor.py:829} INFO - Processing file /opt/airflow/dags/binance_daily_dag.py for tasks to queue
[2026-06-18T09:05:14.383+0000] {logging_mixin.py:151} INFO - [2026-06-18T09:05:14.382+0000] {dagbag.py:539} INFO - Filling up the DagBag from /opt/airflow/dags/binance_daily_dag.py
[2026-06-18T09:05:17.045+0000] {processor.py:839} INFO - DAG(s) dict_keys(['daily_crypto_bilstm_pipeline']) retrieved from /opt/airflow/dags/binance_daily_dag.py
[2026-06-18T09:05:17.066+0000] {logging_mixin.py:151} INFO - [2026-06-18T09:05:17.066+0000] {dag.py:2915} INFO - Sync 1 DAGs
[2026-06-18T09:05:17.085+0000] {logging_mixin.py:151} INFO - [2026-06-18T09:05:17.084+0000] {dag.py:3696} INFO - Setting next_dagrun for daily_crypto_bilstm_pipeline to 2026-06-16T17:02:00+00:00, run_after=2026-06-17T17:02:00+00:00
[2026-06-18T09:05:17.103+0000] {processor.py:179} INFO - Processing /opt/airflow/dags/binance_daily_dag.py took 2.726 seconds
[2026-06-18T09:05:47.526+0000] {processor.py:157} INFO - Started process (PID=589) to work on /opt/airflow/dags/binance_daily_dag.py
[2026-06-18T09:05:47.528+0000] {processor.py:829} INFO - Processing file /opt/airflow/dags/binance_daily_dag.py for tasks to queue
[2026-06-18T09:05:47.529+0000] {logging_mixin.py:151} INFO - [2026-06-18T09:05:47.529+0000] {dagbag.py:539} INFO - Filling up the DagBag from /opt/airflow/dags/binance_daily_dag.py
[2026-06-18T09:05:49.911+0000] {processor.py:839} INFO - DAG(s) dict_keys(['daily_crypto_bilstm_pipeline']) retrieved from /opt/airflow/dags/binance_daily_dag.py
[2026-06-18T09:05:49.941+0000] {logging_mixin.py:151} INFO - [2026-06-18T09:05:49.940+0000] {dag.py:2915} INFO - Sync 1 DAGs
[2026-06-18T09:05:49.968+0000] {logging_mixin.py:151} INFO - [2026-06-18T09:05:49.967+0000] {dag.py:3696} INFO - Setting next_dagrun for daily_crypto_bilstm_pipeline to 2026-06-16T17:02:00+00:00, run_after=2026-06-17T17:02:00+00:00
[2026-06-18T09:05:49.990+0000] {processor.py:179} INFO - Processing /opt/airflow/dags/binance_daily_dag.py took 2.468 seconds
[2026-06-18T09:06:25.589+0000] {processor.py:157} INFO - Started process (PID=622) to work on /opt/airflow/dags/binance_daily_dag.py
[2026-06-18T09:06:25.596+0000] {processor.py:829} INFO - Processing file /opt/airflow/dags/binance_daily_dag.py for tasks to queue
[2026-06-18T09:06:25.609+0000] {logging_mixin.py:151} INFO - [2026-06-18T09:06:25.604+0000] {dagbag.py:539} INFO - Filling up the DagBag from /opt/airflow/dags/binance_daily_dag.py
[2026-06-18T09:06:31.125+0000] {processor.py:839} INFO - DAG(s) dict_keys(['daily_crypto_bilstm_pipeline']) retrieved from /opt/airflow/dags/binance_daily_dag.py
[2026-06-18T09:06:31.163+0000] {logging_mixin.py:151} INFO - [2026-06-18T09:06:31.162+0000] {dag.py:2915} INFO - Sync 1 DAGs
[2026-06-18T09:06:31.208+0000] {logging_mixin.py:151} INFO - [2026-06-18T09:06:31.207+0000] {dag.py:3696} INFO - Setting next_dagrun for daily_crypto_bilstm_pipeline to 2026-06-16T17:02:00+00:00, run_after=2026-06-17T17:02:00+00:00
[2026-06-18T09:06:31.245+0000] {processor.py:179} INFO - Processing /opt/airflow/dags/binance_daily_dag.py took 5.662 seconds
[2026-06-18T09:07:03.122+0000] {processor.py:157} INFO - Started process (PID=660) to work on /opt/airflow/dags/binance_daily_dag.py
[2026-06-18T09:07:03.130+0000] {processor.py:829} INFO - Processing file /opt/airflow/dags/binance_daily_dag.py for tasks to queue
[2026-06-18T09:07:03.134+0000] {logging_mixin.py:151} INFO - [2026-06-18T09:07:03.133+0000] {dagbag.py:539} INFO - Filling up the DagBag from /opt/airflow/dags/binance_daily_dag.py
[2026-06-18T09:07:09.585+0000] {processor.py:839} INFO - DAG(s) dict_keys(['daily_crypto_bilstm_pipeline']) retrieved from /opt/airflow/dags/binance_daily_dag.py
[2026-06-18T09:07:09.630+0000] {logging_mixin.py:151} INFO - [2026-06-18T09:07:09.628+0000] {dag.py:2915} INFO - Sync 1 DAGs
[2026-06-18T09:07:09.682+0000] {logging_mixin.py:151} INFO - [2026-06-18T09:07:09.682+0000] {dag.py:3696} INFO - Setting next_dagrun for daily_crypto_bilstm_pipeline to 2026-06-16T17:02:00+00:00, run_after=2026-06-17T17:02:00+00:00
[2026-06-18T09:07:09.722+0000] {processor.py:179} INFO - Processing /opt/airflow/dags/binance_daily_dag.py took 6.608 seconds
[2026-06-18T09:07:40.359+0000] {processor.py:157} INFO - Started process (PID=702) to work on /opt/airflow/dags/binance_daily_dag.py
[2026-06-18T09:07:40.377+0000] {processor.py:829} INFO - Processing file /opt/airflow/dags/binance_daily_dag.py for tasks to queue
[2026-06-18T09:07:40.379+0000] {logging_mixin.py:151} INFO - [2026-06-18T09:07:40.378+0000] {dagbag.py:539} INFO - Filling up the DagBag from /opt/airflow/dags/binance_daily_dag.py
[2026-06-18T09:07:45.642+0000] {processor.py:839} INFO - DAG(s) dict_keys(['daily_crypto_bilstm_pipeline']) retrieved from /opt/airflow/dags/binance_daily_dag.py
[2026-06-18T09:07:45.677+0000] {logging_mixin.py:151} INFO - [2026-06-18T09:07:45.676+0000] {dag.py:2915} INFO - Sync 1 DAGs
[2026-06-18T09:07:45.708+0000] {logging_mixin.py:151} INFO - [2026-06-18T09:07:45.708+0000] {dag.py:3696} INFO - Setting next_dagrun for daily_crypto_bilstm_pipeline to 2026-06-16T17:02:00+00:00, run_after=2026-06-17T17:02:00+00:00
[2026-06-18T09:07:45.754+0000] {processor.py:179} INFO - Processing /opt/airflow/dags/binance_daily_dag.py took 5.455 seconds
[2026-06-18T09:08:16.257+0000] {processor.py:157} INFO - Started process (PID=735) to work on /opt/airflow/dags/binance_daily_dag.py
[2026-06-18T09:08:16.259+0000] {processor.py:829} INFO - Processing file /opt/airflow/dags/binance_daily_dag.py for tasks to queue
[2026-06-18T09:08:16.261+0000] {logging_mixin.py:151} INFO - [2026-06-18T09:08:16.260+0000] {dagbag.py:539} INFO - Filling up the DagBag from /opt/airflow/dags/binance_daily_dag.py
[2026-06-18T09:08:22.305+0000] {processor.py:839} INFO - DAG(s) dict_keys(['daily_crypto_bilstm_pipeline']) retrieved from /opt/airflow/dags/binance_daily_dag.py
[2026-06-18T09:08:22.347+0000] {logging_mixin.py:151} INFO - [2026-06-18T09:08:22.345+0000] {dag.py:2915} INFO - Sync 1 DAGs
[2026-06-18T09:08:22.384+0000] {logging_mixin.py:151} INFO - [2026-06-18T09:08:22.384+0000] {dag.py:3696} INFO - Setting next_dagrun for daily_crypto_bilstm_pipeline to 2026-06-16T17:02:00+00:00, run_after=2026-06-17T17:02:00+00:00
[2026-06-18T09:08:22.416+0000] {processor.py:179} INFO - Processing /opt/airflow/dags/binance_daily_dag.py took 6.165 seconds
[2026-06-18T09:08:52.767+0000] {processor.py:157} INFO - Started process (PID=767) to work on /opt/airflow/dags/binance_daily_dag.py
[2026-06-18T09:08:52.769+0000] {processor.py:829} INFO - Processing file /opt/airflow/dags/binance_daily_dag.py for tasks to queue
[2026-06-18T09:08:52.770+0000] {logging_mixin.py:151} INFO - [2026-06-18T09:08:52.770+0000] {dagbag.py:539} INFO - Filling up the DagBag from /opt/airflow/dags/binance_daily_dag.py
[2026-06-18T09:08:58.021+0000] {processor.py:839} INFO - DAG(s) dict_keys(['daily_crypto_bilstm_pipeline']) retrieved from /opt/airflow/dags/binance_daily_dag.py
[2026-06-18T09:08:58.051+0000] {logging_mixin.py:151} INFO - [2026-06-18T09:08:58.051+0000] {dag.py:2915} INFO - Sync 1 DAGs
[2026-06-18T09:08:58.085+0000] {logging_mixin.py:151} INFO - [2026-06-18T09:08:58.085+0000] {dag.py:3696} INFO - Setting next_dagrun for daily_crypto_bilstm_pipeline to 2026-06-16T17:02:00+00:00, run_after=2026-06-17T17:02:00+00:00
[2026-06-18T09:08:58.114+0000] {processor.py:179} INFO - Processing /opt/airflow/dags/binance_daily_dag.py took 5.351 seconds
[2026-06-18T09:09:28.926+0000] {processor.py:157} INFO - Started process (PID=800) to work on /opt/airflow/dags/binance_daily_dag.py
[2026-06-18T09:09:28.928+0000] {processor.py:829} INFO - Processing file /opt/airflow/dags/binance_daily_dag.py for tasks to queue
[2026-06-18T09:09:28.929+0000] {logging_mixin.py:151} INFO - [2026-06-18T09:09:28.929+0000] {dagbag.py:539} INFO - Filling up the DagBag from /opt/airflow/dags/binance_daily_dag.py
[2026-06-18T09:09:32.777+0000] {processor.py:839} INFO - DAG(s) dict_keys(['daily_crypto_bilstm_pipeline']) retrieved from /opt/airflow/dags/binance_daily_dag.py
[2026-06-18T09:09:32.804+0000] {logging_mixin.py:151} INFO - [2026-06-18T09:09:32.804+0000] {dag.py:2915} INFO - Sync 1 DAGs
[2026-06-18T09:09:32.826+0000] {logging_mixin.py:151} INFO - [2026-06-18T09:09:32.825+0000] {dag.py:3696} INFO - Setting next_dagrun for daily_crypto_bilstm_pipeline to 2026-06-16T17:02:00+00:00, run_after=2026-06-17T17:02:00+00:00
[2026-06-18T09:09:33.828+0000] {processor.py:179} INFO - Processing /opt/airflow/dags/binance_daily_dag.py took 4.907 seconds
[2026-06-18T09:13:43.950+0000] {processor.py:157} INFO - Started process (PID=209) to work on /opt/airflow/dags/binance_daily_dag.py
[2026-06-18T09:13:43.951+0000] {processor.py:829} INFO - Processing file /opt/airflow/dags/binance_daily_dag.py for tasks to queue
[2026-06-18T09:13:43.952+0000] {logging_mixin.py:151} INFO - [2026-06-18T09:13:43.952+0000] {dagbag.py:539} INFO - Filling up the DagBag from /opt/airflow/dags/binance_daily_dag.py
[2026-06-18T09:13:46.993+0000] {processor.py:839} INFO - DAG(s) dict_keys(['daily_crypto_bilstm_pipeline']) retrieved from /opt/airflow/dags/binance_daily_dag.py
[2026-06-18T09:13:47.029+0000] {logging_mixin.py:151} INFO - [2026-06-18T09:13:47.029+0000] {dag.py:2915} INFO - Sync 1 DAGs
[2026-06-18T09:13:47.051+0000] {logging_mixin.py:151} INFO - [2026-06-18T09:13:47.050+0000] {dag.py:3696} INFO - Setting next_dagrun for daily_crypto_bilstm_pipeline to 2026-06-16T17:02:00+00:00, run_after=2026-06-17T17:02:00+00:00
[2026-06-18T09:13:47.074+0000] {processor.py:179} INFO - Processing /opt/airflow/dags/binance_daily_dag.py took 3.128 seconds
[2026-06-18T09:14:17.305+0000] {processor.py:157} INFO - Started process (PID=272) to work on /opt/airflow/dags/binance_daily_dag.py
[2026-06-18T09:14:17.306+0000] {processor.py:829} INFO - Processing file /opt/airflow/dags/binance_daily_dag.py for tasks to queue
[2026-06-18T09:14:17.307+0000] {logging_mixin.py:151} INFO - [2026-06-18T09:14:17.306+0000] {dagbag.py:539} INFO - Filling up the DagBag from /opt/airflow/dags/binance_daily_dag.py
[2026-06-18T09:14:19.900+0000] {processor.py:839} INFO - DAG(s) dict_keys(['daily_crypto_bilstm_pipeline']) retrieved from /opt/airflow/dags/binance_daily_dag.py
[2026-06-18T09:14:19.925+0000] {logging_mixin.py:151} INFO - [2026-06-18T09:14:19.925+0000] {dag.py:2915} INFO - Sync 1 DAGs
[2026-06-18T09:14:19.948+0000] {logging_mixin.py:151} INFO - [2026-06-18T09:14:19.948+0000] {dag.py:3696} INFO - Setting next_dagrun for daily_crypto_bilstm_pipeline to 2026-06-16T17:02:00+00:00, run_after=2026-06-17T17:02:00+00:00
[2026-06-18T09:14:19.968+0000] {processor.py:179} INFO - Processing /opt/airflow/dags/binance_daily_dag.py took 2.666 seconds
[2026-06-18T09:14:50.106+0000] {processor.py:157} INFO - Started process (PID=320) to work on /opt/airflow/dags/binance_daily_dag.py
[2026-06-18T09:14:50.107+0000] {processor.py:829} INFO - Processing file /opt/airflow/dags/binance_daily_dag.py for tasks to queue
[2026-06-18T09:14:50.108+0000] {logging_mixin.py:151} INFO - [2026-06-18T09:14:50.108+0000] {dagbag.py:539} INFO - Filling up the DagBag from /opt/airflow/dags/binance_daily_dag.py
[2026-06-18T09:14:52.573+0000] {processor.py:839} INFO - DAG(s) dict_keys(['daily_crypto_bilstm_pipeline']) retrieved from /opt/airflow/dags/binance_daily_dag.py
[2026-06-18T09:14:52.594+0000] {logging_mixin.py:151} INFO - [2026-06-18T09:14:52.594+0000] {dag.py:2915} INFO - Sync 1 DAGs
[2026-06-18T09:14:52.612+0000] {logging_mixin.py:151} INFO - [2026-06-18T09:14:52.612+0000] {dag.py:3696} INFO - Setting next_dagrun for daily_crypto_bilstm_pipeline to 2026-06-16T17:02:00+00:00, run_after=2026-06-17T17:02:00+00:00
[2026-06-18T09:14:52.670+0000] {processor.py:179} INFO - Processing /opt/airflow/dags/binance_daily_dag.py took 2.568 seconds
[2026-06-18T09:15:23.420+0000] {processor.py:157} INFO - Started process (PID=357) to work on /opt/airflow/dags/binance_daily_dag.py
[2026-06-18T09:15:23.421+0000] {processor.py:829} INFO - Processing file /opt/airflow/dags/binance_daily_dag.py for tasks to queue
[2026-06-18T09:15:23.422+0000] {logging_mixin.py:151} INFO - [2026-06-18T09:15:23.422+0000] {dagbag.py:539} INFO - Filling up the DagBag from /opt/airflow/dags/binance_daily_dag.py
[2026-06-18T09:16:03.845+0000] {processor.py:157} INFO - Started process (PID=383) to work on /opt/airflow/dags/binance_daily_dag.py
[2026-06-18T09:16:03.847+0000] {processor.py:829} INFO - Processing file /opt/airflow/dags/binance_daily_dag.py for tasks to queue
[2026-06-18T09:16:03.847+0000] {logging_mixin.py:151} INFO - [2026-06-18T09:16:03.847+0000] {dagbag.py:539} INFO - Filling up the DagBag from /opt/airflow/dags/binance_daily_dag.py
[2026-06-18T09:16:42.380+0000] {processor.py:157} INFO - Started process (PID=409) to work on /opt/airflow/dags/binance_daily_dag.py
[2026-06-18T09:16:42.381+0000] {processor.py:829} INFO - Processing file /opt/airflow/dags/binance_daily_dag.py for tasks to queue
[2026-06-18T09:16:42.382+0000] {logging_mixin.py:151} INFO - [2026-06-18T09:16:42.381+0000] {dagbag.py:539} INFO - Filling up the DagBag from /opt/airflow/dags/binance_daily_dag.py
[2026-06-18T09:17:33.712+0000] {processor.py:157} INFO - Started process (PID=447) to work on /opt/airflow/dags/binance_daily_dag.py
[2026-06-18T09:17:33.713+0000] {processor.py:829} INFO - Processing file /opt/airflow/dags/binance_daily_dag.py for tasks to queue
[2026-06-18T09:17:33.714+0000] {logging_mixin.py:151} INFO - [2026-06-18T09:17:33.714+0000] {dagbag.py:539} INFO - Filling up the DagBag from /opt/airflow/dags/binance_daily_dag.py
[2026-06-18T09:18:20.775+0000] {processor.py:157} INFO - Started process (PID=473) to work on /opt/airflow/dags/binance_daily_dag.py
[2026-06-18T09:18:20.777+0000] {processor.py:829} INFO - Processing file /opt/airflow/dags/binance_daily_dag.py for tasks to queue
[2026-06-18T09:18:20.778+0000] {logging_mixin.py:151} INFO - [2026-06-18T09:18:20.778+0000] {dagbag.py:539} INFO - Filling up the DagBag from /opt/airflow/dags/binance_daily_dag.py
[2026-06-18T09:19:01.639+0000] {processor.py:157} INFO - Started process (PID=511) to work on /opt/airflow/dags/binance_daily_dag.py
[2026-06-18T09:19:01.641+0000] {processor.py:829} INFO - Processing file /opt/airflow/dags/binance_daily_dag.py for tasks to queue
[2026-06-18T09:19:01.648+0000] {logging_mixin.py:151} INFO - [2026-06-18T09:19:01.648+0000] {dagbag.py:539} INFO - Filling up the DagBag from /opt/airflow/dags/binance_daily_dag.py
[2026-06-18T09:19:41.737+0000] {processor.py:157} INFO - Started process (PID=537) to work on /opt/airflow/dags/binance_daily_dag.py
[2026-06-18T09:19:41.739+0000] {processor.py:829} INFO - Processing file /opt/airflow/dags/binance_daily_dag.py for tasks to queue
[2026-06-18T09:19:41.740+0000] {logging_mixin.py:151} INFO - [2026-06-18T09:19:41.740+0000] {dagbag.py:539} INFO - Filling up the DagBag from /opt/airflow/dags/binance_daily_dag.py
[2026-06-18T09:20:27.705+0000] {processor.py:157} INFO - Started process (PID=575) to work on /opt/airflow/dags/binance_daily_dag.py
[2026-06-18T09:20:27.706+0000] {processor.py:829} INFO - Processing file /opt/airflow/dags/binance_daily_dag.py for tasks to queue
[2026-06-18T09:20:27.708+0000] {logging_mixin.py:151} INFO - [2026-06-18T09:20:27.707+0000] {dagbag.py:539} INFO - Filling up the DagBag from /opt/airflow/dags/binance_daily_dag.py
[2026-06-18T09:21:12.322+0000] {processor.py:157} INFO - Started process (PID=601) to work on /opt/airflow/dags/binance_daily_dag.py
[2026-06-18T09:21:12.324+0000] {processor.py:829} INFO - Processing file /opt/airflow/dags/binance_daily_dag.py for tasks to queue
[2026-06-18T09:21:12.327+0000] {logging_mixin.py:151} INFO - [2026-06-18T09:21:12.325+0000] {dagbag.py:539} INFO - Filling up the DagBag from /opt/airflow/dags/binance_daily_dag.py
[2026-06-18T09:21:52.815+0000] {processor.py:157} INFO - Started process (PID=627) to work on /opt/airflow/dags/binance_daily_dag.py
[2026-06-18T09:21:52.817+0000] {processor.py:829} INFO - Processing file /opt/airflow/dags/binance_daily_dag.py for tasks to queue
[2026-06-18T09:21:52.818+0000] {logging_mixin.py:151} INFO - [2026-06-18T09:21:52.818+0000] {dagbag.py:539} INFO - Filling up the DagBag from /opt/airflow/dags/binance_daily_dag.py
[2026-06-18T09:22:34.871+0000] {processor.py:157} INFO - Started process (PID=665) to work on /opt/airflow/dags/binance_daily_dag.py
[2026-06-18T09:22:34.872+0000] {processor.py:829} INFO - Processing file /opt/airflow/dags/binance_daily_dag.py for tasks to queue
[2026-06-18T09:22:34.873+0000] {logging_mixin.py:151} INFO - [2026-06-18T09:22:34.873+0000] {dagbag.py:539} INFO - Filling up the DagBag from /opt/airflow/dags/binance_daily_dag.py
[2026-06-18T09:23:30.945+0000] {processor.py:157} INFO - Started process (PID=698) to work on /opt/airflow/dags/binance_daily_dag.py
[2026-06-18T09:23:30.947+0000] {processor.py:829} INFO - Processing file /opt/airflow/dags/binance_daily_dag.py for tasks to queue
[2026-06-18T09:23:30.951+0000] {logging_mixin.py:151} INFO - [2026-06-18T09:23:30.950+0000] {dagbag.py:539} INFO - Filling up the DagBag from /opt/airflow/dags/binance_daily_dag.py
[2026-06-18T09:24:11.290+0000] {processor.py:157} INFO - Started process (PID=729) to work on /opt/airflow/dags/binance_daily_dag.py
[2026-06-18T09:24:11.292+0000] {processor.py:829} INFO - Processing file /opt/airflow/dags/binance_daily_dag.py for tasks to queue
[2026-06-18T09:24:11.293+0000] {logging_mixin.py:151} INFO - [2026-06-18T09:24:11.292+0000] {dagbag.py:539} INFO - Filling up the DagBag from /opt/airflow/dags/binance_daily_dag.py
[2026-06-18T09:24:54.559+0000] {processor.py:157} INFO - Started process (PID=762) to work on /opt/airflow/dags/binance_daily_dag.py
[2026-06-18T09:24:54.560+0000] {processor.py:829} INFO - Processing file /opt/airflow/dags/binance_daily_dag.py for tasks to queue
[2026-06-18T09:24:54.561+0000] {logging_mixin.py:151} INFO - [2026-06-18T09:24:54.560+0000] {dagbag.py:539} INFO - Filling up the DagBag from /opt/airflow/dags/binance_daily_dag.py
[2026-06-18T09:25:34.582+0000] {processor.py:157} INFO - Started process (PID=788) to work on /opt/airflow/dags/binance_daily_dag.py
[2026-06-18T09:25:34.583+0000] {processor.py:829} INFO - Processing file /opt/airflow/dags/binance_daily_dag.py for tasks to queue
[2026-06-18T09:25:34.585+0000] {logging_mixin.py:151} INFO - [2026-06-18T09:25:34.584+0000] {dagbag.py:539} INFO - Filling up the DagBag from /opt/airflow/dags/binance_daily_dag.py
[2026-06-18T09:26:18.154+0000] {processor.py:157} INFO - Started process (PID=819) to work on /opt/airflow/dags/binance_daily_dag.py
[2026-06-18T09:26:18.155+0000] {processor.py:829} INFO - Processing file /opt/airflow/dags/binance_daily_dag.py for tasks to queue
[2026-06-18T09:26:18.157+0000] {logging_mixin.py:151} INFO - [2026-06-18T09:26:18.156+0000] {dagbag.py:539} INFO - Filling up the DagBag from /opt/airflow/dags/binance_daily_dag.py
[2026-06-18T09:42:27.042+0000] {processor.py:157} INFO - Started process (PID=212) to work on /opt/airflow/dags/binance_daily_dag.py
[2026-06-18T09:42:27.044+0000] {processor.py:829} INFO - Processing file /opt/airflow/dags/binance_daily_dag.py for tasks to queue
[2026-06-18T09:42:27.045+0000] {logging_mixin.py:151} INFO - [2026-06-18T09:42:27.045+0000] {dagbag.py:539} INFO - Filling up the DagBag from /opt/airflow/dags/binance_daily_dag.py
[2026-06-18T09:42:29.939+0000] {processor.py:839} INFO - DAG(s) dict_keys(['daily_crypto_bilstm_pipeline']) retrieved from /opt/airflow/dags/binance_daily_dag.py
[2026-06-18T09:42:29.951+0000] {logging_mixin.py:151} INFO - [2026-06-18T09:42:29.950+0000] {dag.py:2915} INFO - Sync 1 DAGs
[2026-06-18T09:42:29.974+0000] {logging_mixin.py:151} INFO - [2026-06-18T09:42:29.974+0000] {dag.py:3696} INFO - Setting next_dagrun for daily_crypto_bilstm_pipeline to 2026-06-16T17:02:00+00:00, run_after=2026-06-17T17:02:00+00:00
[2026-06-18T09:42:30.009+0000] {processor.py:179} INFO - Processing /opt/airflow/dags/binance_daily_dag.py took 2.970 seconds
[2026-06-18T09:43:05.581+0000] {processor.py:157} INFO - Started process (PID=286) to work on /opt/airflow/dags/binance_daily_dag.py
[2026-06-18T09:43:05.583+0000] {processor.py:829} INFO - Processing file /opt/airflow/dags/binance_daily_dag.py for tasks to queue
[2026-06-18T09:43:05.585+0000] {logging_mixin.py:151} INFO - [2026-06-18T09:43:05.585+0000] {dagbag.py:539} INFO - Filling up the DagBag from /opt/airflow/dags/binance_daily_dag.py
[2026-06-18T09:43:08.372+0000] {processor.py:839} INFO - DAG(s) dict_keys(['daily_crypto_bilstm_pipeline']) retrieved from /opt/airflow/dags/binance_daily_dag.py
[2026-06-18T09:43:08.414+0000] {logging_mixin.py:151} INFO - [2026-06-18T09:43:08.413+0000] {dag.py:2915} INFO - Sync 1 DAGs
[2026-06-18T09:43:08.439+0000] {logging_mixin.py:151} INFO - [2026-06-18T09:43:08.438+0000] {dag.py:3696} INFO - Setting next_dagrun for daily_crypto_bilstm_pipeline to 2026-06-16T17:02:00+00:00, run_after=2026-06-17T17:02:00+00:00
[2026-06-18T09:43:08.463+0000] {processor.py:179} INFO - Processing /opt/airflow/dags/binance_daily_dag.py took 2.887 seconds
[2026-06-18T09:43:39.376+0000] {processor.py:157} INFO - Started process (PID=321) to work on /opt/airflow/dags/binance_daily_dag.py
[2026-06-18T09:43:39.377+0000] {processor.py:829} INFO - Processing file /opt/airflow/dags/binance_daily_dag.py for tasks to queue
[2026-06-18T09:43:39.378+0000] {logging_mixin.py:151} INFO - [2026-06-18T09:43:39.378+0000] {dagbag.py:539} INFO - Filling up the DagBag from /opt/airflow/dags/binance_daily_dag.py
[2026-06-18T09:43:41.689+0000] {processor.py:839} INFO - DAG(s) dict_keys(['daily_crypto_bilstm_pipeline']) retrieved from /opt/airflow/dags/binance_daily_dag.py
[2026-06-18T09:43:41.710+0000] {logging_mixin.py:151} INFO - [2026-06-18T09:43:41.709+0000] {dag.py:2915} INFO - Sync 1 DAGs
[2026-06-18T09:43:41.728+0000] {logging_mixin.py:151} INFO - [2026-06-18T09:43:41.727+0000] {dag.py:3696} INFO - Setting next_dagrun for daily_crypto_bilstm_pipeline to 2026-06-16T17:02:00+00:00, run_after=2026-06-17T17:02:00+00:00
[2026-06-18T09:43:41.745+0000] {processor.py:179} INFO - Processing /opt/airflow/dags/binance_daily_dag.py took 2.374 seconds
[2026-06-18T09:44:12.080+0000] {processor.py:157} INFO - Started process (PID=354) to work on /opt/airflow/dags/binance_daily_dag.py
[2026-06-18T09:44:12.081+0000] {processor.py:829} INFO - Processing file /opt/airflow/dags/binance_daily_dag.py for tasks to queue
[2026-06-18T09:44:12.082+0000] {logging_mixin.py:151} INFO - [2026-06-18T09:44:12.082+0000] {dagbag.py:539} INFO - Filling up the DagBag from /opt/airflow/dags/binance_daily_dag.py
[2026-06-18T09:44:14.363+0000] {processor.py:839} INFO - DAG(s) dict_keys(['daily_crypto_bilstm_pipeline']) retrieved from /opt/airflow/dags/binance_daily_dag.py
[2026-06-18T09:44:14.382+0000] {logging_mixin.py:151} INFO - [2026-06-18T09:44:14.381+0000] {dag.py:2915} INFO - Sync 1 DAGs
[2026-06-18T09:44:14.400+0000] {logging_mixin.py:151} INFO - [2026-06-18T09:44:14.399+0000] {dag.py:3696} INFO - Setting next_dagrun for daily_crypto_bilstm_pipeline to 2026-06-16T17:02:00+00:00, run_after=2026-06-17T17:02:00+00:00
[2026-06-18T09:44:14.455+0000] {processor.py:179} INFO - Processing /opt/airflow/dags/binance_daily_dag.py took 2.379 seconds
[2026-06-18T09:44:44.713+0000] {processor.py:157} INFO - Started process (PID=387) to work on /opt/airflow/dags/binance_daily_dag.py
[2026-06-18T09:44:44.715+0000] {processor.py:829} INFO - Processing file /opt/airflow/dags/binance_daily_dag.py for tasks to queue
[2026-06-18T09:44:44.715+0000] {logging_mixin.py:151} INFO - [2026-06-18T09:44:44.715+0000] {dagbag.py:539} INFO - Filling up the DagBag from /opt/airflow/dags/binance_daily_dag.py
[2026-06-18T09:44:46.939+0000] {processor.py:839} INFO - DAG(s) dict_keys(['daily_crypto_bilstm_pipeline']) retrieved from /opt/airflow/dags/binance_daily_dag.py
[2026-06-18T09:44:46.961+0000] {logging_mixin.py:151} INFO - [2026-06-18T09:44:46.961+0000] {dag.py:2915} INFO - Sync 1 DAGs
[2026-06-18T09:44:46.984+0000] {logging_mixin.py:151} INFO - [2026-06-18T09:44:46.984+0000] {dag.py:3696} INFO - Setting next_dagrun for daily_crypto_bilstm_pipeline to 2026-06-16T17:02:00+00:00, run_after=2026-06-17T17:02:00+00:00
[2026-06-18T09:44:47.007+0000] {processor.py:179} INFO - Processing /opt/airflow/dags/binance_daily_dag.py took 2.297 seconds
[2026-06-18T09:45:17.468+0000] {processor.py:157} INFO - Started process (PID=427) to work on /opt/airflow/dags/binance_daily_dag.py
[2026-06-18T09:45:17.470+0000] {processor.py:829} INFO - Processing file /opt/airflow/dags/binance_daily_dag.py for tasks to queue
[2026-06-18T09:45:17.474+0000] {logging_mixin.py:151} INFO - [2026-06-18T09:45:17.474+0000] {dagbag.py:539} INFO - Filling up the DagBag from /opt/airflow/dags/binance_daily_dag.py
[2026-06-18T09:45:19.685+0000] {processor.py:839} INFO - DAG(s) dict_keys(['daily_crypto_bilstm_pipeline']) retrieved from /opt/airflow/dags/binance_daily_dag.py
[2026-06-18T09:45:19.705+0000] {logging_mixin.py:151} INFO - [2026-06-18T09:45:19.705+0000] {dag.py:2915} INFO - Sync 1 DAGs
[2026-06-18T09:45:19.723+0000] {logging_mixin.py:151} INFO - [2026-06-18T09:45:19.722+0000] {dag.py:3696} INFO - Setting next_dagrun for daily_crypto_bilstm_pipeline to 2026-06-16T17:02:00+00:00, run_after=2026-06-17T17:02:00+00:00
[2026-06-18T09:45:19.741+0000] {processor.py:179} INFO - Processing /opt/airflow/dags/binance_daily_dag.py took 2.277 seconds
[2026-06-18T09:45:50.305+0000] {processor.py:157} INFO - Started process (PID=460) to work on /opt/airflow/dags/binance_daily_dag.py
[2026-06-18T09:45:50.307+0000] {processor.py:829} INFO - Processing file /opt/airflow/dags/binance_daily_dag.py for tasks to queue
[2026-06-18T09:45:50.310+0000] {logging_mixin.py:151} INFO - [2026-06-18T09:45:50.310+0000] {dagbag.py:539} INFO - Filling up the DagBag from /opt/airflow/dags/binance_daily_dag.py
[2026-06-18T09:45:52.513+0000] {processor.py:839} INFO - DAG(s) dict_keys(['daily_crypto_bilstm_pipeline']) retrieved from /opt/airflow/dags/binance_daily_dag.py
[2026-06-18T09:45:52.536+0000] {logging_mixin.py:151} INFO - [2026-06-18T09:45:52.535+0000] {dag.py:2915} INFO - Sync 1 DAGs
[2026-06-18T09:45:52.554+0000] {logging_mixin.py:151} INFO - [2026-06-18T09:45:52.554+0000] {dag.py:3696} INFO - Setting next_dagrun for daily_crypto_bilstm_pipeline to 2026-06-16T17:02:00+00:00, run_after=2026-06-17T17:02:00+00:00
[2026-06-18T09:45:52.576+0000] {processor.py:179} INFO - Processing /opt/airflow/dags/binance_daily_dag.py took 2.277 seconds
[2026-06-18T09:46:22.721+0000] {processor.py:157} INFO - Started process (PID=493) to work on /opt/airflow/dags/binance_daily_dag.py
[2026-06-18T09:46:22.722+0000] {processor.py:829} INFO - Processing file /opt/airflow/dags/binance_daily_dag.py for tasks to queue
[2026-06-18T09:46:22.723+0000] {logging_mixin.py:151} INFO - [2026-06-18T09:46:22.723+0000] {dagbag.py:539} INFO - Filling up the DagBag from /opt/airflow/dags/binance_daily_dag.py
[2026-06-18T09:46:24.940+0000] {processor.py:839} INFO - DAG(s) dict_keys(['daily_crypto_bilstm_pipeline']) retrieved from /opt/airflow/dags/binance_daily_dag.py
[2026-06-18T09:46:24.961+0000] {logging_mixin.py:151} INFO - [2026-06-18T09:46:24.961+0000] {dag.py:2915} INFO - Sync 1 DAGs
[2026-06-18T09:46:24.981+0000] {logging_mixin.py:151} INFO - [2026-06-18T09:46:24.981+0000] {dag.py:3696} INFO - Setting next_dagrun for daily_crypto_bilstm_pipeline to 2026-06-16T17:02:00+00:00, run_after=2026-06-17T17:02:00+00:00
[2026-06-18T09:46:25.045+0000] {processor.py:179} INFO - Processing /opt/airflow/dags/binance_daily_dag.py took 2.328 seconds
[2026-06-18T09:46:55.437+0000] {processor.py:157} INFO - Started process (PID=526) to work on /opt/airflow/dags/binance_daily_dag.py
[2026-06-18T09:46:55.438+0000] {processor.py:829} INFO - Processing file /opt/airflow/dags/binance_daily_dag.py for tasks to queue
[2026-06-18T09:46:55.439+0000] {logging_mixin.py:151} INFO - [2026-06-18T09:46:55.439+0000] {dagbag.py:539} INFO - Filling up the DagBag from /opt/airflow/dags/binance_daily_dag.py
[2026-06-18T09:46:57.868+0000] {processor.py:839} INFO - DAG(s) dict_keys(['daily_crypto_bilstm_pipeline']) retrieved from /opt/airflow/dags/binance_daily_dag.py
[2026-06-18T09:46:57.886+0000] {logging_mixin.py:151} INFO - [2026-06-18T09:46:57.885+0000] {dag.py:2915} INFO - Sync 1 DAGs
[2026-06-18T09:46:57.905+0000] {logging_mixin.py:151} INFO - [2026-06-18T09:46:57.905+0000] {dag.py:3696} INFO - Setting next_dagrun for daily_crypto_bilstm_pipeline to 2026-06-16T17:02:00+00:00, run_after=2026-06-17T17:02:00+00:00
[2026-06-18T09:46:57.948+0000] {processor.py:179} INFO - Processing /opt/airflow/dags/binance_daily_dag.py took 2.515 seconds
[2026-06-18T09:47:28.887+0000] {processor.py:157} INFO - Started process (PID=559) to work on /opt/airflow/dags/binance_daily_dag.py
[2026-06-18T09:47:28.888+0000] {processor.py:829} INFO - Processing file /opt/airflow/dags/binance_daily_dag.py for tasks to queue
[2026-06-18T09:47:28.889+0000] {logging_mixin.py:151} INFO - [2026-06-18T09:47:28.889+0000] {dagbag.py:539} INFO - Filling up the DagBag from /opt/airflow/dags/binance_daily_dag.py
[2026-06-18T09:47:30.924+0000] {processor.py:839} INFO - DAG(s) dict_keys(['daily_crypto_bilstm_pipeline']) retrieved from /opt/airflow/dags/binance_daily_dag.py
[2026-06-18T09:47:30.942+0000] {logging_mixin.py:151} INFO - [2026-06-18T09:47:30.942+0000] {dag.py:2915} INFO - Sync 1 DAGs
[2026-06-18T09:47:30.957+0000] {logging_mixin.py:151} INFO - [2026-06-18T09:47:30.957+0000] {dag.py:3696} INFO - Setting next_dagrun for daily_crypto_bilstm_pipeline to 2026-06-16T17:02:00+00:00, run_after=2026-06-17T17:02:00+00:00
[2026-06-18T09:47:30.978+0000] {processor.py:179} INFO - Processing /opt/airflow/dags/binance_daily_dag.py took 2.094 seconds
[2026-06-18T09:48:01.339+0000] {processor.py:157} INFO - Started process (PID=592) to work on /opt/airflow/dags/binance_daily_dag.py
[2026-06-18T09:48:01.341+0000] {processor.py:829} INFO - Processing file /opt/airflow/dags/binance_daily_dag.py for tasks to queue
[2026-06-18T09:48:01.343+0000] {logging_mixin.py:151} INFO - [2026-06-18T09:48:01.342+0000] {dagbag.py:539} INFO - Filling up the DagBag from /opt/airflow/dags/binance_daily_dag.py
[2026-06-18T09:48:03.730+0000] {processor.py:839} INFO - DAG(s) dict_keys(['daily_crypto_bilstm_pipeline']) retrieved from /opt/airflow/dags/binance_daily_dag.py
[2026-06-18T09:48:03.758+0000] {logging_mixin.py:151} INFO - [2026-06-18T09:48:03.758+0000] {dag.py:2915} INFO - Sync 1 DAGs
[2026-06-18T09:48:03.783+0000] {logging_mixin.py:151} INFO - [2026-06-18T09:48:03.783+0000] {dag.py:3696} INFO - Setting next_dagrun for daily_crypto_bilstm_pipeline to 2026-06-16T17:02:00+00:00, run_after=2026-06-17T17:02:00+00:00
[2026-06-18T09:48:03.808+0000] {processor.py:179} INFO - Processing /opt/airflow/dags/binance_daily_dag.py took 2.476 seconds
[2026-06-18T09:48:34.081+0000] {processor.py:157} INFO - Started process (PID=625) to work on /opt/airflow/dags/binance_daily_dag.py
[2026-06-18T09:48:34.082+0000] {processor.py:829} INFO - Processing file /opt/airflow/dags/binance_daily_dag.py for tasks to queue
[2026-06-18T09:48:34.084+0000] {logging_mixin.py:151} INFO - [2026-06-18T09:48:34.083+0000] {dagbag.py:539} INFO - Filling up the DagBag from /opt/airflow/dags/binance_daily_dag.py
[2026-06-18T09:48:36.464+0000] {processor.py:839} INFO - DAG(s) dict_keys(['daily_crypto_bilstm_pipeline']) retrieved from /opt/airflow/dags/binance_daily_dag.py
[2026-06-18T09:48:36.484+0000] {logging_mixin.py:151} INFO - [2026-06-18T09:48:36.483+0000] {dag.py:2915} INFO - Sync 1 DAGs
[2026-06-18T09:48:36.506+0000] {logging_mixin.py:151} INFO - [2026-06-18T09:48:36.506+0000] {dag.py:3696} INFO - Setting next_dagrun for daily_crypto_bilstm_pipeline to 2026-06-16T17:02:00+00:00, run_after=2026-06-17T17:02:00+00:00
[2026-06-18T09:48:36.526+0000] {processor.py:179} INFO - Processing /opt/airflow/dags/binance_daily_dag.py took 2.448 seconds
[2026-06-18T09:49:06.646+0000] {processor.py:157} INFO - Started process (PID=658) to work on /opt/airflow/dags/binance_daily_dag.py
[2026-06-18T09:49:06.648+0000] {processor.py:829} INFO - Processing file /opt/airflow/dags/binance_daily_dag.py for tasks to queue
[2026-06-18T09:49:06.649+0000] {logging_mixin.py:151} INFO - [2026-06-18T09:49:06.648+0000] {dagbag.py:539} INFO - Filling up the DagBag from /opt/airflow/dags/binance_daily_dag.py
[2026-06-18T09:49:08.636+0000] {processor.py:839} INFO - DAG(s) dict_keys(['daily_crypto_bilstm_pipeline']) retrieved from /opt/airflow/dags/binance_daily_dag.py
[2026-06-18T09:49:08.656+0000] {logging_mixin.py:151} INFO - [2026-06-18T09:49:08.655+0000] {dag.py:2915} INFO - Sync 1 DAGs
[2026-06-18T09:49:08.673+0000] {logging_mixin.py:151} INFO - [2026-06-18T09:49:08.673+0000] {dag.py:3696} INFO - Setting next_dagrun for daily_crypto_bilstm_pipeline to 2026-06-16T17:02:00+00:00, run_after=2026-06-17T17:02:00+00:00
[2026-06-18T09:49:08.690+0000] {processor.py:179} INFO - Processing /opt/airflow/dags/binance_daily_dag.py took 2.046 seconds
[2026-06-18T09:49:38.977+0000] {processor.py:157} INFO - Started process (PID=691) to work on /opt/airflow/dags/binance_daily_dag.py
[2026-06-18T09:49:38.978+0000] {processor.py:829} INFO - Processing file /opt/airflow/dags/binance_daily_dag.py for tasks to queue
[2026-06-18T09:49:38.979+0000] {logging_mixin.py:151} INFO - [2026-06-18T09:49:38.978+0000] {dagbag.py:539} INFO - Filling up the DagBag from /opt/airflow/dags/binance_daily_dag.py
[2026-06-18T09:49:41.024+0000] {processor.py:839} INFO - DAG(s) dict_keys(['daily_crypto_bilstm_pipeline']) retrieved from /opt/airflow/dags/binance_daily_dag.py
[2026-06-18T09:49:41.051+0000] {logging_mixin.py:151} INFO - [2026-06-18T09:49:41.050+0000] {dag.py:2915} INFO - Sync 1 DAGs
[2026-06-18T09:49:41.075+0000] {logging_mixin.py:151} INFO - [2026-06-18T09:49:41.075+0000] {dag.py:3696} INFO - Setting next_dagrun for daily_crypto_bilstm_pipeline to 2026-06-16T17:02:00+00:00, run_after=2026-06-17T17:02:00+00:00
[2026-06-18T09:49:41.137+0000] {processor.py:179} INFO - Processing /opt/airflow/dags/binance_daily_dag.py took 2.164 seconds
[2026-06-18T09:50:11.258+0000] {processor.py:157} INFO - Started process (PID=724) to work on /opt/airflow/dags/binance_daily_dag.py
[2026-06-18T09:50:11.259+0000] {processor.py:829} INFO - Processing file /opt/airflow/dags/binance_daily_dag.py for tasks to queue
[2026-06-18T09:50:11.260+0000] {logging_mixin.py:151} INFO - [2026-06-18T09:50:11.260+0000] {dagbag.py:539} INFO - Filling up the DagBag from /opt/airflow/dags/binance_daily_dag.py
[2026-06-18T09:50:13.663+0000] {processor.py:839} INFO - DAG(s) dict_keys(['daily_crypto_bilstm_pipeline']) retrieved from /opt/airflow/dags/binance_daily_dag.py
[2026-06-18T09:50:13.685+0000] {logging_mixin.py:151} INFO - [2026-06-18T09:50:13.684+0000] {dag.py:2915} INFO - Sync 1 DAGs
[2026-06-18T09:50:13.706+0000] {logging_mixin.py:151} INFO - [2026-06-18T09:50:13.706+0000] {dag.py:3696} INFO - Setting next_dagrun for daily_crypto_bilstm_pipeline to 2026-06-16T17:02:00+00:00, run_after=2026-06-17T17:02:00+00:00
[2026-06-18T09:50:13.728+0000] {processor.py:179} INFO - Processing /opt/airflow/dags/binance_daily_dag.py took 2.474 seconds
[2026-06-18T09:50:44.534+0000] {processor.py:157} INFO - Started process (PID=762) to work on /opt/airflow/dags/binance_daily_dag.py
[2026-06-18T09:50:44.535+0000] {processor.py:829} INFO - Processing file /opt/airflow/dags/binance_daily_dag.py for tasks to queue
[2026-06-18T09:50:44.536+0000] {logging_mixin.py:151} INFO - [2026-06-18T09:50:44.536+0000] {dagbag.py:539} INFO - Filling up the DagBag from /opt/airflow/dags/binance_daily_dag.py
[2026-06-18T09:50:46.911+0000] {processor.py:839} INFO - DAG(s) dict_keys(['daily_crypto_bilstm_pipeline']) retrieved from /opt/airflow/dags/binance_daily_dag.py
[2026-06-18T09:50:46.936+0000] {logging_mixin.py:151} INFO - [2026-06-18T09:50:46.935+0000] {dag.py:2915} INFO - Sync 1 DAGs
[2026-06-18T09:50:46.968+0000] {logging_mixin.py:151} INFO - [2026-06-18T09:50:46.968+0000] {dag.py:3696} INFO - Setting next_dagrun for daily_crypto_bilstm_pipeline to 2026-06-16T17:02:00+00:00, run_after=2026-06-17T17:02:00+00:00
[2026-06-18T09:50:47.033+0000] {processor.py:179} INFO - Processing /opt/airflow/dags/binance_daily_dag.py took 2.502 seconds
[2026-06-18T09:51:17.795+0000] {processor.py:157} INFO - Started process (PID=802) to work on /opt/airflow/dags/binance_daily_dag.py
[2026-06-18T09:51:17.796+0000] {processor.py:829} INFO - Processing file /opt/airflow/dags/binance_daily_dag.py for tasks to queue
[2026-06-18T09:51:17.797+0000] {logging_mixin.py:151} INFO - [2026-06-18T09:51:17.796+0000] {dagbag.py:539} INFO - Filling up the DagBag from /opt/airflow/dags/binance_daily_dag.py
[2026-06-18T09:51:19.972+0000] {processor.py:839} INFO - DAG(s) dict_keys(['daily_crypto_bilstm_pipeline']) retrieved from /opt/airflow/dags/binance_daily_dag.py
[2026-06-18T09:51:19.993+0000] {logging_mixin.py:151} INFO - [2026-06-18T09:51:19.993+0000] {dag.py:2915} INFO - Sync 1 DAGs
[2026-06-18T09:51:20.011+0000] {logging_mixin.py:151} INFO - [2026-06-18T09:51:20.011+0000] {dag.py:3696} INFO - Setting next_dagrun for daily_crypto_bilstm_pipeline to 2026-06-16T17:02:00+00:00, run_after=2026-06-17T17:02:00+00:00
[2026-06-18T09:51:20.033+0000] {processor.py:179} INFO - Processing /opt/airflow/dags/binance_daily_dag.py took 2.241 seconds
[2026-06-18T09:51:50.439+0000] {processor.py:157} INFO - Started process (PID=835) to work on /opt/airflow/dags/binance_daily_dag.py
[2026-06-18T09:51:50.440+0000] {processor.py:829} INFO - Processing file /opt/airflow/dags/binance_daily_dag.py for tasks to queue
[2026-06-18T09:51:50.441+0000] {logging_mixin.py:151} INFO - [2026-06-18T09:51:50.441+0000] {dagbag.py:539} INFO - Filling up the DagBag from /opt/airflow/dags/binance_daily_dag.py
[2026-06-18T09:51:52.564+0000] {processor.py:839} INFO - DAG(s) dict_keys(['daily_crypto_bilstm_pipeline']) retrieved from /opt/airflow/dags/binance_daily_dag.py
[2026-06-18T09:51:52.583+0000] {logging_mixin.py:151} INFO - [2026-06-18T09:51:52.583+0000] {dag.py:2915} INFO - Sync 1 DAGs
[2026-06-18T09:51:52.600+0000] {logging_mixin.py:151} INFO - [2026-06-18T09:51:52.600+0000] {dag.py:3696} INFO - Setting next_dagrun for daily_crypto_bilstm_pipeline to 2026-06-16T17:02:00+00:00, run_after=2026-06-17T17:02:00+00:00
[2026-06-18T09:51:52.654+0000] {processor.py:179} INFO - Processing /opt/airflow/dags/binance_daily_dag.py took 2.220 seconds
[2026-06-18T09:52:22.995+0000] {processor.py:157} INFO - Started process (PID=868) to work on /opt/airflow/dags/binance_daily_dag.py
[2026-06-18T09:52:22.997+0000] {processor.py:829} INFO - Processing file /opt/airflow/dags/binance_daily_dag.py for tasks to queue
[2026-06-18T09:52:22.997+0000] {logging_mixin.py:151} INFO - [2026-06-18T09:52:22.997+0000] {dagbag.py:539} INFO - Filling up the DagBag from /opt/airflow/dags/binance_daily_dag.py
[2026-06-18T09:52:25.257+0000] {processor.py:839} INFO - DAG(s) dict_keys(['daily_crypto_bilstm_pipeline']) retrieved from /opt/airflow/dags/binance_daily_dag.py
[2026-06-18T09:52:25.278+0000] {logging_mixin.py:151} INFO - [2026-06-18T09:52:25.277+0000] {dag.py:2915} INFO - Sync 1 DAGs
[2026-06-18T09:52:25.302+0000] {logging_mixin.py:151} INFO - [2026-06-18T09:52:25.302+0000] {dag.py:3696} INFO - Setting next_dagrun for daily_crypto_bilstm_pipeline to 2026-06-16T17:02:00+00:00, run_after=2026-06-17T17:02:00+00:00
[2026-06-18T09:52:25.324+0000] {processor.py:179} INFO - Processing /opt/airflow/dags/binance_daily_dag.py took 2.332 seconds
[2026-06-18T09:52:55.761+0000] {processor.py:157} INFO - Started process (PID=901) to work on /opt/airflow/dags/binance_daily_dag.py
[2026-06-18T09:52:55.773+0000] {processor.py:829} INFO - Processing file /opt/airflow/dags/binance_daily_dag.py for tasks to queue
[2026-06-18T09:52:55.776+0000] {logging_mixin.py:151} INFO - [2026-06-18T09:52:55.776+0000] {dagbag.py:539} INFO - Filling up the DagBag from /opt/airflow/dags/binance_daily_dag.py
[2026-06-18T09:52:58.144+0000] {processor.py:839} INFO - DAG(s) dict_keys(['daily_crypto_bilstm_pipeline']) retrieved from /opt/airflow/dags/binance_daily_dag.py
[2026-06-18T09:52:58.168+0000] {logging_mixin.py:151} INFO - [2026-06-18T09:52:58.167+0000] {dag.py:2915} INFO - Sync 1 DAGs
[2026-06-18T09:52:58.187+0000] {logging_mixin.py:151} INFO - [2026-06-18T09:52:58.187+0000] {dag.py:3696} INFO - Setting next_dagrun for daily_crypto_bilstm_pipeline to 2026-06-16T17:02:00+00:00, run_after=2026-06-17T17:02:00+00:00
[2026-06-18T09:52:58.244+0000] {processor.py:179} INFO - Processing /opt/airflow/dags/binance_daily_dag.py took 2.488 seconds
[2026-06-18T09:53:28.416+0000] {processor.py:157} INFO - Started process (PID=935) to work on /opt/airflow/dags/binance_daily_dag.py
[2026-06-18T09:53:28.417+0000] {processor.py:829} INFO - Processing file /opt/airflow/dags/binance_daily_dag.py for tasks to queue
[2026-06-18T09:53:28.419+0000] {logging_mixin.py:151} INFO - [2026-06-18T09:53:28.418+0000] {dagbag.py:539} INFO - Filling up the DagBag from /opt/airflow/dags/binance_daily_dag.py
[2026-06-18T09:53:30.654+0000] {processor.py:839} INFO - DAG(s) dict_keys(['daily_crypto_bilstm_pipeline']) retrieved from /opt/airflow/dags/binance_daily_dag.py
[2026-06-18T09:53:30.675+0000] {logging_mixin.py:151} INFO - [2026-06-18T09:53:30.674+0000] {dag.py:2915} INFO - Sync 1 DAGs
[2026-06-18T09:53:30.693+0000] {logging_mixin.py:151} INFO - [2026-06-18T09:53:30.693+0000] {dag.py:3696} INFO - Setting next_dagrun for daily_crypto_bilstm_pipeline to 2026-06-16T17:02:00+00:00, run_after=2026-06-17T17:02:00+00:00
[2026-06-18T09:53:30.712+0000] {processor.py:179} INFO - Processing /opt/airflow/dags/binance_daily_dag.py took 2.301 seconds
[2026-06-18T09:54:00.951+0000] {processor.py:157} INFO - Started process (PID=968) to work on /opt/airflow/dags/binance_daily_dag.py
[2026-06-18T09:54:00.952+0000] {processor.py:829} INFO - Processing file /opt/airflow/dags/binance_daily_dag.py for tasks to queue
[2026-06-18T09:54:00.953+0000] {logging_mixin.py:151} INFO - [2026-06-18T09:54:00.953+0000] {dagbag.py:539} INFO - Filling up the DagBag from /opt/airflow/dags/binance_daily_dag.py
[2026-06-18T09:54:03.284+0000] {processor.py:839} INFO - DAG(s) dict_keys(['daily_crypto_bilstm_pipeline']) retrieved from /opt/airflow/dags/binance_daily_dag.py
[2026-06-18T09:54:03.304+0000] {logging_mixin.py:151} INFO - [2026-06-18T09:54:03.303+0000] {dag.py:2915} INFO - Sync 1 DAGs
[2026-06-18T09:54:03.326+0000] {logging_mixin.py:151} INFO - [2026-06-18T09:54:03.326+0000] {dag.py:3696} INFO - Setting next_dagrun for daily_crypto_bilstm_pipeline to 2026-06-16T17:02:00+00:00, run_after=2026-06-17T17:02:00+00:00
[2026-06-18T09:54:03.387+0000] {processor.py:179} INFO - Processing /opt/airflow/dags/binance_daily_dag.py took 2.439 seconds
[2026-06-18T09:54:33.591+0000] {processor.py:157} INFO - Started process (PID=1001) to work on /opt/airflow/dags/binance_daily_dag.py
[2026-06-18T09:54:33.592+0000] {processor.py:829} INFO - Processing file /opt/airflow/dags/binance_daily_dag.py for tasks to queue
[2026-06-18T09:54:33.593+0000] {logging_mixin.py:151} INFO - [2026-06-18T09:54:33.592+0000] {dagbag.py:539} INFO - Filling up the DagBag from /opt/airflow/dags/binance_daily_dag.py
[2026-06-18T09:54:35.818+0000] {processor.py:839} INFO - DAG(s) dict_keys(['daily_crypto_bilstm_pipeline']) retrieved from /opt/airflow/dags/binance_daily_dag.py
[2026-06-18T09:54:35.841+0000] {logging_mixin.py:151} INFO - [2026-06-18T09:54:35.841+0000] {dag.py:2915} INFO - Sync 1 DAGs
[2026-06-18T09:54:35.859+0000] {logging_mixin.py:151} INFO - [2026-06-18T09:54:35.859+0000] {dag.py:3696} INFO - Setting next_dagrun for daily_crypto_bilstm_pipeline to 2026-06-16T17:02:00+00:00, run_after=2026-06-17T17:02:00+00:00
[2026-06-18T09:54:35.918+0000] {processor.py:179} INFO - Processing /opt/airflow/dags/binance_daily_dag.py took 2.331 seconds
[2026-06-18T09:55:06.143+0000] {processor.py:157} INFO - Started process (PID=1035) to work on /opt/airflow/dags/binance_daily_dag.py
[2026-06-18T09:55:06.144+0000] {processor.py:829} INFO - Processing file /opt/airflow/dags/binance_daily_dag.py for tasks to queue
[2026-06-18T09:55:06.146+0000] {logging_mixin.py:151} INFO - [2026-06-18T09:55:06.145+0000] {dagbag.py:539} INFO - Filling up the DagBag from /opt/airflow/dags/binance_daily_dag.py
[2026-06-18T09:55:08.184+0000] {processor.py:839} INFO - DAG(s) dict_keys(['daily_crypto_bilstm_pipeline']) retrieved from /opt/airflow/dags/binance_daily_dag.py
[2026-06-18T09:55:08.203+0000] {logging_mixin.py:151} INFO - [2026-06-18T09:55:08.203+0000] {dag.py:2915} INFO - Sync 1 DAGs
[2026-06-18T09:55:08.220+0000] {logging_mixin.py:151} INFO - [2026-06-18T09:55:08.220+0000] {dag.py:3696} INFO - Setting next_dagrun for daily_crypto_bilstm_pipeline to 2026-06-16T17:02:00+00:00, run_after=2026-06-17T17:02:00+00:00
[2026-06-18T09:55:08.246+0000] {processor.py:179} INFO - Processing /opt/airflow/dags/binance_daily_dag.py took 2.106 seconds
[2026-06-18T09:55:38.328+0000] {processor.py:157} INFO - Started process (PID=1068) to work on /opt/airflow/dags/binance_daily_dag.py
[2026-06-18T09:55:38.329+0000] {processor.py:829} INFO - Processing file /opt/airflow/dags/binance_daily_dag.py for tasks to queue
[2026-06-18T09:55:38.330+0000] {logging_mixin.py:151} INFO - [2026-06-18T09:55:38.329+0000] {dagbag.py:539} INFO - Filling up the DagBag from /opt/airflow/dags/binance_daily_dag.py
[2026-06-18T09:55:40.527+0000] {processor.py:839} INFO - DAG(s) dict_keys(['daily_crypto_bilstm_pipeline']) retrieved from /opt/airflow/dags/binance_daily_dag.py
[2026-06-18T09:55:40.547+0000] {logging_mixin.py:151} INFO - [2026-06-18T09:55:40.546+0000] {dag.py:2915} INFO - Sync 1 DAGs
[2026-06-18T09:55:40.563+0000] {logging_mixin.py:151} INFO - [2026-06-18T09:55:40.563+0000] {dag.py:3696} INFO - Setting next_dagrun for daily_crypto_bilstm_pipeline to 2026-06-16T17:02:00+00:00, run_after=2026-06-17T17:02:00+00:00
[2026-06-18T09:55:40.582+0000] {processor.py:179} INFO - Processing /opt/airflow/dags/binance_daily_dag.py took 2.257 seconds
[2026-06-18T09:56:10.686+0000] {processor.py:157} INFO - Started process (PID=1101) to work on /opt/airflow/dags/binance_daily_dag.py
[2026-06-18T09:56:10.687+0000] {processor.py:829} INFO - Processing file /opt/airflow/dags/binance_daily_dag.py for tasks to queue
[2026-06-18T09:56:10.688+0000] {logging_mixin.py:151} INFO - [2026-06-18T09:56:10.687+0000] {dagbag.py:539} INFO - Filling up the DagBag from /opt/airflow/dags/binance_daily_dag.py
[2026-06-18T09:56:12.852+0000] {processor.py:839} INFO - DAG(s) dict_keys(['daily_crypto_bilstm_pipeline']) retrieved from /opt/airflow/dags/binance_daily_dag.py
[2026-06-18T09:56:12.874+0000] {logging_mixin.py:151} INFO - [2026-06-18T09:56:12.874+0000] {dag.py:2915} INFO - Sync 1 DAGs
[2026-06-18T09:56:12.896+0000] {logging_mixin.py:151} INFO - [2026-06-18T09:56:12.896+0000] {dag.py:3696} INFO - Setting next_dagrun for daily_crypto_bilstm_pipeline to 2026-06-16T17:02:00+00:00, run_after=2026-06-17T17:02:00+00:00
[2026-06-18T09:56:12.919+0000] {processor.py:179} INFO - Processing /opt/airflow/dags/binance_daily_dag.py took 2.237 seconds
[2026-06-18T09:56:43.140+0000] {processor.py:157} INFO - Started process (PID=1134) to work on /opt/airflow/dags/binance_daily_dag.py
[2026-06-18T09:56:43.141+0000] {processor.py:829} INFO - Processing file /opt/airflow/dags/binance_daily_dag.py for tasks to queue
[2026-06-18T09:56:43.142+0000] {logging_mixin.py:151} INFO - [2026-06-18T09:56:43.141+0000] {dagbag.py:539} INFO - Filling up the DagBag from /opt/airflow/dags/binance_daily_dag.py
[2026-06-18T09:56:45.189+0000] {processor.py:839} INFO - DAG(s) dict_keys(['daily_crypto_bilstm_pipeline']) retrieved from /opt/airflow/dags/binance_daily_dag.py
[2026-06-18T09:56:45.207+0000] {logging_mixin.py:151} INFO - [2026-06-18T09:56:45.207+0000] {dag.py:2915} INFO - Sync 1 DAGs
[2026-06-18T09:56:45.223+0000] {logging_mixin.py:151} INFO - [2026-06-18T09:56:45.222+0000] {dag.py:3696} INFO - Setting next_dagrun for daily_crypto_bilstm_pipeline to 2026-06-16T17:02:00+00:00, run_after=2026-06-17T17:02:00+00:00
[2026-06-18T09:56:45.285+0000] {processor.py:179} INFO - Processing /opt/airflow/dags/binance_daily_dag.py took 2.148 seconds
[2026-06-18T09:57:15.568+0000] {processor.py:157} INFO - Started process (PID=1167) to work on /opt/airflow/dags/binance_daily_dag.py
[2026-06-18T09:57:15.569+0000] {processor.py:829} INFO - Processing file /opt/airflow/dags/binance_daily_dag.py for tasks to queue
[2026-06-18T09:57:15.570+0000] {logging_mixin.py:151} INFO - [2026-06-18T09:57:15.570+0000] {dagbag.py:539} INFO - Filling up the DagBag from /opt/airflow/dags/binance_daily_dag.py
[2026-06-18T09:57:17.565+0000] {processor.py:839} INFO - DAG(s) dict_keys(['daily_crypto_bilstm_pipeline']) retrieved from /opt/airflow/dags/binance_daily_dag.py
[2026-06-18T09:57:17.587+0000] {logging_mixin.py:151} INFO - [2026-06-18T09:57:17.586+0000] {dag.py:2915} INFO - Sync 1 DAGs
[2026-06-18T09:57:17.605+0000] {logging_mixin.py:151} INFO - [2026-06-18T09:57:17.605+0000] {dag.py:3696} INFO - Setting next_dagrun for daily_crypto_bilstm_pipeline to 2026-06-16T17:02:00+00:00, run_after=2026-06-17T17:02:00+00:00
[2026-06-18T09:57:17.664+0000] {processor.py:179} INFO - Processing /opt/airflow/dags/binance_daily_dag.py took 2.099 seconds
[2026-06-18T09:57:47.873+0000] {processor.py:157} INFO - Started process (PID=1207) to work on /opt/airflow/dags/binance_daily_dag.py
[2026-06-18T09:57:47.874+0000] {processor.py:829} INFO - Processing file /opt/airflow/dags/binance_daily_dag.py for tasks to queue
[2026-06-18T09:57:47.875+0000] {logging_mixin.py:151} INFO - [2026-06-18T09:57:47.874+0000] {dagbag.py:539} INFO - Filling up the DagBag from /opt/airflow/dags/binance_daily_dag.py
[2026-06-18T09:57:49.915+0000] {processor.py:839} INFO - DAG(s) dict_keys(['daily_crypto_bilstm_pipeline']) retrieved from /opt/airflow/dags/binance_daily_dag.py
[2026-06-18T09:57:49.937+0000] {logging_mixin.py:151} INFO - [2026-06-18T09:57:49.936+0000] {dag.py:2915} INFO - Sync 1 DAGs
[2026-06-18T09:57:49.957+0000] {logging_mixin.py:151} INFO - [2026-06-18T09:57:49.956+0000] {dag.py:3696} INFO - Setting next_dagrun for daily_crypto_bilstm_pipeline to 2026-06-16T17:02:00+00:00, run_after=2026-06-17T17:02:00+00:00
[2026-06-18T09:57:50.013+0000] {processor.py:179} INFO - Processing /opt/airflow/dags/binance_daily_dag.py took 2.145 seconds
[2026-06-18T09:58:20.245+0000] {processor.py:157} INFO - Started process (PID=1240) to work on /opt/airflow/dags/binance_daily_dag.py
[2026-06-18T09:58:20.247+0000] {processor.py:829} INFO - Processing file /opt/airflow/dags/binance_daily_dag.py for tasks to queue
[2026-06-18T09:58:20.248+0000] {logging_mixin.py:151} INFO - [2026-06-18T09:58:20.248+0000] {dagbag.py:539} INFO - Filling up the DagBag from /opt/airflow/dags/binance_daily_dag.py
[2026-06-18T09:58:22.491+0000] {processor.py:839} INFO - DAG(s) dict_keys(['daily_crypto_bilstm_pipeline']) retrieved from /opt/airflow/dags/binance_daily_dag.py
[2026-06-18T09:58:22.512+0000] {logging_mixin.py:151} INFO - [2026-06-18T09:58:22.512+0000] {dag.py:2915} INFO - Sync 1 DAGs
[2026-06-18T09:58:22.530+0000] {logging_mixin.py:151} INFO - [2026-06-18T09:58:22.530+0000] {dag.py:3696} INFO - Setting next_dagrun for daily_crypto_bilstm_pipeline to 2026-06-16T17:02:00+00:00, run_after=2026-06-17T17:02:00+00:00
[2026-06-18T09:58:22.549+0000] {processor.py:179} INFO - Processing /opt/airflow/dags/binance_daily_dag.py took 2.310 seconds
[2026-06-18T09:58:52.642+0000] {processor.py:157} INFO - Started process (PID=1278) to work on /opt/airflow/dags/binance_daily_dag.py
[2026-06-18T09:58:52.644+0000] {processor.py:829} INFO - Processing file /opt/airflow/dags/binance_daily_dag.py for tasks to queue
[2026-06-18T09:58:52.644+0000] {logging_mixin.py:151} INFO - [2026-06-18T09:58:52.644+0000] {dagbag.py:539} INFO - Filling up the DagBag from /opt/airflow/dags/binance_daily_dag.py
[2026-06-18T09:58:54.673+0000] {processor.py:839} INFO - DAG(s) dict_keys(['daily_crypto_bilstm_pipeline']) retrieved from /opt/airflow/dags/binance_daily_dag.py
[2026-06-18T09:58:54.691+0000] {logging_mixin.py:151} INFO - [2026-06-18T09:58:54.690+0000] {dag.py:2915} INFO - Sync 1 DAGs
[2026-06-18T09:58:54.710+0000] {logging_mixin.py:151} INFO - [2026-06-18T09:58:54.710+0000] {dag.py:3696} INFO - Setting next_dagrun for daily_crypto_bilstm_pipeline to 2026-06-16T17:02:00+00:00, run_after=2026-06-17T17:02:00+00:00
[2026-06-18T09:58:54.768+0000] {processor.py:179} INFO - Processing /opt/airflow/dags/binance_daily_dag.py took 2.129 seconds
[2026-06-18T09:59:25.180+0000] {processor.py:157} INFO - Started process (PID=1311) to work on /opt/airflow/dags/binance_daily_dag.py
[2026-06-18T09:59:25.181+0000] {processor.py:829} INFO - Processing file /opt/airflow/dags/binance_daily_dag.py for tasks to queue
[2026-06-18T09:59:25.182+0000] {logging_mixin.py:151} INFO - [2026-06-18T09:59:25.182+0000] {dagbag.py:539} INFO - Filling up the DagBag from /opt/airflow/dags/binance_daily_dag.py
[2026-06-18T09:59:27.342+0000] {processor.py:839} INFO - DAG(s) dict_keys(['daily_crypto_bilstm_pipeline']) retrieved from /opt/airflow/dags/binance_daily_dag.py
[2026-06-18T09:59:27.361+0000] {logging_mixin.py:151} INFO - [2026-06-18T09:59:27.361+0000] {dag.py:2915} INFO - Sync 1 DAGs
[2026-06-18T09:59:27.379+0000] {logging_mixin.py:151} INFO - [2026-06-18T09:59:27.379+0000] {dag.py:3696} INFO - Setting next_dagrun for daily_crypto_bilstm_pipeline to 2026-06-16T17:02:00+00:00, run_after=2026-06-17T17:02:00+00:00
[2026-06-18T09:59:27.437+0000] {processor.py:179} INFO - Processing /opt/airflow/dags/binance_daily_dag.py took 2.260 seconds
[2026-06-18T09:59:57.979+0000] {processor.py:157} INFO - Started process (PID=1344) to work on /opt/airflow/dags/binance_daily_dag.py
[2026-06-18T09:59:57.981+0000] {processor.py:829} INFO - Processing file /opt/airflow/dags/binance_daily_dag.py for tasks to queue
[2026-06-18T09:59:57.981+0000] {logging_mixin.py:151} INFO - [2026-06-18T09:59:57.981+0000] {dagbag.py:539} INFO - Filling up the DagBag from /opt/airflow/dags/binance_daily_dag.py
[2026-06-18T10:00:00.215+0000] {processor.py:839} INFO - DAG(s) dict_keys(['daily_crypto_bilstm_pipeline']) retrieved from /opt/airflow/dags/binance_daily_dag.py
[2026-06-18T10:00:00.235+0000] {logging_mixin.py:151} INFO - [2026-06-18T10:00:00.234+0000] {dag.py:2915} INFO - Sync 1 DAGs
[2026-06-18T10:00:00.253+0000] {logging_mixin.py:151} INFO - [2026-06-18T10:00:00.253+0000] {dag.py:3696} INFO - Setting next_dagrun for daily_crypto_bilstm_pipeline to 2026-06-16T17:02:00+00:00, run_after=2026-06-17T17:02:00+00:00
[2026-06-18T10:00:00.273+0000] {processor.py:179} INFO - Processing /opt/airflow/dags/binance_daily_dag.py took 2.297 seconds
[2026-06-18T10:00:30.655+0000] {processor.py:157} INFO - Started process (PID=1377) to work on /opt/airflow/dags/binance_daily_dag.py
[2026-06-18T10:00:30.657+0000] {processor.py:829} INFO - Processing file /opt/airflow/dags/binance_daily_dag.py for tasks to queue
[2026-06-18T10:00:30.658+0000] {logging_mixin.py:151} INFO - [2026-06-18T10:00:30.657+0000] {dagbag.py:539} INFO - Filling up the DagBag from /opt/airflow/dags/binance_daily_dag.py
[2026-06-18T10:00:32.848+0000] {processor.py:839} INFO - DAG(s) dict_keys(['daily_crypto_bilstm_pipeline']) retrieved from /opt/airflow/dags/binance_daily_dag.py
[2026-06-18T10:00:32.869+0000] {logging_mixin.py:151} INFO - [2026-06-18T10:00:32.869+0000] {dag.py:2915} INFO - Sync 1 DAGs
[2026-06-18T10:00:32.887+0000] {logging_mixin.py:151} INFO - [2026-06-18T10:00:32.886+0000] {dag.py:3696} INFO - Setting next_dagrun for daily_crypto_bilstm_pipeline to 2026-06-16T17:02:00+00:00, run_after=2026-06-17T17:02:00+00:00
[2026-06-18T10:00:32.904+0000] {processor.py:179} INFO - Processing /opt/airflow/dags/binance_daily_dag.py took 2.253 seconds
[2026-06-18T10:01:03.120+0000] {processor.py:157} INFO - Started process (PID=1410) to work on /opt/airflow/dags/binance_daily_dag.py
[2026-06-18T10:01:03.122+0000] {processor.py:829} INFO - Processing file /opt/airflow/dags/binance_daily_dag.py for tasks to queue
[2026-06-18T10:01:03.123+0000] {logging_mixin.py:151} INFO - [2026-06-18T10:01:03.122+0000] {dagbag.py:539} INFO - Filling up the DagBag from /opt/airflow/dags/binance_daily_dag.py
[2026-06-18T10:01:05.325+0000] {processor.py:839} INFO - DAG(s) dict_keys(['daily_crypto_bilstm_pipeline']) retrieved from /opt/airflow/dags/binance_daily_dag.py
[2026-06-18T10:01:05.344+0000] {logging_mixin.py:151} INFO - [2026-06-18T10:01:05.343+0000] {dag.py:2915} INFO - Sync 1 DAGs
[2026-06-18T10:01:05.363+0000] {logging_mixin.py:151} INFO - [2026-06-18T10:01:05.363+0000] {dag.py:3696} INFO - Setting next_dagrun for daily_crypto_bilstm_pipeline to 2026-06-16T17:02:00+00:00, run_after=2026-06-17T17:02:00+00:00
[2026-06-18T10:01:05.381+0000] {processor.py:179} INFO - Processing /opt/airflow/dags/binance_daily_dag.py took 2.265 seconds
[2026-06-18T10:01:35.489+0000] {processor.py:157} INFO - Started process (PID=1443) to work on /opt/airflow/dags/binance_daily_dag.py
[2026-06-18T10:01:35.490+0000] {processor.py:829} INFO - Processing file /opt/airflow/dags/binance_daily_dag.py for tasks to queue
[2026-06-18T10:01:35.491+0000] {logging_mixin.py:151} INFO - [2026-06-18T10:01:35.491+0000] {dagbag.py:539} INFO - Filling up the DagBag from /opt/airflow/dags/binance_daily_dag.py
[2026-06-18T10:01:37.684+0000] {processor.py:839} INFO - DAG(s) dict_keys(['daily_crypto_bilstm_pipeline']) retrieved from /opt/airflow/dags/binance_daily_dag.py
[2026-06-18T10:01:37.708+0000] {logging_mixin.py:151} INFO - [2026-06-18T10:01:37.708+0000] {dag.py:2915} INFO - Sync 1 DAGs
[2026-06-18T10:01:37.731+0000] {logging_mixin.py:151} INFO - [2026-06-18T10:01:37.731+0000] {dag.py:3696} INFO - Setting next_dagrun for daily_crypto_bilstm_pipeline to 2026-06-16T17:02:00+00:00, run_after=2026-06-17T17:02:00+00:00
[2026-06-18T10:01:37.753+0000] {processor.py:179} INFO - Processing /opt/airflow/dags/binance_daily_dag.py took 2.267 seconds
[2026-06-18T10:02:08.528+0000] {processor.py:157} INFO - Started process (PID=1476) to work on /opt/airflow/dags/binance_daily_dag.py
[2026-06-18T10:02:08.529+0000] {processor.py:829} INFO - Processing file /opt/airflow/dags/binance_daily_dag.py for tasks to queue
[2026-06-18T10:02:08.530+0000] {logging_mixin.py:151} INFO - [2026-06-18T10:02:08.530+0000] {dagbag.py:539} INFO - Filling up the DagBag from /opt/airflow/dags/binance_daily_dag.py
[2026-06-18T10:02:10.772+0000] {processor.py:839} INFO - DAG(s) dict_keys(['daily_crypto_bilstm_pipeline']) retrieved from /opt/airflow/dags/binance_daily_dag.py
[2026-06-18T10:02:10.795+0000] {logging_mixin.py:151} INFO - [2026-06-18T10:02:10.794+0000] {dag.py:2915} INFO - Sync 1 DAGs
[2026-06-18T10:02:10.812+0000] {logging_mixin.py:151} INFO - [2026-06-18T10:02:10.812+0000] {dag.py:3696} INFO - Setting next_dagrun for daily_crypto_bilstm_pipeline to 2026-06-16T17:02:00+00:00, run_after=2026-06-17T17:02:00+00:00
[2026-06-18T10:02:10.833+0000] {processor.py:179} INFO - Processing /opt/airflow/dags/binance_daily_dag.py took 2.308 seconds
[2026-06-18T10:02:41.631+0000] {processor.py:157} INFO - Started process (PID=1509) to work on /opt/airflow/dags/binance_daily_dag.py
[2026-06-18T10:02:41.632+0000] {processor.py:829} INFO - Processing file /opt/airflow/dags/binance_daily_dag.py for tasks to queue
[2026-06-18T10:02:41.633+0000] {logging_mixin.py:151} INFO - [2026-06-18T10:02:41.632+0000] {dagbag.py:539} INFO - Filling up the DagBag from /opt/airflow/dags/binance_daily_dag.py
[2026-06-18T10:02:43.981+0000] {processor.py:839} INFO - DAG(s) dict_keys(['daily_crypto_bilstm_pipeline']) retrieved from /opt/airflow/dags/binance_daily_dag.py
[2026-06-18T10:02:44.000+0000] {logging_mixin.py:151} INFO - [2026-06-18T10:02:44.000+0000] {dag.py:2915} INFO - Sync 1 DAGs
[2026-06-18T10:02:44.020+0000] {logging_mixin.py:151} INFO - [2026-06-18T10:02:44.019+0000] {dag.py:3696} INFO - Setting next_dagrun for daily_crypto_bilstm_pipeline to 2026-06-16T17:02:00+00:00, run_after=2026-06-17T17:02:00+00:00
[2026-06-18T10:02:44.044+0000] {processor.py:179} INFO - Processing /opt/airflow/dags/binance_daily_dag.py took 2.416 seconds
[2026-06-18T10:03:14.398+0000] {processor.py:157} INFO - Started process (PID=1542) to work on /opt/airflow/dags/binance_daily_dag.py
[2026-06-18T10:03:14.400+0000] {processor.py:829} INFO - Processing file /opt/airflow/dags/binance_daily_dag.py for tasks to queue
[2026-06-18T10:03:14.401+0000] {logging_mixin.py:151} INFO - [2026-06-18T10:03:14.401+0000] {dagbag.py:539} INFO - Filling up the DagBag from /opt/airflow/dags/binance_daily_dag.py
[2026-06-18T10:03:16.708+0000] {processor.py:839} INFO - DAG(s) dict_keys(['daily_crypto_bilstm_pipeline']) retrieved from /opt/airflow/dags/binance_daily_dag.py
[2026-06-18T10:03:16.728+0000] {logging_mixin.py:151} INFO - [2026-06-18T10:03:16.727+0000] {dag.py:2915} INFO - Sync 1 DAGs
[2026-06-18T10:03:16.747+0000] {logging_mixin.py:151} INFO - [2026-06-18T10:03:16.747+0000] {dag.py:3696} INFO - Setting next_dagrun for daily_crypto_bilstm_pipeline to 2026-06-16T17:02:00+00:00, run_after=2026-06-17T17:02:00+00:00
[2026-06-18T10:03:16.765+0000] {processor.py:179} INFO - Processing /opt/airflow/dags/binance_daily_dag.py took 2.372 seconds
[2026-06-18T10:03:46.901+0000] {processor.py:157} INFO - Started process (PID=1575) to work on /opt/airflow/dags/binance_daily_dag.py
[2026-06-18T10:03:46.903+0000] {processor.py:829} INFO - Processing file /opt/airflow/dags/binance_daily_dag.py for tasks to queue
[2026-06-18T10:03:46.903+0000] {logging_mixin.py:151} INFO - [2026-06-18T10:03:46.903+0000] {dagbag.py:539} INFO - Filling up the DagBag from /opt/airflow/dags/binance_daily_dag.py
[2026-06-18T10:03:49.387+0000] {processor.py:839} INFO - DAG(s) dict_keys(['daily_crypto_bilstm_pipeline']) retrieved from /opt/airflow/dags/binance_daily_dag.py
[2026-06-18T10:03:49.407+0000] {logging_mixin.py:151} INFO - [2026-06-18T10:03:49.406+0000] {dag.py:2915} INFO - Sync 1 DAGs
[2026-06-18T10:03:49.423+0000] {logging_mixin.py:151} INFO - [2026-06-18T10:03:49.422+0000] {dag.py:3696} INFO - Setting next_dagrun for daily_crypto_bilstm_pipeline to 2026-06-16T17:02:00+00:00, run_after=2026-06-17T17:02:00+00:00
[2026-06-18T10:03:49.482+0000] {processor.py:179} INFO - Processing /opt/airflow/dags/binance_daily_dag.py took 2.584 seconds
[2026-06-18T10:04:19.715+0000] {processor.py:157} INFO - Started process (PID=1615) to work on /opt/airflow/dags/binance_daily_dag.py
[2026-06-18T10:04:19.717+0000] {processor.py:829} INFO - Processing file /opt/airflow/dags/binance_daily_dag.py for tasks to queue
[2026-06-18T10:04:19.718+0000] {logging_mixin.py:151} INFO - [2026-06-18T10:04:19.718+0000] {dagbag.py:539} INFO - Filling up the DagBag from /opt/airflow/dags/binance_daily_dag.py
[2026-06-18T10:04:22.181+0000] {processor.py:839} INFO - DAG(s) dict_keys(['daily_crypto_bilstm_pipeline']) retrieved from /opt/airflow/dags/binance_daily_dag.py
[2026-06-18T10:04:22.203+0000] {logging_mixin.py:151} INFO - [2026-06-18T10:04:22.202+0000] {dag.py:2915} INFO - Sync 1 DAGs
[2026-06-18T10:04:22.222+0000] {logging_mixin.py:151} INFO - [2026-06-18T10:04:22.221+0000] {dag.py:3696} INFO - Setting next_dagrun for daily_crypto_bilstm_pipeline to 2026-06-16T17:02:00+00:00, run_after=2026-06-17T17:02:00+00:00
[2026-06-18T10:04:22.239+0000] {processor.py:179} INFO - Processing /opt/airflow/dags/binance_daily_dag.py took 2.528 seconds
[2026-06-18T10:04:52.517+0000] {processor.py:157} INFO - Started process (PID=1648) to work on /opt/airflow/dags/binance_daily_dag.py
[2026-06-18T10:04:52.519+0000] {processor.py:829} INFO - Processing file /opt/airflow/dags/binance_daily_dag.py for tasks to queue
[2026-06-18T10:04:52.520+0000] {logging_mixin.py:151} INFO - [2026-06-18T10:04:52.520+0000] {dagbag.py:539} INFO - Filling up the DagBag from /opt/airflow/dags/binance_daily_dag.py
[2026-06-18T10:04:54.728+0000] {processor.py:839} INFO - DAG(s) dict_keys(['daily_crypto_bilstm_pipeline']) retrieved from /opt/airflow/dags/binance_daily_dag.py
[2026-06-18T10:04:54.751+0000] {logging_mixin.py:151} INFO - [2026-06-18T10:04:54.751+0000] {dag.py:2915} INFO - Sync 1 DAGs
[2026-06-18T10:04:54.768+0000] {logging_mixin.py:151} INFO - [2026-06-18T10:04:54.768+0000] {dag.py:3696} INFO - Setting next_dagrun for daily_crypto_bilstm_pipeline to 2026-06-16T17:02:00+00:00, run_after=2026-06-17T17:02:00+00:00
[2026-06-18T10:04:54.786+0000] {processor.py:179} INFO - Processing /opt/airflow/dags/binance_daily_dag.py took 2.275 seconds
[2026-06-18T10:05:25.437+0000] {processor.py:157} INFO - Started process (PID=1681) to work on /opt/airflow/dags/binance_daily_dag.py
[2026-06-18T10:05:25.438+0000] {processor.py:829} INFO - Processing file /opt/airflow/dags/binance_daily_dag.py for tasks to queue
[2026-06-18T10:05:25.440+0000] {logging_mixin.py:151} INFO - [2026-06-18T10:05:25.439+0000] {dagbag.py:539} INFO - Filling up the DagBag from /opt/airflow/dags/binance_daily_dag.py
[2026-06-18T10:05:27.762+0000] {processor.py:839} INFO - DAG(s) dict_keys(['daily_crypto_bilstm_pipeline']) retrieved from /opt/airflow/dags/binance_daily_dag.py
[2026-06-18T10:05:27.781+0000] {logging_mixin.py:151} INFO - [2026-06-18T10:05:27.780+0000] {dag.py:2915} INFO - Sync 1 DAGs
[2026-06-18T10:05:27.800+0000] {logging_mixin.py:151} INFO - [2026-06-18T10:05:27.800+0000] {dag.py:3696} INFO - Setting next_dagrun for daily_crypto_bilstm_pipeline to 2026-06-16T17:02:00+00:00, run_after=2026-06-17T17:02:00+00:00
[2026-06-18T10:05:27.862+0000] {processor.py:179} INFO - Processing /opt/airflow/dags/binance_daily_dag.py took 2.428 seconds
[2026-06-18T10:05:58.137+0000] {processor.py:157} INFO - Started process (PID=1714) to work on /opt/airflow/dags/binance_daily_dag.py
[2026-06-18T10:05:58.139+0000] {processor.py:829} INFO - Processing file /opt/airflow/dags/binance_daily_dag.py for tasks to queue
[2026-06-18T10:05:58.140+0000] {logging_mixin.py:151} INFO - [2026-06-18T10:05:58.139+0000] {dagbag.py:539} INFO - Filling up the DagBag from /opt/airflow/dags/binance_daily_dag.py
[2026-06-18T10:06:00.782+0000] {processor.py:839} INFO - DAG(s) dict_keys(['daily_crypto_bilstm_pipeline']) retrieved from /opt/airflow/dags/binance_daily_dag.py
[2026-06-18T10:06:00.877+0000] {logging_mixin.py:151} INFO - [2026-06-18T10:06:00.875+0000] {dag.py:2915} INFO - Sync 1 DAGs
[2026-06-18T10:06:00.938+0000] {logging_mixin.py:151} INFO - [2026-06-18T10:06:00.938+0000] {dag.py:3696} INFO - Setting next_dagrun for daily_crypto_bilstm_pipeline to 2026-06-16T17:02:00+00:00, run_after=2026-06-17T17:02:00+00:00
[2026-06-18T10:06:00.971+0000] {processor.py:179} INFO - Processing /opt/airflow/dags/binance_daily_dag.py took 2.837 seconds
[2026-06-18T10:06:31.305+0000] {processor.py:157} INFO - Started process (PID=1790) to work on /opt/airflow/dags/binance_daily_dag.py
[2026-06-18T10:06:31.307+0000] {processor.py:829} INFO - Processing file /opt/airflow/dags/binance_daily_dag.py for tasks to queue
[2026-06-18T10:06:31.308+0000] {logging_mixin.py:151} INFO - [2026-06-18T10:06:31.308+0000] {dagbag.py:539} INFO - Filling up the DagBag from /opt/airflow/dags/binance_daily_dag.py
[2026-06-18T10:06:33.637+0000] {processor.py:839} INFO - DAG(s) dict_keys(['daily_crypto_bilstm_pipeline']) retrieved from /opt/airflow/dags/binance_daily_dag.py
[2026-06-18T10:06:33.660+0000] {logging_mixin.py:151} INFO - [2026-06-18T10:06:33.660+0000] {dag.py:2915} INFO - Sync 1 DAGs
[2026-06-18T10:06:33.677+0000] {logging_mixin.py:151} INFO - [2026-06-18T10:06:33.676+0000] {dag.py:3696} INFO - Setting next_dagrun for daily_crypto_bilstm_pipeline to 2026-06-16T17:02:00+00:00, run_after=2026-06-17T17:02:00+00:00
[2026-06-18T10:06:33.739+0000] {processor.py:179} INFO - Processing /opt/airflow/dags/binance_daily_dag.py took 2.438 seconds
[2026-06-18T10:07:03.840+0000] {processor.py:157} INFO - Started process (PID=1823) to work on /opt/airflow/dags/binance_daily_dag.py
[2026-06-18T10:07:03.842+0000] {processor.py:829} INFO - Processing file /opt/airflow/dags/binance_daily_dag.py for tasks to queue
[2026-06-18T10:07:03.843+0000] {logging_mixin.py:151} INFO - [2026-06-18T10:07:03.842+0000] {dagbag.py:539} INFO - Filling up the DagBag from /opt/airflow/dags/binance_daily_dag.py
[2026-06-18T10:07:06.117+0000] {processor.py:839} INFO - DAG(s) dict_keys(['daily_crypto_bilstm_pipeline']) retrieved from /opt/airflow/dags/binance_daily_dag.py
[2026-06-18T10:07:06.137+0000] {logging_mixin.py:151} INFO - [2026-06-18T10:07:06.136+0000] {dag.py:2915} INFO - Sync 1 DAGs
[2026-06-18T10:07:06.156+0000] {logging_mixin.py:151} INFO - [2026-06-18T10:07:06.156+0000] {dag.py:3696} INFO - Setting next_dagrun for daily_crypto_bilstm_pipeline to 2026-06-16T17:02:00+00:00, run_after=2026-06-17T17:02:00+00:00
[2026-06-18T10:07:06.174+0000] {processor.py:179} INFO - Processing /opt/airflow/dags/binance_daily_dag.py took 2.337 seconds
[2026-06-18T10:07:36.400+0000] {processor.py:157} INFO - Started process (PID=1856) to work on /opt/airflow/dags/binance_daily_dag.py
[2026-06-18T10:07:36.402+0000] {processor.py:829} INFO - Processing file /opt/airflow/dags/binance_daily_dag.py for tasks to queue
[2026-06-18T10:07:36.403+0000] {logging_mixin.py:151} INFO - [2026-06-18T10:07:36.402+0000] {dagbag.py:539} INFO - Filling up the DagBag from /opt/airflow/dags/binance_daily_dag.py
[2026-06-18T10:07:38.692+0000] {processor.py:839} INFO - DAG(s) dict_keys(['daily_crypto_bilstm_pipeline']) retrieved from /opt/airflow/dags/binance_daily_dag.py
[2026-06-18T10:07:38.718+0000] {logging_mixin.py:151} INFO - [2026-06-18T10:07:38.717+0000] {dag.py:2915} INFO - Sync 1 DAGs
[2026-06-18T10:07:38.744+0000] {logging_mixin.py:151} INFO - [2026-06-18T10:07:38.743+0000] {dag.py:3696} INFO - Setting next_dagrun for daily_crypto_bilstm_pipeline to 2026-06-16T17:02:00+00:00, run_after=2026-06-17T17:02:00+00:00
[2026-06-18T10:07:38.784+0000] {processor.py:179} INFO - Processing /opt/airflow/dags/binance_daily_dag.py took 2.387 seconds
[2026-06-18T10:08:09.024+0000] {processor.py:157} INFO - Started process (PID=1927) to work on /opt/airflow/dags/binance_daily_dag.py
[2026-06-18T10:08:09.025+0000] {processor.py:829} INFO - Processing file /opt/airflow/dags/binance_daily_dag.py for tasks to queue
[2026-06-18T10:08:09.026+0000] {logging_mixin.py:151} INFO - [2026-06-18T10:08:09.026+0000] {dagbag.py:539} INFO - Filling up the DagBag from /opt/airflow/dags/binance_daily_dag.py
[2026-06-18T10:08:11.141+0000] {processor.py:839} INFO - DAG(s) dict_keys(['daily_crypto_bilstm_pipeline']) retrieved from /opt/airflow/dags/binance_daily_dag.py
[2026-06-18T10:08:11.161+0000] {logging_mixin.py:151} INFO - [2026-06-18T10:08:11.160+0000] {dag.py:2915} INFO - Sync 1 DAGs
[2026-06-18T10:08:11.222+0000] {logging_mixin.py:151} INFO - [2026-06-18T10:08:11.221+0000] {dag.py:3696} INFO - Setting next_dagrun for daily_crypto_bilstm_pipeline to 2026-06-16T17:02:00+00:00, run_after=2026-06-17T17:02:00+00:00
[2026-06-18T10:08:11.241+0000] {processor.py:179} INFO - Processing /opt/airflow/dags/binance_daily_dag.py took 2.221 seconds
[2026-06-18T10:08:41.765+0000] {processor.py:157} INFO - Started process (PID=1960) to work on /opt/airflow/dags/binance_daily_dag.py
[2026-06-18T10:08:41.767+0000] {processor.py:829} INFO - Processing file /opt/airflow/dags/binance_daily_dag.py for tasks to queue
[2026-06-18T10:08:41.768+0000] {logging_mixin.py:151} INFO - [2026-06-18T10:08:41.767+0000] {dagbag.py:539} INFO - Filling up the DagBag from /opt/airflow/dags/binance_daily_dag.py
[2026-06-18T10:08:43.986+0000] {processor.py:839} INFO - DAG(s) dict_keys(['daily_crypto_bilstm_pipeline']) retrieved from /opt/airflow/dags/binance_daily_dag.py
[2026-06-18T10:08:44.006+0000] {logging_mixin.py:151} INFO - [2026-06-18T10:08:44.006+0000] {dag.py:2915} INFO - Sync 1 DAGs
[2026-06-18T10:08:44.023+0000] {logging_mixin.py:151} INFO - [2026-06-18T10:08:44.023+0000] {dag.py:3696} INFO - Setting next_dagrun for daily_crypto_bilstm_pipeline to 2026-06-16T17:02:00+00:00, run_after=2026-06-17T17:02:00+00:00
[2026-06-18T10:08:44.081+0000] {processor.py:179} INFO - Processing /opt/airflow/dags/binance_daily_dag.py took 2.319 seconds
[2026-06-18T10:09:14.622+0000] {processor.py:157} INFO - Started process (PID=1993) to work on /opt/airflow/dags/binance_daily_dag.py
[2026-06-18T10:09:14.623+0000] {processor.py:829} INFO - Processing file /opt/airflow/dags/binance_daily_dag.py for tasks to queue
[2026-06-18T10:09:14.623+0000] {logging_mixin.py:151} INFO - [2026-06-18T10:09:14.623+0000] {dagbag.py:539} INFO - Filling up the DagBag from /opt/airflow/dags/binance_daily_dag.py
[2026-06-18T10:09:16.948+0000] {processor.py:839} INFO - DAG(s) dict_keys(['daily_crypto_bilstm_pipeline']) retrieved from /opt/airflow/dags/binance_daily_dag.py
[2026-06-18T10:09:16.965+0000] {logging_mixin.py:151} INFO - [2026-06-18T10:09:16.965+0000] {dag.py:2915} INFO - Sync 1 DAGs
[2026-06-18T10:09:16.983+0000] {logging_mixin.py:151} INFO - [2026-06-18T10:09:16.982+0000] {dag.py:3696} INFO - Setting next_dagrun for daily_crypto_bilstm_pipeline to 2026-06-16T17:02:00+00:00, run_after=2026-06-17T17:02:00+00:00
[2026-06-18T10:09:17.021+0000] {processor.py:179} INFO - Processing /opt/airflow/dags/binance_daily_dag.py took 2.402 seconds
[2026-06-18T10:09:47.285+0000] {processor.py:157} INFO - Started process (PID=2026) to work on /opt/airflow/dags/binance_daily_dag.py
[2026-06-18T10:09:47.286+0000] {processor.py:829} INFO - Processing file /opt/airflow/dags/binance_daily_dag.py for tasks to queue
[2026-06-18T10:09:47.287+0000] {logging_mixin.py:151} INFO - [2026-06-18T10:09:47.287+0000] {dagbag.py:539} INFO - Filling up the DagBag from /opt/airflow/dags/binance_daily_dag.py
[2026-06-18T10:09:49.666+0000] {processor.py:839} INFO - DAG(s) dict_keys(['daily_crypto_bilstm_pipeline']) retrieved from /opt/airflow/dags/binance_daily_dag.py
[2026-06-18T10:09:49.685+0000] {logging_mixin.py:151} INFO - [2026-06-18T10:09:49.685+0000] {dag.py:2915} INFO - Sync 1 DAGs
[2026-06-18T10:09:49.707+0000] {logging_mixin.py:151} INFO - [2026-06-18T10:09:49.707+0000] {dag.py:3696} INFO - Setting next_dagrun for daily_crypto_bilstm_pipeline to 2026-06-16T17:02:00+00:00, run_after=2026-06-17T17:02:00+00:00
[2026-06-18T10:09:49.751+0000] {processor.py:179} INFO - Processing /opt/airflow/dags/binance_daily_dag.py took 2.470 seconds
[2026-06-18T10:10:20.073+0000] {processor.py:157} INFO - Started process (PID=2067) to work on /opt/airflow/dags/binance_daily_dag.py
[2026-06-18T10:10:20.075+0000] {processor.py:829} INFO - Processing file /opt/airflow/dags/binance_daily_dag.py for tasks to queue
[2026-06-18T10:10:20.076+0000] {logging_mixin.py:151} INFO - [2026-06-18T10:10:20.075+0000] {dagbag.py:539} INFO - Filling up the DagBag from /opt/airflow/dags/binance_daily_dag.py
[2026-06-18T10:10:22.426+0000] {processor.py:839} INFO - DAG(s) dict_keys(['daily_crypto_bilstm_pipeline']) retrieved from /opt/airflow/dags/binance_daily_dag.py
[2026-06-18T10:10:22.448+0000] {logging_mixin.py:151} INFO - [2026-06-18T10:10:22.447+0000] {dag.py:2915} INFO - Sync 1 DAGs
[2026-06-18T10:10:22.469+0000] {logging_mixin.py:151} INFO - [2026-06-18T10:10:22.469+0000] {dag.py:3696} INFO - Setting next_dagrun for daily_crypto_bilstm_pipeline to 2026-06-16T17:02:00+00:00, run_after=2026-06-17T17:02:00+00:00
[2026-06-18T10:10:22.534+0000] {processor.py:179} INFO - Processing /opt/airflow/dags/binance_daily_dag.py took 2.467 seconds
[2026-06-18T10:10:52.879+0000] {processor.py:157} INFO - Started process (PID=2100) to work on /opt/airflow/dags/binance_daily_dag.py
[2026-06-18T10:10:52.880+0000] {processor.py:829} INFO - Processing file /opt/airflow/dags/binance_daily_dag.py for tasks to queue
[2026-06-18T10:10:52.882+0000] {logging_mixin.py:151} INFO - [2026-06-18T10:10:52.882+0000] {dagbag.py:539} INFO - Filling up the DagBag from /opt/airflow/dags/binance_daily_dag.py
[2026-06-18T10:10:55.211+0000] {processor.py:839} INFO - DAG(s) dict_keys(['daily_crypto_bilstm_pipeline']) retrieved from /opt/airflow/dags/binance_daily_dag.py
[2026-06-18T10:10:55.236+0000] {logging_mixin.py:151} INFO - [2026-06-18T10:10:55.236+0000] {dag.py:2915} INFO - Sync 1 DAGs
[2026-06-18T10:10:55.259+0000] {logging_mixin.py:151} INFO - [2026-06-18T10:10:55.259+0000] {dag.py:3696} INFO - Setting next_dagrun for daily_crypto_bilstm_pipeline to 2026-06-16T17:02:00+00:00, run_after=2026-06-17T17:02:00+00:00
[2026-06-18T10:10:55.321+0000] {processor.py:179} INFO - Processing /opt/airflow/dags/binance_daily_dag.py took 2.447 seconds
[2026-06-18T10:11:25.703+0000] {processor.py:157} INFO - Started process (PID=2133) to work on /opt/airflow/dags/binance_daily_dag.py
[2026-06-18T10:11:25.704+0000] {processor.py:829} INFO - Processing file /opt/airflow/dags/binance_daily_dag.py for tasks to queue
[2026-06-18T10:11:25.705+0000] {logging_mixin.py:151} INFO - [2026-06-18T10:11:25.705+0000] {dagbag.py:539} INFO - Filling up the DagBag from /opt/airflow/dags/binance_daily_dag.py
[2026-06-18T10:11:28.311+0000] {processor.py:839} INFO - DAG(s) dict_keys(['daily_crypto_bilstm_pipeline']) retrieved from /opt/airflow/dags/binance_daily_dag.py
[2026-06-18T10:11:28.334+0000] {logging_mixin.py:151} INFO - [2026-06-18T10:11:28.333+0000] {dag.py:2915} INFO - Sync 1 DAGs
[2026-06-18T10:11:28.356+0000] {logging_mixin.py:151} INFO - [2026-06-18T10:11:28.356+0000] {dag.py:3696} INFO - Setting next_dagrun for daily_crypto_bilstm_pipeline to 2026-06-16T17:02:00+00:00, run_after=2026-06-17T17:02:00+00:00
[2026-06-18T10:11:28.392+0000] {processor.py:179} INFO - Processing /opt/airflow/dags/binance_daily_dag.py took 2.693 seconds
[2026-06-18T10:11:58.833+0000] {processor.py:157} INFO - Started process (PID=2166) to work on /opt/airflow/dags/binance_daily_dag.py
[2026-06-18T10:11:58.834+0000] {processor.py:829} INFO - Processing file /opt/airflow/dags/binance_daily_dag.py for tasks to queue
[2026-06-18T10:11:58.835+0000] {logging_mixin.py:151} INFO - [2026-06-18T10:11:58.835+0000] {dagbag.py:539} INFO - Filling up the DagBag from /opt/airflow/dags/binance_daily_dag.py
[2026-06-18T10:12:01.142+0000] {processor.py:839} INFO - DAG(s) dict_keys(['daily_crypto_bilstm_pipeline']) retrieved from /opt/airflow/dags/binance_daily_dag.py
[2026-06-18T10:12:01.176+0000] {logging_mixin.py:151} INFO - [2026-06-18T10:12:01.176+0000] {dag.py:2915} INFO - Sync 1 DAGs
[2026-06-18T10:12:01.202+0000] {logging_mixin.py:151} INFO - [2026-06-18T10:12:01.202+0000] {dag.py:3696} INFO - Setting next_dagrun for daily_crypto_bilstm_pipeline to 2026-06-16T17:02:00+00:00, run_after=2026-06-17T17:02:00+00:00
[2026-06-18T10:12:01.226+0000] {processor.py:179} INFO - Processing /opt/airflow/dags/binance_daily_dag.py took 2.396 seconds
[2026-06-18T10:12:31.358+0000] {processor.py:157} INFO - Started process (PID=2199) to work on /opt/airflow/dags/binance_daily_dag.py
[2026-06-18T10:12:31.360+0000] {processor.py:829} INFO - Processing file /opt/airflow/dags/binance_daily_dag.py for tasks to queue
[2026-06-18T10:12:31.361+0000] {logging_mixin.py:151} INFO - [2026-06-18T10:12:31.361+0000] {dagbag.py:539} INFO - Filling up the DagBag from /opt/airflow/dags/binance_daily_dag.py
[2026-06-18T10:12:33.676+0000] {processor.py:839} INFO - DAG(s) dict_keys(['daily_crypto_bilstm_pipeline']) retrieved from /opt/airflow/dags/binance_daily_dag.py
[2026-06-18T10:12:33.717+0000] {logging_mixin.py:151} INFO - [2026-06-18T10:12:33.716+0000] {dag.py:2915} INFO - Sync 1 DAGs
[2026-06-18T10:12:33.738+0000] {logging_mixin.py:151} INFO - [2026-06-18T10:12:33.737+0000] {dag.py:3696} INFO - Setting next_dagrun for daily_crypto_bilstm_pipeline to 2026-06-16T17:02:00+00:00, run_after=2026-06-17T17:02:00+00:00
[2026-06-18T10:12:33.762+0000] {processor.py:179} INFO - Processing /opt/airflow/dags/binance_daily_dag.py took 2.407 seconds
[2026-06-18T10:13:04.201+0000] {processor.py:157} INFO - Started process (PID=2230) to work on /opt/airflow/dags/binance_daily_dag.py
[2026-06-18T10:13:04.202+0000] {processor.py:829} INFO - Processing file /opt/airflow/dags/binance_daily_dag.py for tasks to queue
[2026-06-18T10:13:04.203+0000] {logging_mixin.py:151} INFO - [2026-06-18T10:13:04.203+0000] {dagbag.py:539} INFO - Filling up the DagBag from /opt/airflow/dags/binance_daily_dag.py
[2026-06-18T10:13:06.647+0000] {processor.py:839} INFO - DAG(s) dict_keys(['daily_crypto_bilstm_pipeline']) retrieved from /opt/airflow/dags/binance_daily_dag.py
[2026-06-18T10:13:06.686+0000] {logging_mixin.py:151} INFO - [2026-06-18T10:13:06.685+0000] {dag.py:2915} INFO - Sync 1 DAGs
[2026-06-18T10:13:06.708+0000] {logging_mixin.py:151} INFO - [2026-06-18T10:13:06.707+0000] {dag.py:3696} INFO - Setting next_dagrun for daily_crypto_bilstm_pipeline to 2026-06-16T17:02:00+00:00, run_after=2026-06-17T17:02:00+00:00
[2026-06-18T10:13:06.731+0000] {processor.py:179} INFO - Processing /opt/airflow/dags/binance_daily_dag.py took 2.534 seconds
[2026-06-18T10:13:37.070+0000] {processor.py:157} INFO - Started process (PID=2270) to work on /opt/airflow/dags/binance_daily_dag.py
[2026-06-18T10:13:37.071+0000] {processor.py:829} INFO - Processing file /opt/airflow/dags/binance_daily_dag.py for tasks to queue
[2026-06-18T10:13:37.072+0000] {logging_mixin.py:151} INFO - [2026-06-18T10:13:37.072+0000] {dagbag.py:539} INFO - Filling up the DagBag from /opt/airflow/dags/binance_daily_dag.py
[2026-06-18T10:13:39.285+0000] {processor.py:839} INFO - DAG(s) dict_keys(['daily_crypto_bilstm_pipeline']) retrieved from /opt/airflow/dags/binance_daily_dag.py
[2026-06-18T10:13:39.313+0000] {logging_mixin.py:151} INFO - [2026-06-18T10:13:39.312+0000] {dag.py:2915} INFO - Sync 1 DAGs
[2026-06-18T10:13:39.339+0000] {logging_mixin.py:151} INFO - [2026-06-18T10:13:39.339+0000] {dag.py:3696} INFO - Setting next_dagrun for daily_crypto_bilstm_pipeline to 2026-06-16T17:02:00+00:00, run_after=2026-06-17T17:02:00+00:00
[2026-06-18T10:13:39.363+0000] {processor.py:179} INFO - Processing /opt/airflow/dags/binance_daily_dag.py took 2.297 seconds
[2026-06-18T10:14:09.761+0000] {processor.py:157} INFO - Started process (PID=2301) to work on /opt/airflow/dags/binance_daily_dag.py
[2026-06-18T10:14:09.762+0000] {processor.py:829} INFO - Processing file /opt/airflow/dags/binance_daily_dag.py for tasks to queue
[2026-06-18T10:14:09.763+0000] {logging_mixin.py:151} INFO - [2026-06-18T10:14:09.763+0000] {dagbag.py:539} INFO - Filling up the DagBag from /opt/airflow/dags/binance_daily_dag.py
[2026-06-18T10:14:12.148+0000] {processor.py:839} INFO - DAG(s) dict_keys(['daily_crypto_bilstm_pipeline']) retrieved from /opt/airflow/dags/binance_daily_dag.py
[2026-06-18T10:14:12.183+0000] {logging_mixin.py:151} INFO - [2026-06-18T10:14:12.182+0000] {dag.py:2915} INFO - Sync 1 DAGs
[2026-06-18T10:14:12.214+0000] {logging_mixin.py:151} INFO - [2026-06-18T10:14:12.213+0000] {dag.py:3696} INFO - Setting next_dagrun for daily_crypto_bilstm_pipeline to 2026-06-16T17:02:00+00:00, run_after=2026-06-17T17:02:00+00:00
[2026-06-18T10:14:12.244+0000] {processor.py:179} INFO - Processing /opt/airflow/dags/binance_daily_dag.py took 2.488 seconds
[2026-06-18T10:14:42.601+0000] {processor.py:157} INFO - Started process (PID=2334) to work on /opt/airflow/dags/binance_daily_dag.py
[2026-06-18T10:14:42.603+0000] {processor.py:829} INFO - Processing file /opt/airflow/dags/binance_daily_dag.py for tasks to queue
[2026-06-18T10:14:42.605+0000] {logging_mixin.py:151} INFO - [2026-06-18T10:14:42.604+0000] {dagbag.py:539} INFO - Filling up the DagBag from /opt/airflow/dags/binance_daily_dag.py
[2026-06-18T10:14:44.825+0000] {processor.py:839} INFO - DAG(s) dict_keys(['daily_crypto_bilstm_pipeline']) retrieved from /opt/airflow/dags/binance_daily_dag.py
[2026-06-18T10:14:44.847+0000] {logging_mixin.py:151} INFO - [2026-06-18T10:14:44.846+0000] {dag.py:2915} INFO - Sync 1 DAGs
[2026-06-18T10:14:44.867+0000] {logging_mixin.py:151} INFO - [2026-06-18T10:14:44.867+0000] {dag.py:3696} INFO - Setting next_dagrun for daily_crypto_bilstm_pipeline to 2026-06-16T17:02:00+00:00, run_after=2026-06-17T17:02:00+00:00
[2026-06-18T10:14:44.927+0000] {processor.py:179} INFO - Processing /opt/airflow/dags/binance_daily_dag.py took 2.332 seconds
[2026-06-18T10:15:15.914+0000] {processor.py:157} INFO - Started process (PID=2367) to work on /opt/airflow/dags/binance_daily_dag.py
[2026-06-18T10:15:15.918+0000] {processor.py:829} INFO - Processing file /opt/airflow/dags/binance_daily_dag.py for tasks to queue
[2026-06-18T10:15:15.920+0000] {logging_mixin.py:151} INFO - [2026-06-18T10:15:15.919+0000] {dagbag.py:539} INFO - Filling up the DagBag from /opt/airflow/dags/binance_daily_dag.py
[2026-06-18T10:15:19.968+0000] {processor.py:839} INFO - DAG(s) dict_keys(['daily_crypto_bilstm_pipeline']) retrieved from /opt/airflow/dags/binance_daily_dag.py
[2026-06-18T10:15:20.057+0000] {logging_mixin.py:151} INFO - [2026-06-18T10:15:20.056+0000] {dag.py:2915} INFO - Sync 1 DAGs
[2026-06-18T10:15:20.126+0000] {logging_mixin.py:151} INFO - [2026-06-18T10:15:20.125+0000] {dag.py:3696} INFO - Setting next_dagrun for daily_crypto_bilstm_pipeline to 2026-06-16T17:02:00+00:00, run_after=2026-06-17T17:02:00+00:00
[2026-06-18T10:15:20.204+0000] {processor.py:179} INFO - Processing /opt/airflow/dags/binance_daily_dag.py took 4.294 seconds
[2026-06-18T10:15:50.495+0000] {processor.py:157} INFO - Started process (PID=2403) to work on /opt/airflow/dags/binance_daily_dag.py
[2026-06-18T10:15:50.497+0000] {processor.py:829} INFO - Processing file /opt/airflow/dags/binance_daily_dag.py for tasks to queue
[2026-06-18T10:15:50.498+0000] {logging_mixin.py:151} INFO - [2026-06-18T10:15:50.497+0000] {dagbag.py:539} INFO - Filling up the DagBag from /opt/airflow/dags/binance_daily_dag.py
[2026-06-18T10:15:52.916+0000] {processor.py:839} INFO - DAG(s) dict_keys(['daily_crypto_bilstm_pipeline']) retrieved from /opt/airflow/dags/binance_daily_dag.py
[2026-06-18T10:15:52.944+0000] {logging_mixin.py:151} INFO - [2026-06-18T10:15:52.944+0000] {dag.py:2915} INFO - Sync 1 DAGs
[2026-06-18T10:15:52.966+0000] {logging_mixin.py:151} INFO - [2026-06-18T10:15:52.966+0000] {dag.py:3696} INFO - Setting next_dagrun for daily_crypto_bilstm_pipeline to 2026-06-16T17:02:00+00:00, run_after=2026-06-17T17:02:00+00:00
[2026-06-18T10:15:53.004+0000] {processor.py:179} INFO - Processing /opt/airflow/dags/binance_daily_dag.py took 2.514 seconds
[2026-06-18T10:16:23.113+0000] {processor.py:157} INFO - Started process (PID=2442) to work on /opt/airflow/dags/binance_daily_dag.py
[2026-06-18T10:16:23.115+0000] {processor.py:829} INFO - Processing file /opt/airflow/dags/binance_daily_dag.py for tasks to queue
[2026-06-18T10:16:23.116+0000] {logging_mixin.py:151} INFO - [2026-06-18T10:16:23.116+0000] {dagbag.py:539} INFO - Filling up the DagBag from /opt/airflow/dags/binance_daily_dag.py
[2026-06-18T10:16:26.436+0000] {processor.py:839} INFO - DAG(s) dict_keys(['daily_crypto_bilstm_pipeline']) retrieved from /opt/airflow/dags/binance_daily_dag.py
[2026-06-18T10:16:26.473+0000] {logging_mixin.py:151} INFO - [2026-06-18T10:16:26.472+0000] {dag.py:2915} INFO - Sync 1 DAGs
[2026-06-18T10:16:26.495+0000] {logging_mixin.py:151} INFO - [2026-06-18T10:16:26.495+0000] {dag.py:3696} INFO - Setting next_dagrun for daily_crypto_bilstm_pipeline to 2026-06-16T17:02:00+00:00, run_after=2026-06-17T17:02:00+00:00
[2026-06-18T10:16:26.574+0000] {processor.py:179} INFO - Processing /opt/airflow/dags/binance_daily_dag.py took 3.466 seconds
[2026-06-18T10:16:57.071+0000] {processor.py:157} INFO - Started process (PID=2475) to work on /opt/airflow/dags/binance_daily_dag.py
[2026-06-18T10:16:57.072+0000] {processor.py:829} INFO - Processing file /opt/airflow/dags/binance_daily_dag.py for tasks to queue
[2026-06-18T10:16:57.073+0000] {logging_mixin.py:151} INFO - [2026-06-18T10:16:57.072+0000] {dagbag.py:539} INFO - Filling up the DagBag from /opt/airflow/dags/binance_daily_dag.py
[2026-06-18T10:16:59.311+0000] {processor.py:839} INFO - DAG(s) dict_keys(['daily_crypto_bilstm_pipeline']) retrieved from /opt/airflow/dags/binance_daily_dag.py
[2026-06-18T10:16:59.334+0000] {logging_mixin.py:151} INFO - [2026-06-18T10:16:59.334+0000] {dag.py:2915} INFO - Sync 1 DAGs
[2026-06-18T10:16:59.352+0000] {logging_mixin.py:151} INFO - [2026-06-18T10:16:59.352+0000] {dag.py:3696} INFO - Setting next_dagrun for daily_crypto_bilstm_pipeline to 2026-06-16T17:02:00+00:00, run_after=2026-06-17T17:02:00+00:00
[2026-06-18T10:16:59.414+0000] {processor.py:179} INFO - Processing /opt/airflow/dags/binance_daily_dag.py took 2.347 seconds
[2026-06-18T10:17:29.575+0000] {processor.py:157} INFO - Started process (PID=2508) to work on /opt/airflow/dags/binance_daily_dag.py
[2026-06-18T10:17:29.577+0000] {processor.py:829} INFO - Processing file /opt/airflow/dags/binance_daily_dag.py for tasks to queue
[2026-06-18T10:17:29.577+0000] {logging_mixin.py:151} INFO - [2026-06-18T10:17:29.577+0000] {dagbag.py:539} INFO - Filling up the DagBag from /opt/airflow/dags/binance_daily_dag.py
[2026-06-18T10:17:31.892+0000] {processor.py:839} INFO - DAG(s) dict_keys(['daily_crypto_bilstm_pipeline']) retrieved from /opt/airflow/dags/binance_daily_dag.py
[2026-06-18T10:17:31.912+0000] {logging_mixin.py:151} INFO - [2026-06-18T10:17:31.912+0000] {dag.py:2915} INFO - Sync 1 DAGs
[2026-06-18T10:17:31.933+0000] {logging_mixin.py:151} INFO - [2026-06-18T10:17:31.932+0000] {dag.py:3696} INFO - Setting next_dagrun for daily_crypto_bilstm_pipeline to 2026-06-16T17:02:00+00:00, run_after=2026-06-17T17:02:00+00:00
[2026-06-18T10:17:31.950+0000] {processor.py:179} INFO - Processing /opt/airflow/dags/binance_daily_dag.py took 2.379 seconds
[2026-06-18T10:18:02.318+0000] {processor.py:157} INFO - Started process (PID=2541) to work on /opt/airflow/dags/binance_daily_dag.py
[2026-06-18T10:18:02.319+0000] {processor.py:829} INFO - Processing file /opt/airflow/dags/binance_daily_dag.py for tasks to queue
[2026-06-18T10:18:02.320+0000] {logging_mixin.py:151} INFO - [2026-06-18T10:18:02.320+0000] {dagbag.py:539} INFO - Filling up the DagBag from /opt/airflow/dags/binance_daily_dag.py
[2026-06-18T10:18:04.696+0000] {processor.py:839} INFO - DAG(s) dict_keys(['daily_crypto_bilstm_pipeline']) retrieved from /opt/airflow/dags/binance_daily_dag.py
[2026-06-18T10:18:04.719+0000] {logging_mixin.py:151} INFO - [2026-06-18T10:18:04.718+0000] {dag.py:2915} INFO - Sync 1 DAGs
[2026-06-18T10:18:04.741+0000] {logging_mixin.py:151} INFO - [2026-06-18T10:18:04.740+0000] {dag.py:3696} INFO - Setting next_dagrun for daily_crypto_bilstm_pipeline to 2026-06-16T17:02:00+00:00, run_after=2026-06-17T17:02:00+00:00
[2026-06-18T10:18:04.789+0000] {processor.py:179} INFO - Processing /opt/airflow/dags/binance_daily_dag.py took 2.475 seconds
[2026-06-18T10:18:35.155+0000] {processor.py:157} INFO - Started process (PID=2574) to work on /opt/airflow/dags/binance_daily_dag.py
[2026-06-18T10:18:35.156+0000] {processor.py:829} INFO - Processing file /opt/airflow/dags/binance_daily_dag.py for tasks to queue
[2026-06-18T10:18:35.157+0000] {logging_mixin.py:151} INFO - [2026-06-18T10:18:35.157+0000] {dagbag.py:539} INFO - Filling up the DagBag from /opt/airflow/dags/binance_daily_dag.py
[2026-06-18T10:18:37.666+0000] {processor.py:839} INFO - DAG(s) dict_keys(['daily_crypto_bilstm_pipeline']) retrieved from /opt/airflow/dags/binance_daily_dag.py
[2026-06-18T10:18:37.690+0000] {logging_mixin.py:151} INFO - [2026-06-18T10:18:37.689+0000] {dag.py:2915} INFO - Sync 1 DAGs
[2026-06-18T10:18:37.711+0000] {logging_mixin.py:151} INFO - [2026-06-18T10:18:37.711+0000] {dag.py:3696} INFO - Setting next_dagrun for daily_crypto_bilstm_pipeline to 2026-06-16T17:02:00+00:00, run_after=2026-06-17T17:02:00+00:00
[2026-06-18T10:18:37.753+0000] {processor.py:179} INFO - Processing /opt/airflow/dags/binance_daily_dag.py took 2.602 seconds
[2026-06-18T10:19:07.861+0000] {processor.py:157} INFO - Started process (PID=2607) to work on /opt/airflow/dags/binance_daily_dag.py
[2026-06-18T10:19:07.864+0000] {processor.py:829} INFO - Processing file /opt/airflow/dags/binance_daily_dag.py for tasks to queue
[2026-06-18T10:19:07.869+0000] {logging_mixin.py:151} INFO - [2026-06-18T10:19:07.868+0000] {dagbag.py:539} INFO - Filling up the DagBag from /opt/airflow/dags/binance_daily_dag.py
[2026-06-18T10:19:10.646+0000] {processor.py:839} INFO - DAG(s) dict_keys(['daily_crypto_bilstm_pipeline']) retrieved from /opt/airflow/dags/binance_daily_dag.py
[2026-06-18T10:19:10.669+0000] {logging_mixin.py:151} INFO - [2026-06-18T10:19:10.669+0000] {dag.py:2915} INFO - Sync 1 DAGs
[2026-06-18T10:19:10.692+0000] {logging_mixin.py:151} INFO - [2026-06-18T10:19:10.691+0000] {dag.py:3696} INFO - Setting next_dagrun for daily_crypto_bilstm_pipeline to 2026-06-16T17:02:00+00:00, run_after=2026-06-17T17:02:00+00:00
[2026-06-18T10:19:10.715+0000] {processor.py:179} INFO - Processing /opt/airflow/dags/binance_daily_dag.py took 2.858 seconds
[2026-06-18T10:19:41.051+0000] {processor.py:157} INFO - Started process (PID=2640) to work on /opt/airflow/dags/binance_daily_dag.py
[2026-06-18T10:19:41.053+0000] {processor.py:829} INFO - Processing file /opt/airflow/dags/binance_daily_dag.py for tasks to queue
[2026-06-18T10:19:41.054+0000] {logging_mixin.py:151} INFO - [2026-06-18T10:19:41.053+0000] {dagbag.py:539} INFO - Filling up the DagBag from /opt/airflow/dags/binance_daily_dag.py
[2026-06-18T10:19:43.616+0000] {processor.py:839} INFO - DAG(s) dict_keys(['daily_crypto_bilstm_pipeline']) retrieved from /opt/airflow/dags/binance_daily_dag.py
[2026-06-18T10:19:43.750+0000] {logging_mixin.py:151} INFO - [2026-06-18T10:19:43.748+0000] {dag.py:2915} INFO - Sync 1 DAGs
[2026-06-18T10:19:43.826+0000] {logging_mixin.py:151} INFO - [2026-06-18T10:19:43.825+0000] {dag.py:3696} INFO - Setting next_dagrun for daily_crypto_bilstm_pipeline to 2026-06-16T17:02:00+00:00, run_after=2026-06-17T17:02:00+00:00
[2026-06-18T10:19:43.876+0000] {processor.py:179} INFO - Processing /opt/airflow/dags/binance_daily_dag.py took 2.829 seconds
[2026-06-18T10:20:14.567+0000] {processor.py:157} INFO - Started process (PID=2678) to work on /opt/airflow/dags/binance_daily_dag.py
[2026-06-18T10:20:14.569+0000] {processor.py:829} INFO - Processing file /opt/airflow/dags/binance_daily_dag.py for tasks to queue
[2026-06-18T10:20:14.570+0000] {logging_mixin.py:151} INFO - [2026-06-18T10:20:14.570+0000] {dagbag.py:539} INFO - Filling up the DagBag from /opt/airflow/dags/binance_daily_dag.py
[2026-06-18T10:20:17.151+0000] {processor.py:839} INFO - DAG(s) dict_keys(['daily_crypto_bilstm_pipeline']) retrieved from /opt/airflow/dags/binance_daily_dag.py
[2026-06-18T10:20:17.176+0000] {logging_mixin.py:151} INFO - [2026-06-18T10:20:17.175+0000] {dag.py:2915} INFO - Sync 1 DAGs
[2026-06-18T10:20:17.194+0000] {logging_mixin.py:151} INFO - [2026-06-18T10:20:17.194+0000] {dag.py:3696} INFO - Setting next_dagrun for daily_crypto_bilstm_pipeline to 2026-06-16T17:02:00+00:00, run_after=2026-06-17T17:02:00+00:00
[2026-06-18T10:20:17.218+0000] {processor.py:179} INFO - Processing /opt/airflow/dags/binance_daily_dag.py took 2.655 seconds
[2026-06-18T10:20:47.576+0000] {processor.py:157} INFO - Started process (PID=2711) to work on /opt/airflow/dags/binance_daily_dag.py
[2026-06-18T10:20:47.577+0000] {processor.py:829} INFO - Processing file /opt/airflow/dags/binance_daily_dag.py for tasks to queue
[2026-06-18T10:20:47.577+0000] {logging_mixin.py:151} INFO - [2026-06-18T10:20:47.577+0000] {dagbag.py:539} INFO - Filling up the DagBag from /opt/airflow/dags/binance_daily_dag.py
[2026-06-18T10:20:49.989+0000] {processor.py:839} INFO - DAG(s) dict_keys(['daily_crypto_bilstm_pipeline']) retrieved from /opt/airflow/dags/binance_daily_dag.py
[2026-06-18T10:20:50.015+0000] {logging_mixin.py:151} INFO - [2026-06-18T10:20:50.015+0000] {dag.py:2915} INFO - Sync 1 DAGs
[2026-06-18T10:20:50.040+0000] {logging_mixin.py:151} INFO - [2026-06-18T10:20:50.039+0000] {dag.py:3696} INFO - Setting next_dagrun for daily_crypto_bilstm_pipeline to 2026-06-16T17:02:00+00:00, run_after=2026-06-17T17:02:00+00:00
[2026-06-18T10:20:50.061+0000] {processor.py:179} INFO - Processing /opt/airflow/dags/binance_daily_dag.py took 2.489 seconds
[2026-06-18T10:21:20.427+0000] {processor.py:157} INFO - Started process (PID=2744) to work on /opt/airflow/dags/binance_daily_dag.py
[2026-06-18T10:21:20.428+0000] {processor.py:829} INFO - Processing file /opt/airflow/dags/binance_daily_dag.py for tasks to queue
[2026-06-18T10:21:20.429+0000] {logging_mixin.py:151} INFO - [2026-06-18T10:21:20.429+0000] {dagbag.py:539} INFO - Filling up the DagBag from /opt/airflow/dags/binance_daily_dag.py
[2026-06-18T10:21:22.794+0000] {processor.py:839} INFO - DAG(s) dict_keys(['daily_crypto_bilstm_pipeline']) retrieved from /opt/airflow/dags/binance_daily_dag.py
[2026-06-18T10:21:22.815+0000] {logging_mixin.py:151} INFO - [2026-06-18T10:21:22.815+0000] {dag.py:2915} INFO - Sync 1 DAGs
[2026-06-18T10:21:22.837+0000] {logging_mixin.py:151} INFO - [2026-06-18T10:21:22.836+0000] {dag.py:3696} INFO - Setting next_dagrun for daily_crypto_bilstm_pipeline to 2026-06-16T17:02:00+00:00, run_after=2026-06-17T17:02:00+00:00
[2026-06-18T10:21:22.895+0000] {processor.py:179} INFO - Processing /opt/airflow/dags/binance_daily_dag.py took 2.474 seconds
[2026-06-18T10:21:53.403+0000] {processor.py:157} INFO - Started process (PID=2787) to work on /opt/airflow/dags/binance_daily_dag.py
[2026-06-18T10:21:53.404+0000] {processor.py:829} INFO - Processing file /opt/airflow/dags/binance_daily_dag.py for tasks to queue
[2026-06-18T10:21:53.406+0000] {logging_mixin.py:151} INFO - [2026-06-18T10:21:53.405+0000] {dagbag.py:539} INFO - Filling up the DagBag from /opt/airflow/dags/binance_daily_dag.py
[2026-06-18T10:21:56.348+0000] {processor.py:839} INFO - DAG(s) dict_keys(['daily_crypto_bilstm_pipeline']) retrieved from /opt/airflow/dags/binance_daily_dag.py
[2026-06-18T10:21:56.378+0000] {logging_mixin.py:151} INFO - [2026-06-18T10:21:56.377+0000] {dag.py:2915} INFO - Sync 1 DAGs
[2026-06-18T10:21:56.404+0000] {logging_mixin.py:151} INFO - [2026-06-18T10:21:56.404+0000] {dag.py:3696} INFO - Setting next_dagrun for daily_crypto_bilstm_pipeline to 2026-06-16T17:02:00+00:00, run_after=2026-06-17T17:02:00+00:00
[2026-06-18T10:21:56.464+0000] {processor.py:179} INFO - Processing /opt/airflow/dags/binance_daily_dag.py took 3.067 seconds
[2026-06-18T10:22:26.807+0000] {processor.py:157} INFO - Started process (PID=2820) to work on /opt/airflow/dags/binance_daily_dag.py
[2026-06-18T10:22:26.808+0000] {processor.py:829} INFO - Processing file /opt/airflow/dags/binance_daily_dag.py for tasks to queue
[2026-06-18T10:22:26.809+0000] {logging_mixin.py:151} INFO - [2026-06-18T10:22:26.809+0000] {dagbag.py:539} INFO - Filling up the DagBag from /opt/airflow/dags/binance_daily_dag.py
[2026-06-18T10:22:29.715+0000] {processor.py:839} INFO - DAG(s) dict_keys(['daily_crypto_bilstm_pipeline']) retrieved from /opt/airflow/dags/binance_daily_dag.py
[2026-06-18T10:22:29.741+0000] {logging_mixin.py:151} INFO - [2026-06-18T10:22:29.741+0000] {dag.py:2915} INFO - Sync 1 DAGs
[2026-06-18T10:22:29.762+0000] {logging_mixin.py:151} INFO - [2026-06-18T10:22:29.762+0000] {dag.py:3696} INFO - Setting next_dagrun for daily_crypto_bilstm_pipeline to 2026-06-16T17:02:00+00:00, run_after=2026-06-17T17:02:00+00:00
[2026-06-18T10:22:29.781+0000] {processor.py:179} INFO - Processing /opt/airflow/dags/binance_daily_dag.py took 2.978 seconds
[2026-06-18T10:23:00.169+0000] {processor.py:157} INFO - Started process (PID=2853) to work on /opt/airflow/dags/binance_daily_dag.py
[2026-06-18T10:23:00.170+0000] {processor.py:829} INFO - Processing file /opt/airflow/dags/binance_daily_dag.py for tasks to queue
[2026-06-18T10:23:00.171+0000] {logging_mixin.py:151} INFO - [2026-06-18T10:23:00.171+0000] {dagbag.py:539} INFO - Filling up the DagBag from /opt/airflow/dags/binance_daily_dag.py
[2026-06-18T10:23:03.233+0000] {processor.py:839} INFO - DAG(s) dict_keys(['daily_crypto_bilstm_pipeline']) retrieved from /opt/airflow/dags/binance_daily_dag.py
[2026-06-18T10:23:03.275+0000] {logging_mixin.py:151} INFO - [2026-06-18T10:23:03.274+0000] {dag.py:2915} INFO - Sync 1 DAGs
[2026-06-18T10:23:03.307+0000] {logging_mixin.py:151} INFO - [2026-06-18T10:23:03.307+0000] {dag.py:3696} INFO - Setting next_dagrun for daily_crypto_bilstm_pipeline to 2026-06-16T17:02:00+00:00, run_after=2026-06-17T17:02:00+00:00
[2026-06-18T10:23:03.342+0000] {processor.py:179} INFO - Processing /opt/airflow/dags/binance_daily_dag.py took 3.177 seconds
[2026-06-18T10:23:33.602+0000] {processor.py:157} INFO - Started process (PID=2886) to work on /opt/airflow/dags/binance_daily_dag.py
[2026-06-18T10:23:33.603+0000] {processor.py:829} INFO - Processing file /opt/airflow/dags/binance_daily_dag.py for tasks to queue
[2026-06-18T10:23:33.604+0000] {logging_mixin.py:151} INFO - [2026-06-18T10:23:33.604+0000] {dagbag.py:539} INFO - Filling up the DagBag from /opt/airflow/dags/binance_daily_dag.py
[2026-06-18T10:23:36.116+0000] {processor.py:839} INFO - DAG(s) dict_keys(['daily_crypto_bilstm_pipeline']) retrieved from /opt/airflow/dags/binance_daily_dag.py
[2026-06-18T10:23:36.137+0000] {logging_mixin.py:151} INFO - [2026-06-18T10:23:36.136+0000] {dag.py:2915} INFO - Sync 1 DAGs
[2026-06-18T10:23:36.156+0000] {logging_mixin.py:151} INFO - [2026-06-18T10:23:36.156+0000] {dag.py:3696} INFO - Setting next_dagrun for daily_crypto_bilstm_pipeline to 2026-06-16T17:02:00+00:00, run_after=2026-06-17T17:02:00+00:00
[2026-06-18T10:23:36.319+0000] {processor.py:179} INFO - Processing /opt/airflow/dags/binance_daily_dag.py took 2.720 seconds
[2026-06-18T10:24:06.520+0000] {processor.py:157} INFO - Started process (PID=2919) to work on /opt/airflow/dags/binance_daily_dag.py
[2026-06-18T10:24:06.522+0000] {processor.py:829} INFO - Processing file /opt/airflow/dags/binance_daily_dag.py for tasks to queue
[2026-06-18T10:24:06.523+0000] {logging_mixin.py:151} INFO - [2026-06-18T10:24:06.522+0000] {dagbag.py:539} INFO - Filling up the DagBag from /opt/airflow/dags/binance_daily_dag.py
[2026-06-18T10:24:09.395+0000] {processor.py:839} INFO - DAG(s) dict_keys(['daily_crypto_bilstm_pipeline']) retrieved from /opt/airflow/dags/binance_daily_dag.py
[2026-06-18T10:24:09.414+0000] {logging_mixin.py:151} INFO - [2026-06-18T10:24:09.413+0000] {dag.py:2915} INFO - Sync 1 DAGs
[2026-06-18T10:24:09.432+0000] {logging_mixin.py:151} INFO - [2026-06-18T10:24:09.432+0000] {dag.py:3696} INFO - Setting next_dagrun for daily_crypto_bilstm_pipeline to 2026-06-16T17:02:00+00:00, run_after=2026-06-17T17:02:00+00:00
[2026-06-18T10:24:09.490+0000] {processor.py:179} INFO - Processing /opt/airflow/dags/binance_daily_dag.py took 2.974 seconds
[2026-06-18T10:24:39.864+0000] {processor.py:157} INFO - Started process (PID=2952) to work on /opt/airflow/dags/binance_daily_dag.py
[2026-06-18T10:24:39.866+0000] {processor.py:829} INFO - Processing file /opt/airflow/dags/binance_daily_dag.py for tasks to queue
[2026-06-18T10:24:39.867+0000] {logging_mixin.py:151} INFO - [2026-06-18T10:24:39.866+0000] {dagbag.py:539} INFO - Filling up the DagBag from /opt/airflow/dags/binance_daily_dag.py
[2026-06-18T10:24:42.251+0000] {processor.py:839} INFO - DAG(s) dict_keys(['daily_crypto_bilstm_pipeline']) retrieved from /opt/airflow/dags/binance_daily_dag.py
[2026-06-18T10:24:42.273+0000] {logging_mixin.py:151} INFO - [2026-06-18T10:24:42.272+0000] {dag.py:2915} INFO - Sync 1 DAGs
[2026-06-18T10:24:42.292+0000] {logging_mixin.py:151} INFO - [2026-06-18T10:24:42.292+0000] {dag.py:3696} INFO - Setting next_dagrun for daily_crypto_bilstm_pipeline to 2026-06-16T17:02:00+00:00, run_after=2026-06-17T17:02:00+00:00
[2026-06-18T10:24:42.350+0000] {processor.py:179} INFO - Processing /opt/airflow/dags/binance_daily_dag.py took 2.491 seconds
[2026-06-18T10:25:12.592+0000] {processor.py:157} INFO - Started process (PID=2985) to work on /opt/airflow/dags/binance_daily_dag.py
[2026-06-18T10:25:12.593+0000] {processor.py:829} INFO - Processing file /opt/airflow/dags/binance_daily_dag.py for tasks to queue
[2026-06-18T10:25:12.594+0000] {logging_mixin.py:151} INFO - [2026-06-18T10:25:12.593+0000] {dagbag.py:539} INFO - Filling up the DagBag from /opt/airflow/dags/binance_daily_dag.py
[2026-06-18T10:25:15.077+0000] {processor.py:839} INFO - DAG(s) dict_keys(['daily_crypto_bilstm_pipeline']) retrieved from /opt/airflow/dags/binance_daily_dag.py
[2026-06-18T10:25:15.101+0000] {logging_mixin.py:151} INFO - [2026-06-18T10:25:15.100+0000] {dag.py:2915} INFO - Sync 1 DAGs
[2026-06-18T10:25:15.120+0000] {logging_mixin.py:151} INFO - [2026-06-18T10:25:15.120+0000] {dag.py:3696} INFO - Setting next_dagrun for daily_crypto_bilstm_pipeline to 2026-06-16T17:02:00+00:00, run_after=2026-06-17T17:02:00+00:00
[2026-06-18T10:25:15.140+0000] {processor.py:179} INFO - Processing /opt/airflow/dags/binance_daily_dag.py took 2.552 seconds
[2026-06-18T10:25:45.459+0000] {processor.py:157} INFO - Started process (PID=3018) to work on /opt/airflow/dags/binance_daily_dag.py
[2026-06-18T10:25:45.460+0000] {processor.py:829} INFO - Processing file /opt/airflow/dags/binance_daily_dag.py for tasks to queue
[2026-06-18T10:25:45.461+0000] {logging_mixin.py:151} INFO - [2026-06-18T10:25:45.461+0000] {dagbag.py:539} INFO - Filling up the DagBag from /opt/airflow/dags/binance_daily_dag.py
[2026-06-18T10:25:48.510+0000] {processor.py:839} INFO - DAG(s) dict_keys(['daily_crypto_bilstm_pipeline']) retrieved from /opt/airflow/dags/binance_daily_dag.py
[2026-06-18T10:25:48.539+0000] {logging_mixin.py:151} INFO - [2026-06-18T10:25:48.539+0000] {dag.py:2915} INFO - Sync 1 DAGs
[2026-06-18T10:25:48.569+0000] {logging_mixin.py:151} INFO - [2026-06-18T10:25:48.569+0000] {dag.py:3696} INFO - Setting next_dagrun for daily_crypto_bilstm_pipeline to 2026-06-16T17:02:00+00:00, run_after=2026-06-17T17:02:00+00:00
[2026-06-18T10:25:48.593+0000] {processor.py:179} INFO - Processing /opt/airflow/dags/binance_daily_dag.py took 3.139 seconds
[2026-06-18T10:26:18.929+0000] {processor.py:157} INFO - Started process (PID=3052) to work on /opt/airflow/dags/binance_daily_dag.py
[2026-06-18T10:26:18.931+0000] {processor.py:829} INFO - Processing file /opt/airflow/dags/binance_daily_dag.py for tasks to queue
[2026-06-18T10:26:18.932+0000] {logging_mixin.py:151} INFO - [2026-06-18T10:26:18.932+0000] {dagbag.py:539} INFO - Filling up the DagBag from /opt/airflow/dags/binance_daily_dag.py
[2026-06-18T10:26:21.549+0000] {processor.py:839} INFO - DAG(s) dict_keys(['daily_crypto_bilstm_pipeline']) retrieved from /opt/airflow/dags/binance_daily_dag.py
[2026-06-18T10:26:21.569+0000] {logging_mixin.py:151} INFO - [2026-06-18T10:26:21.569+0000] {dag.py:2915} INFO - Sync 1 DAGs
[2026-06-18T10:26:21.591+0000] {logging_mixin.py:151} INFO - [2026-06-18T10:26:21.591+0000] {dag.py:3696} INFO - Setting next_dagrun for daily_crypto_bilstm_pipeline to 2026-06-16T17:02:00+00:00, run_after=2026-06-17T17:02:00+00:00
[2026-06-18T10:26:21.799+0000] {processor.py:179} INFO - Processing /opt/airflow/dags/binance_daily_dag.py took 2.876 seconds
[2026-06-18T10:26:52.098+0000] {processor.py:157} INFO - Started process (PID=3085) to work on /opt/airflow/dags/binance_daily_dag.py
[2026-06-18T10:26:52.099+0000] {processor.py:829} INFO - Processing file /opt/airflow/dags/binance_daily_dag.py for tasks to queue
[2026-06-18T10:26:52.100+0000] {logging_mixin.py:151} INFO - [2026-06-18T10:26:52.100+0000] {dagbag.py:539} INFO - Filling up the DagBag from /opt/airflow/dags/binance_daily_dag.py
[2026-06-18T10:26:54.857+0000] {processor.py:839} INFO - DAG(s) dict_keys(['daily_crypto_bilstm_pipeline']) retrieved from /opt/airflow/dags/binance_daily_dag.py
[2026-06-18T10:26:54.878+0000] {logging_mixin.py:151} INFO - [2026-06-18T10:26:54.877+0000] {dag.py:2915} INFO - Sync 1 DAGs
[2026-06-18T10:26:54.896+0000] {logging_mixin.py:151} INFO - [2026-06-18T10:26:54.896+0000] {dag.py:3696} INFO - Setting next_dagrun for daily_crypto_bilstm_pipeline to 2026-06-16T17:02:00+00:00, run_after=2026-06-17T17:02:00+00:00
[2026-06-18T10:26:54.931+0000] {processor.py:179} INFO - Processing /opt/airflow/dags/binance_daily_dag.py took 2.840 seconds
[2026-06-18T10:27:25.938+0000] {processor.py:157} INFO - Started process (PID=3131) to work on /opt/airflow/dags/binance_daily_dag.py
[2026-06-18T10:27:25.941+0000] {processor.py:829} INFO - Processing file /opt/airflow/dags/binance_daily_dag.py for tasks to queue
[2026-06-18T10:27:25.942+0000] {logging_mixin.py:151} INFO - [2026-06-18T10:27:25.942+0000] {dagbag.py:539} INFO - Filling up the DagBag from /opt/airflow/dags/binance_daily_dag.py
[2026-06-18T10:27:28.482+0000] {processor.py:839} INFO - DAG(s) dict_keys(['daily_crypto_bilstm_pipeline']) retrieved from /opt/airflow/dags/binance_daily_dag.py
[2026-06-18T10:27:28.502+0000] {logging_mixin.py:151} INFO - [2026-06-18T10:27:28.500+0000] {dag.py:2915} INFO - Sync 1 DAGs
[2026-06-18T10:27:28.519+0000] {logging_mixin.py:151} INFO - [2026-06-18T10:27:28.519+0000] {dag.py:3696} INFO - Setting next_dagrun for daily_crypto_bilstm_pipeline to 2026-06-16T17:02:00+00:00, run_after=2026-06-17T17:02:00+00:00
[2026-06-18T10:27:28.705+0000] {processor.py:179} INFO - Processing /opt/airflow/dags/binance_daily_dag.py took 2.775 seconds
[2026-06-18T10:27:59.606+0000] {processor.py:157} INFO - Started process (PID=3165) to work on /opt/airflow/dags/binance_daily_dag.py
[2026-06-18T10:27:59.608+0000] {processor.py:829} INFO - Processing file /opt/airflow/dags/binance_daily_dag.py for tasks to queue
[2026-06-18T10:27:59.608+0000] {logging_mixin.py:151} INFO - [2026-06-18T10:27:59.608+0000] {dagbag.py:539} INFO - Filling up the DagBag from /opt/airflow/dags/binance_daily_dag.py
[2026-06-18T10:28:02.323+0000] {processor.py:839} INFO - DAG(s) dict_keys(['daily_crypto_bilstm_pipeline']) retrieved from /opt/airflow/dags/binance_daily_dag.py
[2026-06-18T10:28:02.342+0000] {logging_mixin.py:151} INFO - [2026-06-18T10:28:02.342+0000] {dag.py:2915} INFO - Sync 1 DAGs
[2026-06-18T10:28:02.359+0000] {logging_mixin.py:151} INFO - [2026-06-18T10:28:02.359+0000] {dag.py:3696} INFO - Setting next_dagrun for daily_crypto_bilstm_pipeline to 2026-06-16T17:02:00+00:00, run_after=2026-06-17T17:02:00+00:00
[2026-06-18T10:28:02.415+0000] {processor.py:179} INFO - Processing /opt/airflow/dags/binance_daily_dag.py took 2.812 seconds
[2026-06-18T10:28:33.126+0000] {processor.py:157} INFO - Started process (PID=3200) to work on /opt/airflow/dags/binance_daily_dag.py
[2026-06-18T10:28:33.127+0000] {processor.py:829} INFO - Processing file /opt/airflow/dags/binance_daily_dag.py for tasks to queue
[2026-06-18T10:28:33.128+0000] {logging_mixin.py:151} INFO - [2026-06-18T10:28:33.128+0000] {dagbag.py:539} INFO - Filling up the DagBag from /opt/airflow/dags/binance_daily_dag.py
[2026-06-18T10:28:35.215+0000] {processor.py:839} INFO - DAG(s) dict_keys(['daily_crypto_bilstm_pipeline']) retrieved from /opt/airflow/dags/binance_daily_dag.py
[2026-06-18T10:28:35.234+0000] {logging_mixin.py:151} INFO - [2026-06-18T10:28:35.233+0000] {dag.py:2915} INFO - Sync 1 DAGs
[2026-06-18T10:28:35.252+0000] {logging_mixin.py:151} INFO - [2026-06-18T10:28:35.251+0000] {dag.py:3696} INFO - Setting next_dagrun for daily_crypto_bilstm_pipeline to 2026-06-16T17:02:00+00:00, run_after=2026-06-17T17:02:00+00:00
[2026-06-18T10:28:35.310+0000] {processor.py:179} INFO - Processing /opt/airflow/dags/binance_daily_dag.py took 2.188 seconds
[2026-06-18T10:29:05.597+0000] {processor.py:157} INFO - Started process (PID=3231) to work on /opt/airflow/dags/binance_daily_dag.py
[2026-06-18T10:29:05.599+0000] {processor.py:829} INFO - Processing file /opt/airflow/dags/binance_daily_dag.py for tasks to queue
[2026-06-18T10:29:05.600+0000] {logging_mixin.py:151} INFO - [2026-06-18T10:29:05.600+0000] {dagbag.py:539} INFO - Filling up the DagBag from /opt/airflow/dags/binance_daily_dag.py
[2026-06-18T10:29:08.172+0000] {processor.py:839} INFO - DAG(s) dict_keys(['daily_crypto_bilstm_pipeline']) retrieved from /opt/airflow/dags/binance_daily_dag.py
[2026-06-18T10:29:08.197+0000] {logging_mixin.py:151} INFO - [2026-06-18T10:29:08.196+0000] {dag.py:2915} INFO - Sync 1 DAGs
[2026-06-18T10:29:08.419+0000] {logging_mixin.py:151} INFO - [2026-06-18T10:29:08.419+0000] {dag.py:3696} INFO - Setting next_dagrun for daily_crypto_bilstm_pipeline to 2026-06-16T17:02:00+00:00, run_after=2026-06-17T17:02:00+00:00
[2026-06-18T10:29:08.448+0000] {processor.py:179} INFO - Processing /opt/airflow/dags/binance_daily_dag.py took 2.855 seconds
[2026-06-18T10:29:38.821+0000] {processor.py:157} INFO - Started process (PID=3266) to work on /opt/airflow/dags/binance_daily_dag.py
[2026-06-18T10:29:38.822+0000] {processor.py:829} INFO - Processing file /opt/airflow/dags/binance_daily_dag.py for tasks to queue
[2026-06-18T10:29:38.823+0000] {logging_mixin.py:151} INFO - [2026-06-18T10:29:38.823+0000] {dagbag.py:539} INFO - Filling up the DagBag from /opt/airflow/dags/binance_daily_dag.py
[2026-06-18T10:29:41.222+0000] {processor.py:839} INFO - DAG(s) dict_keys(['daily_crypto_bilstm_pipeline']) retrieved from /opt/airflow/dags/binance_daily_dag.py
[2026-06-18T10:29:41.248+0000] {logging_mixin.py:151} INFO - [2026-06-18T10:29:41.248+0000] {dag.py:2915} INFO - Sync 1 DAGs
[2026-06-18T10:29:41.270+0000] {logging_mixin.py:151} INFO - [2026-06-18T10:29:41.270+0000] {dag.py:3696} INFO - Setting next_dagrun for daily_crypto_bilstm_pipeline to 2026-06-16T17:02:00+00:00, run_after=2026-06-17T17:02:00+00:00
[2026-06-18T10:29:41.293+0000] {processor.py:179} INFO - Processing /opt/airflow/dags/binance_daily_dag.py took 2.476 seconds
[2026-06-18T10:30:11.621+0000] {processor.py:157} INFO - Started process (PID=3299) to work on /opt/airflow/dags/binance_daily_dag.py
[2026-06-18T10:30:11.622+0000] {processor.py:829} INFO - Processing file /opt/airflow/dags/binance_daily_dag.py for tasks to queue
[2026-06-18T10:30:11.623+0000] {logging_mixin.py:151} INFO - [2026-06-18T10:30:11.623+0000] {dagbag.py:539} INFO - Filling up the DagBag from /opt/airflow/dags/binance_daily_dag.py
[2026-06-18T10:30:13.806+0000] {processor.py:839} INFO - DAG(s) dict_keys(['daily_crypto_bilstm_pipeline']) retrieved from /opt/airflow/dags/binance_daily_dag.py
[2026-06-18T10:30:13.828+0000] {logging_mixin.py:151} INFO - [2026-06-18T10:30:13.828+0000] {dag.py:2915} INFO - Sync 1 DAGs
[2026-06-18T10:30:13.992+0000] {logging_mixin.py:151} INFO - [2026-06-18T10:30:13.992+0000] {dag.py:3696} INFO - Setting next_dagrun for daily_crypto_bilstm_pipeline to 2026-06-16T17:02:00+00:00, run_after=2026-06-17T17:02:00+00:00
[2026-06-18T10:30:14.048+0000] {processor.py:179} INFO - Processing /opt/airflow/dags/binance_daily_dag.py took 2.431 seconds
[2026-06-18T10:30:44.220+0000] {processor.py:157} INFO - Started process (PID=3329) to work on /opt/airflow/dags/binance_daily_dag.py
[2026-06-18T10:30:44.221+0000] {processor.py:829} INFO - Processing file /opt/airflow/dags/binance_daily_dag.py for tasks to queue
[2026-06-18T10:30:44.222+0000] {logging_mixin.py:151} INFO - [2026-06-18T10:30:44.222+0000] {dagbag.py:539} INFO - Filling up the DagBag from /opt/airflow/dags/binance_daily_dag.py
[2026-06-18T10:30:46.599+0000] {processor.py:839} INFO - DAG(s) dict_keys(['daily_crypto_bilstm_pipeline']) retrieved from /opt/airflow/dags/binance_daily_dag.py
[2026-06-18T10:30:46.626+0000] {logging_mixin.py:151} INFO - [2026-06-18T10:30:46.626+0000] {dag.py:2915} INFO - Sync 1 DAGs
[2026-06-18T10:30:46.651+0000] {logging_mixin.py:151} INFO - [2026-06-18T10:30:46.651+0000] {dag.py:3696} INFO - Setting next_dagrun for daily_crypto_bilstm_pipeline to 2026-06-16T17:02:00+00:00, run_after=2026-06-17T17:02:00+00:00
[2026-06-18T10:30:46.673+0000] {processor.py:179} INFO - Processing /opt/airflow/dags/binance_daily_dag.py took 2.456 seconds
[2026-06-18T10:31:16.881+0000] {processor.py:157} INFO - Started process (PID=3362) to work on /opt/airflow/dags/binance_daily_dag.py
[2026-06-18T10:31:16.883+0000] {processor.py:829} INFO - Processing file /opt/airflow/dags/binance_daily_dag.py for tasks to queue
[2026-06-18T10:31:16.884+0000] {logging_mixin.py:151} INFO - [2026-06-18T10:31:16.883+0000] {dagbag.py:539} INFO - Filling up the DagBag from /opt/airflow/dags/binance_daily_dag.py
[2026-06-18T10:31:19.338+0000] {processor.py:839} INFO - DAG(s) dict_keys(['daily_crypto_bilstm_pipeline']) retrieved from /opt/airflow/dags/binance_daily_dag.py
[2026-06-18T10:31:19.357+0000] {logging_mixin.py:151} INFO - [2026-06-18T10:31:19.357+0000] {dag.py:2915} INFO - Sync 1 DAGs
[2026-06-18T10:31:19.377+0000] {logging_mixin.py:151} INFO - [2026-06-18T10:31:19.376+0000] {dag.py:3696} INFO - Setting next_dagrun for daily_crypto_bilstm_pipeline to 2026-06-16T17:02:00+00:00, run_after=2026-06-17T17:02:00+00:00
[2026-06-18T10:31:19.434+0000] {processor.py:179} INFO - Processing /opt/airflow/dags/binance_daily_dag.py took 2.558 seconds
[2026-06-18T10:31:49.981+0000] {processor.py:157} INFO - Started process (PID=3396) to work on /opt/airflow/dags/binance_daily_dag.py
[2026-06-18T10:31:49.983+0000] {processor.py:829} INFO - Processing file /opt/airflow/dags/binance_daily_dag.py for tasks to queue
[2026-06-18T10:31:49.984+0000] {logging_mixin.py:151} INFO - [2026-06-18T10:31:49.983+0000] {dagbag.py:539} INFO - Filling up the DagBag from /opt/airflow/dags/binance_daily_dag.py
[2026-06-18T10:31:52.168+0000] {processor.py:839} INFO - DAG(s) dict_keys(['daily_crypto_bilstm_pipeline']) retrieved from /opt/airflow/dags/binance_daily_dag.py
[2026-06-18T10:31:52.188+0000] {logging_mixin.py:151} INFO - [2026-06-18T10:31:52.187+0000] {dag.py:2915} INFO - Sync 1 DAGs
[2026-06-18T10:31:52.353+0000] {logging_mixin.py:151} INFO - [2026-06-18T10:31:52.352+0000] {dag.py:3696} INFO - Setting next_dagrun for daily_crypto_bilstm_pipeline to 2026-06-16T17:02:00+00:00, run_after=2026-06-17T17:02:00+00:00
[2026-06-18T10:31:52.371+0000] {processor.py:179} INFO - Processing /opt/airflow/dags/binance_daily_dag.py took 2.396 seconds
[2026-06-18T10:32:22.628+0000] {processor.py:157} INFO - Started process (PID=3429) to work on /opt/airflow/dags/binance_daily_dag.py
[2026-06-18T10:32:22.631+0000] {processor.py:829} INFO - Processing file /opt/airflow/dags/binance_daily_dag.py for tasks to queue
[2026-06-18T10:32:22.633+0000] {logging_mixin.py:151} INFO - [2026-06-18T10:32:22.633+0000] {dagbag.py:539} INFO - Filling up the DagBag from /opt/airflow/dags/binance_daily_dag.py
[2026-06-18T10:32:25.066+0000] {processor.py:839} INFO - DAG(s) dict_keys(['daily_crypto_bilstm_pipeline']) retrieved from /opt/airflow/dags/binance_daily_dag.py
[2026-06-18T10:32:25.089+0000] {logging_mixin.py:151} INFO - [2026-06-18T10:32:25.089+0000] {dag.py:2915} INFO - Sync 1 DAGs
[2026-06-18T10:32:25.108+0000] {logging_mixin.py:151} INFO - [2026-06-18T10:32:25.108+0000] {dag.py:3696} INFO - Setting next_dagrun for daily_crypto_bilstm_pipeline to 2026-06-16T17:02:00+00:00, run_after=2026-06-17T17:02:00+00:00
[2026-06-18T10:32:25.167+0000] {processor.py:179} INFO - Processing /opt/airflow/dags/binance_daily_dag.py took 2.547 seconds
[2026-06-18T10:32:55.365+0000] {processor.py:157} INFO - Started process (PID=3468) to work on /opt/airflow/dags/binance_daily_dag.py
[2026-06-18T10:32:55.366+0000] {processor.py:829} INFO - Processing file /opt/airflow/dags/binance_daily_dag.py for tasks to queue
[2026-06-18T10:32:55.367+0000] {logging_mixin.py:151} INFO - [2026-06-18T10:32:55.367+0000] {dagbag.py:539} INFO - Filling up the DagBag from /opt/airflow/dags/binance_daily_dag.py
[2026-06-18T10:32:57.823+0000] {processor.py:839} INFO - DAG(s) dict_keys(['daily_crypto_bilstm_pipeline']) retrieved from /opt/airflow/dags/binance_daily_dag.py
[2026-06-18T10:32:57.842+0000] {logging_mixin.py:151} INFO - [2026-06-18T10:32:57.842+0000] {dag.py:2915} INFO - Sync 1 DAGs
[2026-06-18T10:32:57.864+0000] {logging_mixin.py:151} INFO - [2026-06-18T10:32:57.864+0000] {dag.py:3696} INFO - Setting next_dagrun for daily_crypto_bilstm_pipeline to 2026-06-16T17:02:00+00:00, run_after=2026-06-17T17:02:00+00:00
[2026-06-18T10:32:57.884+0000] {processor.py:179} INFO - Processing /opt/airflow/dags/binance_daily_dag.py took 2.523 seconds
[2026-06-18T10:33:28.179+0000] {processor.py:157} INFO - Started process (PID=3502) to work on /opt/airflow/dags/binance_daily_dag.py
[2026-06-18T10:33:28.180+0000] {processor.py:829} INFO - Processing file /opt/airflow/dags/binance_daily_dag.py for tasks to queue
[2026-06-18T10:33:28.182+0000] {logging_mixin.py:151} INFO - [2026-06-18T10:33:28.181+0000] {dagbag.py:539} INFO - Filling up the DagBag from /opt/airflow/dags/binance_daily_dag.py
[2026-06-18T10:33:30.394+0000] {processor.py:839} INFO - DAG(s) dict_keys(['daily_crypto_bilstm_pipeline']) retrieved from /opt/airflow/dags/binance_daily_dag.py
[2026-06-18T10:33:30.416+0000] {logging_mixin.py:151} INFO - [2026-06-18T10:33:30.415+0000] {dag.py:2915} INFO - Sync 1 DAGs
[2026-06-18T10:33:30.431+0000] {logging_mixin.py:151} INFO - [2026-06-18T10:33:30.431+0000] {dag.py:3696} INFO - Setting next_dagrun for daily_crypto_bilstm_pipeline to 2026-06-16T17:02:00+00:00, run_after=2026-06-17T17:02:00+00:00
[2026-06-18T10:33:30.490+0000] {processor.py:179} INFO - Processing /opt/airflow/dags/binance_daily_dag.py took 2.317 seconds
[2026-06-18T10:34:00.797+0000] {processor.py:157} INFO - Started process (PID=3535) to work on /opt/airflow/dags/binance_daily_dag.py
[2026-06-18T10:34:00.798+0000] {processor.py:829} INFO - Processing file /opt/airflow/dags/binance_daily_dag.py for tasks to queue
[2026-06-18T10:34:00.799+0000] {logging_mixin.py:151} INFO - [2026-06-18T10:34:00.799+0000] {dagbag.py:539} INFO - Filling up the DagBag from /opt/airflow/dags/binance_daily_dag.py
[2026-06-18T10:34:03.503+0000] {processor.py:839} INFO - DAG(s) dict_keys(['daily_crypto_bilstm_pipeline']) retrieved from /opt/airflow/dags/binance_daily_dag.py
[2026-06-18T10:34:03.522+0000] {logging_mixin.py:151} INFO - [2026-06-18T10:34:03.522+0000] {dag.py:2915} INFO - Sync 1 DAGs
[2026-06-18T10:34:03.538+0000] {logging_mixin.py:151} INFO - [2026-06-18T10:34:03.538+0000] {dag.py:3696} INFO - Setting next_dagrun for daily_crypto_bilstm_pipeline to 2026-06-16T17:02:00+00:00, run_after=2026-06-17T17:02:00+00:00
[2026-06-18T10:34:03.598+0000] {processor.py:179} INFO - Processing /opt/airflow/dags/binance_daily_dag.py took 2.810 seconds
[2026-06-18T10:34:33.902+0000] {processor.py:157} INFO - Started process (PID=3573) to work on /opt/airflow/dags/binance_daily_dag.py
[2026-06-18T10:34:33.904+0000] {processor.py:829} INFO - Processing file /opt/airflow/dags/binance_daily_dag.py for tasks to queue
[2026-06-18T10:34:33.905+0000] {logging_mixin.py:151} INFO - [2026-06-18T10:34:33.905+0000] {dagbag.py:539} INFO - Filling up the DagBag from /opt/airflow/dags/binance_daily_dag.py
[2026-06-18T10:34:36.243+0000] {processor.py:839} INFO - DAG(s) dict_keys(['daily_crypto_bilstm_pipeline']) retrieved from /opt/airflow/dags/binance_daily_dag.py
[2026-06-18T10:34:36.264+0000] {logging_mixin.py:151} INFO - [2026-06-18T10:34:36.264+0000] {dag.py:2915} INFO - Sync 1 DAGs
[2026-06-18T10:34:36.291+0000] {logging_mixin.py:151} INFO - [2026-06-18T10:34:36.290+0000] {dag.py:3696} INFO - Setting next_dagrun for daily_crypto_bilstm_pipeline to 2026-06-16T17:02:00+00:00, run_after=2026-06-17T17:02:00+00:00
[2026-06-18T10:34:36.349+0000] {processor.py:179} INFO - Processing /opt/airflow/dags/binance_daily_dag.py took 2.452 seconds
[2026-06-18T10:35:06.429+0000] {processor.py:157} INFO - Started process (PID=3608) to work on /opt/airflow/dags/binance_daily_dag.py
[2026-06-18T10:35:06.431+0000] {processor.py:829} INFO - Processing file /opt/airflow/dags/binance_daily_dag.py for tasks to queue
[2026-06-18T10:35:06.432+0000] {logging_mixin.py:151} INFO - [2026-06-18T10:35:06.431+0000] {dagbag.py:539} INFO - Filling up the DagBag from /opt/airflow/dags/binance_daily_dag.py
[2026-06-18T10:35:08.650+0000] {processor.py:839} INFO - DAG(s) dict_keys(['daily_crypto_bilstm_pipeline']) retrieved from /opt/airflow/dags/binance_daily_dag.py
[2026-06-18T10:35:08.671+0000] {logging_mixin.py:151} INFO - [2026-06-18T10:35:08.670+0000] {dag.py:2915} INFO - Sync 1 DAGs
[2026-06-18T10:35:08.689+0000] {logging_mixin.py:151} INFO - [2026-06-18T10:35:08.689+0000] {dag.py:3696} INFO - Setting next_dagrun for daily_crypto_bilstm_pipeline to 2026-06-16T17:02:00+00:00, run_after=2026-06-17T17:02:00+00:00
[2026-06-18T10:35:08.747+0000] {processor.py:179} INFO - Processing /opt/airflow/dags/binance_daily_dag.py took 2.322 seconds
[2026-06-18T10:35:39.023+0000] {processor.py:157} INFO - Started process (PID=3641) to work on /opt/airflow/dags/binance_daily_dag.py
[2026-06-18T10:35:39.025+0000] {processor.py:829} INFO - Processing file /opt/airflow/dags/binance_daily_dag.py for tasks to queue
[2026-06-18T10:35:39.026+0000] {logging_mixin.py:151} INFO - [2026-06-18T10:35:39.026+0000] {dagbag.py:539} INFO - Filling up the DagBag from /opt/airflow/dags/binance_daily_dag.py
[2026-06-18T10:35:41.265+0000] {processor.py:839} INFO - DAG(s) dict_keys(['daily_crypto_bilstm_pipeline']) retrieved from /opt/airflow/dags/binance_daily_dag.py
[2026-06-18T10:35:41.284+0000] {logging_mixin.py:151} INFO - [2026-06-18T10:35:41.283+0000] {dag.py:2915} INFO - Sync 1 DAGs
[2026-06-18T10:35:41.302+0000] {logging_mixin.py:151} INFO - [2026-06-18T10:35:41.301+0000] {dag.py:3696} INFO - Setting next_dagrun for daily_crypto_bilstm_pipeline to 2026-06-16T17:02:00+00:00, run_after=2026-06-17T17:02:00+00:00
[2026-06-18T10:35:41.361+0000] {processor.py:179} INFO - Processing /opt/airflow/dags/binance_daily_dag.py took 2.340 seconds
[2026-06-18T10:36:12.352+0000] {processor.py:157} INFO - Started process (PID=3674) to work on /opt/airflow/dags/binance_daily_dag.py
[2026-06-18T10:36:12.353+0000] {processor.py:829} INFO - Processing file /opt/airflow/dags/binance_daily_dag.py for tasks to queue
[2026-06-18T10:36:12.354+0000] {logging_mixin.py:151} INFO - [2026-06-18T10:36:12.354+0000] {dagbag.py:539} INFO - Filling up the DagBag from /opt/airflow/dags/binance_daily_dag.py
[2026-06-18T10:36:14.753+0000] {processor.py:839} INFO - DAG(s) dict_keys(['daily_crypto_bilstm_pipeline']) retrieved from /opt/airflow/dags/binance_daily_dag.py
[2026-06-18T10:36:14.775+0000] {logging_mixin.py:151} INFO - [2026-06-18T10:36:14.775+0000] {dag.py:2915} INFO - Sync 1 DAGs
[2026-06-18T10:36:14.793+0000] {logging_mixin.py:151} INFO - [2026-06-18T10:36:14.793+0000] {dag.py:3696} INFO - Setting next_dagrun for daily_crypto_bilstm_pipeline to 2026-06-16T17:02:00+00:00, run_after=2026-06-17T17:02:00+00:00
[2026-06-18T10:36:14.850+0000] {processor.py:179} INFO - Processing /opt/airflow/dags/binance_daily_dag.py took 2.501 seconds
[2026-06-18T10:36:45.187+0000] {processor.py:157} INFO - Started process (PID=3707) to work on /opt/airflow/dags/binance_daily_dag.py
[2026-06-18T10:36:45.188+0000] {processor.py:829} INFO - Processing file /opt/airflow/dags/binance_daily_dag.py for tasks to queue
[2026-06-18T10:36:45.189+0000] {logging_mixin.py:151} INFO - [2026-06-18T10:36:45.189+0000] {dagbag.py:539} INFO - Filling up the DagBag from /opt/airflow/dags/binance_daily_dag.py
[2026-06-18T10:36:47.877+0000] {processor.py:839} INFO - DAG(s) dict_keys(['daily_crypto_bilstm_pipeline']) retrieved from /opt/airflow/dags/binance_daily_dag.py
[2026-06-18T10:36:47.902+0000] {logging_mixin.py:151} INFO - [2026-06-18T10:36:47.901+0000] {dag.py:2915} INFO - Sync 1 DAGs
[2026-06-18T10:36:47.923+0000] {logging_mixin.py:151} INFO - [2026-06-18T10:36:47.923+0000] {dag.py:3696} INFO - Setting next_dagrun for daily_crypto_bilstm_pipeline to 2026-06-16T17:02:00+00:00, run_after=2026-06-17T17:02:00+00:00
[2026-06-18T10:36:47.941+0000] {processor.py:179} INFO - Processing /opt/airflow/dags/binance_daily_dag.py took 2.758 seconds
[2026-06-18T10:37:18.267+0000] {processor.py:157} INFO - Started process (PID=3740) to work on /opt/airflow/dags/binance_daily_dag.py
[2026-06-18T10:37:18.268+0000] {processor.py:829} INFO - Processing file /opt/airflow/dags/binance_daily_dag.py for tasks to queue
[2026-06-18T10:37:18.269+0000] {logging_mixin.py:151} INFO - [2026-06-18T10:37:18.269+0000] {dagbag.py:539} INFO - Filling up the DagBag from /opt/airflow/dags/binance_daily_dag.py
[2026-06-18T10:37:20.728+0000] {processor.py:839} INFO - DAG(s) dict_keys(['daily_crypto_bilstm_pipeline']) retrieved from /opt/airflow/dags/binance_daily_dag.py
[2026-06-18T10:37:20.750+0000] {logging_mixin.py:151} INFO - [2026-06-18T10:37:20.750+0000] {dag.py:2915} INFO - Sync 1 DAGs
[2026-06-18T10:37:20.772+0000] {logging_mixin.py:151} INFO - [2026-06-18T10:37:20.772+0000] {dag.py:3696} INFO - Setting next_dagrun for daily_crypto_bilstm_pipeline to 2026-06-16T17:02:00+00:00, run_after=2026-06-17T17:02:00+00:00
[2026-06-18T10:37:20.791+0000] {processor.py:179} INFO - Processing /opt/airflow/dags/binance_daily_dag.py took 2.527 seconds
[2026-06-18T10:37:51.226+0000] {processor.py:157} INFO - Started process (PID=3773) to work on /opt/airflow/dags/binance_daily_dag.py
[2026-06-18T10:37:51.227+0000] {processor.py:829} INFO - Processing file /opt/airflow/dags/binance_daily_dag.py for tasks to queue
[2026-06-18T10:37:51.228+0000] {logging_mixin.py:151} INFO - [2026-06-18T10:37:51.228+0000] {dagbag.py:539} INFO - Filling up the DagBag from /opt/airflow/dags/binance_daily_dag.py
[2026-06-18T10:37:53.805+0000] {processor.py:839} INFO - DAG(s) dict_keys(['daily_crypto_bilstm_pipeline']) retrieved from /opt/airflow/dags/binance_daily_dag.py
[2026-06-18T10:37:53.834+0000] {logging_mixin.py:151} INFO - [2026-06-18T10:37:53.833+0000] {dag.py:2915} INFO - Sync 1 DAGs
[2026-06-18T10:37:53.854+0000] {logging_mixin.py:151} INFO - [2026-06-18T10:37:53.854+0000] {dag.py:3696} INFO - Setting next_dagrun for daily_crypto_bilstm_pipeline to 2026-06-16T17:02:00+00:00, run_after=2026-06-17T17:02:00+00:00
[2026-06-18T10:37:53.915+0000] {processor.py:179} INFO - Processing /opt/airflow/dags/binance_daily_dag.py took 2.694 seconds
[2026-06-18T10:38:24.561+0000] {processor.py:157} INFO - Started process (PID=3813) to work on /opt/airflow/dags/binance_daily_dag.py
[2026-06-18T10:38:24.563+0000] {processor.py:829} INFO - Processing file /opt/airflow/dags/binance_daily_dag.py for tasks to queue
[2026-06-18T10:38:24.563+0000] {logging_mixin.py:151} INFO - [2026-06-18T10:38:24.563+0000] {dagbag.py:539} INFO - Filling up the DagBag from /opt/airflow/dags/binance_daily_dag.py
[2026-06-18T10:38:27.033+0000] {processor.py:839} INFO - DAG(s) dict_keys(['daily_crypto_bilstm_pipeline']) retrieved from /opt/airflow/dags/binance_daily_dag.py
[2026-06-18T10:38:27.056+0000] {logging_mixin.py:151} INFO - [2026-06-18T10:38:27.055+0000] {dag.py:2915} INFO - Sync 1 DAGs
[2026-06-18T10:38:27.077+0000] {logging_mixin.py:151} INFO - [2026-06-18T10:38:27.077+0000] {dag.py:3696} INFO - Setting next_dagrun for daily_crypto_bilstm_pipeline to 2026-06-16T17:02:00+00:00, run_after=2026-06-17T17:02:00+00:00
[2026-06-18T10:38:27.136+0000] {processor.py:179} INFO - Processing /opt/airflow/dags/binance_daily_dag.py took 2.579 seconds
[2026-06-18T10:38:58.028+0000] {processor.py:157} INFO - Started process (PID=3846) to work on /opt/airflow/dags/binance_daily_dag.py
[2026-06-18T10:38:58.029+0000] {processor.py:829} INFO - Processing file /opt/airflow/dags/binance_daily_dag.py for tasks to queue
[2026-06-18T10:38:58.031+0000] {logging_mixin.py:151} INFO - [2026-06-18T10:38:58.030+0000] {dagbag.py:539} INFO - Filling up the DagBag from /opt/airflow/dags/binance_daily_dag.py
[2026-06-18T10:39:00.402+0000] {processor.py:839} INFO - DAG(s) dict_keys(['daily_crypto_bilstm_pipeline']) retrieved from /opt/airflow/dags/binance_daily_dag.py
[2026-06-18T10:39:00.428+0000] {logging_mixin.py:151} INFO - [2026-06-18T10:39:00.428+0000] {dag.py:2915} INFO - Sync 1 DAGs
[2026-06-18T10:39:00.452+0000] {logging_mixin.py:151} INFO - [2026-06-18T10:39:00.451+0000] {dag.py:3696} INFO - Setting next_dagrun for daily_crypto_bilstm_pipeline to 2026-06-16T17:02:00+00:00, run_after=2026-06-17T17:02:00+00:00
[2026-06-18T10:39:00.477+0000] {processor.py:179} INFO - Processing /opt/airflow/dags/binance_daily_dag.py took 2.453 seconds
[2026-06-18T10:39:30.657+0000] {processor.py:157} INFO - Started process (PID=3879) to work on /opt/airflow/dags/binance_daily_dag.py
[2026-06-18T10:39:30.658+0000] {processor.py:829} INFO - Processing file /opt/airflow/dags/binance_daily_dag.py for tasks to queue
[2026-06-18T10:39:30.659+0000] {logging_mixin.py:151} INFO - [2026-06-18T10:39:30.659+0000] {dagbag.py:539} INFO - Filling up the DagBag from /opt/airflow/dags/binance_daily_dag.py
[2026-06-18T10:39:33.223+0000] {processor.py:839} INFO - DAG(s) dict_keys(['daily_crypto_bilstm_pipeline']) retrieved from /opt/airflow/dags/binance_daily_dag.py
[2026-06-18T10:39:33.244+0000] {logging_mixin.py:151} INFO - [2026-06-18T10:39:33.243+0000] {dag.py:2915} INFO - Sync 1 DAGs
[2026-06-18T10:39:33.269+0000] {logging_mixin.py:151} INFO - [2026-06-18T10:39:33.269+0000] {dag.py:3696} INFO - Setting next_dagrun for daily_crypto_bilstm_pipeline to 2026-06-16T17:02:00+00:00, run_after=2026-06-17T17:02:00+00:00
[2026-06-18T10:39:33.302+0000] {processor.py:179} INFO - Processing /opt/airflow/dags/binance_daily_dag.py took 2.649 seconds
[2026-06-18T10:40:03.815+0000] {processor.py:157} INFO - Started process (PID=3910) to work on /opt/airflow/dags/binance_daily_dag.py
[2026-06-18T10:40:03.818+0000] {processor.py:829} INFO - Processing file /opt/airflow/dags/binance_daily_dag.py for tasks to queue
[2026-06-18T10:40:03.819+0000] {logging_mixin.py:151} INFO - [2026-06-18T10:40:03.819+0000] {dagbag.py:539} INFO - Filling up the DagBag from /opt/airflow/dags/binance_daily_dag.py
[2026-06-18T10:40:06.335+0000] {processor.py:839} INFO - DAG(s) dict_keys(['daily_crypto_bilstm_pipeline']) retrieved from /opt/airflow/dags/binance_daily_dag.py
[2026-06-18T10:40:06.356+0000] {logging_mixin.py:151} INFO - [2026-06-18T10:40:06.355+0000] {dag.py:2915} INFO - Sync 1 DAGs
[2026-06-18T10:40:06.377+0000] {logging_mixin.py:151} INFO - [2026-06-18T10:40:06.376+0000] {dag.py:3696} INFO - Setting next_dagrun for daily_crypto_bilstm_pipeline to 2026-06-16T17:02:00+00:00, run_after=2026-06-17T17:02:00+00:00
[2026-06-18T10:40:06.435+0000] {processor.py:179} INFO - Processing /opt/airflow/dags/binance_daily_dag.py took 2.624 seconds
[2026-06-18T10:40:36.775+0000] {processor.py:157} INFO - Started process (PID=3943) to work on /opt/airflow/dags/binance_daily_dag.py
[2026-06-18T10:40:36.776+0000] {processor.py:829} INFO - Processing file /opt/airflow/dags/binance_daily_dag.py for tasks to queue
[2026-06-18T10:40:36.777+0000] {logging_mixin.py:151} INFO - [2026-06-18T10:40:36.777+0000] {dagbag.py:539} INFO - Filling up the DagBag from /opt/airflow/dags/binance_daily_dag.py
[2026-06-18T10:40:39.225+0000] {processor.py:839} INFO - DAG(s) dict_keys(['daily_crypto_bilstm_pipeline']) retrieved from /opt/airflow/dags/binance_daily_dag.py
[2026-06-18T10:40:39.244+0000] {logging_mixin.py:151} INFO - [2026-06-18T10:40:39.243+0000] {dag.py:2915} INFO - Sync 1 DAGs
[2026-06-18T10:40:39.263+0000] {logging_mixin.py:151} INFO - [2026-06-18T10:40:39.263+0000] {dag.py:3696} INFO - Setting next_dagrun for daily_crypto_bilstm_pipeline to 2026-06-16T17:02:00+00:00, run_after=2026-06-17T17:02:00+00:00
[2026-06-18T10:40:39.321+0000] {processor.py:179} INFO - Processing /opt/airflow/dags/binance_daily_dag.py took 2.549 seconds
[2026-06-18T10:41:10.079+0000] {processor.py:157} INFO - Started process (PID=3984) to work on /opt/airflow/dags/binance_daily_dag.py
[2026-06-18T10:41:10.080+0000] {processor.py:829} INFO - Processing file /opt/airflow/dags/binance_daily_dag.py for tasks to queue
[2026-06-18T10:41:10.081+0000] {logging_mixin.py:151} INFO - [2026-06-18T10:41:10.081+0000] {dagbag.py:539} INFO - Filling up the DagBag from /opt/airflow/dags/binance_daily_dag.py
[2026-06-18T10:41:12.435+0000] {processor.py:839} INFO - DAG(s) dict_keys(['daily_crypto_bilstm_pipeline']) retrieved from /opt/airflow/dags/binance_daily_dag.py
[2026-06-18T10:41:12.454+0000] {logging_mixin.py:151} INFO - [2026-06-18T10:41:12.454+0000] {dag.py:2915} INFO - Sync 1 DAGs
[2026-06-18T10:41:12.477+0000] {logging_mixin.py:151} INFO - [2026-06-18T10:41:12.477+0000] {dag.py:3696} INFO - Setting next_dagrun for daily_crypto_bilstm_pipeline to 2026-06-16T17:02:00+00:00, run_after=2026-06-17T17:02:00+00:00
[2026-06-18T10:41:12.498+0000] {processor.py:179} INFO - Processing /opt/airflow/dags/binance_daily_dag.py took 2.422 seconds
[2026-06-18T10:41:42.698+0000] {processor.py:157} INFO - Started process (PID=4014) to work on /opt/airflow/dags/binance_daily_dag.py
[2026-06-18T10:41:42.699+0000] {processor.py:829} INFO - Processing file /opt/airflow/dags/binance_daily_dag.py for tasks to queue
[2026-06-18T10:41:42.700+0000] {logging_mixin.py:151} INFO - [2026-06-18T10:41:42.700+0000] {dagbag.py:539} INFO - Filling up the DagBag from /opt/airflow/dags/binance_daily_dag.py
[2026-06-18T10:41:45.057+0000] {processor.py:839} INFO - DAG(s) dict_keys(['daily_crypto_bilstm_pipeline']) retrieved from /opt/airflow/dags/binance_daily_dag.py
[2026-06-18T10:41:45.080+0000] {logging_mixin.py:151} INFO - [2026-06-18T10:41:45.079+0000] {dag.py:2915} INFO - Sync 1 DAGs
[2026-06-18T10:41:45.098+0000] {logging_mixin.py:151} INFO - [2026-06-18T10:41:45.097+0000] {dag.py:3696} INFO - Setting next_dagrun for daily_crypto_bilstm_pipeline to 2026-06-16T17:02:00+00:00, run_after=2026-06-17T17:02:00+00:00
[2026-06-18T10:41:45.164+0000] {processor.py:179} INFO - Processing /opt/airflow/dags/binance_daily_dag.py took 2.469 seconds
[2026-06-18T10:42:16.030+0000] {processor.py:157} INFO - Started process (PID=4047) to work on /opt/airflow/dags/binance_daily_dag.py
[2026-06-18T10:42:16.031+0000] {processor.py:829} INFO - Processing file /opt/airflow/dags/binance_daily_dag.py for tasks to queue
[2026-06-18T10:42:16.032+0000] {logging_mixin.py:151} INFO - [2026-06-18T10:42:16.032+0000] {dagbag.py:539} INFO - Filling up the DagBag from /opt/airflow/dags/binance_daily_dag.py
[2026-06-18T10:42:18.611+0000] {processor.py:839} INFO - DAG(s) dict_keys(['daily_crypto_bilstm_pipeline']) retrieved from /opt/airflow/dags/binance_daily_dag.py
[2026-06-18T10:42:18.638+0000] {logging_mixin.py:151} INFO - [2026-06-18T10:42:18.637+0000] {dag.py:2915} INFO - Sync 1 DAGs
[2026-06-18T10:42:18.662+0000] {logging_mixin.py:151} INFO - [2026-06-18T10:42:18.662+0000] {dag.py:3696} INFO - Setting next_dagrun for daily_crypto_bilstm_pipeline to 2026-06-16T17:02:00+00:00, run_after=2026-06-17T17:02:00+00:00
[2026-06-18T10:42:18.686+0000] {processor.py:179} INFO - Processing /opt/airflow/dags/binance_daily_dag.py took 2.661 seconds
[2026-06-18T10:42:49.185+0000] {processor.py:157} INFO - Started process (PID=4080) to work on /opt/airflow/dags/binance_daily_dag.py
[2026-06-18T10:42:49.187+0000] {processor.py:829} INFO - Processing file /opt/airflow/dags/binance_daily_dag.py for tasks to queue
[2026-06-18T10:42:49.188+0000] {logging_mixin.py:151} INFO - [2026-06-18T10:42:49.187+0000] {dagbag.py:539} INFO - Filling up the DagBag from /opt/airflow/dags/binance_daily_dag.py
[2026-06-18T10:42:51.641+0000] {processor.py:839} INFO - DAG(s) dict_keys(['daily_crypto_bilstm_pipeline']) retrieved from /opt/airflow/dags/binance_daily_dag.py
[2026-06-18T10:42:51.664+0000] {logging_mixin.py:151} INFO - [2026-06-18T10:42:51.663+0000] {dag.py:2915} INFO - Sync 1 DAGs
[2026-06-18T10:42:51.687+0000] {logging_mixin.py:151} INFO - [2026-06-18T10:42:51.687+0000] {dag.py:3696} INFO - Setting next_dagrun for daily_crypto_bilstm_pipeline to 2026-06-16T17:02:00+00:00, run_after=2026-06-17T17:02:00+00:00
[2026-06-18T10:42:51.751+0000] {processor.py:179} INFO - Processing /opt/airflow/dags/binance_daily_dag.py took 2.569 seconds
[2026-06-18T10:43:22.086+0000] {processor.py:157} INFO - Started process (PID=4114) to work on /opt/airflow/dags/binance_daily_dag.py
[2026-06-18T10:43:22.087+0000] {processor.py:829} INFO - Processing file /opt/airflow/dags/binance_daily_dag.py for tasks to queue
[2026-06-18T10:43:22.089+0000] {logging_mixin.py:151} INFO - [2026-06-18T10:43:22.088+0000] {dagbag.py:539} INFO - Filling up the DagBag from /opt/airflow/dags/binance_daily_dag.py
[2026-06-18T10:43:24.447+0000] {processor.py:839} INFO - DAG(s) dict_keys(['daily_crypto_bilstm_pipeline']) retrieved from /opt/airflow/dags/binance_daily_dag.py
[2026-06-18T10:43:24.470+0000] {logging_mixin.py:151} INFO - [2026-06-18T10:43:24.470+0000] {dag.py:2915} INFO - Sync 1 DAGs
[2026-06-18T10:43:24.490+0000] {logging_mixin.py:151} INFO - [2026-06-18T10:43:24.490+0000] {dag.py:3696} INFO - Setting next_dagrun for daily_crypto_bilstm_pipeline to 2026-06-16T17:02:00+00:00, run_after=2026-06-17T17:02:00+00:00
[2026-06-18T10:43:24.549+0000] {processor.py:179} INFO - Processing /opt/airflow/dags/binance_daily_dag.py took 2.469 seconds
[2026-06-18T10:43:54.866+0000] {processor.py:157} INFO - Started process (PID=4147) to work on /opt/airflow/dags/binance_daily_dag.py
[2026-06-18T10:43:54.867+0000] {processor.py:829} INFO - Processing file /opt/airflow/dags/binance_daily_dag.py for tasks to queue
[2026-06-18T10:43:54.868+0000] {logging_mixin.py:151} INFO - [2026-06-18T10:43:54.868+0000] {dagbag.py:539} INFO - Filling up the DagBag from /opt/airflow/dags/binance_daily_dag.py
[2026-06-18T10:43:57.174+0000] {processor.py:839} INFO - DAG(s) dict_keys(['daily_crypto_bilstm_pipeline']) retrieved from /opt/airflow/dags/binance_daily_dag.py
[2026-06-18T10:43:57.191+0000] {logging_mixin.py:151} INFO - [2026-06-18T10:43:57.191+0000] {dag.py:2915} INFO - Sync 1 DAGs
[2026-06-18T10:43:57.208+0000] {logging_mixin.py:151} INFO - [2026-06-18T10:43:57.208+0000] {dag.py:3696} INFO - Setting next_dagrun for daily_crypto_bilstm_pipeline to 2026-06-16T17:02:00+00:00, run_after=2026-06-17T17:02:00+00:00
[2026-06-18T10:43:57.268+0000] {processor.py:179} INFO - Processing /opt/airflow/dags/binance_daily_dag.py took 2.406 seconds
[2026-06-18T10:44:27.621+0000] {processor.py:157} INFO - Started process (PID=4187) to work on /opt/airflow/dags/binance_daily_dag.py
[2026-06-18T10:44:27.623+0000] {processor.py:829} INFO - Processing file /opt/airflow/dags/binance_daily_dag.py for tasks to queue
[2026-06-18T10:44:27.626+0000] {logging_mixin.py:151} INFO - [2026-06-18T10:44:27.625+0000] {dagbag.py:539} INFO - Filling up the DagBag from /opt/airflow/dags/binance_daily_dag.py
[2026-06-18T10:44:30.118+0000] {processor.py:839} INFO - DAG(s) dict_keys(['daily_crypto_bilstm_pipeline']) retrieved from /opt/airflow/dags/binance_daily_dag.py
[2026-06-18T10:44:30.135+0000] {logging_mixin.py:151} INFO - [2026-06-18T10:44:30.134+0000] {dag.py:2915} INFO - Sync 1 DAGs
[2026-06-18T10:44:30.151+0000] {logging_mixin.py:151} INFO - [2026-06-18T10:44:30.151+0000] {dag.py:3696} INFO - Setting next_dagrun for daily_crypto_bilstm_pipeline to 2026-06-16T17:02:00+00:00, run_after=2026-06-17T17:02:00+00:00
[2026-06-18T10:44:30.216+0000] {processor.py:179} INFO - Processing /opt/airflow/dags/binance_daily_dag.py took 2.599 seconds
[2026-06-18T10:45:00.358+0000] {processor.py:157} INFO - Started process (PID=4220) to work on /opt/airflow/dags/binance_daily_dag.py
[2026-06-18T10:45:00.359+0000] {processor.py:829} INFO - Processing file /opt/airflow/dags/binance_daily_dag.py for tasks to queue
[2026-06-18T10:45:00.360+0000] {logging_mixin.py:151} INFO - [2026-06-18T10:45:00.360+0000] {dagbag.py:539} INFO - Filling up the DagBag from /opt/airflow/dags/binance_daily_dag.py
[2026-06-18T10:45:02.806+0000] {processor.py:839} INFO - DAG(s) dict_keys(['daily_crypto_bilstm_pipeline']) retrieved from /opt/airflow/dags/binance_daily_dag.py
[2026-06-18T10:45:02.826+0000] {logging_mixin.py:151} INFO - [2026-06-18T10:45:02.826+0000] {dag.py:2915} INFO - Sync 1 DAGs
[2026-06-18T10:45:02.847+0000] {logging_mixin.py:151} INFO - [2026-06-18T10:45:02.847+0000] {dag.py:3696} INFO - Setting next_dagrun for daily_crypto_bilstm_pipeline to 2026-06-16T17:02:00+00:00, run_after=2026-06-17T17:02:00+00:00
[2026-06-18T10:45:02.910+0000] {processor.py:179} INFO - Processing /opt/airflow/dags/binance_daily_dag.py took 2.558 seconds
[2026-06-18T10:45:33.911+0000] {processor.py:157} INFO - Started process (PID=4253) to work on /opt/airflow/dags/binance_daily_dag.py
[2026-06-18T10:45:33.913+0000] {processor.py:829} INFO - Processing file /opt/airflow/dags/binance_daily_dag.py for tasks to queue
[2026-06-18T10:45:33.914+0000] {logging_mixin.py:151} INFO - [2026-06-18T10:45:33.914+0000] {dagbag.py:539} INFO - Filling up the DagBag from /opt/airflow/dags/binance_daily_dag.py
[2026-06-18T10:45:36.743+0000] {processor.py:839} INFO - DAG(s) dict_keys(['daily_crypto_bilstm_pipeline']) retrieved from /opt/airflow/dags/binance_daily_dag.py
[2026-06-18T10:45:36.766+0000] {logging_mixin.py:151} INFO - [2026-06-18T10:45:36.766+0000] {dag.py:2915} INFO - Sync 1 DAGs
[2026-06-18T10:45:36.786+0000] {logging_mixin.py:151} INFO - [2026-06-18T10:45:36.786+0000] {dag.py:3696} INFO - Setting next_dagrun for daily_crypto_bilstm_pipeline to 2026-06-16T17:02:00+00:00, run_after=2026-06-17T17:02:00+00:00
[2026-06-18T10:45:36.803+0000] {processor.py:179} INFO - Processing /opt/airflow/dags/binance_daily_dag.py took 2.914 seconds
[2026-06-18T10:46:07.168+0000] {processor.py:157} INFO - Started process (PID=4286) to work on /opt/airflow/dags/binance_daily_dag.py
[2026-06-18T10:46:07.170+0000] {processor.py:829} INFO - Processing file /opt/airflow/dags/binance_daily_dag.py for tasks to queue
[2026-06-18T10:46:07.170+0000] {logging_mixin.py:151} INFO - [2026-06-18T10:46:07.170+0000] {dagbag.py:539} INFO - Filling up the DagBag from /opt/airflow/dags/binance_daily_dag.py
[2026-06-18T10:46:09.419+0000] {processor.py:839} INFO - DAG(s) dict_keys(['daily_crypto_bilstm_pipeline']) retrieved from /opt/airflow/dags/binance_daily_dag.py
[2026-06-18T10:46:09.449+0000] {logging_mixin.py:151} INFO - [2026-06-18T10:46:09.449+0000] {dag.py:2915} INFO - Sync 1 DAGs
[2026-06-18T10:46:09.469+0000] {logging_mixin.py:151} INFO - [2026-06-18T10:46:09.468+0000] {dag.py:3696} INFO - Setting next_dagrun for daily_crypto_bilstm_pipeline to 2026-06-16T17:02:00+00:00, run_after=2026-06-17T17:02:00+00:00
[2026-06-18T10:46:09.531+0000] {processor.py:179} INFO - Processing /opt/airflow/dags/binance_daily_dag.py took 2.366 seconds
[2026-06-18T10:46:39.989+0000] {processor.py:157} INFO - Started process (PID=4318) to work on /opt/airflow/dags/binance_daily_dag.py
[2026-06-18T10:46:39.991+0000] {processor.py:829} INFO - Processing file /opt/airflow/dags/binance_daily_dag.py for tasks to queue
[2026-06-18T10:46:39.992+0000] {logging_mixin.py:151} INFO - [2026-06-18T10:46:39.992+0000] {dagbag.py:539} INFO - Filling up the DagBag from /opt/airflow/dags/binance_daily_dag.py
[2026-06-18T10:46:42.409+0000] {processor.py:839} INFO - DAG(s) dict_keys(['daily_crypto_bilstm_pipeline']) retrieved from /opt/airflow/dags/binance_daily_dag.py
[2026-06-18T10:46:42.427+0000] {logging_mixin.py:151} INFO - [2026-06-18T10:46:42.426+0000] {dag.py:2915} INFO - Sync 1 DAGs
[2026-06-18T10:46:42.446+0000] {logging_mixin.py:151} INFO - [2026-06-18T10:46:42.446+0000] {dag.py:3696} INFO - Setting next_dagrun for daily_crypto_bilstm_pipeline to 2026-06-16T17:02:00+00:00, run_after=2026-06-17T17:02:00+00:00
[2026-06-18T10:46:42.494+0000] {processor.py:179} INFO - Processing /opt/airflow/dags/binance_daily_dag.py took 2.509 seconds
[2026-06-18T10:47:12.850+0000] {processor.py:157} INFO - Started process (PID=4352) to work on /opt/airflow/dags/binance_daily_dag.py
[2026-06-18T10:47:12.853+0000] {processor.py:829} INFO - Processing file /opt/airflow/dags/binance_daily_dag.py for tasks to queue
[2026-06-18T10:47:12.856+0000] {logging_mixin.py:151} INFO - [2026-06-18T10:47:12.855+0000] {dagbag.py:539} INFO - Filling up the DagBag from /opt/airflow/dags/binance_daily_dag.py
[2026-06-18T10:47:15.622+0000] {processor.py:839} INFO - DAG(s) dict_keys(['daily_crypto_bilstm_pipeline']) retrieved from /opt/airflow/dags/binance_daily_dag.py
[2026-06-18T10:47:15.644+0000] {logging_mixin.py:151} INFO - [2026-06-18T10:47:15.643+0000] {dag.py:2915} INFO - Sync 1 DAGs
[2026-06-18T10:47:15.664+0000] {logging_mixin.py:151} INFO - [2026-06-18T10:47:15.664+0000] {dag.py:3696} INFO - Setting next_dagrun for daily_crypto_bilstm_pipeline to 2026-06-16T17:02:00+00:00, run_after=2026-06-17T17:02:00+00:00
[2026-06-18T10:47:15.725+0000] {processor.py:179} INFO - Processing /opt/airflow/dags/binance_daily_dag.py took 2.881 seconds
[2026-06-18T10:47:46.283+0000] {processor.py:157} INFO - Started process (PID=4392) to work on /opt/airflow/dags/binance_daily_dag.py
[2026-06-18T10:47:46.284+0000] {processor.py:829} INFO - Processing file /opt/airflow/dags/binance_daily_dag.py for tasks to queue
[2026-06-18T10:47:46.285+0000] {logging_mixin.py:151} INFO - [2026-06-18T10:47:46.285+0000] {dagbag.py:539} INFO - Filling up the DagBag from /opt/airflow/dags/binance_daily_dag.py
[2026-06-18T10:47:48.705+0000] {processor.py:839} INFO - DAG(s) dict_keys(['daily_crypto_bilstm_pipeline']) retrieved from /opt/airflow/dags/binance_daily_dag.py
[2026-06-18T10:47:48.724+0000] {logging_mixin.py:151} INFO - [2026-06-18T10:47:48.724+0000] {dag.py:2915} INFO - Sync 1 DAGs
[2026-06-18T10:47:48.742+0000] {logging_mixin.py:151} INFO - [2026-06-18T10:47:48.742+0000] {dag.py:3696} INFO - Setting next_dagrun for daily_crypto_bilstm_pipeline to 2026-06-16T17:02:00+00:00, run_after=2026-06-17T17:02:00+00:00
[2026-06-18T10:47:48.799+0000] {processor.py:179} INFO - Processing /opt/airflow/dags/binance_daily_dag.py took 2.519 seconds
[2026-06-18T10:48:18.972+0000] {processor.py:157} INFO - Started process (PID=4423) to work on /opt/airflow/dags/binance_daily_dag.py
[2026-06-18T10:48:18.973+0000] {processor.py:829} INFO - Processing file /opt/airflow/dags/binance_daily_dag.py for tasks to queue
[2026-06-18T10:48:18.974+0000] {logging_mixin.py:151} INFO - [2026-06-18T10:48:18.974+0000] {dagbag.py:539} INFO - Filling up the DagBag from /opt/airflow/dags/binance_daily_dag.py
[2026-06-18T10:48:21.214+0000] {processor.py:839} INFO - DAG(s) dict_keys(['daily_crypto_bilstm_pipeline']) retrieved from /opt/airflow/dags/binance_daily_dag.py
[2026-06-18T10:48:21.234+0000] {logging_mixin.py:151} INFO - [2026-06-18T10:48:21.234+0000] {dag.py:2915} INFO - Sync 1 DAGs
[2026-06-18T10:48:21.251+0000] {logging_mixin.py:151} INFO - [2026-06-18T10:48:21.251+0000] {dag.py:3696} INFO - Setting next_dagrun for daily_crypto_bilstm_pipeline to 2026-06-16T17:02:00+00:00, run_after=2026-06-17T17:02:00+00:00
[2026-06-18T10:48:21.308+0000] {processor.py:179} INFO - Processing /opt/airflow/dags/binance_daily_dag.py took 2.341 seconds
[2026-06-18T10:48:51.957+0000] {processor.py:157} INFO - Started process (PID=4455) to work on /opt/airflow/dags/binance_daily_dag.py
[2026-06-18T10:48:51.959+0000] {processor.py:829} INFO - Processing file /opt/airflow/dags/binance_daily_dag.py for tasks to queue
[2026-06-18T10:48:51.960+0000] {logging_mixin.py:151} INFO - [2026-06-18T10:48:51.960+0000] {dagbag.py:539} INFO - Filling up the DagBag from /opt/airflow/dags/binance_daily_dag.py
[2026-06-18T10:48:54.316+0000] {processor.py:839} INFO - DAG(s) dict_keys(['daily_crypto_bilstm_pipeline']) retrieved from /opt/airflow/dags/binance_daily_dag.py
[2026-06-18T10:48:54.342+0000] {logging_mixin.py:151} INFO - [2026-06-18T10:48:54.341+0000] {dag.py:2915} INFO - Sync 1 DAGs
[2026-06-18T10:48:54.362+0000] {logging_mixin.py:151} INFO - [2026-06-18T10:48:54.362+0000] {dag.py:3696} INFO - Setting next_dagrun for daily_crypto_bilstm_pipeline to 2026-06-16T17:02:00+00:00, run_after=2026-06-17T17:02:00+00:00
[2026-06-18T10:48:54.384+0000] {processor.py:179} INFO - Processing /opt/airflow/dags/binance_daily_dag.py took 2.431 seconds
[2026-06-18T10:49:24.596+0000] {processor.py:157} INFO - Started process (PID=4488) to work on /opt/airflow/dags/binance_daily_dag.py
[2026-06-18T10:49:24.597+0000] {processor.py:829} INFO - Processing file /opt/airflow/dags/binance_daily_dag.py for tasks to queue
[2026-06-18T10:49:24.599+0000] {logging_mixin.py:151} INFO - [2026-06-18T10:49:24.598+0000] {dagbag.py:539} INFO - Filling up the DagBag from /opt/airflow/dags/binance_daily_dag.py
[2026-06-18T10:49:26.965+0000] {processor.py:839} INFO - DAG(s) dict_keys(['daily_crypto_bilstm_pipeline']) retrieved from /opt/airflow/dags/binance_daily_dag.py
[2026-06-18T10:49:26.985+0000] {logging_mixin.py:151} INFO - [2026-06-18T10:49:26.985+0000] {dag.py:2915} INFO - Sync 1 DAGs
[2026-06-18T10:49:27.006+0000] {logging_mixin.py:151} INFO - [2026-06-18T10:49:27.006+0000] {dag.py:3696} INFO - Setting next_dagrun for daily_crypto_bilstm_pipeline to 2026-06-16T17:02:00+00:00, run_after=2026-06-17T17:02:00+00:00
[2026-06-18T10:49:27.058+0000] {processor.py:179} INFO - Processing /opt/airflow/dags/binance_daily_dag.py took 2.467 seconds
[2026-06-18T10:49:57.390+0000] {processor.py:157} INFO - Started process (PID=4528) to work on /opt/airflow/dags/binance_daily_dag.py
[2026-06-18T10:49:57.391+0000] {processor.py:829} INFO - Processing file /opt/airflow/dags/binance_daily_dag.py for tasks to queue
[2026-06-18T10:49:57.392+0000] {logging_mixin.py:151} INFO - [2026-06-18T10:49:57.392+0000] {dagbag.py:539} INFO - Filling up the DagBag from /opt/airflow/dags/binance_daily_dag.py
[2026-06-18T10:49:59.860+0000] {processor.py:839} INFO - DAG(s) dict_keys(['daily_crypto_bilstm_pipeline']) retrieved from /opt/airflow/dags/binance_daily_dag.py
[2026-06-18T10:49:59.879+0000] {logging_mixin.py:151} INFO - [2026-06-18T10:49:59.878+0000] {dag.py:2915} INFO - Sync 1 DAGs
[2026-06-18T10:49:59.895+0000] {logging_mixin.py:151} INFO - [2026-06-18T10:49:59.895+0000] {dag.py:3696} INFO - Setting next_dagrun for daily_crypto_bilstm_pipeline to 2026-06-16T17:02:00+00:00, run_after=2026-06-17T17:02:00+00:00
[2026-06-18T10:49:59.915+0000] {processor.py:179} INFO - Processing /opt/airflow/dags/binance_daily_dag.py took 2.528 seconds
[2026-06-18T10:50:30.023+0000] {processor.py:157} INFO - Started process (PID=4561) to work on /opt/airflow/dags/binance_daily_dag.py
[2026-06-18T10:50:30.024+0000] {processor.py:829} INFO - Processing file /opt/airflow/dags/binance_daily_dag.py for tasks to queue
[2026-06-18T10:50:30.025+0000] {logging_mixin.py:151} INFO - [2026-06-18T10:50:30.025+0000] {dagbag.py:539} INFO - Filling up the DagBag from /opt/airflow/dags/binance_daily_dag.py
[2026-06-18T10:50:32.373+0000] {processor.py:839} INFO - DAG(s) dict_keys(['daily_crypto_bilstm_pipeline']) retrieved from /opt/airflow/dags/binance_daily_dag.py
[2026-06-18T10:50:32.396+0000] {logging_mixin.py:151} INFO - [2026-06-18T10:50:32.395+0000] {dag.py:2915} INFO - Sync 1 DAGs
[2026-06-18T10:50:32.416+0000] {logging_mixin.py:151} INFO - [2026-06-18T10:50:32.415+0000] {dag.py:3696} INFO - Setting next_dagrun for daily_crypto_bilstm_pipeline to 2026-06-16T17:02:00+00:00, run_after=2026-06-17T17:02:00+00:00
[2026-06-18T10:50:32.432+0000] {processor.py:179} INFO - Processing /opt/airflow/dags/binance_daily_dag.py took 2.414 seconds
[2026-06-18T10:51:03.059+0000] {processor.py:157} INFO - Started process (PID=4593) to work on /opt/airflow/dags/binance_daily_dag.py
[2026-06-18T10:51:03.061+0000] {processor.py:829} INFO - Processing file /opt/airflow/dags/binance_daily_dag.py for tasks to queue
[2026-06-18T10:51:03.061+0000] {logging_mixin.py:151} INFO - [2026-06-18T10:51:03.061+0000] {dagbag.py:539} INFO - Filling up the DagBag from /opt/airflow/dags/binance_daily_dag.py
[2026-06-18T10:51:05.413+0000] {processor.py:839} INFO - DAG(s) dict_keys(['daily_crypto_bilstm_pipeline']) retrieved from /opt/airflow/dags/binance_daily_dag.py
[2026-06-18T10:51:05.431+0000] {logging_mixin.py:151} INFO - [2026-06-18T10:51:05.431+0000] {dag.py:2915} INFO - Sync 1 DAGs
[2026-06-18T10:51:05.447+0000] {logging_mixin.py:151} INFO - [2026-06-18T10:51:05.447+0000] {dag.py:3696} INFO - Setting next_dagrun for daily_crypto_bilstm_pipeline to 2026-06-16T17:02:00+00:00, run_after=2026-06-17T17:02:00+00:00
[2026-06-18T10:51:05.501+0000] {processor.py:179} INFO - Processing /opt/airflow/dags/binance_daily_dag.py took 2.446 seconds
[2026-06-18T10:51:36.250+0000] {processor.py:157} INFO - Started process (PID=4626) to work on /opt/airflow/dags/binance_daily_dag.py
[2026-06-18T10:51:36.252+0000] {processor.py:829} INFO - Processing file /opt/airflow/dags/binance_daily_dag.py for tasks to queue
[2026-06-18T10:51:36.253+0000] {logging_mixin.py:151} INFO - [2026-06-18T10:51:36.252+0000] {dagbag.py:539} INFO - Filling up the DagBag from /opt/airflow/dags/binance_daily_dag.py
[2026-06-18T10:51:38.663+0000] {processor.py:839} INFO - DAG(s) dict_keys(['daily_crypto_bilstm_pipeline']) retrieved from /opt/airflow/dags/binance_daily_dag.py
[2026-06-18T10:51:38.682+0000] {logging_mixin.py:151} INFO - [2026-06-18T10:51:38.682+0000] {dag.py:2915} INFO - Sync 1 DAGs
[2026-06-18T10:51:38.700+0000] {logging_mixin.py:151} INFO - [2026-06-18T10:51:38.700+0000] {dag.py:3696} INFO - Setting next_dagrun for daily_crypto_bilstm_pipeline to 2026-06-16T17:02:00+00:00, run_after=2026-06-17T17:02:00+00:00
[2026-06-18T10:51:38.717+0000] {processor.py:179} INFO - Processing /opt/airflow/dags/binance_daily_dag.py took 2.471 seconds
[2026-06-18T10:52:09.990+0000] {processor.py:157} INFO - Started process (PID=4660) to work on /opt/airflow/dags/binance_daily_dag.py
[2026-06-18T10:52:09.992+0000] {processor.py:829} INFO - Processing file /opt/airflow/dags/binance_daily_dag.py for tasks to queue
[2026-06-18T10:52:09.993+0000] {logging_mixin.py:151} INFO - [2026-06-18T10:52:09.992+0000] {dagbag.py:539} INFO - Filling up the DagBag from /opt/airflow/dags/binance_daily_dag.py
[2026-06-18T10:52:12.483+0000] {processor.py:839} INFO - DAG(s) dict_keys(['daily_crypto_bilstm_pipeline']) retrieved from /opt/airflow/dags/binance_daily_dag.py
[2026-06-18T10:52:12.507+0000] {logging_mixin.py:151} INFO - [2026-06-18T10:52:12.506+0000] {dag.py:2915} INFO - Sync 1 DAGs
[2026-06-18T10:52:12.525+0000] {logging_mixin.py:151} INFO - [2026-06-18T10:52:12.525+0000] {dag.py:3696} INFO - Setting next_dagrun for daily_crypto_bilstm_pipeline to 2026-06-16T17:02:00+00:00, run_after=2026-06-17T17:02:00+00:00
[2026-06-18T10:52:12.545+0000] {processor.py:179} INFO - Processing /opt/airflow/dags/binance_daily_dag.py took 2.558 seconds
[2026-06-18T10:52:44.022+0000] {processor.py:157} INFO - Started process (PID=4693) to work on /opt/airflow/dags/binance_daily_dag.py
[2026-06-18T10:52:44.023+0000] {processor.py:829} INFO - Processing file /opt/airflow/dags/binance_daily_dag.py for tasks to queue
[2026-06-18T10:52:44.024+0000] {logging_mixin.py:151} INFO - [2026-06-18T10:52:44.024+0000] {dagbag.py:539} INFO - Filling up the DagBag from /opt/airflow/dags/binance_daily_dag.py
[2026-06-18T10:52:46.252+0000] {processor.py:839} INFO - DAG(s) dict_keys(['daily_crypto_bilstm_pipeline']) retrieved from /opt/airflow/dags/binance_daily_dag.py
[2026-06-18T10:52:46.272+0000] {logging_mixin.py:151} INFO - [2026-06-18T10:52:46.271+0000] {dag.py:2915} INFO - Sync 1 DAGs
[2026-06-18T10:52:46.289+0000] {logging_mixin.py:151} INFO - [2026-06-18T10:52:46.289+0000] {dag.py:3696} INFO - Setting next_dagrun for daily_crypto_bilstm_pipeline to 2026-06-16T17:02:00+00:00, run_after=2026-06-17T17:02:00+00:00
[2026-06-18T10:52:46.349+0000] {processor.py:179} INFO - Processing /opt/airflow/dags/binance_daily_dag.py took 2.331 seconds
[2026-06-18T10:53:17.255+0000] {processor.py:157} INFO - Started process (PID=4726) to work on /opt/airflow/dags/binance_daily_dag.py
[2026-06-18T10:53:17.257+0000] {processor.py:829} INFO - Processing file /opt/airflow/dags/binance_daily_dag.py for tasks to queue
[2026-06-18T10:53:17.259+0000] {logging_mixin.py:151} INFO - [2026-06-18T10:53:17.258+0000] {dagbag.py:539} INFO - Filling up the DagBag from /opt/airflow/dags/binance_daily_dag.py
[2026-06-18T10:53:19.765+0000] {processor.py:839} INFO - DAG(s) dict_keys(['daily_crypto_bilstm_pipeline']) retrieved from /opt/airflow/dags/binance_daily_dag.py
[2026-06-18T10:53:19.786+0000] {logging_mixin.py:151} INFO - [2026-06-18T10:53:19.786+0000] {dag.py:2915} INFO - Sync 1 DAGs
[2026-06-18T10:53:19.810+0000] {logging_mixin.py:151} INFO - [2026-06-18T10:53:19.809+0000] {dag.py:3696} INFO - Setting next_dagrun for daily_crypto_bilstm_pipeline to 2026-06-16T17:02:00+00:00, run_after=2026-06-17T17:02:00+00:00
[2026-06-18T10:53:19.828+0000] {processor.py:179} INFO - Processing /opt/airflow/dags/binance_daily_dag.py took 2.577 seconds
[2026-06-18T10:53:50.377+0000] {processor.py:157} INFO - Started process (PID=4759) to work on /opt/airflow/dags/binance_daily_dag.py
[2026-06-18T10:53:50.379+0000] {processor.py:829} INFO - Processing file /opt/airflow/dags/binance_daily_dag.py for tasks to queue
[2026-06-18T10:53:50.380+0000] {logging_mixin.py:151} INFO - [2026-06-18T10:53:50.379+0000] {dagbag.py:539} INFO - Filling up the DagBag from /opt/airflow/dags/binance_daily_dag.py
[2026-06-18T10:53:52.982+0000] {processor.py:839} INFO - DAG(s) dict_keys(['daily_crypto_bilstm_pipeline']) retrieved from /opt/airflow/dags/binance_daily_dag.py
[2026-06-18T10:53:53.004+0000] {logging_mixin.py:151} INFO - [2026-06-18T10:53:53.003+0000] {dag.py:2915} INFO - Sync 1 DAGs
[2026-06-18T10:53:53.023+0000] {logging_mixin.py:151} INFO - [2026-06-18T10:53:53.023+0000] {dag.py:3696} INFO - Setting next_dagrun for daily_crypto_bilstm_pipeline to 2026-06-16T17:02:00+00:00, run_after=2026-06-17T17:02:00+00:00
[2026-06-18T10:53:53.163+0000] {processor.py:179} INFO - Processing /opt/airflow/dags/binance_daily_dag.py took 2.790 seconds
[2026-06-18T10:54:24.019+0000] {processor.py:157} INFO - Started process (PID=4798) to work on /opt/airflow/dags/binance_daily_dag.py
[2026-06-18T10:54:24.025+0000] {processor.py:829} INFO - Processing file /opt/airflow/dags/binance_daily_dag.py for tasks to queue
[2026-06-18T10:54:24.030+0000] {logging_mixin.py:151} INFO - [2026-06-18T10:54:24.029+0000] {dagbag.py:539} INFO - Filling up the DagBag from /opt/airflow/dags/binance_daily_dag.py
[2026-06-18T10:54:26.494+0000] {processor.py:839} INFO - DAG(s) dict_keys(['daily_crypto_bilstm_pipeline']) retrieved from /opt/airflow/dags/binance_daily_dag.py
[2026-06-18T10:54:26.514+0000] {logging_mixin.py:151} INFO - [2026-06-18T10:54:26.514+0000] {dag.py:2915} INFO - Sync 1 DAGs
[2026-06-18T10:54:26.535+0000] {logging_mixin.py:151} INFO - [2026-06-18T10:54:26.534+0000] {dag.py:3696} INFO - Setting next_dagrun for daily_crypto_bilstm_pipeline to 2026-06-16T17:02:00+00:00, run_after=2026-06-17T17:02:00+00:00
[2026-06-18T10:54:26.557+0000] {processor.py:179} INFO - Processing /opt/airflow/dags/binance_daily_dag.py took 2.544 seconds
[2026-06-18T10:54:57.092+0000] {processor.py:157} INFO - Started process (PID=4833) to work on /opt/airflow/dags/binance_daily_dag.py
[2026-06-18T10:54:57.094+0000] {processor.py:829} INFO - Processing file /opt/airflow/dags/binance_daily_dag.py for tasks to queue
[2026-06-18T10:54:57.095+0000] {logging_mixin.py:151} INFO - [2026-06-18T10:54:57.094+0000] {dagbag.py:539} INFO - Filling up the DagBag from /opt/airflow/dags/binance_daily_dag.py
[2026-06-18T10:54:59.554+0000] {processor.py:839} INFO - DAG(s) dict_keys(['daily_crypto_bilstm_pipeline']) retrieved from /opt/airflow/dags/binance_daily_dag.py
[2026-06-18T10:54:59.574+0000] {logging_mixin.py:151} INFO - [2026-06-18T10:54:59.573+0000] {dag.py:2915} INFO - Sync 1 DAGs
[2026-06-18T10:54:59.591+0000] {logging_mixin.py:151} INFO - [2026-06-18T10:54:59.591+0000] {dag.py:3696} INFO - Setting next_dagrun for daily_crypto_bilstm_pipeline to 2026-06-16T17:02:00+00:00, run_after=2026-06-17T17:02:00+00:00
[2026-06-18T10:54:59.652+0000] {processor.py:179} INFO - Processing /opt/airflow/dags/binance_daily_dag.py took 2.564 seconds
[2026-06-18T10:55:29.887+0000] {processor.py:157} INFO - Started process (PID=4870) to work on /opt/airflow/dags/binance_daily_dag.py
[2026-06-18T10:55:29.889+0000] {processor.py:829} INFO - Processing file /opt/airflow/dags/binance_daily_dag.py for tasks to queue
[2026-06-18T10:55:29.890+0000] {logging_mixin.py:151} INFO - [2026-06-18T10:55:29.889+0000] {dagbag.py:539} INFO - Filling up the DagBag from /opt/airflow/dags/binance_daily_dag.py
[2026-06-18T10:55:32.334+0000] {processor.py:839} INFO - DAG(s) dict_keys(['daily_crypto_bilstm_pipeline']) retrieved from /opt/airflow/dags/binance_daily_dag.py
[2026-06-18T10:55:32.353+0000] {logging_mixin.py:151} INFO - [2026-06-18T10:55:32.352+0000] {dag.py:2915} INFO - Sync 1 DAGs
[2026-06-18T10:55:32.370+0000] {logging_mixin.py:151} INFO - [2026-06-18T10:55:32.370+0000] {dag.py:3696} INFO - Setting next_dagrun for daily_crypto_bilstm_pipeline to 2026-06-16T17:02:00+00:00, run_after=2026-06-17T17:02:00+00:00
[2026-06-18T10:55:32.418+0000] {processor.py:179} INFO - Processing /opt/airflow/dags/binance_daily_dag.py took 2.535 seconds
[2026-06-18T10:56:03.182+0000] {processor.py:157} INFO - Started process (PID=4903) to work on /opt/airflow/dags/binance_daily_dag.py
[2026-06-18T10:56:03.184+0000] {processor.py:829} INFO - Processing file /opt/airflow/dags/binance_daily_dag.py for tasks to queue
[2026-06-18T10:56:03.185+0000] {logging_mixin.py:151} INFO - [2026-06-18T10:56:03.184+0000] {dagbag.py:539} INFO - Filling up the DagBag from /opt/airflow/dags/binance_daily_dag.py
[2026-06-18T10:56:05.628+0000] {processor.py:839} INFO - DAG(s) dict_keys(['daily_crypto_bilstm_pipeline']) retrieved from /opt/airflow/dags/binance_daily_dag.py
[2026-06-18T10:56:05.650+0000] {logging_mixin.py:151} INFO - [2026-06-18T10:56:05.650+0000] {dag.py:2915} INFO - Sync 1 DAGs
[2026-06-18T10:56:05.670+0000] {logging_mixin.py:151} INFO - [2026-06-18T10:56:05.669+0000] {dag.py:3696} INFO - Setting next_dagrun for daily_crypto_bilstm_pipeline to 2026-06-16T17:02:00+00:00, run_after=2026-06-17T17:02:00+00:00
[2026-06-18T10:56:05.691+0000] {processor.py:179} INFO - Processing /opt/airflow/dags/binance_daily_dag.py took 2.513 seconds
[2026-06-18T10:56:36.604+0000] {processor.py:157} INFO - Started process (PID=4936) to work on /opt/airflow/dags/binance_daily_dag.py
[2026-06-18T10:56:36.606+0000] {processor.py:829} INFO - Processing file /opt/airflow/dags/binance_daily_dag.py for tasks to queue
[2026-06-18T10:56:36.607+0000] {logging_mixin.py:151} INFO - [2026-06-18T10:56:36.606+0000] {dagbag.py:539} INFO - Filling up the DagBag from /opt/airflow/dags/binance_daily_dag.py
[2026-06-18T10:56:39.364+0000] {processor.py:839} INFO - DAG(s) dict_keys(['daily_crypto_bilstm_pipeline']) retrieved from /opt/airflow/dags/binance_daily_dag.py
[2026-06-18T10:56:39.384+0000] {logging_mixin.py:151} INFO - [2026-06-18T10:56:39.384+0000] {dag.py:2915} INFO - Sync 1 DAGs
[2026-06-18T10:56:39.402+0000] {logging_mixin.py:151} INFO - [2026-06-18T10:56:39.402+0000] {dag.py:3696} INFO - Setting next_dagrun for daily_crypto_bilstm_pipeline to 2026-06-16T17:02:00+00:00, run_after=2026-06-17T17:02:00+00:00
[2026-06-18T10:56:39.421+0000] {processor.py:179} INFO - Processing /opt/airflow/dags/binance_daily_dag.py took 2.822 seconds
[2026-06-18T10:57:09.787+0000] {processor.py:157} INFO - Started process (PID=4969) to work on /opt/airflow/dags/binance_daily_dag.py
[2026-06-18T10:57:09.788+0000] {processor.py:829} INFO - Processing file /opt/airflow/dags/binance_daily_dag.py for tasks to queue
[2026-06-18T10:57:09.789+0000] {logging_mixin.py:151} INFO - [2026-06-18T10:57:09.789+0000] {dagbag.py:539} INFO - Filling up the DagBag from /opt/airflow/dags/binance_daily_dag.py
[2026-06-18T10:57:12.171+0000] {processor.py:839} INFO - DAG(s) dict_keys(['daily_crypto_bilstm_pipeline']) retrieved from /opt/airflow/dags/binance_daily_dag.py
[2026-06-18T10:57:12.191+0000] {logging_mixin.py:151} INFO - [2026-06-18T10:57:12.191+0000] {dag.py:2915} INFO - Sync 1 DAGs
[2026-06-18T10:57:12.211+0000] {logging_mixin.py:151} INFO - [2026-06-18T10:57:12.211+0000] {dag.py:3696} INFO - Setting next_dagrun for daily_crypto_bilstm_pipeline to 2026-06-16T17:02:00+00:00, run_after=2026-06-17T17:02:00+00:00
[2026-06-18T10:57:12.232+0000] {processor.py:179} INFO - Processing /opt/airflow/dags/binance_daily_dag.py took 2.448 seconds
[2026-06-18T10:57:42.705+0000] {processor.py:157} INFO - Started process (PID=5002) to work on /opt/airflow/dags/binance_daily_dag.py
[2026-06-18T10:57:42.706+0000] {processor.py:829} INFO - Processing file /opt/airflow/dags/binance_daily_dag.py for tasks to queue
[2026-06-18T10:57:42.707+0000] {logging_mixin.py:151} INFO - [2026-06-18T10:57:42.707+0000] {dagbag.py:539} INFO - Filling up the DagBag from /opt/airflow/dags/binance_daily_dag.py
[2026-06-18T10:57:45.146+0000] {processor.py:839} INFO - DAG(s) dict_keys(['daily_crypto_bilstm_pipeline']) retrieved from /opt/airflow/dags/binance_daily_dag.py
[2026-06-18T10:57:45.165+0000] {logging_mixin.py:151} INFO - [2026-06-18T10:57:45.165+0000] {dag.py:2915} INFO - Sync 1 DAGs
[2026-06-18T10:57:45.181+0000] {logging_mixin.py:151} INFO - [2026-06-18T10:57:45.181+0000] {dag.py:3696} INFO - Setting next_dagrun for daily_crypto_bilstm_pipeline to 2026-06-16T17:02:00+00:00, run_after=2026-06-17T17:02:00+00:00
[2026-06-18T10:57:45.198+0000] {processor.py:179} INFO - Processing /opt/airflow/dags/binance_daily_dag.py took 2.497 seconds
[2026-06-18T10:58:15.468+0000] {processor.py:157} INFO - Started process (PID=5035) to work on /opt/airflow/dags/binance_daily_dag.py
[2026-06-18T10:58:15.470+0000] {processor.py:829} INFO - Processing file /opt/airflow/dags/binance_daily_dag.py for tasks to queue
[2026-06-18T10:58:15.471+0000] {logging_mixin.py:151} INFO - [2026-06-18T10:58:15.470+0000] {dagbag.py:539} INFO - Filling up the DagBag from /opt/airflow/dags/binance_daily_dag.py
[2026-06-18T10:58:17.857+0000] {processor.py:839} INFO - DAG(s) dict_keys(['daily_crypto_bilstm_pipeline']) retrieved from /opt/airflow/dags/binance_daily_dag.py
[2026-06-18T10:58:17.877+0000] {logging_mixin.py:151} INFO - [2026-06-18T10:58:17.876+0000] {dag.py:2915} INFO - Sync 1 DAGs
[2026-06-18T10:58:17.896+0000] {logging_mixin.py:151} INFO - [2026-06-18T10:58:17.896+0000] {dag.py:3696} INFO - Setting next_dagrun for daily_crypto_bilstm_pipeline to 2026-06-16T17:02:00+00:00, run_after=2026-06-17T17:02:00+00:00
[2026-06-18T10:58:17.917+0000] {processor.py:179} INFO - Processing /opt/airflow/dags/binance_daily_dag.py took 2.453 seconds
[2026-06-18T10:58:48.537+0000] {processor.py:157} INFO - Started process (PID=5068) to work on /opt/airflow/dags/binance_daily_dag.py
[2026-06-18T10:58:48.539+0000] {processor.py:829} INFO - Processing file /opt/airflow/dags/binance_daily_dag.py for tasks to queue
[2026-06-18T10:58:48.539+0000] {logging_mixin.py:151} INFO - [2026-06-18T10:58:48.539+0000] {dagbag.py:539} INFO - Filling up the DagBag from /opt/airflow/dags/binance_daily_dag.py
[2026-06-18T10:58:51.095+0000] {processor.py:839} INFO - DAG(s) dict_keys(['daily_crypto_bilstm_pipeline']) retrieved from /opt/airflow/dags/binance_daily_dag.py
[2026-06-18T10:58:51.122+0000] {logging_mixin.py:151} INFO - [2026-06-18T10:58:51.121+0000] {dag.py:2915} INFO - Sync 1 DAGs
[2026-06-18T10:58:51.143+0000] {logging_mixin.py:151} INFO - [2026-06-18T10:58:51.143+0000] {dag.py:3696} INFO - Setting next_dagrun for daily_crypto_bilstm_pipeline to 2026-06-16T17:02:00+00:00, run_after=2026-06-17T17:02:00+00:00
[2026-06-18T10:58:51.207+0000] {processor.py:179} INFO - Processing /opt/airflow/dags/binance_daily_dag.py took 2.673 seconds
[2026-06-18T10:59:22.128+0000] {processor.py:157} INFO - Started process (PID=5101) to work on /opt/airflow/dags/binance_daily_dag.py
[2026-06-18T10:59:22.129+0000] {processor.py:829} INFO - Processing file /opt/airflow/dags/binance_daily_dag.py for tasks to queue
[2026-06-18T10:59:22.130+0000] {logging_mixin.py:151} INFO - [2026-06-18T10:59:22.130+0000] {dagbag.py:539} INFO - Filling up the DagBag from /opt/airflow/dags/binance_daily_dag.py
[2026-06-18T10:59:24.340+0000] {processor.py:839} INFO - DAG(s) dict_keys(['daily_crypto_bilstm_pipeline']) retrieved from /opt/airflow/dags/binance_daily_dag.py
[2026-06-18T10:59:24.361+0000] {logging_mixin.py:151} INFO - [2026-06-18T10:59:24.360+0000] {dag.py:2915} INFO - Sync 1 DAGs
[2026-06-18T10:59:24.379+0000] {logging_mixin.py:151} INFO - [2026-06-18T10:59:24.379+0000] {dag.py:3696} INFO - Setting next_dagrun for daily_crypto_bilstm_pipeline to 2026-06-16T17:02:00+00:00, run_after=2026-06-17T17:02:00+00:00
[2026-06-18T10:59:24.439+0000] {processor.py:179} INFO - Processing /opt/airflow/dags/binance_daily_dag.py took 2.317 seconds
[2026-06-18T10:59:55.652+0000] {processor.py:157} INFO - Started process (PID=5134) to work on /opt/airflow/dags/binance_daily_dag.py
[2026-06-18T10:59:55.654+0000] {processor.py:829} INFO - Processing file /opt/airflow/dags/binance_daily_dag.py for tasks to queue
[2026-06-18T10:59:55.655+0000] {logging_mixin.py:151} INFO - [2026-06-18T10:59:55.655+0000] {dagbag.py:539} INFO - Filling up the DagBag from /opt/airflow/dags/binance_daily_dag.py
[2026-06-18T10:59:58.310+0000] {processor.py:839} INFO - DAG(s) dict_keys(['daily_crypto_bilstm_pipeline']) retrieved from /opt/airflow/dags/binance_daily_dag.py
[2026-06-18T10:59:58.333+0000] {logging_mixin.py:151} INFO - [2026-06-18T10:59:58.332+0000] {dag.py:2915} INFO - Sync 1 DAGs
[2026-06-18T10:59:58.351+0000] {logging_mixin.py:151} INFO - [2026-06-18T10:59:58.351+0000] {dag.py:3696} INFO - Setting next_dagrun for daily_crypto_bilstm_pipeline to 2026-06-16T17:02:00+00:00, run_after=2026-06-17T17:02:00+00:00
[2026-06-18T10:59:58.413+0000] {processor.py:179} INFO - Processing /opt/airflow/dags/binance_daily_dag.py took 2.765 seconds
[2026-06-18T11:00:29.427+0000] {processor.py:157} INFO - Started process (PID=5179) to work on /opt/airflow/dags/binance_daily_dag.py
[2026-06-18T11:00:29.429+0000] {processor.py:829} INFO - Processing file /opt/airflow/dags/binance_daily_dag.py for tasks to queue
[2026-06-18T11:00:29.430+0000] {logging_mixin.py:151} INFO - [2026-06-18T11:00:29.429+0000] {dagbag.py:539} INFO - Filling up the DagBag from /opt/airflow/dags/binance_daily_dag.py
[2026-06-18T11:00:31.991+0000] {processor.py:839} INFO - DAG(s) dict_keys(['daily_crypto_bilstm_pipeline']) retrieved from /opt/airflow/dags/binance_daily_dag.py
[2026-06-18T11:00:32.019+0000] {logging_mixin.py:151} INFO - [2026-06-18T11:00:32.019+0000] {dag.py:2915} INFO - Sync 1 DAGs
[2026-06-18T11:00:32.046+0000] {logging_mixin.py:151} INFO - [2026-06-18T11:00:32.046+0000] {dag.py:3696} INFO - Setting next_dagrun for daily_crypto_bilstm_pipeline to 2026-06-16T17:02:00+00:00, run_after=2026-06-17T17:02:00+00:00
[2026-06-18T11:00:32.115+0000] {processor.py:179} INFO - Processing /opt/airflow/dags/binance_daily_dag.py took 2.693 seconds
[2026-06-18T11:01:02.418+0000] {processor.py:157} INFO - Started process (PID=5212) to work on /opt/airflow/dags/binance_daily_dag.py
[2026-06-18T11:01:02.419+0000] {processor.py:829} INFO - Processing file /opt/airflow/dags/binance_daily_dag.py for tasks to queue
[2026-06-18T11:01:02.420+0000] {logging_mixin.py:151} INFO - [2026-06-18T11:01:02.420+0000] {dagbag.py:539} INFO - Filling up the DagBag from /opt/airflow/dags/binance_daily_dag.py
[2026-06-18T11:01:04.694+0000] {processor.py:839} INFO - DAG(s) dict_keys(['daily_crypto_bilstm_pipeline']) retrieved from /opt/airflow/dags/binance_daily_dag.py
[2026-06-18T11:01:04.714+0000] {logging_mixin.py:151} INFO - [2026-06-18T11:01:04.713+0000] {dag.py:2915} INFO - Sync 1 DAGs
[2026-06-18T11:01:04.733+0000] {logging_mixin.py:151} INFO - [2026-06-18T11:01:04.733+0000] {dag.py:3696} INFO - Setting next_dagrun for daily_crypto_bilstm_pipeline to 2026-06-16T17:02:00+00:00, run_after=2026-06-17T17:02:00+00:00
[2026-06-18T11:01:04.772+0000] {processor.py:179} INFO - Processing /opt/airflow/dags/binance_daily_dag.py took 2.358 seconds
[2026-06-18T11:01:35.170+0000] {processor.py:157} INFO - Started process (PID=5245) to work on /opt/airflow/dags/binance_daily_dag.py
[2026-06-18T11:01:35.172+0000] {processor.py:829} INFO - Processing file /opt/airflow/dags/binance_daily_dag.py for tasks to queue
[2026-06-18T11:01:35.173+0000] {logging_mixin.py:151} INFO - [2026-06-18T11:01:35.173+0000] {dagbag.py:539} INFO - Filling up the DagBag from /opt/airflow/dags/binance_daily_dag.py
[2026-06-18T11:01:37.483+0000] {processor.py:839} INFO - DAG(s) dict_keys(['daily_crypto_bilstm_pipeline']) retrieved from /opt/airflow/dags/binance_daily_dag.py
[2026-06-18T11:01:37.509+0000] {logging_mixin.py:151} INFO - [2026-06-18T11:01:37.509+0000] {dag.py:2915} INFO - Sync 1 DAGs
[2026-06-18T11:01:37.530+0000] {logging_mixin.py:151} INFO - [2026-06-18T11:01:37.530+0000] {dag.py:3696} INFO - Setting next_dagrun for daily_crypto_bilstm_pipeline to 2026-06-16T17:02:00+00:00, run_after=2026-06-17T17:02:00+00:00
[2026-06-18T11:01:37.589+0000] {processor.py:179} INFO - Processing /opt/airflow/dags/binance_daily_dag.py took 2.424 seconds
[2026-06-18T11:02:07.927+0000] {processor.py:157} INFO - Started process (PID=5278) to work on /opt/airflow/dags/binance_daily_dag.py
[2026-06-18T11:02:07.929+0000] {processor.py:829} INFO - Processing file /opt/airflow/dags/binance_daily_dag.py for tasks to queue
[2026-06-18T11:02:07.930+0000] {logging_mixin.py:151} INFO - [2026-06-18T11:02:07.929+0000] {dagbag.py:539} INFO - Filling up the DagBag from /opt/airflow/dags/binance_daily_dag.py
[2026-06-18T11:02:10.472+0000] {processor.py:839} INFO - DAG(s) dict_keys(['daily_crypto_bilstm_pipeline']) retrieved from /opt/airflow/dags/binance_daily_dag.py
[2026-06-18T11:02:10.495+0000] {logging_mixin.py:151} INFO - [2026-06-18T11:02:10.494+0000] {dag.py:2915} INFO - Sync 1 DAGs
[2026-06-18T11:02:10.519+0000] {logging_mixin.py:151} INFO - [2026-06-18T11:02:10.519+0000] {dag.py:3696} INFO - Setting next_dagrun for daily_crypto_bilstm_pipeline to 2026-06-16T17:02:00+00:00, run_after=2026-06-17T17:02:00+00:00
[2026-06-18T11:02:10.566+0000] {processor.py:179} INFO - Processing /opt/airflow/dags/binance_daily_dag.py took 2.643 seconds
[2026-06-18T11:02:40.972+0000] {processor.py:157} INFO - Started process (PID=5311) to work on /opt/airflow/dags/binance_daily_dag.py
[2026-06-18T11:02:40.974+0000] {processor.py:829} INFO - Processing file /opt/airflow/dags/binance_daily_dag.py for tasks to queue
[2026-06-18T11:02:40.975+0000] {logging_mixin.py:151} INFO - [2026-06-18T11:02:40.975+0000] {dagbag.py:539} INFO - Filling up the DagBag from /opt/airflow/dags/binance_daily_dag.py
[2026-06-18T11:02:43.624+0000] {processor.py:839} INFO - DAG(s) dict_keys(['daily_crypto_bilstm_pipeline']) retrieved from /opt/airflow/dags/binance_daily_dag.py
[2026-06-18T11:02:43.644+0000] {logging_mixin.py:151} INFO - [2026-06-18T11:02:43.643+0000] {dag.py:2915} INFO - Sync 1 DAGs
[2026-06-18T11:02:43.662+0000] {logging_mixin.py:151} INFO - [2026-06-18T11:02:43.662+0000] {dag.py:3696} INFO - Setting next_dagrun for daily_crypto_bilstm_pipeline to 2026-06-16T17:02:00+00:00, run_after=2026-06-17T17:02:00+00:00
[2026-06-18T11:02:43.685+0000] {processor.py:179} INFO - Processing /opt/airflow/dags/binance_daily_dag.py took 2.716 seconds
[2026-06-18T11:03:14.103+0000] {processor.py:157} INFO - Started process (PID=5344) to work on /opt/airflow/dags/binance_daily_dag.py
[2026-06-18T11:03:14.105+0000] {processor.py:829} INFO - Processing file /opt/airflow/dags/binance_daily_dag.py for tasks to queue
[2026-06-18T11:03:14.106+0000] {logging_mixin.py:151} INFO - [2026-06-18T11:03:14.105+0000] {dagbag.py:539} INFO - Filling up the DagBag from /opt/airflow/dags/binance_daily_dag.py
[2026-06-18T11:03:16.568+0000] {processor.py:839} INFO - DAG(s) dict_keys(['daily_crypto_bilstm_pipeline']) retrieved from /opt/airflow/dags/binance_daily_dag.py
[2026-06-18T11:03:16.587+0000] {logging_mixin.py:151} INFO - [2026-06-18T11:03:16.587+0000] {dag.py:2915} INFO - Sync 1 DAGs
[2026-06-18T11:03:16.603+0000] {logging_mixin.py:151} INFO - [2026-06-18T11:03:16.603+0000] {dag.py:3696} INFO - Setting next_dagrun for daily_crypto_bilstm_pipeline to 2026-06-16T17:02:00+00:00, run_after=2026-06-17T17:02:00+00:00
[2026-06-18T11:03:16.660+0000] {processor.py:179} INFO - Processing /opt/airflow/dags/binance_daily_dag.py took 2.561 seconds
[2026-06-18T11:03:46.891+0000] {processor.py:157} INFO - Started process (PID=5377) to work on /opt/airflow/dags/binance_daily_dag.py
[2026-06-18T11:03:46.893+0000] {processor.py:829} INFO - Processing file /opt/airflow/dags/binance_daily_dag.py for tasks to queue
[2026-06-18T11:03:46.894+0000] {logging_mixin.py:151} INFO - [2026-06-18T11:03:46.894+0000] {dagbag.py:539} INFO - Filling up the DagBag from /opt/airflow/dags/binance_daily_dag.py
[2026-06-18T11:03:49.583+0000] {processor.py:839} INFO - DAG(s) dict_keys(['daily_crypto_bilstm_pipeline']) retrieved from /opt/airflow/dags/binance_daily_dag.py
[2026-06-18T11:03:49.602+0000] {logging_mixin.py:151} INFO - [2026-06-18T11:03:49.601+0000] {dag.py:2915} INFO - Sync 1 DAGs
[2026-06-18T11:03:49.621+0000] {logging_mixin.py:151} INFO - [2026-06-18T11:03:49.620+0000] {dag.py:3696} INFO - Setting next_dagrun for daily_crypto_bilstm_pipeline to 2026-06-16T17:02:00+00:00, run_after=2026-06-17T17:02:00+00:00
[2026-06-18T11:03:49.639+0000] {processor.py:179} INFO - Processing /opt/airflow/dags/binance_daily_dag.py took 2.751 seconds
[2026-06-18T11:04:20.058+0000] {processor.py:157} INFO - Started process (PID=5409) to work on /opt/airflow/dags/binance_daily_dag.py
[2026-06-18T11:04:20.060+0000] {processor.py:829} INFO - Processing file /opt/airflow/dags/binance_daily_dag.py for tasks to queue
[2026-06-18T11:04:20.061+0000] {logging_mixin.py:151} INFO - [2026-06-18T11:04:20.061+0000] {dagbag.py:539} INFO - Filling up the DagBag from /opt/airflow/dags/binance_daily_dag.py
[2026-06-18T11:04:23.131+0000] {processor.py:839} INFO - DAG(s) dict_keys(['daily_crypto_bilstm_pipeline']) retrieved from /opt/airflow/dags/binance_daily_dag.py
[2026-06-18T11:04:23.163+0000] {logging_mixin.py:151} INFO - [2026-06-18T11:04:23.162+0000] {dag.py:2915} INFO - Sync 1 DAGs
[2026-06-18T11:04:23.180+0000] {logging_mixin.py:151} INFO - [2026-06-18T11:04:23.180+0000] {dag.py:3696} INFO - Setting next_dagrun for daily_crypto_bilstm_pipeline to 2026-06-16T17:02:00+00:00, run_after=2026-06-17T17:02:00+00:00
[2026-06-18T11:04:23.198+0000] {processor.py:179} INFO - Processing /opt/airflow/dags/binance_daily_dag.py took 3.145 seconds
[2026-06-18T11:04:53.383+0000] {processor.py:157} INFO - Started process (PID=5443) to work on /opt/airflow/dags/binance_daily_dag.py
[2026-06-18T11:04:53.385+0000] {processor.py:829} INFO - Processing file /opt/airflow/dags/binance_daily_dag.py for tasks to queue
[2026-06-18T11:04:53.386+0000] {logging_mixin.py:151} INFO - [2026-06-18T11:04:53.386+0000] {dagbag.py:539} INFO - Filling up the DagBag from /opt/airflow/dags/binance_daily_dag.py
[2026-06-18T11:04:56.285+0000] {processor.py:839} INFO - DAG(s) dict_keys(['daily_crypto_bilstm_pipeline']) retrieved from /opt/airflow/dags/binance_daily_dag.py
[2026-06-18T11:04:56.305+0000] {logging_mixin.py:151} INFO - [2026-06-18T11:04:56.305+0000] {dag.py:2915} INFO - Sync 1 DAGs
[2026-06-18T11:04:56.327+0000] {logging_mixin.py:151} INFO - [2026-06-18T11:04:56.327+0000] {dag.py:3696} INFO - Setting next_dagrun for daily_crypto_bilstm_pipeline to 2026-06-16T17:02:00+00:00, run_after=2026-06-17T17:02:00+00:00
[2026-06-18T11:04:56.350+0000] {processor.py:179} INFO - Processing /opt/airflow/dags/binance_daily_dag.py took 2.972 seconds
[2026-06-18T11:05:26.669+0000] {processor.py:157} INFO - Started process (PID=5477) to work on /opt/airflow/dags/binance_daily_dag.py
[2026-06-18T11:05:26.670+0000] {processor.py:829} INFO - Processing file /opt/airflow/dags/binance_daily_dag.py for tasks to queue
[2026-06-18T11:05:26.672+0000] {logging_mixin.py:151} INFO - [2026-06-18T11:05:26.671+0000] {dagbag.py:539} INFO - Filling up the DagBag from /opt/airflow/dags/binance_daily_dag.py
[2026-06-18T11:05:29.090+0000] {processor.py:839} INFO - DAG(s) dict_keys(['daily_crypto_bilstm_pipeline']) retrieved from /opt/airflow/dags/binance_daily_dag.py
[2026-06-18T11:05:29.109+0000] {logging_mixin.py:151} INFO - [2026-06-18T11:05:29.109+0000] {dag.py:2915} INFO - Sync 1 DAGs
[2026-06-18T11:05:29.126+0000] {logging_mixin.py:151} INFO - [2026-06-18T11:05:29.126+0000] {dag.py:3696} INFO - Setting next_dagrun for daily_crypto_bilstm_pipeline to 2026-06-16T17:02:00+00:00, run_after=2026-06-17T17:02:00+00:00
[2026-06-18T11:05:29.145+0000] {processor.py:179} INFO - Processing /opt/airflow/dags/binance_daily_dag.py took 2.480 seconds
[2026-06-18T11:05:59.304+0000] {processor.py:157} INFO - Started process (PID=5510) to work on /opt/airflow/dags/binance_daily_dag.py
[2026-06-18T11:05:59.306+0000] {processor.py:829} INFO - Processing file /opt/airflow/dags/binance_daily_dag.py for tasks to queue
[2026-06-18T11:05:59.307+0000] {logging_mixin.py:151} INFO - [2026-06-18T11:05:59.307+0000] {dagbag.py:539} INFO - Filling up the DagBag from /opt/airflow/dags/binance_daily_dag.py
[2026-06-18T11:06:02.193+0000] {processor.py:839} INFO - DAG(s) dict_keys(['daily_crypto_bilstm_pipeline']) retrieved from /opt/airflow/dags/binance_daily_dag.py
[2026-06-18T11:06:02.218+0000] {logging_mixin.py:151} INFO - [2026-06-18T11:06:02.217+0000] {dag.py:2915} INFO - Sync 1 DAGs
[2026-06-18T11:06:02.238+0000] {logging_mixin.py:151} INFO - [2026-06-18T11:06:02.238+0000] {dag.py:3696} INFO - Setting next_dagrun for daily_crypto_bilstm_pipeline to 2026-06-16T17:02:00+00:00, run_after=2026-06-17T17:02:00+00:00
[2026-06-18T11:06:02.266+0000] {processor.py:179} INFO - Processing /opt/airflow/dags/binance_daily_dag.py took 2.966 seconds
[2026-06-18T11:06:32.625+0000] {processor.py:157} INFO - Started process (PID=5550) to work on /opt/airflow/dags/binance_daily_dag.py
[2026-06-18T11:06:32.627+0000] {processor.py:829} INFO - Processing file /opt/airflow/dags/binance_daily_dag.py for tasks to queue
[2026-06-18T11:06:32.628+0000] {logging_mixin.py:151} INFO - [2026-06-18T11:06:32.627+0000] {dagbag.py:539} INFO - Filling up the DagBag from /opt/airflow/dags/binance_daily_dag.py
[2026-06-18T11:06:35.004+0000] {processor.py:839} INFO - DAG(s) dict_keys(['daily_crypto_bilstm_pipeline']) retrieved from /opt/airflow/dags/binance_daily_dag.py
[2026-06-18T11:06:35.027+0000] {logging_mixin.py:151} INFO - [2026-06-18T11:06:35.027+0000] {dag.py:2915} INFO - Sync 1 DAGs
[2026-06-18T11:06:35.048+0000] {logging_mixin.py:151} INFO - [2026-06-18T11:06:35.048+0000] {dag.py:3696} INFO - Setting next_dagrun for daily_crypto_bilstm_pipeline to 2026-06-16T17:02:00+00:00, run_after=2026-06-17T17:02:00+00:00
[2026-06-18T11:06:35.105+0000] {processor.py:179} INFO - Processing /opt/airflow/dags/binance_daily_dag.py took 2.485 seconds
[2026-06-18T11:07:06.079+0000] {processor.py:157} INFO - Started process (PID=5588) to work on /opt/airflow/dags/binance_daily_dag.py
[2026-06-18T11:07:06.080+0000] {processor.py:829} INFO - Processing file /opt/airflow/dags/binance_daily_dag.py for tasks to queue
[2026-06-18T11:07:06.081+0000] {logging_mixin.py:151} INFO - [2026-06-18T11:07:06.081+0000] {dagbag.py:539} INFO - Filling up the DagBag from /opt/airflow/dags/binance_daily_dag.py
[2026-06-18T11:07:08.551+0000] {processor.py:839} INFO - DAG(s) dict_keys(['daily_crypto_bilstm_pipeline']) retrieved from /opt/airflow/dags/binance_daily_dag.py
[2026-06-18T11:07:08.573+0000] {logging_mixin.py:151} INFO - [2026-06-18T11:07:08.573+0000] {dag.py:2915} INFO - Sync 1 DAGs
[2026-06-18T11:07:08.592+0000] {logging_mixin.py:151} INFO - [2026-06-18T11:07:08.592+0000] {dag.py:3696} INFO - Setting next_dagrun for daily_crypto_bilstm_pipeline to 2026-06-16T17:02:00+00:00, run_after=2026-06-17T17:02:00+00:00
[2026-06-18T11:07:08.654+0000] {processor.py:179} INFO - Processing /opt/airflow/dags/binance_daily_dag.py took 2.579 seconds
[2026-06-18T11:07:39.198+0000] {processor.py:157} INFO - Started process (PID=5621) to work on /opt/airflow/dags/binance_daily_dag.py
[2026-06-18T11:07:39.200+0000] {processor.py:829} INFO - Processing file /opt/airflow/dags/binance_daily_dag.py for tasks to queue
[2026-06-18T11:07:39.201+0000] {logging_mixin.py:151} INFO - [2026-06-18T11:07:39.201+0000] {dagbag.py:539} INFO - Filling up the DagBag from /opt/airflow/dags/binance_daily_dag.py
[2026-06-18T11:07:41.623+0000] {processor.py:839} INFO - DAG(s) dict_keys(['daily_crypto_bilstm_pipeline']) retrieved from /opt/airflow/dags/binance_daily_dag.py
[2026-06-18T11:07:41.643+0000] {logging_mixin.py:151} INFO - [2026-06-18T11:07:41.643+0000] {dag.py:2915} INFO - Sync 1 DAGs
[2026-06-18T11:07:41.662+0000] {logging_mixin.py:151} INFO - [2026-06-18T11:07:41.662+0000] {dag.py:3696} INFO - Setting next_dagrun for daily_crypto_bilstm_pipeline to 2026-06-16T17:02:00+00:00, run_after=2026-06-17T17:02:00+00:00
[2026-06-18T11:07:41.720+0000] {processor.py:179} INFO - Processing /opt/airflow/dags/binance_daily_dag.py took 2.528 seconds
[2026-06-18T11:08:11.875+0000] {processor.py:157} INFO - Started process (PID=5654) to work on /opt/airflow/dags/binance_daily_dag.py
[2026-06-18T11:08:11.876+0000] {processor.py:829} INFO - Processing file /opt/airflow/dags/binance_daily_dag.py for tasks to queue
[2026-06-18T11:08:11.877+0000] {logging_mixin.py:151} INFO - [2026-06-18T11:08:11.877+0000] {dagbag.py:539} INFO - Filling up the DagBag from /opt/airflow/dags/binance_daily_dag.py
[2026-06-18T11:08:14.907+0000] {processor.py:839} INFO - DAG(s) dict_keys(['daily_crypto_bilstm_pipeline']) retrieved from /opt/airflow/dags/binance_daily_dag.py
[2026-06-18T11:08:14.940+0000] {logging_mixin.py:151} INFO - [2026-06-18T11:08:14.939+0000] {dag.py:2915} INFO - Sync 1 DAGs
[2026-06-18T11:08:14.958+0000] {logging_mixin.py:151} INFO - [2026-06-18T11:08:14.957+0000] {dag.py:3696} INFO - Setting next_dagrun for daily_crypto_bilstm_pipeline to 2026-06-16T17:02:00+00:00, run_after=2026-06-17T17:02:00+00:00
[2026-06-18T11:08:14.997+0000] {processor.py:179} INFO - Processing /opt/airflow/dags/binance_daily_dag.py took 3.126 seconds
[2026-06-18T11:08:45.281+0000] {processor.py:157} INFO - Started process (PID=5687) to work on /opt/airflow/dags/binance_daily_dag.py
[2026-06-18T11:08:45.283+0000] {processor.py:829} INFO - Processing file /opt/airflow/dags/binance_daily_dag.py for tasks to queue
[2026-06-18T11:08:45.284+0000] {logging_mixin.py:151} INFO - [2026-06-18T11:08:45.284+0000] {dagbag.py:539} INFO - Filling up the DagBag from /opt/airflow/dags/binance_daily_dag.py
[2026-06-18T11:08:47.951+0000] {processor.py:839} INFO - DAG(s) dict_keys(['daily_crypto_bilstm_pipeline']) retrieved from /opt/airflow/dags/binance_daily_dag.py
[2026-06-18T11:08:47.989+0000] {logging_mixin.py:151} INFO - [2026-06-18T11:08:47.988+0000] {dag.py:2915} INFO - Sync 1 DAGs
[2026-06-18T11:08:48.027+0000] {logging_mixin.py:151} INFO - [2026-06-18T11:08:48.027+0000] {dag.py:3696} INFO - Setting next_dagrun for daily_crypto_bilstm_pipeline to 2026-06-16T17:02:00+00:00, run_after=2026-06-17T17:02:00+00:00
[2026-06-18T11:08:48.054+0000] {processor.py:179} INFO - Processing /opt/airflow/dags/binance_daily_dag.py took 2.776 seconds
[2026-06-18T11:09:18.282+0000] {processor.py:157} INFO - Started process (PID=5719) to work on /opt/airflow/dags/binance_daily_dag.py
[2026-06-18T11:09:18.284+0000] {processor.py:829} INFO - Processing file /opt/airflow/dags/binance_daily_dag.py for tasks to queue
[2026-06-18T11:09:18.285+0000] {logging_mixin.py:151} INFO - [2026-06-18T11:09:18.285+0000] {dagbag.py:539} INFO - Filling up the DagBag from /opt/airflow/dags/binance_daily_dag.py
[2026-06-18T11:09:20.891+0000] {processor.py:839} INFO - DAG(s) dict_keys(['daily_crypto_bilstm_pipeline']) retrieved from /opt/airflow/dags/binance_daily_dag.py
[2026-06-18T11:09:20.915+0000] {logging_mixin.py:151} INFO - [2026-06-18T11:09:20.914+0000] {dag.py:2915} INFO - Sync 1 DAGs
[2026-06-18T11:09:20.935+0000] {logging_mixin.py:151} INFO - [2026-06-18T11:09:20.934+0000] {dag.py:3696} INFO - Setting next_dagrun for daily_crypto_bilstm_pipeline to 2026-06-16T17:02:00+00:00, run_after=2026-06-17T17:02:00+00:00
[2026-06-18T11:09:20.953+0000] {processor.py:179} INFO - Processing /opt/airflow/dags/binance_daily_dag.py took 2.676 seconds
[2026-06-18T11:09:51.662+0000] {processor.py:157} INFO - Started process (PID=5753) to work on /opt/airflow/dags/binance_daily_dag.py
[2026-06-18T11:09:51.664+0000] {processor.py:829} INFO - Processing file /opt/airflow/dags/binance_daily_dag.py for tasks to queue
[2026-06-18T11:09:51.665+0000] {logging_mixin.py:151} INFO - [2026-06-18T11:09:51.664+0000] {dagbag.py:539} INFO - Filling up the DagBag from /opt/airflow/dags/binance_daily_dag.py
[2026-06-18T11:09:54.107+0000] {processor.py:839} INFO - DAG(s) dict_keys(['daily_crypto_bilstm_pipeline']) retrieved from /opt/airflow/dags/binance_daily_dag.py
[2026-06-18T11:09:54.125+0000] {logging_mixin.py:151} INFO - [2026-06-18T11:09:54.124+0000] {dag.py:2915} INFO - Sync 1 DAGs
[2026-06-18T11:09:54.143+0000] {logging_mixin.py:151} INFO - [2026-06-18T11:09:54.143+0000] {dag.py:3696} INFO - Setting next_dagrun for daily_crypto_bilstm_pipeline to 2026-06-16T17:02:00+00:00, run_after=2026-06-17T17:02:00+00:00
[2026-06-18T11:09:54.161+0000] {processor.py:179} INFO - Processing /opt/airflow/dags/binance_daily_dag.py took 2.505 seconds
[2026-06-18T11:10:24.313+0000] {processor.py:157} INFO - Started process (PID=5785) to work on /opt/airflow/dags/binance_daily_dag.py
[2026-06-18T11:10:24.315+0000] {processor.py:829} INFO - Processing file /opt/airflow/dags/binance_daily_dag.py for tasks to queue
[2026-06-18T11:10:24.316+0000] {logging_mixin.py:151} INFO - [2026-06-18T11:10:24.316+0000] {dagbag.py:539} INFO - Filling up the DagBag from /opt/airflow/dags/binance_daily_dag.py
[2026-06-18T11:10:26.836+0000] {processor.py:839} INFO - DAG(s) dict_keys(['daily_crypto_bilstm_pipeline']) retrieved from /opt/airflow/dags/binance_daily_dag.py
[2026-06-18T11:10:26.854+0000] {logging_mixin.py:151} INFO - [2026-06-18T11:10:26.853+0000] {dag.py:2915} INFO - Sync 1 DAGs
[2026-06-18T11:10:26.877+0000] {logging_mixin.py:151} INFO - [2026-06-18T11:10:26.877+0000] {dag.py:3696} INFO - Setting next_dagrun for daily_crypto_bilstm_pipeline to 2026-06-16T17:02:00+00:00, run_after=2026-06-17T17:02:00+00:00
[2026-06-18T11:10:26.897+0000] {processor.py:179} INFO - Processing /opt/airflow/dags/binance_daily_dag.py took 2.588 seconds
[2026-06-18T11:10:58.094+0000] {processor.py:157} INFO - Started process (PID=5818) to work on /opt/airflow/dags/binance_daily_dag.py
[2026-06-18T11:10:58.096+0000] {processor.py:829} INFO - Processing file /opt/airflow/dags/binance_daily_dag.py for tasks to queue
[2026-06-18T11:10:58.096+0000] {logging_mixin.py:151} INFO - [2026-06-18T11:10:58.096+0000] {dagbag.py:539} INFO - Filling up the DagBag from /opt/airflow/dags/binance_daily_dag.py
[2026-06-18T11:11:00.808+0000] {processor.py:839} INFO - DAG(s) dict_keys(['daily_crypto_bilstm_pipeline']) retrieved from /opt/airflow/dags/binance_daily_dag.py
[2026-06-18T11:11:00.827+0000] {logging_mixin.py:151} INFO - [2026-06-18T11:11:00.827+0000] {dag.py:2915} INFO - Sync 1 DAGs
[2026-06-18T11:11:00.847+0000] {logging_mixin.py:151} INFO - [2026-06-18T11:11:00.847+0000] {dag.py:3696} INFO - Setting next_dagrun for daily_crypto_bilstm_pipeline to 2026-06-16T17:02:00+00:00, run_after=2026-06-17T17:02:00+00:00
[2026-06-18T11:11:00.868+0000] {processor.py:179} INFO - Processing /opt/airflow/dags/binance_daily_dag.py took 2.778 seconds
[2026-06-18T11:11:31.183+0000] {processor.py:157} INFO - Started process (PID=5858) to work on /opt/airflow/dags/binance_daily_dag.py
[2026-06-18T11:11:31.185+0000] {processor.py:829} INFO - Processing file /opt/airflow/dags/binance_daily_dag.py for tasks to queue
[2026-06-18T11:11:31.186+0000] {logging_mixin.py:151} INFO - [2026-06-18T11:11:31.185+0000] {dagbag.py:539} INFO - Filling up the DagBag from /opt/airflow/dags/binance_daily_dag.py
[2026-06-18T11:11:33.782+0000] {processor.py:839} INFO - DAG(s) dict_keys(['daily_crypto_bilstm_pipeline']) retrieved from /opt/airflow/dags/binance_daily_dag.py
[2026-06-18T11:11:33.805+0000] {logging_mixin.py:151} INFO - [2026-06-18T11:11:33.805+0000] {dag.py:2915} INFO - Sync 1 DAGs
[2026-06-18T11:11:33.826+0000] {logging_mixin.py:151} INFO - [2026-06-18T11:11:33.826+0000] {dag.py:3696} INFO - Setting next_dagrun for daily_crypto_bilstm_pipeline to 2026-06-16T17:02:00+00:00, run_after=2026-06-17T17:02:00+00:00
[2026-06-18T11:11:33.887+0000] {processor.py:179} INFO - Processing /opt/airflow/dags/binance_daily_dag.py took 2.708 seconds
[2026-06-18T11:12:04.269+0000] {processor.py:157} INFO - Started process (PID=5892) to work on /opt/airflow/dags/binance_daily_dag.py
[2026-06-18T11:12:04.271+0000] {processor.py:829} INFO - Processing file /opt/airflow/dags/binance_daily_dag.py for tasks to queue
[2026-06-18T11:12:04.272+0000] {logging_mixin.py:151} INFO - [2026-06-18T11:12:04.271+0000] {dagbag.py:539} INFO - Filling up the DagBag from /opt/airflow/dags/binance_daily_dag.py
[2026-06-18T11:12:06.749+0000] {processor.py:839} INFO - DAG(s) dict_keys(['daily_crypto_bilstm_pipeline']) retrieved from /opt/airflow/dags/binance_daily_dag.py
[2026-06-18T11:12:06.769+0000] {logging_mixin.py:151} INFO - [2026-06-18T11:12:06.769+0000] {dag.py:2915} INFO - Sync 1 DAGs
[2026-06-18T11:12:06.787+0000] {logging_mixin.py:151} INFO - [2026-06-18T11:12:06.787+0000] {dag.py:3696} INFO - Setting next_dagrun for daily_crypto_bilstm_pipeline to 2026-06-16T17:02:00+00:00, run_after=2026-06-17T17:02:00+00:00
[2026-06-18T11:12:06.849+0000] {processor.py:179} INFO - Processing /opt/airflow/dags/binance_daily_dag.py took 2.583 seconds
[2026-06-18T11:12:36.950+0000] {processor.py:157} INFO - Started process (PID=5924) to work on /opt/airflow/dags/binance_daily_dag.py
[2026-06-18T11:12:36.952+0000] {processor.py:829} INFO - Processing file /opt/airflow/dags/binance_daily_dag.py for tasks to queue
[2026-06-18T11:12:36.953+0000] {logging_mixin.py:151} INFO - [2026-06-18T11:12:36.952+0000] {dagbag.py:539} INFO - Filling up the DagBag from /opt/airflow/dags/binance_daily_dag.py
[2026-06-18T11:12:39.597+0000] {processor.py:839} INFO - DAG(s) dict_keys(['daily_crypto_bilstm_pipeline']) retrieved from /opt/airflow/dags/binance_daily_dag.py
[2026-06-18T11:12:39.633+0000] {logging_mixin.py:151} INFO - [2026-06-18T11:12:39.633+0000] {dag.py:2915} INFO - Sync 1 DAGs
[2026-06-18T11:12:39.662+0000] {logging_mixin.py:151} INFO - [2026-06-18T11:12:39.661+0000] {dag.py:3696} INFO - Setting next_dagrun for daily_crypto_bilstm_pipeline to 2026-06-16T17:02:00+00:00, run_after=2026-06-17T17:02:00+00:00
[2026-06-18T11:12:39.738+0000] {processor.py:179} INFO - Processing /opt/airflow/dags/binance_daily_dag.py took 2.792 seconds
[2026-06-18T11:13:10.689+0000] {processor.py:157} INFO - Started process (PID=5963) to work on /opt/airflow/dags/binance_daily_dag.py
[2026-06-18T11:13:10.690+0000] {processor.py:829} INFO - Processing file /opt/airflow/dags/binance_daily_dag.py for tasks to queue
[2026-06-18T11:13:10.691+0000] {logging_mixin.py:151} INFO - [2026-06-18T11:13:10.691+0000] {dagbag.py:539} INFO - Filling up the DagBag from /opt/airflow/dags/binance_daily_dag.py
[2026-06-18T11:13:13.052+0000] {processor.py:839} INFO - DAG(s) dict_keys(['daily_crypto_bilstm_pipeline']) retrieved from /opt/airflow/dags/binance_daily_dag.py
[2026-06-18T11:13:13.073+0000] {logging_mixin.py:151} INFO - [2026-06-18T11:13:13.073+0000] {dag.py:2915} INFO - Sync 1 DAGs
[2026-06-18T11:13:13.093+0000] {logging_mixin.py:151} INFO - [2026-06-18T11:13:13.093+0000] {dag.py:3696} INFO - Setting next_dagrun for daily_crypto_bilstm_pipeline to 2026-06-16T17:02:00+00:00, run_after=2026-06-17T17:02:00+00:00
[2026-06-18T11:13:13.114+0000] {processor.py:179} INFO - Processing /opt/airflow/dags/binance_daily_dag.py took 2.428 seconds
[2026-06-18T11:13:43.585+0000] {processor.py:157} INFO - Started process (PID=5996) to work on /opt/airflow/dags/binance_daily_dag.py
[2026-06-18T11:13:43.586+0000] {processor.py:829} INFO - Processing file /opt/airflow/dags/binance_daily_dag.py for tasks to queue
[2026-06-18T11:13:43.587+0000] {logging_mixin.py:151} INFO - [2026-06-18T11:13:43.587+0000] {dagbag.py:539} INFO - Filling up the DagBag from /opt/airflow/dags/binance_daily_dag.py
[2026-06-18T11:13:45.899+0000] {processor.py:839} INFO - DAG(s) dict_keys(['daily_crypto_bilstm_pipeline']) retrieved from /opt/airflow/dags/binance_daily_dag.py
[2026-06-18T11:13:45.917+0000] {logging_mixin.py:151} INFO - [2026-06-18T11:13:45.916+0000] {dag.py:2915} INFO - Sync 1 DAGs
[2026-06-18T11:13:45.932+0000] {logging_mixin.py:151} INFO - [2026-06-18T11:13:45.932+0000] {dag.py:3696} INFO - Setting next_dagrun for daily_crypto_bilstm_pipeline to 2026-06-16T17:02:00+00:00, run_after=2026-06-17T17:02:00+00:00
[2026-06-18T11:13:45.951+0000] {processor.py:179} INFO - Processing /opt/airflow/dags/binance_daily_dag.py took 2.371 seconds
[2026-06-18T11:14:16.083+0000] {processor.py:157} INFO - Started process (PID=6028) to work on /opt/airflow/dags/binance_daily_dag.py
[2026-06-18T11:14:16.084+0000] {processor.py:829} INFO - Processing file /opt/airflow/dags/binance_daily_dag.py for tasks to queue
[2026-06-18T11:14:16.085+0000] {logging_mixin.py:151} INFO - [2026-06-18T11:14:16.085+0000] {dagbag.py:539} INFO - Filling up the DagBag from /opt/airflow/dags/binance_daily_dag.py
[2026-06-18T11:14:18.670+0000] {processor.py:839} INFO - DAG(s) dict_keys(['daily_crypto_bilstm_pipeline']) retrieved from /opt/airflow/dags/binance_daily_dag.py
[2026-06-18T11:14:18.688+0000] {logging_mixin.py:151} INFO - [2026-06-18T11:14:18.688+0000] {dag.py:2915} INFO - Sync 1 DAGs
[2026-06-18T11:14:18.712+0000] {logging_mixin.py:151} INFO - [2026-06-18T11:14:18.711+0000] {dag.py:3696} INFO - Setting next_dagrun for daily_crypto_bilstm_pipeline to 2026-06-16T17:02:00+00:00, run_after=2026-06-17T17:02:00+00:00
[2026-06-18T11:14:18.732+0000] {processor.py:179} INFO - Processing /opt/airflow/dags/binance_daily_dag.py took 2.653 seconds
[2026-06-18T11:14:49.341+0000] {processor.py:157} INFO - Started process (PID=6061) to work on /opt/airflow/dags/binance_daily_dag.py
[2026-06-18T11:14:49.344+0000] {processor.py:829} INFO - Processing file /opt/airflow/dags/binance_daily_dag.py for tasks to queue
[2026-06-18T11:14:49.345+0000] {logging_mixin.py:151} INFO - [2026-06-18T11:14:49.344+0000] {dagbag.py:539} INFO - Filling up the DagBag from /opt/airflow/dags/binance_daily_dag.py
[2026-06-18T11:14:51.936+0000] {processor.py:839} INFO - DAG(s) dict_keys(['daily_crypto_bilstm_pipeline']) retrieved from /opt/airflow/dags/binance_daily_dag.py
[2026-06-18T11:14:51.959+0000] {logging_mixin.py:151} INFO - [2026-06-18T11:14:51.959+0000] {dag.py:2915} INFO - Sync 1 DAGs
[2026-06-18T11:14:51.989+0000] {logging_mixin.py:151} INFO - [2026-06-18T11:14:51.989+0000] {dag.py:3696} INFO - Setting next_dagrun for daily_crypto_bilstm_pipeline to 2026-06-16T17:02:00+00:00, run_after=2026-06-17T17:02:00+00:00
[2026-06-18T11:14:52.010+0000] {processor.py:179} INFO - Processing /opt/airflow/dags/binance_daily_dag.py took 2.673 seconds
[2026-06-18T11:15:22.407+0000] {processor.py:157} INFO - Started process (PID=6094) to work on /opt/airflow/dags/binance_daily_dag.py
[2026-06-18T11:15:22.409+0000] {processor.py:829} INFO - Processing file /opt/airflow/dags/binance_daily_dag.py for tasks to queue
[2026-06-18T11:15:22.409+0000] {logging_mixin.py:151} INFO - [2026-06-18T11:15:22.409+0000] {dagbag.py:539} INFO - Filling up the DagBag from /opt/airflow/dags/binance_daily_dag.py
[2026-06-18T11:15:24.911+0000] {processor.py:839} INFO - DAG(s) dict_keys(['daily_crypto_bilstm_pipeline']) retrieved from /opt/airflow/dags/binance_daily_dag.py
[2026-06-18T11:15:24.929+0000] {logging_mixin.py:151} INFO - [2026-06-18T11:15:24.929+0000] {dag.py:2915} INFO - Sync 1 DAGs
[2026-06-18T11:15:24.948+0000] {logging_mixin.py:151} INFO - [2026-06-18T11:15:24.947+0000] {dag.py:3696} INFO - Setting next_dagrun for daily_crypto_bilstm_pipeline to 2026-06-16T17:02:00+00:00, run_after=2026-06-17T17:02:00+00:00
[2026-06-18T11:15:25.008+0000] {processor.py:179} INFO - Processing /opt/airflow/dags/binance_daily_dag.py took 2.605 seconds
[2026-06-18T11:15:55.688+0000] {processor.py:157} INFO - Started process (PID=6127) to work on /opt/airflow/dags/binance_daily_dag.py
[2026-06-18T11:15:55.689+0000] {processor.py:829} INFO - Processing file /opt/airflow/dags/binance_daily_dag.py for tasks to queue
[2026-06-18T11:15:55.691+0000] {logging_mixin.py:151} INFO - [2026-06-18T11:15:55.690+0000] {dagbag.py:539} INFO - Filling up the DagBag from /opt/airflow/dags/binance_daily_dag.py
[2026-06-18T11:15:58.439+0000] {processor.py:839} INFO - DAG(s) dict_keys(['daily_crypto_bilstm_pipeline']) retrieved from /opt/airflow/dags/binance_daily_dag.py
[2026-06-18T11:15:58.458+0000] {logging_mixin.py:151} INFO - [2026-06-18T11:15:58.458+0000] {dag.py:2915} INFO - Sync 1 DAGs
[2026-06-18T11:15:58.476+0000] {logging_mixin.py:151} INFO - [2026-06-18T11:15:58.475+0000] {dag.py:3696} INFO - Setting next_dagrun for daily_crypto_bilstm_pipeline to 2026-06-16T17:02:00+00:00, run_after=2026-06-17T17:02:00+00:00
[2026-06-18T11:15:58.503+0000] {processor.py:179} INFO - Processing /opt/airflow/dags/binance_daily_dag.py took 2.819 seconds
[2026-06-18T11:16:28.973+0000] {processor.py:157} INFO - Started process (PID=6160) to work on /opt/airflow/dags/binance_daily_dag.py
[2026-06-18T11:16:28.975+0000] {processor.py:829} INFO - Processing file /opt/airflow/dags/binance_daily_dag.py for tasks to queue
[2026-06-18T11:16:28.975+0000] {logging_mixin.py:151} INFO - [2026-06-18T11:16:28.975+0000] {dagbag.py:539} INFO - Filling up the DagBag from /opt/airflow/dags/binance_daily_dag.py
[2026-06-18T11:16:31.290+0000] {processor.py:839} INFO - DAG(s) dict_keys(['daily_crypto_bilstm_pipeline']) retrieved from /opt/airflow/dags/binance_daily_dag.py
[2026-06-18T11:16:31.311+0000] {logging_mixin.py:151} INFO - [2026-06-18T11:16:31.310+0000] {dag.py:2915} INFO - Sync 1 DAGs
[2026-06-18T11:16:31.328+0000] {logging_mixin.py:151} INFO - [2026-06-18T11:16:31.328+0000] {dag.py:3696} INFO - Setting next_dagrun for daily_crypto_bilstm_pipeline to 2026-06-16T17:02:00+00:00, run_after=2026-06-17T17:02:00+00:00
[2026-06-18T11:16:31.385+0000] {processor.py:179} INFO - Processing /opt/airflow/dags/binance_daily_dag.py took 2.415 seconds
[2026-06-18T11:17:02.269+0000] {processor.py:157} INFO - Started process (PID=6200) to work on /opt/airflow/dags/binance_daily_dag.py
[2026-06-18T11:17:02.271+0000] {processor.py:829} INFO - Processing file /opt/airflow/dags/binance_daily_dag.py for tasks to queue
[2026-06-18T11:17:02.271+0000] {logging_mixin.py:151} INFO - [2026-06-18T11:17:02.271+0000] {dagbag.py:539} INFO - Filling up the DagBag from /opt/airflow/dags/binance_daily_dag.py
[2026-06-18T11:17:04.655+0000] {processor.py:839} INFO - DAG(s) dict_keys(['daily_crypto_bilstm_pipeline']) retrieved from /opt/airflow/dags/binance_daily_dag.py
[2026-06-18T11:17:04.678+0000] {logging_mixin.py:151} INFO - [2026-06-18T11:17:04.678+0000] {dag.py:2915} INFO - Sync 1 DAGs
[2026-06-18T11:17:04.699+0000] {logging_mixin.py:151} INFO - [2026-06-18T11:17:04.698+0000] {dag.py:3696} INFO - Setting next_dagrun for daily_crypto_bilstm_pipeline to 2026-06-16T17:02:00+00:00, run_after=2026-06-17T17:02:00+00:00
[2026-06-18T11:17:04.757+0000] {processor.py:179} INFO - Processing /opt/airflow/dags/binance_daily_dag.py took 2.491 seconds
[2026-06-18T11:17:35.599+0000] {processor.py:157} INFO - Started process (PID=6233) to work on /opt/airflow/dags/binance_daily_dag.py
[2026-06-18T11:17:35.600+0000] {processor.py:829} INFO - Processing file /opt/airflow/dags/binance_daily_dag.py for tasks to queue
[2026-06-18T11:17:35.601+0000] {logging_mixin.py:151} INFO - [2026-06-18T11:17:35.601+0000] {dagbag.py:539} INFO - Filling up the DagBag from /opt/airflow/dags/binance_daily_dag.py
[2026-06-18T11:17:37.938+0000] {processor.py:839} INFO - DAG(s) dict_keys(['daily_crypto_bilstm_pipeline']) retrieved from /opt/airflow/dags/binance_daily_dag.py
[2026-06-18T11:17:37.959+0000] {logging_mixin.py:151} INFO - [2026-06-18T11:17:37.958+0000] {dag.py:2915} INFO - Sync 1 DAGs
[2026-06-18T11:17:37.981+0000] {logging_mixin.py:151} INFO - [2026-06-18T11:17:37.981+0000] {dag.py:3696} INFO - Setting next_dagrun for daily_crypto_bilstm_pipeline to 2026-06-16T17:02:00+00:00, run_after=2026-06-17T17:02:00+00:00
[2026-06-18T11:17:38.004+0000] {processor.py:179} INFO - Processing /opt/airflow/dags/binance_daily_dag.py took 2.409 seconds
[2026-06-18T11:18:08.801+0000] {processor.py:157} INFO - Started process (PID=6266) to work on /opt/airflow/dags/binance_daily_dag.py
[2026-06-18T11:18:08.803+0000] {processor.py:829} INFO - Processing file /opt/airflow/dags/binance_daily_dag.py for tasks to queue
[2026-06-18T11:18:08.804+0000] {logging_mixin.py:151} INFO - [2026-06-18T11:18:08.803+0000] {dagbag.py:539} INFO - Filling up the DagBag from /opt/airflow/dags/binance_daily_dag.py
[2026-06-18T11:18:11.293+0000] {processor.py:839} INFO - DAG(s) dict_keys(['daily_crypto_bilstm_pipeline']) retrieved from /opt/airflow/dags/binance_daily_dag.py
[2026-06-18T11:18:11.312+0000] {logging_mixin.py:151} INFO - [2026-06-18T11:18:11.311+0000] {dag.py:2915} INFO - Sync 1 DAGs
[2026-06-18T11:18:11.329+0000] {logging_mixin.py:151} INFO - [2026-06-18T11:18:11.329+0000] {dag.py:3696} INFO - Setting next_dagrun for daily_crypto_bilstm_pipeline to 2026-06-16T17:02:00+00:00, run_after=2026-06-17T17:02:00+00:00
[2026-06-18T11:18:11.386+0000] {processor.py:179} INFO - Processing /opt/airflow/dags/binance_daily_dag.py took 2.588 seconds
[2026-06-18T11:18:42.573+0000] {processor.py:157} INFO - Started process (PID=6299) to work on /opt/airflow/dags/binance_daily_dag.py
[2026-06-18T11:18:42.574+0000] {processor.py:829} INFO - Processing file /opt/airflow/dags/binance_daily_dag.py for tasks to queue
[2026-06-18T11:18:42.576+0000] {logging_mixin.py:151} INFO - [2026-06-18T11:18:42.575+0000] {dagbag.py:539} INFO - Filling up the DagBag from /opt/airflow/dags/binance_daily_dag.py
[2026-06-18T11:18:45.095+0000] {processor.py:839} INFO - DAG(s) dict_keys(['daily_crypto_bilstm_pipeline']) retrieved from /opt/airflow/dags/binance_daily_dag.py
[2026-06-18T11:18:45.116+0000] {logging_mixin.py:151} INFO - [2026-06-18T11:18:45.116+0000] {dag.py:2915} INFO - Sync 1 DAGs
[2026-06-18T11:18:45.136+0000] {logging_mixin.py:151} INFO - [2026-06-18T11:18:45.136+0000] {dag.py:3696} INFO - Setting next_dagrun for daily_crypto_bilstm_pipeline to 2026-06-16T17:02:00+00:00, run_after=2026-06-17T17:02:00+00:00
[2026-06-18T11:18:45.197+0000] {processor.py:179} INFO - Processing /opt/airflow/dags/binance_daily_dag.py took 2.628 seconds
[2026-06-18T11:19:15.396+0000] {processor.py:157} INFO - Started process (PID=6338) to work on /opt/airflow/dags/binance_daily_dag.py
[2026-06-18T11:19:15.397+0000] {processor.py:829} INFO - Processing file /opt/airflow/dags/binance_daily_dag.py for tasks to queue
[2026-06-18T11:19:15.398+0000] {logging_mixin.py:151} INFO - [2026-06-18T11:19:15.398+0000] {dagbag.py:539} INFO - Filling up the DagBag from /opt/airflow/dags/binance_daily_dag.py
[2026-06-18T11:19:18.033+0000] {processor.py:839} INFO - DAG(s) dict_keys(['daily_crypto_bilstm_pipeline']) retrieved from /opt/airflow/dags/binance_daily_dag.py
[2026-06-18T11:19:18.058+0000] {logging_mixin.py:151} INFO - [2026-06-18T11:19:18.058+0000] {dag.py:2915} INFO - Sync 1 DAGs
[2026-06-18T11:19:18.079+0000] {logging_mixin.py:151} INFO - [2026-06-18T11:19:18.079+0000] {dag.py:3696} INFO - Setting next_dagrun for daily_crypto_bilstm_pipeline to 2026-06-16T17:02:00+00:00, run_after=2026-06-17T17:02:00+00:00
[2026-06-18T11:19:18.102+0000] {processor.py:179} INFO - Processing /opt/airflow/dags/binance_daily_dag.py took 2.709 seconds
[2026-06-18T11:19:48.559+0000] {processor.py:157} INFO - Started process (PID=6371) to work on /opt/airflow/dags/binance_daily_dag.py
[2026-06-18T11:19:48.560+0000] {processor.py:829} INFO - Processing file /opt/airflow/dags/binance_daily_dag.py for tasks to queue
[2026-06-18T11:19:48.561+0000] {logging_mixin.py:151} INFO - [2026-06-18T11:19:48.560+0000] {dagbag.py:539} INFO - Filling up the DagBag from /opt/airflow/dags/binance_daily_dag.py
[2026-06-18T11:19:51.345+0000] {processor.py:839} INFO - DAG(s) dict_keys(['daily_crypto_bilstm_pipeline']) retrieved from /opt/airflow/dags/binance_daily_dag.py
[2026-06-18T11:19:51.367+0000] {logging_mixin.py:151} INFO - [2026-06-18T11:19:51.366+0000] {dag.py:2915} INFO - Sync 1 DAGs
[2026-06-18T11:19:51.389+0000] {logging_mixin.py:151} INFO - [2026-06-18T11:19:51.389+0000] {dag.py:3696} INFO - Setting next_dagrun for daily_crypto_bilstm_pipeline to 2026-06-16T17:02:00+00:00, run_after=2026-06-17T17:02:00+00:00
[2026-06-18T11:19:51.413+0000] {processor.py:179} INFO - Processing /opt/airflow/dags/binance_daily_dag.py took 2.858 seconds
[2026-06-18T11:20:21.521+0000] {processor.py:157} INFO - Started process (PID=6404) to work on /opt/airflow/dags/binance_daily_dag.py
[2026-06-18T11:20:21.523+0000] {processor.py:829} INFO - Processing file /opt/airflow/dags/binance_daily_dag.py for tasks to queue
[2026-06-18T11:20:21.524+0000] {logging_mixin.py:151} INFO - [2026-06-18T11:20:21.523+0000] {dagbag.py:539} INFO - Filling up the DagBag from /opt/airflow/dags/binance_daily_dag.py
[2026-06-18T11:20:24.218+0000] {processor.py:839} INFO - DAG(s) dict_keys(['daily_crypto_bilstm_pipeline']) retrieved from /opt/airflow/dags/binance_daily_dag.py
[2026-06-18T11:20:24.238+0000] {logging_mixin.py:151} INFO - [2026-06-18T11:20:24.237+0000] {dag.py:2915} INFO - Sync 1 DAGs
[2026-06-18T11:20:24.255+0000] {logging_mixin.py:151} INFO - [2026-06-18T11:20:24.255+0000] {dag.py:3696} INFO - Setting next_dagrun for daily_crypto_bilstm_pipeline to 2026-06-16T17:02:00+00:00, run_after=2026-06-17T17:02:00+00:00
[2026-06-18T11:20:24.290+0000] {processor.py:179} INFO - Processing /opt/airflow/dags/binance_daily_dag.py took 2.778 seconds
[2026-06-18T11:20:55.013+0000] {processor.py:157} INFO - Started process (PID=6437) to work on /opt/airflow/dags/binance_daily_dag.py
[2026-06-18T11:20:55.015+0000] {processor.py:829} INFO - Processing file /opt/airflow/dags/binance_daily_dag.py for tasks to queue
[2026-06-18T11:20:55.016+0000] {logging_mixin.py:151} INFO - [2026-06-18T11:20:55.016+0000] {dagbag.py:539} INFO - Filling up the DagBag from /opt/airflow/dags/binance_daily_dag.py
[2026-06-18T11:20:57.648+0000] {processor.py:839} INFO - DAG(s) dict_keys(['daily_crypto_bilstm_pipeline']) retrieved from /opt/airflow/dags/binance_daily_dag.py
[2026-06-18T11:20:57.668+0000] {logging_mixin.py:151} INFO - [2026-06-18T11:20:57.668+0000] {dag.py:2915} INFO - Sync 1 DAGs
[2026-06-18T11:20:57.687+0000] {logging_mixin.py:151} INFO - [2026-06-18T11:20:57.687+0000] {dag.py:3696} INFO - Setting next_dagrun for daily_crypto_bilstm_pipeline to 2026-06-16T17:02:00+00:00, run_after=2026-06-17T17:02:00+00:00
[2026-06-18T11:20:57.747+0000] {processor.py:179} INFO - Processing /opt/airflow/dags/binance_daily_dag.py took 2.738 seconds
[2026-06-18T11:21:28.130+0000] {processor.py:157} INFO - Started process (PID=6470) to work on /opt/airflow/dags/binance_daily_dag.py
[2026-06-18T11:21:28.131+0000] {processor.py:829} INFO - Processing file /opt/airflow/dags/binance_daily_dag.py for tasks to queue
[2026-06-18T11:21:28.132+0000] {logging_mixin.py:151} INFO - [2026-06-18T11:21:28.132+0000] {dagbag.py:539} INFO - Filling up the DagBag from /opt/airflow/dags/binance_daily_dag.py
[2026-06-18T11:21:30.798+0000] {processor.py:839} INFO - DAG(s) dict_keys(['daily_crypto_bilstm_pipeline']) retrieved from /opt/airflow/dags/binance_daily_dag.py
[2026-06-18T11:21:30.818+0000] {logging_mixin.py:151} INFO - [2026-06-18T11:21:30.817+0000] {dag.py:2915} INFO - Sync 1 DAGs
[2026-06-18T11:21:30.834+0000] {logging_mixin.py:151} INFO - [2026-06-18T11:21:30.834+0000] {dag.py:3696} INFO - Setting next_dagrun for daily_crypto_bilstm_pipeline to 2026-06-16T17:02:00+00:00, run_after=2026-06-17T17:02:00+00:00
[2026-06-18T11:21:30.893+0000] {processor.py:179} INFO - Processing /opt/airflow/dags/binance_daily_dag.py took 2.767 seconds
[2026-06-18T11:22:01.453+0000] {processor.py:157} INFO - Started process (PID=6503) to work on /opt/airflow/dags/binance_daily_dag.py
[2026-06-18T11:22:01.455+0000] {processor.py:829} INFO - Processing file /opt/airflow/dags/binance_daily_dag.py for tasks to queue
[2026-06-18T11:22:01.456+0000] {logging_mixin.py:151} INFO - [2026-06-18T11:22:01.456+0000] {dagbag.py:539} INFO - Filling up the DagBag from /opt/airflow/dags/binance_daily_dag.py
[2026-06-18T11:22:04.410+0000] {processor.py:839} INFO - DAG(s) dict_keys(['daily_crypto_bilstm_pipeline']) retrieved from /opt/airflow/dags/binance_daily_dag.py
[2026-06-18T11:22:04.434+0000] {logging_mixin.py:151} INFO - [2026-06-18T11:22:04.434+0000] {dag.py:2915} INFO - Sync 1 DAGs
[2026-06-18T11:22:04.453+0000] {logging_mixin.py:151} INFO - [2026-06-18T11:22:04.453+0000] {dag.py:3696} INFO - Setting next_dagrun for daily_crypto_bilstm_pipeline to 2026-06-16T17:02:00+00:00, run_after=2026-06-17T17:02:00+00:00
[2026-06-18T11:22:04.515+0000] {processor.py:179} INFO - Processing /opt/airflow/dags/binance_daily_dag.py took 3.067 seconds
[2026-06-18T11:22:35.156+0000] {processor.py:157} INFO - Started process (PID=6545) to work on /opt/airflow/dags/binance_daily_dag.py
[2026-06-18T11:22:35.158+0000] {processor.py:829} INFO - Processing file /opt/airflow/dags/binance_daily_dag.py for tasks to queue
[2026-06-18T11:22:35.159+0000] {logging_mixin.py:151} INFO - [2026-06-18T11:22:35.159+0000] {dagbag.py:539} INFO - Filling up the DagBag from /opt/airflow/dags/binance_daily_dag.py
[2026-06-18T11:22:37.850+0000] {processor.py:839} INFO - DAG(s) dict_keys(['daily_crypto_bilstm_pipeline']) retrieved from /opt/airflow/dags/binance_daily_dag.py
[2026-06-18T11:22:37.874+0000] {logging_mixin.py:151} INFO - [2026-06-18T11:22:37.873+0000] {dag.py:2915} INFO - Sync 1 DAGs
[2026-06-18T11:22:37.900+0000] {logging_mixin.py:151} INFO - [2026-06-18T11:22:37.900+0000] {dag.py:3696} INFO - Setting next_dagrun for daily_crypto_bilstm_pipeline to 2026-06-16T17:02:00+00:00, run_after=2026-06-17T17:02:00+00:00
[2026-06-18T11:22:37.922+0000] {processor.py:179} INFO - Processing /opt/airflow/dags/binance_daily_dag.py took 2.770 seconds
[2026-06-18T11:23:08.302+0000] {processor.py:157} INFO - Started process (PID=6578) to work on /opt/airflow/dags/binance_daily_dag.py
[2026-06-18T11:23:08.303+0000] {processor.py:829} INFO - Processing file /opt/airflow/dags/binance_daily_dag.py for tasks to queue
[2026-06-18T11:23:08.304+0000] {logging_mixin.py:151} INFO - [2026-06-18T11:23:08.304+0000] {dagbag.py:539} INFO - Filling up the DagBag from /opt/airflow/dags/binance_daily_dag.py
[2026-06-18T11:23:10.881+0000] {processor.py:839} INFO - DAG(s) dict_keys(['daily_crypto_bilstm_pipeline']) retrieved from /opt/airflow/dags/binance_daily_dag.py
[2026-06-18T11:23:10.900+0000] {logging_mixin.py:151} INFO - [2026-06-18T11:23:10.899+0000] {dag.py:2915} INFO - Sync 1 DAGs
[2026-06-18T11:23:10.915+0000] {logging_mixin.py:151} INFO - [2026-06-18T11:23:10.915+0000] {dag.py:3696} INFO - Setting next_dagrun for daily_crypto_bilstm_pipeline to 2026-06-16T17:02:00+00:00, run_after=2026-06-17T17:02:00+00:00
[2026-06-18T11:23:10.931+0000] {processor.py:179} INFO - Processing /opt/airflow/dags/binance_daily_dag.py took 2.634 seconds
[2026-06-18T11:23:41.582+0000] {processor.py:157} INFO - Started process (PID=6611) to work on /opt/airflow/dags/binance_daily_dag.py
[2026-06-18T11:23:41.583+0000] {processor.py:829} INFO - Processing file /opt/airflow/dags/binance_daily_dag.py for tasks to queue
[2026-06-18T11:23:41.584+0000] {logging_mixin.py:151} INFO - [2026-06-18T11:23:41.584+0000] {dagbag.py:539} INFO - Filling up the DagBag from /opt/airflow/dags/binance_daily_dag.py
[2026-06-18T11:23:44.217+0000] {processor.py:839} INFO - DAG(s) dict_keys(['daily_crypto_bilstm_pipeline']) retrieved from /opt/airflow/dags/binance_daily_dag.py
[2026-06-18T11:23:44.238+0000] {logging_mixin.py:151} INFO - [2026-06-18T11:23:44.237+0000] {dag.py:2915} INFO - Sync 1 DAGs
[2026-06-18T11:23:44.257+0000] {logging_mixin.py:151} INFO - [2026-06-18T11:23:44.257+0000] {dag.py:3696} INFO - Setting next_dagrun for daily_crypto_bilstm_pipeline to 2026-06-16T17:02:00+00:00, run_after=2026-06-17T17:02:00+00:00
[2026-06-18T11:23:44.276+0000] {processor.py:179} INFO - Processing /opt/airflow/dags/binance_daily_dag.py took 2.698 seconds
[2026-06-18T11:24:14.591+0000] {processor.py:157} INFO - Started process (PID=6645) to work on /opt/airflow/dags/binance_daily_dag.py
[2026-06-18T11:24:14.592+0000] {processor.py:829} INFO - Processing file /opt/airflow/dags/binance_daily_dag.py for tasks to queue
[2026-06-18T11:24:14.593+0000] {logging_mixin.py:151} INFO - [2026-06-18T11:24:14.593+0000] {dagbag.py:539} INFO - Filling up the DagBag from /opt/airflow/dags/binance_daily_dag.py
[2026-06-18T11:24:17.017+0000] {processor.py:839} INFO - DAG(s) dict_keys(['daily_crypto_bilstm_pipeline']) retrieved from /opt/airflow/dags/binance_daily_dag.py
[2026-06-18T11:24:17.035+0000] {logging_mixin.py:151} INFO - [2026-06-18T11:24:17.034+0000] {dag.py:2915} INFO - Sync 1 DAGs
[2026-06-18T11:24:17.050+0000] {logging_mixin.py:151} INFO - [2026-06-18T11:24:17.050+0000] {dag.py:3696} INFO - Setting next_dagrun for daily_crypto_bilstm_pipeline to 2026-06-16T17:02:00+00:00, run_after=2026-06-17T17:02:00+00:00
[2026-06-18T11:24:17.107+0000] {processor.py:179} INFO - Processing /opt/airflow/dags/binance_daily_dag.py took 2.519 seconds
[2026-06-18T11:24:47.357+0000] {processor.py:157} INFO - Started process (PID=6678) to work on /opt/airflow/dags/binance_daily_dag.py
[2026-06-18T11:24:47.358+0000] {processor.py:829} INFO - Processing file /opt/airflow/dags/binance_daily_dag.py for tasks to queue
[2026-06-18T11:24:47.360+0000] {logging_mixin.py:151} INFO - [2026-06-18T11:24:47.359+0000] {dagbag.py:539} INFO - Filling up the DagBag from /opt/airflow/dags/binance_daily_dag.py
[2026-06-18T11:24:49.601+0000] {processor.py:839} INFO - DAG(s) dict_keys(['daily_crypto_bilstm_pipeline']) retrieved from /opt/airflow/dags/binance_daily_dag.py
[2026-06-18T11:24:49.618+0000] {logging_mixin.py:151} INFO - [2026-06-18T11:24:49.617+0000] {dag.py:2915} INFO - Sync 1 DAGs
[2026-06-18T11:24:49.634+0000] {logging_mixin.py:151} INFO - [2026-06-18T11:24:49.633+0000] {dag.py:3696} INFO - Setting next_dagrun for daily_crypto_bilstm_pipeline to 2026-06-16T17:02:00+00:00, run_after=2026-06-17T17:02:00+00:00
[2026-06-18T11:24:49.692+0000] {processor.py:179} INFO - Processing /opt/airflow/dags/binance_daily_dag.py took 2.340 seconds
[2026-06-18T11:25:20.042+0000] {processor.py:157} INFO - Started process (PID=6711) to work on /opt/airflow/dags/binance_daily_dag.py
[2026-06-18T11:25:20.044+0000] {processor.py:829} INFO - Processing file /opt/airflow/dags/binance_daily_dag.py for tasks to queue
[2026-06-18T11:25:20.047+0000] {logging_mixin.py:151} INFO - [2026-06-18T11:25:20.046+0000] {dagbag.py:539} INFO - Filling up the DagBag from /opt/airflow/dags/binance_daily_dag.py
[2026-06-18T11:25:22.494+0000] {processor.py:839} INFO - DAG(s) dict_keys(['daily_crypto_bilstm_pipeline']) retrieved from /opt/airflow/dags/binance_daily_dag.py
[2026-06-18T11:25:22.514+0000] {logging_mixin.py:151} INFO - [2026-06-18T11:25:22.514+0000] {dag.py:2915} INFO - Sync 1 DAGs
[2026-06-18T11:25:22.531+0000] {logging_mixin.py:151} INFO - [2026-06-18T11:25:22.531+0000] {dag.py:3696} INFO - Setting next_dagrun for daily_crypto_bilstm_pipeline to 2026-06-16T17:02:00+00:00, run_after=2026-06-17T17:02:00+00:00
[2026-06-18T11:25:22.589+0000] {processor.py:179} INFO - Processing /opt/airflow/dags/binance_daily_dag.py took 2.552 seconds
[2026-06-18T11:25:53.397+0000] {processor.py:157} INFO - Started process (PID=6749) to work on /opt/airflow/dags/binance_daily_dag.py
[2026-06-18T11:25:53.399+0000] {processor.py:829} INFO - Processing file /opt/airflow/dags/binance_daily_dag.py for tasks to queue
[2026-06-18T11:25:53.400+0000] {logging_mixin.py:151} INFO - [2026-06-18T11:25:53.400+0000] {dagbag.py:539} INFO - Filling up the DagBag from /opt/airflow/dags/binance_daily_dag.py
[2026-06-18T11:25:55.700+0000] {processor.py:839} INFO - DAG(s) dict_keys(['daily_crypto_bilstm_pipeline']) retrieved from /opt/airflow/dags/binance_daily_dag.py
[2026-06-18T11:25:55.732+0000] {logging_mixin.py:151} INFO - [2026-06-18T11:25:55.731+0000] {dag.py:2915} INFO - Sync 1 DAGs
[2026-06-18T11:25:55.755+0000] {logging_mixin.py:151} INFO - [2026-06-18T11:25:55.755+0000] {dag.py:3696} INFO - Setting next_dagrun for daily_crypto_bilstm_pipeline to 2026-06-16T17:02:00+00:00, run_after=2026-06-17T17:02:00+00:00
[2026-06-18T11:25:55.821+0000] {processor.py:179} INFO - Processing /opt/airflow/dags/binance_daily_dag.py took 2.430 seconds
[2026-06-18T11:26:26.343+0000] {processor.py:157} INFO - Started process (PID=6782) to work on /opt/airflow/dags/binance_daily_dag.py
[2026-06-18T11:26:26.345+0000] {processor.py:829} INFO - Processing file /opt/airflow/dags/binance_daily_dag.py for tasks to queue
[2026-06-18T11:26:26.346+0000] {logging_mixin.py:151} INFO - [2026-06-18T11:26:26.346+0000] {dagbag.py:539} INFO - Filling up the DagBag from /opt/airflow/dags/binance_daily_dag.py
[2026-06-18T11:26:28.950+0000] {processor.py:839} INFO - DAG(s) dict_keys(['daily_crypto_bilstm_pipeline']) retrieved from /opt/airflow/dags/binance_daily_dag.py
[2026-06-18T11:26:28.986+0000] {logging_mixin.py:151} INFO - [2026-06-18T11:26:28.985+0000] {dag.py:2915} INFO - Sync 1 DAGs
[2026-06-18T11:26:29.020+0000] {logging_mixin.py:151} INFO - [2026-06-18T11:26:29.020+0000] {dag.py:3696} INFO - Setting next_dagrun for daily_crypto_bilstm_pipeline to 2026-06-16T17:02:00+00:00, run_after=2026-06-17T17:02:00+00:00
[2026-06-18T11:26:29.067+0000] {processor.py:179} INFO - Processing /opt/airflow/dags/binance_daily_dag.py took 2.729 seconds
[2026-06-18T11:26:59.461+0000] {processor.py:157} INFO - Started process (PID=6815) to work on /opt/airflow/dags/binance_daily_dag.py
[2026-06-18T11:26:59.462+0000] {processor.py:829} INFO - Processing file /opt/airflow/dags/binance_daily_dag.py for tasks to queue
[2026-06-18T11:26:59.463+0000] {logging_mixin.py:151} INFO - [2026-06-18T11:26:59.462+0000] {dagbag.py:539} INFO - Filling up the DagBag from /opt/airflow/dags/binance_daily_dag.py
[2026-06-18T11:27:02.241+0000] {processor.py:839} INFO - DAG(s) dict_keys(['daily_crypto_bilstm_pipeline']) retrieved from /opt/airflow/dags/binance_daily_dag.py
[2026-06-18T11:27:02.265+0000] {logging_mixin.py:151} INFO - [2026-06-18T11:27:02.264+0000] {dag.py:2915} INFO - Sync 1 DAGs
[2026-06-18T11:27:02.285+0000] {logging_mixin.py:151} INFO - [2026-06-18T11:27:02.285+0000] {dag.py:3696} INFO - Setting next_dagrun for daily_crypto_bilstm_pipeline to 2026-06-16T17:02:00+00:00, run_after=2026-06-17T17:02:00+00:00
[2026-06-18T11:27:02.339+0000] {processor.py:179} INFO - Processing /opt/airflow/dags/binance_daily_dag.py took 2.882 seconds
[2026-06-18T11:27:32.827+0000] {processor.py:157} INFO - Started process (PID=6849) to work on /opt/airflow/dags/binance_daily_dag.py
[2026-06-18T11:27:32.829+0000] {processor.py:829} INFO - Processing file /opt/airflow/dags/binance_daily_dag.py for tasks to queue
[2026-06-18T11:27:32.830+0000] {logging_mixin.py:151} INFO - [2026-06-18T11:27:32.829+0000] {dagbag.py:539} INFO - Filling up the DagBag from /opt/airflow/dags/binance_daily_dag.py
[2026-06-18T11:27:35.066+0000] {processor.py:839} INFO - DAG(s) dict_keys(['daily_crypto_bilstm_pipeline']) retrieved from /opt/airflow/dags/binance_daily_dag.py
[2026-06-18T11:27:35.086+0000] {logging_mixin.py:151} INFO - [2026-06-18T11:27:35.085+0000] {dag.py:2915} INFO - Sync 1 DAGs
[2026-06-18T11:27:35.106+0000] {logging_mixin.py:151} INFO - [2026-06-18T11:27:35.106+0000] {dag.py:3696} INFO - Setting next_dagrun for daily_crypto_bilstm_pipeline to 2026-06-16T17:02:00+00:00, run_after=2026-06-17T17:02:00+00:00
[2026-06-18T11:27:35.124+0000] {processor.py:179} INFO - Processing /opt/airflow/dags/binance_daily_dag.py took 2.301 seconds
[2026-06-18T11:28:05.436+0000] {processor.py:157} INFO - Started process (PID=6888) to work on /opt/airflow/dags/binance_daily_dag.py
[2026-06-18T11:28:05.438+0000] {processor.py:829} INFO - Processing file /opt/airflow/dags/binance_daily_dag.py for tasks to queue
[2026-06-18T11:28:05.439+0000] {logging_mixin.py:151} INFO - [2026-06-18T11:28:05.438+0000] {dagbag.py:539} INFO - Filling up the DagBag from /opt/airflow/dags/binance_daily_dag.py
[2026-06-18T11:28:07.660+0000] {processor.py:839} INFO - DAG(s) dict_keys(['daily_crypto_bilstm_pipeline']) retrieved from /opt/airflow/dags/binance_daily_dag.py
[2026-06-18T11:28:07.681+0000] {logging_mixin.py:151} INFO - [2026-06-18T11:28:07.681+0000] {dag.py:2915} INFO - Sync 1 DAGs
[2026-06-18T11:28:07.702+0000] {logging_mixin.py:151} INFO - [2026-06-18T11:28:07.701+0000] {dag.py:3696} INFO - Setting next_dagrun for daily_crypto_bilstm_pipeline to 2026-06-16T17:02:00+00:00, run_after=2026-06-17T17:02:00+00:00
[2026-06-18T11:28:07.764+0000] {processor.py:179} INFO - Processing /opt/airflow/dags/binance_daily_dag.py took 2.334 seconds
[2026-06-18T11:28:38.106+0000] {processor.py:157} INFO - Started process (PID=6921) to work on /opt/airflow/dags/binance_daily_dag.py
[2026-06-18T11:28:38.108+0000] {processor.py:829} INFO - Processing file /opt/airflow/dags/binance_daily_dag.py for tasks to queue
[2026-06-18T11:28:38.109+0000] {logging_mixin.py:151} INFO - [2026-06-18T11:28:38.109+0000] {dagbag.py:539} INFO - Filling up the DagBag from /opt/airflow/dags/binance_daily_dag.py
[2026-06-18T11:28:40.705+0000] {processor.py:839} INFO - DAG(s) dict_keys(['daily_crypto_bilstm_pipeline']) retrieved from /opt/airflow/dags/binance_daily_dag.py
[2026-06-18T11:28:40.726+0000] {logging_mixin.py:151} INFO - [2026-06-18T11:28:40.725+0000] {dag.py:2915} INFO - Sync 1 DAGs
[2026-06-18T11:28:40.743+0000] {logging_mixin.py:151} INFO - [2026-06-18T11:28:40.743+0000] {dag.py:3696} INFO - Setting next_dagrun for daily_crypto_bilstm_pipeline to 2026-06-16T17:02:00+00:00, run_after=2026-06-17T17:02:00+00:00
[2026-06-18T11:28:40.765+0000] {processor.py:179} INFO - Processing /opt/airflow/dags/binance_daily_dag.py took 2.663 seconds
[2026-06-18T11:29:10.885+0000] {processor.py:157} INFO - Started process (PID=6955) to work on /opt/airflow/dags/binance_daily_dag.py
[2026-06-18T11:29:10.886+0000] {processor.py:829} INFO - Processing file /opt/airflow/dags/binance_daily_dag.py for tasks to queue
[2026-06-18T11:29:10.887+0000] {logging_mixin.py:151} INFO - [2026-06-18T11:29:10.887+0000] {dagbag.py:539} INFO - Filling up the DagBag from /opt/airflow/dags/binance_daily_dag.py
[2026-06-18T11:29:13.309+0000] {processor.py:839} INFO - DAG(s) dict_keys(['daily_crypto_bilstm_pipeline']) retrieved from /opt/airflow/dags/binance_daily_dag.py
[2026-06-18T11:29:13.331+0000] {logging_mixin.py:151} INFO - [2026-06-18T11:29:13.331+0000] {dag.py:2915} INFO - Sync 1 DAGs
[2026-06-18T11:29:13.348+0000] {logging_mixin.py:151} INFO - [2026-06-18T11:29:13.348+0000] {dag.py:3696} INFO - Setting next_dagrun for daily_crypto_bilstm_pipeline to 2026-06-16T17:02:00+00:00, run_after=2026-06-17T17:02:00+00:00
[2026-06-18T11:29:13.406+0000] {processor.py:179} INFO - Processing /opt/airflow/dags/binance_daily_dag.py took 2.525 seconds
[2026-06-18T11:29:43.735+0000] {processor.py:157} INFO - Started process (PID=6987) to work on /opt/airflow/dags/binance_daily_dag.py
[2026-06-18T11:29:43.737+0000] {processor.py:829} INFO - Processing file /opt/airflow/dags/binance_daily_dag.py for tasks to queue
[2026-06-18T11:29:43.738+0000] {logging_mixin.py:151} INFO - [2026-06-18T11:29:43.738+0000] {dagbag.py:539} INFO - Filling up the DagBag from /opt/airflow/dags/binance_daily_dag.py
[2026-06-18T11:29:46.066+0000] {processor.py:839} INFO - DAG(s) dict_keys(['daily_crypto_bilstm_pipeline']) retrieved from /opt/airflow/dags/binance_daily_dag.py
[2026-06-18T11:29:46.085+0000] {logging_mixin.py:151} INFO - [2026-06-18T11:29:46.085+0000] {dag.py:2915} INFO - Sync 1 DAGs
[2026-06-18T11:29:46.101+0000] {logging_mixin.py:151} INFO - [2026-06-18T11:29:46.101+0000] {dag.py:3696} INFO - Setting next_dagrun for daily_crypto_bilstm_pipeline to 2026-06-16T17:02:00+00:00, run_after=2026-06-17T17:02:00+00:00
[2026-06-18T11:29:46.161+0000] {processor.py:179} INFO - Processing /opt/airflow/dags/binance_daily_dag.py took 2.435 seconds
[2026-06-18T11:30:16.746+0000] {processor.py:157} INFO - Started process (PID=7020) to work on /opt/airflow/dags/binance_daily_dag.py
[2026-06-18T11:30:16.747+0000] {processor.py:829} INFO - Processing file /opt/airflow/dags/binance_daily_dag.py for tasks to queue
[2026-06-18T11:30:16.748+0000] {logging_mixin.py:151} INFO - [2026-06-18T11:30:16.748+0000] {dagbag.py:539} INFO - Filling up the DagBag from /opt/airflow/dags/binance_daily_dag.py
[2026-06-18T11:30:19.015+0000] {processor.py:839} INFO - DAG(s) dict_keys(['daily_crypto_bilstm_pipeline']) retrieved from /opt/airflow/dags/binance_daily_dag.py
[2026-06-18T11:30:19.041+0000] {logging_mixin.py:151} INFO - [2026-06-18T11:30:19.040+0000] {dag.py:2915} INFO - Sync 1 DAGs
[2026-06-18T11:30:19.061+0000] {logging_mixin.py:151} INFO - [2026-06-18T11:30:19.061+0000] {dag.py:3696} INFO - Setting next_dagrun for daily_crypto_bilstm_pipeline to 2026-06-16T17:02:00+00:00, run_after=2026-06-17T17:02:00+00:00
[2026-06-18T11:30:19.088+0000] {processor.py:179} INFO - Processing /opt/airflow/dags/binance_daily_dag.py took 2.346 seconds
[2026-06-18T11:30:49.306+0000] {processor.py:157} INFO - Started process (PID=7053) to work on /opt/airflow/dags/binance_daily_dag.py
[2026-06-18T11:30:49.307+0000] {processor.py:829} INFO - Processing file /opt/airflow/dags/binance_daily_dag.py for tasks to queue
[2026-06-18T11:30:49.308+0000] {logging_mixin.py:151} INFO - [2026-06-18T11:30:49.307+0000] {dagbag.py:539} INFO - Filling up the DagBag from /opt/airflow/dags/binance_daily_dag.py
[2026-06-18T11:30:51.748+0000] {processor.py:839} INFO - DAG(s) dict_keys(['daily_crypto_bilstm_pipeline']) retrieved from /opt/airflow/dags/binance_daily_dag.py
[2026-06-18T11:30:51.768+0000] {logging_mixin.py:151} INFO - [2026-06-18T11:30:51.767+0000] {dag.py:2915} INFO - Sync 1 DAGs
[2026-06-18T11:30:51.785+0000] {logging_mixin.py:151} INFO - [2026-06-18T11:30:51.785+0000] {dag.py:3696} INFO - Setting next_dagrun for daily_crypto_bilstm_pipeline to 2026-06-16T17:02:00+00:00, run_after=2026-06-17T17:02:00+00:00
[2026-06-18T11:30:51.805+0000] {processor.py:179} INFO - Processing /opt/airflow/dags/binance_daily_dag.py took 2.503 seconds
[2026-06-18T11:31:22.174+0000] {processor.py:157} INFO - Started process (PID=7086) to work on /opt/airflow/dags/binance_daily_dag.py
[2026-06-18T11:31:22.175+0000] {processor.py:829} INFO - Processing file /opt/airflow/dags/binance_daily_dag.py for tasks to queue
[2026-06-18T11:31:22.176+0000] {logging_mixin.py:151} INFO - [2026-06-18T11:31:22.176+0000] {dagbag.py:539} INFO - Filling up the DagBag from /opt/airflow/dags/binance_daily_dag.py
[2026-06-18T11:31:24.476+0000] {processor.py:839} INFO - DAG(s) dict_keys(['daily_crypto_bilstm_pipeline']) retrieved from /opt/airflow/dags/binance_daily_dag.py
[2026-06-18T11:31:24.495+0000] {logging_mixin.py:151} INFO - [2026-06-18T11:31:24.495+0000] {dag.py:2915} INFO - Sync 1 DAGs
[2026-06-18T11:31:24.512+0000] {logging_mixin.py:151} INFO - [2026-06-18T11:31:24.512+0000] {dag.py:3696} INFO - Setting next_dagrun for daily_crypto_bilstm_pipeline to 2026-06-16T17:02:00+00:00, run_after=2026-06-17T17:02:00+00:00
[2026-06-18T11:31:24.569+0000] {processor.py:179} INFO - Processing /opt/airflow/dags/binance_daily_dag.py took 2.400 seconds
[2026-06-18T11:31:55.011+0000] {processor.py:157} INFO - Started process (PID=7118) to work on /opt/airflow/dags/binance_daily_dag.py
[2026-06-18T11:31:55.012+0000] {processor.py:829} INFO - Processing file /opt/airflow/dags/binance_daily_dag.py for tasks to queue
[2026-06-18T11:31:55.013+0000] {logging_mixin.py:151} INFO - [2026-06-18T11:31:55.013+0000] {dagbag.py:539} INFO - Filling up the DagBag from /opt/airflow/dags/binance_daily_dag.py
[2026-06-18T11:31:57.340+0000] {processor.py:839} INFO - DAG(s) dict_keys(['daily_crypto_bilstm_pipeline']) retrieved from /opt/airflow/dags/binance_daily_dag.py
[2026-06-18T11:31:57.360+0000] {logging_mixin.py:151} INFO - [2026-06-18T11:31:57.359+0000] {dag.py:2915} INFO - Sync 1 DAGs
[2026-06-18T11:31:57.377+0000] {logging_mixin.py:151} INFO - [2026-06-18T11:31:57.377+0000] {dag.py:3696} INFO - Setting next_dagrun for daily_crypto_bilstm_pipeline to 2026-06-16T17:02:00+00:00, run_after=2026-06-17T17:02:00+00:00
[2026-06-18T11:31:57.394+0000] {processor.py:179} INFO - Processing /opt/airflow/dags/binance_daily_dag.py took 2.387 seconds
[2026-06-18T11:32:28.412+0000] {processor.py:157} INFO - Started process (PID=7151) to work on /opt/airflow/dags/binance_daily_dag.py
[2026-06-18T11:32:28.413+0000] {processor.py:829} INFO - Processing file /opt/airflow/dags/binance_daily_dag.py for tasks to queue
[2026-06-18T11:32:28.414+0000] {logging_mixin.py:151} INFO - [2026-06-18T11:32:28.414+0000] {dagbag.py:539} INFO - Filling up the DagBag from /opt/airflow/dags/binance_daily_dag.py
[2026-06-18T11:32:31.136+0000] {processor.py:839} INFO - DAG(s) dict_keys(['daily_crypto_bilstm_pipeline']) retrieved from /opt/airflow/dags/binance_daily_dag.py
[2026-06-18T11:32:31.157+0000] {logging_mixin.py:151} INFO - [2026-06-18T11:32:31.157+0000] {dag.py:2915} INFO - Sync 1 DAGs
[2026-06-18T11:32:31.175+0000] {logging_mixin.py:151} INFO - [2026-06-18T11:32:31.175+0000] {dag.py:3696} INFO - Setting next_dagrun for daily_crypto_bilstm_pipeline to 2026-06-16T17:02:00+00:00, run_after=2026-06-17T17:02:00+00:00
[2026-06-18T11:32:31.233+0000] {processor.py:179} INFO - Processing /opt/airflow/dags/binance_daily_dag.py took 2.826 seconds
[2026-06-18T11:33:01.391+0000] {processor.py:157} INFO - Started process (PID=7189) to work on /opt/airflow/dags/binance_daily_dag.py
[2026-06-18T11:33:01.392+0000] {processor.py:829} INFO - Processing file /opt/airflow/dags/binance_daily_dag.py for tasks to queue
[2026-06-18T11:33:01.394+0000] {logging_mixin.py:151} INFO - [2026-06-18T11:33:01.393+0000] {dagbag.py:539} INFO - Filling up the DagBag from /opt/airflow/dags/binance_daily_dag.py
[2026-06-18T11:33:04.112+0000] {processor.py:839} INFO - DAG(s) dict_keys(['daily_crypto_bilstm_pipeline']) retrieved from /opt/airflow/dags/binance_daily_dag.py
[2026-06-18T11:33:04.133+0000] {logging_mixin.py:151} INFO - [2026-06-18T11:33:04.133+0000] {dag.py:2915} INFO - Sync 1 DAGs
[2026-06-18T11:33:04.156+0000] {logging_mixin.py:151} INFO - [2026-06-18T11:33:04.156+0000] {dag.py:3696} INFO - Setting next_dagrun for daily_crypto_bilstm_pipeline to 2026-06-16T17:02:00+00:00, run_after=2026-06-17T17:02:00+00:00
[2026-06-18T11:33:04.176+0000] {processor.py:179} INFO - Processing /opt/airflow/dags/binance_daily_dag.py took 2.789 seconds
[2026-06-18T11:33:34.614+0000] {processor.py:157} INFO - Started process (PID=7229) to work on /opt/airflow/dags/binance_daily_dag.py
[2026-06-18T11:33:34.615+0000] {processor.py:829} INFO - Processing file /opt/airflow/dags/binance_daily_dag.py for tasks to queue
[2026-06-18T11:33:34.616+0000] {logging_mixin.py:151} INFO - [2026-06-18T11:33:34.616+0000] {dagbag.py:539} INFO - Filling up the DagBag from /opt/airflow/dags/binance_daily_dag.py
[2026-06-18T11:33:37.095+0000] {processor.py:839} INFO - DAG(s) dict_keys(['daily_crypto_bilstm_pipeline']) retrieved from /opt/airflow/dags/binance_daily_dag.py
[2026-06-18T11:33:37.114+0000] {logging_mixin.py:151} INFO - [2026-06-18T11:33:37.114+0000] {dag.py:2915} INFO - Sync 1 DAGs
[2026-06-18T11:33:37.133+0000] {logging_mixin.py:151} INFO - [2026-06-18T11:33:37.133+0000] {dag.py:3696} INFO - Setting next_dagrun for daily_crypto_bilstm_pipeline to 2026-06-16T17:02:00+00:00, run_after=2026-06-17T17:02:00+00:00
[2026-06-18T11:33:37.193+0000] {processor.py:179} INFO - Processing /opt/airflow/dags/binance_daily_dag.py took 2.581 seconds
[2026-06-18T11:34:07.416+0000] {processor.py:157} INFO - Started process (PID=7262) to work on /opt/airflow/dags/binance_daily_dag.py
[2026-06-18T11:34:07.417+0000] {processor.py:829} INFO - Processing file /opt/airflow/dags/binance_daily_dag.py for tasks to queue
[2026-06-18T11:34:07.419+0000] {logging_mixin.py:151} INFO - [2026-06-18T11:34:07.418+0000] {dagbag.py:539} INFO - Filling up the DagBag from /opt/airflow/dags/binance_daily_dag.py
[2026-06-18T11:34:09.939+0000] {processor.py:839} INFO - DAG(s) dict_keys(['daily_crypto_bilstm_pipeline']) retrieved from /opt/airflow/dags/binance_daily_dag.py
[2026-06-18T11:34:09.961+0000] {logging_mixin.py:151} INFO - [2026-06-18T11:34:09.961+0000] {dag.py:2915} INFO - Sync 1 DAGs
[2026-06-18T11:34:09.982+0000] {logging_mixin.py:151} INFO - [2026-06-18T11:34:09.982+0000] {dag.py:3696} INFO - Setting next_dagrun for daily_crypto_bilstm_pipeline to 2026-06-16T17:02:00+00:00, run_after=2026-06-17T17:02:00+00:00
[2026-06-18T11:34:10.021+0000] {processor.py:179} INFO - Processing /opt/airflow/dags/binance_daily_dag.py took 2.610 seconds
[2026-06-18T11:34:40.230+0000] {processor.py:157} INFO - Started process (PID=7295) to work on /opt/airflow/dags/binance_daily_dag.py
[2026-06-18T11:34:40.232+0000] {processor.py:829} INFO - Processing file /opt/airflow/dags/binance_daily_dag.py for tasks to queue
[2026-06-18T11:34:40.233+0000] {logging_mixin.py:151} INFO - [2026-06-18T11:34:40.232+0000] {dagbag.py:539} INFO - Filling up the DagBag from /opt/airflow/dags/binance_daily_dag.py
[2026-06-18T11:34:42.814+0000] {processor.py:839} INFO - DAG(s) dict_keys(['daily_crypto_bilstm_pipeline']) retrieved from /opt/airflow/dags/binance_daily_dag.py
[2026-06-18T11:34:42.834+0000] {logging_mixin.py:151} INFO - [2026-06-18T11:34:42.834+0000] {dag.py:2915} INFO - Sync 1 DAGs
[2026-06-18T11:34:42.850+0000] {logging_mixin.py:151} INFO - [2026-06-18T11:34:42.850+0000] {dag.py:3696} INFO - Setting next_dagrun for daily_crypto_bilstm_pipeline to 2026-06-16T17:02:00+00:00, run_after=2026-06-17T17:02:00+00:00
[2026-06-18T11:34:42.906+0000] {processor.py:179} INFO - Processing /opt/airflow/dags/binance_daily_dag.py took 2.681 seconds
[2026-06-18T11:35:13.125+0000] {processor.py:157} INFO - Started process (PID=7328) to work on /opt/airflow/dags/binance_daily_dag.py
[2026-06-18T11:35:13.126+0000] {processor.py:829} INFO - Processing file /opt/airflow/dags/binance_daily_dag.py for tasks to queue
[2026-06-18T11:35:13.127+0000] {logging_mixin.py:151} INFO - [2026-06-18T11:35:13.127+0000] {dagbag.py:539} INFO - Filling up the DagBag from /opt/airflow/dags/binance_daily_dag.py
[2026-06-18T11:35:15.947+0000] {processor.py:839} INFO - DAG(s) dict_keys(['daily_crypto_bilstm_pipeline']) retrieved from /opt/airflow/dags/binance_daily_dag.py
[2026-06-18T11:35:15.970+0000] {logging_mixin.py:151} INFO - [2026-06-18T11:35:15.970+0000] {dag.py:2915} INFO - Sync 1 DAGs
[2026-06-18T11:35:16.002+0000] {logging_mixin.py:151} INFO - [2026-06-18T11:35:16.001+0000] {dag.py:3696} INFO - Setting next_dagrun for daily_crypto_bilstm_pipeline to 2026-06-16T17:02:00+00:00, run_after=2026-06-17T17:02:00+00:00
[2026-06-18T11:35:16.049+0000] {processor.py:179} INFO - Processing /opt/airflow/dags/binance_daily_dag.py took 2.929 seconds
[2026-06-18T11:35:46.223+0000] {processor.py:157} INFO - Started process (PID=7360) to work on /opt/airflow/dags/binance_daily_dag.py
[2026-06-18T11:35:46.224+0000] {processor.py:829} INFO - Processing file /opt/airflow/dags/binance_daily_dag.py for tasks to queue
[2026-06-18T11:35:46.225+0000] {logging_mixin.py:151} INFO - [2026-06-18T11:35:46.225+0000] {dagbag.py:539} INFO - Filling up the DagBag from /opt/airflow/dags/binance_daily_dag.py
[2026-06-18T11:35:48.718+0000] {processor.py:839} INFO - DAG(s) dict_keys(['daily_crypto_bilstm_pipeline']) retrieved from /opt/airflow/dags/binance_daily_dag.py
[2026-06-18T11:35:48.737+0000] {logging_mixin.py:151} INFO - [2026-06-18T11:35:48.737+0000] {dag.py:2915} INFO - Sync 1 DAGs
[2026-06-18T11:35:48.758+0000] {logging_mixin.py:151} INFO - [2026-06-18T11:35:48.758+0000] {dag.py:3696} INFO - Setting next_dagrun for daily_crypto_bilstm_pipeline to 2026-06-16T17:02:00+00:00, run_after=2026-06-17T17:02:00+00:00
[2026-06-18T11:35:48.804+0000] {processor.py:179} INFO - Processing /opt/airflow/dags/binance_daily_dag.py took 2.586 seconds
[2026-06-18T11:36:19.004+0000] {processor.py:157} INFO - Started process (PID=7394) to work on /opt/airflow/dags/binance_daily_dag.py
[2026-06-18T11:36:19.005+0000] {processor.py:829} INFO - Processing file /opt/airflow/dags/binance_daily_dag.py for tasks to queue
[2026-06-18T11:36:19.006+0000] {logging_mixin.py:151} INFO - [2026-06-18T11:36:19.006+0000] {dagbag.py:539} INFO - Filling up the DagBag from /opt/airflow/dags/binance_daily_dag.py
[2026-06-18T11:36:21.560+0000] {processor.py:839} INFO - DAG(s) dict_keys(['daily_crypto_bilstm_pipeline']) retrieved from /opt/airflow/dags/binance_daily_dag.py
[2026-06-18T11:36:21.584+0000] {logging_mixin.py:151} INFO - [2026-06-18T11:36:21.584+0000] {dag.py:2915} INFO - Sync 1 DAGs
[2026-06-18T11:36:21.605+0000] {logging_mixin.py:151} INFO - [2026-06-18T11:36:21.605+0000] {dag.py:3696} INFO - Setting next_dagrun for daily_crypto_bilstm_pipeline to 2026-06-16T17:02:00+00:00, run_after=2026-06-17T17:02:00+00:00
[2026-06-18T11:36:21.634+0000] {processor.py:179} INFO - Processing /opt/airflow/dags/binance_daily_dag.py took 2.634 seconds
[2026-06-18T11:36:51.797+0000] {processor.py:157} INFO - Started process (PID=7427) to work on /opt/airflow/dags/binance_daily_dag.py
[2026-06-18T11:36:51.798+0000] {processor.py:829} INFO - Processing file /opt/airflow/dags/binance_daily_dag.py for tasks to queue
[2026-06-18T11:36:51.799+0000] {logging_mixin.py:151} INFO - [2026-06-18T11:36:51.799+0000] {dagbag.py:539} INFO - Filling up the DagBag from /opt/airflow/dags/binance_daily_dag.py
[2026-06-18T11:36:54.427+0000] {processor.py:839} INFO - DAG(s) dict_keys(['daily_crypto_bilstm_pipeline']) retrieved from /opt/airflow/dags/binance_daily_dag.py
[2026-06-18T11:36:54.451+0000] {logging_mixin.py:151} INFO - [2026-06-18T11:36:54.451+0000] {dag.py:2915} INFO - Sync 1 DAGs
[2026-06-18T11:36:54.472+0000] {logging_mixin.py:151} INFO - [2026-06-18T11:36:54.472+0000] {dag.py:3696} INFO - Setting next_dagrun for daily_crypto_bilstm_pipeline to 2026-06-16T17:02:00+00:00, run_after=2026-06-17T17:02:00+00:00
[2026-06-18T11:36:54.528+0000] {processor.py:179} INFO - Processing /opt/airflow/dags/binance_daily_dag.py took 2.738 seconds
[2026-06-18T11:37:25.406+0000] {processor.py:157} INFO - Started process (PID=7460) to work on /opt/airflow/dags/binance_daily_dag.py
[2026-06-18T11:37:25.407+0000] {processor.py:829} INFO - Processing file /opt/airflow/dags/binance_daily_dag.py for tasks to queue
[2026-06-18T11:37:25.408+0000] {logging_mixin.py:151} INFO - [2026-06-18T11:37:25.407+0000] {dagbag.py:539} INFO - Filling up the DagBag from /opt/airflow/dags/binance_daily_dag.py
[2026-06-18T11:37:27.792+0000] {processor.py:839} INFO - DAG(s) dict_keys(['daily_crypto_bilstm_pipeline']) retrieved from /opt/airflow/dags/binance_daily_dag.py
[2026-06-18T11:37:27.813+0000] {logging_mixin.py:151} INFO - [2026-06-18T11:37:27.812+0000] {dag.py:2915} INFO - Sync 1 DAGs
[2026-06-18T11:37:27.830+0000] {logging_mixin.py:151} INFO - [2026-06-18T11:37:27.829+0000] {dag.py:3696} INFO - Setting next_dagrun for daily_crypto_bilstm_pipeline to 2026-06-16T17:02:00+00:00, run_after=2026-06-17T17:02:00+00:00
[2026-06-18T11:37:27.889+0000] {processor.py:179} INFO - Processing /opt/airflow/dags/binance_daily_dag.py took 2.487 seconds
[2026-06-18T11:37:59.433+0000] {processor.py:157} INFO - Started process (PID=7493) to work on /opt/airflow/dags/binance_daily_dag.py
[2026-06-18T11:37:59.434+0000] {processor.py:829} INFO - Processing file /opt/airflow/dags/binance_daily_dag.py for tasks to queue
[2026-06-18T11:37:59.435+0000] {logging_mixin.py:151} INFO - [2026-06-18T11:37:59.435+0000] {dagbag.py:539} INFO - Filling up the DagBag from /opt/airflow/dags/binance_daily_dag.py
[2026-06-18T11:38:02.088+0000] {processor.py:839} INFO - DAG(s) dict_keys(['daily_crypto_bilstm_pipeline']) retrieved from /opt/airflow/dags/binance_daily_dag.py
[2026-06-18T11:38:02.110+0000] {logging_mixin.py:151} INFO - [2026-06-18T11:38:02.110+0000] {dag.py:2915} INFO - Sync 1 DAGs
[2026-06-18T11:38:02.137+0000] {logging_mixin.py:151} INFO - [2026-06-18T11:38:02.136+0000] {dag.py:3696} INFO - Setting next_dagrun for daily_crypto_bilstm_pipeline to 2026-06-16T17:02:00+00:00, run_after=2026-06-17T17:02:00+00:00
[2026-06-18T11:38:02.157+0000] {processor.py:179} INFO - Processing /opt/airflow/dags/binance_daily_dag.py took 2.729 seconds
[2026-06-18T11:38:32.798+0000] {processor.py:157} INFO - Started process (PID=7526) to work on /opt/airflow/dags/binance_daily_dag.py
[2026-06-18T11:38:32.800+0000] {processor.py:829} INFO - Processing file /opt/airflow/dags/binance_daily_dag.py for tasks to queue
[2026-06-18T11:38:32.802+0000] {logging_mixin.py:151} INFO - [2026-06-18T11:38:32.801+0000] {dagbag.py:539} INFO - Filling up the DagBag from /opt/airflow/dags/binance_daily_dag.py
[2026-06-18T11:38:36.281+0000] {processor.py:839} INFO - DAG(s) dict_keys(['daily_crypto_bilstm_pipeline']) retrieved from /opt/airflow/dags/binance_daily_dag.py
[2026-06-18T11:38:36.305+0000] {logging_mixin.py:151} INFO - [2026-06-18T11:38:36.304+0000] {dag.py:2915} INFO - Sync 1 DAGs
[2026-06-18T11:38:36.326+0000] {logging_mixin.py:151} INFO - [2026-06-18T11:38:36.326+0000] {dag.py:3696} INFO - Setting next_dagrun for daily_crypto_bilstm_pipeline to 2026-06-16T17:02:00+00:00, run_after=2026-06-17T17:02:00+00:00
[2026-06-18T11:38:36.387+0000] {processor.py:179} INFO - Processing /opt/airflow/dags/binance_daily_dag.py took 3.594 seconds
[2026-06-18T11:39:06.774+0000] {processor.py:157} INFO - Started process (PID=7567) to work on /opt/airflow/dags/binance_daily_dag.py
[2026-06-18T11:39:06.776+0000] {processor.py:829} INFO - Processing file /opt/airflow/dags/binance_daily_dag.py for tasks to queue
[2026-06-18T11:39:06.777+0000] {logging_mixin.py:151} INFO - [2026-06-18T11:39:06.777+0000] {dagbag.py:539} INFO - Filling up the DagBag from /opt/airflow/dags/binance_daily_dag.py
[2026-06-18T11:39:09.413+0000] {processor.py:839} INFO - DAG(s) dict_keys(['daily_crypto_bilstm_pipeline']) retrieved from /opt/airflow/dags/binance_daily_dag.py
[2026-06-18T11:39:09.434+0000] {logging_mixin.py:151} INFO - [2026-06-18T11:39:09.433+0000] {dag.py:2915} INFO - Sync 1 DAGs
[2026-06-18T11:39:09.451+0000] {logging_mixin.py:151} INFO - [2026-06-18T11:39:09.451+0000] {dag.py:3696} INFO - Setting next_dagrun for daily_crypto_bilstm_pipeline to 2026-06-16T17:02:00+00:00, run_after=2026-06-17T17:02:00+00:00
[2026-06-18T11:39:09.470+0000] {processor.py:179} INFO - Processing /opt/airflow/dags/binance_daily_dag.py took 2.700 seconds
[2026-06-18T11:39:40.317+0000] {processor.py:157} INFO - Started process (PID=7606) to work on /opt/airflow/dags/binance_daily_dag.py
[2026-06-18T11:39:40.318+0000] {processor.py:829} INFO - Processing file /opt/airflow/dags/binance_daily_dag.py for tasks to queue
[2026-06-18T11:39:40.319+0000] {logging_mixin.py:151} INFO - [2026-06-18T11:39:40.319+0000] {dagbag.py:539} INFO - Filling up the DagBag from /opt/airflow/dags/binance_daily_dag.py
[2026-06-18T11:39:42.745+0000] {processor.py:839} INFO - DAG(s) dict_keys(['daily_crypto_bilstm_pipeline']) retrieved from /opt/airflow/dags/binance_daily_dag.py
[2026-06-18T11:39:42.769+0000] {logging_mixin.py:151} INFO - [2026-06-18T11:39:42.769+0000] {dag.py:2915} INFO - Sync 1 DAGs
[2026-06-18T11:39:42.791+0000] {logging_mixin.py:151} INFO - [2026-06-18T11:39:42.791+0000] {dag.py:3696} INFO - Setting next_dagrun for daily_crypto_bilstm_pipeline to 2026-06-16T17:02:00+00:00, run_after=2026-06-17T17:02:00+00:00
[2026-06-18T11:39:42.812+0000] {processor.py:179} INFO - Processing /opt/airflow/dags/binance_daily_dag.py took 2.499 seconds
[2026-06-18T11:40:13.011+0000] {processor.py:157} INFO - Started process (PID=7639) to work on /opt/airflow/dags/binance_daily_dag.py
[2026-06-18T11:40:13.013+0000] {processor.py:829} INFO - Processing file /opt/airflow/dags/binance_daily_dag.py for tasks to queue
[2026-06-18T11:40:13.014+0000] {logging_mixin.py:151} INFO - [2026-06-18T11:40:13.014+0000] {dagbag.py:539} INFO - Filling up the DagBag from /opt/airflow/dags/binance_daily_dag.py
[2026-06-18T11:40:15.439+0000] {processor.py:839} INFO - DAG(s) dict_keys(['daily_crypto_bilstm_pipeline']) retrieved from /opt/airflow/dags/binance_daily_dag.py
[2026-06-18T11:40:15.461+0000] {logging_mixin.py:151} INFO - [2026-06-18T11:40:15.461+0000] {dag.py:2915} INFO - Sync 1 DAGs
[2026-06-18T11:40:15.484+0000] {logging_mixin.py:151} INFO - [2026-06-18T11:40:15.484+0000] {dag.py:3696} INFO - Setting next_dagrun for daily_crypto_bilstm_pipeline to 2026-06-16T17:02:00+00:00, run_after=2026-06-17T17:02:00+00:00
[2026-06-18T11:40:15.544+0000] {processor.py:179} INFO - Processing /opt/airflow/dags/binance_daily_dag.py took 2.538 seconds
[2026-06-18T11:40:45.661+0000] {processor.py:157} INFO - Started process (PID=7672) to work on /opt/airflow/dags/binance_daily_dag.py
[2026-06-18T11:40:45.662+0000] {processor.py:829} INFO - Processing file /opt/airflow/dags/binance_daily_dag.py for tasks to queue
[2026-06-18T11:40:45.663+0000] {logging_mixin.py:151} INFO - [2026-06-18T11:40:45.662+0000] {dagbag.py:539} INFO - Filling up the DagBag from /opt/airflow/dags/binance_daily_dag.py
[2026-06-18T11:40:47.884+0000] {processor.py:839} INFO - DAG(s) dict_keys(['daily_crypto_bilstm_pipeline']) retrieved from /opt/airflow/dags/binance_daily_dag.py
[2026-06-18T11:40:47.902+0000] {logging_mixin.py:151} INFO - [2026-06-18T11:40:47.901+0000] {dag.py:2915} INFO - Sync 1 DAGs
[2026-06-18T11:40:47.921+0000] {logging_mixin.py:151} INFO - [2026-06-18T11:40:47.921+0000] {dag.py:3696} INFO - Setting next_dagrun for daily_crypto_bilstm_pipeline to 2026-06-16T17:02:00+00:00, run_after=2026-06-17T17:02:00+00:00
[2026-06-18T11:40:47.963+0000] {processor.py:179} INFO - Processing /opt/airflow/dags/binance_daily_dag.py took 2.306 seconds
[2026-06-18T11:41:18.612+0000] {processor.py:157} INFO - Started process (PID=7705) to work on /opt/airflow/dags/binance_daily_dag.py
[2026-06-18T11:41:18.614+0000] {processor.py:829} INFO - Processing file /opt/airflow/dags/binance_daily_dag.py for tasks to queue
[2026-06-18T11:41:18.615+0000] {logging_mixin.py:151} INFO - [2026-06-18T11:41:18.614+0000] {dagbag.py:539} INFO - Filling up the DagBag from /opt/airflow/dags/binance_daily_dag.py
[2026-06-18T11:41:20.560+0000] {processor.py:839} INFO - DAG(s) dict_keys(['daily_crypto_bilstm_pipeline']) retrieved from /opt/airflow/dags/binance_daily_dag.py
[2026-06-18T11:41:20.578+0000] {logging_mixin.py:151} INFO - [2026-06-18T11:41:20.577+0000] {dag.py:2915} INFO - Sync 1 DAGs
[2026-06-18T11:41:20.602+0000] {logging_mixin.py:151} INFO - [2026-06-18T11:41:20.601+0000] {dag.py:3696} INFO - Setting next_dagrun for daily_crypto_bilstm_pipeline to 2026-06-16T17:02:00+00:00, run_after=2026-06-17T17:02:00+00:00
[2026-06-18T11:41:20.650+0000] {processor.py:179} INFO - Processing /opt/airflow/dags/binance_daily_dag.py took 2.041 seconds
[2026-06-18T11:41:51.343+0000] {processor.py:157} INFO - Started process (PID=7738) to work on /opt/airflow/dags/binance_daily_dag.py
[2026-06-18T11:41:51.344+0000] {processor.py:829} INFO - Processing file /opt/airflow/dags/binance_daily_dag.py for tasks to queue
[2026-06-18T11:41:51.345+0000] {logging_mixin.py:151} INFO - [2026-06-18T11:41:51.345+0000] {dagbag.py:539} INFO - Filling up the DagBag from /opt/airflow/dags/binance_daily_dag.py
[2026-06-18T11:41:53.558+0000] {processor.py:839} INFO - DAG(s) dict_keys(['daily_crypto_bilstm_pipeline']) retrieved from /opt/airflow/dags/binance_daily_dag.py
[2026-06-18T11:41:53.581+0000] {logging_mixin.py:151} INFO - [2026-06-18T11:41:53.580+0000] {dag.py:2915} INFO - Sync 1 DAGs
[2026-06-18T11:41:53.598+0000] {logging_mixin.py:151} INFO - [2026-06-18T11:41:53.598+0000] {dag.py:3696} INFO - Setting next_dagrun for daily_crypto_bilstm_pipeline to 2026-06-16T17:02:00+00:00, run_after=2026-06-17T17:02:00+00:00
[2026-06-18T11:41:53.614+0000] {processor.py:179} INFO - Processing /opt/airflow/dags/binance_daily_dag.py took 2.277 seconds
[2026-06-18T11:42:23.943+0000] {processor.py:157} INFO - Started process (PID=7771) to work on /opt/airflow/dags/binance_daily_dag.py
[2026-06-18T11:42:23.944+0000] {processor.py:829} INFO - Processing file /opt/airflow/dags/binance_daily_dag.py for tasks to queue
[2026-06-18T11:42:23.946+0000] {logging_mixin.py:151} INFO - [2026-06-18T11:42:23.945+0000] {dagbag.py:539} INFO - Filling up the DagBag from /opt/airflow/dags/binance_daily_dag.py
[2026-06-18T11:42:26.127+0000] {processor.py:839} INFO - DAG(s) dict_keys(['daily_crypto_bilstm_pipeline']) retrieved from /opt/airflow/dags/binance_daily_dag.py
[2026-06-18T11:42:26.144+0000] {logging_mixin.py:151} INFO - [2026-06-18T11:42:26.144+0000] {dag.py:2915} INFO - Sync 1 DAGs
[2026-06-18T11:42:26.160+0000] {logging_mixin.py:151} INFO - [2026-06-18T11:42:26.160+0000] {dag.py:3696} INFO - Setting next_dagrun for daily_crypto_bilstm_pipeline to 2026-06-16T17:02:00+00:00, run_after=2026-06-17T17:02:00+00:00
[2026-06-18T11:42:26.215+0000] {processor.py:179} INFO - Processing /opt/airflow/dags/binance_daily_dag.py took 2.276 seconds
[2026-06-18T11:42:57.178+0000] {processor.py:157} INFO - Started process (PID=7804) to work on /opt/airflow/dags/binance_daily_dag.py
[2026-06-18T11:42:57.179+0000] {processor.py:829} INFO - Processing file /opt/airflow/dags/binance_daily_dag.py for tasks to queue
[2026-06-18T11:42:57.181+0000] {logging_mixin.py:151} INFO - [2026-06-18T11:42:57.180+0000] {dagbag.py:539} INFO - Filling up the DagBag from /opt/airflow/dags/binance_daily_dag.py
[2026-06-18T11:42:59.465+0000] {processor.py:839} INFO - DAG(s) dict_keys(['daily_crypto_bilstm_pipeline']) retrieved from /opt/airflow/dags/binance_daily_dag.py
[2026-06-18T11:42:59.484+0000] {logging_mixin.py:151} INFO - [2026-06-18T11:42:59.483+0000] {dag.py:2915} INFO - Sync 1 DAGs
[2026-06-18T11:42:59.502+0000] {logging_mixin.py:151} INFO - [2026-06-18T11:42:59.502+0000] {dag.py:3696} INFO - Setting next_dagrun for daily_crypto_bilstm_pipeline to 2026-06-16T17:02:00+00:00, run_after=2026-06-17T17:02:00+00:00
[2026-06-18T11:42:59.559+0000] {processor.py:179} INFO - Processing /opt/airflow/dags/binance_daily_dag.py took 2.386 seconds
[2026-06-18T11:43:30.226+0000] {processor.py:157} INFO - Started process (PID=7837) to work on /opt/airflow/dags/binance_daily_dag.py
[2026-06-18T11:43:30.227+0000] {processor.py:829} INFO - Processing file /opt/airflow/dags/binance_daily_dag.py for tasks to queue
[2026-06-18T11:43:30.228+0000] {logging_mixin.py:151} INFO - [2026-06-18T11:43:30.228+0000] {dagbag.py:539} INFO - Filling up the DagBag from /opt/airflow/dags/binance_daily_dag.py
[2026-06-18T11:43:32.548+0000] {processor.py:839} INFO - DAG(s) dict_keys(['daily_crypto_bilstm_pipeline']) retrieved from /opt/airflow/dags/binance_daily_dag.py
[2026-06-18T11:43:32.568+0000] {logging_mixin.py:151} INFO - [2026-06-18T11:43:32.568+0000] {dag.py:2915} INFO - Sync 1 DAGs
[2026-06-18T11:43:32.585+0000] {logging_mixin.py:151} INFO - [2026-06-18T11:43:32.585+0000] {dag.py:3696} INFO - Setting next_dagrun for daily_crypto_bilstm_pipeline to 2026-06-16T17:02:00+00:00, run_after=2026-06-17T17:02:00+00:00
[2026-06-18T11:43:32.601+0000] {processor.py:179} INFO - Processing /opt/airflow/dags/binance_daily_dag.py took 2.379 seconds
[2026-06-18T11:44:03.740+0000] {processor.py:157} INFO - Started process (PID=7870) to work on /opt/airflow/dags/binance_daily_dag.py
[2026-06-18T11:44:03.741+0000] {processor.py:829} INFO - Processing file /opt/airflow/dags/binance_daily_dag.py for tasks to queue
[2026-06-18T11:44:03.742+0000] {logging_mixin.py:151} INFO - [2026-06-18T11:44:03.742+0000] {dagbag.py:539} INFO - Filling up the DagBag from /opt/airflow/dags/binance_daily_dag.py
[2026-06-18T11:44:05.983+0000] {processor.py:839} INFO - DAG(s) dict_keys(['daily_crypto_bilstm_pipeline']) retrieved from /opt/airflow/dags/binance_daily_dag.py
[2026-06-18T11:44:06.004+0000] {logging_mixin.py:151} INFO - [2026-06-18T11:44:06.003+0000] {dag.py:2915} INFO - Sync 1 DAGs
[2026-06-18T11:44:06.024+0000] {logging_mixin.py:151} INFO - [2026-06-18T11:44:06.023+0000] {dag.py:3696} INFO - Setting next_dagrun for daily_crypto_bilstm_pipeline to 2026-06-16T17:02:00+00:00, run_after=2026-06-17T17:02:00+00:00
[2026-06-18T11:44:06.043+0000] {processor.py:179} INFO - Processing /opt/airflow/dags/binance_daily_dag.py took 2.308 seconds
[2026-06-18T11:44:36.539+0000] {processor.py:157} INFO - Started process (PID=7910) to work on /opt/airflow/dags/binance_daily_dag.py
[2026-06-18T11:44:36.540+0000] {processor.py:829} INFO - Processing file /opt/airflow/dags/binance_daily_dag.py for tasks to queue
[2026-06-18T11:44:36.541+0000] {logging_mixin.py:151} INFO - [2026-06-18T11:44:36.540+0000] {dagbag.py:539} INFO - Filling up the DagBag from /opt/airflow/dags/binance_daily_dag.py
[2026-06-18T11:44:38.592+0000] {processor.py:839} INFO - DAG(s) dict_keys(['daily_crypto_bilstm_pipeline']) retrieved from /opt/airflow/dags/binance_daily_dag.py
[2026-06-18T11:44:38.608+0000] {logging_mixin.py:151} INFO - [2026-06-18T11:44:38.608+0000] {dag.py:2915} INFO - Sync 1 DAGs
[2026-06-18T11:44:38.623+0000] {logging_mixin.py:151} INFO - [2026-06-18T11:44:38.623+0000] {dag.py:3696} INFO - Setting next_dagrun for daily_crypto_bilstm_pipeline to 2026-06-16T17:02:00+00:00, run_after=2026-06-17T17:02:00+00:00
[2026-06-18T11:44:38.680+0000] {processor.py:179} INFO - Processing /opt/airflow/dags/binance_daily_dag.py took 2.145 seconds
[2026-06-18T11:45:09.356+0000] {processor.py:157} INFO - Started process (PID=7943) to work on /opt/airflow/dags/binance_daily_dag.py
[2026-06-18T11:45:09.358+0000] {processor.py:829} INFO - Processing file /opt/airflow/dags/binance_daily_dag.py for tasks to queue
[2026-06-18T11:45:09.359+0000] {logging_mixin.py:151} INFO - [2026-06-18T11:45:09.358+0000] {dagbag.py:539} INFO - Filling up the DagBag from /opt/airflow/dags/binance_daily_dag.py
[2026-06-18T11:45:11.516+0000] {processor.py:839} INFO - DAG(s) dict_keys(['daily_crypto_bilstm_pipeline']) retrieved from /opt/airflow/dags/binance_daily_dag.py
[2026-06-18T11:45:11.533+0000] {logging_mixin.py:151} INFO - [2026-06-18T11:45:11.533+0000] {dag.py:2915} INFO - Sync 1 DAGs
[2026-06-18T11:45:11.548+0000] {logging_mixin.py:151} INFO - [2026-06-18T11:45:11.548+0000] {dag.py:3696} INFO - Setting next_dagrun for daily_crypto_bilstm_pipeline to 2026-06-16T17:02:00+00:00, run_after=2026-06-17T17:02:00+00:00
[2026-06-18T11:45:11.565+0000] {processor.py:179} INFO - Processing /opt/airflow/dags/binance_daily_dag.py took 2.212 seconds
[2026-06-18T11:45:41.776+0000] {processor.py:157} INFO - Started process (PID=7976) to work on /opt/airflow/dags/binance_daily_dag.py
[2026-06-18T11:45:41.777+0000] {processor.py:829} INFO - Processing file /opt/airflow/dags/binance_daily_dag.py for tasks to queue
[2026-06-18T11:45:41.778+0000] {logging_mixin.py:151} INFO - [2026-06-18T11:45:41.778+0000] {dagbag.py:539} INFO - Filling up the DagBag from /opt/airflow/dags/binance_daily_dag.py
[2026-06-18T11:45:43.720+0000] {processor.py:839} INFO - DAG(s) dict_keys(['daily_crypto_bilstm_pipeline']) retrieved from /opt/airflow/dags/binance_daily_dag.py
[2026-06-18T11:45:43.736+0000] {logging_mixin.py:151} INFO - [2026-06-18T11:45:43.736+0000] {dag.py:2915} INFO - Sync 1 DAGs
[2026-06-18T11:45:43.753+0000] {logging_mixin.py:151} INFO - [2026-06-18T11:45:43.752+0000] {dag.py:3696} INFO - Setting next_dagrun for daily_crypto_bilstm_pipeline to 2026-06-16T17:02:00+00:00, run_after=2026-06-17T17:02:00+00:00
[2026-06-18T11:45:43.769+0000] {processor.py:179} INFO - Processing /opt/airflow/dags/binance_daily_dag.py took 1.996 seconds
[2026-06-18T11:46:14.558+0000] {processor.py:157} INFO - Started process (PID=8009) to work on /opt/airflow/dags/binance_daily_dag.py
[2026-06-18T11:46:14.559+0000] {processor.py:829} INFO - Processing file /opt/airflow/dags/binance_daily_dag.py for tasks to queue
[2026-06-18T11:46:14.561+0000] {logging_mixin.py:151} INFO - [2026-06-18T11:46:14.560+0000] {dagbag.py:539} INFO - Filling up the DagBag from /opt/airflow/dags/binance_daily_dag.py
[2026-06-18T11:46:16.708+0000] {processor.py:839} INFO - DAG(s) dict_keys(['daily_crypto_bilstm_pipeline']) retrieved from /opt/airflow/dags/binance_daily_dag.py
[2026-06-18T11:46:16.729+0000] {logging_mixin.py:151} INFO - [2026-06-18T11:46:16.728+0000] {dag.py:2915} INFO - Sync 1 DAGs
[2026-06-18T11:46:16.747+0000] {logging_mixin.py:151} INFO - [2026-06-18T11:46:16.747+0000] {dag.py:3696} INFO - Setting next_dagrun for daily_crypto_bilstm_pipeline to 2026-06-16T17:02:00+00:00, run_after=2026-06-17T17:02:00+00:00
[2026-06-18T11:46:16.763+0000] {processor.py:179} INFO - Processing /opt/airflow/dags/binance_daily_dag.py took 2.209 seconds
[2026-06-18T11:46:47.384+0000] {processor.py:157} INFO - Started process (PID=8042) to work on /opt/airflow/dags/binance_daily_dag.py
[2026-06-18T11:46:47.386+0000] {processor.py:829} INFO - Processing file /opt/airflow/dags/binance_daily_dag.py for tasks to queue
[2026-06-18T11:46:47.387+0000] {logging_mixin.py:151} INFO - [2026-06-18T11:46:47.387+0000] {dagbag.py:539} INFO - Filling up the DagBag from /opt/airflow/dags/binance_daily_dag.py
[2026-06-18T11:46:49.602+0000] {processor.py:839} INFO - DAG(s) dict_keys(['daily_crypto_bilstm_pipeline']) retrieved from /opt/airflow/dags/binance_daily_dag.py
[2026-06-18T11:46:49.623+0000] {logging_mixin.py:151} INFO - [2026-06-18T11:46:49.623+0000] {dag.py:2915} INFO - Sync 1 DAGs
[2026-06-18T11:46:49.642+0000] {logging_mixin.py:151} INFO - [2026-06-18T11:46:49.641+0000] {dag.py:3696} INFO - Setting next_dagrun for daily_crypto_bilstm_pipeline to 2026-06-16T17:02:00+00:00, run_after=2026-06-17T17:02:00+00:00
[2026-06-18T11:46:49.660+0000] {processor.py:179} INFO - Processing /opt/airflow/dags/binance_daily_dag.py took 2.279 seconds
[2026-06-18T11:47:20.344+0000] {processor.py:157} INFO - Started process (PID=8081) to work on /opt/airflow/dags/binance_daily_dag.py
[2026-06-18T11:47:20.345+0000] {processor.py:829} INFO - Processing file /opt/airflow/dags/binance_daily_dag.py for tasks to queue
[2026-06-18T11:47:20.347+0000] {logging_mixin.py:151} INFO - [2026-06-18T11:47:20.346+0000] {dagbag.py:539} INFO - Filling up the DagBag from /opt/airflow/dags/binance_daily_dag.py
[2026-06-18T11:47:22.749+0000] {processor.py:839} INFO - DAG(s) dict_keys(['daily_crypto_bilstm_pipeline']) retrieved from /opt/airflow/dags/binance_daily_dag.py
[2026-06-18T11:47:22.779+0000] {logging_mixin.py:151} INFO - [2026-06-18T11:47:22.778+0000] {dag.py:2915} INFO - Sync 1 DAGs
[2026-06-18T11:47:22.805+0000] {logging_mixin.py:151} INFO - [2026-06-18T11:47:22.804+0000] {dag.py:3696} INFO - Setting next_dagrun for daily_crypto_bilstm_pipeline to 2026-06-16T17:02:00+00:00, run_after=2026-06-17T17:02:00+00:00
[2026-06-18T11:47:22.826+0000] {processor.py:179} INFO - Processing /opt/airflow/dags/binance_daily_dag.py took 2.488 seconds
[2026-06-18T11:47:53.560+0000] {processor.py:157} INFO - Started process (PID=8114) to work on /opt/airflow/dags/binance_daily_dag.py
[2026-06-18T11:47:53.561+0000] {processor.py:829} INFO - Processing file /opt/airflow/dags/binance_daily_dag.py for tasks to queue
[2026-06-18T11:47:53.562+0000] {logging_mixin.py:151} INFO - [2026-06-18T11:47:53.562+0000] {dagbag.py:539} INFO - Filling up the DagBag from /opt/airflow/dags/binance_daily_dag.py
[2026-06-18T11:47:55.824+0000] {processor.py:839} INFO - DAG(s) dict_keys(['daily_crypto_bilstm_pipeline']) retrieved from /opt/airflow/dags/binance_daily_dag.py
[2026-06-18T11:47:55.843+0000] {logging_mixin.py:151} INFO - [2026-06-18T11:47:55.842+0000] {dag.py:2915} INFO - Sync 1 DAGs
[2026-06-18T11:47:55.862+0000] {logging_mixin.py:151} INFO - [2026-06-18T11:47:55.862+0000] {dag.py:3696} INFO - Setting next_dagrun for daily_crypto_bilstm_pipeline to 2026-06-16T17:02:00+00:00, run_after=2026-06-17T17:02:00+00:00
[2026-06-18T11:47:55.882+0000] {processor.py:179} INFO - Processing /opt/airflow/dags/binance_daily_dag.py took 2.326 seconds
[2026-06-18T11:48:27.080+0000] {processor.py:157} INFO - Started process (PID=8147) to work on /opt/airflow/dags/binance_daily_dag.py
[2026-06-18T11:48:27.082+0000] {processor.py:829} INFO - Processing file /opt/airflow/dags/binance_daily_dag.py for tasks to queue
[2026-06-18T11:48:27.084+0000] {logging_mixin.py:151} INFO - [2026-06-18T11:48:27.083+0000] {dagbag.py:539} INFO - Filling up the DagBag from /opt/airflow/dags/binance_daily_dag.py
[2026-06-18T11:48:29.672+0000] {processor.py:839} INFO - DAG(s) dict_keys(['daily_crypto_bilstm_pipeline']) retrieved from /opt/airflow/dags/binance_daily_dag.py
[2026-06-18T11:48:29.691+0000] {logging_mixin.py:151} INFO - [2026-06-18T11:48:29.691+0000] {dag.py:2915} INFO - Sync 1 DAGs
[2026-06-18T11:48:29.711+0000] {logging_mixin.py:151} INFO - [2026-06-18T11:48:29.711+0000] {dag.py:3696} INFO - Setting next_dagrun for daily_crypto_bilstm_pipeline to 2026-06-16T17:02:00+00:00, run_after=2026-06-17T17:02:00+00:00
[2026-06-18T11:48:29.730+0000] {processor.py:179} INFO - Processing /opt/airflow/dags/binance_daily_dag.py took 2.654 seconds
[2026-06-18T11:49:00.544+0000] {processor.py:157} INFO - Started process (PID=8180) to work on /opt/airflow/dags/binance_daily_dag.py
[2026-06-18T11:49:00.546+0000] {processor.py:829} INFO - Processing file /opt/airflow/dags/binance_daily_dag.py for tasks to queue
[2026-06-18T11:49:00.547+0000] {logging_mixin.py:151} INFO - [2026-06-18T11:49:00.547+0000] {dagbag.py:539} INFO - Filling up the DagBag from /opt/airflow/dags/binance_daily_dag.py
[2026-06-18T11:49:03.568+0000] {processor.py:839} INFO - DAG(s) dict_keys(['daily_crypto_bilstm_pipeline']) retrieved from /opt/airflow/dags/binance_daily_dag.py
[2026-06-18T11:49:03.590+0000] {logging_mixin.py:151} INFO - [2026-06-18T11:49:03.590+0000] {dag.py:2915} INFO - Sync 1 DAGs
[2026-06-18T11:49:03.613+0000] {logging_mixin.py:151} INFO - [2026-06-18T11:49:03.613+0000] {dag.py:3696} INFO - Setting next_dagrun for daily_crypto_bilstm_pipeline to 2026-06-16T17:02:00+00:00, run_after=2026-06-17T17:02:00+00:00
[2026-06-18T11:49:03.635+0000] {processor.py:179} INFO - Processing /opt/airflow/dags/binance_daily_dag.py took 3.096 seconds
[2026-06-18T11:49:33.794+0000] {processor.py:157} INFO - Started process (PID=8213) to work on /opt/airflow/dags/binance_daily_dag.py
[2026-06-18T11:49:33.795+0000] {processor.py:829} INFO - Processing file /opt/airflow/dags/binance_daily_dag.py for tasks to queue
[2026-06-18T11:49:33.796+0000] {logging_mixin.py:151} INFO - [2026-06-18T11:49:33.796+0000] {dagbag.py:539} INFO - Filling up the DagBag from /opt/airflow/dags/binance_daily_dag.py
[2026-06-18T11:49:36.435+0000] {processor.py:839} INFO - DAG(s) dict_keys(['daily_crypto_bilstm_pipeline']) retrieved from /opt/airflow/dags/binance_daily_dag.py
[2026-06-18T11:49:36.456+0000] {logging_mixin.py:151} INFO - [2026-06-18T11:49:36.456+0000] {dag.py:2915} INFO - Sync 1 DAGs
[2026-06-18T11:49:36.477+0000] {logging_mixin.py:151} INFO - [2026-06-18T11:49:36.476+0000] {dag.py:3696} INFO - Setting next_dagrun for daily_crypto_bilstm_pipeline to 2026-06-16T17:02:00+00:00, run_after=2026-06-17T17:02:00+00:00
[2026-06-18T11:49:36.500+0000] {processor.py:179} INFO - Processing /opt/airflow/dags/binance_daily_dag.py took 2.711 seconds
[2026-06-18T11:50:06.964+0000] {processor.py:157} INFO - Started process (PID=8245) to work on /opt/airflow/dags/binance_daily_dag.py
[2026-06-18T11:50:06.966+0000] {processor.py:829} INFO - Processing file /opt/airflow/dags/binance_daily_dag.py for tasks to queue
[2026-06-18T11:50:06.967+0000] {logging_mixin.py:151} INFO - [2026-06-18T11:50:06.967+0000] {dagbag.py:539} INFO - Filling up the DagBag from /opt/airflow/dags/binance_daily_dag.py
[2026-06-18T11:50:09.716+0000] {processor.py:839} INFO - DAG(s) dict_keys(['daily_crypto_bilstm_pipeline']) retrieved from /opt/airflow/dags/binance_daily_dag.py
[2026-06-18T11:50:09.747+0000] {logging_mixin.py:151} INFO - [2026-06-18T11:50:09.746+0000] {dag.py:2915} INFO - Sync 1 DAGs
[2026-06-18T11:50:09.764+0000] {logging_mixin.py:151} INFO - [2026-06-18T11:50:09.764+0000] {dag.py:3696} INFO - Setting next_dagrun for daily_crypto_bilstm_pipeline to 2026-06-16T17:02:00+00:00, run_after=2026-06-17T17:02:00+00:00
[2026-06-18T11:50:09.823+0000] {processor.py:179} INFO - Processing /opt/airflow/dags/binance_daily_dag.py took 2.862 seconds
[2026-06-18T11:50:40.038+0000] {processor.py:157} INFO - Started process (PID=8285) to work on /opt/airflow/dags/binance_daily_dag.py
[2026-06-18T11:50:40.039+0000] {processor.py:829} INFO - Processing file /opt/airflow/dags/binance_daily_dag.py for tasks to queue
[2026-06-18T11:50:40.041+0000] {logging_mixin.py:151} INFO - [2026-06-18T11:50:40.040+0000] {dagbag.py:539} INFO - Filling up the DagBag from /opt/airflow/dags/binance_daily_dag.py
[2026-06-18T11:50:42.614+0000] {processor.py:839} INFO - DAG(s) dict_keys(['daily_crypto_bilstm_pipeline']) retrieved from /opt/airflow/dags/binance_daily_dag.py
[2026-06-18T11:50:42.635+0000] {logging_mixin.py:151} INFO - [2026-06-18T11:50:42.635+0000] {dag.py:2915} INFO - Sync 1 DAGs
[2026-06-18T11:50:42.653+0000] {logging_mixin.py:151} INFO - [2026-06-18T11:50:42.653+0000] {dag.py:3696} INFO - Setting next_dagrun for daily_crypto_bilstm_pipeline to 2026-06-16T17:02:00+00:00, run_after=2026-06-17T17:02:00+00:00
[2026-06-18T11:50:42.673+0000] {processor.py:179} INFO - Processing /opt/airflow/dags/binance_daily_dag.py took 2.638 seconds
[2026-06-18T11:51:13.572+0000] {processor.py:157} INFO - Started process (PID=8318) to work on /opt/airflow/dags/binance_daily_dag.py
[2026-06-18T11:51:13.573+0000] {processor.py:829} INFO - Processing file /opt/airflow/dags/binance_daily_dag.py for tasks to queue
[2026-06-18T11:51:13.574+0000] {logging_mixin.py:151} INFO - [2026-06-18T11:51:13.574+0000] {dagbag.py:539} INFO - Filling up the DagBag from /opt/airflow/dags/binance_daily_dag.py
[2026-06-18T11:51:15.814+0000] {processor.py:839} INFO - DAG(s) dict_keys(['daily_crypto_bilstm_pipeline']) retrieved from /opt/airflow/dags/binance_daily_dag.py
[2026-06-18T11:51:15.835+0000] {logging_mixin.py:151} INFO - [2026-06-18T11:51:15.835+0000] {dag.py:2915} INFO - Sync 1 DAGs
[2026-06-18T11:51:15.854+0000] {logging_mixin.py:151} INFO - [2026-06-18T11:51:15.854+0000] {dag.py:3696} INFO - Setting next_dagrun for daily_crypto_bilstm_pipeline to 2026-06-16T17:02:00+00:00, run_after=2026-06-17T17:02:00+00:00
[2026-06-18T11:51:15.917+0000] {processor.py:179} INFO - Processing /opt/airflow/dags/binance_daily_dag.py took 2.349 seconds
[2026-06-18T11:51:46.692+0000] {processor.py:157} INFO - Started process (PID=8351) to work on /opt/airflow/dags/binance_daily_dag.py
[2026-06-18T11:51:46.694+0000] {processor.py:829} INFO - Processing file /opt/airflow/dags/binance_daily_dag.py for tasks to queue
[2026-06-18T11:51:46.695+0000] {logging_mixin.py:151} INFO - [2026-06-18T11:51:46.695+0000] {dagbag.py:539} INFO - Filling up the DagBag from /opt/airflow/dags/binance_daily_dag.py
[2026-06-18T11:51:48.935+0000] {processor.py:839} INFO - DAG(s) dict_keys(['daily_crypto_bilstm_pipeline']) retrieved from /opt/airflow/dags/binance_daily_dag.py
[2026-06-18T11:51:48.958+0000] {logging_mixin.py:151} INFO - [2026-06-18T11:51:48.957+0000] {dag.py:2915} INFO - Sync 1 DAGs
[2026-06-18T11:51:48.979+0000] {logging_mixin.py:151} INFO - [2026-06-18T11:51:48.978+0000] {dag.py:3696} INFO - Setting next_dagrun for daily_crypto_bilstm_pipeline to 2026-06-16T17:02:00+00:00, run_after=2026-06-17T17:02:00+00:00
[2026-06-18T11:51:49.041+0000] {processor.py:179} INFO - Processing /opt/airflow/dags/binance_daily_dag.py took 2.352 seconds
[2026-06-18T11:52:19.981+0000] {processor.py:157} INFO - Started process (PID=8384) to work on /opt/airflow/dags/binance_daily_dag.py
[2026-06-18T11:52:19.982+0000] {processor.py:829} INFO - Processing file /opt/airflow/dags/binance_daily_dag.py for tasks to queue
[2026-06-18T11:52:19.983+0000] {logging_mixin.py:151} INFO - [2026-06-18T11:52:19.983+0000] {dagbag.py:539} INFO - Filling up the DagBag from /opt/airflow/dags/binance_daily_dag.py
[2026-06-18T11:52:22.350+0000] {processor.py:839} INFO - DAG(s) dict_keys(['daily_crypto_bilstm_pipeline']) retrieved from /opt/airflow/dags/binance_daily_dag.py
[2026-06-18T11:52:22.369+0000] {logging_mixin.py:151} INFO - [2026-06-18T11:52:22.369+0000] {dag.py:2915} INFO - Sync 1 DAGs
[2026-06-18T11:52:22.387+0000] {logging_mixin.py:151} INFO - [2026-06-18T11:52:22.387+0000] {dag.py:3696} INFO - Setting next_dagrun for daily_crypto_bilstm_pipeline to 2026-06-16T17:02:00+00:00, run_after=2026-06-17T17:02:00+00:00
[2026-06-18T11:52:22.407+0000] {processor.py:179} INFO - Processing /opt/airflow/dags/binance_daily_dag.py took 2.430 seconds
[2026-06-18T11:52:53.672+0000] {processor.py:157} INFO - Started process (PID=8418) to work on /opt/airflow/dags/binance_daily_dag.py
[2026-06-18T11:52:53.674+0000] {processor.py:829} INFO - Processing file /opt/airflow/dags/binance_daily_dag.py for tasks to queue
[2026-06-18T11:52:53.675+0000] {logging_mixin.py:151} INFO - [2026-06-18T11:52:53.674+0000] {dagbag.py:539} INFO - Filling up the DagBag from /opt/airflow/dags/binance_daily_dag.py
[2026-06-18T11:52:56.022+0000] {processor.py:839} INFO - DAG(s) dict_keys(['daily_crypto_bilstm_pipeline']) retrieved from /opt/airflow/dags/binance_daily_dag.py
[2026-06-18T11:52:56.043+0000] {logging_mixin.py:151} INFO - [2026-06-18T11:52:56.042+0000] {dag.py:2915} INFO - Sync 1 DAGs
[2026-06-18T11:52:56.059+0000] {logging_mixin.py:151} INFO - [2026-06-18T11:52:56.059+0000] {dag.py:3696} INFO - Setting next_dagrun for daily_crypto_bilstm_pipeline to 2026-06-16T17:02:00+00:00, run_after=2026-06-17T17:02:00+00:00
[2026-06-18T11:52:56.080+0000] {processor.py:179} INFO - Processing /opt/airflow/dags/binance_daily_dag.py took 2.412 seconds
[2026-06-18T11:53:26.955+0000] {processor.py:157} INFO - Started process (PID=8456) to work on /opt/airflow/dags/binance_daily_dag.py
[2026-06-18T11:53:26.957+0000] {processor.py:829} INFO - Processing file /opt/airflow/dags/binance_daily_dag.py for tasks to queue
[2026-06-18T11:53:26.957+0000] {logging_mixin.py:151} INFO - [2026-06-18T11:53:26.957+0000] {dagbag.py:539} INFO - Filling up the DagBag from /opt/airflow/dags/binance_daily_dag.py
[2026-06-18T11:53:29.003+0000] {processor.py:839} INFO - DAG(s) dict_keys(['daily_crypto_bilstm_pipeline']) retrieved from /opt/airflow/dags/binance_daily_dag.py
[2026-06-18T11:53:29.021+0000] {logging_mixin.py:151} INFO - [2026-06-18T11:53:29.020+0000] {dag.py:2915} INFO - Sync 1 DAGs
[2026-06-18T11:53:29.035+0000] {logging_mixin.py:151} INFO - [2026-06-18T11:53:29.035+0000] {dag.py:3696} INFO - Setting next_dagrun for daily_crypto_bilstm_pipeline to 2026-06-16T17:02:00+00:00, run_after=2026-06-17T17:02:00+00:00
[2026-06-18T11:53:29.063+0000] {processor.py:179} INFO - Processing /opt/airflow/dags/binance_daily_dag.py took 2.111 seconds
[2026-06-18T11:53:59.497+0000] {processor.py:157} INFO - Started process (PID=8489) to work on /opt/airflow/dags/binance_daily_dag.py
[2026-06-18T11:53:59.498+0000] {processor.py:829} INFO - Processing file /opt/airflow/dags/binance_daily_dag.py for tasks to queue
[2026-06-18T11:53:59.499+0000] {logging_mixin.py:151} INFO - [2026-06-18T11:53:59.499+0000] {dagbag.py:539} INFO - Filling up the DagBag from /opt/airflow/dags/binance_daily_dag.py
[2026-06-18T11:54:01.914+0000] {processor.py:839} INFO - DAG(s) dict_keys(['daily_crypto_bilstm_pipeline']) retrieved from /opt/airflow/dags/binance_daily_dag.py
[2026-06-18T11:54:01.931+0000] {logging_mixin.py:151} INFO - [2026-06-18T11:54:01.931+0000] {dag.py:2915} INFO - Sync 1 DAGs
[2026-06-18T11:54:01.948+0000] {logging_mixin.py:151} INFO - [2026-06-18T11:54:01.947+0000] {dag.py:3696} INFO - Setting next_dagrun for daily_crypto_bilstm_pipeline to 2026-06-16T17:02:00+00:00, run_after=2026-06-17T17:02:00+00:00
[2026-06-18T11:54:01.976+0000] {processor.py:179} INFO - Processing /opt/airflow/dags/binance_daily_dag.py took 2.483 seconds
[2026-06-18T11:54:32.277+0000] {processor.py:157} INFO - Started process (PID=8522) to work on /opt/airflow/dags/binance_daily_dag.py
[2026-06-18T11:54:32.278+0000] {processor.py:829} INFO - Processing file /opt/airflow/dags/binance_daily_dag.py for tasks to queue
[2026-06-18T11:54:32.279+0000] {logging_mixin.py:151} INFO - [2026-06-18T11:54:32.279+0000] {dagbag.py:539} INFO - Filling up the DagBag from /opt/airflow/dags/binance_daily_dag.py
[2026-06-18T11:54:34.411+0000] {processor.py:839} INFO - DAG(s) dict_keys(['daily_crypto_bilstm_pipeline']) retrieved from /opt/airflow/dags/binance_daily_dag.py
[2026-06-18T11:54:34.432+0000] {logging_mixin.py:151} INFO - [2026-06-18T11:54:34.431+0000] {dag.py:2915} INFO - Sync 1 DAGs
[2026-06-18T11:54:34.448+0000] {logging_mixin.py:151} INFO - [2026-06-18T11:54:34.447+0000] {dag.py:3696} INFO - Setting next_dagrun for daily_crypto_bilstm_pipeline to 2026-06-16T17:02:00+00:00, run_after=2026-06-17T17:02:00+00:00
[2026-06-18T11:54:34.503+0000] {processor.py:179} INFO - Processing /opt/airflow/dags/binance_daily_dag.py took 2.229 seconds
[2026-06-18T11:55:04.938+0000] {processor.py:157} INFO - Started process (PID=8555) to work on /opt/airflow/dags/binance_daily_dag.py
[2026-06-18T11:55:04.939+0000] {processor.py:829} INFO - Processing file /opt/airflow/dags/binance_daily_dag.py for tasks to queue
[2026-06-18T11:55:04.940+0000] {logging_mixin.py:151} INFO - [2026-06-18T11:55:04.940+0000] {dagbag.py:539} INFO - Filling up the DagBag from /opt/airflow/dags/binance_daily_dag.py
[2026-06-18T11:55:06.999+0000] {processor.py:839} INFO - DAG(s) dict_keys(['daily_crypto_bilstm_pipeline']) retrieved from /opt/airflow/dags/binance_daily_dag.py
[2026-06-18T11:55:07.017+0000] {logging_mixin.py:151} INFO - [2026-06-18T11:55:07.017+0000] {dag.py:2915} INFO - Sync 1 DAGs
[2026-06-18T11:55:07.034+0000] {logging_mixin.py:151} INFO - [2026-06-18T11:55:07.034+0000] {dag.py:3696} INFO - Setting next_dagrun for daily_crypto_bilstm_pipeline to 2026-06-16T17:02:00+00:00, run_after=2026-06-17T17:02:00+00:00
[2026-06-18T11:55:07.052+0000] {processor.py:179} INFO - Processing /opt/airflow/dags/binance_daily_dag.py took 2.118 seconds
[2026-06-18T11:55:37.938+0000] {processor.py:157} INFO - Started process (PID=8588) to work on /opt/airflow/dags/binance_daily_dag.py
[2026-06-18T11:55:37.940+0000] {processor.py:829} INFO - Processing file /opt/airflow/dags/binance_daily_dag.py for tasks to queue
[2026-06-18T11:55:37.941+0000] {logging_mixin.py:151} INFO - [2026-06-18T11:55:37.941+0000] {dagbag.py:539} INFO - Filling up the DagBag from /opt/airflow/dags/binance_daily_dag.py
[2026-06-18T11:55:40.082+0000] {processor.py:839} INFO - DAG(s) dict_keys(['daily_crypto_bilstm_pipeline']) retrieved from /opt/airflow/dags/binance_daily_dag.py
[2026-06-18T11:55:40.106+0000] {logging_mixin.py:151} INFO - [2026-06-18T11:55:40.105+0000] {dag.py:2915} INFO - Sync 1 DAGs
[2026-06-18T11:55:40.129+0000] {logging_mixin.py:151} INFO - [2026-06-18T11:55:40.129+0000] {dag.py:3696} INFO - Setting next_dagrun for daily_crypto_bilstm_pipeline to 2026-06-16T17:02:00+00:00, run_after=2026-06-17T17:02:00+00:00
[2026-06-18T11:55:40.189+0000] {processor.py:179} INFO - Processing /opt/airflow/dags/binance_daily_dag.py took 2.254 seconds
[2026-06-18T11:56:11.241+0000] {processor.py:157} INFO - Started process (PID=8628) to work on /opt/airflow/dags/binance_daily_dag.py
[2026-06-18T11:56:11.242+0000] {processor.py:829} INFO - Processing file /opt/airflow/dags/binance_daily_dag.py for tasks to queue
[2026-06-18T11:56:11.243+0000] {logging_mixin.py:151} INFO - [2026-06-18T11:56:11.243+0000] {dagbag.py:539} INFO - Filling up the DagBag from /opt/airflow/dags/binance_daily_dag.py
[2026-06-18T11:56:13.404+0000] {processor.py:839} INFO - DAG(s) dict_keys(['daily_crypto_bilstm_pipeline']) retrieved from /opt/airflow/dags/binance_daily_dag.py
[2026-06-18T11:56:13.422+0000] {logging_mixin.py:151} INFO - [2026-06-18T11:56:13.422+0000] {dag.py:2915} INFO - Sync 1 DAGs
[2026-06-18T11:56:13.439+0000] {logging_mixin.py:151} INFO - [2026-06-18T11:56:13.439+0000] {dag.py:3696} INFO - Setting next_dagrun for daily_crypto_bilstm_pipeline to 2026-06-16T17:02:00+00:00, run_after=2026-06-17T17:02:00+00:00
[2026-06-18T11:56:13.496+0000] {processor.py:179} INFO - Processing /opt/airflow/dags/binance_daily_dag.py took 2.258 seconds
[2026-06-18T11:56:44.431+0000] {processor.py:157} INFO - Started process (PID=8661) to work on /opt/airflow/dags/binance_daily_dag.py
[2026-06-18T11:56:44.437+0000] {processor.py:829} INFO - Processing file /opt/airflow/dags/binance_daily_dag.py for tasks to queue
[2026-06-18T11:56:44.439+0000] {logging_mixin.py:151} INFO - [2026-06-18T11:56:44.438+0000] {dagbag.py:539} INFO - Filling up the DagBag from /opt/airflow/dags/binance_daily_dag.py
[2026-06-18T11:56:46.694+0000] {processor.py:839} INFO - DAG(s) dict_keys(['daily_crypto_bilstm_pipeline']) retrieved from /opt/airflow/dags/binance_daily_dag.py
[2026-06-18T11:56:46.715+0000] {logging_mixin.py:151} INFO - [2026-06-18T11:56:46.715+0000] {dag.py:2915} INFO - Sync 1 DAGs
[2026-06-18T11:56:46.734+0000] {logging_mixin.py:151} INFO - [2026-06-18T11:56:46.734+0000] {dag.py:3696} INFO - Setting next_dagrun for daily_crypto_bilstm_pipeline to 2026-06-16T17:02:00+00:00, run_after=2026-06-17T17:02:00+00:00
[2026-06-18T11:56:46.750+0000] {processor.py:179} INFO - Processing /opt/airflow/dags/binance_daily_dag.py took 2.325 seconds
[2026-06-18T11:57:17.950+0000] {processor.py:157} INFO - Started process (PID=8694) to work on /opt/airflow/dags/binance_daily_dag.py
[2026-06-18T11:57:17.961+0000] {processor.py:829} INFO - Processing file /opt/airflow/dags/binance_daily_dag.py for tasks to queue
[2026-06-18T11:57:17.963+0000] {logging_mixin.py:151} INFO - [2026-06-18T11:57:17.963+0000] {dagbag.py:539} INFO - Filling up the DagBag from /opt/airflow/dags/binance_daily_dag.py
[2026-06-18T11:57:20.442+0000] {processor.py:839} INFO - DAG(s) dict_keys(['daily_crypto_bilstm_pipeline']) retrieved from /opt/airflow/dags/binance_daily_dag.py
[2026-06-18T11:57:20.462+0000] {logging_mixin.py:151} INFO - [2026-06-18T11:57:20.461+0000] {dag.py:2915} INFO - Sync 1 DAGs
[2026-06-18T11:57:20.480+0000] {logging_mixin.py:151} INFO - [2026-06-18T11:57:20.480+0000] {dag.py:3696} INFO - Setting next_dagrun for daily_crypto_bilstm_pipeline to 2026-06-16T17:02:00+00:00, run_after=2026-06-17T17:02:00+00:00
[2026-06-18T11:57:20.537+0000] {processor.py:179} INFO - Processing /opt/airflow/dags/binance_daily_dag.py took 2.593 seconds
[2026-06-18T11:57:50.867+0000] {processor.py:157} INFO - Started process (PID=8727) to work on /opt/airflow/dags/binance_daily_dag.py
[2026-06-18T11:57:50.868+0000] {processor.py:829} INFO - Processing file /opt/airflow/dags/binance_daily_dag.py for tasks to queue
[2026-06-18T11:57:50.870+0000] {logging_mixin.py:151} INFO - [2026-06-18T11:57:50.869+0000] {dagbag.py:539} INFO - Filling up the DagBag from /opt/airflow/dags/binance_daily_dag.py
[2026-06-18T11:57:53.383+0000] {processor.py:839} INFO - DAG(s) dict_keys(['daily_crypto_bilstm_pipeline']) retrieved from /opt/airflow/dags/binance_daily_dag.py
[2026-06-18T11:57:53.408+0000] {logging_mixin.py:151} INFO - [2026-06-18T11:57:53.407+0000] {dag.py:2915} INFO - Sync 1 DAGs
[2026-06-18T11:57:53.431+0000] {logging_mixin.py:151} INFO - [2026-06-18T11:57:53.431+0000] {dag.py:3696} INFO - Setting next_dagrun for daily_crypto_bilstm_pipeline to 2026-06-16T17:02:00+00:00, run_after=2026-06-17T17:02:00+00:00
[2026-06-18T11:57:53.449+0000] {processor.py:179} INFO - Processing /opt/airflow/dags/binance_daily_dag.py took 2.589 seconds
[2026-06-18T11:58:23.582+0000] {processor.py:157} INFO - Started process (PID=8798) to work on /opt/airflow/dags/binance_daily_dag.py
[2026-06-18T11:58:23.584+0000] {processor.py:829} INFO - Processing file /opt/airflow/dags/binance_daily_dag.py for tasks to queue
[2026-06-18T11:58:23.586+0000] {logging_mixin.py:151} INFO - [2026-06-18T11:58:23.586+0000] {dagbag.py:539} INFO - Filling up the DagBag from /opt/airflow/dags/binance_daily_dag.py
[2026-06-18T11:58:26.178+0000] {processor.py:839} INFO - DAG(s) dict_keys(['daily_crypto_bilstm_pipeline']) retrieved from /opt/airflow/dags/binance_daily_dag.py
[2026-06-18T11:58:26.197+0000] {logging_mixin.py:151} INFO - [2026-06-18T11:58:26.196+0000] {dag.py:2915} INFO - Sync 1 DAGs
[2026-06-18T11:58:26.214+0000] {logging_mixin.py:151} INFO - [2026-06-18T11:58:26.214+0000] {dag.py:3696} INFO - Setting next_dagrun for daily_crypto_bilstm_pipeline to 2026-06-16T17:02:00+00:00, run_after=2026-06-17T17:02:00+00:00
[2026-06-18T11:58:26.269+0000] {processor.py:179} INFO - Processing /opt/airflow/dags/binance_daily_dag.py took 2.697 seconds
[2026-06-18T11:58:56.574+0000] {processor.py:157} INFO - Started process (PID=8831) to work on /opt/airflow/dags/binance_daily_dag.py
[2026-06-18T11:58:56.578+0000] {processor.py:829} INFO - Processing file /opt/airflow/dags/binance_daily_dag.py for tasks to queue
[2026-06-18T11:58:56.583+0000] {logging_mixin.py:151} INFO - [2026-06-18T11:58:56.582+0000] {dagbag.py:539} INFO - Filling up the DagBag from /opt/airflow/dags/binance_daily_dag.py
[2026-06-18T11:58:59.206+0000] {processor.py:839} INFO - DAG(s) dict_keys(['daily_crypto_bilstm_pipeline']) retrieved from /opt/airflow/dags/binance_daily_dag.py
[2026-06-18T11:58:59.226+0000] {logging_mixin.py:151} INFO - [2026-06-18T11:58:59.226+0000] {dag.py:2915} INFO - Sync 1 DAGs
[2026-06-18T11:58:59.244+0000] {logging_mixin.py:151} INFO - [2026-06-18T11:58:59.244+0000] {dag.py:3696} INFO - Setting next_dagrun for daily_crypto_bilstm_pipeline to 2026-06-16T17:02:00+00:00, run_after=2026-06-17T17:02:00+00:00
[2026-06-18T11:58:59.301+0000] {processor.py:179} INFO - Processing /opt/airflow/dags/binance_daily_dag.py took 2.739 seconds
[2026-06-18T11:59:29.679+0000] {processor.py:157} INFO - Started process (PID=8864) to work on /opt/airflow/dags/binance_daily_dag.py
[2026-06-18T11:59:29.681+0000] {processor.py:829} INFO - Processing file /opt/airflow/dags/binance_daily_dag.py for tasks to queue
[2026-06-18T11:59:29.684+0000] {logging_mixin.py:151} INFO - [2026-06-18T11:59:29.683+0000] {dagbag.py:539} INFO - Filling up the DagBag from /opt/airflow/dags/binance_daily_dag.py
[2026-06-18T11:59:32.438+0000] {processor.py:839} INFO - DAG(s) dict_keys(['daily_crypto_bilstm_pipeline']) retrieved from /opt/airflow/dags/binance_daily_dag.py
[2026-06-18T11:59:32.457+0000] {logging_mixin.py:151} INFO - [2026-06-18T11:59:32.457+0000] {dag.py:2915} INFO - Sync 1 DAGs
[2026-06-18T11:59:32.473+0000] {logging_mixin.py:151} INFO - [2026-06-18T11:59:32.473+0000] {dag.py:3696} INFO - Setting next_dagrun for daily_crypto_bilstm_pipeline to 2026-06-16T17:02:00+00:00, run_after=2026-06-17T17:02:00+00:00
[2026-06-18T11:59:32.533+0000] {processor.py:179} INFO - Processing /opt/airflow/dags/binance_daily_dag.py took 2.858 seconds
[2026-06-18T12:00:02.918+0000] {processor.py:157} INFO - Started process (PID=8924) to work on /opt/airflow/dags/binance_daily_dag.py
[2026-06-18T12:00:02.919+0000] {processor.py:829} INFO - Processing file /opt/airflow/dags/binance_daily_dag.py for tasks to queue
[2026-06-18T12:00:02.920+0000] {logging_mixin.py:151} INFO - [2026-06-18T12:00:02.920+0000] {dagbag.py:539} INFO - Filling up the DagBag from /opt/airflow/dags/binance_daily_dag.py
[2026-06-18T12:00:05.485+0000] {processor.py:839} INFO - DAG(s) dict_keys(['daily_crypto_bilstm_pipeline']) retrieved from /opt/airflow/dags/binance_daily_dag.py
[2026-06-18T12:00:05.509+0000] {logging_mixin.py:151} INFO - [2026-06-18T12:00:05.508+0000] {dag.py:2915} INFO - Sync 1 DAGs
[2026-06-18T12:00:05.533+0000] {logging_mixin.py:151} INFO - [2026-06-18T12:00:05.533+0000] {dag.py:3696} INFO - Setting next_dagrun for daily_crypto_bilstm_pipeline to 2026-06-16T17:02:00+00:00, run_after=2026-06-17T17:02:00+00:00
[2026-06-18T12:00:05.556+0000] {processor.py:179} INFO - Processing /opt/airflow/dags/binance_daily_dag.py took 2.644 seconds
[2026-06-18T12:00:36.360+0000] {processor.py:157} INFO - Started process (PID=8976) to work on /opt/airflow/dags/binance_daily_dag.py
[2026-06-18T12:00:36.361+0000] {processor.py:829} INFO - Processing file /opt/airflow/dags/binance_daily_dag.py for tasks to queue
[2026-06-18T12:00:36.362+0000] {logging_mixin.py:151} INFO - [2026-06-18T12:00:36.362+0000] {dagbag.py:539} INFO - Filling up the DagBag from /opt/airflow/dags/binance_daily_dag.py
[2026-06-18T12:00:38.710+0000] {processor.py:839} INFO - DAG(s) dict_keys(['daily_crypto_bilstm_pipeline']) retrieved from /opt/airflow/dags/binance_daily_dag.py
[2026-06-18T12:00:38.737+0000] {logging_mixin.py:151} INFO - [2026-06-18T12:00:38.737+0000] {dag.py:2915} INFO - Sync 1 DAGs
[2026-06-18T12:00:38.765+0000] {logging_mixin.py:151} INFO - [2026-06-18T12:00:38.765+0000] {dag.py:3696} INFO - Setting next_dagrun for daily_crypto_bilstm_pipeline to 2026-06-16T17:02:00+00:00, run_after=2026-06-17T17:02:00+00:00
[2026-06-18T12:00:38.804+0000] {processor.py:179} INFO - Processing /opt/airflow/dags/binance_daily_dag.py took 2.446 seconds
[2026-06-18T12:01:09.461+0000] {processor.py:157} INFO - Started process (PID=9023) to work on /opt/airflow/dags/binance_daily_dag.py
[2026-06-18T12:01:09.462+0000] {processor.py:829} INFO - Processing file /opt/airflow/dags/binance_daily_dag.py for tasks to queue
[2026-06-18T12:01:09.462+0000] {logging_mixin.py:151} INFO - [2026-06-18T12:01:09.462+0000] {dagbag.py:539} INFO - Filling up the DagBag from /opt/airflow/dags/binance_daily_dag.py
[2026-06-18T12:01:11.987+0000] {processor.py:839} INFO - DAG(s) dict_keys(['daily_crypto_bilstm_pipeline']) retrieved from /opt/airflow/dags/binance_daily_dag.py
[2026-06-18T12:01:12.007+0000] {logging_mixin.py:151} INFO - [2026-06-18T12:01:12.006+0000] {dag.py:2915} INFO - Sync 1 DAGs
[2026-06-18T12:01:12.023+0000] {logging_mixin.py:151} INFO - [2026-06-18T12:01:12.023+0000] {dag.py:3696} INFO - Setting next_dagrun for daily_crypto_bilstm_pipeline to 2026-06-16T17:02:00+00:00, run_after=2026-06-17T17:02:00+00:00
[2026-06-18T12:01:12.084+0000] {processor.py:179} INFO - Processing /opt/airflow/dags/binance_daily_dag.py took 2.626 seconds
[2026-06-18T12:01:42.945+0000] {processor.py:157} INFO - Started process (PID=9056) to work on /opt/airflow/dags/binance_daily_dag.py
[2026-06-18T12:01:42.946+0000] {processor.py:829} INFO - Processing file /opt/airflow/dags/binance_daily_dag.py for tasks to queue
[2026-06-18T12:01:42.947+0000] {logging_mixin.py:151} INFO - [2026-06-18T12:01:42.946+0000] {dagbag.py:539} INFO - Filling up the DagBag from /opt/airflow/dags/binance_daily_dag.py
[2026-06-18T12:01:45.261+0000] {processor.py:839} INFO - DAG(s) dict_keys(['daily_crypto_bilstm_pipeline']) retrieved from /opt/airflow/dags/binance_daily_dag.py
[2026-06-18T12:01:45.282+0000] {logging_mixin.py:151} INFO - [2026-06-18T12:01:45.281+0000] {dag.py:2915} INFO - Sync 1 DAGs
[2026-06-18T12:01:45.301+0000] {logging_mixin.py:151} INFO - [2026-06-18T12:01:45.301+0000] {dag.py:3696} INFO - Setting next_dagrun for daily_crypto_bilstm_pipeline to 2026-06-16T17:02:00+00:00, run_after=2026-06-17T17:02:00+00:00
[2026-06-18T12:01:45.321+0000] {processor.py:179} INFO - Processing /opt/airflow/dags/binance_daily_dag.py took 2.379 seconds
[2026-06-18T12:02:15.875+0000] {processor.py:157} INFO - Started process (PID=9089) to work on /opt/airflow/dags/binance_daily_dag.py
[2026-06-18T12:02:15.876+0000] {processor.py:829} INFO - Processing file /opt/airflow/dags/binance_daily_dag.py for tasks to queue
[2026-06-18T12:02:15.877+0000] {logging_mixin.py:151} INFO - [2026-06-18T12:02:15.877+0000] {dagbag.py:539} INFO - Filling up the DagBag from /opt/airflow/dags/binance_daily_dag.py
[2026-06-18T12:02:18.537+0000] {processor.py:839} INFO - DAG(s) dict_keys(['daily_crypto_bilstm_pipeline']) retrieved from /opt/airflow/dags/binance_daily_dag.py
[2026-06-18T12:02:18.567+0000] {logging_mixin.py:151} INFO - [2026-06-18T12:02:18.567+0000] {dag.py:2915} INFO - Sync 1 DAGs
[2026-06-18T12:02:18.585+0000] {logging_mixin.py:151} INFO - [2026-06-18T12:02:18.585+0000] {dag.py:3696} INFO - Setting next_dagrun for daily_crypto_bilstm_pipeline to 2026-06-16T17:02:00+00:00, run_after=2026-06-17T17:02:00+00:00
[2026-06-18T12:02:18.646+0000] {processor.py:179} INFO - Processing /opt/airflow/dags/binance_daily_dag.py took 2.774 seconds
[2026-06-18T12:02:49.173+0000] {processor.py:157} INFO - Started process (PID=9160) to work on /opt/airflow/dags/binance_daily_dag.py
[2026-06-18T12:02:49.175+0000] {processor.py:829} INFO - Processing file /opt/airflow/dags/binance_daily_dag.py for tasks to queue
[2026-06-18T12:02:49.177+0000] {logging_mixin.py:151} INFO - [2026-06-18T12:02:49.176+0000] {dagbag.py:539} INFO - Filling up the DagBag from /opt/airflow/dags/binance_daily_dag.py
[2026-06-18T12:02:51.783+0000] {processor.py:839} INFO - DAG(s) dict_keys(['daily_crypto_bilstm_pipeline']) retrieved from /opt/airflow/dags/binance_daily_dag.py
[2026-06-18T12:02:51.815+0000] {logging_mixin.py:151} INFO - [2026-06-18T12:02:51.815+0000] {dag.py:2915} INFO - Sync 1 DAGs
[2026-06-18T12:02:51.838+0000] {logging_mixin.py:151} INFO - [2026-06-18T12:02:51.838+0000] {dag.py:3696} INFO - Setting next_dagrun for daily_crypto_bilstm_pipeline to 2026-06-16T17:02:00+00:00, run_after=2026-06-17T17:02:00+00:00
[2026-06-18T12:02:51.862+0000] {processor.py:179} INFO - Processing /opt/airflow/dags/binance_daily_dag.py took 2.694 seconds
[2026-06-18T12:03:21.960+0000] {processor.py:157} INFO - Started process (PID=9193) to work on /opt/airflow/dags/binance_daily_dag.py
[2026-06-18T12:03:21.961+0000] {processor.py:829} INFO - Processing file /opt/airflow/dags/binance_daily_dag.py for tasks to queue
[2026-06-18T12:03:21.963+0000] {logging_mixin.py:151} INFO - [2026-06-18T12:03:21.962+0000] {dagbag.py:539} INFO - Filling up the DagBag from /opt/airflow/dags/binance_daily_dag.py
[2026-06-18T12:03:24.371+0000] {processor.py:839} INFO - DAG(s) dict_keys(['daily_crypto_bilstm_pipeline']) retrieved from /opt/airflow/dags/binance_daily_dag.py
[2026-06-18T12:03:24.399+0000] {logging_mixin.py:151} INFO - [2026-06-18T12:03:24.398+0000] {dag.py:2915} INFO - Sync 1 DAGs
[2026-06-18T12:03:24.422+0000] {logging_mixin.py:151} INFO - [2026-06-18T12:03:24.422+0000] {dag.py:3696} INFO - Setting next_dagrun for daily_crypto_bilstm_pipeline to 2026-06-16T17:02:00+00:00, run_after=2026-06-17T17:02:00+00:00
[2026-06-18T12:03:24.486+0000] {processor.py:179} INFO - Processing /opt/airflow/dags/binance_daily_dag.py took 2.532 seconds
[2026-06-18T12:03:54.985+0000] {processor.py:157} INFO - Started process (PID=9226) to work on /opt/airflow/dags/binance_daily_dag.py
[2026-06-18T12:03:54.986+0000] {processor.py:829} INFO - Processing file /opt/airflow/dags/binance_daily_dag.py for tasks to queue
[2026-06-18T12:03:54.988+0000] {logging_mixin.py:151} INFO - [2026-06-18T12:03:54.987+0000] {dagbag.py:539} INFO - Filling up the DagBag from /opt/airflow/dags/binance_daily_dag.py
[2026-06-18T12:03:57.558+0000] {processor.py:839} INFO - DAG(s) dict_keys(['daily_crypto_bilstm_pipeline']) retrieved from /opt/airflow/dags/binance_daily_dag.py
[2026-06-18T12:03:57.592+0000] {logging_mixin.py:151} INFO - [2026-06-18T12:03:57.592+0000] {dag.py:2915} INFO - Sync 1 DAGs
[2026-06-18T12:03:57.615+0000] {logging_mixin.py:151} INFO - [2026-06-18T12:03:57.615+0000] {dag.py:3696} INFO - Setting next_dagrun for daily_crypto_bilstm_pipeline to 2026-06-16T17:02:00+00:00, run_after=2026-06-17T17:02:00+00:00
[2026-06-18T12:03:57.639+0000] {processor.py:179} INFO - Processing /opt/airflow/dags/binance_daily_dag.py took 2.657 seconds
[2026-06-18T12:04:28.044+0000] {processor.py:157} INFO - Started process (PID=9259) to work on /opt/airflow/dags/binance_daily_dag.py
[2026-06-18T12:04:28.045+0000] {processor.py:829} INFO - Processing file /opt/airflow/dags/binance_daily_dag.py for tasks to queue
[2026-06-18T12:04:28.047+0000] {logging_mixin.py:151} INFO - [2026-06-18T12:04:28.046+0000] {dagbag.py:539} INFO - Filling up the DagBag from /opt/airflow/dags/binance_daily_dag.py
[2026-06-18T12:04:30.738+0000] {processor.py:839} INFO - DAG(s) dict_keys(['daily_crypto_bilstm_pipeline']) retrieved from /opt/airflow/dags/binance_daily_dag.py
[2026-06-18T12:04:30.760+0000] {logging_mixin.py:151} INFO - [2026-06-18T12:04:30.760+0000] {dag.py:2915} INFO - Sync 1 DAGs
[2026-06-18T12:04:30.782+0000] {logging_mixin.py:151} INFO - [2026-06-18T12:04:30.781+0000] {dag.py:3696} INFO - Setting next_dagrun for daily_crypto_bilstm_pipeline to 2026-06-16T17:02:00+00:00, run_after=2026-06-17T17:02:00+00:00
[2026-06-18T12:04:30.843+0000] {processor.py:179} INFO - Processing /opt/airflow/dags/binance_daily_dag.py took 2.803 seconds
[2026-06-18T12:05:01.428+0000] {processor.py:157} INFO - Started process (PID=9293) to work on /opt/airflow/dags/binance_daily_dag.py
[2026-06-18T12:05:01.429+0000] {processor.py:829} INFO - Processing file /opt/airflow/dags/binance_daily_dag.py for tasks to queue
[2026-06-18T12:05:01.430+0000] {logging_mixin.py:151} INFO - [2026-06-18T12:05:01.430+0000] {dagbag.py:539} INFO - Filling up the DagBag from /opt/airflow/dags/binance_daily_dag.py
[2026-06-18T12:05:04.354+0000] {processor.py:839} INFO - DAG(s) dict_keys(['daily_crypto_bilstm_pipeline']) retrieved from /opt/airflow/dags/binance_daily_dag.py
[2026-06-18T12:05:04.379+0000] {logging_mixin.py:151} INFO - [2026-06-18T12:05:04.379+0000] {dag.py:2915} INFO - Sync 1 DAGs
[2026-06-18T12:05:04.402+0000] {logging_mixin.py:151} INFO - [2026-06-18T12:05:04.402+0000] {dag.py:3696} INFO - Setting next_dagrun for daily_crypto_bilstm_pipeline to 2026-06-16T17:02:00+00:00, run_after=2026-06-17T17:02:00+00:00
[2026-06-18T12:05:04.430+0000] {processor.py:179} INFO - Processing /opt/airflow/dags/binance_daily_dag.py took 3.006 seconds
[2026-06-18T12:05:34.747+0000] {processor.py:157} INFO - Started process (PID=9326) to work on /opt/airflow/dags/binance_daily_dag.py
[2026-06-18T12:05:34.748+0000] {processor.py:829} INFO - Processing file /opt/airflow/dags/binance_daily_dag.py for tasks to queue
[2026-06-18T12:05:34.749+0000] {logging_mixin.py:151} INFO - [2026-06-18T12:05:34.748+0000] {dagbag.py:539} INFO - Filling up the DagBag from /opt/airflow/dags/binance_daily_dag.py
[2026-06-18T12:05:37.235+0000] {processor.py:839} INFO - DAG(s) dict_keys(['daily_crypto_bilstm_pipeline']) retrieved from /opt/airflow/dags/binance_daily_dag.py
[2026-06-18T12:05:37.319+0000] {logging_mixin.py:151} INFO - [2026-06-18T12:05:37.319+0000] {dag.py:2915} INFO - Sync 1 DAGs
[2026-06-18T12:05:37.353+0000] {logging_mixin.py:151} INFO - [2026-06-18T12:05:37.353+0000] {dag.py:3696} INFO - Setting next_dagrun for daily_crypto_bilstm_pipeline to 2026-06-16T17:02:00+00:00, run_after=2026-06-17T17:02:00+00:00
[2026-06-18T12:05:37.385+0000] {processor.py:179} INFO - Processing /opt/airflow/dags/binance_daily_dag.py took 2.642 seconds
[2026-06-18T12:06:08.216+0000] {processor.py:157} INFO - Started process (PID=9364) to work on /opt/airflow/dags/binance_daily_dag.py
[2026-06-18T12:06:08.218+0000] {processor.py:829} INFO - Processing file /opt/airflow/dags/binance_daily_dag.py for tasks to queue
[2026-06-18T12:06:08.219+0000] {logging_mixin.py:151} INFO - [2026-06-18T12:06:08.219+0000] {dagbag.py:539} INFO - Filling up the DagBag from /opt/airflow/dags/binance_daily_dag.py
[2026-06-18T12:06:10.661+0000] {processor.py:839} INFO - DAG(s) dict_keys(['daily_crypto_bilstm_pipeline']) retrieved from /opt/airflow/dags/binance_daily_dag.py
[2026-06-18T12:06:10.681+0000] {logging_mixin.py:151} INFO - [2026-06-18T12:06:10.680+0000] {dag.py:2915} INFO - Sync 1 DAGs
[2026-06-18T12:06:10.700+0000] {logging_mixin.py:151} INFO - [2026-06-18T12:06:10.700+0000] {dag.py:3696} INFO - Setting next_dagrun for daily_crypto_bilstm_pipeline to 2026-06-16T17:02:00+00:00, run_after=2026-06-17T17:02:00+00:00
[2026-06-18T12:06:10.762+0000] {processor.py:179} INFO - Processing /opt/airflow/dags/binance_daily_dag.py took 2.551 seconds
[2026-06-18T12:06:41.779+0000] {processor.py:157} INFO - Started process (PID=9410) to work on /opt/airflow/dags/binance_daily_dag.py
[2026-06-18T12:06:41.780+0000] {processor.py:829} INFO - Processing file /opt/airflow/dags/binance_daily_dag.py for tasks to queue
[2026-06-18T12:06:41.781+0000] {logging_mixin.py:151} INFO - [2026-06-18T12:06:41.781+0000] {dagbag.py:539} INFO - Filling up the DagBag from /opt/airflow/dags/binance_daily_dag.py
[2026-06-18T12:06:44.458+0000] {processor.py:839} INFO - DAG(s) dict_keys(['daily_crypto_bilstm_pipeline']) retrieved from /opt/airflow/dags/binance_daily_dag.py
[2026-06-18T12:06:44.480+0000] {logging_mixin.py:151} INFO - [2026-06-18T12:06:44.479+0000] {dag.py:2915} INFO - Sync 1 DAGs
[2026-06-18T12:06:44.499+0000] {logging_mixin.py:151} INFO - [2026-06-18T12:06:44.499+0000] {dag.py:3696} INFO - Setting next_dagrun for daily_crypto_bilstm_pipeline to 2026-06-16T17:02:00+00:00, run_after=2026-06-17T17:02:00+00:00
[2026-06-18T12:06:44.530+0000] {processor.py:179} INFO - Processing /opt/airflow/dags/binance_daily_dag.py took 2.755 seconds
[2026-06-18T12:07:15.385+0000] {processor.py:157} INFO - Started process (PID=9443) to work on /opt/airflow/dags/binance_daily_dag.py
[2026-06-18T12:07:15.386+0000] {processor.py:829} INFO - Processing file /opt/airflow/dags/binance_daily_dag.py for tasks to queue
[2026-06-18T12:07:15.387+0000] {logging_mixin.py:151} INFO - [2026-06-18T12:07:15.386+0000] {dagbag.py:539} INFO - Filling up the DagBag from /opt/airflow/dags/binance_daily_dag.py
[2026-06-18T12:07:17.693+0000] {processor.py:839} INFO - DAG(s) dict_keys(['daily_crypto_bilstm_pipeline']) retrieved from /opt/airflow/dags/binance_daily_dag.py
[2026-06-18T12:07:17.714+0000] {logging_mixin.py:151} INFO - [2026-06-18T12:07:17.714+0000] {dag.py:2915} INFO - Sync 1 DAGs
[2026-06-18T12:07:17.731+0000] {logging_mixin.py:151} INFO - [2026-06-18T12:07:17.731+0000] {dag.py:3696} INFO - Setting next_dagrun for daily_crypto_bilstm_pipeline to 2026-06-16T17:02:00+00:00, run_after=2026-06-17T17:02:00+00:00
[2026-06-18T12:07:17.751+0000] {processor.py:179} INFO - Processing /opt/airflow/dags/binance_daily_dag.py took 2.370 seconds
[2026-06-18T12:07:48.569+0000] {processor.py:157} INFO - Started process (PID=9476) to work on /opt/airflow/dags/binance_daily_dag.py
[2026-06-18T12:07:48.570+0000] {processor.py:829} INFO - Processing file /opt/airflow/dags/binance_daily_dag.py for tasks to queue
[2026-06-18T12:07:48.571+0000] {logging_mixin.py:151} INFO - [2026-06-18T12:07:48.571+0000] {dagbag.py:539} INFO - Filling up the DagBag from /opt/airflow/dags/binance_daily_dag.py
[2026-06-18T12:07:50.855+0000] {processor.py:839} INFO - DAG(s) dict_keys(['daily_crypto_bilstm_pipeline']) retrieved from /opt/airflow/dags/binance_daily_dag.py
[2026-06-18T12:07:50.878+0000] {logging_mixin.py:151} INFO - [2026-06-18T12:07:50.878+0000] {dag.py:2915} INFO - Sync 1 DAGs
[2026-06-18T12:07:50.899+0000] {logging_mixin.py:151} INFO - [2026-06-18T12:07:50.899+0000] {dag.py:3696} INFO - Setting next_dagrun for daily_crypto_bilstm_pipeline to 2026-06-16T17:02:00+00:00, run_after=2026-06-17T17:02:00+00:00
[2026-06-18T12:07:50.960+0000] {processor.py:179} INFO - Processing /opt/airflow/dags/binance_daily_dag.py took 2.395 seconds
[2026-06-18T12:08:21.683+0000] {processor.py:157} INFO - Started process (PID=9515) to work on /opt/airflow/dags/binance_daily_dag.py
[2026-06-18T12:08:21.685+0000] {processor.py:829} INFO - Processing file /opt/airflow/dags/binance_daily_dag.py for tasks to queue
[2026-06-18T12:08:21.686+0000] {logging_mixin.py:151} INFO - [2026-06-18T12:08:21.686+0000] {dagbag.py:539} INFO - Filling up the DagBag from /opt/airflow/dags/binance_daily_dag.py
[2026-06-18T12:08:24.027+0000] {processor.py:839} INFO - DAG(s) dict_keys(['daily_crypto_bilstm_pipeline']) retrieved from /opt/airflow/dags/binance_daily_dag.py
[2026-06-18T12:08:24.073+0000] {logging_mixin.py:151} INFO - [2026-06-18T12:08:24.073+0000] {dag.py:2915} INFO - Sync 1 DAGs
[2026-06-18T12:08:24.097+0000] {logging_mixin.py:151} INFO - [2026-06-18T12:08:24.096+0000] {dag.py:3696} INFO - Setting next_dagrun for daily_crypto_bilstm_pipeline to 2026-06-16T17:02:00+00:00, run_after=2026-06-17T17:02:00+00:00
[2026-06-18T12:08:24.119+0000] {processor.py:179} INFO - Processing /opt/airflow/dags/binance_daily_dag.py took 2.440 seconds
[2026-06-18T12:08:54.560+0000] {processor.py:157} INFO - Started process (PID=9548) to work on /opt/airflow/dags/binance_daily_dag.py
[2026-06-18T12:08:54.562+0000] {processor.py:829} INFO - Processing file /opt/airflow/dags/binance_daily_dag.py for tasks to queue
[2026-06-18T12:08:54.563+0000] {logging_mixin.py:151} INFO - [2026-06-18T12:08:54.563+0000] {dagbag.py:539} INFO - Filling up the DagBag from /opt/airflow/dags/binance_daily_dag.py
[2026-06-18T12:08:56.985+0000] {processor.py:839} INFO - DAG(s) dict_keys(['daily_crypto_bilstm_pipeline']) retrieved from /opt/airflow/dags/binance_daily_dag.py
[2026-06-18T12:08:57.007+0000] {logging_mixin.py:151} INFO - [2026-06-18T12:08:57.006+0000] {dag.py:2915} INFO - Sync 1 DAGs
[2026-06-18T12:08:57.025+0000] {logging_mixin.py:151} INFO - [2026-06-18T12:08:57.025+0000] {dag.py:3696} INFO - Setting next_dagrun for daily_crypto_bilstm_pipeline to 2026-06-16T17:02:00+00:00, run_after=2026-06-17T17:02:00+00:00
[2026-06-18T12:08:57.086+0000] {processor.py:179} INFO - Processing /opt/airflow/dags/binance_daily_dag.py took 2.530 seconds
[2026-06-18T12:09:27.438+0000] {processor.py:157} INFO - Started process (PID=9581) to work on /opt/airflow/dags/binance_daily_dag.py
[2026-06-18T12:09:27.440+0000] {processor.py:829} INFO - Processing file /opt/airflow/dags/binance_daily_dag.py for tasks to queue
[2026-06-18T12:09:27.440+0000] {logging_mixin.py:151} INFO - [2026-06-18T12:09:27.440+0000] {dagbag.py:539} INFO - Filling up the DagBag from /opt/airflow/dags/binance_daily_dag.py
[2026-06-18T12:09:30.043+0000] {processor.py:839} INFO - DAG(s) dict_keys(['daily_crypto_bilstm_pipeline']) retrieved from /opt/airflow/dags/binance_daily_dag.py
[2026-06-18T12:09:30.065+0000] {logging_mixin.py:151} INFO - [2026-06-18T12:09:30.064+0000] {dag.py:2915} INFO - Sync 1 DAGs
[2026-06-18T12:09:30.084+0000] {logging_mixin.py:151} INFO - [2026-06-18T12:09:30.083+0000] {dag.py:3696} INFO - Setting next_dagrun for daily_crypto_bilstm_pipeline to 2026-06-16T17:02:00+00:00, run_after=2026-06-17T17:02:00+00:00
[2026-06-18T12:09:30.146+0000] {processor.py:179} INFO - Processing /opt/airflow/dags/binance_daily_dag.py took 2.711 seconds
[2026-06-18T12:10:00.749+0000] {processor.py:157} INFO - Started process (PID=9614) to work on /opt/airflow/dags/binance_daily_dag.py
[2026-06-18T12:10:00.751+0000] {processor.py:829} INFO - Processing file /opt/airflow/dags/binance_daily_dag.py for tasks to queue
[2026-06-18T12:10:00.752+0000] {logging_mixin.py:151} INFO - [2026-06-18T12:10:00.752+0000] {dagbag.py:539} INFO - Filling up the DagBag from /opt/airflow/dags/binance_daily_dag.py
[2026-06-18T12:10:04.348+0000] {processor.py:839} INFO - DAG(s) dict_keys(['daily_crypto_bilstm_pipeline']) retrieved from /opt/airflow/dags/binance_daily_dag.py
[2026-06-18T12:10:04.478+0000] {logging_mixin.py:151} INFO - [2026-06-18T12:10:04.477+0000] {dag.py:2915} INFO - Sync 1 DAGs
[2026-06-18T12:10:04.579+0000] {logging_mixin.py:151} INFO - [2026-06-18T12:10:04.579+0000] {dag.py:3696} INFO - Setting next_dagrun for daily_crypto_bilstm_pipeline to 2026-06-16T17:02:00+00:00, run_after=2026-06-17T17:02:00+00:00
[2026-06-18T12:10:04.631+0000] {processor.py:179} INFO - Processing /opt/airflow/dags/binance_daily_dag.py took 3.887 seconds
[2026-06-18T12:10:35.043+0000] {processor.py:157} INFO - Started process (PID=9647) to work on /opt/airflow/dags/binance_daily_dag.py
[2026-06-18T12:10:35.044+0000] {processor.py:829} INFO - Processing file /opt/airflow/dags/binance_daily_dag.py for tasks to queue
[2026-06-18T12:10:35.045+0000] {logging_mixin.py:151} INFO - [2026-06-18T12:10:35.045+0000] {dagbag.py:539} INFO - Filling up the DagBag from /opt/airflow/dags/binance_daily_dag.py
[2026-06-18T12:10:37.743+0000] {processor.py:839} INFO - DAG(s) dict_keys(['daily_crypto_bilstm_pipeline']) retrieved from /opt/airflow/dags/binance_daily_dag.py
[2026-06-18T12:10:37.768+0000] {logging_mixin.py:151} INFO - [2026-06-18T12:10:37.767+0000] {dag.py:2915} INFO - Sync 1 DAGs
[2026-06-18T12:10:37.790+0000] {logging_mixin.py:151} INFO - [2026-06-18T12:10:37.790+0000] {dag.py:3696} INFO - Setting next_dagrun for daily_crypto_bilstm_pipeline to 2026-06-16T17:02:00+00:00, run_after=2026-06-17T17:02:00+00:00
[2026-06-18T12:10:37.851+0000] {processor.py:179} INFO - Processing /opt/airflow/dags/binance_daily_dag.py took 2.812 seconds
[2026-06-18T12:11:08.044+0000] {processor.py:157} INFO - Started process (PID=9680) to work on /opt/airflow/dags/binance_daily_dag.py
[2026-06-18T12:11:08.045+0000] {processor.py:829} INFO - Processing file /opt/airflow/dags/binance_daily_dag.py for tasks to queue
[2026-06-18T12:11:08.046+0000] {logging_mixin.py:151} INFO - [2026-06-18T12:11:08.045+0000] {dagbag.py:539} INFO - Filling up the DagBag from /opt/airflow/dags/binance_daily_dag.py
[2026-06-18T12:11:10.410+0000] {processor.py:839} INFO - DAG(s) dict_keys(['daily_crypto_bilstm_pipeline']) retrieved from /opt/airflow/dags/binance_daily_dag.py
[2026-06-18T12:11:10.430+0000] {logging_mixin.py:151} INFO - [2026-06-18T12:11:10.429+0000] {dag.py:2915} INFO - Sync 1 DAGs
[2026-06-18T12:11:10.450+0000] {logging_mixin.py:151} INFO - [2026-06-18T12:11:10.450+0000] {dag.py:3696} INFO - Setting next_dagrun for daily_crypto_bilstm_pipeline to 2026-06-16T17:02:00+00:00, run_after=2026-06-17T17:02:00+00:00
[2026-06-18T12:11:10.503+0000] {processor.py:179} INFO - Processing /opt/airflow/dags/binance_daily_dag.py took 2.463 seconds
[2026-06-18T12:11:40.678+0000] {processor.py:157} INFO - Started process (PID=9713) to work on /opt/airflow/dags/binance_daily_dag.py
[2026-06-18T12:11:40.680+0000] {processor.py:829} INFO - Processing file /opt/airflow/dags/binance_daily_dag.py for tasks to queue
[2026-06-18T12:11:40.681+0000] {logging_mixin.py:151} INFO - [2026-06-18T12:11:40.681+0000] {dagbag.py:539} INFO - Filling up the DagBag from /opt/airflow/dags/binance_daily_dag.py
[2026-06-18T12:11:43.513+0000] {processor.py:839} INFO - DAG(s) dict_keys(['daily_crypto_bilstm_pipeline']) retrieved from /opt/airflow/dags/binance_daily_dag.py
[2026-06-18T12:11:43.541+0000] {logging_mixin.py:151} INFO - [2026-06-18T12:11:43.541+0000] {dag.py:2915} INFO - Sync 1 DAGs
[2026-06-18T12:11:43.567+0000] {logging_mixin.py:151} INFO - [2026-06-18T12:11:43.566+0000] {dag.py:3696} INFO - Setting next_dagrun for daily_crypto_bilstm_pipeline to 2026-06-16T17:02:00+00:00, run_after=2026-06-17T17:02:00+00:00
[2026-06-18T12:11:43.590+0000] {processor.py:179} INFO - Processing /opt/airflow/dags/binance_daily_dag.py took 2.917 seconds
[2026-06-18T12:12:14.052+0000] {processor.py:157} INFO - Started process (PID=9758) to work on /opt/airflow/dags/binance_daily_dag.py
[2026-06-18T12:12:14.054+0000] {processor.py:829} INFO - Processing file /opt/airflow/dags/binance_daily_dag.py for tasks to queue
[2026-06-18T12:12:14.055+0000] {logging_mixin.py:151} INFO - [2026-06-18T12:12:14.054+0000] {dagbag.py:539} INFO - Filling up the DagBag from /opt/airflow/dags/binance_daily_dag.py
[2026-06-18T12:12:17.161+0000] {processor.py:839} INFO - DAG(s) dict_keys(['daily_crypto_bilstm_pipeline']) retrieved from /opt/airflow/dags/binance_daily_dag.py
[2026-06-18T12:12:17.182+0000] {logging_mixin.py:151} INFO - [2026-06-18T12:12:17.181+0000] {dag.py:2915} INFO - Sync 1 DAGs
[2026-06-18T12:12:17.202+0000] {logging_mixin.py:151} INFO - [2026-06-18T12:12:17.202+0000] {dag.py:3696} INFO - Setting next_dagrun for daily_crypto_bilstm_pipeline to 2026-06-16T17:02:00+00:00, run_after=2026-06-17T17:02:00+00:00
[2026-06-18T12:12:17.259+0000] {processor.py:179} INFO - Processing /opt/airflow/dags/binance_daily_dag.py took 3.211 seconds
[2026-06-18T12:12:47.364+0000] {processor.py:157} INFO - Started process (PID=9791) to work on /opt/airflow/dags/binance_daily_dag.py
[2026-06-18T12:12:47.365+0000] {processor.py:829} INFO - Processing file /opt/airflow/dags/binance_daily_dag.py for tasks to queue
[2026-06-18T12:12:47.366+0000] {logging_mixin.py:151} INFO - [2026-06-18T12:12:47.365+0000] {dagbag.py:539} INFO - Filling up the DagBag from /opt/airflow/dags/binance_daily_dag.py
[2026-06-18T12:12:49.958+0000] {processor.py:839} INFO - DAG(s) dict_keys(['daily_crypto_bilstm_pipeline']) retrieved from /opt/airflow/dags/binance_daily_dag.py
[2026-06-18T12:12:49.977+0000] {logging_mixin.py:151} INFO - [2026-06-18T12:12:49.976+0000] {dag.py:2915} INFO - Sync 1 DAGs
[2026-06-18T12:12:49.994+0000] {logging_mixin.py:151} INFO - [2026-06-18T12:12:49.994+0000] {dag.py:3696} INFO - Setting next_dagrun for daily_crypto_bilstm_pipeline to 2026-06-16T17:02:00+00:00, run_after=2026-06-17T17:02:00+00:00
[2026-06-18T12:12:50.014+0000] {processor.py:179} INFO - Processing /opt/airflow/dags/binance_daily_dag.py took 2.654 seconds
[2026-06-18T12:13:20.457+0000] {processor.py:157} INFO - Started process (PID=9830) to work on /opt/airflow/dags/binance_daily_dag.py
[2026-06-18T12:13:20.458+0000] {processor.py:829} INFO - Processing file /opt/airflow/dags/binance_daily_dag.py for tasks to queue
[2026-06-18T12:13:20.459+0000] {logging_mixin.py:151} INFO - [2026-06-18T12:13:20.459+0000] {dagbag.py:539} INFO - Filling up the DagBag from /opt/airflow/dags/binance_daily_dag.py
[2026-06-18T12:13:23.078+0000] {processor.py:839} INFO - DAG(s) dict_keys(['daily_crypto_bilstm_pipeline']) retrieved from /opt/airflow/dags/binance_daily_dag.py
[2026-06-18T12:13:23.105+0000] {logging_mixin.py:151} INFO - [2026-06-18T12:13:23.104+0000] {dag.py:2915} INFO - Sync 1 DAGs
[2026-06-18T12:13:23.137+0000] {logging_mixin.py:151} INFO - [2026-06-18T12:13:23.136+0000] {dag.py:3696} INFO - Setting next_dagrun for daily_crypto_bilstm_pipeline to 2026-06-16T17:02:00+00:00, run_after=2026-06-17T17:02:00+00:00
[2026-06-18T12:13:23.197+0000] {processor.py:179} INFO - Processing /opt/airflow/dags/binance_daily_dag.py took 2.746 seconds
[2026-06-18T12:13:53.506+0000] {processor.py:157} INFO - Started process (PID=9863) to work on /opt/airflow/dags/binance_daily_dag.py
[2026-06-18T12:13:53.507+0000] {processor.py:829} INFO - Processing file /opt/airflow/dags/binance_daily_dag.py for tasks to queue
[2026-06-18T12:13:53.508+0000] {logging_mixin.py:151} INFO - [2026-06-18T12:13:53.508+0000] {dagbag.py:539} INFO - Filling up the DagBag from /opt/airflow/dags/binance_daily_dag.py
[2026-06-18T12:13:56.053+0000] {processor.py:839} INFO - DAG(s) dict_keys(['daily_crypto_bilstm_pipeline']) retrieved from /opt/airflow/dags/binance_daily_dag.py
[2026-06-18T12:13:56.080+0000] {logging_mixin.py:151} INFO - [2026-06-18T12:13:56.080+0000] {dag.py:2915} INFO - Sync 1 DAGs
[2026-06-18T12:13:56.104+0000] {logging_mixin.py:151} INFO - [2026-06-18T12:13:56.104+0000] {dag.py:3696} INFO - Setting next_dagrun for daily_crypto_bilstm_pipeline to 2026-06-16T17:02:00+00:00, run_after=2026-06-17T17:02:00+00:00
[2026-06-18T12:13:56.143+0000] {processor.py:179} INFO - Processing /opt/airflow/dags/binance_daily_dag.py took 2.642 seconds
[2026-06-18T12:14:27.108+0000] {processor.py:157} INFO - Started process (PID=9896) to work on /opt/airflow/dags/binance_daily_dag.py
[2026-06-18T12:14:27.109+0000] {processor.py:829} INFO - Processing file /opt/airflow/dags/binance_daily_dag.py for tasks to queue
[2026-06-18T12:14:27.110+0000] {logging_mixin.py:151} INFO - [2026-06-18T12:14:27.110+0000] {dagbag.py:539} INFO - Filling up the DagBag from /opt/airflow/dags/binance_daily_dag.py
[2026-06-18T12:14:29.672+0000] {processor.py:839} INFO - DAG(s) dict_keys(['daily_crypto_bilstm_pipeline']) retrieved from /opt/airflow/dags/binance_daily_dag.py
[2026-06-18T12:14:29.695+0000] {logging_mixin.py:151} INFO - [2026-06-18T12:14:29.695+0000] {dag.py:2915} INFO - Sync 1 DAGs
[2026-06-18T12:14:29.716+0000] {logging_mixin.py:151} INFO - [2026-06-18T12:14:29.715+0000] {dag.py:3696} INFO - Setting next_dagrun for daily_crypto_bilstm_pipeline to 2026-06-16T17:02:00+00:00, run_after=2026-06-17T17:02:00+00:00
[2026-06-18T12:14:29.775+0000] {processor.py:179} INFO - Processing /opt/airflow/dags/binance_daily_dag.py took 2.672 seconds
[2026-06-18T12:15:00.799+0000] {processor.py:157} INFO - Started process (PID=9929) to work on /opt/airflow/dags/binance_daily_dag.py
[2026-06-18T12:15:00.801+0000] {processor.py:829} INFO - Processing file /opt/airflow/dags/binance_daily_dag.py for tasks to queue
[2026-06-18T12:15:00.802+0000] {logging_mixin.py:151} INFO - [2026-06-18T12:15:00.802+0000] {dagbag.py:539} INFO - Filling up the DagBag from /opt/airflow/dags/binance_daily_dag.py
[2026-06-18T12:15:03.611+0000] {processor.py:839} INFO - DAG(s) dict_keys(['daily_crypto_bilstm_pipeline']) retrieved from /opt/airflow/dags/binance_daily_dag.py
[2026-06-18T12:15:03.637+0000] {logging_mixin.py:151} INFO - [2026-06-18T12:15:03.636+0000] {dag.py:2915} INFO - Sync 1 DAGs
[2026-06-18T12:15:03.666+0000] {logging_mixin.py:151} INFO - [2026-06-18T12:15:03.665+0000] {dag.py:3696} INFO - Setting next_dagrun for daily_crypto_bilstm_pipeline to 2026-06-16T17:02:00+00:00, run_after=2026-06-17T17:02:00+00:00
[2026-06-18T12:15:03.704+0000] {processor.py:179} INFO - Processing /opt/airflow/dags/binance_daily_dag.py took 2.909 seconds
[2026-06-18T12:15:33.823+0000] {processor.py:157} INFO - Started process (PID=9962) to work on /opt/airflow/dags/binance_daily_dag.py
[2026-06-18T12:15:33.824+0000] {processor.py:829} INFO - Processing file /opt/airflow/dags/binance_daily_dag.py for tasks to queue
[2026-06-18T12:15:33.825+0000] {logging_mixin.py:151} INFO - [2026-06-18T12:15:33.825+0000] {dagbag.py:539} INFO - Filling up the DagBag from /opt/airflow/dags/binance_daily_dag.py
[2026-06-18T12:15:36.396+0000] {processor.py:839} INFO - DAG(s) dict_keys(['daily_crypto_bilstm_pipeline']) retrieved from /opt/airflow/dags/binance_daily_dag.py
[2026-06-18T12:15:36.419+0000] {logging_mixin.py:151} INFO - [2026-06-18T12:15:36.419+0000] {dag.py:2915} INFO - Sync 1 DAGs
[2026-06-18T12:15:36.438+0000] {logging_mixin.py:151} INFO - [2026-06-18T12:15:36.438+0000] {dag.py:3696} INFO - Setting next_dagrun for daily_crypto_bilstm_pipeline to 2026-06-16T17:02:00+00:00, run_after=2026-06-17T17:02:00+00:00
[2026-06-18T12:15:36.456+0000] {processor.py:179} INFO - Processing /opt/airflow/dags/binance_daily_dag.py took 2.637 seconds
[2026-06-18T12:16:06.593+0000] {processor.py:157} INFO - Started process (PID=9995) to work on /opt/airflow/dags/binance_daily_dag.py
[2026-06-18T12:16:06.595+0000] {processor.py:829} INFO - Processing file /opt/airflow/dags/binance_daily_dag.py for tasks to queue
[2026-06-18T12:16:06.596+0000] {logging_mixin.py:151} INFO - [2026-06-18T12:16:06.595+0000] {dagbag.py:539} INFO - Filling up the DagBag from /opt/airflow/dags/binance_daily_dag.py
[2026-06-18T12:16:09.285+0000] {processor.py:839} INFO - DAG(s) dict_keys(['daily_crypto_bilstm_pipeline']) retrieved from /opt/airflow/dags/binance_daily_dag.py
[2026-06-18T12:16:09.307+0000] {logging_mixin.py:151} INFO - [2026-06-18T12:16:09.306+0000] {dag.py:2915} INFO - Sync 1 DAGs
[2026-06-18T12:16:09.326+0000] {logging_mixin.py:151} INFO - [2026-06-18T12:16:09.326+0000] {dag.py:3696} INFO - Setting next_dagrun for daily_crypto_bilstm_pipeline to 2026-06-16T17:02:00+00:00, run_after=2026-06-17T17:02:00+00:00
[2026-06-18T12:16:09.387+0000] {processor.py:179} INFO - Processing /opt/airflow/dags/binance_daily_dag.py took 2.799 seconds
[2026-06-18T12:16:39.730+0000] {processor.py:157} INFO - Started process (PID=10028) to work on /opt/airflow/dags/binance_daily_dag.py
[2026-06-18T12:16:39.732+0000] {processor.py:829} INFO - Processing file /opt/airflow/dags/binance_daily_dag.py for tasks to queue
[2026-06-18T12:16:39.733+0000] {logging_mixin.py:151} INFO - [2026-06-18T12:16:39.732+0000] {dagbag.py:539} INFO - Filling up the DagBag from /opt/airflow/dags/binance_daily_dag.py
[2026-06-18T12:16:42.985+0000] {processor.py:839} INFO - DAG(s) dict_keys(['daily_crypto_bilstm_pipeline']) retrieved from /opt/airflow/dags/binance_daily_dag.py
[2026-06-18T12:16:43.028+0000] {logging_mixin.py:151} INFO - [2026-06-18T12:16:43.027+0000] {dag.py:2915} INFO - Sync 1 DAGs
[2026-06-18T12:16:43.110+0000] {logging_mixin.py:151} INFO - [2026-06-18T12:16:43.110+0000] {dag.py:3696} INFO - Setting next_dagrun for daily_crypto_bilstm_pipeline to 2026-06-16T17:02:00+00:00, run_after=2026-06-17T17:02:00+00:00
[2026-06-18T12:16:43.161+0000] {processor.py:179} INFO - Processing /opt/airflow/dags/binance_daily_dag.py took 3.434 seconds
[2026-06-18T12:17:13.298+0000] {processor.py:157} INFO - Started process (PID=10074) to work on /opt/airflow/dags/binance_daily_dag.py
[2026-06-18T12:17:13.300+0000] {processor.py:829} INFO - Processing file /opt/airflow/dags/binance_daily_dag.py for tasks to queue
[2026-06-18T12:17:13.301+0000] {logging_mixin.py:151} INFO - [2026-06-18T12:17:13.300+0000] {dagbag.py:539} INFO - Filling up the DagBag from /opt/airflow/dags/binance_daily_dag.py
[2026-06-18T12:17:15.945+0000] {processor.py:839} INFO - DAG(s) dict_keys(['daily_crypto_bilstm_pipeline']) retrieved from /opt/airflow/dags/binance_daily_dag.py
[2026-06-18T12:17:15.971+0000] {logging_mixin.py:151} INFO - [2026-06-18T12:17:15.970+0000] {dag.py:2915} INFO - Sync 1 DAGs
[2026-06-18T12:17:15.992+0000] {logging_mixin.py:151} INFO - [2026-06-18T12:17:15.991+0000] {dag.py:3696} INFO - Setting next_dagrun for daily_crypto_bilstm_pipeline to 2026-06-16T17:02:00+00:00, run_after=2026-06-17T17:02:00+00:00
[2026-06-18T12:17:16.012+0000] {processor.py:179} INFO - Processing /opt/airflow/dags/binance_daily_dag.py took 2.718 seconds
[2026-06-18T12:17:46.531+0000] {processor.py:157} INFO - Started process (PID=10145) to work on /opt/airflow/dags/binance_daily_dag.py
[2026-06-18T12:17:46.533+0000] {processor.py:829} INFO - Processing file /opt/airflow/dags/binance_daily_dag.py for tasks to queue
[2026-06-18T12:17:46.534+0000] {logging_mixin.py:151} INFO - [2026-06-18T12:17:46.534+0000] {dagbag.py:539} INFO - Filling up the DagBag from /opt/airflow/dags/binance_daily_dag.py
[2026-06-18T12:17:49.125+0000] {processor.py:839} INFO - DAG(s) dict_keys(['daily_crypto_bilstm_pipeline']) retrieved from /opt/airflow/dags/binance_daily_dag.py
[2026-06-18T12:17:49.147+0000] {logging_mixin.py:151} INFO - [2026-06-18T12:17:49.146+0000] {dag.py:2915} INFO - Sync 1 DAGs
[2026-06-18T12:17:49.167+0000] {logging_mixin.py:151} INFO - [2026-06-18T12:17:49.167+0000] {dag.py:3696} INFO - Setting next_dagrun for daily_crypto_bilstm_pipeline to 2026-06-16T17:02:00+00:00, run_after=2026-06-17T17:02:00+00:00
[2026-06-18T12:17:49.192+0000] {processor.py:179} INFO - Processing /opt/airflow/dags/binance_daily_dag.py took 2.665 seconds
[2026-06-18T12:18:19.804+0000] {processor.py:157} INFO - Started process (PID=10183) to work on /opt/airflow/dags/binance_daily_dag.py
[2026-06-18T12:18:19.805+0000] {processor.py:829} INFO - Processing file /opt/airflow/dags/binance_daily_dag.py for tasks to queue
[2026-06-18T12:18:19.807+0000] {logging_mixin.py:151} INFO - [2026-06-18T12:18:19.806+0000] {dagbag.py:539} INFO - Filling up the DagBag from /opt/airflow/dags/binance_daily_dag.py
[2026-06-18T12:18:22.490+0000] {processor.py:839} INFO - DAG(s) dict_keys(['daily_crypto_bilstm_pipeline']) retrieved from /opt/airflow/dags/binance_daily_dag.py
[2026-06-18T12:18:22.512+0000] {logging_mixin.py:151} INFO - [2026-06-18T12:18:22.511+0000] {dag.py:2915} INFO - Sync 1 DAGs
[2026-06-18T12:18:22.531+0000] {logging_mixin.py:151} INFO - [2026-06-18T12:18:22.531+0000] {dag.py:3696} INFO - Setting next_dagrun for daily_crypto_bilstm_pipeline to 2026-06-16T17:02:00+00:00, run_after=2026-06-17T17:02:00+00:00
[2026-06-18T12:18:22.551+0000] {processor.py:179} INFO - Processing /opt/airflow/dags/binance_daily_dag.py took 2.751 seconds
[2026-06-18T12:18:53.115+0000] {processor.py:157} INFO - Started process (PID=10216) to work on /opt/airflow/dags/binance_daily_dag.py
[2026-06-18T12:18:53.116+0000] {processor.py:829} INFO - Processing file /opt/airflow/dags/binance_daily_dag.py for tasks to queue
[2026-06-18T12:18:53.118+0000] {logging_mixin.py:151} INFO - [2026-06-18T12:18:53.117+0000] {dagbag.py:539} INFO - Filling up the DagBag from /opt/airflow/dags/binance_daily_dag.py
[2026-06-18T12:18:55.579+0000] {processor.py:839} INFO - DAG(s) dict_keys(['daily_crypto_bilstm_pipeline']) retrieved from /opt/airflow/dags/binance_daily_dag.py
[2026-06-18T12:18:55.611+0000] {logging_mixin.py:151} INFO - [2026-06-18T12:18:55.610+0000] {dag.py:2915} INFO - Sync 1 DAGs
[2026-06-18T12:18:55.638+0000] {logging_mixin.py:151} INFO - [2026-06-18T12:18:55.638+0000] {dag.py:3696} INFO - Setting next_dagrun for daily_crypto_bilstm_pipeline to 2026-06-16T17:02:00+00:00, run_after=2026-06-17T17:02:00+00:00
[2026-06-18T12:18:55.702+0000] {processor.py:179} INFO - Processing /opt/airflow/dags/binance_daily_dag.py took 2.592 seconds
[2026-06-18T12:19:26.034+0000] {processor.py:157} INFO - Started process (PID=10249) to work on /opt/airflow/dags/binance_daily_dag.py
[2026-06-18T12:19:26.035+0000] {processor.py:829} INFO - Processing file /opt/airflow/dags/binance_daily_dag.py for tasks to queue
[2026-06-18T12:19:26.038+0000] {logging_mixin.py:151} INFO - [2026-06-18T12:19:26.038+0000] {dagbag.py:539} INFO - Filling up the DagBag from /opt/airflow/dags/binance_daily_dag.py
[2026-06-18T12:19:28.604+0000] {processor.py:839} INFO - DAG(s) dict_keys(['daily_crypto_bilstm_pipeline']) retrieved from /opt/airflow/dags/binance_daily_dag.py
[2026-06-18T12:19:28.626+0000] {logging_mixin.py:151} INFO - [2026-06-18T12:19:28.625+0000] {dag.py:2915} INFO - Sync 1 DAGs
[2026-06-18T12:19:28.648+0000] {logging_mixin.py:151} INFO - [2026-06-18T12:19:28.648+0000] {dag.py:3696} INFO - Setting next_dagrun for daily_crypto_bilstm_pipeline to 2026-06-16T17:02:00+00:00, run_after=2026-06-17T17:02:00+00:00
[2026-06-18T12:19:28.924+0000] {processor.py:179} INFO - Processing /opt/airflow/dags/binance_daily_dag.py took 2.894 seconds
[2026-06-18T12:19:59.458+0000] {processor.py:157} INFO - Started process (PID=10282) to work on /opt/airflow/dags/binance_daily_dag.py
[2026-06-18T12:19:59.459+0000] {processor.py:829} INFO - Processing file /opt/airflow/dags/binance_daily_dag.py for tasks to queue
[2026-06-18T12:19:59.459+0000] {logging_mixin.py:151} INFO - [2026-06-18T12:19:59.459+0000] {dagbag.py:539} INFO - Filling up the DagBag from /opt/airflow/dags/binance_daily_dag.py
[2026-06-18T12:20:02.020+0000] {processor.py:839} INFO - DAG(s) dict_keys(['daily_crypto_bilstm_pipeline']) retrieved from /opt/airflow/dags/binance_daily_dag.py
[2026-06-18T12:20:02.042+0000] {logging_mixin.py:151} INFO - [2026-06-18T12:20:02.041+0000] {dag.py:2915} INFO - Sync 1 DAGs
[2026-06-18T12:20:02.058+0000] {logging_mixin.py:151} INFO - [2026-06-18T12:20:02.058+0000] {dag.py:3696} INFO - Setting next_dagrun for daily_crypto_bilstm_pipeline to 2026-06-16T17:02:00+00:00, run_after=2026-06-17T17:02:00+00:00
[2026-06-18T12:20:02.115+0000] {processor.py:179} INFO - Processing /opt/airflow/dags/binance_daily_dag.py took 2.660 seconds
[2026-06-18T12:20:32.486+0000] {processor.py:157} INFO - Started process (PID=10315) to work on /opt/airflow/dags/binance_daily_dag.py
[2026-06-18T12:20:32.491+0000] {processor.py:829} INFO - Processing file /opt/airflow/dags/binance_daily_dag.py for tasks to queue
[2026-06-18T12:20:32.494+0000] {logging_mixin.py:151} INFO - [2026-06-18T12:20:32.493+0000] {dagbag.py:539} INFO - Filling up the DagBag from /opt/airflow/dags/binance_daily_dag.py
[2026-06-18T12:20:35.089+0000] {processor.py:839} INFO - DAG(s) dict_keys(['daily_crypto_bilstm_pipeline']) retrieved from /opt/airflow/dags/binance_daily_dag.py
[2026-06-18T12:20:35.111+0000] {logging_mixin.py:151} INFO - [2026-06-18T12:20:35.111+0000] {dag.py:2915} INFO - Sync 1 DAGs
[2026-06-18T12:20:35.130+0000] {logging_mixin.py:151} INFO - [2026-06-18T12:20:35.129+0000] {dag.py:3696} INFO - Setting next_dagrun for daily_crypto_bilstm_pipeline to 2026-06-16T17:02:00+00:00, run_after=2026-06-17T17:02:00+00:00
[2026-06-18T12:20:35.151+0000] {processor.py:179} INFO - Processing /opt/airflow/dags/binance_daily_dag.py took 2.670 seconds
[2026-06-18T12:21:06.125+0000] {processor.py:157} INFO - Started process (PID=10351) to work on /opt/airflow/dags/binance_daily_dag.py
[2026-06-18T12:21:06.128+0000] {processor.py:829} INFO - Processing file /opt/airflow/dags/binance_daily_dag.py for tasks to queue
[2026-06-18T12:21:06.131+0000] {logging_mixin.py:151} INFO - [2026-06-18T12:21:06.130+0000] {dagbag.py:539} INFO - Filling up the DagBag from /opt/airflow/dags/binance_daily_dag.py
[2026-06-18T12:21:08.540+0000] {processor.py:839} INFO - DAG(s) dict_keys(['daily_crypto_bilstm_pipeline']) retrieved from /opt/airflow/dags/binance_daily_dag.py
[2026-06-18T12:21:08.559+0000] {logging_mixin.py:151} INFO - [2026-06-18T12:21:08.558+0000] {dag.py:2915} INFO - Sync 1 DAGs
[2026-06-18T12:21:08.718+0000] {logging_mixin.py:151} INFO - [2026-06-18T12:21:08.718+0000] {dag.py:3696} INFO - Setting next_dagrun for daily_crypto_bilstm_pipeline to 2026-06-16T17:02:00+00:00, run_after=2026-06-17T17:02:00+00:00
[2026-06-18T12:21:08.741+0000] {processor.py:179} INFO - Processing /opt/airflow/dags/binance_daily_dag.py took 2.620 seconds
[2026-06-18T12:21:39.401+0000] {processor.py:157} INFO - Started process (PID=10384) to work on /opt/airflow/dags/binance_daily_dag.py
[2026-06-18T12:21:39.402+0000] {processor.py:829} INFO - Processing file /opt/airflow/dags/binance_daily_dag.py for tasks to queue
[2026-06-18T12:21:39.403+0000] {logging_mixin.py:151} INFO - [2026-06-18T12:21:39.403+0000] {dagbag.py:539} INFO - Filling up the DagBag from /opt/airflow/dags/binance_daily_dag.py
[2026-06-18T12:21:41.772+0000] {processor.py:839} INFO - DAG(s) dict_keys(['daily_crypto_bilstm_pipeline']) retrieved from /opt/airflow/dags/binance_daily_dag.py
[2026-06-18T12:21:41.795+0000] {logging_mixin.py:151} INFO - [2026-06-18T12:21:41.794+0000] {dag.py:2915} INFO - Sync 1 DAGs
[2026-06-18T12:21:41.813+0000] {logging_mixin.py:151} INFO - [2026-06-18T12:21:41.813+0000] {dag.py:3696} INFO - Setting next_dagrun for daily_crypto_bilstm_pipeline to 2026-06-16T17:02:00+00:00, run_after=2026-06-17T17:02:00+00:00
[2026-06-18T12:21:41.859+0000] {processor.py:179} INFO - Processing /opt/airflow/dags/binance_daily_dag.py took 2.461 seconds
[2026-06-18T12:22:12.540+0000] {processor.py:157} INFO - Started process (PID=10417) to work on /opt/airflow/dags/binance_daily_dag.py
[2026-06-18T12:22:12.542+0000] {processor.py:829} INFO - Processing file /opt/airflow/dags/binance_daily_dag.py for tasks to queue
[2026-06-18T12:22:12.543+0000] {logging_mixin.py:151} INFO - [2026-06-18T12:22:12.542+0000] {dagbag.py:539} INFO - Filling up the DagBag from /opt/airflow/dags/binance_daily_dag.py
[2026-06-18T12:22:15.083+0000] {processor.py:839} INFO - DAG(s) dict_keys(['daily_crypto_bilstm_pipeline']) retrieved from /opt/airflow/dags/binance_daily_dag.py
[2026-06-18T12:22:15.102+0000] {logging_mixin.py:151} INFO - [2026-06-18T12:22:15.102+0000] {dag.py:2915} INFO - Sync 1 DAGs
[2026-06-18T12:22:15.121+0000] {logging_mixin.py:151} INFO - [2026-06-18T12:22:15.121+0000] {dag.py:3696} INFO - Setting next_dagrun for daily_crypto_bilstm_pipeline to 2026-06-16T17:02:00+00:00, run_after=2026-06-17T17:02:00+00:00
[2026-06-18T12:22:15.328+0000] {processor.py:179} INFO - Processing /opt/airflow/dags/binance_daily_dag.py took 2.792 seconds
[2026-06-18T12:22:46.006+0000] {processor.py:157} INFO - Started process (PID=10458) to work on /opt/airflow/dags/binance_daily_dag.py
[2026-06-18T12:22:46.009+0000] {processor.py:829} INFO - Processing file /opt/airflow/dags/binance_daily_dag.py for tasks to queue
[2026-06-18T12:22:46.010+0000] {logging_mixin.py:151} INFO - [2026-06-18T12:22:46.010+0000] {dagbag.py:539} INFO - Filling up the DagBag from /opt/airflow/dags/binance_daily_dag.py
[2026-06-18T12:22:49.065+0000] {processor.py:839} INFO - DAG(s) dict_keys(['daily_crypto_bilstm_pipeline']) retrieved from /opt/airflow/dags/binance_daily_dag.py
[2026-06-18T12:22:49.089+0000] {logging_mixin.py:151} INFO - [2026-06-18T12:22:49.088+0000] {dag.py:2915} INFO - Sync 1 DAGs
[2026-06-18T12:22:49.109+0000] {logging_mixin.py:151} INFO - [2026-06-18T12:22:49.109+0000] {dag.py:3696} INFO - Setting next_dagrun for daily_crypto_bilstm_pipeline to 2026-06-16T17:02:00+00:00, run_after=2026-06-17T17:02:00+00:00
[2026-06-18T12:22:49.152+0000] {processor.py:179} INFO - Processing /opt/airflow/dags/binance_daily_dag.py took 3.153 seconds
[2026-06-18T12:23:19.532+0000] {processor.py:157} INFO - Started process (PID=10491) to work on /opt/airflow/dags/binance_daily_dag.py
[2026-06-18T12:23:19.534+0000] {processor.py:829} INFO - Processing file /opt/airflow/dags/binance_daily_dag.py for tasks to queue
[2026-06-18T12:23:19.535+0000] {logging_mixin.py:151} INFO - [2026-06-18T12:23:19.535+0000] {dagbag.py:539} INFO - Filling up the DagBag from /opt/airflow/dags/binance_daily_dag.py
[2026-06-18T12:23:21.907+0000] {processor.py:839} INFO - DAG(s) dict_keys(['daily_crypto_bilstm_pipeline']) retrieved from /opt/airflow/dags/binance_daily_dag.py
[2026-06-18T12:23:21.927+0000] {logging_mixin.py:151} INFO - [2026-06-18T12:23:21.926+0000] {dag.py:2915} INFO - Sync 1 DAGs
[2026-06-18T12:23:21.944+0000] {logging_mixin.py:151} INFO - [2026-06-18T12:23:21.944+0000] {dag.py:3696} INFO - Setting next_dagrun for daily_crypto_bilstm_pipeline to 2026-06-16T17:02:00+00:00, run_after=2026-06-17T17:02:00+00:00
[2026-06-18T12:23:21.977+0000] {processor.py:179} INFO - Processing /opt/airflow/dags/binance_daily_dag.py took 2.456 seconds
[2026-06-18T12:23:52.588+0000] {processor.py:157} INFO - Started process (PID=10529) to work on /opt/airflow/dags/binance_daily_dag.py
[2026-06-18T12:23:52.591+0000] {processor.py:829} INFO - Processing file /opt/airflow/dags/binance_daily_dag.py for tasks to queue
[2026-06-18T12:23:52.592+0000] {logging_mixin.py:151} INFO - [2026-06-18T12:23:52.592+0000] {dagbag.py:539} INFO - Filling up the DagBag from /opt/airflow/dags/binance_daily_dag.py
[2026-06-18T12:23:55.542+0000] {processor.py:839} INFO - DAG(s) dict_keys(['daily_crypto_bilstm_pipeline']) retrieved from /opt/airflow/dags/binance_daily_dag.py
[2026-06-18T12:23:55.565+0000] {logging_mixin.py:151} INFO - [2026-06-18T12:23:55.565+0000] {dag.py:2915} INFO - Sync 1 DAGs
[2026-06-18T12:23:55.588+0000] {logging_mixin.py:151} INFO - [2026-06-18T12:23:55.587+0000] {dag.py:3696} INFO - Setting next_dagrun for daily_crypto_bilstm_pipeline to 2026-06-16T17:02:00+00:00, run_after=2026-06-17T17:02:00+00:00
[2026-06-18T12:23:55.639+0000] {processor.py:179} INFO - Processing /opt/airflow/dags/binance_daily_dag.py took 3.060 seconds
[2026-06-18T12:24:26.063+0000] {processor.py:157} INFO - Started process (PID=10562) to work on /opt/airflow/dags/binance_daily_dag.py
[2026-06-18T12:24:26.065+0000] {processor.py:829} INFO - Processing file /opt/airflow/dags/binance_daily_dag.py for tasks to queue
[2026-06-18T12:24:26.066+0000] {logging_mixin.py:151} INFO - [2026-06-18T12:24:26.065+0000] {dagbag.py:539} INFO - Filling up the DagBag from /opt/airflow/dags/binance_daily_dag.py
[2026-06-18T12:24:28.649+0000] {processor.py:839} INFO - DAG(s) dict_keys(['daily_crypto_bilstm_pipeline']) retrieved from /opt/airflow/dags/binance_daily_dag.py
[2026-06-18T12:24:28.668+0000] {logging_mixin.py:151} INFO - [2026-06-18T12:24:28.668+0000] {dag.py:2915} INFO - Sync 1 DAGs
[2026-06-18T12:24:28.685+0000] {logging_mixin.py:151} INFO - [2026-06-18T12:24:28.685+0000] {dag.py:3696} INFO - Setting next_dagrun for daily_crypto_bilstm_pipeline to 2026-06-16T17:02:00+00:00, run_after=2026-06-17T17:02:00+00:00
[2026-06-18T12:24:28.707+0000] {processor.py:179} INFO - Processing /opt/airflow/dags/binance_daily_dag.py took 2.651 seconds
[2026-06-18T12:25:20.768+0000] {processor.py:157} INFO - Started process (PID=234) to work on /opt/airflow/dags/binance_daily_dag.py
[2026-06-18T12:25:20.769+0000] {processor.py:829} INFO - Processing file /opt/airflow/dags/binance_daily_dag.py for tasks to queue
[2026-06-18T12:25:20.770+0000] {logging_mixin.py:151} INFO - [2026-06-18T12:25:20.769+0000] {dagbag.py:539} INFO - Filling up the DagBag from /opt/airflow/dags/binance_daily_dag.py
[2026-06-18T12:25:23.480+0000] {processor.py:839} INFO - DAG(s) dict_keys(['daily_crypto_bilstm_pipeline']) retrieved from /opt/airflow/dags/binance_daily_dag.py
[2026-06-18T12:25:23.494+0000] {logging_mixin.py:151} INFO - [2026-06-18T12:25:23.492+0000] {dag.py:2915} INFO - Sync 1 DAGs
[2026-06-18T12:25:23.515+0000] {logging_mixin.py:151} INFO - [2026-06-18T12:25:23.515+0000] {dag.py:3696} INFO - Setting next_dagrun for daily_crypto_bilstm_pipeline to 2026-06-16T17:02:00+00:00, run_after=2026-06-17T17:02:00+00:00
[2026-06-18T12:25:23.537+0000] {processor.py:179} INFO - Processing /opt/airflow/dags/binance_daily_dag.py took 2.774 seconds
[2026-06-18T12:25:55.524+0000] {processor.py:157} INFO - Started process (PID=293) to work on /opt/airflow/dags/binance_daily_dag.py
[2026-06-18T12:25:55.525+0000] {processor.py:829} INFO - Processing file /opt/airflow/dags/binance_daily_dag.py for tasks to queue
[2026-06-18T12:25:55.526+0000] {logging_mixin.py:151} INFO - [2026-06-18T12:25:55.526+0000] {dagbag.py:539} INFO - Filling up the DagBag from /opt/airflow/dags/binance_daily_dag.py
[2026-06-18T12:25:58.124+0000] {processor.py:839} INFO - DAG(s) dict_keys(['daily_crypto_bilstm_pipeline']) retrieved from /opt/airflow/dags/binance_daily_dag.py
[2026-06-18T12:25:58.153+0000] {logging_mixin.py:151} INFO - [2026-06-18T12:25:58.153+0000] {dag.py:2915} INFO - Sync 1 DAGs
[2026-06-18T12:25:58.169+0000] {logging_mixin.py:151} INFO - [2026-06-18T12:25:58.169+0000] {dag.py:3696} INFO - Setting next_dagrun for daily_crypto_bilstm_pipeline to 2026-06-16T17:02:00+00:00, run_after=2026-06-17T17:02:00+00:00
[2026-06-18T12:25:58.231+0000] {processor.py:179} INFO - Processing /opt/airflow/dags/binance_daily_dag.py took 2.713 seconds
[2026-06-18T12:26:29.436+0000] {processor.py:157} INFO - Started process (PID=324) to work on /opt/airflow/dags/binance_daily_dag.py
[2026-06-18T12:26:29.437+0000] {processor.py:829} INFO - Processing file /opt/airflow/dags/binance_daily_dag.py for tasks to queue
[2026-06-18T12:26:29.438+0000] {logging_mixin.py:151} INFO - [2026-06-18T12:26:29.438+0000] {dagbag.py:539} INFO - Filling up the DagBag from /opt/airflow/dags/binance_daily_dag.py
[2026-06-18T12:26:32.058+0000] {processor.py:839} INFO - DAG(s) dict_keys(['daily_crypto_bilstm_pipeline']) retrieved from /opt/airflow/dags/binance_daily_dag.py
[2026-06-18T12:26:32.091+0000] {logging_mixin.py:151} INFO - [2026-06-18T12:26:32.090+0000] {dag.py:2915} INFO - Sync 1 DAGs
[2026-06-18T12:26:32.120+0000] {logging_mixin.py:151} INFO - [2026-06-18T12:26:32.120+0000] {dag.py:3696} INFO - Setting next_dagrun for daily_crypto_bilstm_pipeline to 2026-06-16T17:02:00+00:00, run_after=2026-06-17T17:02:00+00:00
[2026-06-18T12:26:32.143+0000] {processor.py:179} INFO - Processing /opt/airflow/dags/binance_daily_dag.py took 2.711 seconds
[2026-06-18T12:27:03.602+0000] {processor.py:157} INFO - Started process (PID=356) to work on /opt/airflow/dags/binance_daily_dag.py
[2026-06-18T12:27:03.603+0000] {processor.py:829} INFO - Processing file /opt/airflow/dags/binance_daily_dag.py for tasks to queue
[2026-06-18T12:27:03.604+0000] {logging_mixin.py:151} INFO - [2026-06-18T12:27:03.604+0000] {dagbag.py:539} INFO - Filling up the DagBag from /opt/airflow/dags/binance_daily_dag.py
[2026-06-18T12:27:05.763+0000] {processor.py:839} INFO - DAG(s) dict_keys(['daily_crypto_bilstm_pipeline']) retrieved from /opt/airflow/dags/binance_daily_dag.py
[2026-06-18T12:27:05.784+0000] {logging_mixin.py:151} INFO - [2026-06-18T12:27:05.784+0000] {dag.py:2915} INFO - Sync 1 DAGs
[2026-06-18T12:27:05.805+0000] {logging_mixin.py:151} INFO - [2026-06-18T12:27:05.804+0000] {dag.py:3696} INFO - Setting next_dagrun for daily_crypto_bilstm_pipeline to 2026-06-16T17:02:00+00:00, run_after=2026-06-17T17:02:00+00:00
[2026-06-18T12:27:05.865+0000] {processor.py:179} INFO - Processing /opt/airflow/dags/binance_daily_dag.py took 2.267 seconds
[2026-06-18T12:27:37.081+0000] {processor.py:157} INFO - Started process (PID=389) to work on /opt/airflow/dags/binance_daily_dag.py
[2026-06-18T12:27:37.082+0000] {processor.py:829} INFO - Processing file /opt/airflow/dags/binance_daily_dag.py for tasks to queue
[2026-06-18T12:27:37.083+0000] {logging_mixin.py:151} INFO - [2026-06-18T12:27:37.083+0000] {dagbag.py:539} INFO - Filling up the DagBag from /opt/airflow/dags/binance_daily_dag.py
[2026-06-18T12:27:39.504+0000] {processor.py:839} INFO - DAG(s) dict_keys(['daily_crypto_bilstm_pipeline']) retrieved from /opt/airflow/dags/binance_daily_dag.py
[2026-06-18T12:27:39.525+0000] {logging_mixin.py:151} INFO - [2026-06-18T12:27:39.524+0000] {dag.py:2915} INFO - Sync 1 DAGs
[2026-06-18T12:27:39.543+0000] {logging_mixin.py:151} INFO - [2026-06-18T12:27:39.543+0000] {dag.py:3696} INFO - Setting next_dagrun for daily_crypto_bilstm_pipeline to 2026-06-16T17:02:00+00:00, run_after=2026-06-17T17:02:00+00:00
[2026-06-18T12:27:39.564+0000] {processor.py:179} INFO - Processing /opt/airflow/dags/binance_daily_dag.py took 2.487 seconds
[2026-06-18T12:28:10.304+0000] {processor.py:157} INFO - Started process (PID=429) to work on /opt/airflow/dags/binance_daily_dag.py
[2026-06-18T12:28:10.306+0000] {processor.py:829} INFO - Processing file /opt/airflow/dags/binance_daily_dag.py for tasks to queue
[2026-06-18T12:28:10.308+0000] {logging_mixin.py:151} INFO - [2026-06-18T12:28:10.307+0000] {dagbag.py:539} INFO - Filling up the DagBag from /opt/airflow/dags/binance_daily_dag.py
[2026-06-18T12:28:12.736+0000] {processor.py:839} INFO - DAG(s) dict_keys(['daily_crypto_bilstm_pipeline']) retrieved from /opt/airflow/dags/binance_daily_dag.py
[2026-06-18T12:28:12.757+0000] {logging_mixin.py:151} INFO - [2026-06-18T12:28:12.756+0000] {dag.py:2915} INFO - Sync 1 DAGs
[2026-06-18T12:28:12.781+0000] {logging_mixin.py:151} INFO - [2026-06-18T12:28:12.781+0000] {dag.py:3696} INFO - Setting next_dagrun for daily_crypto_bilstm_pipeline to 2026-06-16T17:02:00+00:00, run_after=2026-06-17T17:02:00+00:00
[2026-06-18T12:28:12.806+0000] {processor.py:179} INFO - Processing /opt/airflow/dags/binance_daily_dag.py took 2.509 seconds
[2026-06-18T12:28:43.539+0000] {processor.py:157} INFO - Started process (PID=462) to work on /opt/airflow/dags/binance_daily_dag.py
[2026-06-18T12:28:43.540+0000] {processor.py:829} INFO - Processing file /opt/airflow/dags/binance_daily_dag.py for tasks to queue
[2026-06-18T12:28:43.541+0000] {logging_mixin.py:151} INFO - [2026-06-18T12:28:43.541+0000] {dagbag.py:539} INFO - Filling up the DagBag from /opt/airflow/dags/binance_daily_dag.py
[2026-06-18T12:28:45.887+0000] {processor.py:839} INFO - DAG(s) dict_keys(['daily_crypto_bilstm_pipeline']) retrieved from /opt/airflow/dags/binance_daily_dag.py
[2026-06-18T12:28:45.911+0000] {logging_mixin.py:151} INFO - [2026-06-18T12:28:45.910+0000] {dag.py:2915} INFO - Sync 1 DAGs
[2026-06-18T12:28:45.935+0000] {logging_mixin.py:151} INFO - [2026-06-18T12:28:45.934+0000] {dag.py:3696} INFO - Setting next_dagrun for daily_crypto_bilstm_pipeline to 2026-06-16T17:02:00+00:00, run_after=2026-06-17T17:02:00+00:00
[2026-06-18T12:28:45.965+0000] {processor.py:179} INFO - Processing /opt/airflow/dags/binance_daily_dag.py took 2.430 seconds
[2026-06-18T12:29:16.615+0000] {processor.py:157} INFO - Started process (PID=495) to work on /opt/airflow/dags/binance_daily_dag.py
[2026-06-18T12:29:16.616+0000] {processor.py:829} INFO - Processing file /opt/airflow/dags/binance_daily_dag.py for tasks to queue
[2026-06-18T12:29:16.617+0000] {logging_mixin.py:151} INFO - [2026-06-18T12:29:16.617+0000] {dagbag.py:539} INFO - Filling up the DagBag from /opt/airflow/dags/binance_daily_dag.py
[2026-06-18T12:29:18.797+0000] {processor.py:839} INFO - DAG(s) dict_keys(['daily_crypto_bilstm_pipeline']) retrieved from /opt/airflow/dags/binance_daily_dag.py
[2026-06-18T12:29:18.818+0000] {logging_mixin.py:151} INFO - [2026-06-18T12:29:18.818+0000] {dag.py:2915} INFO - Sync 1 DAGs
[2026-06-18T12:29:18.837+0000] {logging_mixin.py:151} INFO - [2026-06-18T12:29:18.837+0000] {dag.py:3696} INFO - Setting next_dagrun for daily_crypto_bilstm_pipeline to 2026-06-16T17:02:00+00:00, run_after=2026-06-17T17:02:00+00:00
[2026-06-18T12:29:18.859+0000] {processor.py:179} INFO - Processing /opt/airflow/dags/binance_daily_dag.py took 2.247 seconds
[2026-06-18T12:29:49.444+0000] {processor.py:157} INFO - Started process (PID=528) to work on /opt/airflow/dags/binance_daily_dag.py
[2026-06-18T12:29:49.445+0000] {processor.py:829} INFO - Processing file /opt/airflow/dags/binance_daily_dag.py for tasks to queue
[2026-06-18T12:29:49.446+0000] {logging_mixin.py:151} INFO - [2026-06-18T12:29:49.445+0000] {dagbag.py:539} INFO - Filling up the DagBag from /opt/airflow/dags/binance_daily_dag.py
[2026-06-18T12:29:51.665+0000] {processor.py:839} INFO - DAG(s) dict_keys(['daily_crypto_bilstm_pipeline']) retrieved from /opt/airflow/dags/binance_daily_dag.py
[2026-06-18T12:29:51.691+0000] {logging_mixin.py:151} INFO - [2026-06-18T12:29:51.690+0000] {dag.py:2915} INFO - Sync 1 DAGs
[2026-06-18T12:29:51.711+0000] {logging_mixin.py:151} INFO - [2026-06-18T12:29:51.711+0000] {dag.py:3696} INFO - Setting next_dagrun for daily_crypto_bilstm_pipeline to 2026-06-16T17:02:00+00:00, run_after=2026-06-17T17:02:00+00:00
[2026-06-18T12:29:51.771+0000] {processor.py:179} INFO - Processing /opt/airflow/dags/binance_daily_dag.py took 2.332 seconds
[2026-06-18T12:30:22.722+0000] {processor.py:157} INFO - Started process (PID=561) to work on /opt/airflow/dags/binance_daily_dag.py
[2026-06-18T12:30:22.724+0000] {processor.py:829} INFO - Processing file /opt/airflow/dags/binance_daily_dag.py for tasks to queue
[2026-06-18T12:30:22.725+0000] {logging_mixin.py:151} INFO - [2026-06-18T12:30:22.724+0000] {dagbag.py:539} INFO - Filling up the DagBag from /opt/airflow/dags/binance_daily_dag.py
[2026-06-18T12:30:25.014+0000] {processor.py:839} INFO - DAG(s) dict_keys(['daily_crypto_bilstm_pipeline']) retrieved from /opt/airflow/dags/binance_daily_dag.py
[2026-06-18T12:30:25.035+0000] {logging_mixin.py:151} INFO - [2026-06-18T12:30:25.035+0000] {dag.py:2915} INFO - Sync 1 DAGs
[2026-06-18T12:30:25.060+0000] {logging_mixin.py:151} INFO - [2026-06-18T12:30:25.060+0000] {dag.py:3696} INFO - Setting next_dagrun for daily_crypto_bilstm_pipeline to 2026-06-16T17:02:00+00:00, run_after=2026-06-17T17:02:00+00:00
[2026-06-18T12:30:25.123+0000] {processor.py:179} INFO - Processing /opt/airflow/dags/binance_daily_dag.py took 2.408 seconds
[2026-06-18T12:30:56.018+0000] {processor.py:157} INFO - Started process (PID=594) to work on /opt/airflow/dags/binance_daily_dag.py
[2026-06-18T12:30:56.019+0000] {processor.py:829} INFO - Processing file /opt/airflow/dags/binance_daily_dag.py for tasks to queue
[2026-06-18T12:30:56.020+0000] {logging_mixin.py:151} INFO - [2026-06-18T12:30:56.020+0000] {dagbag.py:539} INFO - Filling up the DagBag from /opt/airflow/dags/binance_daily_dag.py
[2026-06-18T12:30:58.182+0000] {processor.py:839} INFO - DAG(s) dict_keys(['daily_crypto_bilstm_pipeline']) retrieved from /opt/airflow/dags/binance_daily_dag.py
[2026-06-18T12:30:58.204+0000] {logging_mixin.py:151} INFO - [2026-06-18T12:30:58.203+0000] {dag.py:2915} INFO - Sync 1 DAGs
[2026-06-18T12:30:58.223+0000] {logging_mixin.py:151} INFO - [2026-06-18T12:30:58.223+0000] {dag.py:3696} INFO - Setting next_dagrun for daily_crypto_bilstm_pipeline to 2026-06-16T17:02:00+00:00, run_after=2026-06-17T17:02:00+00:00
[2026-06-18T12:30:58.244+0000] {processor.py:179} INFO - Processing /opt/airflow/dags/binance_daily_dag.py took 2.230 seconds
[2026-06-18T12:31:29.183+0000] {processor.py:157} INFO - Started process (PID=627) to work on /opt/airflow/dags/binance_daily_dag.py
[2026-06-18T12:31:29.184+0000] {processor.py:829} INFO - Processing file /opt/airflow/dags/binance_daily_dag.py for tasks to queue
[2026-06-18T12:31:29.185+0000] {logging_mixin.py:151} INFO - [2026-06-18T12:31:29.185+0000] {dagbag.py:539} INFO - Filling up the DagBag from /opt/airflow/dags/binance_daily_dag.py
[2026-06-18T12:31:31.273+0000] {processor.py:839} INFO - DAG(s) dict_keys(['daily_crypto_bilstm_pipeline']) retrieved from /opt/airflow/dags/binance_daily_dag.py
[2026-06-18T12:31:31.295+0000] {logging_mixin.py:151} INFO - [2026-06-18T12:31:31.294+0000] {dag.py:2915} INFO - Sync 1 DAGs
[2026-06-18T12:31:31.321+0000] {logging_mixin.py:151} INFO - [2026-06-18T12:31:31.320+0000] {dag.py:3696} INFO - Setting next_dagrun for daily_crypto_bilstm_pipeline to 2026-06-16T17:02:00+00:00, run_after=2026-06-17T17:02:00+00:00
[2026-06-18T12:31:31.349+0000] {processor.py:179} INFO - Processing /opt/airflow/dags/binance_daily_dag.py took 2.170 seconds
[2026-06-18T12:32:02.735+0000] {processor.py:157} INFO - Started process (PID=660) to work on /opt/airflow/dags/binance_daily_dag.py
[2026-06-18T12:32:02.742+0000] {processor.py:829} INFO - Processing file /opt/airflow/dags/binance_daily_dag.py for tasks to queue
[2026-06-18T12:32:02.743+0000] {logging_mixin.py:151} INFO - [2026-06-18T12:32:02.742+0000] {dagbag.py:539} INFO - Filling up the DagBag from /opt/airflow/dags/binance_daily_dag.py
[2026-06-18T12:32:05.124+0000] {processor.py:839} INFO - DAG(s) dict_keys(['daily_crypto_bilstm_pipeline']) retrieved from /opt/airflow/dags/binance_daily_dag.py
[2026-06-18T12:32:05.143+0000] {logging_mixin.py:151} INFO - [2026-06-18T12:32:05.142+0000] {dag.py:2915} INFO - Sync 1 DAGs
[2026-06-18T12:32:05.161+0000] {logging_mixin.py:151} INFO - [2026-06-18T12:32:05.161+0000] {dag.py:3696} INFO - Setting next_dagrun for daily_crypto_bilstm_pipeline to 2026-06-16T17:02:00+00:00, run_after=2026-06-17T17:02:00+00:00
[2026-06-18T12:32:05.182+0000] {processor.py:179} INFO - Processing /opt/airflow/dags/binance_daily_dag.py took 2.451 seconds
[2026-06-18T12:32:35.563+0000] {processor.py:157} INFO - Started process (PID=693) to work on /opt/airflow/dags/binance_daily_dag.py
[2026-06-18T12:32:35.564+0000] {processor.py:829} INFO - Processing file /opt/airflow/dags/binance_daily_dag.py for tasks to queue
[2026-06-18T12:32:35.565+0000] {logging_mixin.py:151} INFO - [2026-06-18T12:32:35.565+0000] {dagbag.py:539} INFO - Filling up the DagBag from /opt/airflow/dags/binance_daily_dag.py
[2026-06-18T12:32:38.043+0000] {processor.py:839} INFO - DAG(s) dict_keys(['daily_crypto_bilstm_pipeline']) retrieved from /opt/airflow/dags/binance_daily_dag.py
[2026-06-18T12:32:38.064+0000] {logging_mixin.py:151} INFO - [2026-06-18T12:32:38.063+0000] {dag.py:2915} INFO - Sync 1 DAGs
[2026-06-18T12:32:38.083+0000] {logging_mixin.py:151} INFO - [2026-06-18T12:32:38.083+0000] {dag.py:3696} INFO - Setting next_dagrun for daily_crypto_bilstm_pipeline to 2026-06-16T17:02:00+00:00, run_after=2026-06-17T17:02:00+00:00
[2026-06-18T12:32:38.105+0000] {processor.py:179} INFO - Processing /opt/airflow/dags/binance_daily_dag.py took 2.546 seconds
[2026-06-18T12:33:08.928+0000] {processor.py:157} INFO - Started process (PID=738) to work on /opt/airflow/dags/binance_daily_dag.py
[2026-06-18T12:33:08.929+0000] {processor.py:829} INFO - Processing file /opt/airflow/dags/binance_daily_dag.py for tasks to queue
[2026-06-18T12:33:08.930+0000] {logging_mixin.py:151} INFO - [2026-06-18T12:33:08.930+0000] {dagbag.py:539} INFO - Filling up the DagBag from /opt/airflow/dags/binance_daily_dag.py
[2026-06-18T12:33:11.139+0000] {processor.py:839} INFO - DAG(s) dict_keys(['daily_crypto_bilstm_pipeline']) retrieved from /opt/airflow/dags/binance_daily_dag.py
[2026-06-18T12:33:11.158+0000] {logging_mixin.py:151} INFO - [2026-06-18T12:33:11.158+0000] {dag.py:2915} INFO - Sync 1 DAGs
[2026-06-18T12:33:11.177+0000] {logging_mixin.py:151} INFO - [2026-06-18T12:33:11.177+0000] {dag.py:3696} INFO - Setting next_dagrun for daily_crypto_bilstm_pipeline to 2026-06-16T17:02:00+00:00, run_after=2026-06-17T17:02:00+00:00
[2026-06-18T12:33:11.198+0000] {processor.py:179} INFO - Processing /opt/airflow/dags/binance_daily_dag.py took 2.274 seconds
[2026-06-18T12:33:41.646+0000] {processor.py:157} INFO - Started process (PID=771) to work on /opt/airflow/dags/binance_daily_dag.py
[2026-06-18T12:33:41.647+0000] {processor.py:829} INFO - Processing file /opt/airflow/dags/binance_daily_dag.py for tasks to queue
[2026-06-18T12:33:41.648+0000] {logging_mixin.py:151} INFO - [2026-06-18T12:33:41.648+0000] {dagbag.py:539} INFO - Filling up the DagBag from /opt/airflow/dags/binance_daily_dag.py
[2026-06-18T12:33:43.910+0000] {processor.py:839} INFO - DAG(s) dict_keys(['daily_crypto_bilstm_pipeline']) retrieved from /opt/airflow/dags/binance_daily_dag.py
[2026-06-18T12:33:43.936+0000] {logging_mixin.py:151} INFO - [2026-06-18T12:33:43.935+0000] {dag.py:2915} INFO - Sync 1 DAGs
[2026-06-18T12:33:43.956+0000] {logging_mixin.py:151} INFO - [2026-06-18T12:33:43.956+0000] {dag.py:3696} INFO - Setting next_dagrun for daily_crypto_bilstm_pipeline to 2026-06-16T17:02:00+00:00, run_after=2026-06-17T17:02:00+00:00
[2026-06-18T12:33:44.018+0000] {processor.py:179} INFO - Processing /opt/airflow/dags/binance_daily_dag.py took 2.375 seconds
[2026-06-18T12:34:14.797+0000] {processor.py:157} INFO - Started process (PID=804) to work on /opt/airflow/dags/binance_daily_dag.py
[2026-06-18T12:34:14.798+0000] {processor.py:829} INFO - Processing file /opt/airflow/dags/binance_daily_dag.py for tasks to queue
[2026-06-18T12:34:14.799+0000] {logging_mixin.py:151} INFO - [2026-06-18T12:34:14.799+0000] {dagbag.py:539} INFO - Filling up the DagBag from /opt/airflow/dags/binance_daily_dag.py
[2026-06-18T12:34:17.043+0000] {processor.py:839} INFO - DAG(s) dict_keys(['daily_crypto_bilstm_pipeline']) retrieved from /opt/airflow/dags/binance_daily_dag.py
[2026-06-18T12:34:17.072+0000] {logging_mixin.py:151} INFO - [2026-06-18T12:34:17.071+0000] {dag.py:2915} INFO - Sync 1 DAGs
[2026-06-18T12:34:17.094+0000] {logging_mixin.py:151} INFO - [2026-06-18T12:34:17.094+0000] {dag.py:3696} INFO - Setting next_dagrun for daily_crypto_bilstm_pipeline to 2026-06-16T17:02:00+00:00, run_after=2026-06-17T17:02:00+00:00
[2026-06-18T12:34:17.167+0000] {processor.py:179} INFO - Processing /opt/airflow/dags/binance_daily_dag.py took 2.374 seconds
[2026-06-18T12:34:47.729+0000] {processor.py:157} INFO - Started process (PID=837) to work on /opt/airflow/dags/binance_daily_dag.py
[2026-06-18T12:34:47.730+0000] {processor.py:829} INFO - Processing file /opt/airflow/dags/binance_daily_dag.py for tasks to queue
[2026-06-18T12:34:47.731+0000] {logging_mixin.py:151} INFO - [2026-06-18T12:34:47.731+0000] {dagbag.py:539} INFO - Filling up the DagBag from /opt/airflow/dags/binance_daily_dag.py
[2026-06-18T12:34:49.823+0000] {processor.py:839} INFO - DAG(s) dict_keys(['daily_crypto_bilstm_pipeline']) retrieved from /opt/airflow/dags/binance_daily_dag.py
[2026-06-18T12:34:49.844+0000] {logging_mixin.py:151} INFO - [2026-06-18T12:34:49.843+0000] {dag.py:2915} INFO - Sync 1 DAGs
[2026-06-18T12:34:49.861+0000] {logging_mixin.py:151} INFO - [2026-06-18T12:34:49.861+0000] {dag.py:3696} INFO - Setting next_dagrun for daily_crypto_bilstm_pipeline to 2026-06-16T17:02:00+00:00, run_after=2026-06-17T17:02:00+00:00
[2026-06-18T12:34:49.882+0000] {processor.py:179} INFO - Processing /opt/airflow/dags/binance_daily_dag.py took 2.157 seconds
[2026-06-18T12:35:20.393+0000] {processor.py:157} INFO - Started process (PID=870) to work on /opt/airflow/dags/binance_daily_dag.py
[2026-06-18T12:35:20.395+0000] {processor.py:829} INFO - Processing file /opt/airflow/dags/binance_daily_dag.py for tasks to queue
[2026-06-18T12:35:20.396+0000] {logging_mixin.py:151} INFO - [2026-06-18T12:35:20.395+0000] {dagbag.py:539} INFO - Filling up the DagBag from /opt/airflow/dags/binance_daily_dag.py
[2026-06-18T12:35:22.526+0000] {processor.py:839} INFO - DAG(s) dict_keys(['daily_crypto_bilstm_pipeline']) retrieved from /opt/airflow/dags/binance_daily_dag.py
[2026-06-18T12:35:22.547+0000] {logging_mixin.py:151} INFO - [2026-06-18T12:35:22.546+0000] {dag.py:2915} INFO - Sync 1 DAGs
[2026-06-18T12:35:22.564+0000] {logging_mixin.py:151} INFO - [2026-06-18T12:35:22.564+0000] {dag.py:3696} INFO - Setting next_dagrun for daily_crypto_bilstm_pipeline to 2026-06-16T17:02:00+00:00, run_after=2026-06-17T17:02:00+00:00
[2026-06-18T12:35:22.622+0000] {processor.py:179} INFO - Processing /opt/airflow/dags/binance_daily_dag.py took 2.232 seconds
[2026-06-18T12:35:53.298+0000] {processor.py:157} INFO - Started process (PID=903) to work on /opt/airflow/dags/binance_daily_dag.py
[2026-06-18T12:35:53.299+0000] {processor.py:829} INFO - Processing file /opt/airflow/dags/binance_daily_dag.py for tasks to queue
[2026-06-18T12:35:53.300+0000] {logging_mixin.py:151} INFO - [2026-06-18T12:35:53.300+0000] {dagbag.py:539} INFO - Filling up the DagBag from /opt/airflow/dags/binance_daily_dag.py
[2026-06-18T12:35:55.443+0000] {processor.py:839} INFO - DAG(s) dict_keys(['daily_crypto_bilstm_pipeline']) retrieved from /opt/airflow/dags/binance_daily_dag.py
[2026-06-18T12:35:55.464+0000] {logging_mixin.py:151} INFO - [2026-06-18T12:35:55.463+0000] {dag.py:2915} INFO - Sync 1 DAGs
[2026-06-18T12:35:55.484+0000] {logging_mixin.py:151} INFO - [2026-06-18T12:35:55.483+0000] {dag.py:3696} INFO - Setting next_dagrun for daily_crypto_bilstm_pipeline to 2026-06-16T17:02:00+00:00, run_after=2026-06-17T17:02:00+00:00
[2026-06-18T12:35:55.541+0000] {processor.py:179} INFO - Processing /opt/airflow/dags/binance_daily_dag.py took 2.247 seconds
[2026-06-18T12:36:26.267+0000] {processor.py:157} INFO - Started process (PID=936) to work on /opt/airflow/dags/binance_daily_dag.py
[2026-06-18T12:36:26.268+0000] {processor.py:829} INFO - Processing file /opt/airflow/dags/binance_daily_dag.py for tasks to queue
[2026-06-18T12:36:26.269+0000] {logging_mixin.py:151} INFO - [2026-06-18T12:36:26.269+0000] {dagbag.py:539} INFO - Filling up the DagBag from /opt/airflow/dags/binance_daily_dag.py
[2026-06-18T12:36:28.483+0000] {processor.py:839} INFO - DAG(s) dict_keys(['daily_crypto_bilstm_pipeline']) retrieved from /opt/airflow/dags/binance_daily_dag.py
[2026-06-18T12:36:28.502+0000] {logging_mixin.py:151} INFO - [2026-06-18T12:36:28.502+0000] {dag.py:2915} INFO - Sync 1 DAGs
[2026-06-18T12:36:28.521+0000] {logging_mixin.py:151} INFO - [2026-06-18T12:36:28.521+0000] {dag.py:3696} INFO - Setting next_dagrun for daily_crypto_bilstm_pipeline to 2026-06-16T17:02:00+00:00, run_after=2026-06-17T17:02:00+00:00
[2026-06-18T12:36:28.537+0000] {processor.py:179} INFO - Processing /opt/airflow/dags/binance_daily_dag.py took 2.273 seconds
[2026-06-18T12:36:59.025+0000] {processor.py:157} INFO - Started process (PID=969) to work on /opt/airflow/dags/binance_daily_dag.py
[2026-06-18T12:36:59.026+0000] {processor.py:829} INFO - Processing file /opt/airflow/dags/binance_daily_dag.py for tasks to queue
[2026-06-18T12:36:59.027+0000] {logging_mixin.py:151} INFO - [2026-06-18T12:36:59.027+0000] {dagbag.py:539} INFO - Filling up the DagBag from /opt/airflow/dags/binance_daily_dag.py
[2026-06-18T12:37:01.525+0000] {processor.py:839} INFO - DAG(s) dict_keys(['daily_crypto_bilstm_pipeline']) retrieved from /opt/airflow/dags/binance_daily_dag.py
[2026-06-18T12:37:01.549+0000] {logging_mixin.py:151} INFO - [2026-06-18T12:37:01.549+0000] {dag.py:2915} INFO - Sync 1 DAGs
[2026-06-18T12:37:01.574+0000] {logging_mixin.py:151} INFO - [2026-06-18T12:37:01.574+0000] {dag.py:3696} INFO - Setting next_dagrun for daily_crypto_bilstm_pipeline to 2026-06-16T17:02:00+00:00, run_after=2026-06-17T17:02:00+00:00
[2026-06-18T12:37:01.636+0000] {processor.py:179} INFO - Processing /opt/airflow/dags/binance_daily_dag.py took 2.614 seconds
[2026-06-18T12:37:32.507+0000] {processor.py:157} INFO - Started process (PID=1002) to work on /opt/airflow/dags/binance_daily_dag.py
[2026-06-18T12:37:32.509+0000] {processor.py:829} INFO - Processing file /opt/airflow/dags/binance_daily_dag.py for tasks to queue
[2026-06-18T12:37:32.510+0000] {logging_mixin.py:151} INFO - [2026-06-18T12:37:32.509+0000] {dagbag.py:539} INFO - Filling up the DagBag from /opt/airflow/dags/binance_daily_dag.py
[2026-06-18T12:37:34.852+0000] {processor.py:839} INFO - DAG(s) dict_keys(['daily_crypto_bilstm_pipeline']) retrieved from /opt/airflow/dags/binance_daily_dag.py
[2026-06-18T12:37:34.872+0000] {logging_mixin.py:151} INFO - [2026-06-18T12:37:34.871+0000] {dag.py:2915} INFO - Sync 1 DAGs
[2026-06-18T12:37:34.892+0000] {logging_mixin.py:151} INFO - [2026-06-18T12:37:34.892+0000] {dag.py:3696} INFO - Setting next_dagrun for daily_crypto_bilstm_pipeline to 2026-06-16T17:02:00+00:00, run_after=2026-06-17T17:02:00+00:00
[2026-06-18T12:37:34.919+0000] {processor.py:179} INFO - Processing /opt/airflow/dags/binance_daily_dag.py took 2.416 seconds
[2026-06-18T12:38:05.852+0000] {processor.py:157} INFO - Started process (PID=1035) to work on /opt/airflow/dags/binance_daily_dag.py
[2026-06-18T12:38:05.854+0000] {processor.py:829} INFO - Processing file /opt/airflow/dags/binance_daily_dag.py for tasks to queue
[2026-06-18T12:38:05.855+0000] {logging_mixin.py:151} INFO - [2026-06-18T12:38:05.854+0000] {dagbag.py:539} INFO - Filling up the DagBag from /opt/airflow/dags/binance_daily_dag.py
[2026-06-18T12:38:08.009+0000] {processor.py:839} INFO - DAG(s) dict_keys(['daily_crypto_bilstm_pipeline']) retrieved from /opt/airflow/dags/binance_daily_dag.py
[2026-06-18T12:38:08.029+0000] {logging_mixin.py:151} INFO - [2026-06-18T12:38:08.028+0000] {dag.py:2915} INFO - Sync 1 DAGs
[2026-06-18T12:38:08.045+0000] {logging_mixin.py:151} INFO - [2026-06-18T12:38:08.045+0000] {dag.py:3696} INFO - Setting next_dagrun for daily_crypto_bilstm_pipeline to 2026-06-16T17:02:00+00:00, run_after=2026-06-17T17:02:00+00:00
[2026-06-18T12:38:08.064+0000] {processor.py:179} INFO - Processing /opt/airflow/dags/binance_daily_dag.py took 2.216 seconds
[2026-06-18T12:38:38.965+0000] {processor.py:157} INFO - Started process (PID=1068) to work on /opt/airflow/dags/binance_daily_dag.py
[2026-06-18T12:38:38.967+0000] {processor.py:829} INFO - Processing file /opt/airflow/dags/binance_daily_dag.py for tasks to queue
[2026-06-18T12:38:38.968+0000] {logging_mixin.py:151} INFO - [2026-06-18T12:38:38.967+0000] {dagbag.py:539} INFO - Filling up the DagBag from /opt/airflow/dags/binance_daily_dag.py
[2026-06-18T12:38:41.222+0000] {processor.py:839} INFO - DAG(s) dict_keys(['daily_crypto_bilstm_pipeline']) retrieved from /opt/airflow/dags/binance_daily_dag.py
[2026-06-18T12:38:41.247+0000] {logging_mixin.py:151} INFO - [2026-06-18T12:38:41.247+0000] {dag.py:2915} INFO - Sync 1 DAGs
[2026-06-18T12:38:41.266+0000] {logging_mixin.py:151} INFO - [2026-06-18T12:38:41.266+0000] {dag.py:3696} INFO - Setting next_dagrun for daily_crypto_bilstm_pipeline to 2026-06-16T17:02:00+00:00, run_after=2026-06-17T17:02:00+00:00
[2026-06-18T12:38:41.325+0000] {processor.py:179} INFO - Processing /opt/airflow/dags/binance_daily_dag.py took 2.363 seconds
[2026-06-18T12:39:12.392+0000] {processor.py:157} INFO - Started process (PID=1108) to work on /opt/airflow/dags/binance_daily_dag.py
[2026-06-18T12:39:12.393+0000] {processor.py:829} INFO - Processing file /opt/airflow/dags/binance_daily_dag.py for tasks to queue
[2026-06-18T12:39:12.394+0000] {logging_mixin.py:151} INFO - [2026-06-18T12:39:12.394+0000] {dagbag.py:539} INFO - Filling up the DagBag from /opt/airflow/dags/binance_daily_dag.py
[2026-06-18T12:39:14.643+0000] {processor.py:839} INFO - DAG(s) dict_keys(['daily_crypto_bilstm_pipeline']) retrieved from /opt/airflow/dags/binance_daily_dag.py
[2026-06-18T12:39:14.663+0000] {logging_mixin.py:151} INFO - [2026-06-18T12:39:14.662+0000] {dag.py:2915} INFO - Sync 1 DAGs
[2026-06-18T12:39:14.679+0000] {logging_mixin.py:151} INFO - [2026-06-18T12:39:14.679+0000] {dag.py:3696} INFO - Setting next_dagrun for daily_crypto_bilstm_pipeline to 2026-06-16T17:02:00+00:00, run_after=2026-06-17T17:02:00+00:00
[2026-06-18T12:39:14.737+0000] {processor.py:179} INFO - Processing /opt/airflow/dags/binance_daily_dag.py took 2.350 seconds
[2026-06-18T12:39:45.764+0000] {processor.py:157} INFO - Started process (PID=1146) to work on /opt/airflow/dags/binance_daily_dag.py
[2026-06-18T12:39:45.765+0000] {processor.py:829} INFO - Processing file /opt/airflow/dags/binance_daily_dag.py for tasks to queue
[2026-06-18T12:39:45.766+0000] {logging_mixin.py:151} INFO - [2026-06-18T12:39:45.765+0000] {dagbag.py:539} INFO - Filling up the DagBag from /opt/airflow/dags/binance_daily_dag.py
[2026-06-18T12:39:48.017+0000] {processor.py:839} INFO - DAG(s) dict_keys(['daily_crypto_bilstm_pipeline']) retrieved from /opt/airflow/dags/binance_daily_dag.py
[2026-06-18T12:39:48.037+0000] {logging_mixin.py:151} INFO - [2026-06-18T12:39:48.037+0000] {dag.py:2915} INFO - Sync 1 DAGs
[2026-06-18T12:39:48.054+0000] {logging_mixin.py:151} INFO - [2026-06-18T12:39:48.054+0000] {dag.py:3696} INFO - Setting next_dagrun for daily_crypto_bilstm_pipeline to 2026-06-16T17:02:00+00:00, run_after=2026-06-17T17:02:00+00:00
[2026-06-18T12:39:48.072+0000] {processor.py:179} INFO - Processing /opt/airflow/dags/binance_daily_dag.py took 2.313 seconds
[2026-06-18T12:40:18.500+0000] {processor.py:157} INFO - Started process (PID=1179) to work on /opt/airflow/dags/binance_daily_dag.py
[2026-06-18T12:40:18.502+0000] {processor.py:829} INFO - Processing file /opt/airflow/dags/binance_daily_dag.py for tasks to queue
[2026-06-18T12:40:18.503+0000] {logging_mixin.py:151} INFO - [2026-06-18T12:40:18.502+0000] {dagbag.py:539} INFO - Filling up the DagBag from /opt/airflow/dags/binance_daily_dag.py
[2026-06-18T12:40:20.715+0000] {processor.py:839} INFO - DAG(s) dict_keys(['daily_crypto_bilstm_pipeline']) retrieved from /opt/airflow/dags/binance_daily_dag.py
[2026-06-18T12:40:20.734+0000] {logging_mixin.py:151} INFO - [2026-06-18T12:40:20.733+0000] {dag.py:2915} INFO - Sync 1 DAGs
[2026-06-18T12:40:20.751+0000] {logging_mixin.py:151} INFO - [2026-06-18T12:40:20.750+0000] {dag.py:3696} INFO - Setting next_dagrun for daily_crypto_bilstm_pipeline to 2026-06-16T17:02:00+00:00, run_after=2026-06-17T17:02:00+00:00
[2026-06-18T12:40:20.807+0000] {processor.py:179} INFO - Processing /opt/airflow/dags/binance_daily_dag.py took 2.311 seconds
[2026-06-18T12:40:52.104+0000] {processor.py:157} INFO - Started process (PID=1212) to work on /opt/airflow/dags/binance_daily_dag.py
[2026-06-18T12:40:52.106+0000] {processor.py:829} INFO - Processing file /opt/airflow/dags/binance_daily_dag.py for tasks to queue
[2026-06-18T12:40:52.106+0000] {logging_mixin.py:151} INFO - [2026-06-18T12:40:52.106+0000] {dagbag.py:539} INFO - Filling up the DagBag from /opt/airflow/dags/binance_daily_dag.py
[2026-06-18T12:40:54.706+0000] {processor.py:839} INFO - DAG(s) dict_keys(['daily_crypto_bilstm_pipeline']) retrieved from /opt/airflow/dags/binance_daily_dag.py
[2026-06-18T12:40:54.737+0000] {logging_mixin.py:151} INFO - [2026-06-18T12:40:54.736+0000] {dag.py:2915} INFO - Sync 1 DAGs
[2026-06-18T12:40:54.756+0000] {logging_mixin.py:151} INFO - [2026-06-18T12:40:54.756+0000] {dag.py:3696} INFO - Setting next_dagrun for daily_crypto_bilstm_pipeline to 2026-06-16T17:02:00+00:00, run_after=2026-06-17T17:02:00+00:00
[2026-06-18T12:40:54.775+0000] {processor.py:179} INFO - Processing /opt/airflow/dags/binance_daily_dag.py took 2.676 seconds
[2026-06-18T12:41:25.003+0000] {processor.py:157} INFO - Started process (PID=1245) to work on /opt/airflow/dags/binance_daily_dag.py
[2026-06-18T12:41:25.005+0000] {processor.py:829} INFO - Processing file /opt/airflow/dags/binance_daily_dag.py for tasks to queue
[2026-06-18T12:41:25.006+0000] {logging_mixin.py:151} INFO - [2026-06-18T12:41:25.005+0000] {dagbag.py:539} INFO - Filling up the DagBag from /opt/airflow/dags/binance_daily_dag.py
[2026-06-18T12:41:27.119+0000] {processor.py:839} INFO - DAG(s) dict_keys(['daily_crypto_bilstm_pipeline']) retrieved from /opt/airflow/dags/binance_daily_dag.py
[2026-06-18T12:41:27.137+0000] {logging_mixin.py:151} INFO - [2026-06-18T12:41:27.136+0000] {dag.py:2915} INFO - Sync 1 DAGs
[2026-06-18T12:41:27.152+0000] {logging_mixin.py:151} INFO - [2026-06-18T12:41:27.152+0000] {dag.py:3696} INFO - Setting next_dagrun for daily_crypto_bilstm_pipeline to 2026-06-16T17:02:00+00:00, run_after=2026-06-17T17:02:00+00:00
[2026-06-18T12:41:27.171+0000] {processor.py:179} INFO - Processing /opt/airflow/dags/binance_daily_dag.py took 2.172 seconds
[2026-06-18T12:41:57.935+0000] {processor.py:157} INFO - Started process (PID=1278) to work on /opt/airflow/dags/binance_daily_dag.py
[2026-06-18T12:41:57.937+0000] {processor.py:829} INFO - Processing file /opt/airflow/dags/binance_daily_dag.py for tasks to queue
[2026-06-18T12:41:57.937+0000] {logging_mixin.py:151} INFO - [2026-06-18T12:41:57.937+0000] {dagbag.py:539} INFO - Filling up the DagBag from /opt/airflow/dags/binance_daily_dag.py
[2026-06-18T12:42:00.170+0000] {processor.py:839} INFO - DAG(s) dict_keys(['daily_crypto_bilstm_pipeline']) retrieved from /opt/airflow/dags/binance_daily_dag.py
[2026-06-18T12:42:00.193+0000] {logging_mixin.py:151} INFO - [2026-06-18T12:42:00.192+0000] {dag.py:2915} INFO - Sync 1 DAGs
[2026-06-18T12:42:00.212+0000] {logging_mixin.py:151} INFO - [2026-06-18T12:42:00.212+0000] {dag.py:3696} INFO - Setting next_dagrun for daily_crypto_bilstm_pipeline to 2026-06-16T17:02:00+00:00, run_after=2026-06-17T17:02:00+00:00
[2026-06-18T12:42:00.236+0000] {processor.py:179} INFO - Processing /opt/airflow/dags/binance_daily_dag.py took 2.304 seconds
[2026-06-18T12:42:31.053+0000] {processor.py:157} INFO - Started process (PID=1311) to work on /opt/airflow/dags/binance_daily_dag.py
[2026-06-18T12:42:31.054+0000] {processor.py:829} INFO - Processing file /opt/airflow/dags/binance_daily_dag.py for tasks to queue
[2026-06-18T12:42:31.056+0000] {logging_mixin.py:151} INFO - [2026-06-18T12:42:31.055+0000] {dagbag.py:539} INFO - Filling up the DagBag from /opt/airflow/dags/binance_daily_dag.py
[2026-06-18T12:42:33.439+0000] {processor.py:839} INFO - DAG(s) dict_keys(['daily_crypto_bilstm_pipeline']) retrieved from /opt/airflow/dags/binance_daily_dag.py
[2026-06-18T12:42:33.478+0000] {logging_mixin.py:151} INFO - [2026-06-18T12:42:33.477+0000] {dag.py:2915} INFO - Sync 1 DAGs
[2026-06-18T12:42:33.529+0000] {logging_mixin.py:151} INFO - [2026-06-18T12:42:33.529+0000] {dag.py:3696} INFO - Setting next_dagrun for daily_crypto_bilstm_pipeline to 2026-06-16T17:02:00+00:00, run_after=2026-06-17T17:02:00+00:00
[2026-06-18T12:42:33.576+0000] {processor.py:179} INFO - Processing /opt/airflow/dags/binance_daily_dag.py took 2.526 seconds
[2026-06-18T12:43:04.758+0000] {processor.py:157} INFO - Started process (PID=1343) to work on /opt/airflow/dags/binance_daily_dag.py
[2026-06-18T12:43:04.760+0000] {processor.py:829} INFO - Processing file /opt/airflow/dags/binance_daily_dag.py for tasks to queue
[2026-06-18T12:43:04.764+0000] {logging_mixin.py:151} INFO - [2026-06-18T12:43:04.761+0000] {dagbag.py:539} INFO - Filling up the DagBag from /opt/airflow/dags/binance_daily_dag.py
[2026-06-18T12:43:07.323+0000] {processor.py:839} INFO - DAG(s) dict_keys(['daily_crypto_bilstm_pipeline']) retrieved from /opt/airflow/dags/binance_daily_dag.py
[2026-06-18T12:43:07.353+0000] {logging_mixin.py:151} INFO - [2026-06-18T12:43:07.352+0000] {dag.py:2915} INFO - Sync 1 DAGs
[2026-06-18T12:43:07.370+0000] {logging_mixin.py:151} INFO - [2026-06-18T12:43:07.370+0000] {dag.py:3696} INFO - Setting next_dagrun for daily_crypto_bilstm_pipeline to 2026-06-16T17:02:00+00:00, run_after=2026-06-17T17:02:00+00:00
[2026-06-18T12:43:07.425+0000] {processor.py:179} INFO - Processing /opt/airflow/dags/binance_daily_dag.py took 2.775 seconds
[2026-06-18T12:43:38.594+0000] {processor.py:157} INFO - Started process (PID=1376) to work on /opt/airflow/dags/binance_daily_dag.py
[2026-06-18T12:43:38.595+0000] {processor.py:829} INFO - Processing file /opt/airflow/dags/binance_daily_dag.py for tasks to queue
[2026-06-18T12:43:38.596+0000] {logging_mixin.py:151} INFO - [2026-06-18T12:43:38.596+0000] {dagbag.py:539} INFO - Filling up the DagBag from /opt/airflow/dags/binance_daily_dag.py
[2026-06-18T12:43:41.034+0000] {processor.py:839} INFO - DAG(s) dict_keys(['daily_crypto_bilstm_pipeline']) retrieved from /opt/airflow/dags/binance_daily_dag.py
[2026-06-18T12:43:41.055+0000] {logging_mixin.py:151} INFO - [2026-06-18T12:43:41.054+0000] {dag.py:2915} INFO - Sync 1 DAGs
[2026-06-18T12:43:41.071+0000] {logging_mixin.py:151} INFO - [2026-06-18T12:43:41.071+0000] {dag.py:3696} INFO - Setting next_dagrun for daily_crypto_bilstm_pipeline to 2026-06-16T17:02:00+00:00, run_after=2026-06-17T17:02:00+00:00
[2026-06-18T12:43:41.090+0000] {processor.py:179} INFO - Processing /opt/airflow/dags/binance_daily_dag.py took 2.506 seconds
[2026-06-18T12:44:12.170+0000] {processor.py:157} INFO - Started process (PID=1416) to work on /opt/airflow/dags/binance_daily_dag.py
[2026-06-18T12:44:12.172+0000] {processor.py:829} INFO - Processing file /opt/airflow/dags/binance_daily_dag.py for tasks to queue
[2026-06-18T12:44:12.173+0000] {logging_mixin.py:151} INFO - [2026-06-18T12:44:12.173+0000] {dagbag.py:539} INFO - Filling up the DagBag from /opt/airflow/dags/binance_daily_dag.py
[2026-06-18T12:44:14.650+0000] {processor.py:839} INFO - DAG(s) dict_keys(['daily_crypto_bilstm_pipeline']) retrieved from /opt/airflow/dags/binance_daily_dag.py
[2026-06-18T12:44:14.669+0000] {logging_mixin.py:151} INFO - [2026-06-18T12:44:14.668+0000] {dag.py:2915} INFO - Sync 1 DAGs
[2026-06-18T12:44:14.687+0000] {logging_mixin.py:151} INFO - [2026-06-18T12:44:14.687+0000] {dag.py:3696} INFO - Setting next_dagrun for daily_crypto_bilstm_pipeline to 2026-06-16T17:02:00+00:00, run_after=2026-06-17T17:02:00+00:00
[2026-06-18T12:44:14.745+0000] {processor.py:179} INFO - Processing /opt/airflow/dags/binance_daily_dag.py took 2.580 seconds
[2026-06-18T12:44:45.373+0000] {processor.py:157} INFO - Started process (PID=1449) to work on /opt/airflow/dags/binance_daily_dag.py
[2026-06-18T12:44:45.375+0000] {processor.py:829} INFO - Processing file /opt/airflow/dags/binance_daily_dag.py for tasks to queue
[2026-06-18T12:44:45.376+0000] {logging_mixin.py:151} INFO - [2026-06-18T12:44:45.375+0000] {dagbag.py:539} INFO - Filling up the DagBag from /opt/airflow/dags/binance_daily_dag.py
[2026-06-18T12:44:47.731+0000] {processor.py:839} INFO - DAG(s) dict_keys(['daily_crypto_bilstm_pipeline']) retrieved from /opt/airflow/dags/binance_daily_dag.py
[2026-06-18T12:44:47.753+0000] {logging_mixin.py:151} INFO - [2026-06-18T12:44:47.752+0000] {dag.py:2915} INFO - Sync 1 DAGs
[2026-06-18T12:44:47.772+0000] {logging_mixin.py:151} INFO - [2026-06-18T12:44:47.772+0000] {dag.py:3696} INFO - Setting next_dagrun for daily_crypto_bilstm_pipeline to 2026-06-16T17:02:00+00:00, run_after=2026-06-17T17:02:00+00:00
[2026-06-18T12:44:47.830+0000] {processor.py:179} INFO - Processing /opt/airflow/dags/binance_daily_dag.py took 2.460 seconds
[2026-06-18T12:45:18.543+0000] {processor.py:157} INFO - Started process (PID=1482) to work on /opt/airflow/dags/binance_daily_dag.py
[2026-06-18T12:45:18.544+0000] {processor.py:829} INFO - Processing file /opt/airflow/dags/binance_daily_dag.py for tasks to queue
[2026-06-18T12:45:18.545+0000] {logging_mixin.py:151} INFO - [2026-06-18T12:45:18.545+0000] {dagbag.py:539} INFO - Filling up the DagBag from /opt/airflow/dags/binance_daily_dag.py
[2026-06-18T12:45:20.936+0000] {processor.py:839} INFO - DAG(s) dict_keys(['daily_crypto_bilstm_pipeline']) retrieved from /opt/airflow/dags/binance_daily_dag.py
[2026-06-18T12:45:20.955+0000] {logging_mixin.py:151} INFO - [2026-06-18T12:45:20.954+0000] {dag.py:2915} INFO - Sync 1 DAGs
[2026-06-18T12:45:20.970+0000] {logging_mixin.py:151} INFO - [2026-06-18T12:45:20.970+0000] {dag.py:3696} INFO - Setting next_dagrun for daily_crypto_bilstm_pipeline to 2026-06-16T17:02:00+00:00, run_after=2026-06-17T17:02:00+00:00
[2026-06-18T12:45:20.986+0000] {processor.py:179} INFO - Processing /opt/airflow/dags/binance_daily_dag.py took 2.446 seconds
[2026-06-18T12:45:51.696+0000] {processor.py:157} INFO - Started process (PID=1521) to work on /opt/airflow/dags/binance_daily_dag.py
[2026-06-18T12:45:51.697+0000] {processor.py:829} INFO - Processing file /opt/airflow/dags/binance_daily_dag.py for tasks to queue
[2026-06-18T12:45:51.698+0000] {logging_mixin.py:151} INFO - [2026-06-18T12:45:51.697+0000] {dagbag.py:539} INFO - Filling up the DagBag from /opt/airflow/dags/binance_daily_dag.py
[2026-06-18T12:45:54.245+0000] {processor.py:839} INFO - DAG(s) dict_keys(['daily_crypto_bilstm_pipeline']) retrieved from /opt/airflow/dags/binance_daily_dag.py
[2026-06-18T12:45:54.268+0000] {logging_mixin.py:151} INFO - [2026-06-18T12:45:54.268+0000] {dag.py:2915} INFO - Sync 1 DAGs
[2026-06-18T12:45:54.288+0000] {logging_mixin.py:151} INFO - [2026-06-18T12:45:54.288+0000] {dag.py:3696} INFO - Setting next_dagrun for daily_crypto_bilstm_pipeline to 2026-06-16T17:02:00+00:00, run_after=2026-06-17T17:02:00+00:00
[2026-06-18T12:45:54.307+0000] {processor.py:179} INFO - Processing /opt/airflow/dags/binance_daily_dag.py took 2.615 seconds
[2026-06-18T12:46:24.529+0000] {processor.py:157} INFO - Started process (PID=1555) to work on /opt/airflow/dags/binance_daily_dag.py
[2026-06-18T12:46:24.531+0000] {processor.py:829} INFO - Processing file /opt/airflow/dags/binance_daily_dag.py for tasks to queue
[2026-06-18T12:46:24.532+0000] {logging_mixin.py:151} INFO - [2026-06-18T12:46:24.531+0000] {dagbag.py:539} INFO - Filling up the DagBag from /opt/airflow/dags/binance_daily_dag.py
[2026-06-18T12:46:26.801+0000] {processor.py:839} INFO - DAG(s) dict_keys(['daily_crypto_bilstm_pipeline']) retrieved from /opt/airflow/dags/binance_daily_dag.py
[2026-06-18T12:46:26.822+0000] {logging_mixin.py:151} INFO - [2026-06-18T12:46:26.822+0000] {dag.py:2915} INFO - Sync 1 DAGs
[2026-06-18T12:46:26.842+0000] {logging_mixin.py:151} INFO - [2026-06-18T12:46:26.842+0000] {dag.py:3696} INFO - Setting next_dagrun for daily_crypto_bilstm_pipeline to 2026-06-16T17:02:00+00:00, run_after=2026-06-17T17:02:00+00:00
[2026-06-18T12:46:26.899+0000] {processor.py:179} INFO - Processing /opt/airflow/dags/binance_daily_dag.py took 2.373 seconds
[2026-06-18T12:46:57.768+0000] {processor.py:157} INFO - Started process (PID=1587) to work on /opt/airflow/dags/binance_daily_dag.py
[2026-06-18T12:46:57.769+0000] {processor.py:829} INFO - Processing file /opt/airflow/dags/binance_daily_dag.py for tasks to queue
[2026-06-18T12:46:57.770+0000] {logging_mixin.py:151} INFO - [2026-06-18T12:46:57.770+0000] {dagbag.py:539} INFO - Filling up the DagBag from /opt/airflow/dags/binance_daily_dag.py
[2026-06-18T12:47:00.009+0000] {processor.py:839} INFO - DAG(s) dict_keys(['daily_crypto_bilstm_pipeline']) retrieved from /opt/airflow/dags/binance_daily_dag.py
[2026-06-18T12:47:00.029+0000] {logging_mixin.py:151} INFO - [2026-06-18T12:47:00.028+0000] {dag.py:2915} INFO - Sync 1 DAGs
[2026-06-18T12:47:00.045+0000] {logging_mixin.py:151} INFO - [2026-06-18T12:47:00.045+0000] {dag.py:3696} INFO - Setting next_dagrun for daily_crypto_bilstm_pipeline to 2026-06-16T17:02:00+00:00, run_after=2026-06-17T17:02:00+00:00
[2026-06-18T12:47:00.068+0000] {processor.py:179} INFO - Processing /opt/airflow/dags/binance_daily_dag.py took 2.304 seconds
[2026-06-18T12:47:31.147+0000] {processor.py:157} INFO - Started process (PID=1620) to work on /opt/airflow/dags/binance_daily_dag.py
[2026-06-18T12:47:31.149+0000] {processor.py:829} INFO - Processing file /opt/airflow/dags/binance_daily_dag.py for tasks to queue
[2026-06-18T12:47:31.149+0000] {logging_mixin.py:151} INFO - [2026-06-18T12:47:31.149+0000] {dagbag.py:539} INFO - Filling up the DagBag from /opt/airflow/dags/binance_daily_dag.py
[2026-06-18T12:47:33.515+0000] {processor.py:839} INFO - DAG(s) dict_keys(['daily_crypto_bilstm_pipeline']) retrieved from /opt/airflow/dags/binance_daily_dag.py
[2026-06-18T12:47:33.541+0000] {logging_mixin.py:151} INFO - [2026-06-18T12:47:33.540+0000] {dag.py:2915} INFO - Sync 1 DAGs
[2026-06-18T12:47:33.572+0000] {logging_mixin.py:151} INFO - [2026-06-18T12:47:33.572+0000] {dag.py:3696} INFO - Setting next_dagrun for daily_crypto_bilstm_pipeline to 2026-06-16T17:02:00+00:00, run_after=2026-06-17T17:02:00+00:00
[2026-06-18T12:47:33.606+0000] {processor.py:179} INFO - Processing /opt/airflow/dags/binance_daily_dag.py took 2.462 seconds
[2026-06-18T12:48:04.954+0000] {processor.py:157} INFO - Started process (PID=1653) to work on /opt/airflow/dags/binance_daily_dag.py
[2026-06-18T12:48:04.956+0000] {processor.py:829} INFO - Processing file /opt/airflow/dags/binance_daily_dag.py for tasks to queue
[2026-06-18T12:48:04.958+0000] {logging_mixin.py:151} INFO - [2026-06-18T12:48:04.957+0000] {dagbag.py:539} INFO - Filling up the DagBag from /opt/airflow/dags/binance_daily_dag.py
[2026-06-18T12:48:07.397+0000] {processor.py:839} INFO - DAG(s) dict_keys(['daily_crypto_bilstm_pipeline']) retrieved from /opt/airflow/dags/binance_daily_dag.py
[2026-06-18T12:48:07.427+0000] {logging_mixin.py:151} INFO - [2026-06-18T12:48:07.426+0000] {dag.py:2915} INFO - Sync 1 DAGs
[2026-06-18T12:48:07.458+0000] {logging_mixin.py:151} INFO - [2026-06-18T12:48:07.458+0000] {dag.py:3696} INFO - Setting next_dagrun for daily_crypto_bilstm_pipeline to 2026-06-16T17:02:00+00:00, run_after=2026-06-17T17:02:00+00:00
[2026-06-18T12:48:07.486+0000] {processor.py:179} INFO - Processing /opt/airflow/dags/binance_daily_dag.py took 2.538 seconds
[2026-06-18T12:48:38.117+0000] {processor.py:157} INFO - Started process (PID=1686) to work on /opt/airflow/dags/binance_daily_dag.py
[2026-06-18T12:48:38.119+0000] {processor.py:829} INFO - Processing file /opt/airflow/dags/binance_daily_dag.py for tasks to queue
[2026-06-18T12:48:38.120+0000] {logging_mixin.py:151} INFO - [2026-06-18T12:48:38.119+0000] {dagbag.py:539} INFO - Filling up the DagBag from /opt/airflow/dags/binance_daily_dag.py
[2026-06-18T12:48:40.445+0000] {processor.py:839} INFO - DAG(s) dict_keys(['daily_crypto_bilstm_pipeline']) retrieved from /opt/airflow/dags/binance_daily_dag.py
[2026-06-18T12:48:40.464+0000] {logging_mixin.py:151} INFO - [2026-06-18T12:48:40.463+0000] {dag.py:2915} INFO - Sync 1 DAGs
[2026-06-18T12:48:40.481+0000] {logging_mixin.py:151} INFO - [2026-06-18T12:48:40.481+0000] {dag.py:3696} INFO - Setting next_dagrun for daily_crypto_bilstm_pipeline to 2026-06-16T17:02:00+00:00, run_after=2026-06-17T17:02:00+00:00
[2026-06-18T12:48:40.545+0000] {processor.py:179} INFO - Processing /opt/airflow/dags/binance_daily_dag.py took 2.431 seconds
[2026-06-18T12:48:46.703+0000] {processor.py:157} INFO - Started process (PID=1703) to work on /opt/airflow/dags/binance_daily_dag.py
[2026-06-18T12:48:46.704+0000] {processor.py:829} INFO - Processing file /opt/airflow/dags/binance_daily_dag.py for tasks to queue
[2026-06-18T12:48:46.705+0000] {logging_mixin.py:151} INFO - [2026-06-18T12:48:46.705+0000] {dagbag.py:539} INFO - Filling up the DagBag from /opt/airflow/dags/binance_daily_dag.py
[2026-06-18T12:48:49.340+0000] {processor.py:839} INFO - DAG(s) dict_keys(['daily_crypto_lstm_pipeline']) retrieved from /opt/airflow/dags/binance_daily_dag.py
[2026-06-18T12:48:49.612+0000] {logging_mixin.py:151} INFO - [2026-06-18T12:48:49.612+0000] {manager.py:499} INFO - Created Permission View: %s
[2026-06-18T12:48:49.624+0000] {logging_mixin.py:151} INFO - [2026-06-18T12:48:49.624+0000] {manager.py:499} INFO - Created Permission View: %s
[2026-06-18T12:48:49.634+0000] {logging_mixin.py:151} INFO - [2026-06-18T12:48:49.634+0000] {manager.py:499} INFO - Created Permission View: %s
[2026-06-18T12:48:49.635+0000] {logging_mixin.py:151} INFO - [2026-06-18T12:48:49.634+0000] {security.py:708} INFO - Not syncing DAG-level permissions for DAG 'DAG:daily_crypto_lstm_pipeline' as access control is unset.
[2026-06-18T12:48:49.635+0000] {logging_mixin.py:151} INFO - [2026-06-18T12:48:49.635+0000] {dag.py:2915} INFO - Sync 1 DAGs
[2026-06-18T12:48:49.645+0000] {logging_mixin.py:151} INFO - [2026-06-18T12:48:49.645+0000] {dag.py:2937} INFO - Creating ORM DAG for daily_crypto_lstm_pipeline
[2026-06-18T12:48:49.656+0000] {logging_mixin.py:151} INFO - [2026-06-18T12:48:49.655+0000] {dag.py:3696} INFO - Setting next_dagrun for daily_crypto_lstm_pipeline to 2026-06-16T17:02:00+00:00, run_after=2026-06-17T17:02:00+00:00
[2026-06-18T12:48:49.685+0000] {processor.py:179} INFO - Processing /opt/airflow/dags/binance_daily_dag.py took 2.987 seconds
[2026-06-18T12:49:19.877+0000] {processor.py:157} INFO - Started process (PID=1736) to work on /opt/airflow/dags/binance_daily_dag.py
[2026-06-18T12:49:19.878+0000] {processor.py:829} INFO - Processing file /opt/airflow/dags/binance_daily_dag.py for tasks to queue
[2026-06-18T12:49:19.879+0000] {logging_mixin.py:151} INFO - [2026-06-18T12:49:19.879+0000] {dagbag.py:539} INFO - Filling up the DagBag from /opt/airflow/dags/binance_daily_dag.py
[2026-06-18T12:49:22.475+0000] {processor.py:839} INFO - DAG(s) dict_keys(['daily_crypto_lstm_pipeline']) retrieved from /opt/airflow/dags/binance_daily_dag.py
[2026-06-18T12:49:22.505+0000] {logging_mixin.py:151} INFO - [2026-06-18T12:49:22.504+0000] {dag.py:2915} INFO - Sync 1 DAGs
[2026-06-18T12:49:22.529+0000] {logging_mixin.py:151} INFO - [2026-06-18T12:49:22.528+0000] {dag.py:3696} INFO - Setting next_dagrun for daily_crypto_lstm_pipeline to 2026-06-16T17:02:00+00:00, run_after=2026-06-17T17:02:00+00:00
[2026-06-18T12:49:22.556+0000] {processor.py:179} INFO - Processing /opt/airflow/dags/binance_daily_dag.py took 2.683 seconds
[2026-06-18T12:49:52.690+0000] {processor.py:157} INFO - Started process (PID=1769) to work on /opt/airflow/dags/binance_daily_dag.py
[2026-06-18T12:49:52.692+0000] {processor.py:829} INFO - Processing file /opt/airflow/dags/binance_daily_dag.py for tasks to queue
[2026-06-18T12:49:52.694+0000] {logging_mixin.py:151} INFO - [2026-06-18T12:49:52.693+0000] {dagbag.py:539} INFO - Filling up the DagBag from /opt/airflow/dags/binance_daily_dag.py
[2026-06-18T12:49:55.251+0000] {processor.py:839} INFO - DAG(s) dict_keys(['daily_crypto_lstm_pipeline']) retrieved from /opt/airflow/dags/binance_daily_dag.py
[2026-06-18T12:49:55.275+0000] {logging_mixin.py:151} INFO - [2026-06-18T12:49:55.274+0000] {dag.py:2915} INFO - Sync 1 DAGs
[2026-06-18T12:49:55.298+0000] {logging_mixin.py:151} INFO - [2026-06-18T12:49:55.298+0000] {dag.py:3696} INFO - Setting next_dagrun for daily_crypto_lstm_pipeline to 2026-06-16T17:02:00+00:00, run_after=2026-06-17T17:02:00+00:00
[2026-06-18T12:49:55.360+0000] {processor.py:179} INFO - Processing /opt/airflow/dags/binance_daily_dag.py took 2.678 seconds
[2026-06-18T12:50:25.849+0000] {processor.py:157} INFO - Started process (PID=1802) to work on /opt/airflow/dags/binance_daily_dag.py
[2026-06-18T12:50:25.851+0000] {processor.py:829} INFO - Processing file /opt/airflow/dags/binance_daily_dag.py for tasks to queue
[2026-06-18T12:50:25.852+0000] {logging_mixin.py:151} INFO - [2026-06-18T12:50:25.852+0000] {dagbag.py:539} INFO - Filling up the DagBag from /opt/airflow/dags/binance_daily_dag.py
[2026-06-18T12:50:28.500+0000] {processor.py:839} INFO - DAG(s) dict_keys(['daily_crypto_lstm_pipeline']) retrieved from /opt/airflow/dags/binance_daily_dag.py
[2026-06-18T12:50:28.534+0000] {logging_mixin.py:151} INFO - [2026-06-18T12:50:28.534+0000] {dag.py:2915} INFO - Sync 1 DAGs
[2026-06-18T12:50:28.564+0000] {logging_mixin.py:151} INFO - [2026-06-18T12:50:28.564+0000] {dag.py:3696} INFO - Setting next_dagrun for daily_crypto_lstm_pipeline to 2026-06-16T17:02:00+00:00, run_after=2026-06-17T17:02:00+00:00
[2026-06-18T12:50:28.588+0000] {processor.py:179} INFO - Processing /opt/airflow/dags/binance_daily_dag.py took 2.746 seconds
[2026-06-18T12:50:59.300+0000] {processor.py:157} INFO - Started process (PID=1840) to work on /opt/airflow/dags/binance_daily_dag.py
[2026-06-18T12:50:59.301+0000] {processor.py:829} INFO - Processing file /opt/airflow/dags/binance_daily_dag.py for tasks to queue
[2026-06-18T12:50:59.301+0000] {logging_mixin.py:151} INFO - [2026-06-18T12:50:59.301+0000] {dagbag.py:539} INFO - Filling up the DagBag from /opt/airflow/dags/binance_daily_dag.py
[2026-06-18T12:51:01.945+0000] {processor.py:839} INFO - DAG(s) dict_keys(['daily_crypto_lstm_pipeline']) retrieved from /opt/airflow/dags/binance_daily_dag.py
[2026-06-18T12:51:01.964+0000] {logging_mixin.py:151} INFO - [2026-06-18T12:51:01.963+0000] {dag.py:2915} INFO - Sync 1 DAGs
[2026-06-18T12:51:01.981+0000] {logging_mixin.py:151} INFO - [2026-06-18T12:51:01.981+0000] {dag.py:3696} INFO - Setting next_dagrun for daily_crypto_lstm_pipeline to 2026-06-16T17:02:00+00:00, run_after=2026-06-17T17:02:00+00:00
[2026-06-18T12:51:02.010+0000] {processor.py:179} INFO - Processing /opt/airflow/dags/binance_daily_dag.py took 2.714 seconds
[2026-06-18T12:51:32.539+0000] {processor.py:157} INFO - Started process (PID=1873) to work on /opt/airflow/dags/binance_daily_dag.py
[2026-06-18T12:51:32.540+0000] {processor.py:829} INFO - Processing file /opt/airflow/dags/binance_daily_dag.py for tasks to queue
[2026-06-18T12:51:32.541+0000] {logging_mixin.py:151} INFO - [2026-06-18T12:51:32.541+0000] {dagbag.py:539} INFO - Filling up the DagBag from /opt/airflow/dags/binance_daily_dag.py
[2026-06-18T12:51:35.020+0000] {processor.py:839} INFO - DAG(s) dict_keys(['daily_crypto_lstm_pipeline']) retrieved from /opt/airflow/dags/binance_daily_dag.py
[2026-06-18T12:51:35.038+0000] {logging_mixin.py:151} INFO - [2026-06-18T12:51:35.038+0000] {dag.py:2915} INFO - Sync 1 DAGs
[2026-06-18T12:51:35.056+0000] {logging_mixin.py:151} INFO - [2026-06-18T12:51:35.056+0000] {dag.py:3696} INFO - Setting next_dagrun for daily_crypto_lstm_pipeline to 2026-06-16T17:02:00+00:00, run_after=2026-06-17T17:02:00+00:00
[2026-06-18T12:51:35.074+0000] {processor.py:179} INFO - Processing /opt/airflow/dags/binance_daily_dag.py took 2.538 seconds
[2026-06-18T12:52:05.620+0000] {processor.py:157} INFO - Started process (PID=1933) to work on /opt/airflow/dags/binance_daily_dag.py
[2026-06-18T12:52:05.621+0000] {processor.py:829} INFO - Processing file /opt/airflow/dags/binance_daily_dag.py for tasks to queue
[2026-06-18T12:52:05.622+0000] {logging_mixin.py:151} INFO - [2026-06-18T12:52:05.622+0000] {dagbag.py:539} INFO - Filling up the DagBag from /opt/airflow/dags/binance_daily_dag.py
[2026-06-18T12:52:07.920+0000] {processor.py:839} INFO - DAG(s) dict_keys(['daily_crypto_lstm_pipeline']) retrieved from /opt/airflow/dags/binance_daily_dag.py
[2026-06-18T12:52:07.942+0000] {logging_mixin.py:151} INFO - [2026-06-18T12:52:07.942+0000] {dag.py:2915} INFO - Sync 1 DAGs
[2026-06-18T12:52:07.962+0000] {logging_mixin.py:151} INFO - [2026-06-18T12:52:07.961+0000] {dag.py:3696} INFO - Setting next_dagrun for daily_crypto_lstm_pipeline to 2026-06-17T17:02:00+00:00, run_after=2026-06-18T17:02:00+00:00
[2026-06-18T12:52:07.979+0000] {processor.py:179} INFO - Processing /opt/airflow/dags/binance_daily_dag.py took 2.363 seconds
[2026-06-18T12:52:38.072+0000] {processor.py:157} INFO - Started process (PID=1966) to work on /opt/airflow/dags/binance_daily_dag.py
[2026-06-18T12:52:38.074+0000] {processor.py:829} INFO - Processing file /opt/airflow/dags/binance_daily_dag.py for tasks to queue
[2026-06-18T12:52:38.075+0000] {logging_mixin.py:151} INFO - [2026-06-18T12:52:38.075+0000] {dagbag.py:539} INFO - Filling up the DagBag from /opt/airflow/dags/binance_daily_dag.py
[2026-06-18T12:52:40.721+0000] {processor.py:839} INFO - DAG(s) dict_keys(['daily_crypto_lstm_pipeline']) retrieved from /opt/airflow/dags/binance_daily_dag.py
[2026-06-18T12:52:40.742+0000] {logging_mixin.py:151} INFO - [2026-06-18T12:52:40.741+0000] {dag.py:2915} INFO - Sync 1 DAGs
[2026-06-18T12:52:40.766+0000] {logging_mixin.py:151} INFO - [2026-06-18T12:52:40.766+0000] {dag.py:3696} INFO - Setting next_dagrun for daily_crypto_lstm_pipeline to 2026-06-17T17:02:00+00:00, run_after=2026-06-18T17:02:00+00:00
[2026-06-18T12:52:40.797+0000] {processor.py:179} INFO - Processing /opt/airflow/dags/binance_daily_dag.py took 2.728 seconds
[2026-06-18T12:53:11.553+0000] {processor.py:157} INFO - Started process (PID=1999) to work on /opt/airflow/dags/binance_daily_dag.py
[2026-06-18T12:53:11.554+0000] {processor.py:829} INFO - Processing file /opt/airflow/dags/binance_daily_dag.py for tasks to queue
[2026-06-18T12:53:11.555+0000] {logging_mixin.py:151} INFO - [2026-06-18T12:53:11.555+0000] {dagbag.py:539} INFO - Filling up the DagBag from /opt/airflow/dags/binance_daily_dag.py
[2026-06-18T12:53:13.655+0000] {processor.py:839} INFO - DAG(s) dict_keys(['daily_crypto_lstm_pipeline']) retrieved from /opt/airflow/dags/binance_daily_dag.py
[2026-06-18T12:53:13.672+0000] {logging_mixin.py:151} INFO - [2026-06-18T12:53:13.671+0000] {dag.py:2915} INFO - Sync 1 DAGs
[2026-06-18T12:53:13.688+0000] {logging_mixin.py:151} INFO - [2026-06-18T12:53:13.688+0000] {dag.py:3696} INFO - Setting next_dagrun for daily_crypto_lstm_pipeline to 2026-06-17T17:02:00+00:00, run_after=2026-06-18T17:02:00+00:00
[2026-06-18T12:53:13.749+0000] {processor.py:179} INFO - Processing /opt/airflow/dags/binance_daily_dag.py took 2.200 seconds
[2026-06-18T12:53:44.236+0000] {processor.py:157} INFO - Started process (PID=2039) to work on /opt/airflow/dags/binance_daily_dag.py
[2026-06-18T12:53:44.238+0000] {processor.py:829} INFO - Processing file /opt/airflow/dags/binance_daily_dag.py for tasks to queue
[2026-06-18T12:53:44.239+0000] {logging_mixin.py:151} INFO - [2026-06-18T12:53:44.238+0000] {dagbag.py:539} INFO - Filling up the DagBag from /opt/airflow/dags/binance_daily_dag.py
[2026-06-18T12:53:46.477+0000] {processor.py:839} INFO - DAG(s) dict_keys(['daily_crypto_lstm_pipeline']) retrieved from /opt/airflow/dags/binance_daily_dag.py
[2026-06-18T12:53:46.497+0000] {logging_mixin.py:151} INFO - [2026-06-18T12:53:46.497+0000] {dag.py:2915} INFO - Sync 1 DAGs
[2026-06-18T12:53:46.516+0000] {logging_mixin.py:151} INFO - [2026-06-18T12:53:46.516+0000] {dag.py:3696} INFO - Setting next_dagrun for daily_crypto_lstm_pipeline to 2026-06-17T17:02:00+00:00, run_after=2026-06-18T17:02:00+00:00
[2026-06-18T12:53:46.537+0000] {processor.py:179} INFO - Processing /opt/airflow/dags/binance_daily_dag.py took 2.304 seconds
[2026-06-18T12:54:16.657+0000] {processor.py:157} INFO - Started process (PID=2072) to work on /opt/airflow/dags/binance_daily_dag.py
[2026-06-18T12:54:16.658+0000] {processor.py:829} INFO - Processing file /opt/airflow/dags/binance_daily_dag.py for tasks to queue
[2026-06-18T12:54:16.659+0000] {logging_mixin.py:151} INFO - [2026-06-18T12:54:16.658+0000] {dagbag.py:539} INFO - Filling up the DagBag from /opt/airflow/dags/binance_daily_dag.py
[2026-06-18T12:54:18.700+0000] {processor.py:839} INFO - DAG(s) dict_keys(['daily_crypto_lstm_pipeline']) retrieved from /opt/airflow/dags/binance_daily_dag.py
[2026-06-18T12:54:18.723+0000] {logging_mixin.py:151} INFO - [2026-06-18T12:54:18.722+0000] {dag.py:2915} INFO - Sync 1 DAGs
[2026-06-18T12:54:18.752+0000] {logging_mixin.py:151} INFO - [2026-06-18T12:54:18.752+0000] {dag.py:3696} INFO - Setting next_dagrun for daily_crypto_lstm_pipeline to 2026-06-17T17:02:00+00:00, run_after=2026-06-18T17:02:00+00:00
[2026-06-18T12:54:18.815+0000] {processor.py:179} INFO - Processing /opt/airflow/dags/binance_daily_dag.py took 2.162 seconds
[2026-06-18T12:54:49.003+0000] {processor.py:157} INFO - Started process (PID=2105) to work on /opt/airflow/dags/binance_daily_dag.py
[2026-06-18T12:54:49.005+0000] {processor.py:829} INFO - Processing file /opt/airflow/dags/binance_daily_dag.py for tasks to queue
[2026-06-18T12:54:49.006+0000] {logging_mixin.py:151} INFO - [2026-06-18T12:54:49.006+0000] {dagbag.py:539} INFO - Filling up the DagBag from /opt/airflow/dags/binance_daily_dag.py
[2026-06-18T12:54:51.295+0000] {processor.py:839} INFO - DAG(s) dict_keys(['daily_crypto_lstm_pipeline']) retrieved from /opt/airflow/dags/binance_daily_dag.py
[2026-06-18T12:54:51.323+0000] {logging_mixin.py:151} INFO - [2026-06-18T12:54:51.322+0000] {dag.py:2915} INFO - Sync 1 DAGs
[2026-06-18T12:54:51.346+0000] {logging_mixin.py:151} INFO - [2026-06-18T12:54:51.346+0000] {dag.py:3696} INFO - Setting next_dagrun for daily_crypto_lstm_pipeline to 2026-06-17T17:02:00+00:00, run_after=2026-06-18T17:02:00+00:00
[2026-06-18T12:54:51.369+0000] {processor.py:179} INFO - Processing /opt/airflow/dags/binance_daily_dag.py took 2.369 seconds
[2026-06-18T12:55:21.711+0000] {processor.py:157} INFO - Started process (PID=2138) to work on /opt/airflow/dags/binance_daily_dag.py
[2026-06-18T12:55:21.713+0000] {processor.py:829} INFO - Processing file /opt/airflow/dags/binance_daily_dag.py for tasks to queue
[2026-06-18T12:55:21.714+0000] {logging_mixin.py:151} INFO - [2026-06-18T12:55:21.713+0000] {dagbag.py:539} INFO - Filling up the DagBag from /opt/airflow/dags/binance_daily_dag.py
[2026-06-18T12:55:23.850+0000] {processor.py:839} INFO - DAG(s) dict_keys(['daily_crypto_lstm_pipeline']) retrieved from /opt/airflow/dags/binance_daily_dag.py
[2026-06-18T12:55:23.873+0000] {logging_mixin.py:151} INFO - [2026-06-18T12:55:23.873+0000] {dag.py:2915} INFO - Sync 1 DAGs
[2026-06-18T12:55:23.892+0000] {logging_mixin.py:151} INFO - [2026-06-18T12:55:23.892+0000] {dag.py:3696} INFO - Setting next_dagrun for daily_crypto_lstm_pipeline to 2026-06-17T17:02:00+00:00, run_after=2026-06-18T17:02:00+00:00
[2026-06-18T12:55:23.948+0000] {processor.py:179} INFO - Processing /opt/airflow/dags/binance_daily_dag.py took 2.242 seconds
[2026-06-18T12:55:54.558+0000] {processor.py:157} INFO - Started process (PID=2170) to work on /opt/airflow/dags/binance_daily_dag.py
[2026-06-18T12:55:54.560+0000] {processor.py:829} INFO - Processing file /opt/airflow/dags/binance_daily_dag.py for tasks to queue
[2026-06-18T12:55:54.561+0000] {logging_mixin.py:151} INFO - [2026-06-18T12:55:54.560+0000] {dagbag.py:539} INFO - Filling up the DagBag from /opt/airflow/dags/binance_daily_dag.py
[2026-06-18T12:55:56.640+0000] {processor.py:839} INFO - DAG(s) dict_keys(['daily_crypto_lstm_pipeline']) retrieved from /opt/airflow/dags/binance_daily_dag.py
[2026-06-18T12:55:56.660+0000] {logging_mixin.py:151} INFO - [2026-06-18T12:55:56.659+0000] {dag.py:2915} INFO - Sync 1 DAGs
[2026-06-18T12:55:56.675+0000] {logging_mixin.py:151} INFO - [2026-06-18T12:55:56.675+0000] {dag.py:3696} INFO - Setting next_dagrun for daily_crypto_lstm_pipeline to 2026-06-17T17:02:00+00:00, run_after=2026-06-18T17:02:00+00:00
[2026-06-18T12:55:56.735+0000] {processor.py:179} INFO - Processing /opt/airflow/dags/binance_daily_dag.py took 2.181 seconds
[2026-06-18T12:56:27.116+0000] {processor.py:157} INFO - Started process (PID=2203) to work on /opt/airflow/dags/binance_daily_dag.py
[2026-06-18T12:56:27.117+0000] {processor.py:829} INFO - Processing file /opt/airflow/dags/binance_daily_dag.py for tasks to queue
[2026-06-18T12:56:27.118+0000] {logging_mixin.py:151} INFO - [2026-06-18T12:56:27.117+0000] {dagbag.py:539} INFO - Filling up the DagBag from /opt/airflow/dags/binance_daily_dag.py
[2026-06-18T12:56:29.220+0000] {processor.py:839} INFO - DAG(s) dict_keys(['daily_crypto_lstm_pipeline']) retrieved from /opt/airflow/dags/binance_daily_dag.py
[2026-06-18T12:56:29.245+0000] {logging_mixin.py:151} INFO - [2026-06-18T12:56:29.244+0000] {dag.py:2915} INFO - Sync 1 DAGs
[2026-06-18T12:56:29.266+0000] {logging_mixin.py:151} INFO - [2026-06-18T12:56:29.266+0000] {dag.py:3696} INFO - Setting next_dagrun for daily_crypto_lstm_pipeline to 2026-06-17T17:02:00+00:00, run_after=2026-06-18T17:02:00+00:00
[2026-06-18T12:56:29.332+0000] {processor.py:179} INFO - Processing /opt/airflow/dags/binance_daily_dag.py took 2.220 seconds
[2026-06-18T12:56:59.638+0000] {processor.py:157} INFO - Started process (PID=2236) to work on /opt/airflow/dags/binance_daily_dag.py
[2026-06-18T12:56:59.640+0000] {processor.py:829} INFO - Processing file /opt/airflow/dags/binance_daily_dag.py for tasks to queue
[2026-06-18T12:56:59.641+0000] {logging_mixin.py:151} INFO - [2026-06-18T12:56:59.641+0000] {dagbag.py:539} INFO - Filling up the DagBag from /opt/airflow/dags/binance_daily_dag.py
[2026-06-18T12:57:02.623+0000] {processor.py:839} INFO - DAG(s) dict_keys(['daily_crypto_lstm_pipeline']) retrieved from /opt/airflow/dags/binance_daily_dag.py
[2026-06-18T12:57:02.647+0000] {logging_mixin.py:151} INFO - [2026-06-18T12:57:02.647+0000] {dag.py:2915} INFO - Sync 1 DAGs
[2026-06-18T12:57:02.677+0000] {logging_mixin.py:151} INFO - [2026-06-18T12:57:02.677+0000] {dag.py:3696} INFO - Setting next_dagrun for daily_crypto_lstm_pipeline to 2026-06-17T17:02:00+00:00, run_after=2026-06-18T17:02:00+00:00
[2026-06-18T12:57:02.712+0000] {processor.py:179} INFO - Processing /opt/airflow/dags/binance_daily_dag.py took 3.079 seconds
[2026-06-18T12:57:33.134+0000] {processor.py:157} INFO - Started process (PID=2269) to work on /opt/airflow/dags/binance_daily_dag.py
[2026-06-18T12:57:33.135+0000] {processor.py:829} INFO - Processing file /opt/airflow/dags/binance_daily_dag.py for tasks to queue
[2026-06-18T12:57:33.136+0000] {logging_mixin.py:151} INFO - [2026-06-18T12:57:33.136+0000] {dagbag.py:539} INFO - Filling up the DagBag from /opt/airflow/dags/binance_daily_dag.py
[2026-06-18T12:57:35.658+0000] {processor.py:839} INFO - DAG(s) dict_keys(['daily_crypto_lstm_pipeline']) retrieved from /opt/airflow/dags/binance_daily_dag.py
[2026-06-18T12:57:35.679+0000] {logging_mixin.py:151} INFO - [2026-06-18T12:57:35.678+0000] {dag.py:2915} INFO - Sync 1 DAGs
[2026-06-18T12:57:35.699+0000] {logging_mixin.py:151} INFO - [2026-06-18T12:57:35.699+0000] {dag.py:3696} INFO - Setting next_dagrun for daily_crypto_lstm_pipeline to 2026-06-17T17:02:00+00:00, run_after=2026-06-18T17:02:00+00:00
[2026-06-18T12:57:35.733+0000] {processor.py:179} INFO - Processing /opt/airflow/dags/binance_daily_dag.py took 2.603 seconds
[2026-06-18T12:58:06.060+0000] {processor.py:157} INFO - Started process (PID=2307) to work on /opt/airflow/dags/binance_daily_dag.py
[2026-06-18T12:58:06.061+0000] {processor.py:829} INFO - Processing file /opt/airflow/dags/binance_daily_dag.py for tasks to queue
[2026-06-18T12:58:06.062+0000] {logging_mixin.py:151} INFO - [2026-06-18T12:58:06.062+0000] {dagbag.py:539} INFO - Filling up the DagBag from /opt/airflow/dags/binance_daily_dag.py
[2026-06-18T12:58:08.615+0000] {processor.py:839} INFO - DAG(s) dict_keys(['daily_crypto_lstm_pipeline']) retrieved from /opt/airflow/dags/binance_daily_dag.py
[2026-06-18T12:58:08.640+0000] {logging_mixin.py:151} INFO - [2026-06-18T12:58:08.639+0000] {dag.py:2915} INFO - Sync 1 DAGs
[2026-06-18T12:58:08.716+0000] {logging_mixin.py:151} INFO - [2026-06-18T12:58:08.716+0000] {dag.py:3696} INFO - Setting next_dagrun for daily_crypto_lstm_pipeline to 2026-06-17T17:02:00+00:00, run_after=2026-06-18T17:02:00+00:00
[2026-06-18T12:58:08.790+0000] {processor.py:179} INFO - Processing /opt/airflow/dags/binance_daily_dag.py took 2.736 seconds
[2026-06-18T12:58:38.940+0000] {processor.py:157} INFO - Started process (PID=2340) to work on /opt/airflow/dags/binance_daily_dag.py
[2026-06-18T12:58:38.941+0000] {processor.py:829} INFO - Processing file /opt/airflow/dags/binance_daily_dag.py for tasks to queue
[2026-06-18T12:58:38.942+0000] {logging_mixin.py:151} INFO - [2026-06-18T12:58:38.941+0000] {dagbag.py:539} INFO - Filling up the DagBag from /opt/airflow/dags/binance_daily_dag.py
[2026-06-18T12:58:41.186+0000] {processor.py:839} INFO - DAG(s) dict_keys(['daily_crypto_lstm_pipeline']) retrieved from /opt/airflow/dags/binance_daily_dag.py
[2026-06-18T12:58:41.205+0000] {logging_mixin.py:151} INFO - [2026-06-18T12:58:41.205+0000] {dag.py:2915} INFO - Sync 1 DAGs
[2026-06-18T12:58:41.221+0000] {logging_mixin.py:151} INFO - [2026-06-18T12:58:41.221+0000] {dag.py:3696} INFO - Setting next_dagrun for daily_crypto_lstm_pipeline to 2026-06-17T17:02:00+00:00, run_after=2026-06-18T17:02:00+00:00
[2026-06-18T12:58:41.238+0000] {processor.py:179} INFO - Processing /opt/airflow/dags/binance_daily_dag.py took 2.301 seconds
[2026-06-18T12:59:11.687+0000] {processor.py:157} INFO - Started process (PID=2373) to work on /opt/airflow/dags/binance_daily_dag.py
[2026-06-18T12:59:11.688+0000] {processor.py:829} INFO - Processing file /opt/airflow/dags/binance_daily_dag.py for tasks to queue
[2026-06-18T12:59:11.690+0000] {logging_mixin.py:151} INFO - [2026-06-18T12:59:11.689+0000] {dagbag.py:539} INFO - Filling up the DagBag from /opt/airflow/dags/binance_daily_dag.py
[2026-06-18T12:59:14.832+0000] {processor.py:839} INFO - DAG(s) dict_keys(['daily_crypto_lstm_pipeline']) retrieved from /opt/airflow/dags/binance_daily_dag.py
[2026-06-18T12:59:14.858+0000] {logging_mixin.py:151} INFO - [2026-06-18T12:59:14.857+0000] {dag.py:2915} INFO - Sync 1 DAGs
[2026-06-18T12:59:14.883+0000] {logging_mixin.py:151} INFO - [2026-06-18T12:59:14.883+0000] {dag.py:3696} INFO - Setting next_dagrun for daily_crypto_lstm_pipeline to 2026-06-17T17:02:00+00:00, run_after=2026-06-18T17:02:00+00:00
[2026-06-18T12:59:14.906+0000] {processor.py:179} INFO - Processing /opt/airflow/dags/binance_daily_dag.py took 3.224 seconds
[2026-06-18T12:59:45.795+0000] {processor.py:157} INFO - Started process (PID=2414) to work on /opt/airflow/dags/binance_daily_dag.py
[2026-06-18T12:59:45.796+0000] {processor.py:829} INFO - Processing file /opt/airflow/dags/binance_daily_dag.py for tasks to queue
[2026-06-18T12:59:45.798+0000] {logging_mixin.py:151} INFO - [2026-06-18T12:59:45.797+0000] {dagbag.py:539} INFO - Filling up the DagBag from /opt/airflow/dags/binance_daily_dag.py
[2026-06-18T12:59:48.429+0000] {processor.py:839} INFO - DAG(s) dict_keys(['daily_crypto_lstm_pipeline']) retrieved from /opt/airflow/dags/binance_daily_dag.py
[2026-06-18T12:59:48.454+0000] {logging_mixin.py:151} INFO - [2026-06-18T12:59:48.453+0000] {dag.py:2915} INFO - Sync 1 DAGs
[2026-06-18T12:59:48.475+0000] {logging_mixin.py:151} INFO - [2026-06-18T12:59:48.474+0000] {dag.py:3696} INFO - Setting next_dagrun for daily_crypto_lstm_pipeline to 2026-06-17T17:02:00+00:00, run_after=2026-06-18T17:02:00+00:00
[2026-06-18T12:59:48.494+0000] {processor.py:179} INFO - Processing /opt/airflow/dags/binance_daily_dag.py took 2.703 seconds
[2026-06-18T13:00:18.770+0000] {processor.py:157} INFO - Started process (PID=2447) to work on /opt/airflow/dags/binance_daily_dag.py
[2026-06-18T13:00:18.772+0000] {processor.py:829} INFO - Processing file /opt/airflow/dags/binance_daily_dag.py for tasks to queue
[2026-06-18T13:00:18.773+0000] {logging_mixin.py:151} INFO - [2026-06-18T13:00:18.772+0000] {dagbag.py:539} INFO - Filling up the DagBag from /opt/airflow/dags/binance_daily_dag.py
[2026-06-18T13:00:21.077+0000] {processor.py:839} INFO - DAG(s) dict_keys(['daily_crypto_lstm_pipeline']) retrieved from /opt/airflow/dags/binance_daily_dag.py
[2026-06-18T13:00:21.098+0000] {logging_mixin.py:151} INFO - [2026-06-18T13:00:21.097+0000] {dag.py:2915} INFO - Sync 1 DAGs
[2026-06-18T13:00:21.117+0000] {logging_mixin.py:151} INFO - [2026-06-18T13:00:21.117+0000] {dag.py:3696} INFO - Setting next_dagrun for daily_crypto_lstm_pipeline to 2026-06-17T17:02:00+00:00, run_after=2026-06-18T17:02:00+00:00
[2026-06-18T13:00:21.136+0000] {processor.py:179} INFO - Processing /opt/airflow/dags/binance_daily_dag.py took 2.371 seconds
[2026-06-18T13:00:52.023+0000] {processor.py:157} INFO - Started process (PID=2480) to work on /opt/airflow/dags/binance_daily_dag.py
[2026-06-18T13:00:52.024+0000] {processor.py:829} INFO - Processing file /opt/airflow/dags/binance_daily_dag.py for tasks to queue
[2026-06-18T13:00:52.025+0000] {logging_mixin.py:151} INFO - [2026-06-18T13:00:52.025+0000] {dagbag.py:539} INFO - Filling up the DagBag from /opt/airflow/dags/binance_daily_dag.py
[2026-06-18T13:00:54.549+0000] {processor.py:839} INFO - DAG(s) dict_keys(['daily_crypto_lstm_pipeline']) retrieved from /opt/airflow/dags/binance_daily_dag.py
[2026-06-18T13:00:54.577+0000] {logging_mixin.py:151} INFO - [2026-06-18T13:00:54.576+0000] {dag.py:2915} INFO - Sync 1 DAGs
[2026-06-18T13:00:54.602+0000] {logging_mixin.py:151} INFO - [2026-06-18T13:00:54.602+0000] {dag.py:3696} INFO - Setting next_dagrun for daily_crypto_lstm_pipeline to 2026-06-17T17:02:00+00:00, run_after=2026-06-18T17:02:00+00:00
[2026-06-18T13:00:54.661+0000] {processor.py:179} INFO - Processing /opt/airflow/dags/binance_daily_dag.py took 2.644 seconds
[2026-06-18T13:01:24.831+0000] {processor.py:157} INFO - Started process (PID=2513) to work on /opt/airflow/dags/binance_daily_dag.py
[2026-06-18T13:01:24.833+0000] {processor.py:829} INFO - Processing file /opt/airflow/dags/binance_daily_dag.py for tasks to queue
[2026-06-18T13:01:24.835+0000] {logging_mixin.py:151} INFO - [2026-06-18T13:01:24.834+0000] {dagbag.py:539} INFO - Filling up the DagBag from /opt/airflow/dags/binance_daily_dag.py
[2026-06-18T13:01:27.125+0000] {processor.py:839} INFO - DAG(s) dict_keys(['daily_crypto_lstm_pipeline']) retrieved from /opt/airflow/dags/binance_daily_dag.py
[2026-06-18T13:01:27.148+0000] {logging_mixin.py:151} INFO - [2026-06-18T13:01:27.147+0000] {dag.py:2915} INFO - Sync 1 DAGs
[2026-06-18T13:01:27.168+0000] {logging_mixin.py:151} INFO - [2026-06-18T13:01:27.168+0000] {dag.py:3696} INFO - Setting next_dagrun for daily_crypto_lstm_pipeline to 2026-06-17T17:02:00+00:00, run_after=2026-06-18T17:02:00+00:00
[2026-06-18T13:01:27.196+0000] {processor.py:179} INFO - Processing /opt/airflow/dags/binance_daily_dag.py took 2.369 seconds
[2026-06-18T13:01:57.907+0000] {processor.py:157} INFO - Started process (PID=2546) to work on /opt/airflow/dags/binance_daily_dag.py
[2026-06-18T13:01:57.909+0000] {processor.py:829} INFO - Processing file /opt/airflow/dags/binance_daily_dag.py for tasks to queue
[2026-06-18T13:01:57.910+0000] {logging_mixin.py:151} INFO - [2026-06-18T13:01:57.909+0000] {dagbag.py:539} INFO - Filling up the DagBag from /opt/airflow/dags/binance_daily_dag.py
[2026-06-18T13:02:00.406+0000] {processor.py:839} INFO - DAG(s) dict_keys(['daily_crypto_lstm_pipeline']) retrieved from /opt/airflow/dags/binance_daily_dag.py
[2026-06-18T13:02:00.427+0000] {logging_mixin.py:151} INFO - [2026-06-18T13:02:00.426+0000] {dag.py:2915} INFO - Sync 1 DAGs
[2026-06-18T13:02:00.445+0000] {logging_mixin.py:151} INFO - [2026-06-18T13:02:00.444+0000] {dag.py:3696} INFO - Setting next_dagrun for daily_crypto_lstm_pipeline to 2026-06-17T17:02:00+00:00, run_after=2026-06-18T17:02:00+00:00
[2026-06-18T13:02:00.471+0000] {processor.py:179} INFO - Processing /opt/airflow/dags/binance_daily_dag.py took 2.567 seconds
[2026-06-18T13:02:30.895+0000] {processor.py:157} INFO - Started process (PID=2579) to work on /opt/airflow/dags/binance_daily_dag.py
[2026-06-18T13:02:30.897+0000] {processor.py:829} INFO - Processing file /opt/airflow/dags/binance_daily_dag.py for tasks to queue
[2026-06-18T13:02:30.898+0000] {logging_mixin.py:151} INFO - [2026-06-18T13:02:30.898+0000] {dagbag.py:539} INFO - Filling up the DagBag from /opt/airflow/dags/binance_daily_dag.py
[2026-06-18T13:02:33.812+0000] {processor.py:839} INFO - DAG(s) dict_keys(['daily_crypto_lstm_pipeline']) retrieved from /opt/airflow/dags/binance_daily_dag.py
[2026-06-18T13:02:33.837+0000] {logging_mixin.py:151} INFO - [2026-06-18T13:02:33.837+0000] {dag.py:2915} INFO - Sync 1 DAGs
[2026-06-18T13:02:33.867+0000] {logging_mixin.py:151} INFO - [2026-06-18T13:02:33.866+0000] {dag.py:3696} INFO - Setting next_dagrun for daily_crypto_lstm_pipeline to 2026-06-17T17:02:00+00:00, run_after=2026-06-18T17:02:00+00:00
[2026-06-18T13:02:34.107+0000] {processor.py:179} INFO - Processing /opt/airflow/dags/binance_daily_dag.py took 3.215 seconds
[2026-06-18T13:03:04.283+0000] {processor.py:157} INFO - Started process (PID=2612) to work on /opt/airflow/dags/binance_daily_dag.py
[2026-06-18T13:03:04.284+0000] {processor.py:829} INFO - Processing file /opt/airflow/dags/binance_daily_dag.py for tasks to queue
[2026-06-18T13:03:04.285+0000] {logging_mixin.py:151} INFO - [2026-06-18T13:03:04.285+0000] {dagbag.py:539} INFO - Filling up the DagBag from /opt/airflow/dags/binance_daily_dag.py
[2026-06-18T13:03:06.762+0000] {processor.py:839} INFO - DAG(s) dict_keys(['daily_crypto_lstm_pipeline']) retrieved from /opt/airflow/dags/binance_daily_dag.py
[2026-06-18T13:03:06.791+0000] {logging_mixin.py:151} INFO - [2026-06-18T13:03:06.790+0000] {dag.py:2915} INFO - Sync 1 DAGs
[2026-06-18T13:03:06.813+0000] {logging_mixin.py:151} INFO - [2026-06-18T13:03:06.813+0000] {dag.py:3696} INFO - Setting next_dagrun for daily_crypto_lstm_pipeline to 2026-06-17T17:02:00+00:00, run_after=2026-06-18T17:02:00+00:00
[2026-06-18T13:03:06.840+0000] {processor.py:179} INFO - Processing /opt/airflow/dags/binance_daily_dag.py took 2.561 seconds
[2026-06-18T13:03:37.538+0000] {processor.py:157} INFO - Started process (PID=2645) to work on /opt/airflow/dags/binance_daily_dag.py
[2026-06-18T13:03:37.539+0000] {processor.py:829} INFO - Processing file /opt/airflow/dags/binance_daily_dag.py for tasks to queue
[2026-06-18T13:03:37.540+0000] {logging_mixin.py:151} INFO - [2026-06-18T13:03:37.540+0000] {dagbag.py:539} INFO - Filling up the DagBag from /opt/airflow/dags/binance_daily_dag.py
[2026-06-18T13:03:40.115+0000] {processor.py:839} INFO - DAG(s) dict_keys(['daily_crypto_lstm_pipeline']) retrieved from /opt/airflow/dags/binance_daily_dag.py
[2026-06-18T13:03:40.139+0000] {logging_mixin.py:151} INFO - [2026-06-18T13:03:40.139+0000] {dag.py:2915} INFO - Sync 1 DAGs
[2026-06-18T13:03:40.164+0000] {logging_mixin.py:151} INFO - [2026-06-18T13:03:40.163+0000] {dag.py:3696} INFO - Setting next_dagrun for daily_crypto_lstm_pipeline to 2026-06-17T17:02:00+00:00, run_after=2026-06-18T17:02:00+00:00
[2026-06-18T13:03:40.198+0000] {processor.py:179} INFO - Processing /opt/airflow/dags/binance_daily_dag.py took 2.663 seconds
[2026-06-18T13:04:10.381+0000] {processor.py:157} INFO - Started process (PID=2678) to work on /opt/airflow/dags/binance_daily_dag.py
[2026-06-18T13:04:10.383+0000] {processor.py:829} INFO - Processing file /opt/airflow/dags/binance_daily_dag.py for tasks to queue
[2026-06-18T13:04:10.384+0000] {logging_mixin.py:151} INFO - [2026-06-18T13:04:10.383+0000] {dagbag.py:539} INFO - Filling up the DagBag from /opt/airflow/dags/binance_daily_dag.py
[2026-06-18T13:04:12.897+0000] {processor.py:839} INFO - DAG(s) dict_keys(['daily_crypto_lstm_pipeline']) retrieved from /opt/airflow/dags/binance_daily_dag.py
[2026-06-18T13:04:12.918+0000] {logging_mixin.py:151} INFO - [2026-06-18T13:04:12.917+0000] {dag.py:2915} INFO - Sync 1 DAGs
[2026-06-18T13:04:12.939+0000] {logging_mixin.py:151} INFO - [2026-06-18T13:04:12.939+0000] {dag.py:3696} INFO - Setting next_dagrun for daily_crypto_lstm_pipeline to 2026-06-17T17:02:00+00:00, run_after=2026-06-18T17:02:00+00:00
[2026-06-18T13:04:12.962+0000] {processor.py:179} INFO - Processing /opt/airflow/dags/binance_daily_dag.py took 2.585 seconds
[2026-06-18T13:04:43.225+0000] {processor.py:157} INFO - Started process (PID=2711) to work on /opt/airflow/dags/binance_daily_dag.py
[2026-06-18T13:04:43.226+0000] {processor.py:829} INFO - Processing file /opt/airflow/dags/binance_daily_dag.py for tasks to queue
[2026-06-18T13:04:43.227+0000] {logging_mixin.py:151} INFO - [2026-06-18T13:04:43.226+0000] {dagbag.py:539} INFO - Filling up the DagBag from /opt/airflow/dags/binance_daily_dag.py
[2026-06-18T13:04:45.617+0000] {processor.py:839} INFO - DAG(s) dict_keys(['daily_crypto_lstm_pipeline']) retrieved from /opt/airflow/dags/binance_daily_dag.py
[2026-06-18T13:04:45.638+0000] {logging_mixin.py:151} INFO - [2026-06-18T13:04:45.638+0000] {dag.py:2915} INFO - Sync 1 DAGs
[2026-06-18T13:04:45.660+0000] {logging_mixin.py:151} INFO - [2026-06-18T13:04:45.660+0000] {dag.py:3696} INFO - Setting next_dagrun for daily_crypto_lstm_pipeline to 2026-06-17T17:02:00+00:00, run_after=2026-06-18T17:02:00+00:00
[2026-06-18T13:04:45.692+0000] {processor.py:179} INFO - Processing /opt/airflow/dags/binance_daily_dag.py took 2.471 seconds
[2026-06-18T13:05:16.320+0000] {processor.py:157} INFO - Started process (PID=2750) to work on /opt/airflow/dags/binance_daily_dag.py
[2026-06-18T13:05:16.321+0000] {processor.py:829} INFO - Processing file /opt/airflow/dags/binance_daily_dag.py for tasks to queue
[2026-06-18T13:05:16.322+0000] {logging_mixin.py:151} INFO - [2026-06-18T13:05:16.322+0000] {dagbag.py:539} INFO - Filling up the DagBag from /opt/airflow/dags/binance_daily_dag.py
[2026-06-18T13:05:18.669+0000] {processor.py:839} INFO - DAG(s) dict_keys(['daily_crypto_lstm_pipeline']) retrieved from /opt/airflow/dags/binance_daily_dag.py
[2026-06-18T13:05:18.696+0000] {logging_mixin.py:151} INFO - [2026-06-18T13:05:18.695+0000] {dag.py:2915} INFO - Sync 1 DAGs
[2026-06-18T13:05:18.721+0000] {logging_mixin.py:151} INFO - [2026-06-18T13:05:18.721+0000] {dag.py:3696} INFO - Setting next_dagrun for daily_crypto_lstm_pipeline to 2026-06-17T17:02:00+00:00, run_after=2026-06-18T17:02:00+00:00
[2026-06-18T13:05:18.785+0000] {processor.py:179} INFO - Processing /opt/airflow/dags/binance_daily_dag.py took 2.470 seconds
[2026-06-18T13:05:49.435+0000] {processor.py:157} INFO - Started process (PID=2783) to work on /opt/airflow/dags/binance_daily_dag.py
[2026-06-18T13:05:49.436+0000] {processor.py:829} INFO - Processing file /opt/airflow/dags/binance_daily_dag.py for tasks to queue
[2026-06-18T13:05:49.438+0000] {logging_mixin.py:151} INFO - [2026-06-18T13:05:49.437+0000] {dagbag.py:539} INFO - Filling up the DagBag from /opt/airflow/dags/binance_daily_dag.py
[2026-06-18T13:05:52.072+0000] {processor.py:839} INFO - DAG(s) dict_keys(['daily_crypto_lstm_pipeline']) retrieved from /opt/airflow/dags/binance_daily_dag.py
[2026-06-18T13:05:52.096+0000] {logging_mixin.py:151} INFO - [2026-06-18T13:05:52.095+0000] {dag.py:2915} INFO - Sync 1 DAGs
[2026-06-18T13:05:52.122+0000] {logging_mixin.py:151} INFO - [2026-06-18T13:05:52.122+0000] {dag.py:3696} INFO - Setting next_dagrun for daily_crypto_lstm_pipeline to 2026-06-17T17:02:00+00:00, run_after=2026-06-18T17:02:00+00:00
[2026-06-18T13:05:52.144+0000] {processor.py:179} INFO - Processing /opt/airflow/dags/binance_daily_dag.py took 2.713 seconds
[2026-06-18T13:06:22.956+0000] {processor.py:157} INFO - Started process (PID=2816) to work on /opt/airflow/dags/binance_daily_dag.py
[2026-06-18T13:06:22.957+0000] {processor.py:829} INFO - Processing file /opt/airflow/dags/binance_daily_dag.py for tasks to queue
[2026-06-18T13:06:22.959+0000] {logging_mixin.py:151} INFO - [2026-06-18T13:06:22.959+0000] {dagbag.py:539} INFO - Filling up the DagBag from /opt/airflow/dags/binance_daily_dag.py
[2026-06-18T13:06:25.403+0000] {processor.py:839} INFO - DAG(s) dict_keys(['daily_crypto_lstm_pipeline']) retrieved from /opt/airflow/dags/binance_daily_dag.py
[2026-06-18T13:06:25.426+0000] {logging_mixin.py:151} INFO - [2026-06-18T13:06:25.425+0000] {dag.py:2915} INFO - Sync 1 DAGs
[2026-06-18T13:06:25.445+0000] {logging_mixin.py:151} INFO - [2026-06-18T13:06:25.445+0000] {dag.py:3696} INFO - Setting next_dagrun for daily_crypto_lstm_pipeline to 2026-06-17T17:02:00+00:00, run_after=2026-06-18T17:02:00+00:00
[2026-06-18T13:06:25.504+0000] {processor.py:179} INFO - Processing /opt/airflow/dags/binance_daily_dag.py took 2.552 seconds
[2026-06-18T13:06:56.364+0000] {processor.py:157} INFO - Started process (PID=2854) to work on /opt/airflow/dags/binance_daily_dag.py
[2026-06-18T13:06:56.365+0000] {processor.py:829} INFO - Processing file /opt/airflow/dags/binance_daily_dag.py for tasks to queue
[2026-06-18T13:06:56.366+0000] {logging_mixin.py:151} INFO - [2026-06-18T13:06:56.366+0000] {dagbag.py:539} INFO - Filling up the DagBag from /opt/airflow/dags/binance_daily_dag.py
[2026-06-18T13:06:58.722+0000] {processor.py:839} INFO - DAG(s) dict_keys(['daily_crypto_lstm_pipeline']) retrieved from /opt/airflow/dags/binance_daily_dag.py
[2026-06-18T13:06:58.748+0000] {logging_mixin.py:151} INFO - [2026-06-18T13:06:58.747+0000] {dag.py:2915} INFO - Sync 1 DAGs
[2026-06-18T13:06:58.769+0000] {logging_mixin.py:151} INFO - [2026-06-18T13:06:58.769+0000] {dag.py:3696} INFO - Setting next_dagrun for daily_crypto_lstm_pipeline to 2026-06-17T17:02:00+00:00, run_after=2026-06-18T17:02:00+00:00
[2026-06-18T13:06:58.831+0000] {processor.py:179} INFO - Processing /opt/airflow/dags/binance_daily_dag.py took 2.471 seconds
[2026-06-18T13:07:29.742+0000] {processor.py:157} INFO - Started process (PID=2887) to work on /opt/airflow/dags/binance_daily_dag.py
[2026-06-18T13:07:29.745+0000] {processor.py:829} INFO - Processing file /opt/airflow/dags/binance_daily_dag.py for tasks to queue
[2026-06-18T13:07:29.746+0000] {logging_mixin.py:151} INFO - [2026-06-18T13:07:29.746+0000] {dagbag.py:539} INFO - Filling up the DagBag from /opt/airflow/dags/binance_daily_dag.py
[2026-06-18T13:07:32.217+0000] {processor.py:839} INFO - DAG(s) dict_keys(['daily_crypto_lstm_pipeline']) retrieved from /opt/airflow/dags/binance_daily_dag.py
[2026-06-18T13:07:32.243+0000] {logging_mixin.py:151} INFO - [2026-06-18T13:07:32.242+0000] {dag.py:2915} INFO - Sync 1 DAGs
[2026-06-18T13:07:32.268+0000] {logging_mixin.py:151} INFO - [2026-06-18T13:07:32.268+0000] {dag.py:3696} INFO - Setting next_dagrun for daily_crypto_lstm_pipeline to 2026-06-17T17:02:00+00:00, run_after=2026-06-18T17:02:00+00:00
[2026-06-18T13:07:32.335+0000] {processor.py:179} INFO - Processing /opt/airflow/dags/binance_daily_dag.py took 2.602 seconds
[2026-06-18T13:08:02.657+0000] {processor.py:157} INFO - Started process (PID=2921) to work on /opt/airflow/dags/binance_daily_dag.py
[2026-06-18T13:08:02.659+0000] {processor.py:829} INFO - Processing file /opt/airflow/dags/binance_daily_dag.py for tasks to queue
[2026-06-18T13:08:02.660+0000] {logging_mixin.py:151} INFO - [2026-06-18T13:08:02.660+0000] {dagbag.py:539} INFO - Filling up the DagBag from /opt/airflow/dags/binance_daily_dag.py
[2026-06-18T13:08:05.281+0000] {processor.py:839} INFO - DAG(s) dict_keys(['daily_crypto_lstm_pipeline']) retrieved from /opt/airflow/dags/binance_daily_dag.py
[2026-06-18T13:08:05.299+0000] {logging_mixin.py:151} INFO - [2026-06-18T13:08:05.299+0000] {dag.py:2915} INFO - Sync 1 DAGs
[2026-06-18T13:08:05.318+0000] {logging_mixin.py:151} INFO - [2026-06-18T13:08:05.318+0000] {dag.py:3696} INFO - Setting next_dagrun for daily_crypto_lstm_pipeline to 2026-06-17T17:02:00+00:00, run_after=2026-06-18T17:02:00+00:00
[2026-06-18T13:08:05.337+0000] {processor.py:179} INFO - Processing /opt/airflow/dags/binance_daily_dag.py took 2.683 seconds
[2026-06-18T13:08:35.575+0000] {processor.py:157} INFO - Started process (PID=2954) to work on /opt/airflow/dags/binance_daily_dag.py
[2026-06-18T13:08:35.576+0000] {processor.py:829} INFO - Processing file /opt/airflow/dags/binance_daily_dag.py for tasks to queue
[2026-06-18T13:08:35.577+0000] {logging_mixin.py:151} INFO - [2026-06-18T13:08:35.577+0000] {dagbag.py:539} INFO - Filling up the DagBag from /opt/airflow/dags/binance_daily_dag.py
[2026-06-18T13:08:38.198+0000] {processor.py:839} INFO - DAG(s) dict_keys(['daily_crypto_lstm_pipeline']) retrieved from /opt/airflow/dags/binance_daily_dag.py
[2026-06-18T13:08:38.218+0000] {logging_mixin.py:151} INFO - [2026-06-18T13:08:38.218+0000] {dag.py:2915} INFO - Sync 1 DAGs
[2026-06-18T13:08:38.244+0000] {logging_mixin.py:151} INFO - [2026-06-18T13:08:38.244+0000] {dag.py:3696} INFO - Setting next_dagrun for daily_crypto_lstm_pipeline to 2026-06-17T17:02:00+00:00, run_after=2026-06-18T17:02:00+00:00
[2026-06-18T13:08:38.308+0000] {processor.py:179} INFO - Processing /opt/airflow/dags/binance_daily_dag.py took 2.737 seconds
[2026-06-18T13:09:08.628+0000] {processor.py:157} INFO - Started process (PID=2987) to work on /opt/airflow/dags/binance_daily_dag.py
[2026-06-18T13:09:08.630+0000] {processor.py:829} INFO - Processing file /opt/airflow/dags/binance_daily_dag.py for tasks to queue
[2026-06-18T13:09:08.631+0000] {logging_mixin.py:151} INFO - [2026-06-18T13:09:08.631+0000] {dagbag.py:539} INFO - Filling up the DagBag from /opt/airflow/dags/binance_daily_dag.py
[2026-06-18T13:09:11.056+0000] {processor.py:839} INFO - DAG(s) dict_keys(['daily_crypto_lstm_pipeline']) retrieved from /opt/airflow/dags/binance_daily_dag.py
[2026-06-18T13:09:11.075+0000] {logging_mixin.py:151} INFO - [2026-06-18T13:09:11.075+0000] {dag.py:2915} INFO - Sync 1 DAGs
[2026-06-18T13:09:11.094+0000] {logging_mixin.py:151} INFO - [2026-06-18T13:09:11.094+0000] {dag.py:3696} INFO - Setting next_dagrun for daily_crypto_lstm_pipeline to 2026-06-17T17:02:00+00:00, run_after=2026-06-18T17:02:00+00:00
[2026-06-18T13:09:11.153+0000] {processor.py:179} INFO - Processing /opt/airflow/dags/binance_daily_dag.py took 2.529 seconds
[2026-06-18T13:09:41.815+0000] {processor.py:157} INFO - Started process (PID=3020) to work on /opt/airflow/dags/binance_daily_dag.py
[2026-06-18T13:09:41.817+0000] {processor.py:829} INFO - Processing file /opt/airflow/dags/binance_daily_dag.py for tasks to queue
[2026-06-18T13:09:41.818+0000] {logging_mixin.py:151} INFO - [2026-06-18T13:09:41.818+0000] {dagbag.py:539} INFO - Filling up the DagBag from /opt/airflow/dags/binance_daily_dag.py
[2026-06-18T13:09:44.130+0000] {processor.py:839} INFO - DAG(s) dict_keys(['daily_crypto_lstm_pipeline']) retrieved from /opt/airflow/dags/binance_daily_dag.py
[2026-06-18T13:09:44.158+0000] {logging_mixin.py:151} INFO - [2026-06-18T13:09:44.158+0000] {dag.py:2915} INFO - Sync 1 DAGs
[2026-06-18T13:09:44.178+0000] {logging_mixin.py:151} INFO - [2026-06-18T13:09:44.178+0000] {dag.py:3696} INFO - Setting next_dagrun for daily_crypto_lstm_pipeline to 2026-06-17T17:02:00+00:00, run_after=2026-06-18T17:02:00+00:00
[2026-06-18T13:09:44.206+0000] {processor.py:179} INFO - Processing /opt/airflow/dags/binance_daily_dag.py took 2.395 seconds
[2026-06-18T13:10:14.831+0000] {processor.py:157} INFO - Started process (PID=3053) to work on /opt/airflow/dags/binance_daily_dag.py
[2026-06-18T13:10:14.837+0000] {processor.py:829} INFO - Processing file /opt/airflow/dags/binance_daily_dag.py for tasks to queue
[2026-06-18T13:10:14.839+0000] {logging_mixin.py:151} INFO - [2026-06-18T13:10:14.839+0000] {dagbag.py:539} INFO - Filling up the DagBag from /opt/airflow/dags/binance_daily_dag.py
[2026-06-18T13:10:17.240+0000] {processor.py:839} INFO - DAG(s) dict_keys(['daily_crypto_lstm_pipeline']) retrieved from /opt/airflow/dags/binance_daily_dag.py
[2026-06-18T13:10:17.263+0000] {logging_mixin.py:151} INFO - [2026-06-18T13:10:17.263+0000] {dag.py:2915} INFO - Sync 1 DAGs
[2026-06-18T13:10:17.283+0000] {logging_mixin.py:151} INFO - [2026-06-18T13:10:17.283+0000] {dag.py:3696} INFO - Setting next_dagrun for daily_crypto_lstm_pipeline to 2026-06-17T17:02:00+00:00, run_after=2026-06-18T17:02:00+00:00
[2026-06-18T13:10:17.326+0000] {processor.py:179} INFO - Processing /opt/airflow/dags/binance_daily_dag.py took 2.503 seconds
[2026-06-18T13:10:47.639+0000] {processor.py:157} INFO - Started process (PID=3093) to work on /opt/airflow/dags/binance_daily_dag.py
[2026-06-18T13:10:47.640+0000] {processor.py:829} INFO - Processing file /opt/airflow/dags/binance_daily_dag.py for tasks to queue
[2026-06-18T13:10:47.641+0000] {logging_mixin.py:151} INFO - [2026-06-18T13:10:47.641+0000] {dagbag.py:539} INFO - Filling up the DagBag from /opt/airflow/dags/binance_daily_dag.py
[2026-06-18T13:10:50.187+0000] {processor.py:839} INFO - DAG(s) dict_keys(['daily_crypto_lstm_pipeline']) retrieved from /opt/airflow/dags/binance_daily_dag.py
[2026-06-18T13:10:50.212+0000] {logging_mixin.py:151} INFO - [2026-06-18T13:10:50.211+0000] {dag.py:2915} INFO - Sync 1 DAGs
[2026-06-18T13:10:50.230+0000] {logging_mixin.py:151} INFO - [2026-06-18T13:10:50.229+0000] {dag.py:3696} INFO - Setting next_dagrun for daily_crypto_lstm_pipeline to 2026-06-17T17:02:00+00:00, run_after=2026-06-18T17:02:00+00:00
[2026-06-18T13:10:50.248+0000] {processor.py:179} INFO - Processing /opt/airflow/dags/binance_daily_dag.py took 2.612 seconds
[2026-06-18T13:11:20.664+0000] {processor.py:157} INFO - Started process (PID=3126) to work on /opt/airflow/dags/binance_daily_dag.py
[2026-06-18T13:11:20.666+0000] {processor.py:829} INFO - Processing file /opt/airflow/dags/binance_daily_dag.py for tasks to queue
[2026-06-18T13:11:20.667+0000] {logging_mixin.py:151} INFO - [2026-06-18T13:11:20.667+0000] {dagbag.py:539} INFO - Filling up the DagBag from /opt/airflow/dags/binance_daily_dag.py
[2026-06-18T13:11:23.005+0000] {processor.py:839} INFO - DAG(s) dict_keys(['daily_crypto_lstm_pipeline']) retrieved from /opt/airflow/dags/binance_daily_dag.py
[2026-06-18T13:11:23.026+0000] {logging_mixin.py:151} INFO - [2026-06-18T13:11:23.026+0000] {dag.py:2915} INFO - Sync 1 DAGs
[2026-06-18T13:11:23.046+0000] {logging_mixin.py:151} INFO - [2026-06-18T13:11:23.046+0000] {dag.py:3696} INFO - Setting next_dagrun for daily_crypto_lstm_pipeline to 2026-06-17T17:02:00+00:00, run_after=2026-06-18T17:02:00+00:00
[2026-06-18T13:11:23.066+0000] {processor.py:179} INFO - Processing /opt/airflow/dags/binance_daily_dag.py took 2.407 seconds
[2026-06-18T13:11:53.205+0000] {processor.py:157} INFO - Started process (PID=3159) to work on /opt/airflow/dags/binance_daily_dag.py
[2026-06-18T13:11:53.206+0000] {processor.py:829} INFO - Processing file /opt/airflow/dags/binance_daily_dag.py for tasks to queue
[2026-06-18T13:11:53.208+0000] {logging_mixin.py:151} INFO - [2026-06-18T13:11:53.207+0000] {dagbag.py:539} INFO - Filling up the DagBag from /opt/airflow/dags/binance_daily_dag.py
[2026-06-18T13:11:56.050+0000] {processor.py:839} INFO - DAG(s) dict_keys(['daily_crypto_lstm_pipeline']) retrieved from /opt/airflow/dags/binance_daily_dag.py
[2026-06-18T13:11:56.078+0000] {logging_mixin.py:151} INFO - [2026-06-18T13:11:56.078+0000] {dag.py:2915} INFO - Sync 1 DAGs
[2026-06-18T13:11:56.104+0000] {logging_mixin.py:151} INFO - [2026-06-18T13:11:56.103+0000] {dag.py:3696} INFO - Setting next_dagrun for daily_crypto_lstm_pipeline to 2026-06-17T17:02:00+00:00, run_after=2026-06-18T17:02:00+00:00
[2026-06-18T13:11:56.132+0000] {processor.py:179} INFO - Processing /opt/airflow/dags/binance_daily_dag.py took 2.932 seconds
[2026-06-18T13:12:26.292+0000] {processor.py:157} INFO - Started process (PID=3192) to work on /opt/airflow/dags/binance_daily_dag.py
[2026-06-18T13:12:26.295+0000] {processor.py:829} INFO - Processing file /opt/airflow/dags/binance_daily_dag.py for tasks to queue
[2026-06-18T13:12:26.296+0000] {logging_mixin.py:151} INFO - [2026-06-18T13:12:26.295+0000] {dagbag.py:539} INFO - Filling up the DagBag from /opt/airflow/dags/binance_daily_dag.py
[2026-06-18T13:12:29.483+0000] {processor.py:839} INFO - DAG(s) dict_keys(['daily_crypto_lstm_pipeline']) retrieved from /opt/airflow/dags/binance_daily_dag.py
[2026-06-18T13:12:29.509+0000] {logging_mixin.py:151} INFO - [2026-06-18T13:12:29.509+0000] {dag.py:2915} INFO - Sync 1 DAGs
[2026-06-18T13:12:29.537+0000] {logging_mixin.py:151} INFO - [2026-06-18T13:12:29.537+0000] {dag.py:3696} INFO - Setting next_dagrun for daily_crypto_lstm_pipeline to 2026-06-17T17:02:00+00:00, run_after=2026-06-18T17:02:00+00:00
[2026-06-18T13:12:29.564+0000] {processor.py:179} INFO - Processing /opt/airflow/dags/binance_daily_dag.py took 3.275 seconds
[2026-06-18T13:13:00.147+0000] {processor.py:157} INFO - Started process (PID=3230) to work on /opt/airflow/dags/binance_daily_dag.py
[2026-06-18T13:13:00.149+0000] {processor.py:829} INFO - Processing file /opt/airflow/dags/binance_daily_dag.py for tasks to queue
[2026-06-18T13:13:00.149+0000] {logging_mixin.py:151} INFO - [2026-06-18T13:13:00.149+0000] {dagbag.py:539} INFO - Filling up the DagBag from /opt/airflow/dags/binance_daily_dag.py
[2026-06-18T13:13:02.978+0000] {processor.py:839} INFO - DAG(s) dict_keys(['daily_crypto_lstm_pipeline']) retrieved from /opt/airflow/dags/binance_daily_dag.py
[2026-06-18T13:13:02.999+0000] {logging_mixin.py:151} INFO - [2026-06-18T13:13:02.998+0000] {dag.py:2915} INFO - Sync 1 DAGs
[2026-06-18T13:13:03.017+0000] {logging_mixin.py:151} INFO - [2026-06-18T13:13:03.017+0000] {dag.py:3696} INFO - Setting next_dagrun for daily_crypto_lstm_pipeline to 2026-06-17T17:02:00+00:00, run_after=2026-06-18T17:02:00+00:00
[2026-06-18T13:13:03.037+0000] {processor.py:179} INFO - Processing /opt/airflow/dags/binance_daily_dag.py took 2.894 seconds
[2026-06-18T13:13:33.776+0000] {processor.py:157} INFO - Started process (PID=3263) to work on /opt/airflow/dags/binance_daily_dag.py
[2026-06-18T13:13:33.778+0000] {processor.py:829} INFO - Processing file /opt/airflow/dags/binance_daily_dag.py for tasks to queue
[2026-06-18T13:13:33.779+0000] {logging_mixin.py:151} INFO - [2026-06-18T13:13:33.779+0000] {dagbag.py:539} INFO - Filling up the DagBag from /opt/airflow/dags/binance_daily_dag.py
[2026-06-18T13:13:36.275+0000] {processor.py:839} INFO - DAG(s) dict_keys(['daily_crypto_lstm_pipeline']) retrieved from /opt/airflow/dags/binance_daily_dag.py
[2026-06-18T13:13:36.299+0000] {logging_mixin.py:151} INFO - [2026-06-18T13:13:36.298+0000] {dag.py:2915} INFO - Sync 1 DAGs
[2026-06-18T13:13:36.325+0000] {logging_mixin.py:151} INFO - [2026-06-18T13:13:36.325+0000] {dag.py:3696} INFO - Setting next_dagrun for daily_crypto_lstm_pipeline to 2026-06-17T17:02:00+00:00, run_after=2026-06-18T17:02:00+00:00
[2026-06-18T13:13:36.351+0000] {processor.py:179} INFO - Processing /opt/airflow/dags/binance_daily_dag.py took 2.580 seconds
[2026-06-18T13:14:07.100+0000] {processor.py:157} INFO - Started process (PID=3296) to work on /opt/airflow/dags/binance_daily_dag.py
[2026-06-18T13:14:07.101+0000] {processor.py:829} INFO - Processing file /opt/airflow/dags/binance_daily_dag.py for tasks to queue
[2026-06-18T13:14:07.102+0000] {logging_mixin.py:151} INFO - [2026-06-18T13:14:07.102+0000] {dagbag.py:539} INFO - Filling up the DagBag from /opt/airflow/dags/binance_daily_dag.py
[2026-06-18T13:14:09.462+0000] {processor.py:839} INFO - DAG(s) dict_keys(['daily_crypto_lstm_pipeline']) retrieved from /opt/airflow/dags/binance_daily_dag.py
[2026-06-18T13:14:09.498+0000] {logging_mixin.py:151} INFO - [2026-06-18T13:14:09.498+0000] {dag.py:2915} INFO - Sync 1 DAGs
[2026-06-18T13:14:09.532+0000] {logging_mixin.py:151} INFO - [2026-06-18T13:14:09.532+0000] {dag.py:3696} INFO - Setting next_dagrun for daily_crypto_lstm_pipeline to 2026-06-17T17:02:00+00:00, run_after=2026-06-18T17:02:00+00:00
[2026-06-18T13:14:09.560+0000] {processor.py:179} INFO - Processing /opt/airflow/dags/binance_daily_dag.py took 2.466 seconds
[2026-06-18T13:14:40.197+0000] {processor.py:157} INFO - Started process (PID=3329) to work on /opt/airflow/dags/binance_daily_dag.py
[2026-06-18T13:14:40.199+0000] {processor.py:829} INFO - Processing file /opt/airflow/dags/binance_daily_dag.py for tasks to queue
[2026-06-18T13:14:40.201+0000] {logging_mixin.py:151} INFO - [2026-06-18T13:14:40.201+0000] {dagbag.py:539} INFO - Filling up the DagBag from /opt/airflow/dags/binance_daily_dag.py
[2026-06-18T13:14:42.503+0000] {processor.py:839} INFO - DAG(s) dict_keys(['daily_crypto_lstm_pipeline']) retrieved from /opt/airflow/dags/binance_daily_dag.py
[2026-06-18T13:14:42.524+0000] {logging_mixin.py:151} INFO - [2026-06-18T13:14:42.523+0000] {dag.py:2915} INFO - Sync 1 DAGs
[2026-06-18T13:14:42.545+0000] {logging_mixin.py:151} INFO - [2026-06-18T13:14:42.545+0000] {dag.py:3696} INFO - Setting next_dagrun for daily_crypto_lstm_pipeline to 2026-06-17T17:02:00+00:00, run_after=2026-06-18T17:02:00+00:00
[2026-06-18T13:14:42.606+0000] {processor.py:179} INFO - Processing /opt/airflow/dags/binance_daily_dag.py took 2.412 seconds
[2026-06-18T13:15:12.917+0000] {processor.py:157} INFO - Started process (PID=3362) to work on /opt/airflow/dags/binance_daily_dag.py
[2026-06-18T13:15:12.919+0000] {processor.py:829} INFO - Processing file /opt/airflow/dags/binance_daily_dag.py for tasks to queue
[2026-06-18T13:15:12.920+0000] {logging_mixin.py:151} INFO - [2026-06-18T13:15:12.920+0000] {dagbag.py:539} INFO - Filling up the DagBag from /opt/airflow/dags/binance_daily_dag.py
[2026-06-18T13:15:15.594+0000] {processor.py:839} INFO - DAG(s) dict_keys(['daily_crypto_lstm_pipeline']) retrieved from /opt/airflow/dags/binance_daily_dag.py
[2026-06-18T13:15:15.618+0000] {logging_mixin.py:151} INFO - [2026-06-18T13:15:15.617+0000] {dag.py:2915} INFO - Sync 1 DAGs
[2026-06-18T13:15:15.642+0000] {logging_mixin.py:151} INFO - [2026-06-18T13:15:15.641+0000] {dag.py:3696} INFO - Setting next_dagrun for daily_crypto_lstm_pipeline to 2026-06-17T17:02:00+00:00, run_after=2026-06-18T17:02:00+00:00
[2026-06-18T13:15:15.665+0000] {processor.py:179} INFO - Processing /opt/airflow/dags/binance_daily_dag.py took 2.751 seconds
[2026-06-18T13:15:45.829+0000] {processor.py:157} INFO - Started process (PID=3395) to work on /opt/airflow/dags/binance_daily_dag.py
[2026-06-18T13:15:45.831+0000] {processor.py:829} INFO - Processing file /opt/airflow/dags/binance_daily_dag.py for tasks to queue
[2026-06-18T13:15:45.832+0000] {logging_mixin.py:151} INFO - [2026-06-18T13:15:45.832+0000] {dagbag.py:539} INFO - Filling up the DagBag from /opt/airflow/dags/binance_daily_dag.py
[2026-06-18T13:15:48.165+0000] {processor.py:839} INFO - DAG(s) dict_keys(['daily_crypto_lstm_pipeline']) retrieved from /opt/airflow/dags/binance_daily_dag.py
[2026-06-18T13:15:48.185+0000] {logging_mixin.py:151} INFO - [2026-06-18T13:15:48.185+0000] {dag.py:2915} INFO - Sync 1 DAGs
[2026-06-18T13:15:48.206+0000] {logging_mixin.py:151} INFO - [2026-06-18T13:15:48.206+0000] {dag.py:3696} INFO - Setting next_dagrun for daily_crypto_lstm_pipeline to 2026-06-17T17:02:00+00:00, run_after=2026-06-18T17:02:00+00:00
[2026-06-18T13:15:48.268+0000] {processor.py:179} INFO - Processing /opt/airflow/dags/binance_daily_dag.py took 2.443 seconds
[2026-06-18T13:16:18.484+0000] {processor.py:157} INFO - Started process (PID=3436) to work on /opt/airflow/dags/binance_daily_dag.py
[2026-06-18T13:16:18.485+0000] {processor.py:829} INFO - Processing file /opt/airflow/dags/binance_daily_dag.py for tasks to queue
[2026-06-18T13:16:18.487+0000] {logging_mixin.py:151} INFO - [2026-06-18T13:16:18.487+0000] {dagbag.py:539} INFO - Filling up the DagBag from /opt/airflow/dags/binance_daily_dag.py
[2026-06-18T13:16:20.924+0000] {processor.py:839} INFO - DAG(s) dict_keys(['daily_crypto_lstm_pipeline']) retrieved from /opt/airflow/dags/binance_daily_dag.py
[2026-06-18T13:16:20.943+0000] {logging_mixin.py:151} INFO - [2026-06-18T13:16:20.943+0000] {dag.py:2915} INFO - Sync 1 DAGs
[2026-06-18T13:16:20.958+0000] {logging_mixin.py:151} INFO - [2026-06-18T13:16:20.958+0000] {dag.py:3696} INFO - Setting next_dagrun for daily_crypto_lstm_pipeline to 2026-06-17T17:02:00+00:00, run_after=2026-06-18T17:02:00+00:00
[2026-06-18T13:16:21.017+0000] {processor.py:179} INFO - Processing /opt/airflow/dags/binance_daily_dag.py took 2.537 seconds
[2026-06-18T13:16:51.892+0000] {processor.py:157} INFO - Started process (PID=3469) to work on /opt/airflow/dags/binance_daily_dag.py
[2026-06-18T13:16:51.893+0000] {processor.py:829} INFO - Processing file /opt/airflow/dags/binance_daily_dag.py for tasks to queue
[2026-06-18T13:16:51.894+0000] {logging_mixin.py:151} INFO - [2026-06-18T13:16:51.894+0000] {dagbag.py:539} INFO - Filling up the DagBag from /opt/airflow/dags/binance_daily_dag.py
[2026-06-18T13:16:54.131+0000] {processor.py:839} INFO - DAG(s) dict_keys(['daily_crypto_lstm_pipeline']) retrieved from /opt/airflow/dags/binance_daily_dag.py
[2026-06-18T13:16:54.154+0000] {logging_mixin.py:151} INFO - [2026-06-18T13:16:54.154+0000] {dag.py:2915} INFO - Sync 1 DAGs
[2026-06-18T13:16:54.179+0000] {logging_mixin.py:151} INFO - [2026-06-18T13:16:54.179+0000] {dag.py:3696} INFO - Setting next_dagrun for daily_crypto_lstm_pipeline to 2026-06-17T17:02:00+00:00, run_after=2026-06-18T17:02:00+00:00
[2026-06-18T13:16:54.239+0000] {processor.py:179} INFO - Processing /opt/airflow/dags/binance_daily_dag.py took 2.354 seconds
[2026-06-18T13:17:24.533+0000] {processor.py:157} INFO - Started process (PID=3502) to work on /opt/airflow/dags/binance_daily_dag.py
[2026-06-18T13:17:24.535+0000] {processor.py:829} INFO - Processing file /opt/airflow/dags/binance_daily_dag.py for tasks to queue
[2026-06-18T13:17:24.535+0000] {logging_mixin.py:151} INFO - [2026-06-18T13:17:24.535+0000] {dagbag.py:539} INFO - Filling up the DagBag from /opt/airflow/dags/binance_daily_dag.py
[2026-06-18T13:17:26.830+0000] {processor.py:839} INFO - DAG(s) dict_keys(['daily_crypto_lstm_pipeline']) retrieved from /opt/airflow/dags/binance_daily_dag.py
[2026-06-18T13:17:26.853+0000] {logging_mixin.py:151} INFO - [2026-06-18T13:17:26.852+0000] {dag.py:2915} INFO - Sync 1 DAGs
[2026-06-18T13:17:26.874+0000] {logging_mixin.py:151} INFO - [2026-06-18T13:17:26.874+0000] {dag.py:3696} INFO - Setting next_dagrun for daily_crypto_lstm_pipeline to 2026-06-17T17:02:00+00:00, run_after=2026-06-18T17:02:00+00:00
[2026-06-18T13:17:26.934+0000] {processor.py:179} INFO - Processing /opt/airflow/dags/binance_daily_dag.py took 2.405 seconds
[2026-06-18T13:17:57.322+0000] {processor.py:157} INFO - Started process (PID=3535) to work on /opt/airflow/dags/binance_daily_dag.py
[2026-06-18T13:17:57.324+0000] {processor.py:829} INFO - Processing file /opt/airflow/dags/binance_daily_dag.py for tasks to queue
[2026-06-18T13:17:57.325+0000] {logging_mixin.py:151} INFO - [2026-06-18T13:17:57.324+0000] {dagbag.py:539} INFO - Filling up the DagBag from /opt/airflow/dags/binance_daily_dag.py
[2026-06-18T13:17:59.632+0000] {processor.py:839} INFO - DAG(s) dict_keys(['daily_crypto_lstm_pipeline']) retrieved from /opt/airflow/dags/binance_daily_dag.py
[2026-06-18T13:17:59.655+0000] {logging_mixin.py:151} INFO - [2026-06-18T13:17:59.655+0000] {dag.py:2915} INFO - Sync 1 DAGs
[2026-06-18T13:17:59.678+0000] {logging_mixin.py:151} INFO - [2026-06-18T13:17:59.677+0000] {dag.py:3696} INFO - Setting next_dagrun for daily_crypto_lstm_pipeline to 2026-06-17T17:02:00+00:00, run_after=2026-06-18T17:02:00+00:00
[2026-06-18T13:17:59.738+0000] {processor.py:179} INFO - Processing /opt/airflow/dags/binance_daily_dag.py took 2.418 seconds
[2026-06-18T13:18:30.542+0000] {processor.py:157} INFO - Started process (PID=3568) to work on /opt/airflow/dags/binance_daily_dag.py
[2026-06-18T13:18:30.544+0000] {processor.py:829} INFO - Processing file /opt/airflow/dags/binance_daily_dag.py for tasks to queue
[2026-06-18T13:18:30.544+0000] {logging_mixin.py:151} INFO - [2026-06-18T13:18:30.544+0000] {dagbag.py:539} INFO - Filling up the DagBag from /opt/airflow/dags/binance_daily_dag.py
[2026-06-18T13:18:32.765+0000] {processor.py:839} INFO - DAG(s) dict_keys(['daily_crypto_lstm_pipeline']) retrieved from /opt/airflow/dags/binance_daily_dag.py
[2026-06-18T13:18:32.785+0000] {logging_mixin.py:151} INFO - [2026-06-18T13:18:32.785+0000] {dag.py:2915} INFO - Sync 1 DAGs
[2026-06-18T13:18:32.807+0000] {logging_mixin.py:151} INFO - [2026-06-18T13:18:32.807+0000] {dag.py:3696} INFO - Setting next_dagrun for daily_crypto_lstm_pipeline to 2026-06-17T17:02:00+00:00, run_after=2026-06-18T17:02:00+00:00
[2026-06-18T13:18:32.824+0000] {processor.py:179} INFO - Processing /opt/airflow/dags/binance_daily_dag.py took 2.286 seconds
[2026-06-18T13:19:03.539+0000] {processor.py:157} INFO - Started process (PID=3606) to work on /opt/airflow/dags/binance_daily_dag.py
[2026-06-18T13:19:03.541+0000] {processor.py:829} INFO - Processing file /opt/airflow/dags/binance_daily_dag.py for tasks to queue
[2026-06-18T13:19:03.541+0000] {logging_mixin.py:151} INFO - [2026-06-18T13:19:03.541+0000] {dagbag.py:539} INFO - Filling up the DagBag from /opt/airflow/dags/binance_daily_dag.py
[2026-06-18T13:19:05.957+0000] {processor.py:839} INFO - DAG(s) dict_keys(['daily_crypto_lstm_pipeline']) retrieved from /opt/airflow/dags/binance_daily_dag.py
[2026-06-18T13:19:06.017+0000] {logging_mixin.py:151} INFO - [2026-06-18T13:19:06.016+0000] {dag.py:2915} INFO - Sync 1 DAGs
[2026-06-18T13:19:06.051+0000] {logging_mixin.py:151} INFO - [2026-06-18T13:19:06.051+0000] {dag.py:3696} INFO - Setting next_dagrun for daily_crypto_lstm_pipeline to 2026-06-17T17:02:00+00:00, run_after=2026-06-18T17:02:00+00:00
[2026-06-18T13:19:06.088+0000] {processor.py:179} INFO - Processing /opt/airflow/dags/binance_daily_dag.py took 2.552 seconds
[2026-06-18T13:19:36.479+0000] {processor.py:157} INFO - Started process (PID=3639) to work on /opt/airflow/dags/binance_daily_dag.py
[2026-06-18T13:19:36.480+0000] {processor.py:829} INFO - Processing file /opt/airflow/dags/binance_daily_dag.py for tasks to queue
[2026-06-18T13:19:36.481+0000] {logging_mixin.py:151} INFO - [2026-06-18T13:19:36.481+0000] {dagbag.py:539} INFO - Filling up the DagBag from /opt/airflow/dags/binance_daily_dag.py
[2026-06-18T13:19:38.742+0000] {processor.py:839} INFO - DAG(s) dict_keys(['daily_crypto_lstm_pipeline']) retrieved from /opt/airflow/dags/binance_daily_dag.py
[2026-06-18T13:19:38.762+0000] {logging_mixin.py:151} INFO - [2026-06-18T13:19:38.761+0000] {dag.py:2915} INFO - Sync 1 DAGs
[2026-06-18T13:19:38.788+0000] {logging_mixin.py:151} INFO - [2026-06-18T13:19:38.788+0000] {dag.py:3696} INFO - Setting next_dagrun for daily_crypto_lstm_pipeline to 2026-06-17T17:02:00+00:00, run_after=2026-06-18T17:02:00+00:00
[2026-06-18T13:19:38.814+0000] {processor.py:179} INFO - Processing /opt/airflow/dags/binance_daily_dag.py took 2.339 seconds
[2026-06-18T13:20:09.804+0000] {processor.py:157} INFO - Started process (PID=3672) to work on /opt/airflow/dags/binance_daily_dag.py
[2026-06-18T13:20:09.806+0000] {processor.py:829} INFO - Processing file /opt/airflow/dags/binance_daily_dag.py for tasks to queue
[2026-06-18T13:20:09.807+0000] {logging_mixin.py:151} INFO - [2026-06-18T13:20:09.806+0000] {dagbag.py:539} INFO - Filling up the DagBag from /opt/airflow/dags/binance_daily_dag.py
[2026-06-18T13:20:12.215+0000] {processor.py:839} INFO - DAG(s) dict_keys(['daily_crypto_lstm_pipeline']) retrieved from /opt/airflow/dags/binance_daily_dag.py
[2026-06-18T13:20:12.243+0000] {logging_mixin.py:151} INFO - [2026-06-18T13:20:12.242+0000] {dag.py:2915} INFO - Sync 1 DAGs
[2026-06-18T13:20:12.269+0000] {logging_mixin.py:151} INFO - [2026-06-18T13:20:12.269+0000] {dag.py:3696} INFO - Setting next_dagrun for daily_crypto_lstm_pipeline to 2026-06-17T17:02:00+00:00, run_after=2026-06-18T17:02:00+00:00
[2026-06-18T13:20:12.306+0000] {processor.py:179} INFO - Processing /opt/airflow/dags/binance_daily_dag.py took 2.505 seconds
[2026-06-18T13:20:43.057+0000] {processor.py:157} INFO - Started process (PID=3705) to work on /opt/airflow/dags/binance_daily_dag.py
[2026-06-18T13:20:43.058+0000] {processor.py:829} INFO - Processing file /opt/airflow/dags/binance_daily_dag.py for tasks to queue
[2026-06-18T13:20:43.059+0000] {logging_mixin.py:151} INFO - [2026-06-18T13:20:43.058+0000] {dagbag.py:539} INFO - Filling up the DagBag from /opt/airflow/dags/binance_daily_dag.py
[2026-06-18T13:20:45.588+0000] {processor.py:839} INFO - DAG(s) dict_keys(['daily_crypto_lstm_pipeline']) retrieved from /opt/airflow/dags/binance_daily_dag.py
[2026-06-18T13:20:45.610+0000] {logging_mixin.py:151} INFO - [2026-06-18T13:20:45.610+0000] {dag.py:2915} INFO - Sync 1 DAGs
[2026-06-18T13:20:45.631+0000] {logging_mixin.py:151} INFO - [2026-06-18T13:20:45.631+0000] {dag.py:3696} INFO - Setting next_dagrun for daily_crypto_lstm_pipeline to 2026-06-17T17:02:00+00:00, run_after=2026-06-18T17:02:00+00:00
[2026-06-18T13:20:45.650+0000] {processor.py:179} INFO - Processing /opt/airflow/dags/binance_daily_dag.py took 2.597 seconds
[2026-06-18T13:21:15.873+0000] {processor.py:157} INFO - Started process (PID=3738) to work on /opt/airflow/dags/binance_daily_dag.py
[2026-06-18T13:21:15.874+0000] {processor.py:829} INFO - Processing file /opt/airflow/dags/binance_daily_dag.py for tasks to queue
[2026-06-18T13:21:15.875+0000] {logging_mixin.py:151} INFO - [2026-06-18T13:21:15.875+0000] {dagbag.py:539} INFO - Filling up the DagBag from /opt/airflow/dags/binance_daily_dag.py
[2026-06-18T13:21:18.331+0000] {processor.py:839} INFO - DAG(s) dict_keys(['daily_crypto_lstm_pipeline']) retrieved from /opt/airflow/dags/binance_daily_dag.py
[2026-06-18T13:21:18.354+0000] {logging_mixin.py:151} INFO - [2026-06-18T13:21:18.354+0000] {dag.py:2915} INFO - Sync 1 DAGs
[2026-06-18T13:21:18.374+0000] {logging_mixin.py:151} INFO - [2026-06-18T13:21:18.374+0000] {dag.py:3696} INFO - Setting next_dagrun for daily_crypto_lstm_pipeline to 2026-06-17T17:02:00+00:00, run_after=2026-06-18T17:02:00+00:00
[2026-06-18T13:21:18.395+0000] {processor.py:179} INFO - Processing /opt/airflow/dags/binance_daily_dag.py took 2.525 seconds
[2026-06-18T13:21:48.492+0000] {processor.py:157} INFO - Started process (PID=3778) to work on /opt/airflow/dags/binance_daily_dag.py
[2026-06-18T13:21:48.493+0000] {processor.py:829} INFO - Processing file /opt/airflow/dags/binance_daily_dag.py for tasks to queue
[2026-06-18T13:21:48.494+0000] {logging_mixin.py:151} INFO - [2026-06-18T13:21:48.494+0000] {dagbag.py:539} INFO - Filling up the DagBag from /opt/airflow/dags/binance_daily_dag.py
[2026-06-18T13:21:50.833+0000] {processor.py:839} INFO - DAG(s) dict_keys(['daily_crypto_lstm_pipeline']) retrieved from /opt/airflow/dags/binance_daily_dag.py
[2026-06-18T13:21:50.861+0000] {logging_mixin.py:151} INFO - [2026-06-18T13:21:50.860+0000] {dag.py:2915} INFO - Sync 1 DAGs
[2026-06-18T13:21:50.883+0000] {logging_mixin.py:151} INFO - [2026-06-18T13:21:50.882+0000] {dag.py:3696} INFO - Setting next_dagrun for daily_crypto_lstm_pipeline to 2026-06-17T17:02:00+00:00, run_after=2026-06-18T17:02:00+00:00
[2026-06-18T13:21:50.943+0000] {processor.py:179} INFO - Processing /opt/airflow/dags/binance_daily_dag.py took 2.454 seconds
[2026-06-18T13:22:21.326+0000] {processor.py:157} INFO - Started process (PID=3811) to work on /opt/airflow/dags/binance_daily_dag.py
[2026-06-18T13:22:21.328+0000] {processor.py:829} INFO - Processing file /opt/airflow/dags/binance_daily_dag.py for tasks to queue
[2026-06-18T13:22:21.329+0000] {logging_mixin.py:151} INFO - [2026-06-18T13:22:21.329+0000] {dagbag.py:539} INFO - Filling up the DagBag from /opt/airflow/dags/binance_daily_dag.py
[2026-06-18T13:22:23.506+0000] {processor.py:839} INFO - DAG(s) dict_keys(['daily_crypto_lstm_pipeline']) retrieved from /opt/airflow/dags/binance_daily_dag.py
[2026-06-18T13:22:23.528+0000] {logging_mixin.py:151} INFO - [2026-06-18T13:22:23.527+0000] {dag.py:2915} INFO - Sync 1 DAGs
[2026-06-18T13:22:23.550+0000] {logging_mixin.py:151} INFO - [2026-06-18T13:22:23.549+0000] {dag.py:3696} INFO - Setting next_dagrun for daily_crypto_lstm_pipeline to 2026-06-17T17:02:00+00:00, run_after=2026-06-18T17:02:00+00:00
[2026-06-18T13:22:23.619+0000] {processor.py:179} INFO - Processing /opt/airflow/dags/binance_daily_dag.py took 2.299 seconds
[2026-06-18T13:22:54.075+0000] {processor.py:157} INFO - Started process (PID=3844) to work on /opt/airflow/dags/binance_daily_dag.py
[2026-06-18T13:22:54.077+0000] {processor.py:829} INFO - Processing file /opt/airflow/dags/binance_daily_dag.py for tasks to queue
[2026-06-18T13:22:54.078+0000] {logging_mixin.py:151} INFO - [2026-06-18T13:22:54.077+0000] {dagbag.py:539} INFO - Filling up the DagBag from /opt/airflow/dags/binance_daily_dag.py
[2026-06-18T13:22:56.428+0000] {processor.py:839} INFO - DAG(s) dict_keys(['daily_crypto_lstm_pipeline']) retrieved from /opt/airflow/dags/binance_daily_dag.py
[2026-06-18T13:22:56.448+0000] {logging_mixin.py:151} INFO - [2026-06-18T13:22:56.447+0000] {dag.py:2915} INFO - Sync 1 DAGs
[2026-06-18T13:22:56.464+0000] {logging_mixin.py:151} INFO - [2026-06-18T13:22:56.464+0000] {dag.py:3696} INFO - Setting next_dagrun for daily_crypto_lstm_pipeline to 2026-06-17T17:02:00+00:00, run_after=2026-06-18T17:02:00+00:00
[2026-06-18T13:22:56.482+0000] {processor.py:179} INFO - Processing /opt/airflow/dags/binance_daily_dag.py took 2.410 seconds
[2026-06-18T13:23:26.636+0000] {processor.py:157} INFO - Started process (PID=3877) to work on /opt/airflow/dags/binance_daily_dag.py
[2026-06-18T13:23:26.638+0000] {processor.py:829} INFO - Processing file /opt/airflow/dags/binance_daily_dag.py for tasks to queue
[2026-06-18T13:23:26.639+0000] {logging_mixin.py:151} INFO - [2026-06-18T13:23:26.638+0000] {dagbag.py:539} INFO - Filling up the DagBag from /opt/airflow/dags/binance_daily_dag.py
[2026-06-18T13:23:28.698+0000] {processor.py:839} INFO - DAG(s) dict_keys(['daily_crypto_lstm_pipeline']) retrieved from /opt/airflow/dags/binance_daily_dag.py
[2026-06-18T13:23:28.719+0000] {logging_mixin.py:151} INFO - [2026-06-18T13:23:28.718+0000] {dag.py:2915} INFO - Sync 1 DAGs
[2026-06-18T13:23:28.736+0000] {logging_mixin.py:151} INFO - [2026-06-18T13:23:28.736+0000] {dag.py:3696} INFO - Setting next_dagrun for daily_crypto_lstm_pipeline to 2026-06-17T17:02:00+00:00, run_after=2026-06-18T17:02:00+00:00
[2026-06-18T13:23:28.754+0000] {processor.py:179} INFO - Processing /opt/airflow/dags/binance_daily_dag.py took 2.121 seconds
[2026-06-18T13:23:59.208+0000] {processor.py:157} INFO - Started process (PID=3910) to work on /opt/airflow/dags/binance_daily_dag.py
[2026-06-18T13:23:59.210+0000] {processor.py:829} INFO - Processing file /opt/airflow/dags/binance_daily_dag.py for tasks to queue
[2026-06-18T13:23:59.210+0000] {logging_mixin.py:151} INFO - [2026-06-18T13:23:59.210+0000] {dagbag.py:539} INFO - Filling up the DagBag from /opt/airflow/dags/binance_daily_dag.py
[2026-06-18T13:24:01.693+0000] {processor.py:839} INFO - DAG(s) dict_keys(['daily_crypto_lstm_pipeline']) retrieved from /opt/airflow/dags/binance_daily_dag.py
[2026-06-18T13:24:01.720+0000] {logging_mixin.py:151} INFO - [2026-06-18T13:24:01.720+0000] {dag.py:2915} INFO - Sync 1 DAGs
[2026-06-18T13:24:01.745+0000] {logging_mixin.py:151} INFO - [2026-06-18T13:24:01.745+0000] {dag.py:3696} INFO - Setting next_dagrun for daily_crypto_lstm_pipeline to 2026-06-17T17:02:00+00:00, run_after=2026-06-18T17:02:00+00:00
[2026-06-18T13:24:01.769+0000] {processor.py:179} INFO - Processing /opt/airflow/dags/binance_daily_dag.py took 2.564 seconds
[2026-06-18T13:24:31.933+0000] {processor.py:157} INFO - Started process (PID=3943) to work on /opt/airflow/dags/binance_daily_dag.py
[2026-06-18T13:24:31.935+0000] {processor.py:829} INFO - Processing file /opt/airflow/dags/binance_daily_dag.py for tasks to queue
[2026-06-18T13:24:31.936+0000] {logging_mixin.py:151} INFO - [2026-06-18T13:24:31.935+0000] {dagbag.py:539} INFO - Filling up the DagBag from /opt/airflow/dags/binance_daily_dag.py
[2026-06-18T13:24:34.497+0000] {processor.py:839} INFO - DAG(s) dict_keys(['daily_crypto_lstm_pipeline']) retrieved from /opt/airflow/dags/binance_daily_dag.py
[2026-06-18T13:24:34.522+0000] {logging_mixin.py:151} INFO - [2026-06-18T13:24:34.522+0000] {dag.py:2915} INFO - Sync 1 DAGs
[2026-06-18T13:24:34.546+0000] {logging_mixin.py:151} INFO - [2026-06-18T13:24:34.546+0000] {dag.py:3696} INFO - Setting next_dagrun for daily_crypto_lstm_pipeline to 2026-06-17T17:02:00+00:00, run_after=2026-06-18T17:02:00+00:00
[2026-06-18T13:24:34.613+0000] {processor.py:179} INFO - Processing /opt/airflow/dags/binance_daily_dag.py took 2.684 seconds
[2026-06-18T13:25:04.803+0000] {processor.py:157} INFO - Started process (PID=3976) to work on /opt/airflow/dags/binance_daily_dag.py
[2026-06-18T13:25:04.804+0000] {processor.py:829} INFO - Processing file /opt/airflow/dags/binance_daily_dag.py for tasks to queue
[2026-06-18T13:25:04.806+0000] {logging_mixin.py:151} INFO - [2026-06-18T13:25:04.805+0000] {dagbag.py:539} INFO - Filling up the DagBag from /opt/airflow/dags/binance_daily_dag.py
[2026-06-18T13:25:07.241+0000] {processor.py:839} INFO - DAG(s) dict_keys(['daily_crypto_lstm_pipeline']) retrieved from /opt/airflow/dags/binance_daily_dag.py
[2026-06-18T13:25:07.270+0000] {logging_mixin.py:151} INFO - [2026-06-18T13:25:07.269+0000] {dag.py:2915} INFO - Sync 1 DAGs
[2026-06-18T13:25:07.294+0000] {logging_mixin.py:151} INFO - [2026-06-18T13:25:07.293+0000] {dag.py:3696} INFO - Setting next_dagrun for daily_crypto_lstm_pipeline to 2026-06-17T17:02:00+00:00, run_after=2026-06-18T17:02:00+00:00
[2026-06-18T13:25:07.318+0000] {processor.py:179} INFO - Processing /opt/airflow/dags/binance_daily_dag.py took 2.518 seconds
[2026-06-18T13:25:37.993+0000] {processor.py:157} INFO - Started process (PID=4009) to work on /opt/airflow/dags/binance_daily_dag.py
[2026-06-18T13:25:37.995+0000] {processor.py:829} INFO - Processing file /opt/airflow/dags/binance_daily_dag.py for tasks to queue
[2026-06-18T13:25:37.996+0000] {logging_mixin.py:151} INFO - [2026-06-18T13:25:37.995+0000] {dagbag.py:539} INFO - Filling up the DagBag from /opt/airflow/dags/binance_daily_dag.py
[2026-06-18T13:25:40.269+0000] {processor.py:839} INFO - DAG(s) dict_keys(['daily_crypto_lstm_pipeline']) retrieved from /opt/airflow/dags/binance_daily_dag.py
[2026-06-18T13:25:40.305+0000] {logging_mixin.py:151} INFO - [2026-06-18T13:25:40.305+0000] {dag.py:2915} INFO - Sync 1 DAGs
[2026-06-18T13:25:40.325+0000] {logging_mixin.py:151} INFO - [2026-06-18T13:25:40.325+0000] {dag.py:3696} INFO - Setting next_dagrun for daily_crypto_lstm_pipeline to 2026-06-17T17:02:00+00:00, run_after=2026-06-18T17:02:00+00:00
[2026-06-18T13:25:40.374+0000] {processor.py:179} INFO - Processing /opt/airflow/dags/binance_daily_dag.py took 2.385 seconds
[2026-06-18T13:26:10.641+0000] {processor.py:157} INFO - Started process (PID=4047) to work on /opt/airflow/dags/binance_daily_dag.py
[2026-06-18T13:26:10.642+0000] {processor.py:829} INFO - Processing file /opt/airflow/dags/binance_daily_dag.py for tasks to queue
[2026-06-18T13:26:10.643+0000] {logging_mixin.py:151} INFO - [2026-06-18T13:26:10.643+0000] {dagbag.py:539} INFO - Filling up the DagBag from /opt/airflow/dags/binance_daily_dag.py
[2026-06-18T13:26:13.054+0000] {processor.py:839} INFO - DAG(s) dict_keys(['daily_crypto_lstm_pipeline']) retrieved from /opt/airflow/dags/binance_daily_dag.py
[2026-06-18T13:26:13.072+0000] {logging_mixin.py:151} INFO - [2026-06-18T13:26:13.072+0000] {dag.py:2915} INFO - Sync 1 DAGs
[2026-06-18T13:26:13.094+0000] {logging_mixin.py:151} INFO - [2026-06-18T13:26:13.093+0000] {dag.py:3696} INFO - Setting next_dagrun for daily_crypto_lstm_pipeline to 2026-06-17T17:02:00+00:00, run_after=2026-06-18T17:02:00+00:00
[2026-06-18T13:26:13.114+0000] {processor.py:179} INFO - Processing /opt/airflow/dags/binance_daily_dag.py took 2.476 seconds
[2026-06-18T13:26:43.264+0000] {processor.py:157} INFO - Started process (PID=4080) to work on /opt/airflow/dags/binance_daily_dag.py
[2026-06-18T13:26:43.266+0000] {processor.py:829} INFO - Processing file /opt/airflow/dags/binance_daily_dag.py for tasks to queue
[2026-06-18T13:26:43.268+0000] {logging_mixin.py:151} INFO - [2026-06-18T13:26:43.268+0000] {dagbag.py:539} INFO - Filling up the DagBag from /opt/airflow/dags/binance_daily_dag.py
[2026-06-18T13:26:45.710+0000] {processor.py:839} INFO - DAG(s) dict_keys(['daily_crypto_lstm_pipeline']) retrieved from /opt/airflow/dags/binance_daily_dag.py
[2026-06-18T13:26:45.735+0000] {logging_mixin.py:151} INFO - [2026-06-18T13:26:45.734+0000] {dag.py:2915} INFO - Sync 1 DAGs
[2026-06-18T13:26:45.760+0000] {logging_mixin.py:151} INFO - [2026-06-18T13:26:45.760+0000] {dag.py:3696} INFO - Setting next_dagrun for daily_crypto_lstm_pipeline to 2026-06-17T17:02:00+00:00, run_after=2026-06-18T17:02:00+00:00
[2026-06-18T13:26:45.782+0000] {processor.py:179} INFO - Processing /opt/airflow/dags/binance_daily_dag.py took 2.521 seconds
[2026-06-18T13:27:16.000+0000] {processor.py:157} INFO - Started process (PID=4113) to work on /opt/airflow/dags/binance_daily_dag.py
[2026-06-18T13:27:16.001+0000] {processor.py:829} INFO - Processing file /opt/airflow/dags/binance_daily_dag.py for tasks to queue
[2026-06-18T13:27:16.002+0000] {logging_mixin.py:151} INFO - [2026-06-18T13:27:16.001+0000] {dagbag.py:539} INFO - Filling up the DagBag from /opt/airflow/dags/binance_daily_dag.py
[2026-06-18T13:27:18.429+0000] {processor.py:839} INFO - DAG(s) dict_keys(['daily_crypto_lstm_pipeline']) retrieved from /opt/airflow/dags/binance_daily_dag.py
[2026-06-18T13:27:18.452+0000] {logging_mixin.py:151} INFO - [2026-06-18T13:27:18.451+0000] {dag.py:2915} INFO - Sync 1 DAGs
[2026-06-18T13:27:18.472+0000] {logging_mixin.py:151} INFO - [2026-06-18T13:27:18.472+0000] {dag.py:3696} INFO - Setting next_dagrun for daily_crypto_lstm_pipeline to 2026-06-17T17:02:00+00:00, run_after=2026-06-18T17:02:00+00:00
[2026-06-18T13:27:18.537+0000] {processor.py:179} INFO - Processing /opt/airflow/dags/binance_daily_dag.py took 2.541 seconds
[2026-06-18T13:27:49.388+0000] {processor.py:157} INFO - Started process (PID=4153) to work on /opt/airflow/dags/binance_daily_dag.py
[2026-06-18T13:27:49.390+0000] {processor.py:829} INFO - Processing file /opt/airflow/dags/binance_daily_dag.py for tasks to queue
[2026-06-18T13:27:49.391+0000] {logging_mixin.py:151} INFO - [2026-06-18T13:27:49.390+0000] {dagbag.py:539} INFO - Filling up the DagBag from /opt/airflow/dags/binance_daily_dag.py
[2026-06-18T13:27:51.591+0000] {processor.py:839} INFO - DAG(s) dict_keys(['daily_crypto_lstm_pipeline']) retrieved from /opt/airflow/dags/binance_daily_dag.py
[2026-06-18T13:27:51.627+0000] {logging_mixin.py:151} INFO - [2026-06-18T13:27:51.626+0000] {dag.py:2915} INFO - Sync 1 DAGs
[2026-06-18T13:27:51.667+0000] {logging_mixin.py:151} INFO - [2026-06-18T13:27:51.667+0000] {dag.py:3696} INFO - Setting next_dagrun for daily_crypto_lstm_pipeline to 2026-06-17T17:02:00+00:00, run_after=2026-06-18T17:02:00+00:00
[2026-06-18T13:27:51.701+0000] {processor.py:179} INFO - Processing /opt/airflow/dags/binance_daily_dag.py took 2.317 seconds
[2026-06-18T13:28:21.815+0000] {processor.py:157} INFO - Started process (PID=4186) to work on /opt/airflow/dags/binance_daily_dag.py
[2026-06-18T13:28:21.817+0000] {processor.py:829} INFO - Processing file /opt/airflow/dags/binance_daily_dag.py for tasks to queue
[2026-06-18T13:28:21.817+0000] {logging_mixin.py:151} INFO - [2026-06-18T13:28:21.817+0000] {dagbag.py:539} INFO - Filling up the DagBag from /opt/airflow/dags/binance_daily_dag.py
[2026-06-18T13:28:24.047+0000] {processor.py:839} INFO - DAG(s) dict_keys(['daily_crypto_lstm_pipeline']) retrieved from /opt/airflow/dags/binance_daily_dag.py
[2026-06-18T13:28:24.070+0000] {logging_mixin.py:151} INFO - [2026-06-18T13:28:24.069+0000] {dag.py:2915} INFO - Sync 1 DAGs
[2026-06-18T13:28:24.090+0000] {logging_mixin.py:151} INFO - [2026-06-18T13:28:24.090+0000] {dag.py:3696} INFO - Setting next_dagrun for daily_crypto_lstm_pipeline to 2026-06-17T17:02:00+00:00, run_after=2026-06-18T17:02:00+00:00
[2026-06-18T13:28:24.152+0000] {processor.py:179} INFO - Processing /opt/airflow/dags/binance_daily_dag.py took 2.341 seconds
[2026-06-18T13:28:54.326+0000] {processor.py:157} INFO - Started process (PID=4219) to work on /opt/airflow/dags/binance_daily_dag.py
[2026-06-18T13:28:54.327+0000] {processor.py:829} INFO - Processing file /opt/airflow/dags/binance_daily_dag.py for tasks to queue
[2026-06-18T13:28:54.328+0000] {logging_mixin.py:151} INFO - [2026-06-18T13:28:54.328+0000] {dagbag.py:539} INFO - Filling up the DagBag from /opt/airflow/dags/binance_daily_dag.py
[2026-06-18T13:28:56.477+0000] {processor.py:839} INFO - DAG(s) dict_keys(['daily_crypto_lstm_pipeline']) retrieved from /opt/airflow/dags/binance_daily_dag.py
[2026-06-18T13:28:56.496+0000] {logging_mixin.py:151} INFO - [2026-06-18T13:28:56.496+0000] {dag.py:2915} INFO - Sync 1 DAGs
[2026-06-18T13:28:56.527+0000] {logging_mixin.py:151} INFO - [2026-06-18T13:28:56.527+0000] {dag.py:3696} INFO - Setting next_dagrun for daily_crypto_lstm_pipeline to 2026-06-17T17:02:00+00:00, run_after=2026-06-18T17:02:00+00:00
[2026-06-18T13:28:56.563+0000] {processor.py:179} INFO - Processing /opt/airflow/dags/binance_daily_dag.py took 2.240 seconds
[2026-06-18T13:29:26.956+0000] {processor.py:157} INFO - Started process (PID=4252) to work on /opt/airflow/dags/binance_daily_dag.py
[2026-06-18T13:29:26.957+0000] {processor.py:829} INFO - Processing file /opt/airflow/dags/binance_daily_dag.py for tasks to queue
[2026-06-18T13:29:26.958+0000] {logging_mixin.py:151} INFO - [2026-06-18T13:29:26.957+0000] {dagbag.py:539} INFO - Filling up the DagBag from /opt/airflow/dags/binance_daily_dag.py
[2026-06-18T13:29:29.094+0000] {processor.py:839} INFO - DAG(s) dict_keys(['daily_crypto_lstm_pipeline']) retrieved from /opt/airflow/dags/binance_daily_dag.py
[2026-06-18T13:29:29.113+0000] {logging_mixin.py:151} INFO - [2026-06-18T13:29:29.112+0000] {dag.py:2915} INFO - Sync 1 DAGs
[2026-06-18T13:29:29.131+0000] {logging_mixin.py:151} INFO - [2026-06-18T13:29:29.131+0000] {dag.py:3696} INFO - Setting next_dagrun for daily_crypto_lstm_pipeline to 2026-06-17T17:02:00+00:00, run_after=2026-06-18T17:02:00+00:00
[2026-06-18T13:29:29.191+0000] {processor.py:179} INFO - Processing /opt/airflow/dags/binance_daily_dag.py took 2.238 seconds
[2026-06-18T13:29:59.649+0000] {processor.py:157} INFO - Started process (PID=4285) to work on /opt/airflow/dags/binance_daily_dag.py
[2026-06-18T13:29:59.650+0000] {processor.py:829} INFO - Processing file /opt/airflow/dags/binance_daily_dag.py for tasks to queue
[2026-06-18T13:29:59.651+0000] {logging_mixin.py:151} INFO - [2026-06-18T13:29:59.650+0000] {dagbag.py:539} INFO - Filling up the DagBag from /opt/airflow/dags/binance_daily_dag.py
[2026-06-18T13:30:02.045+0000] {processor.py:839} INFO - DAG(s) dict_keys(['daily_crypto_lstm_pipeline']) retrieved from /opt/airflow/dags/binance_daily_dag.py
[2026-06-18T13:30:02.071+0000] {logging_mixin.py:151} INFO - [2026-06-18T13:30:02.071+0000] {dag.py:2915} INFO - Sync 1 DAGs
[2026-06-18T13:30:02.094+0000] {logging_mixin.py:151} INFO - [2026-06-18T13:30:02.093+0000] {dag.py:3696} INFO - Setting next_dagrun for daily_crypto_lstm_pipeline to 2026-06-17T17:02:00+00:00, run_after=2026-06-18T17:02:00+00:00
[2026-06-18T13:30:02.118+0000] {processor.py:179} INFO - Processing /opt/airflow/dags/binance_daily_dag.py took 2.473 seconds
[2026-06-18T13:30:32.751+0000] {processor.py:157} INFO - Started process (PID=4318) to work on /opt/airflow/dags/binance_daily_dag.py
[2026-06-18T13:30:32.755+0000] {processor.py:829} INFO - Processing file /opt/airflow/dags/binance_daily_dag.py for tasks to queue
[2026-06-18T13:30:32.756+0000] {logging_mixin.py:151} INFO - [2026-06-18T13:30:32.756+0000] {dagbag.py:539} INFO - Filling up the DagBag from /opt/airflow/dags/binance_daily_dag.py
[2026-06-18T13:30:34.972+0000] {processor.py:839} INFO - DAG(s) dict_keys(['daily_crypto_lstm_pipeline']) retrieved from /opt/airflow/dags/binance_daily_dag.py
[2026-06-18T13:30:34.992+0000] {logging_mixin.py:151} INFO - [2026-06-18T13:30:34.991+0000] {dag.py:2915} INFO - Sync 1 DAGs
[2026-06-18T13:30:35.011+0000] {logging_mixin.py:151} INFO - [2026-06-18T13:30:35.011+0000] {dag.py:3696} INFO - Setting next_dagrun for daily_crypto_lstm_pipeline to 2026-06-17T17:02:00+00:00, run_after=2026-06-18T17:02:00+00:00
[2026-06-18T13:30:35.043+0000] {processor.py:179} INFO - Processing /opt/airflow/dags/binance_daily_dag.py took 2.296 seconds
[2026-06-18T13:31:05.284+0000] {processor.py:157} INFO - Started process (PID=4351) to work on /opt/airflow/dags/binance_daily_dag.py
[2026-06-18T13:31:05.285+0000] {processor.py:829} INFO - Processing file /opt/airflow/dags/binance_daily_dag.py for tasks to queue
[2026-06-18T13:31:05.286+0000] {logging_mixin.py:151} INFO - [2026-06-18T13:31:05.285+0000] {dagbag.py:539} INFO - Filling up the DagBag from /opt/airflow/dags/binance_daily_dag.py
[2026-06-18T13:31:07.644+0000] {processor.py:839} INFO - DAG(s) dict_keys(['daily_crypto_lstm_pipeline']) retrieved from /opt/airflow/dags/binance_daily_dag.py
[2026-06-18T13:31:07.682+0000] {logging_mixin.py:151} INFO - [2026-06-18T13:31:07.681+0000] {dag.py:2915} INFO - Sync 1 DAGs
[2026-06-18T13:31:07.719+0000] {logging_mixin.py:151} INFO - [2026-06-18T13:31:07.719+0000] {dag.py:3696} INFO - Setting next_dagrun for daily_crypto_lstm_pipeline to 2026-06-17T17:02:00+00:00, run_after=2026-06-18T17:02:00+00:00
[2026-06-18T13:31:07.741+0000] {processor.py:179} INFO - Processing /opt/airflow/dags/binance_daily_dag.py took 2.461 seconds
[2026-06-18T13:31:37.952+0000] {processor.py:157} INFO - Started process (PID=4384) to work on /opt/airflow/dags/binance_daily_dag.py
[2026-06-18T13:31:37.954+0000] {processor.py:829} INFO - Processing file /opt/airflow/dags/binance_daily_dag.py for tasks to queue
[2026-06-18T13:31:37.955+0000] {logging_mixin.py:151} INFO - [2026-06-18T13:31:37.954+0000] {dagbag.py:539} INFO - Filling up the DagBag from /opt/airflow/dags/binance_daily_dag.py
[2026-06-18T13:31:40.266+0000] {processor.py:839} INFO - DAG(s) dict_keys(['daily_crypto_lstm_pipeline']) retrieved from /opt/airflow/dags/binance_daily_dag.py
[2026-06-18T13:31:40.292+0000] {logging_mixin.py:151} INFO - [2026-06-18T13:31:40.292+0000] {dag.py:2915} INFO - Sync 1 DAGs
[2026-06-18T13:31:40.314+0000] {logging_mixin.py:151} INFO - [2026-06-18T13:31:40.314+0000] {dag.py:3696} INFO - Setting next_dagrun for daily_crypto_lstm_pipeline to 2026-06-17T17:02:00+00:00, run_after=2026-06-18T17:02:00+00:00
[2026-06-18T13:31:40.371+0000] {processor.py:179} INFO - Processing /opt/airflow/dags/binance_daily_dag.py took 2.422 seconds
[2026-06-18T13:32:10.709+0000] {processor.py:157} INFO - Started process (PID=4417) to work on /opt/airflow/dags/binance_daily_dag.py
[2026-06-18T13:32:10.710+0000] {processor.py:829} INFO - Processing file /opt/airflow/dags/binance_daily_dag.py for tasks to queue
[2026-06-18T13:32:10.711+0000] {logging_mixin.py:151} INFO - [2026-06-18T13:32:10.711+0000] {dagbag.py:539} INFO - Filling up the DagBag from /opt/airflow/dags/binance_daily_dag.py
[2026-06-18T13:32:13.103+0000] {processor.py:839} INFO - DAG(s) dict_keys(['daily_crypto_lstm_pipeline']) retrieved from /opt/airflow/dags/binance_daily_dag.py
[2026-06-18T13:32:13.122+0000] {logging_mixin.py:151} INFO - [2026-06-18T13:32:13.121+0000] {dag.py:2915} INFO - Sync 1 DAGs
[2026-06-18T13:32:13.140+0000] {logging_mixin.py:151} INFO - [2026-06-18T13:32:13.140+0000] {dag.py:3696} INFO - Setting next_dagrun for daily_crypto_lstm_pipeline to 2026-06-17T17:02:00+00:00, run_after=2026-06-18T17:02:00+00:00
[2026-06-18T13:32:13.158+0000] {processor.py:179} INFO - Processing /opt/airflow/dags/binance_daily_dag.py took 2.454 seconds
[2026-06-18T13:32:43.692+0000] {processor.py:157} INFO - Started process (PID=4450) to work on /opt/airflow/dags/binance_daily_dag.py
[2026-06-18T13:32:43.694+0000] {processor.py:829} INFO - Processing file /opt/airflow/dags/binance_daily_dag.py for tasks to queue
[2026-06-18T13:32:43.695+0000] {logging_mixin.py:151} INFO - [2026-06-18T13:32:43.694+0000] {dagbag.py:539} INFO - Filling up the DagBag from /opt/airflow/dags/binance_daily_dag.py
[2026-06-18T13:32:46.122+0000] {processor.py:839} INFO - DAG(s) dict_keys(['daily_crypto_lstm_pipeline']) retrieved from /opt/airflow/dags/binance_daily_dag.py
[2026-06-18T13:32:46.140+0000] {logging_mixin.py:151} INFO - [2026-06-18T13:32:46.139+0000] {dag.py:2915} INFO - Sync 1 DAGs
[2026-06-18T13:32:46.159+0000] {logging_mixin.py:151} INFO - [2026-06-18T13:32:46.159+0000] {dag.py:3696} INFO - Setting next_dagrun for daily_crypto_lstm_pipeline to 2026-06-17T17:02:00+00:00, run_after=2026-06-18T17:02:00+00:00
[2026-06-18T13:32:46.217+0000] {processor.py:179} INFO - Processing /opt/airflow/dags/binance_daily_dag.py took 2.528 seconds
[2026-06-18T13:33:17.083+0000] {processor.py:157} INFO - Started process (PID=4488) to work on /opt/airflow/dags/binance_daily_dag.py
[2026-06-18T13:33:17.084+0000] {processor.py:829} INFO - Processing file /opt/airflow/dags/binance_daily_dag.py for tasks to queue
[2026-06-18T13:33:17.085+0000] {logging_mixin.py:151} INFO - [2026-06-18T13:33:17.085+0000] {dagbag.py:539} INFO - Filling up the DagBag from /opt/airflow/dags/binance_daily_dag.py
[2026-06-18T13:33:19.444+0000] {processor.py:839} INFO - DAG(s) dict_keys(['daily_crypto_lstm_pipeline']) retrieved from /opt/airflow/dags/binance_daily_dag.py
[2026-06-18T13:33:19.467+0000] {logging_mixin.py:151} INFO - [2026-06-18T13:33:19.467+0000] {dag.py:2915} INFO - Sync 1 DAGs
[2026-06-18T13:33:19.488+0000] {logging_mixin.py:151} INFO - [2026-06-18T13:33:19.488+0000] {dag.py:3696} INFO - Setting next_dagrun for daily_crypto_lstm_pipeline to 2026-06-17T17:02:00+00:00, run_after=2026-06-18T17:02:00+00:00
[2026-06-18T13:33:19.507+0000] {processor.py:179} INFO - Processing /opt/airflow/dags/binance_daily_dag.py took 2.427 seconds
[2026-06-18T13:33:49.968+0000] {processor.py:157} INFO - Started process (PID=4528) to work on /opt/airflow/dags/binance_daily_dag.py
[2026-06-18T13:33:49.969+0000] {processor.py:829} INFO - Processing file /opt/airflow/dags/binance_daily_dag.py for tasks to queue
[2026-06-18T13:33:49.970+0000] {logging_mixin.py:151} INFO - [2026-06-18T13:33:49.970+0000] {dagbag.py:539} INFO - Filling up the DagBag from /opt/airflow/dags/binance_daily_dag.py
[2026-06-18T13:33:52.243+0000] {processor.py:839} INFO - DAG(s) dict_keys(['daily_crypto_lstm_pipeline']) retrieved from /opt/airflow/dags/binance_daily_dag.py
[2026-06-18T13:33:52.270+0000] {logging_mixin.py:151} INFO - [2026-06-18T13:33:52.269+0000] {dag.py:2915} INFO - Sync 1 DAGs
[2026-06-18T13:33:52.292+0000] {logging_mixin.py:151} INFO - [2026-06-18T13:33:52.292+0000] {dag.py:3696} INFO - Setting next_dagrun for daily_crypto_lstm_pipeline to 2026-06-17T17:02:00+00:00, run_after=2026-06-18T17:02:00+00:00
[2026-06-18T13:33:52.351+0000] {processor.py:179} INFO - Processing /opt/airflow/dags/binance_daily_dag.py took 2.386 seconds
[2026-06-18T13:34:23.088+0000] {processor.py:157} INFO - Started process (PID=4561) to work on /opt/airflow/dags/binance_daily_dag.py
[2026-06-18T13:34:23.089+0000] {processor.py:829} INFO - Processing file /opt/airflow/dags/binance_daily_dag.py for tasks to queue
[2026-06-18T13:34:23.090+0000] {logging_mixin.py:151} INFO - [2026-06-18T13:34:23.090+0000] {dagbag.py:539} INFO - Filling up the DagBag from /opt/airflow/dags/binance_daily_dag.py
[2026-06-18T13:34:25.356+0000] {processor.py:839} INFO - DAG(s) dict_keys(['daily_crypto_lstm_pipeline']) retrieved from /opt/airflow/dags/binance_daily_dag.py
[2026-06-18T13:34:25.380+0000] {logging_mixin.py:151} INFO - [2026-06-18T13:34:25.380+0000] {dag.py:2915} INFO - Sync 1 DAGs
[2026-06-18T13:34:25.404+0000] {logging_mixin.py:151} INFO - [2026-06-18T13:34:25.403+0000] {dag.py:3696} INFO - Setting next_dagrun for daily_crypto_lstm_pipeline to 2026-06-17T17:02:00+00:00, run_after=2026-06-18T17:02:00+00:00
[2026-06-18T13:34:25.424+0000] {processor.py:179} INFO - Processing /opt/airflow/dags/binance_daily_dag.py took 2.340 seconds
[2026-06-18T13:34:56.067+0000] {processor.py:157} INFO - Started process (PID=4594) to work on /opt/airflow/dags/binance_daily_dag.py
[2026-06-18T13:34:56.068+0000] {processor.py:829} INFO - Processing file /opt/airflow/dags/binance_daily_dag.py for tasks to queue
[2026-06-18T13:34:56.069+0000] {logging_mixin.py:151} INFO - [2026-06-18T13:34:56.069+0000] {dagbag.py:539} INFO - Filling up the DagBag from /opt/airflow/dags/binance_daily_dag.py
[2026-06-18T13:34:58.440+0000] {processor.py:839} INFO - DAG(s) dict_keys(['daily_crypto_lstm_pipeline']) retrieved from /opt/airflow/dags/binance_daily_dag.py
[2026-06-18T13:34:58.464+0000] {logging_mixin.py:151} INFO - [2026-06-18T13:34:58.464+0000] {dag.py:2915} INFO - Sync 1 DAGs
[2026-06-18T13:34:58.485+0000] {logging_mixin.py:151} INFO - [2026-06-18T13:34:58.485+0000] {dag.py:3696} INFO - Setting next_dagrun for daily_crypto_lstm_pipeline to 2026-06-17T17:02:00+00:00, run_after=2026-06-18T17:02:00+00:00
[2026-06-18T13:34:58.503+0000] {processor.py:179} INFO - Processing /opt/airflow/dags/binance_daily_dag.py took 2.441 seconds
[2026-06-18T13:35:28.876+0000] {processor.py:157} INFO - Started process (PID=4627) to work on /opt/airflow/dags/binance_daily_dag.py
[2026-06-18T13:35:28.877+0000] {processor.py:829} INFO - Processing file /opt/airflow/dags/binance_daily_dag.py for tasks to queue
[2026-06-18T13:35:28.878+0000] {logging_mixin.py:151} INFO - [2026-06-18T13:35:28.878+0000] {dagbag.py:539} INFO - Filling up the DagBag from /opt/airflow/dags/binance_daily_dag.py
[2026-06-18T13:35:30.951+0000] {processor.py:839} INFO - DAG(s) dict_keys(['daily_crypto_lstm_pipeline']) retrieved from /opt/airflow/dags/binance_daily_dag.py
[2026-06-18T13:35:30.971+0000] {logging_mixin.py:151} INFO - [2026-06-18T13:35:30.971+0000] {dag.py:2915} INFO - Sync 1 DAGs
[2026-06-18T13:35:30.991+0000] {logging_mixin.py:151} INFO - [2026-06-18T13:35:30.991+0000] {dag.py:3696} INFO - Setting next_dagrun for daily_crypto_lstm_pipeline to 2026-06-17T17:02:00+00:00, run_after=2026-06-18T17:02:00+00:00
[2026-06-18T13:35:31.050+0000] {processor.py:179} INFO - Processing /opt/airflow/dags/binance_daily_dag.py took 2.176 seconds
[2026-06-18T13:36:01.457+0000] {processor.py:157} INFO - Started process (PID=4660) to work on /opt/airflow/dags/binance_daily_dag.py
[2026-06-18T13:36:01.459+0000] {processor.py:829} INFO - Processing file /opt/airflow/dags/binance_daily_dag.py for tasks to queue
[2026-06-18T13:36:01.460+0000] {logging_mixin.py:151} INFO - [2026-06-18T13:36:01.460+0000] {dagbag.py:539} INFO - Filling up the DagBag from /opt/airflow/dags/binance_daily_dag.py
[2026-06-18T13:36:03.746+0000] {processor.py:839} INFO - DAG(s) dict_keys(['daily_crypto_lstm_pipeline']) retrieved from /opt/airflow/dags/binance_daily_dag.py
[2026-06-18T13:36:03.773+0000] {logging_mixin.py:151} INFO - [2026-06-18T13:36:03.772+0000] {dag.py:2915} INFO - Sync 1 DAGs
[2026-06-18T13:36:03.794+0000] {logging_mixin.py:151} INFO - [2026-06-18T13:36:03.794+0000] {dag.py:3696} INFO - Setting next_dagrun for daily_crypto_lstm_pipeline to 2026-06-17T17:02:00+00:00, run_after=2026-06-18T17:02:00+00:00
[2026-06-18T13:36:03.851+0000] {processor.py:179} INFO - Processing /opt/airflow/dags/binance_daily_dag.py took 2.399 seconds
[2026-06-18T13:36:34.138+0000] {processor.py:157} INFO - Started process (PID=4693) to work on /opt/airflow/dags/binance_daily_dag.py
[2026-06-18T13:36:34.140+0000] {processor.py:829} INFO - Processing file /opt/airflow/dags/binance_daily_dag.py for tasks to queue
[2026-06-18T13:36:34.142+0000] {logging_mixin.py:151} INFO - [2026-06-18T13:36:34.142+0000] {dagbag.py:539} INFO - Filling up the DagBag from /opt/airflow/dags/binance_daily_dag.py
[2026-06-18T13:36:36.402+0000] {processor.py:839} INFO - DAG(s) dict_keys(['daily_crypto_lstm_pipeline']) retrieved from /opt/airflow/dags/binance_daily_dag.py
[2026-06-18T13:36:36.422+0000] {logging_mixin.py:151} INFO - [2026-06-18T13:36:36.421+0000] {dag.py:2915} INFO - Sync 1 DAGs
[2026-06-18T13:36:36.440+0000] {logging_mixin.py:151} INFO - [2026-06-18T13:36:36.439+0000] {dag.py:3696} INFO - Setting next_dagrun for daily_crypto_lstm_pipeline to 2026-06-17T17:02:00+00:00, run_after=2026-06-18T17:02:00+00:00
[2026-06-18T13:36:36.497+0000] {processor.py:179} INFO - Processing /opt/airflow/dags/binance_daily_dag.py took 2.365 seconds
[2026-06-18T13:37:06.595+0000] {processor.py:157} INFO - Started process (PID=4726) to work on /opt/airflow/dags/binance_daily_dag.py
[2026-06-18T13:37:06.597+0000] {processor.py:829} INFO - Processing file /opt/airflow/dags/binance_daily_dag.py for tasks to queue
[2026-06-18T13:37:06.597+0000] {logging_mixin.py:151} INFO - [2026-06-18T13:37:06.597+0000] {dagbag.py:539} INFO - Filling up the DagBag from /opt/airflow/dags/binance_daily_dag.py
[2026-06-18T13:37:08.784+0000] {processor.py:839} INFO - DAG(s) dict_keys(['daily_crypto_lstm_pipeline']) retrieved from /opt/airflow/dags/binance_daily_dag.py
[2026-06-18T13:37:08.804+0000] {logging_mixin.py:151} INFO - [2026-06-18T13:37:08.803+0000] {dag.py:2915} INFO - Sync 1 DAGs
[2026-06-18T13:37:08.821+0000] {logging_mixin.py:151} INFO - [2026-06-18T13:37:08.821+0000] {dag.py:3696} INFO - Setting next_dagrun for daily_crypto_lstm_pipeline to 2026-06-17T17:02:00+00:00, run_after=2026-06-18T17:02:00+00:00
[2026-06-18T13:37:08.883+0000] {processor.py:179} INFO - Processing /opt/airflow/dags/binance_daily_dag.py took 2.292 seconds
[2026-06-18T13:37:39.127+0000] {processor.py:157} INFO - Started process (PID=4759) to work on /opt/airflow/dags/binance_daily_dag.py
[2026-06-18T13:37:39.128+0000] {processor.py:829} INFO - Processing file /opt/airflow/dags/binance_daily_dag.py for tasks to queue
[2026-06-18T13:37:39.130+0000] {logging_mixin.py:151} INFO - [2026-06-18T13:37:39.130+0000] {dagbag.py:539} INFO - Filling up the DagBag from /opt/airflow/dags/binance_daily_dag.py
[2026-06-18T13:37:41.270+0000] {processor.py:839} INFO - DAG(s) dict_keys(['daily_crypto_lstm_pipeline']) retrieved from /opt/airflow/dags/binance_daily_dag.py
[2026-06-18T13:37:41.291+0000] {logging_mixin.py:151} INFO - [2026-06-18T13:37:41.290+0000] {dag.py:2915} INFO - Sync 1 DAGs
[2026-06-18T13:37:41.309+0000] {logging_mixin.py:151} INFO - [2026-06-18T13:37:41.308+0000] {dag.py:3696} INFO - Setting next_dagrun for daily_crypto_lstm_pipeline to 2026-06-17T17:02:00+00:00, run_after=2026-06-18T17:02:00+00:00
[2026-06-18T13:37:41.367+0000] {processor.py:179} INFO - Processing /opt/airflow/dags/binance_daily_dag.py took 2.244 seconds
[2026-06-18T13:38:11.733+0000] {processor.py:157} INFO - Started process (PID=4792) to work on /opt/airflow/dags/binance_daily_dag.py
[2026-06-18T13:38:11.735+0000] {processor.py:829} INFO - Processing file /opt/airflow/dags/binance_daily_dag.py for tasks to queue
[2026-06-18T13:38:11.736+0000] {logging_mixin.py:151} INFO - [2026-06-18T13:38:11.735+0000] {dagbag.py:539} INFO - Filling up the DagBag from /opt/airflow/dags/binance_daily_dag.py
[2026-06-18T13:38:13.971+0000] {processor.py:839} INFO - DAG(s) dict_keys(['daily_crypto_lstm_pipeline']) retrieved from /opt/airflow/dags/binance_daily_dag.py
[2026-06-18T13:38:13.993+0000] {logging_mixin.py:151} INFO - [2026-06-18T13:38:13.993+0000] {dag.py:2915} INFO - Sync 1 DAGs
[2026-06-18T13:38:14.025+0000] {logging_mixin.py:151} INFO - [2026-06-18T13:38:14.024+0000] {dag.py:3696} INFO - Setting next_dagrun for daily_crypto_lstm_pipeline to 2026-06-17T17:02:00+00:00, run_after=2026-06-18T17:02:00+00:00
[2026-06-18T13:38:14.045+0000] {processor.py:179} INFO - Processing /opt/airflow/dags/binance_daily_dag.py took 2.315 seconds
[2026-06-18T13:38:44.186+0000] {processor.py:157} INFO - Started process (PID=4824) to work on /opt/airflow/dags/binance_daily_dag.py
[2026-06-18T13:38:44.188+0000] {processor.py:829} INFO - Processing file /opt/airflow/dags/binance_daily_dag.py for tasks to queue
[2026-06-18T13:38:44.188+0000] {logging_mixin.py:151} INFO - [2026-06-18T13:38:44.188+0000] {dagbag.py:539} INFO - Filling up the DagBag from /opt/airflow/dags/binance_daily_dag.py
[2026-06-18T13:38:46.505+0000] {processor.py:839} INFO - DAG(s) dict_keys(['daily_crypto_lstm_pipeline']) retrieved from /opt/airflow/dags/binance_daily_dag.py
[2026-06-18T13:38:46.523+0000] {logging_mixin.py:151} INFO - [2026-06-18T13:38:46.523+0000] {dag.py:2915} INFO - Sync 1 DAGs
[2026-06-18T13:38:46.540+0000] {logging_mixin.py:151} INFO - [2026-06-18T13:38:46.540+0000] {dag.py:3696} INFO - Setting next_dagrun for daily_crypto_lstm_pipeline to 2026-06-17T17:02:00+00:00, run_after=2026-06-18T17:02:00+00:00
[2026-06-18T13:38:46.597+0000] {processor.py:179} INFO - Processing /opt/airflow/dags/binance_daily_dag.py took 2.414 seconds
[2026-06-18T13:39:17.025+0000] {processor.py:157} INFO - Started process (PID=4857) to work on /opt/airflow/dags/binance_daily_dag.py
[2026-06-18T13:39:17.026+0000] {processor.py:829} INFO - Processing file /opt/airflow/dags/binance_daily_dag.py for tasks to queue
[2026-06-18T13:39:17.028+0000] {logging_mixin.py:151} INFO - [2026-06-18T13:39:17.028+0000] {dagbag.py:539} INFO - Filling up the DagBag from /opt/airflow/dags/binance_daily_dag.py
[2026-06-18T13:39:19.281+0000] {processor.py:839} INFO - DAG(s) dict_keys(['daily_crypto_lstm_pipeline']) retrieved from /opt/airflow/dags/binance_daily_dag.py
[2026-06-18T13:39:19.299+0000] {logging_mixin.py:151} INFO - [2026-06-18T13:39:19.298+0000] {dag.py:2915} INFO - Sync 1 DAGs
[2026-06-18T13:39:19.318+0000] {logging_mixin.py:151} INFO - [2026-06-18T13:39:19.317+0000] {dag.py:3696} INFO - Setting next_dagrun for daily_crypto_lstm_pipeline to 2026-06-17T17:02:00+00:00, run_after=2026-06-18T17:02:00+00:00
[2026-06-18T13:39:19.344+0000] {processor.py:179} INFO - Processing /opt/airflow/dags/binance_daily_dag.py took 2.322 seconds
[2026-06-18T13:39:49.628+0000] {processor.py:157} INFO - Started process (PID=4890) to work on /opt/airflow/dags/binance_daily_dag.py
[2026-06-18T13:39:49.629+0000] {processor.py:829} INFO - Processing file /opt/airflow/dags/binance_daily_dag.py for tasks to queue
[2026-06-18T13:39:49.630+0000] {logging_mixin.py:151} INFO - [2026-06-18T13:39:49.630+0000] {dagbag.py:539} INFO - Filling up the DagBag from /opt/airflow/dags/binance_daily_dag.py
[2026-06-18T13:39:51.825+0000] {processor.py:839} INFO - DAG(s) dict_keys(['daily_crypto_lstm_pipeline']) retrieved from /opt/airflow/dags/binance_daily_dag.py
[2026-06-18T13:39:51.846+0000] {logging_mixin.py:151} INFO - [2026-06-18T13:39:51.845+0000] {dag.py:2915} INFO - Sync 1 DAGs
[2026-06-18T13:39:51.869+0000] {logging_mixin.py:151} INFO - [2026-06-18T13:39:51.869+0000] {dag.py:3696} INFO - Setting next_dagrun for daily_crypto_lstm_pipeline to 2026-06-17T17:02:00+00:00, run_after=2026-06-18T17:02:00+00:00
[2026-06-18T13:39:51.892+0000] {processor.py:179} INFO - Processing /opt/airflow/dags/binance_daily_dag.py took 2.267 seconds
[2026-06-18T13:40:22.230+0000] {processor.py:157} INFO - Started process (PID=4930) to work on /opt/airflow/dags/binance_daily_dag.py
[2026-06-18T13:40:22.232+0000] {processor.py:829} INFO - Processing file /opt/airflow/dags/binance_daily_dag.py for tasks to queue
[2026-06-18T13:40:22.239+0000] {logging_mixin.py:151} INFO - [2026-06-18T13:40:22.239+0000] {dagbag.py:539} INFO - Filling up the DagBag from /opt/airflow/dags/binance_daily_dag.py
[2026-06-18T13:40:24.442+0000] {processor.py:839} INFO - DAG(s) dict_keys(['daily_crypto_lstm_pipeline']) retrieved from /opt/airflow/dags/binance_daily_dag.py
[2026-06-18T13:40:24.463+0000] {logging_mixin.py:151} INFO - [2026-06-18T13:40:24.462+0000] {dag.py:2915} INFO - Sync 1 DAGs
[2026-06-18T13:40:24.483+0000] {logging_mixin.py:151} INFO - [2026-06-18T13:40:24.482+0000] {dag.py:3696} INFO - Setting next_dagrun for daily_crypto_lstm_pipeline to 2026-06-17T17:02:00+00:00, run_after=2026-06-18T17:02:00+00:00
[2026-06-18T13:40:24.542+0000] {processor.py:179} INFO - Processing /opt/airflow/dags/binance_daily_dag.py took 2.318 seconds
[2026-06-18T13:40:54.840+0000] {processor.py:157} INFO - Started process (PID=4968) to work on /opt/airflow/dags/binance_daily_dag.py
[2026-06-18T13:40:54.841+0000] {processor.py:829} INFO - Processing file /opt/airflow/dags/binance_daily_dag.py for tasks to queue
[2026-06-18T13:40:54.842+0000] {logging_mixin.py:151} INFO - [2026-06-18T13:40:54.842+0000] {dagbag.py:539} INFO - Filling up the DagBag from /opt/airflow/dags/binance_daily_dag.py
[2026-06-18T13:40:57.431+0000] {processor.py:839} INFO - DAG(s) dict_keys(['daily_crypto_lstm_pipeline']) retrieved from /opt/airflow/dags/binance_daily_dag.py
[2026-06-18T13:40:57.465+0000] {logging_mixin.py:151} INFO - [2026-06-18T13:40:57.465+0000] {dag.py:2915} INFO - Sync 1 DAGs
[2026-06-18T13:40:57.490+0000] {logging_mixin.py:151} INFO - [2026-06-18T13:40:57.490+0000] {dag.py:3696} INFO - Setting next_dagrun for daily_crypto_lstm_pipeline to 2026-06-17T17:02:00+00:00, run_after=2026-06-18T17:02:00+00:00
[2026-06-18T13:40:57.514+0000] {processor.py:179} INFO - Processing /opt/airflow/dags/binance_daily_dag.py took 2.678 seconds
[2026-06-18T13:41:28.190+0000] {processor.py:157} INFO - Started process (PID=5001) to work on /opt/airflow/dags/binance_daily_dag.py
[2026-06-18T13:41:28.192+0000] {processor.py:829} INFO - Processing file /opt/airflow/dags/binance_daily_dag.py for tasks to queue
[2026-06-18T13:41:28.194+0000] {logging_mixin.py:151} INFO - [2026-06-18T13:41:28.193+0000] {dagbag.py:539} INFO - Filling up the DagBag from /opt/airflow/dags/binance_daily_dag.py
[2026-06-18T13:41:30.683+0000] {processor.py:839} INFO - DAG(s) dict_keys(['daily_crypto_lstm_pipeline']) retrieved from /opt/airflow/dags/binance_daily_dag.py
[2026-06-18T13:41:30.706+0000] {logging_mixin.py:151} INFO - [2026-06-18T13:41:30.705+0000] {dag.py:2915} INFO - Sync 1 DAGs
[2026-06-18T13:41:30.726+0000] {logging_mixin.py:151} INFO - [2026-06-18T13:41:30.726+0000] {dag.py:3696} INFO - Setting next_dagrun for daily_crypto_lstm_pipeline to 2026-06-17T17:02:00+00:00, run_after=2026-06-18T17:02:00+00:00
[2026-06-18T13:41:30.748+0000] {processor.py:179} INFO - Processing /opt/airflow/dags/binance_daily_dag.py took 2.563 seconds
[2026-06-18T13:42:01.346+0000] {processor.py:157} INFO - Started process (PID=5034) to work on /opt/airflow/dags/binance_daily_dag.py
[2026-06-18T13:42:01.348+0000] {processor.py:829} INFO - Processing file /opt/airflow/dags/binance_daily_dag.py for tasks to queue
[2026-06-18T13:42:01.348+0000] {logging_mixin.py:151} INFO - [2026-06-18T13:42:01.348+0000] {dagbag.py:539} INFO - Filling up the DagBag from /opt/airflow/dags/binance_daily_dag.py
[2026-06-18T13:42:03.838+0000] {processor.py:839} INFO - DAG(s) dict_keys(['daily_crypto_lstm_pipeline']) retrieved from /opt/airflow/dags/binance_daily_dag.py
[2026-06-18T13:42:03.856+0000] {logging_mixin.py:151} INFO - [2026-06-18T13:42:03.856+0000] {dag.py:2915} INFO - Sync 1 DAGs
[2026-06-18T13:42:03.874+0000] {logging_mixin.py:151} INFO - [2026-06-18T13:42:03.874+0000] {dag.py:3696} INFO - Setting next_dagrun for daily_crypto_lstm_pipeline to 2026-06-17T17:02:00+00:00, run_after=2026-06-18T17:02:00+00:00
[2026-06-18T13:42:04.223+0000] {processor.py:179} INFO - Processing /opt/airflow/dags/binance_daily_dag.py took 2.881 seconds
[2026-06-18T13:42:34.716+0000] {processor.py:157} INFO - Started process (PID=5067) to work on /opt/airflow/dags/binance_daily_dag.py
[2026-06-18T13:42:34.717+0000] {processor.py:829} INFO - Processing file /opt/airflow/dags/binance_daily_dag.py for tasks to queue
[2026-06-18T13:42:34.717+0000] {logging_mixin.py:151} INFO - [2026-06-18T13:42:34.717+0000] {dagbag.py:539} INFO - Filling up the DagBag from /opt/airflow/dags/binance_daily_dag.py
[2026-06-18T13:42:36.988+0000] {processor.py:839} INFO - DAG(s) dict_keys(['daily_crypto_lstm_pipeline']) retrieved from /opt/airflow/dags/binance_daily_dag.py
[2026-06-18T13:42:37.007+0000] {logging_mixin.py:151} INFO - [2026-06-18T13:42:37.006+0000] {dag.py:2915} INFO - Sync 1 DAGs
[2026-06-18T13:42:37.027+0000] {logging_mixin.py:151} INFO - [2026-06-18T13:42:37.027+0000] {dag.py:3696} INFO - Setting next_dagrun for daily_crypto_lstm_pipeline to 2026-06-17T17:02:00+00:00, run_after=2026-06-18T17:02:00+00:00
[2026-06-18T13:42:37.086+0000] {processor.py:179} INFO - Processing /opt/airflow/dags/binance_daily_dag.py took 2.374 seconds
[2026-06-18T13:43:07.278+0000] {processor.py:157} INFO - Started process (PID=5100) to work on /opt/airflow/dags/binance_daily_dag.py
[2026-06-18T13:43:07.280+0000] {processor.py:829} INFO - Processing file /opt/airflow/dags/binance_daily_dag.py for tasks to queue
[2026-06-18T13:43:07.281+0000] {logging_mixin.py:151} INFO - [2026-06-18T13:43:07.280+0000] {dagbag.py:539} INFO - Filling up the DagBag from /opt/airflow/dags/binance_daily_dag.py
[2026-06-18T13:43:09.636+0000] {processor.py:839} INFO - DAG(s) dict_keys(['daily_crypto_lstm_pipeline']) retrieved from /opt/airflow/dags/binance_daily_dag.py
[2026-06-18T13:43:09.658+0000] {logging_mixin.py:151} INFO - [2026-06-18T13:43:09.658+0000] {dag.py:2915} INFO - Sync 1 DAGs
[2026-06-18T13:43:09.679+0000] {logging_mixin.py:151} INFO - [2026-06-18T13:43:09.679+0000] {dag.py:3696} INFO - Setting next_dagrun for daily_crypto_lstm_pipeline to 2026-06-17T17:02:00+00:00, run_after=2026-06-18T17:02:00+00:00
[2026-06-18T13:43:09.801+0000] {processor.py:179} INFO - Processing /opt/airflow/dags/binance_daily_dag.py took 2.529 seconds
[2026-06-18T13:43:40.221+0000] {processor.py:157} INFO - Started process (PID=5133) to work on /opt/airflow/dags/binance_daily_dag.py
[2026-06-18T13:43:40.222+0000] {processor.py:829} INFO - Processing file /opt/airflow/dags/binance_daily_dag.py for tasks to queue
[2026-06-18T13:43:40.223+0000] {logging_mixin.py:151} INFO - [2026-06-18T13:43:40.223+0000] {dagbag.py:539} INFO - Filling up the DagBag from /opt/airflow/dags/binance_daily_dag.py
[2026-06-18T13:43:42.921+0000] {processor.py:839} INFO - DAG(s) dict_keys(['daily_crypto_lstm_pipeline']) retrieved from /opt/airflow/dags/binance_daily_dag.py
[2026-06-18T13:43:42.946+0000] {logging_mixin.py:151} INFO - [2026-06-18T13:43:42.946+0000] {dag.py:2915} INFO - Sync 1 DAGs
[2026-06-18T13:43:42.970+0000] {logging_mixin.py:151} INFO - [2026-06-18T13:43:42.970+0000] {dag.py:3696} INFO - Setting next_dagrun for daily_crypto_lstm_pipeline to 2026-06-17T17:02:00+00:00, run_after=2026-06-18T17:02:00+00:00
[2026-06-18T13:43:43.197+0000] {processor.py:179} INFO - Processing /opt/airflow/dags/binance_daily_dag.py took 2.982 seconds
[2026-06-18T13:44:13.401+0000] {processor.py:157} INFO - Started process (PID=5166) to work on /opt/airflow/dags/binance_daily_dag.py
[2026-06-18T13:44:13.402+0000] {processor.py:829} INFO - Processing file /opt/airflow/dags/binance_daily_dag.py for tasks to queue
[2026-06-18T13:44:13.403+0000] {logging_mixin.py:151} INFO - [2026-06-18T13:44:13.403+0000] {dagbag.py:539} INFO - Filling up the DagBag from /opt/airflow/dags/binance_daily_dag.py
[2026-06-18T13:44:16.075+0000] {processor.py:839} INFO - DAG(s) dict_keys(['daily_crypto_lstm_pipeline']) retrieved from /opt/airflow/dags/binance_daily_dag.py
[2026-06-18T13:44:16.101+0000] {logging_mixin.py:151} INFO - [2026-06-18T13:44:16.101+0000] {dag.py:2915} INFO - Sync 1 DAGs
[2026-06-18T13:44:16.125+0000] {logging_mixin.py:151} INFO - [2026-06-18T13:44:16.125+0000] {dag.py:3696} INFO - Setting next_dagrun for daily_crypto_lstm_pipeline to 2026-06-17T17:02:00+00:00, run_after=2026-06-18T17:02:00+00:00
[2026-06-18T13:44:16.188+0000] {processor.py:179} INFO - Processing /opt/airflow/dags/binance_daily_dag.py took 2.790 seconds
[2026-06-18T13:44:47.061+0000] {processor.py:157} INFO - Started process (PID=5199) to work on /opt/airflow/dags/binance_daily_dag.py
[2026-06-18T13:44:47.062+0000] {processor.py:829} INFO - Processing file /opt/airflow/dags/binance_daily_dag.py for tasks to queue
[2026-06-18T13:44:47.063+0000] {logging_mixin.py:151} INFO - [2026-06-18T13:44:47.063+0000] {dagbag.py:539} INFO - Filling up the DagBag from /opt/airflow/dags/binance_daily_dag.py
[2026-06-18T13:44:49.690+0000] {processor.py:839} INFO - DAG(s) dict_keys(['daily_crypto_lstm_pipeline']) retrieved from /opt/airflow/dags/binance_daily_dag.py
[2026-06-18T13:44:49.715+0000] {logging_mixin.py:151} INFO - [2026-06-18T13:44:49.715+0000] {dag.py:2915} INFO - Sync 1 DAGs
[2026-06-18T13:44:49.738+0000] {logging_mixin.py:151} INFO - [2026-06-18T13:44:49.738+0000] {dag.py:3696} INFO - Setting next_dagrun for daily_crypto_lstm_pipeline to 2026-06-17T17:02:00+00:00, run_after=2026-06-18T17:02:00+00:00
[2026-06-18T13:44:49.796+0000] {processor.py:179} INFO - Processing /opt/airflow/dags/binance_daily_dag.py took 2.739 seconds
[2026-06-18T13:45:20.639+0000] {processor.py:157} INFO - Started process (PID=5232) to work on /opt/airflow/dags/binance_daily_dag.py
[2026-06-18T13:45:20.642+0000] {processor.py:829} INFO - Processing file /opt/airflow/dags/binance_daily_dag.py for tasks to queue
[2026-06-18T13:45:20.645+0000] {logging_mixin.py:151} INFO - [2026-06-18T13:45:20.644+0000] {dagbag.py:539} INFO - Filling up the DagBag from /opt/airflow/dags/binance_daily_dag.py
[2026-06-18T13:45:23.059+0000] {processor.py:839} INFO - DAG(s) dict_keys(['daily_crypto_lstm_pipeline']) retrieved from /opt/airflow/dags/binance_daily_dag.py
[2026-06-18T13:45:23.082+0000] {logging_mixin.py:151} INFO - [2026-06-18T13:45:23.081+0000] {dag.py:2915} INFO - Sync 1 DAGs
[2026-06-18T13:45:23.105+0000] {logging_mixin.py:151} INFO - [2026-06-18T13:45:23.104+0000] {dag.py:3696} INFO - Setting next_dagrun for daily_crypto_lstm_pipeline to 2026-06-17T17:02:00+00:00, run_after=2026-06-18T17:02:00+00:00
[2026-06-18T13:45:23.274+0000] {processor.py:179} INFO - Processing /opt/airflow/dags/binance_daily_dag.py took 2.642 seconds
[2026-06-18T13:45:53.764+0000] {processor.py:157} INFO - Started process (PID=5272) to work on /opt/airflow/dags/binance_daily_dag.py
[2026-06-18T13:45:53.765+0000] {processor.py:829} INFO - Processing file /opt/airflow/dags/binance_daily_dag.py for tasks to queue
[2026-06-18T13:45:53.766+0000] {logging_mixin.py:151} INFO - [2026-06-18T13:45:53.766+0000] {dagbag.py:539} INFO - Filling up the DagBag from /opt/airflow/dags/binance_daily_dag.py
[2026-06-18T13:45:56.506+0000] {processor.py:839} INFO - DAG(s) dict_keys(['daily_crypto_lstm_pipeline']) retrieved from /opt/airflow/dags/binance_daily_dag.py
[2026-06-18T13:45:56.526+0000] {logging_mixin.py:151} INFO - [2026-06-18T13:45:56.526+0000] {dag.py:2915} INFO - Sync 1 DAGs
[2026-06-18T13:45:56.546+0000] {logging_mixin.py:151} INFO - [2026-06-18T13:45:56.546+0000] {dag.py:3696} INFO - Setting next_dagrun for daily_crypto_lstm_pipeline to 2026-06-17T17:02:00+00:00, run_after=2026-06-18T17:02:00+00:00
[2026-06-18T13:45:56.605+0000] {processor.py:179} INFO - Processing /opt/airflow/dags/binance_daily_dag.py took 2.845 seconds
[2026-06-18T13:46:26.956+0000] {processor.py:157} INFO - Started process (PID=5305) to work on /opt/airflow/dags/binance_daily_dag.py
[2026-06-18T13:46:26.958+0000] {processor.py:829} INFO - Processing file /opt/airflow/dags/binance_daily_dag.py for tasks to queue
[2026-06-18T13:46:26.959+0000] {logging_mixin.py:151} INFO - [2026-06-18T13:46:26.959+0000] {dagbag.py:539} INFO - Filling up the DagBag from /opt/airflow/dags/binance_daily_dag.py
[2026-06-18T13:46:29.788+0000] {processor.py:839} INFO - DAG(s) dict_keys(['daily_crypto_lstm_pipeline']) retrieved from /opt/airflow/dags/binance_daily_dag.py
[2026-06-18T13:46:29.808+0000] {logging_mixin.py:151} INFO - [2026-06-18T13:46:29.807+0000] {dag.py:2915} INFO - Sync 1 DAGs
[2026-06-18T13:46:29.828+0000] {logging_mixin.py:151} INFO - [2026-06-18T13:46:29.828+0000] {dag.py:3696} INFO - Setting next_dagrun for daily_crypto_lstm_pipeline to 2026-06-17T17:02:00+00:00, run_after=2026-06-18T17:02:00+00:00
[2026-06-18T13:46:29.887+0000] {processor.py:179} INFO - Processing /opt/airflow/dags/binance_daily_dag.py took 2.934 seconds
[2026-06-18T13:47:00.284+0000] {processor.py:157} INFO - Started process (PID=5343) to work on /opt/airflow/dags/binance_daily_dag.py
[2026-06-18T13:47:00.285+0000] {processor.py:829} INFO - Processing file /opt/airflow/dags/binance_daily_dag.py for tasks to queue
[2026-06-18T13:47:00.286+0000] {logging_mixin.py:151} INFO - [2026-06-18T13:47:00.285+0000] {dagbag.py:539} INFO - Filling up the DagBag from /opt/airflow/dags/binance_daily_dag.py
[2026-06-18T13:47:02.898+0000] {processor.py:839} INFO - DAG(s) dict_keys(['daily_crypto_lstm_pipeline']) retrieved from /opt/airflow/dags/binance_daily_dag.py
[2026-06-18T13:47:02.920+0000] {logging_mixin.py:151} INFO - [2026-06-18T13:47:02.919+0000] {dag.py:2915} INFO - Sync 1 DAGs
[2026-06-18T13:47:02.943+0000] {logging_mixin.py:151} INFO - [2026-06-18T13:47:02.943+0000] {dag.py:3696} INFO - Setting next_dagrun for daily_crypto_lstm_pipeline to 2026-06-17T17:02:00+00:00, run_after=2026-06-18T17:02:00+00:00
[2026-06-18T13:47:03.001+0000] {processor.py:179} INFO - Processing /opt/airflow/dags/binance_daily_dag.py took 2.721 seconds
[2026-06-18T13:47:33.921+0000] {processor.py:157} INFO - Started process (PID=5376) to work on /opt/airflow/dags/binance_daily_dag.py
[2026-06-18T13:47:33.923+0000] {processor.py:829} INFO - Processing file /opt/airflow/dags/binance_daily_dag.py for tasks to queue
[2026-06-18T13:47:33.925+0000] {logging_mixin.py:151} INFO - [2026-06-18T13:47:33.924+0000] {dagbag.py:539} INFO - Filling up the DagBag from /opt/airflow/dags/binance_daily_dag.py
[2026-06-18T13:47:36.108+0000] {processor.py:839} INFO - DAG(s) dict_keys(['daily_crypto_lstm_pipeline']) retrieved from /opt/airflow/dags/binance_daily_dag.py
[2026-06-18T13:47:36.152+0000] {logging_mixin.py:151} INFO - [2026-06-18T13:47:36.150+0000] {dag.py:2915} INFO - Sync 1 DAGs
[2026-06-18T13:47:36.186+0000] {logging_mixin.py:151} INFO - [2026-06-18T13:47:36.185+0000] {dag.py:3696} INFO - Setting next_dagrun for daily_crypto_lstm_pipeline to 2026-06-17T17:02:00+00:00, run_after=2026-06-18T17:02:00+00:00
[2026-06-18T13:47:36.212+0000] {processor.py:179} INFO - Processing /opt/airflow/dags/binance_daily_dag.py took 2.293 seconds
[2026-06-18T13:48:06.533+0000] {processor.py:157} INFO - Started process (PID=5409) to work on /opt/airflow/dags/binance_daily_dag.py
[2026-06-18T13:48:06.535+0000] {processor.py:829} INFO - Processing file /opt/airflow/dags/binance_daily_dag.py for tasks to queue
[2026-06-18T13:48:06.536+0000] {logging_mixin.py:151} INFO - [2026-06-18T13:48:06.536+0000] {dagbag.py:539} INFO - Filling up the DagBag from /opt/airflow/dags/binance_daily_dag.py
[2026-06-18T13:48:08.852+0000] {processor.py:839} INFO - DAG(s) dict_keys(['daily_crypto_lstm_pipeline']) retrieved from /opt/airflow/dags/binance_daily_dag.py
[2026-06-18T13:48:08.873+0000] {logging_mixin.py:151} INFO - [2026-06-18T13:48:08.872+0000] {dag.py:2915} INFO - Sync 1 DAGs
[2026-06-18T13:48:08.892+0000] {logging_mixin.py:151} INFO - [2026-06-18T13:48:08.892+0000] {dag.py:3696} INFO - Setting next_dagrun for daily_crypto_lstm_pipeline to 2026-06-17T17:02:00+00:00, run_after=2026-06-18T17:02:00+00:00
[2026-06-18T13:48:08.909+0000] {processor.py:179} INFO - Processing /opt/airflow/dags/binance_daily_dag.py took 2.379 seconds
[2026-06-18T13:48:39.268+0000] {processor.py:157} INFO - Started process (PID=5442) to work on /opt/airflow/dags/binance_daily_dag.py
[2026-06-18T13:48:39.269+0000] {processor.py:829} INFO - Processing file /opt/airflow/dags/binance_daily_dag.py for tasks to queue
[2026-06-18T13:48:39.270+0000] {logging_mixin.py:151} INFO - [2026-06-18T13:48:39.270+0000] {dagbag.py:539} INFO - Filling up the DagBag from /opt/airflow/dags/binance_daily_dag.py
[2026-06-18T13:48:41.604+0000] {processor.py:839} INFO - DAG(s) dict_keys(['daily_crypto_lstm_pipeline']) retrieved from /opt/airflow/dags/binance_daily_dag.py
[2026-06-18T13:48:41.627+0000] {logging_mixin.py:151} INFO - [2026-06-18T13:48:41.626+0000] {dag.py:2915} INFO - Sync 1 DAGs
[2026-06-18T13:48:41.797+0000] {logging_mixin.py:151} INFO - [2026-06-18T13:48:41.797+0000] {dag.py:3696} INFO - Setting next_dagrun for daily_crypto_lstm_pipeline to 2026-06-17T17:02:00+00:00, run_after=2026-06-18T17:02:00+00:00
[2026-06-18T13:48:41.814+0000] {processor.py:179} INFO - Processing /opt/airflow/dags/binance_daily_dag.py took 2.549 seconds
[2026-06-18T13:49:12.602+0000] {processor.py:157} INFO - Started process (PID=5475) to work on /opt/airflow/dags/binance_daily_dag.py
[2026-06-18T13:49:12.604+0000] {processor.py:829} INFO - Processing file /opt/airflow/dags/binance_daily_dag.py for tasks to queue
[2026-06-18T13:49:12.605+0000] {logging_mixin.py:151} INFO - [2026-06-18T13:49:12.605+0000] {dagbag.py:539} INFO - Filling up the DagBag from /opt/airflow/dags/binance_daily_dag.py
[2026-06-18T13:49:14.844+0000] {processor.py:839} INFO - DAG(s) dict_keys(['daily_crypto_lstm_pipeline']) retrieved from /opt/airflow/dags/binance_daily_dag.py
[2026-06-18T13:49:14.867+0000] {logging_mixin.py:151} INFO - [2026-06-18T13:49:14.867+0000] {dag.py:2915} INFO - Sync 1 DAGs
[2026-06-18T13:49:14.888+0000] {logging_mixin.py:151} INFO - [2026-06-18T13:49:14.888+0000] {dag.py:3696} INFO - Setting next_dagrun for daily_crypto_lstm_pipeline to 2026-06-17T17:02:00+00:00, run_after=2026-06-18T17:02:00+00:00
[2026-06-18T13:49:14.904+0000] {processor.py:179} INFO - Processing /opt/airflow/dags/binance_daily_dag.py took 2.306 seconds
[2026-06-18T13:49:45.600+0000] {processor.py:157} INFO - Started process (PID=5508) to work on /opt/airflow/dags/binance_daily_dag.py
[2026-06-18T13:49:45.601+0000] {processor.py:829} INFO - Processing file /opt/airflow/dags/binance_daily_dag.py for tasks to queue
[2026-06-18T13:49:45.602+0000] {logging_mixin.py:151} INFO - [2026-06-18T13:49:45.602+0000] {dagbag.py:539} INFO - Filling up the DagBag from /opt/airflow/dags/binance_daily_dag.py
[2026-06-18T13:49:48.021+0000] {processor.py:839} INFO - DAG(s) dict_keys(['daily_crypto_lstm_pipeline']) retrieved from /opt/airflow/dags/binance_daily_dag.py
[2026-06-18T13:49:48.041+0000] {logging_mixin.py:151} INFO - [2026-06-18T13:49:48.040+0000] {dag.py:2915} INFO - Sync 1 DAGs
[2026-06-18T13:49:48.060+0000] {logging_mixin.py:151} INFO - [2026-06-18T13:49:48.060+0000] {dag.py:3696} INFO - Setting next_dagrun for daily_crypto_lstm_pipeline to 2026-06-17T17:02:00+00:00, run_after=2026-06-18T17:02:00+00:00
[2026-06-18T13:49:48.080+0000] {processor.py:179} INFO - Processing /opt/airflow/dags/binance_daily_dag.py took 2.484 seconds
[2026-06-18T13:50:18.923+0000] {processor.py:157} INFO - Started process (PID=5542) to work on /opt/airflow/dags/binance_daily_dag.py
[2026-06-18T13:50:18.925+0000] {processor.py:829} INFO - Processing file /opt/airflow/dags/binance_daily_dag.py for tasks to queue
[2026-06-18T13:50:18.926+0000] {logging_mixin.py:151} INFO - [2026-06-18T13:50:18.926+0000] {dagbag.py:539} INFO - Filling up the DagBag from /opt/airflow/dags/binance_daily_dag.py
[2026-06-18T13:50:21.308+0000] {processor.py:839} INFO - DAG(s) dict_keys(['daily_crypto_lstm_pipeline']) retrieved from /opt/airflow/dags/binance_daily_dag.py
[2026-06-18T13:50:21.327+0000] {logging_mixin.py:151} INFO - [2026-06-18T13:50:21.326+0000] {dag.py:2915} INFO - Sync 1 DAGs
[2026-06-18T13:50:21.552+0000] {logging_mixin.py:151} INFO - [2026-06-18T13:50:21.552+0000] {dag.py:3696} INFO - Setting next_dagrun for daily_crypto_lstm_pipeline to 2026-06-17T17:02:00+00:00, run_after=2026-06-18T17:02:00+00:00
[2026-06-18T13:50:21.582+0000] {processor.py:179} INFO - Processing /opt/airflow/dags/binance_daily_dag.py took 2.662 seconds
[2026-06-18T13:50:51.949+0000] {processor.py:157} INFO - Started process (PID=5575) to work on /opt/airflow/dags/binance_daily_dag.py
[2026-06-18T13:50:51.950+0000] {processor.py:829} INFO - Processing file /opt/airflow/dags/binance_daily_dag.py for tasks to queue
[2026-06-18T13:50:51.951+0000] {logging_mixin.py:151} INFO - [2026-06-18T13:50:51.951+0000] {dagbag.py:539} INFO - Filling up the DagBag from /opt/airflow/dags/binance_daily_dag.py
[2026-06-18T13:50:54.530+0000] {processor.py:839} INFO - DAG(s) dict_keys(['daily_crypto_lstm_pipeline']) retrieved from /opt/airflow/dags/binance_daily_dag.py
[2026-06-18T13:50:54.560+0000] {logging_mixin.py:151} INFO - [2026-06-18T13:50:54.559+0000] {dag.py:2915} INFO - Sync 1 DAGs
[2026-06-18T13:50:54.582+0000] {logging_mixin.py:151} INFO - [2026-06-18T13:50:54.582+0000] {dag.py:3696} INFO - Setting next_dagrun for daily_crypto_lstm_pipeline to 2026-06-17T17:02:00+00:00, run_after=2026-06-18T17:02:00+00:00
[2026-06-18T13:50:54.645+0000] {processor.py:179} INFO - Processing /opt/airflow/dags/binance_daily_dag.py took 2.700 seconds
[2026-06-18T13:51:25.024+0000] {processor.py:157} INFO - Started process (PID=5616) to work on /opt/airflow/dags/binance_daily_dag.py
[2026-06-18T13:51:25.025+0000] {processor.py:829} INFO - Processing file /opt/airflow/dags/binance_daily_dag.py for tasks to queue
[2026-06-18T13:51:25.026+0000] {logging_mixin.py:151} INFO - [2026-06-18T13:51:25.025+0000] {dagbag.py:539} INFO - Filling up the DagBag from /opt/airflow/dags/binance_daily_dag.py
[2026-06-18T13:51:27.623+0000] {processor.py:839} INFO - DAG(s) dict_keys(['daily_crypto_lstm_pipeline']) retrieved from /opt/airflow/dags/binance_daily_dag.py
[2026-06-18T13:51:27.643+0000] {logging_mixin.py:151} INFO - [2026-06-18T13:51:27.643+0000] {dag.py:2915} INFO - Sync 1 DAGs
[2026-06-18T13:51:27.665+0000] {logging_mixin.py:151} INFO - [2026-06-18T13:51:27.664+0000] {dag.py:3696} INFO - Setting next_dagrun for daily_crypto_lstm_pipeline to 2026-06-17T17:02:00+00:00, run_after=2026-06-18T17:02:00+00:00
[2026-06-18T13:51:27.870+0000] {processor.py:179} INFO - Processing /opt/airflow/dags/binance_daily_dag.py took 2.849 seconds
[2026-06-18T13:51:58.473+0000] {processor.py:157} INFO - Started process (PID=5649) to work on /opt/airflow/dags/binance_daily_dag.py
[2026-06-18T13:51:58.474+0000] {processor.py:829} INFO - Processing file /opt/airflow/dags/binance_daily_dag.py for tasks to queue
[2026-06-18T13:51:58.475+0000] {logging_mixin.py:151} INFO - [2026-06-18T13:51:58.474+0000] {dagbag.py:539} INFO - Filling up the DagBag from /opt/airflow/dags/binance_daily_dag.py
[2026-06-18T13:52:01.161+0000] {processor.py:839} INFO - DAG(s) dict_keys(['daily_crypto_lstm_pipeline']) retrieved from /opt/airflow/dags/binance_daily_dag.py
[2026-06-18T13:52:01.188+0000] {logging_mixin.py:151} INFO - [2026-06-18T13:52:01.188+0000] {dag.py:2915} INFO - Sync 1 DAGs
[2026-06-18T13:52:01.213+0000] {logging_mixin.py:151} INFO - [2026-06-18T13:52:01.212+0000] {dag.py:3696} INFO - Setting next_dagrun for daily_crypto_lstm_pipeline to 2026-06-17T17:02:00+00:00, run_after=2026-06-18T17:02:00+00:00
[2026-06-18T13:52:01.236+0000] {processor.py:179} INFO - Processing /opt/airflow/dags/binance_daily_dag.py took 2.766 seconds
[2026-06-18T13:52:31.901+0000] {processor.py:157} INFO - Started process (PID=5682) to work on /opt/airflow/dags/binance_daily_dag.py
[2026-06-18T13:52:31.903+0000] {processor.py:829} INFO - Processing file /opt/airflow/dags/binance_daily_dag.py for tasks to queue
[2026-06-18T13:52:31.904+0000] {logging_mixin.py:151} INFO - [2026-06-18T13:52:31.903+0000] {dagbag.py:539} INFO - Filling up the DagBag from /opt/airflow/dags/binance_daily_dag.py
[2026-06-18T13:52:34.453+0000] {processor.py:839} INFO - DAG(s) dict_keys(['daily_crypto_lstm_pipeline']) retrieved from /opt/airflow/dags/binance_daily_dag.py
[2026-06-18T13:52:34.477+0000] {logging_mixin.py:151} INFO - [2026-06-18T13:52:34.477+0000] {dag.py:2915} INFO - Sync 1 DAGs
[2026-06-18T13:52:34.499+0000] {logging_mixin.py:151} INFO - [2026-06-18T13:52:34.499+0000] {dag.py:3696} INFO - Setting next_dagrun for daily_crypto_lstm_pipeline to 2026-06-17T17:02:00+00:00, run_after=2026-06-18T17:02:00+00:00
[2026-06-18T13:52:34.517+0000] {processor.py:179} INFO - Processing /opt/airflow/dags/binance_daily_dag.py took 2.619 seconds
[2026-06-18T13:53:04.688+0000] {processor.py:157} INFO - Started process (PID=5720) to work on /opt/airflow/dags/binance_daily_dag.py
[2026-06-18T13:53:04.689+0000] {processor.py:829} INFO - Processing file /opt/airflow/dags/binance_daily_dag.py for tasks to queue
[2026-06-18T13:53:04.690+0000] {logging_mixin.py:151} INFO - [2026-06-18T13:53:04.690+0000] {dagbag.py:539} INFO - Filling up the DagBag from /opt/airflow/dags/binance_daily_dag.py
[2026-06-18T13:53:06.921+0000] {processor.py:839} INFO - DAG(s) dict_keys(['daily_crypto_lstm_pipeline']) retrieved from /opt/airflow/dags/binance_daily_dag.py
[2026-06-18T13:53:06.941+0000] {logging_mixin.py:151} INFO - [2026-06-18T13:53:06.940+0000] {dag.py:2915} INFO - Sync 1 DAGs
[2026-06-18T13:53:06.959+0000] {logging_mixin.py:151} INFO - [2026-06-18T13:53:06.959+0000] {dag.py:3696} INFO - Setting next_dagrun for daily_crypto_lstm_pipeline to 2026-06-17T17:02:00+00:00, run_after=2026-06-18T17:02:00+00:00
[2026-06-18T13:53:07.200+0000] {processor.py:179} INFO - Processing /opt/airflow/dags/binance_daily_dag.py took 2.515 seconds
[2026-06-18T13:53:38.015+0000] {processor.py:157} INFO - Started process (PID=5753) to work on /opt/airflow/dags/binance_daily_dag.py
[2026-06-18T13:53:38.017+0000] {processor.py:829} INFO - Processing file /opt/airflow/dags/binance_daily_dag.py for tasks to queue
[2026-06-18T13:53:38.018+0000] {logging_mixin.py:151} INFO - [2026-06-18T13:53:38.018+0000] {dagbag.py:539} INFO - Filling up the DagBag from /opt/airflow/dags/binance_daily_dag.py
[2026-06-18T13:53:40.476+0000] {processor.py:839} INFO - DAG(s) dict_keys(['daily_crypto_lstm_pipeline']) retrieved from /opt/airflow/dags/binance_daily_dag.py
[2026-06-18T13:53:40.500+0000] {logging_mixin.py:151} INFO - [2026-06-18T13:53:40.500+0000] {dag.py:2915} INFO - Sync 1 DAGs
[2026-06-18T13:53:40.525+0000] {logging_mixin.py:151} INFO - [2026-06-18T13:53:40.525+0000] {dag.py:3696} INFO - Setting next_dagrun for daily_crypto_lstm_pipeline to 2026-06-17T17:02:00+00:00, run_after=2026-06-18T17:02:00+00:00
[2026-06-18T13:53:40.553+0000] {processor.py:179} INFO - Processing /opt/airflow/dags/binance_daily_dag.py took 2.543 seconds
[2026-06-18T13:54:10.973+0000] {processor.py:157} INFO - Started process (PID=5787) to work on /opt/airflow/dags/binance_daily_dag.py
[2026-06-18T13:54:10.974+0000] {processor.py:829} INFO - Processing file /opt/airflow/dags/binance_daily_dag.py for tasks to queue
[2026-06-18T13:54:10.975+0000] {logging_mixin.py:151} INFO - [2026-06-18T13:54:10.975+0000] {dagbag.py:539} INFO - Filling up the DagBag from /opt/airflow/dags/binance_daily_dag.py
[2026-06-18T13:54:13.457+0000] {processor.py:839} INFO - DAG(s) dict_keys(['daily_crypto_lstm_pipeline']) retrieved from /opt/airflow/dags/binance_daily_dag.py
[2026-06-18T13:54:13.477+0000] {logging_mixin.py:151} INFO - [2026-06-18T13:54:13.476+0000] {dag.py:2915} INFO - Sync 1 DAGs
[2026-06-18T13:54:13.495+0000] {logging_mixin.py:151} INFO - [2026-06-18T13:54:13.495+0000] {dag.py:3696} INFO - Setting next_dagrun for daily_crypto_lstm_pipeline to 2026-06-17T17:02:00+00:00, run_after=2026-06-18T17:02:00+00:00
[2026-06-18T13:54:13.512+0000] {processor.py:179} INFO - Processing /opt/airflow/dags/binance_daily_dag.py took 2.542 seconds
[2026-06-18T13:54:43.851+0000] {processor.py:157} INFO - Started process (PID=5820) to work on /opt/airflow/dags/binance_daily_dag.py
[2026-06-18T13:54:43.852+0000] {processor.py:829} INFO - Processing file /opt/airflow/dags/binance_daily_dag.py for tasks to queue
[2026-06-18T13:54:43.854+0000] {logging_mixin.py:151} INFO - [2026-06-18T13:54:43.853+0000] {dagbag.py:539} INFO - Filling up the DagBag from /opt/airflow/dags/binance_daily_dag.py
[2026-06-18T13:54:46.210+0000] {processor.py:839} INFO - DAG(s) dict_keys(['daily_crypto_lstm_pipeline']) retrieved from /opt/airflow/dags/binance_daily_dag.py
[2026-06-18T13:54:46.238+0000] {logging_mixin.py:151} INFO - [2026-06-18T13:54:46.237+0000] {dag.py:2915} INFO - Sync 1 DAGs
[2026-06-18T13:54:46.262+0000] {logging_mixin.py:151} INFO - [2026-06-18T13:54:46.262+0000] {dag.py:3696} INFO - Setting next_dagrun for daily_crypto_lstm_pipeline to 2026-06-17T17:02:00+00:00, run_after=2026-06-18T17:02:00+00:00
[2026-06-18T13:54:46.486+0000] {processor.py:179} INFO - Processing /opt/airflow/dags/binance_daily_dag.py took 2.638 seconds
[2026-06-18T13:55:17.580+0000] {processor.py:157} INFO - Started process (PID=5853) to work on /opt/airflow/dags/binance_daily_dag.py
[2026-06-18T13:55:17.582+0000] {processor.py:829} INFO - Processing file /opt/airflow/dags/binance_daily_dag.py for tasks to queue
[2026-06-18T13:55:17.584+0000] {logging_mixin.py:151} INFO - [2026-06-18T13:55:17.583+0000] {dagbag.py:539} INFO - Filling up the DagBag from /opt/airflow/dags/binance_daily_dag.py
[2026-06-18T13:55:19.987+0000] {processor.py:839} INFO - DAG(s) dict_keys(['daily_crypto_lstm_pipeline']) retrieved from /opt/airflow/dags/binance_daily_dag.py
[2026-06-18T13:55:20.008+0000] {logging_mixin.py:151} INFO - [2026-06-18T13:55:20.008+0000] {dag.py:2915} INFO - Sync 1 DAGs
[2026-06-18T13:55:20.031+0000] {logging_mixin.py:151} INFO - [2026-06-18T13:55:20.031+0000] {dag.py:3696} INFO - Setting next_dagrun for daily_crypto_lstm_pipeline to 2026-06-17T17:02:00+00:00, run_after=2026-06-18T17:02:00+00:00
[2026-06-18T13:55:20.050+0000] {processor.py:179} INFO - Processing /opt/airflow/dags/binance_daily_dag.py took 2.476 seconds
[2026-06-18T13:55:50.759+0000] {processor.py:157} INFO - Started process (PID=5886) to work on /opt/airflow/dags/binance_daily_dag.py
[2026-06-18T13:55:50.760+0000] {processor.py:829} INFO - Processing file /opt/airflow/dags/binance_daily_dag.py for tasks to queue
[2026-06-18T13:55:50.762+0000] {logging_mixin.py:151} INFO - [2026-06-18T13:55:50.762+0000] {dagbag.py:539} INFO - Filling up the DagBag from /opt/airflow/dags/binance_daily_dag.py
[2026-06-18T13:55:53.318+0000] {processor.py:839} INFO - DAG(s) dict_keys(['daily_crypto_lstm_pipeline']) retrieved from /opt/airflow/dags/binance_daily_dag.py
[2026-06-18T13:55:53.338+0000] {logging_mixin.py:151} INFO - [2026-06-18T13:55:53.337+0000] {dag.py:2915} INFO - Sync 1 DAGs
[2026-06-18T13:55:53.356+0000] {logging_mixin.py:151} INFO - [2026-06-18T13:55:53.356+0000] {dag.py:3696} INFO - Setting next_dagrun for daily_crypto_lstm_pipeline to 2026-06-17T17:02:00+00:00, run_after=2026-06-18T17:02:00+00:00
[2026-06-18T13:55:53.418+0000] {processor.py:179} INFO - Processing /opt/airflow/dags/binance_daily_dag.py took 2.666 seconds
[2026-06-18T13:56:23.935+0000] {processor.py:157} INFO - Started process (PID=5925) to work on /opt/airflow/dags/binance_daily_dag.py
[2026-06-18T13:56:23.937+0000] {processor.py:829} INFO - Processing file /opt/airflow/dags/binance_daily_dag.py for tasks to queue
[2026-06-18T13:56:23.938+0000] {logging_mixin.py:151} INFO - [2026-06-18T13:56:23.938+0000] {dagbag.py:539} INFO - Filling up the DagBag from /opt/airflow/dags/binance_daily_dag.py
[2026-06-18T13:56:26.577+0000] {processor.py:839} INFO - DAG(s) dict_keys(['daily_crypto_lstm_pipeline']) retrieved from /opt/airflow/dags/binance_daily_dag.py
[2026-06-18T13:56:26.608+0000] {logging_mixin.py:151} INFO - [2026-06-18T13:56:26.607+0000] {dag.py:2915} INFO - Sync 1 DAGs
[2026-06-18T13:56:26.635+0000] {logging_mixin.py:151} INFO - [2026-06-18T13:56:26.635+0000] {dag.py:3696} INFO - Setting next_dagrun for daily_crypto_lstm_pipeline to 2026-06-17T17:02:00+00:00, run_after=2026-06-18T17:02:00+00:00
[2026-06-18T13:56:26.880+0000] {processor.py:179} INFO - Processing /opt/airflow/dags/binance_daily_dag.py took 2.948 seconds
[2026-06-18T13:56:57.081+0000] {processor.py:157} INFO - Started process (PID=5958) to work on /opt/airflow/dags/binance_daily_dag.py
[2026-06-18T13:56:57.082+0000] {processor.py:829} INFO - Processing file /opt/airflow/dags/binance_daily_dag.py for tasks to queue
[2026-06-18T13:56:57.083+0000] {logging_mixin.py:151} INFO - [2026-06-18T13:56:57.083+0000] {dagbag.py:539} INFO - Filling up the DagBag from /opt/airflow/dags/binance_daily_dag.py
[2026-06-18T13:56:59.429+0000] {processor.py:839} INFO - DAG(s) dict_keys(['daily_crypto_lstm_pipeline']) retrieved from /opt/airflow/dags/binance_daily_dag.py
[2026-06-18T13:56:59.452+0000] {logging_mixin.py:151} INFO - [2026-06-18T13:56:59.451+0000] {dag.py:2915} INFO - Sync 1 DAGs
[2026-06-18T13:56:59.472+0000] {logging_mixin.py:151} INFO - [2026-06-18T13:56:59.472+0000] {dag.py:3696} INFO - Setting next_dagrun for daily_crypto_lstm_pipeline to 2026-06-17T17:02:00+00:00, run_after=2026-06-18T17:02:00+00:00
[2026-06-18T13:56:59.532+0000] {processor.py:179} INFO - Processing /opt/airflow/dags/binance_daily_dag.py took 2.455 seconds
[2026-06-18T13:57:29.742+0000] {processor.py:157} INFO - Started process (PID=5991) to work on /opt/airflow/dags/binance_daily_dag.py
[2026-06-18T13:57:29.743+0000] {processor.py:829} INFO - Processing file /opt/airflow/dags/binance_daily_dag.py for tasks to queue
[2026-06-18T13:57:29.744+0000] {logging_mixin.py:151} INFO - [2026-06-18T13:57:29.744+0000] {dagbag.py:539} INFO - Filling up the DagBag from /opt/airflow/dags/binance_daily_dag.py
[2026-06-18T13:57:32.128+0000] {processor.py:839} INFO - DAG(s) dict_keys(['daily_crypto_lstm_pipeline']) retrieved from /opt/airflow/dags/binance_daily_dag.py
[2026-06-18T13:57:32.148+0000] {logging_mixin.py:151} INFO - [2026-06-18T13:57:32.148+0000] {dag.py:2915} INFO - Sync 1 DAGs
[2026-06-18T13:57:32.169+0000] {logging_mixin.py:151} INFO - [2026-06-18T13:57:32.169+0000] {dag.py:3696} INFO - Setting next_dagrun for daily_crypto_lstm_pipeline to 2026-06-17T17:02:00+00:00, run_after=2026-06-18T17:02:00+00:00
[2026-06-18T13:57:32.187+0000] {processor.py:179} INFO - Processing /opt/airflow/dags/binance_daily_dag.py took 2.448 seconds
[2026-06-18T13:58:02.282+0000] {processor.py:157} INFO - Started process (PID=6024) to work on /opt/airflow/dags/binance_daily_dag.py
[2026-06-18T13:58:02.283+0000] {processor.py:829} INFO - Processing file /opt/airflow/dags/binance_daily_dag.py for tasks to queue
[2026-06-18T13:58:02.284+0000] {logging_mixin.py:151} INFO - [2026-06-18T13:58:02.283+0000] {dagbag.py:539} INFO - Filling up the DagBag from /opt/airflow/dags/binance_daily_dag.py
[2026-06-18T13:58:04.974+0000] {processor.py:839} INFO - DAG(s) dict_keys(['daily_crypto_lstm_pipeline']) retrieved from /opt/airflow/dags/binance_daily_dag.py
[2026-06-18T13:58:04.993+0000] {logging_mixin.py:151} INFO - [2026-06-18T13:58:04.992+0000] {dag.py:2915} INFO - Sync 1 DAGs
[2026-06-18T13:58:05.012+0000] {logging_mixin.py:151} INFO - [2026-06-18T13:58:05.012+0000] {dag.py:3696} INFO - Setting next_dagrun for daily_crypto_lstm_pipeline to 2026-06-17T17:02:00+00:00, run_after=2026-06-18T17:02:00+00:00
[2026-06-18T13:58:05.073+0000] {processor.py:179} INFO - Processing /opt/airflow/dags/binance_daily_dag.py took 2.796 seconds
[2026-06-18T13:58:35.430+0000] {processor.py:157} INFO - Started process (PID=6057) to work on /opt/airflow/dags/binance_daily_dag.py
[2026-06-18T13:58:35.432+0000] {processor.py:829} INFO - Processing file /opt/airflow/dags/binance_daily_dag.py for tasks to queue
[2026-06-18T13:58:35.433+0000] {logging_mixin.py:151} INFO - [2026-06-18T13:58:35.432+0000] {dagbag.py:539} INFO - Filling up the DagBag from /opt/airflow/dags/binance_daily_dag.py
[2026-06-18T13:58:38.279+0000] {processor.py:839} INFO - DAG(s) dict_keys(['daily_crypto_lstm_pipeline']) retrieved from /opt/airflow/dags/binance_daily_dag.py
[2026-06-18T13:58:38.308+0000] {logging_mixin.py:151} INFO - [2026-06-18T13:58:38.308+0000] {dag.py:2915} INFO - Sync 1 DAGs
[2026-06-18T13:58:38.335+0000] {logging_mixin.py:151} INFO - [2026-06-18T13:58:38.335+0000] {dag.py:3696} INFO - Setting next_dagrun for daily_crypto_lstm_pipeline to 2026-06-17T17:02:00+00:00, run_after=2026-06-18T17:02:00+00:00
[2026-06-18T13:58:38.363+0000] {processor.py:179} INFO - Processing /opt/airflow/dags/binance_daily_dag.py took 2.936 seconds
[2026-06-18T13:59:08.481+0000] {processor.py:157} INFO - Started process (PID=6090) to work on /opt/airflow/dags/binance_daily_dag.py
[2026-06-18T13:59:08.482+0000] {processor.py:829} INFO - Processing file /opt/airflow/dags/binance_daily_dag.py for tasks to queue
[2026-06-18T13:59:08.483+0000] {logging_mixin.py:151} INFO - [2026-06-18T13:59:08.483+0000] {dagbag.py:539} INFO - Filling up the DagBag from /opt/airflow/dags/binance_daily_dag.py
[2026-06-18T13:59:10.918+0000] {processor.py:839} INFO - DAG(s) dict_keys(['daily_crypto_lstm_pipeline']) retrieved from /opt/airflow/dags/binance_daily_dag.py
[2026-06-18T13:59:10.954+0000] {logging_mixin.py:151} INFO - [2026-06-18T13:59:10.953+0000] {dag.py:2915} INFO - Sync 1 DAGs
[2026-06-18T13:59:10.994+0000] {logging_mixin.py:151} INFO - [2026-06-18T13:59:10.994+0000] {dag.py:3696} INFO - Setting next_dagrun for daily_crypto_lstm_pipeline to 2026-06-17T17:02:00+00:00, run_after=2026-06-18T17:02:00+00:00
[2026-06-18T13:59:11.025+0000] {processor.py:179} INFO - Processing /opt/airflow/dags/binance_daily_dag.py took 2.548 seconds
[2026-06-18T13:59:41.398+0000] {processor.py:157} INFO - Started process (PID=6123) to work on /opt/airflow/dags/binance_daily_dag.py
[2026-06-18T13:59:41.399+0000] {processor.py:829} INFO - Processing file /opt/airflow/dags/binance_daily_dag.py for tasks to queue
[2026-06-18T13:59:41.400+0000] {logging_mixin.py:151} INFO - [2026-06-18T13:59:41.399+0000] {dagbag.py:539} INFO - Filling up the DagBag from /opt/airflow/dags/binance_daily_dag.py
[2026-06-18T13:59:44.097+0000] {processor.py:839} INFO - DAG(s) dict_keys(['daily_crypto_lstm_pipeline']) retrieved from /opt/airflow/dags/binance_daily_dag.py
[2026-06-18T13:59:44.122+0000] {logging_mixin.py:151} INFO - [2026-06-18T13:59:44.121+0000] {dag.py:2915} INFO - Sync 1 DAGs
[2026-06-18T13:59:44.148+0000] {logging_mixin.py:151} INFO - [2026-06-18T13:59:44.147+0000] {dag.py:3696} INFO - Setting next_dagrun for daily_crypto_lstm_pipeline to 2026-06-17T17:02:00+00:00, run_after=2026-06-18T17:02:00+00:00
[2026-06-18T13:59:44.184+0000] {processor.py:179} INFO - Processing /opt/airflow/dags/binance_daily_dag.py took 2.791 seconds
[2026-06-18T14:00:14.865+0000] {processor.py:157} INFO - Started process (PID=6161) to work on /opt/airflow/dags/binance_daily_dag.py
[2026-06-18T14:00:14.867+0000] {processor.py:829} INFO - Processing file /opt/airflow/dags/binance_daily_dag.py for tasks to queue
[2026-06-18T14:00:14.871+0000] {logging_mixin.py:151} INFO - [2026-06-18T14:00:14.870+0000] {dagbag.py:539} INFO - Filling up the DagBag from /opt/airflow/dags/binance_daily_dag.py
[2026-06-18T14:00:17.698+0000] {processor.py:839} INFO - DAG(s) dict_keys(['daily_crypto_lstm_pipeline']) retrieved from /opt/airflow/dags/binance_daily_dag.py
[2026-06-18T14:00:17.719+0000] {logging_mixin.py:151} INFO - [2026-06-18T14:00:17.719+0000] {dag.py:2915} INFO - Sync 1 DAGs
[2026-06-18T14:00:17.737+0000] {logging_mixin.py:151} INFO - [2026-06-18T14:00:17.737+0000] {dag.py:3696} INFO - Setting next_dagrun for daily_crypto_lstm_pipeline to 2026-06-17T17:02:00+00:00, run_after=2026-06-18T17:02:00+00:00
[2026-06-18T14:00:17.794+0000] {processor.py:179} INFO - Processing /opt/airflow/dags/binance_daily_dag.py took 2.938 seconds
[2026-06-18T14:00:48.738+0000] {processor.py:157} INFO - Started process (PID=6194) to work on /opt/airflow/dags/binance_daily_dag.py
[2026-06-18T14:00:48.740+0000] {processor.py:829} INFO - Processing file /opt/airflow/dags/binance_daily_dag.py for tasks to queue
[2026-06-18T14:00:48.740+0000] {logging_mixin.py:151} INFO - [2026-06-18T14:00:48.740+0000] {dagbag.py:539} INFO - Filling up the DagBag from /opt/airflow/dags/binance_daily_dag.py
[2026-06-18T14:00:51.169+0000] {processor.py:839} INFO - DAG(s) dict_keys(['daily_crypto_lstm_pipeline']) retrieved from /opt/airflow/dags/binance_daily_dag.py
[2026-06-18T14:00:51.192+0000] {logging_mixin.py:151} INFO - [2026-06-18T14:00:51.191+0000] {dag.py:2915} INFO - Sync 1 DAGs
[2026-06-18T14:00:51.214+0000] {logging_mixin.py:151} INFO - [2026-06-18T14:00:51.214+0000] {dag.py:3696} INFO - Setting next_dagrun for daily_crypto_lstm_pipeline to 2026-06-17T17:02:00+00:00, run_after=2026-06-18T17:02:00+00:00
[2026-06-18T14:00:51.273+0000] {processor.py:179} INFO - Processing /opt/airflow/dags/binance_daily_dag.py took 2.538 seconds
[2026-06-18T14:01:21.472+0000] {processor.py:157} INFO - Started process (PID=6227) to work on /opt/airflow/dags/binance_daily_dag.py
[2026-06-18T14:01:21.473+0000] {processor.py:829} INFO - Processing file /opt/airflow/dags/binance_daily_dag.py for tasks to queue
[2026-06-18T14:01:21.474+0000] {logging_mixin.py:151} INFO - [2026-06-18T14:01:21.474+0000] {dagbag.py:539} INFO - Filling up the DagBag from /opt/airflow/dags/binance_daily_dag.py
[2026-06-18T14:01:24.088+0000] {processor.py:839} INFO - DAG(s) dict_keys(['daily_crypto_lstm_pipeline']) retrieved from /opt/airflow/dags/binance_daily_dag.py
[2026-06-18T14:01:24.110+0000] {logging_mixin.py:151} INFO - [2026-06-18T14:01:24.109+0000] {dag.py:2915} INFO - Sync 1 DAGs
[2026-06-18T14:01:24.131+0000] {logging_mixin.py:151} INFO - [2026-06-18T14:01:24.131+0000] {dag.py:3696} INFO - Setting next_dagrun for daily_crypto_lstm_pipeline to 2026-06-17T17:02:00+00:00, run_after=2026-06-18T17:02:00+00:00
[2026-06-18T14:01:24.190+0000] {processor.py:179} INFO - Processing /opt/airflow/dags/binance_daily_dag.py took 2.722 seconds
[2026-06-18T14:01:54.857+0000] {processor.py:157} INFO - Started process (PID=6267) to work on /opt/airflow/dags/binance_daily_dag.py
[2026-06-18T14:01:54.858+0000] {processor.py:829} INFO - Processing file /opt/airflow/dags/binance_daily_dag.py for tasks to queue
[2026-06-18T14:01:54.860+0000] {logging_mixin.py:151} INFO - [2026-06-18T14:01:54.859+0000] {dagbag.py:539} INFO - Filling up the DagBag from /opt/airflow/dags/binance_daily_dag.py
[2026-06-18T14:01:57.650+0000] {processor.py:839} INFO - DAG(s) dict_keys(['daily_crypto_lstm_pipeline']) retrieved from /opt/airflow/dags/binance_daily_dag.py
[2026-06-18T14:01:57.676+0000] {logging_mixin.py:151} INFO - [2026-06-18T14:01:57.675+0000] {dag.py:2915} INFO - Sync 1 DAGs
[2026-06-18T14:01:57.700+0000] {logging_mixin.py:151} INFO - [2026-06-18T14:01:57.700+0000] {dag.py:3696} INFO - Setting next_dagrun for daily_crypto_lstm_pipeline to 2026-06-17T17:02:00+00:00, run_after=2026-06-18T17:02:00+00:00
[2026-06-18T14:01:57.762+0000] {processor.py:179} INFO - Processing /opt/airflow/dags/binance_daily_dag.py took 2.908 seconds
[2026-06-18T14:02:28.045+0000] {processor.py:157} INFO - Started process (PID=6300) to work on /opt/airflow/dags/binance_daily_dag.py
[2026-06-18T14:02:28.061+0000] {processor.py:829} INFO - Processing file /opt/airflow/dags/binance_daily_dag.py for tasks to queue
[2026-06-18T14:02:28.065+0000] {logging_mixin.py:151} INFO - [2026-06-18T14:02:28.064+0000] {dagbag.py:539} INFO - Filling up the DagBag from /opt/airflow/dags/binance_daily_dag.py
[2026-06-18T14:02:30.675+0000] {processor.py:839} INFO - DAG(s) dict_keys(['daily_crypto_lstm_pipeline']) retrieved from /opt/airflow/dags/binance_daily_dag.py
[2026-06-18T14:02:30.699+0000] {logging_mixin.py:151} INFO - [2026-06-18T14:02:30.699+0000] {dag.py:2915} INFO - Sync 1 DAGs
[2026-06-18T14:02:30.720+0000] {logging_mixin.py:151} INFO - [2026-06-18T14:02:30.720+0000] {dag.py:3696} INFO - Setting next_dagrun for daily_crypto_lstm_pipeline to 2026-06-17T17:02:00+00:00, run_after=2026-06-18T17:02:00+00:00
[2026-06-18T14:02:30.742+0000] {processor.py:179} INFO - Processing /opt/airflow/dags/binance_daily_dag.py took 2.703 seconds
[2026-06-18T14:03:01.781+0000] {processor.py:157} INFO - Started process (PID=6333) to work on /opt/airflow/dags/binance_daily_dag.py
[2026-06-18T14:03:01.782+0000] {processor.py:829} INFO - Processing file /opt/airflow/dags/binance_daily_dag.py for tasks to queue
[2026-06-18T14:03:01.783+0000] {logging_mixin.py:151} INFO - [2026-06-18T14:03:01.783+0000] {dagbag.py:539} INFO - Filling up the DagBag from /opt/airflow/dags/binance_daily_dag.py
[2026-06-18T14:03:04.947+0000] {processor.py:839} INFO - DAG(s) dict_keys(['daily_crypto_lstm_pipeline']) retrieved from /opt/airflow/dags/binance_daily_dag.py
[2026-06-18T14:03:04.974+0000] {logging_mixin.py:151} INFO - [2026-06-18T14:03:04.974+0000] {dag.py:2915} INFO - Sync 1 DAGs
[2026-06-18T14:03:04.998+0000] {logging_mixin.py:151} INFO - [2026-06-18T14:03:04.997+0000] {dag.py:3696} INFO - Setting next_dagrun for daily_crypto_lstm_pipeline to 2026-06-17T17:02:00+00:00, run_after=2026-06-18T17:02:00+00:00
[2026-06-18T14:03:05.022+0000] {processor.py:179} INFO - Processing /opt/airflow/dags/binance_daily_dag.py took 3.245 seconds
[2026-06-18T14:03:35.639+0000] {processor.py:157} INFO - Started process (PID=6366) to work on /opt/airflow/dags/binance_daily_dag.py
[2026-06-18T14:03:35.640+0000] {processor.py:829} INFO - Processing file /opt/airflow/dags/binance_daily_dag.py for tasks to queue
[2026-06-18T14:03:35.641+0000] {logging_mixin.py:151} INFO - [2026-06-18T14:03:35.641+0000] {dagbag.py:539} INFO - Filling up the DagBag from /opt/airflow/dags/binance_daily_dag.py
[2026-06-18T14:03:38.287+0000] {processor.py:839} INFO - DAG(s) dict_keys(['daily_crypto_lstm_pipeline']) retrieved from /opt/airflow/dags/binance_daily_dag.py
[2026-06-18T14:03:38.314+0000] {logging_mixin.py:151} INFO - [2026-06-18T14:03:38.313+0000] {dag.py:2915} INFO - Sync 1 DAGs
[2026-06-18T14:03:38.337+0000] {logging_mixin.py:151} INFO - [2026-06-18T14:03:38.336+0000] {dag.py:3696} INFO - Setting next_dagrun for daily_crypto_lstm_pipeline to 2026-06-17T17:02:00+00:00, run_after=2026-06-18T17:02:00+00:00
[2026-06-18T14:03:38.358+0000] {processor.py:179} INFO - Processing /opt/airflow/dags/binance_daily_dag.py took 2.722 seconds
[2026-06-18T14:04:08.554+0000] {processor.py:157} INFO - Started process (PID=6399) to work on /opt/airflow/dags/binance_daily_dag.py
[2026-06-18T14:04:08.555+0000] {processor.py:829} INFO - Processing file /opt/airflow/dags/binance_daily_dag.py for tasks to queue
[2026-06-18T14:04:08.556+0000] {logging_mixin.py:151} INFO - [2026-06-18T14:04:08.556+0000] {dagbag.py:539} INFO - Filling up the DagBag from /opt/airflow/dags/binance_daily_dag.py
[2026-06-18T14:04:11.112+0000] {processor.py:839} INFO - DAG(s) dict_keys(['daily_crypto_lstm_pipeline']) retrieved from /opt/airflow/dags/binance_daily_dag.py
[2026-06-18T14:04:11.136+0000] {logging_mixin.py:151} INFO - [2026-06-18T14:04:11.135+0000] {dag.py:2915} INFO - Sync 1 DAGs
[2026-06-18T14:04:11.155+0000] {logging_mixin.py:151} INFO - [2026-06-18T14:04:11.155+0000] {dag.py:3696} INFO - Setting next_dagrun for daily_crypto_lstm_pipeline to 2026-06-17T17:02:00+00:00, run_after=2026-06-18T17:02:00+00:00
[2026-06-18T14:04:11.175+0000] {processor.py:179} INFO - Processing /opt/airflow/dags/binance_daily_dag.py took 2.624 seconds
[2026-06-18T14:04:41.440+0000] {processor.py:157} INFO - Started process (PID=6432) to work on /opt/airflow/dags/binance_daily_dag.py
[2026-06-18T14:04:41.443+0000] {processor.py:829} INFO - Processing file /opt/airflow/dags/binance_daily_dag.py for tasks to queue
[2026-06-18T14:04:41.446+0000] {logging_mixin.py:151} INFO - [2026-06-18T14:04:41.445+0000] {dagbag.py:539} INFO - Filling up the DagBag from /opt/airflow/dags/binance_daily_dag.py
[2026-06-18T14:04:44.517+0000] {processor.py:839} INFO - DAG(s) dict_keys(['daily_crypto_lstm_pipeline']) retrieved from /opt/airflow/dags/binance_daily_dag.py
[2026-06-18T14:04:44.537+0000] {logging_mixin.py:151} INFO - [2026-06-18T14:04:44.537+0000] {dag.py:2915} INFO - Sync 1 DAGs
[2026-06-18T14:04:44.560+0000] {logging_mixin.py:151} INFO - [2026-06-18T14:04:44.560+0000] {dag.py:3696} INFO - Setting next_dagrun for daily_crypto_lstm_pipeline to 2026-06-17T17:02:00+00:00, run_after=2026-06-18T17:02:00+00:00
[2026-06-18T14:04:44.621+0000] {processor.py:179} INFO - Processing /opt/airflow/dags/binance_daily_dag.py took 3.192 seconds
[2026-06-18T14:05:14.753+0000] {processor.py:157} INFO - Started process (PID=6465) to work on /opt/airflow/dags/binance_daily_dag.py
[2026-06-18T14:05:14.754+0000] {processor.py:829} INFO - Processing file /opt/airflow/dags/binance_daily_dag.py for tasks to queue
[2026-06-18T14:05:14.755+0000] {logging_mixin.py:151} INFO - [2026-06-18T14:05:14.755+0000] {dagbag.py:539} INFO - Filling up the DagBag from /opt/airflow/dags/binance_daily_dag.py
[2026-06-18T14:05:18.772+0000] {processor.py:839} INFO - DAG(s) dict_keys(['daily_crypto_lstm_pipeline']) retrieved from /opt/airflow/dags/binance_daily_dag.py
[2026-06-18T14:05:18.804+0000] {logging_mixin.py:151} INFO - [2026-06-18T14:05:18.803+0000] {dag.py:2915} INFO - Sync 1 DAGs
[2026-06-18T14:05:18.824+0000] {logging_mixin.py:151} INFO - [2026-06-18T14:05:18.824+0000] {dag.py:3696} INFO - Setting next_dagrun for daily_crypto_lstm_pipeline to 2026-06-17T17:02:00+00:00, run_after=2026-06-18T17:02:00+00:00
[2026-06-18T14:05:18.882+0000] {processor.py:179} INFO - Processing /opt/airflow/dags/binance_daily_dag.py took 4.133 seconds
[2026-06-18T14:05:49.364+0000] {processor.py:157} INFO - Started process (PID=6503) to work on /opt/airflow/dags/binance_daily_dag.py
[2026-06-18T14:05:49.365+0000] {processor.py:829} INFO - Processing file /opt/airflow/dags/binance_daily_dag.py for tasks to queue
[2026-06-18T14:05:49.366+0000] {logging_mixin.py:151} INFO - [2026-06-18T14:05:49.366+0000] {dagbag.py:539} INFO - Filling up the DagBag from /opt/airflow/dags/binance_daily_dag.py
[2026-06-18T14:05:51.634+0000] {processor.py:839} INFO - DAG(s) dict_keys(['daily_crypto_lstm_pipeline']) retrieved from /opt/airflow/dags/binance_daily_dag.py
[2026-06-18T14:05:51.654+0000] {logging_mixin.py:151} INFO - [2026-06-18T14:05:51.653+0000] {dag.py:2915} INFO - Sync 1 DAGs
[2026-06-18T14:05:51.672+0000] {logging_mixin.py:151} INFO - [2026-06-18T14:05:51.671+0000] {dag.py:3696} INFO - Setting next_dagrun for daily_crypto_lstm_pipeline to 2026-06-17T17:02:00+00:00, run_after=2026-06-18T17:02:00+00:00
[2026-06-18T14:05:51.732+0000] {processor.py:179} INFO - Processing /opt/airflow/dags/binance_daily_dag.py took 2.372 seconds
[2026-06-18T14:06:22.105+0000] {processor.py:157} INFO - Started process (PID=6536) to work on /opt/airflow/dags/binance_daily_dag.py
[2026-06-18T14:06:22.106+0000] {processor.py:829} INFO - Processing file /opt/airflow/dags/binance_daily_dag.py for tasks to queue
[2026-06-18T14:06:22.107+0000] {logging_mixin.py:151} INFO - [2026-06-18T14:06:22.107+0000] {dagbag.py:539} INFO - Filling up the DagBag from /opt/airflow/dags/binance_daily_dag.py
[2026-06-18T14:06:24.628+0000] {processor.py:839} INFO - DAG(s) dict_keys(['daily_crypto_lstm_pipeline']) retrieved from /opt/airflow/dags/binance_daily_dag.py
[2026-06-18T14:06:24.652+0000] {logging_mixin.py:151} INFO - [2026-06-18T14:06:24.652+0000] {dag.py:2915} INFO - Sync 1 DAGs
[2026-06-18T14:06:24.675+0000] {logging_mixin.py:151} INFO - [2026-06-18T14:06:24.675+0000] {dag.py:3696} INFO - Setting next_dagrun for daily_crypto_lstm_pipeline to 2026-06-17T17:02:00+00:00, run_after=2026-06-18T17:02:00+00:00
[2026-06-18T14:06:24.694+0000] {processor.py:179} INFO - Processing /opt/airflow/dags/binance_daily_dag.py took 2.595 seconds
[2026-06-18T14:06:55.230+0000] {processor.py:157} INFO - Started process (PID=6569) to work on /opt/airflow/dags/binance_daily_dag.py
[2026-06-18T14:06:55.231+0000] {processor.py:829} INFO - Processing file /opt/airflow/dags/binance_daily_dag.py for tasks to queue
[2026-06-18T14:06:55.232+0000] {logging_mixin.py:151} INFO - [2026-06-18T14:06:55.232+0000] {dagbag.py:539} INFO - Filling up the DagBag from /opt/airflow/dags/binance_daily_dag.py
[2026-06-18T14:06:57.746+0000] {processor.py:839} INFO - DAG(s) dict_keys(['daily_crypto_lstm_pipeline']) retrieved from /opt/airflow/dags/binance_daily_dag.py
[2026-06-18T14:06:57.769+0000] {logging_mixin.py:151} INFO - [2026-06-18T14:06:57.768+0000] {dag.py:2915} INFO - Sync 1 DAGs
[2026-06-18T14:06:57.788+0000] {logging_mixin.py:151} INFO - [2026-06-18T14:06:57.788+0000] {dag.py:3696} INFO - Setting next_dagrun for daily_crypto_lstm_pipeline to 2026-06-17T17:02:00+00:00, run_after=2026-06-18T17:02:00+00:00
[2026-06-18T14:06:57.813+0000] {processor.py:179} INFO - Processing /opt/airflow/dags/binance_daily_dag.py took 2.587 seconds
[2026-06-18T14:07:28.135+0000] {processor.py:157} INFO - Started process (PID=6609) to work on /opt/airflow/dags/binance_daily_dag.py
[2026-06-18T14:07:28.136+0000] {processor.py:829} INFO - Processing file /opt/airflow/dags/binance_daily_dag.py for tasks to queue
[2026-06-18T14:07:28.137+0000] {logging_mixin.py:151} INFO - [2026-06-18T14:07:28.137+0000] {dagbag.py:539} INFO - Filling up the DagBag from /opt/airflow/dags/binance_daily_dag.py
[2026-06-18T14:07:31.026+0000] {processor.py:839} INFO - DAG(s) dict_keys(['daily_crypto_lstm_pipeline']) retrieved from /opt/airflow/dags/binance_daily_dag.py
[2026-06-18T14:07:31.050+0000] {logging_mixin.py:151} INFO - [2026-06-18T14:07:31.049+0000] {dag.py:2915} INFO - Sync 1 DAGs
[2026-06-18T14:07:31.073+0000] {logging_mixin.py:151} INFO - [2026-06-18T14:07:31.073+0000] {dag.py:3696} INFO - Setting next_dagrun for daily_crypto_lstm_pipeline to 2026-06-17T17:02:00+00:00, run_after=2026-06-18T17:02:00+00:00
[2026-06-18T14:07:31.092+0000] {processor.py:179} INFO - Processing /opt/airflow/dags/binance_daily_dag.py took 2.961 seconds
[2026-06-18T14:07:47.123+0000] {processor.py:157} INFO - Started process (PID=6630) to work on /opt/airflow/dags/binance_daily_dag.py
[2026-06-18T14:07:47.125+0000] {processor.py:829} INFO - Processing file /opt/airflow/dags/binance_daily_dag.py for tasks to queue
[2026-06-18T14:07:47.126+0000] {logging_mixin.py:151} INFO - [2026-06-18T14:07:47.126+0000] {dagbag.py:539} INFO - Filling up the DagBag from /opt/airflow/dags/binance_daily_dag.py
[2026-06-18T14:07:50.133+0000] {processor.py:839} INFO - DAG(s) dict_keys(['daily_crypto_lstm_pipeline']) retrieved from /opt/airflow/dags/binance_daily_dag.py
[2026-06-18T14:07:50.290+0000] {logging_mixin.py:151} INFO - [2026-06-18T14:07:50.290+0000] {security.py:708} INFO - Not syncing DAG-level permissions for DAG 'DAG:daily_crypto_lstm_pipeline' as access control is unset.
[2026-06-18T14:07:50.291+0000] {logging_mixin.py:151} INFO - [2026-06-18T14:07:50.291+0000] {dag.py:2915} INFO - Sync 1 DAGs
[2026-06-18T14:07:50.314+0000] {logging_mixin.py:151} INFO - [2026-06-18T14:07:50.314+0000] {dag.py:3696} INFO - Setting next_dagrun for daily_crypto_lstm_pipeline to 2026-06-17T00:02:00+00:00, run_after=2026-06-18T00:02:00+00:00
[2026-06-18T14:07:50.384+0000] {processor.py:179} INFO - Processing /opt/airflow/dags/binance_daily_dag.py took 3.265 seconds
[2026-06-18T14:08:21.328+0000] {processor.py:157} INFO - Started process (PID=6695) to work on /opt/airflow/dags/binance_daily_dag.py
[2026-06-18T14:08:21.329+0000] {processor.py:829} INFO - Processing file /opt/airflow/dags/binance_daily_dag.py for tasks to queue
[2026-06-18T14:08:21.331+0000] {logging_mixin.py:151} INFO - [2026-06-18T14:08:21.330+0000] {dagbag.py:539} INFO - Filling up the DagBag from /opt/airflow/dags/binance_daily_dag.py
[2026-06-18T14:08:23.987+0000] {processor.py:839} INFO - DAG(s) dict_keys(['daily_crypto_lstm_pipeline']) retrieved from /opt/airflow/dags/binance_daily_dag.py
[2026-06-18T14:08:24.014+0000] {logging_mixin.py:151} INFO - [2026-06-18T14:08:24.013+0000] {dag.py:2915} INFO - Sync 1 DAGs
[2026-06-18T14:08:24.041+0000] {logging_mixin.py:151} INFO - [2026-06-18T14:08:24.041+0000] {dag.py:3696} INFO - Setting next_dagrun for daily_crypto_lstm_pipeline to 2026-06-18T00:02:00+00:00, run_after=2026-06-19T00:02:00+00:00
[2026-06-18T14:08:24.102+0000] {processor.py:179} INFO - Processing /opt/airflow/dags/binance_daily_dag.py took 2.780 seconds
[2026-06-18T14:08:54.699+0000] {processor.py:157} INFO - Started process (PID=6728) to work on /opt/airflow/dags/binance_daily_dag.py
[2026-06-18T14:08:54.700+0000] {processor.py:829} INFO - Processing file /opt/airflow/dags/binance_daily_dag.py for tasks to queue
[2026-06-18T14:08:54.701+0000] {logging_mixin.py:151} INFO - [2026-06-18T14:08:54.701+0000] {dagbag.py:539} INFO - Filling up the DagBag from /opt/airflow/dags/binance_daily_dag.py
[2026-06-18T14:08:57.430+0000] {processor.py:839} INFO - DAG(s) dict_keys(['daily_crypto_lstm_pipeline']) retrieved from /opt/airflow/dags/binance_daily_dag.py
[2026-06-18T14:08:57.451+0000] {logging_mixin.py:151} INFO - [2026-06-18T14:08:57.451+0000] {dag.py:2915} INFO - Sync 1 DAGs
[2026-06-18T14:08:57.470+0000] {logging_mixin.py:151} INFO - [2026-06-18T14:08:57.470+0000] {dag.py:3696} INFO - Setting next_dagrun for daily_crypto_lstm_pipeline to 2026-06-18T00:02:00+00:00, run_after=2026-06-19T00:02:00+00:00
[2026-06-18T14:08:57.528+0000] {processor.py:179} INFO - Processing /opt/airflow/dags/binance_daily_dag.py took 2.832 seconds
[2026-06-18T14:09:27.623+0000] {processor.py:157} INFO - Started process (PID=6767) to work on /opt/airflow/dags/binance_daily_dag.py
[2026-06-18T14:09:27.624+0000] {processor.py:829} INFO - Processing file /opt/airflow/dags/binance_daily_dag.py for tasks to queue
[2026-06-18T14:09:27.625+0000] {logging_mixin.py:151} INFO - [2026-06-18T14:09:27.625+0000] {dagbag.py:539} INFO - Filling up the DagBag from /opt/airflow/dags/binance_daily_dag.py
[2026-06-18T14:09:30.342+0000] {processor.py:839} INFO - DAG(s) dict_keys(['daily_crypto_lstm_pipeline']) retrieved from /opt/airflow/dags/binance_daily_dag.py
[2026-06-18T14:09:30.361+0000] {logging_mixin.py:151} INFO - [2026-06-18T14:09:30.361+0000] {dag.py:2915} INFO - Sync 1 DAGs
[2026-06-18T14:09:30.382+0000] {logging_mixin.py:151} INFO - [2026-06-18T14:09:30.382+0000] {dag.py:3696} INFO - Setting next_dagrun for daily_crypto_lstm_pipeline to 2026-06-18T00:02:00+00:00, run_after=2026-06-19T00:02:00+00:00
[2026-06-18T14:09:30.443+0000] {processor.py:179} INFO - Processing /opt/airflow/dags/binance_daily_dag.py took 2.824 seconds
[2026-06-18T14:10:00.775+0000] {processor.py:157} INFO - Started process (PID=6800) to work on /opt/airflow/dags/binance_daily_dag.py
[2026-06-18T14:10:00.777+0000] {processor.py:829} INFO - Processing file /opt/airflow/dags/binance_daily_dag.py for tasks to queue
[2026-06-18T14:10:00.778+0000] {logging_mixin.py:151} INFO - [2026-06-18T14:10:00.778+0000] {dagbag.py:539} INFO - Filling up the DagBag from /opt/airflow/dags/binance_daily_dag.py
[2026-06-18T14:10:03.715+0000] {processor.py:839} INFO - DAG(s) dict_keys(['daily_crypto_lstm_pipeline']) retrieved from /opt/airflow/dags/binance_daily_dag.py
[2026-06-18T14:10:03.742+0000] {logging_mixin.py:151} INFO - [2026-06-18T14:10:03.742+0000] {dag.py:2915} INFO - Sync 1 DAGs
[2026-06-18T14:10:03.767+0000] {logging_mixin.py:151} INFO - [2026-06-18T14:10:03.767+0000] {dag.py:3696} INFO - Setting next_dagrun for daily_crypto_lstm_pipeline to 2026-06-18T00:02:00+00:00, run_after=2026-06-19T00:02:00+00:00
[2026-06-18T14:10:03.808+0000] {processor.py:179} INFO - Processing /opt/airflow/dags/binance_daily_dag.py took 3.038 seconds
[2026-06-18T14:10:11.857+0000] {processor.py:157} INFO - Started process (PID=6807) to work on /opt/airflow/dags/binance_daily_dag.py
[2026-06-18T14:10:11.858+0000] {processor.py:829} INFO - Processing file /opt/airflow/dags/binance_daily_dag.py for tasks to queue
[2026-06-18T14:10:11.858+0000] {logging_mixin.py:151} INFO - [2026-06-18T14:10:11.858+0000] {dagbag.py:539} INFO - Filling up the DagBag from /opt/airflow/dags/binance_daily_dag.py
[2026-06-18T14:10:14.637+0000] {logging_mixin.py:151} INFO - [2026-06-18T14:10:14.634+0000] {dagbag.py:347} ERROR - Failed to import: /opt/airflow/dags/binance_daily_dag.py
Traceback (most recent call last):
  File "/home/airflow/.local/lib/python3.10/site-packages/airflow/models/dagbag.py", line 343, in parse
    loader.exec_module(new_module)
  File "<frozen importlib._bootstrap_external>", line 883, in exec_module
  File "<frozen importlib._bootstrap>", line 241, in _call_with_frames_removed
  File "/opt/airflow/dags/binance_daily_dag.py", line 10, in <module>
    local_tz = pendulum.timezone("Asia/Ho_Chi_Minh")
NameError: name 'pendulum' is not defined
[2026-06-18T14:10:14.640+0000] {processor.py:841} WARNING - No viable dags retrieved from /opt/airflow/dags/binance_daily_dag.py
[2026-06-18T14:10:14.661+0000] {processor.py:179} INFO - Processing /opt/airflow/dags/binance_daily_dag.py took 2.809 seconds
[2026-06-18T14:10:44.986+0000] {processor.py:157} INFO - Started process (PID=6840) to work on /opt/airflow/dags/binance_daily_dag.py
[2026-06-18T14:10:44.988+0000] {processor.py:829} INFO - Processing file /opt/airflow/dags/binance_daily_dag.py for tasks to queue
[2026-06-18T14:10:44.989+0000] {logging_mixin.py:151} INFO - [2026-06-18T14:10:44.989+0000] {dagbag.py:539} INFO - Filling up the DagBag from /opt/airflow/dags/binance_daily_dag.py
[2026-06-18T14:10:47.322+0000] {logging_mixin.py:151} INFO - [2026-06-18T14:10:47.318+0000] {dagbag.py:347} ERROR - Failed to import: /opt/airflow/dags/binance_daily_dag.py
Traceback (most recent call last):
  File "/home/airflow/.local/lib/python3.10/site-packages/airflow/models/dagbag.py", line 343, in parse
    loader.exec_module(new_module)
  File "<frozen importlib._bootstrap_external>", line 883, in exec_module
  File "<frozen importlib._bootstrap>", line 241, in _call_with_frames_removed
  File "/opt/airflow/dags/binance_daily_dag.py", line 10, in <module>
    local_tz = pendulum.timezone("Asia/Ho_Chi_Minh")
NameError: name 'pendulum' is not defined
[2026-06-18T14:10:47.325+0000] {processor.py:841} WARNING - No viable dags retrieved from /opt/airflow/dags/binance_daily_dag.py
[2026-06-18T14:10:47.351+0000] {processor.py:179} INFO - Processing /opt/airflow/dags/binance_daily_dag.py took 2.367 seconds
[2026-06-18T14:11:18.409+0000] {processor.py:157} INFO - Started process (PID=6873) to work on /opt/airflow/dags/binance_daily_dag.py
[2026-06-18T14:11:18.410+0000] {processor.py:829} INFO - Processing file /opt/airflow/dags/binance_daily_dag.py for tasks to queue
[2026-06-18T14:11:18.411+0000] {logging_mixin.py:151} INFO - [2026-06-18T14:11:18.411+0000] {dagbag.py:539} INFO - Filling up the DagBag from /opt/airflow/dags/binance_daily_dag.py
[2026-06-18T14:11:20.894+0000] {logging_mixin.py:151} INFO - [2026-06-18T14:11:20.891+0000] {dagbag.py:347} ERROR - Failed to import: /opt/airflow/dags/binance_daily_dag.py
Traceback (most recent call last):
  File "/home/airflow/.local/lib/python3.10/site-packages/airflow/models/dagbag.py", line 343, in parse
    loader.exec_module(new_module)
  File "<frozen importlib._bootstrap_external>", line 883, in exec_module
  File "<frozen importlib._bootstrap>", line 241, in _call_with_frames_removed
  File "/opt/airflow/dags/binance_daily_dag.py", line 10, in <module>
    local_tz = pendulum.timezone("Asia/Ho_Chi_Minh")
NameError: name 'pendulum' is not defined
[2026-06-18T14:11:20.898+0000] {processor.py:841} WARNING - No viable dags retrieved from /opt/airflow/dags/binance_daily_dag.py
[2026-06-18T14:11:20.915+0000] {processor.py:179} INFO - Processing /opt/airflow/dags/binance_daily_dag.py took 2.509 seconds
[2026-06-18T14:11:51.589+0000] {processor.py:157} INFO - Started process (PID=6906) to work on /opt/airflow/dags/binance_daily_dag.py
[2026-06-18T14:11:51.591+0000] {processor.py:829} INFO - Processing file /opt/airflow/dags/binance_daily_dag.py for tasks to queue
[2026-06-18T14:11:51.592+0000] {logging_mixin.py:151} INFO - [2026-06-18T14:11:51.591+0000] {dagbag.py:539} INFO - Filling up the DagBag from /opt/airflow/dags/binance_daily_dag.py
[2026-06-18T14:11:54.780+0000] {logging_mixin.py:151} INFO - [2026-06-18T14:11:54.777+0000] {dagbag.py:347} ERROR - Failed to import: /opt/airflow/dags/binance_daily_dag.py
Traceback (most recent call last):
  File "/home/airflow/.local/lib/python3.10/site-packages/airflow/models/dagbag.py", line 343, in parse
    loader.exec_module(new_module)
  File "<frozen importlib._bootstrap_external>", line 883, in exec_module
  File "<frozen importlib._bootstrap>", line 241, in _call_with_frames_removed
  File "/opt/airflow/dags/binance_daily_dag.py", line 10, in <module>
    local_tz = pendulum.timezone("Asia/Ho_Chi_Minh")
NameError: name 'pendulum' is not defined
[2026-06-18T14:11:54.782+0000] {processor.py:841} WARNING - No viable dags retrieved from /opt/airflow/dags/binance_daily_dag.py
[2026-06-18T14:11:54.803+0000] {processor.py:179} INFO - Processing /opt/airflow/dags/binance_daily_dag.py took 3.219 seconds
[2026-06-18T14:12:24.956+0000] {processor.py:157} INFO - Started process (PID=6944) to work on /opt/airflow/dags/binance_daily_dag.py
[2026-06-18T14:12:24.957+0000] {processor.py:829} INFO - Processing file /opt/airflow/dags/binance_daily_dag.py for tasks to queue
[2026-06-18T14:12:24.958+0000] {logging_mixin.py:151} INFO - [2026-06-18T14:12:24.958+0000] {dagbag.py:539} INFO - Filling up the DagBag from /opt/airflow/dags/binance_daily_dag.py
[2026-06-18T14:12:27.388+0000] {logging_mixin.py:151} INFO - [2026-06-18T14:12:27.383+0000] {dagbag.py:347} ERROR - Failed to import: /opt/airflow/dags/binance_daily_dag.py
Traceback (most recent call last):
  File "/home/airflow/.local/lib/python3.10/site-packages/airflow/models/dagbag.py", line 343, in parse
    loader.exec_module(new_module)
  File "<frozen importlib._bootstrap_external>", line 883, in exec_module
  File "<frozen importlib._bootstrap>", line 241, in _call_with_frames_removed
  File "/opt/airflow/dags/binance_daily_dag.py", line 10, in <module>
    local_tz = pendulum.timezone("Asia/Ho_Chi_Minh")
NameError: name 'pendulum' is not defined
[2026-06-18T14:12:27.393+0000] {processor.py:841} WARNING - No viable dags retrieved from /opt/airflow/dags/binance_daily_dag.py
[2026-06-18T14:12:27.420+0000] {processor.py:179} INFO - Processing /opt/airflow/dags/binance_daily_dag.py took 2.467 seconds
[2026-06-18T14:12:58.454+0000] {processor.py:157} INFO - Started process (PID=6984) to work on /opt/airflow/dags/binance_daily_dag.py
[2026-06-18T14:12:58.456+0000] {processor.py:829} INFO - Processing file /opt/airflow/dags/binance_daily_dag.py for tasks to queue
[2026-06-18T14:12:58.456+0000] {logging_mixin.py:151} INFO - [2026-06-18T14:12:58.456+0000] {dagbag.py:539} INFO - Filling up the DagBag from /opt/airflow/dags/binance_daily_dag.py
[2026-06-18T14:13:01.309+0000] {logging_mixin.py:151} INFO - [2026-06-18T14:13:01.304+0000] {dagbag.py:347} ERROR - Failed to import: /opt/airflow/dags/binance_daily_dag.py
Traceback (most recent call last):
  File "/home/airflow/.local/lib/python3.10/site-packages/airflow/models/dagbag.py", line 343, in parse
    loader.exec_module(new_module)
  File "<frozen importlib._bootstrap_external>", line 883, in exec_module
  File "<frozen importlib._bootstrap>", line 241, in _call_with_frames_removed
  File "/opt/airflow/dags/binance_daily_dag.py", line 10, in <module>
    local_tz = pendulum.timezone("Asia/Ho_Chi_Minh")
NameError: name 'pendulum' is not defined
[2026-06-18T14:13:01.313+0000] {processor.py:841} WARNING - No viable dags retrieved from /opt/airflow/dags/binance_daily_dag.py
[2026-06-18T14:13:01.375+0000] {processor.py:179} INFO - Processing /opt/airflow/dags/binance_daily_dag.py took 2.925 seconds
[2026-06-18T14:13:31.825+0000] {processor.py:157} INFO - Started process (PID=7017) to work on /opt/airflow/dags/binance_daily_dag.py
[2026-06-18T14:13:31.826+0000] {processor.py:829} INFO - Processing file /opt/airflow/dags/binance_daily_dag.py for tasks to queue
[2026-06-18T14:13:31.827+0000] {logging_mixin.py:151} INFO - [2026-06-18T14:13:31.826+0000] {dagbag.py:539} INFO - Filling up the DagBag from /opt/airflow/dags/binance_daily_dag.py
[2026-06-18T14:13:34.328+0000] {logging_mixin.py:151} INFO - [2026-06-18T14:13:34.325+0000] {dagbag.py:347} ERROR - Failed to import: /opt/airflow/dags/binance_daily_dag.py
Traceback (most recent call last):
  File "/home/airflow/.local/lib/python3.10/site-packages/airflow/models/dagbag.py", line 343, in parse
    loader.exec_module(new_module)
  File "<frozen importlib._bootstrap_external>", line 883, in exec_module
  File "<frozen importlib._bootstrap>", line 241, in _call_with_frames_removed
  File "/opt/airflow/dags/binance_daily_dag.py", line 10, in <module>
    local_tz = pendulum.timezone("Asia/Ho_Chi_Minh")
NameError: name 'pendulum' is not defined
[2026-06-18T14:13:34.331+0000] {processor.py:841} WARNING - No viable dags retrieved from /opt/airflow/dags/binance_daily_dag.py
[2026-06-18T14:13:34.392+0000] {processor.py:179} INFO - Processing /opt/airflow/dags/binance_daily_dag.py took 2.570 seconds
[2026-06-18T14:14:05.030+0000] {processor.py:157} INFO - Started process (PID=7050) to work on /opt/airflow/dags/binance_daily_dag.py
[2026-06-18T14:14:05.031+0000] {processor.py:829} INFO - Processing file /opt/airflow/dags/binance_daily_dag.py for tasks to queue
[2026-06-18T14:14:05.032+0000] {logging_mixin.py:151} INFO - [2026-06-18T14:14:05.032+0000] {dagbag.py:539} INFO - Filling up the DagBag from /opt/airflow/dags/binance_daily_dag.py
[2026-06-18T14:14:07.720+0000] {logging_mixin.py:151} INFO - [2026-06-18T14:14:07.717+0000] {dagbag.py:347} ERROR - Failed to import: /opt/airflow/dags/binance_daily_dag.py
Traceback (most recent call last):
  File "/home/airflow/.local/lib/python3.10/site-packages/airflow/models/dagbag.py", line 343, in parse
    loader.exec_module(new_module)
  File "<frozen importlib._bootstrap_external>", line 883, in exec_module
  File "<frozen importlib._bootstrap>", line 241, in _call_with_frames_removed
  File "/opt/airflow/dags/binance_daily_dag.py", line 10, in <module>
    local_tz = pendulum.timezone("Asia/Ho_Chi_Minh")
NameError: name 'pendulum' is not defined
[2026-06-18T14:14:07.723+0000] {processor.py:841} WARNING - No viable dags retrieved from /opt/airflow/dags/binance_daily_dag.py
[2026-06-18T14:14:07.747+0000] {processor.py:179} INFO - Processing /opt/airflow/dags/binance_daily_dag.py took 2.720 seconds
[2026-06-18T14:14:38.382+0000] {processor.py:157} INFO - Started process (PID=7083) to work on /opt/airflow/dags/binance_daily_dag.py
[2026-06-18T14:14:38.383+0000] {processor.py:829} INFO - Processing file /opt/airflow/dags/binance_daily_dag.py for tasks to queue
[2026-06-18T14:14:38.384+0000] {logging_mixin.py:151} INFO - [2026-06-18T14:14:38.384+0000] {dagbag.py:539} INFO - Filling up the DagBag from /opt/airflow/dags/binance_daily_dag.py
[2026-06-18T14:14:40.910+0000] {logging_mixin.py:151} INFO - [2026-06-18T14:14:40.906+0000] {dagbag.py:347} ERROR - Failed to import: /opt/airflow/dags/binance_daily_dag.py
Traceback (most recent call last):
  File "/home/airflow/.local/lib/python3.10/site-packages/airflow/models/dagbag.py", line 343, in parse
    loader.exec_module(new_module)
  File "<frozen importlib._bootstrap_external>", line 883, in exec_module
  File "<frozen importlib._bootstrap>", line 241, in _call_with_frames_removed
  File "/opt/airflow/dags/binance_daily_dag.py", line 10, in <module>
    local_tz = pendulum.timezone("Asia/Ho_Chi_Minh")
NameError: name 'pendulum' is not defined
[2026-06-18T14:14:40.913+0000] {processor.py:841} WARNING - No viable dags retrieved from /opt/airflow/dags/binance_daily_dag.py
[2026-06-18T14:14:40.974+0000] {processor.py:179} INFO - Processing /opt/airflow/dags/binance_daily_dag.py took 2.596 seconds
[2026-06-18T14:15:11.851+0000] {processor.py:157} INFO - Started process (PID=7116) to work on /opt/airflow/dags/binance_daily_dag.py
[2026-06-18T14:15:11.853+0000] {processor.py:829} INFO - Processing file /opt/airflow/dags/binance_daily_dag.py for tasks to queue
[2026-06-18T14:15:11.854+0000] {logging_mixin.py:151} INFO - [2026-06-18T14:15:11.854+0000] {dagbag.py:539} INFO - Filling up the DagBag from /opt/airflow/dags/binance_daily_dag.py
[2026-06-18T14:15:14.468+0000] {logging_mixin.py:151} INFO - [2026-06-18T14:15:14.465+0000] {dagbag.py:347} ERROR - Failed to import: /opt/airflow/dags/binance_daily_dag.py
Traceback (most recent call last):
  File "/home/airflow/.local/lib/python3.10/site-packages/airflow/models/dagbag.py", line 343, in parse
    loader.exec_module(new_module)
  File "<frozen importlib._bootstrap_external>", line 883, in exec_module
  File "<frozen importlib._bootstrap>", line 241, in _call_with_frames_removed
  File "/opt/airflow/dags/binance_daily_dag.py", line 10, in <module>
    local_tz = pendulum.timezone("Asia/Ho_Chi_Minh")
NameError: name 'pendulum' is not defined
[2026-06-18T14:15:14.471+0000] {processor.py:841} WARNING - No viable dags retrieved from /opt/airflow/dags/binance_daily_dag.py
[2026-06-18T14:15:14.491+0000] {processor.py:179} INFO - Processing /opt/airflow/dags/binance_daily_dag.py took 2.644 seconds
[2026-06-18T14:15:44.571+0000] {processor.py:157} INFO - Started process (PID=7149) to work on /opt/airflow/dags/binance_daily_dag.py
[2026-06-18T14:15:44.573+0000] {processor.py:829} INFO - Processing file /opt/airflow/dags/binance_daily_dag.py for tasks to queue
[2026-06-18T14:15:44.574+0000] {logging_mixin.py:151} INFO - [2026-06-18T14:15:44.574+0000] {dagbag.py:539} INFO - Filling up the DagBag from /opt/airflow/dags/binance_daily_dag.py
[2026-06-18T14:15:47.203+0000] {logging_mixin.py:151} INFO - [2026-06-18T14:15:47.200+0000] {dagbag.py:347} ERROR - Failed to import: /opt/airflow/dags/binance_daily_dag.py
Traceback (most recent call last):
  File "/home/airflow/.local/lib/python3.10/site-packages/airflow/models/dagbag.py", line 343, in parse
    loader.exec_module(new_module)
  File "<frozen importlib._bootstrap_external>", line 883, in exec_module
  File "<frozen importlib._bootstrap>", line 241, in _call_with_frames_removed
  File "/opt/airflow/dags/binance_daily_dag.py", line 10, in <module>
    local_tz = pendulum.timezone("Asia/Ho_Chi_Minh")
NameError: name 'pendulum' is not defined
[2026-06-18T14:15:47.207+0000] {processor.py:841} WARNING - No viable dags retrieved from /opt/airflow/dags/binance_daily_dag.py
[2026-06-18T14:15:47.227+0000] {processor.py:179} INFO - Processing /opt/airflow/dags/binance_daily_dag.py took 2.660 seconds
[2026-06-18T14:16:17.412+0000] {processor.py:157} INFO - Started process (PID=7182) to work on /opt/airflow/dags/binance_daily_dag.py
[2026-06-18T14:16:17.414+0000] {processor.py:829} INFO - Processing file /opt/airflow/dags/binance_daily_dag.py for tasks to queue
[2026-06-18T14:16:17.414+0000] {logging_mixin.py:151} INFO - [2026-06-18T14:16:17.414+0000] {dagbag.py:539} INFO - Filling up the DagBag from /opt/airflow/dags/binance_daily_dag.py
[2026-06-18T14:16:19.969+0000] {logging_mixin.py:151} INFO - [2026-06-18T14:16:19.964+0000] {dagbag.py:347} ERROR - Failed to import: /opt/airflow/dags/binance_daily_dag.py
Traceback (most recent call last):
  File "/home/airflow/.local/lib/python3.10/site-packages/airflow/models/dagbag.py", line 343, in parse
    loader.exec_module(new_module)
  File "<frozen importlib._bootstrap_external>", line 883, in exec_module
  File "<frozen importlib._bootstrap>", line 241, in _call_with_frames_removed
  File "/opt/airflow/dags/binance_daily_dag.py", line 10, in <module>
    local_tz = pendulum.timezone("Asia/Ho_Chi_Minh")
NameError: name 'pendulum' is not defined
[2026-06-18T14:16:19.972+0000] {processor.py:841} WARNING - No viable dags retrieved from /opt/airflow/dags/binance_daily_dag.py
[2026-06-18T14:16:19.994+0000] {processor.py:179} INFO - Processing /opt/airflow/dags/binance_daily_dag.py took 2.585 seconds
[2026-06-18T14:16:50.539+0000] {processor.py:157} INFO - Started process (PID=7215) to work on /opt/airflow/dags/binance_daily_dag.py
[2026-06-18T14:16:50.540+0000] {processor.py:829} INFO - Processing file /opt/airflow/dags/binance_daily_dag.py for tasks to queue
[2026-06-18T14:16:50.541+0000] {logging_mixin.py:151} INFO - [2026-06-18T14:16:50.541+0000] {dagbag.py:539} INFO - Filling up the DagBag from /opt/airflow/dags/binance_daily_dag.py
[2026-06-18T14:16:52.884+0000] {logging_mixin.py:151} INFO - [2026-06-18T14:16:52.881+0000] {dagbag.py:347} ERROR - Failed to import: /opt/airflow/dags/binance_daily_dag.py
Traceback (most recent call last):
  File "/home/airflow/.local/lib/python3.10/site-packages/airflow/models/dagbag.py", line 343, in parse
    loader.exec_module(new_module)
  File "<frozen importlib._bootstrap_external>", line 883, in exec_module
  File "<frozen importlib._bootstrap>", line 241, in _call_with_frames_removed
  File "/opt/airflow/dags/binance_daily_dag.py", line 10, in <module>
    local_tz = pendulum.timezone("Asia/Ho_Chi_Minh")
NameError: name 'pendulum' is not defined
[2026-06-18T14:16:52.887+0000] {processor.py:841} WARNING - No viable dags retrieved from /opt/airflow/dags/binance_daily_dag.py
[2026-06-18T14:16:52.925+0000] {processor.py:179} INFO - Processing /opt/airflow/dags/binance_daily_dag.py took 2.388 seconds
[2026-06-18T14:17:23.265+0000] {processor.py:157} INFO - Started process (PID=7248) to work on /opt/airflow/dags/binance_daily_dag.py
[2026-06-18T14:17:23.266+0000] {processor.py:829} INFO - Processing file /opt/airflow/dags/binance_daily_dag.py for tasks to queue
[2026-06-18T14:17:23.267+0000] {logging_mixin.py:151} INFO - [2026-06-18T14:17:23.267+0000] {dagbag.py:539} INFO - Filling up the DagBag from /opt/airflow/dags/binance_daily_dag.py
[2026-06-18T14:17:25.688+0000] {logging_mixin.py:151} INFO - [2026-06-18T14:17:25.685+0000] {dagbag.py:347} ERROR - Failed to import: /opt/airflow/dags/binance_daily_dag.py
Traceback (most recent call last):
  File "/home/airflow/.local/lib/python3.10/site-packages/airflow/models/dagbag.py", line 343, in parse
    loader.exec_module(new_module)
  File "<frozen importlib._bootstrap_external>", line 883, in exec_module
  File "<frozen importlib._bootstrap>", line 241, in _call_with_frames_removed
  File "/opt/airflow/dags/binance_daily_dag.py", line 10, in <module>
    local_tz = pendulum.timezone("Asia/Ho_Chi_Minh")
NameError: name 'pendulum' is not defined
[2026-06-18T14:17:25.692+0000] {processor.py:841} WARNING - No viable dags retrieved from /opt/airflow/dags/binance_daily_dag.py
[2026-06-18T14:17:25.714+0000] {processor.py:179} INFO - Processing /opt/airflow/dags/binance_daily_dag.py took 2.453 seconds
[2026-06-18T14:17:56.720+0000] {processor.py:157} INFO - Started process (PID=7286) to work on /opt/airflow/dags/binance_daily_dag.py
[2026-06-18T14:17:56.721+0000] {processor.py:829} INFO - Processing file /opt/airflow/dags/binance_daily_dag.py for tasks to queue
[2026-06-18T14:17:56.722+0000] {logging_mixin.py:151} INFO - [2026-06-18T14:17:56.722+0000] {dagbag.py:539} INFO - Filling up the DagBag from /opt/airflow/dags/binance_daily_dag.py
[2026-06-18T14:17:59.080+0000] {logging_mixin.py:151} INFO - [2026-06-18T14:17:59.077+0000] {dagbag.py:347} ERROR - Failed to import: /opt/airflow/dags/binance_daily_dag.py
Traceback (most recent call last):
  File "/home/airflow/.local/lib/python3.10/site-packages/airflow/models/dagbag.py", line 343, in parse
    loader.exec_module(new_module)
  File "<frozen importlib._bootstrap_external>", line 883, in exec_module
  File "<frozen importlib._bootstrap>", line 241, in _call_with_frames_removed
  File "/opt/airflow/dags/binance_daily_dag.py", line 10, in <module>
    local_tz = pendulum.timezone("Asia/Ho_Chi_Minh")
NameError: name 'pendulum' is not defined
[2026-06-18T14:17:59.082+0000] {processor.py:841} WARNING - No viable dags retrieved from /opt/airflow/dags/binance_daily_dag.py
[2026-06-18T14:17:59.141+0000] {processor.py:179} INFO - Processing /opt/airflow/dags/binance_daily_dag.py took 2.424 seconds
[2026-06-18T14:18:29.515+0000] {processor.py:157} INFO - Started process (PID=7326) to work on /opt/airflow/dags/binance_daily_dag.py
[2026-06-18T14:18:29.516+0000] {processor.py:829} INFO - Processing file /opt/airflow/dags/binance_daily_dag.py for tasks to queue
[2026-06-18T14:18:29.517+0000] {logging_mixin.py:151} INFO - [2026-06-18T14:18:29.516+0000] {dagbag.py:539} INFO - Filling up the DagBag from /opt/airflow/dags/binance_daily_dag.py
[2026-06-18T14:18:31.774+0000] {logging_mixin.py:151} INFO - [2026-06-18T14:18:31.770+0000] {dagbag.py:347} ERROR - Failed to import: /opt/airflow/dags/binance_daily_dag.py
Traceback (most recent call last):
  File "/home/airflow/.local/lib/python3.10/site-packages/airflow/models/dagbag.py", line 343, in parse
    loader.exec_module(new_module)
  File "<frozen importlib._bootstrap_external>", line 883, in exec_module
  File "<frozen importlib._bootstrap>", line 241, in _call_with_frames_removed
  File "/opt/airflow/dags/binance_daily_dag.py", line 10, in <module>
    local_tz = pendulum.timezone("Asia/Ho_Chi_Minh")
NameError: name 'pendulum' is not defined
[2026-06-18T14:18:31.776+0000] {processor.py:841} WARNING - No viable dags retrieved from /opt/airflow/dags/binance_daily_dag.py
[2026-06-18T14:18:31.800+0000] {processor.py:179} INFO - Processing /opt/airflow/dags/binance_daily_dag.py took 2.289 seconds
[2026-06-18T14:19:02.106+0000] {processor.py:157} INFO - Started process (PID=7359) to work on /opt/airflow/dags/binance_daily_dag.py
[2026-06-18T14:19:02.108+0000] {processor.py:829} INFO - Processing file /opt/airflow/dags/binance_daily_dag.py for tasks to queue
[2026-06-18T14:19:02.110+0000] {logging_mixin.py:151} INFO - [2026-06-18T14:19:02.109+0000] {dagbag.py:539} INFO - Filling up the DagBag from /opt/airflow/dags/binance_daily_dag.py
[2026-06-18T14:19:04.397+0000] {logging_mixin.py:151} INFO - [2026-06-18T14:19:04.394+0000] {dagbag.py:347} ERROR - Failed to import: /opt/airflow/dags/binance_daily_dag.py
Traceback (most recent call last):
  File "/home/airflow/.local/lib/python3.10/site-packages/airflow/models/dagbag.py", line 343, in parse
    loader.exec_module(new_module)
  File "<frozen importlib._bootstrap_external>", line 883, in exec_module
  File "<frozen importlib._bootstrap>", line 241, in _call_with_frames_removed
  File "/opt/airflow/dags/binance_daily_dag.py", line 10, in <module>
    local_tz = pendulum.timezone("Asia/Ho_Chi_Minh")
NameError: name 'pendulum' is not defined
[2026-06-18T14:19:04.400+0000] {processor.py:841} WARNING - No viable dags retrieved from /opt/airflow/dags/binance_daily_dag.py
[2026-06-18T14:19:04.457+0000] {processor.py:179} INFO - Processing /opt/airflow/dags/binance_daily_dag.py took 2.357 seconds
[2026-06-18T14:19:34.574+0000] {processor.py:157} INFO - Started process (PID=7392) to work on /opt/airflow/dags/binance_daily_dag.py
[2026-06-18T14:19:34.575+0000] {processor.py:829} INFO - Processing file /opt/airflow/dags/binance_daily_dag.py for tasks to queue
[2026-06-18T14:19:34.576+0000] {logging_mixin.py:151} INFO - [2026-06-18T14:19:34.576+0000] {dagbag.py:539} INFO - Filling up the DagBag from /opt/airflow/dags/binance_daily_dag.py
[2026-06-18T14:19:37.227+0000] {logging_mixin.py:151} INFO - [2026-06-18T14:19:37.224+0000] {dagbag.py:347} ERROR - Failed to import: /opt/airflow/dags/binance_daily_dag.py
Traceback (most recent call last):
  File "/home/airflow/.local/lib/python3.10/site-packages/airflow/models/dagbag.py", line 343, in parse
    loader.exec_module(new_module)
  File "<frozen importlib._bootstrap_external>", line 883, in exec_module
  File "<frozen importlib._bootstrap>", line 241, in _call_with_frames_removed
  File "/opt/airflow/dags/binance_daily_dag.py", line 10, in <module>
    local_tz = pendulum.timezone("Asia/Ho_Chi_Minh")
NameError: name 'pendulum' is not defined
[2026-06-18T14:19:37.230+0000] {processor.py:841} WARNING - No viable dags retrieved from /opt/airflow/dags/binance_daily_dag.py
[2026-06-18T14:19:37.290+0000] {processor.py:179} INFO - Processing /opt/airflow/dags/binance_daily_dag.py took 2.719 seconds
[2026-06-18T14:20:07.941+0000] {processor.py:157} INFO - Started process (PID=7425) to work on /opt/airflow/dags/binance_daily_dag.py
[2026-06-18T14:20:07.942+0000] {processor.py:829} INFO - Processing file /opt/airflow/dags/binance_daily_dag.py for tasks to queue
[2026-06-18T14:20:07.942+0000] {logging_mixin.py:151} INFO - [2026-06-18T14:20:07.942+0000] {dagbag.py:539} INFO - Filling up the DagBag from /opt/airflow/dags/binance_daily_dag.py
[2026-06-18T14:20:10.399+0000] {logging_mixin.py:151} INFO - [2026-06-18T14:20:10.395+0000] {dagbag.py:347} ERROR - Failed to import: /opt/airflow/dags/binance_daily_dag.py
Traceback (most recent call last):
  File "/home/airflow/.local/lib/python3.10/site-packages/airflow/models/dagbag.py", line 343, in parse
    loader.exec_module(new_module)
  File "<frozen importlib._bootstrap_external>", line 883, in exec_module
  File "<frozen importlib._bootstrap>", line 241, in _call_with_frames_removed
  File "/opt/airflow/dags/binance_daily_dag.py", line 10, in <module>
    local_tz = pendulum.timezone("Asia/Ho_Chi_Minh")
NameError: name 'pendulum' is not defined
[2026-06-18T14:20:10.402+0000] {processor.py:841} WARNING - No viable dags retrieved from /opt/airflow/dags/binance_daily_dag.py
[2026-06-18T14:20:10.425+0000] {processor.py:179} INFO - Processing /opt/airflow/dags/binance_daily_dag.py took 2.488 seconds
[2026-06-18T14:20:41.298+0000] {processor.py:157} INFO - Started process (PID=7458) to work on /opt/airflow/dags/binance_daily_dag.py
[2026-06-18T14:20:41.299+0000] {processor.py:829} INFO - Processing file /opt/airflow/dags/binance_daily_dag.py for tasks to queue
[2026-06-18T14:20:41.300+0000] {logging_mixin.py:151} INFO - [2026-06-18T14:20:41.300+0000] {dagbag.py:539} INFO - Filling up the DagBag from /opt/airflow/dags/binance_daily_dag.py
[2026-06-18T14:20:44.039+0000] {logging_mixin.py:151} INFO - [2026-06-18T14:20:44.035+0000] {dagbag.py:347} ERROR - Failed to import: /opt/airflow/dags/binance_daily_dag.py
Traceback (most recent call last):
  File "/home/airflow/.local/lib/python3.10/site-packages/airflow/models/dagbag.py", line 343, in parse
    loader.exec_module(new_module)
  File "<frozen importlib._bootstrap_external>", line 883, in exec_module
  File "<frozen importlib._bootstrap>", line 241, in _call_with_frames_removed
  File "/opt/airflow/dags/binance_daily_dag.py", line 10, in <module>
    local_tz = pendulum.timezone("Asia/Ho_Chi_Minh")
NameError: name 'pendulum' is not defined
[2026-06-18T14:20:44.041+0000] {processor.py:841} WARNING - No viable dags retrieved from /opt/airflow/dags/binance_daily_dag.py
[2026-06-18T14:20:44.063+0000] {processor.py:179} INFO - Processing /opt/airflow/dags/binance_daily_dag.py took 2.768 seconds
[2026-06-18T14:21:14.612+0000] {processor.py:157} INFO - Started process (PID=7491) to work on /opt/airflow/dags/binance_daily_dag.py
[2026-06-18T14:21:14.613+0000] {processor.py:829} INFO - Processing file /opt/airflow/dags/binance_daily_dag.py for tasks to queue
[2026-06-18T14:21:14.614+0000] {logging_mixin.py:151} INFO - [2026-06-18T14:21:14.614+0000] {dagbag.py:539} INFO - Filling up the DagBag from /opt/airflow/dags/binance_daily_dag.py
[2026-06-18T14:21:17.380+0000] {logging_mixin.py:151} INFO - [2026-06-18T14:21:17.376+0000] {dagbag.py:347} ERROR - Failed to import: /opt/airflow/dags/binance_daily_dag.py
Traceback (most recent call last):
  File "/home/airflow/.local/lib/python3.10/site-packages/airflow/models/dagbag.py", line 343, in parse
    loader.exec_module(new_module)
  File "<frozen importlib._bootstrap_external>", line 883, in exec_module
  File "<frozen importlib._bootstrap>", line 241, in _call_with_frames_removed
  File "/opt/airflow/dags/binance_daily_dag.py", line 10, in <module>
    local_tz = pendulum.timezone("Asia/Ho_Chi_Minh")
NameError: name 'pendulum' is not defined
[2026-06-18T14:21:17.383+0000] {processor.py:841} WARNING - No viable dags retrieved from /opt/airflow/dags/binance_daily_dag.py
[2026-06-18T14:21:17.409+0000] {processor.py:179} INFO - Processing /opt/airflow/dags/binance_daily_dag.py took 2.801 seconds
[2026-06-18T14:21:47.999+0000] {processor.py:157} INFO - Started process (PID=7524) to work on /opt/airflow/dags/binance_daily_dag.py
[2026-06-18T14:21:48.000+0000] {processor.py:829} INFO - Processing file /opt/airflow/dags/binance_daily_dag.py for tasks to queue
[2026-06-18T14:21:48.001+0000] {logging_mixin.py:151} INFO - [2026-06-18T14:21:48.000+0000] {dagbag.py:539} INFO - Filling up the DagBag from /opt/airflow/dags/binance_daily_dag.py
[2026-06-18T14:21:50.329+0000] {logging_mixin.py:151} INFO - [2026-06-18T14:21:50.326+0000] {dagbag.py:347} ERROR - Failed to import: /opt/airflow/dags/binance_daily_dag.py
Traceback (most recent call last):
  File "/home/airflow/.local/lib/python3.10/site-packages/airflow/models/dagbag.py", line 343, in parse
    loader.exec_module(new_module)
  File "<frozen importlib._bootstrap_external>", line 883, in exec_module
  File "<frozen importlib._bootstrap>", line 241, in _call_with_frames_removed
  File "/opt/airflow/dags/binance_daily_dag.py", line 10, in <module>
    local_tz = pendulum.timezone("Asia/Ho_Chi_Minh")
NameError: name 'pendulum' is not defined
[2026-06-18T14:21:50.333+0000] {processor.py:841} WARNING - No viable dags retrieved from /opt/airflow/dags/binance_daily_dag.py
[2026-06-18T14:21:50.353+0000] {processor.py:179} INFO - Processing /opt/airflow/dags/binance_daily_dag.py took 2.357 seconds
[2026-06-18T14:22:20.957+0000] {processor.py:157} INFO - Started process (PID=7557) to work on /opt/airflow/dags/binance_daily_dag.py
[2026-06-18T14:22:20.958+0000] {processor.py:829} INFO - Processing file /opt/airflow/dags/binance_daily_dag.py for tasks to queue
[2026-06-18T14:22:20.959+0000] {logging_mixin.py:151} INFO - [2026-06-18T14:22:20.958+0000] {dagbag.py:539} INFO - Filling up the DagBag from /opt/airflow/dags/binance_daily_dag.py
[2026-06-18T14:22:23.189+0000] {logging_mixin.py:151} INFO - [2026-06-18T14:22:23.187+0000] {dagbag.py:347} ERROR - Failed to import: /opt/airflow/dags/binance_daily_dag.py
Traceback (most recent call last):
  File "/home/airflow/.local/lib/python3.10/site-packages/airflow/models/dagbag.py", line 343, in parse
    loader.exec_module(new_module)
  File "<frozen importlib._bootstrap_external>", line 883, in exec_module
  File "<frozen importlib._bootstrap>", line 241, in _call_with_frames_removed
  File "/opt/airflow/dags/binance_daily_dag.py", line 10, in <module>
    local_tz = pendulum.timezone("Asia/Ho_Chi_Minh")
NameError: name 'pendulum' is not defined
[2026-06-18T14:22:23.192+0000] {processor.py:841} WARNING - No viable dags retrieved from /opt/airflow/dags/binance_daily_dag.py
[2026-06-18T14:22:23.250+0000] {processor.py:179} INFO - Processing /opt/airflow/dags/binance_daily_dag.py took 2.297 seconds
[2026-06-18T14:22:53.533+0000] {processor.py:157} INFO - Started process (PID=7590) to work on /opt/airflow/dags/binance_daily_dag.py
[2026-06-18T14:22:53.535+0000] {processor.py:829} INFO - Processing file /opt/airflow/dags/binance_daily_dag.py for tasks to queue
[2026-06-18T14:22:53.536+0000] {logging_mixin.py:151} INFO - [2026-06-18T14:22:53.536+0000] {dagbag.py:539} INFO - Filling up the DagBag from /opt/airflow/dags/binance_daily_dag.py
[2026-06-18T14:22:55.816+0000] {logging_mixin.py:151} INFO - [2026-06-18T14:22:55.813+0000] {dagbag.py:347} ERROR - Failed to import: /opt/airflow/dags/binance_daily_dag.py
Traceback (most recent call last):
  File "/home/airflow/.local/lib/python3.10/site-packages/airflow/models/dagbag.py", line 343, in parse
    loader.exec_module(new_module)
  File "<frozen importlib._bootstrap_external>", line 883, in exec_module
  File "<frozen importlib._bootstrap>", line 241, in _call_with_frames_removed
  File "/opt/airflow/dags/binance_daily_dag.py", line 10, in <module>
    local_tz = pendulum.timezone("Asia/Ho_Chi_Minh")
NameError: name 'pendulum' is not defined
[2026-06-18T14:22:55.819+0000] {processor.py:841} WARNING - No viable dags retrieved from /opt/airflow/dags/binance_daily_dag.py
[2026-06-18T14:22:55.877+0000] {processor.py:179} INFO - Processing /opt/airflow/dags/binance_daily_dag.py took 2.348 seconds
[2026-06-18T14:23:26.311+0000] {processor.py:157} INFO - Started process (PID=7623) to work on /opt/airflow/dags/binance_daily_dag.py
[2026-06-18T14:23:26.313+0000] {processor.py:829} INFO - Processing file /opt/airflow/dags/binance_daily_dag.py for tasks to queue
[2026-06-18T14:23:26.314+0000] {logging_mixin.py:151} INFO - [2026-06-18T14:23:26.313+0000] {dagbag.py:539} INFO - Filling up the DagBag from /opt/airflow/dags/binance_daily_dag.py
[2026-06-18T14:23:28.628+0000] {logging_mixin.py:151} INFO - [2026-06-18T14:23:28.625+0000] {dagbag.py:347} ERROR - Failed to import: /opt/airflow/dags/binance_daily_dag.py
Traceback (most recent call last):
  File "/home/airflow/.local/lib/python3.10/site-packages/airflow/models/dagbag.py", line 343, in parse
    loader.exec_module(new_module)
  File "<frozen importlib._bootstrap_external>", line 883, in exec_module
  File "<frozen importlib._bootstrap>", line 241, in _call_with_frames_removed
  File "/opt/airflow/dags/binance_daily_dag.py", line 10, in <module>
    local_tz = pendulum.timezone("Asia/Ho_Chi_Minh")
NameError: name 'pendulum' is not defined
[2026-06-18T14:23:28.630+0000] {processor.py:841} WARNING - No viable dags retrieved from /opt/airflow/dags/binance_daily_dag.py
[2026-06-18T14:23:28.686+0000] {processor.py:179} INFO - Processing /opt/airflow/dags/binance_daily_dag.py took 2.378 seconds
[2026-06-18T14:23:59.062+0000] {processor.py:157} INFO - Started process (PID=7663) to work on /opt/airflow/dags/binance_daily_dag.py
[2026-06-18T14:23:59.063+0000] {processor.py:829} INFO - Processing file /opt/airflow/dags/binance_daily_dag.py for tasks to queue
[2026-06-18T14:23:59.063+0000] {logging_mixin.py:151} INFO - [2026-06-18T14:23:59.063+0000] {dagbag.py:539} INFO - Filling up the DagBag from /opt/airflow/dags/binance_daily_dag.py
[2026-06-18T14:24:01.344+0000] {logging_mixin.py:151} INFO - [2026-06-18T14:24:01.341+0000] {dagbag.py:347} ERROR - Failed to import: /opt/airflow/dags/binance_daily_dag.py
Traceback (most recent call last):
  File "/home/airflow/.local/lib/python3.10/site-packages/airflow/models/dagbag.py", line 343, in parse
    loader.exec_module(new_module)
  File "<frozen importlib._bootstrap_external>", line 883, in exec_module
  File "<frozen importlib._bootstrap>", line 241, in _call_with_frames_removed
  File "/opt/airflow/dags/binance_daily_dag.py", line 10, in <module>
    local_tz = pendulum.timezone("Asia/Ho_Chi_Minh")
NameError: name 'pendulum' is not defined
[2026-06-18T14:24:01.347+0000] {processor.py:841} WARNING - No viable dags retrieved from /opt/airflow/dags/binance_daily_dag.py
[2026-06-18T14:24:01.397+0000] {processor.py:179} INFO - Processing /opt/airflow/dags/binance_daily_dag.py took 2.338 seconds
[2026-06-18T14:24:31.926+0000] {processor.py:157} INFO - Started process (PID=7696) to work on /opt/airflow/dags/binance_daily_dag.py
[2026-06-18T14:24:31.927+0000] {processor.py:829} INFO - Processing file /opt/airflow/dags/binance_daily_dag.py for tasks to queue
[2026-06-18T14:24:31.928+0000] {logging_mixin.py:151} INFO - [2026-06-18T14:24:31.928+0000] {dagbag.py:539} INFO - Filling up the DagBag from /opt/airflow/dags/binance_daily_dag.py
[2026-06-18T14:24:34.050+0000] {logging_mixin.py:151} INFO - [2026-06-18T14:24:34.046+0000] {dagbag.py:347} ERROR - Failed to import: /opt/airflow/dags/binance_daily_dag.py
Traceback (most recent call last):
  File "/home/airflow/.local/lib/python3.10/site-packages/airflow/models/dagbag.py", line 343, in parse
    loader.exec_module(new_module)
  File "<frozen importlib._bootstrap_external>", line 883, in exec_module
  File "<frozen importlib._bootstrap>", line 241, in _call_with_frames_removed
  File "/opt/airflow/dags/binance_daily_dag.py", line 10, in <module>
    local_tz = pendulum.timezone("Asia/Ho_Chi_Minh")
NameError: name 'pendulum' is not defined
[2026-06-18T14:24:34.053+0000] {processor.py:841} WARNING - No viable dags retrieved from /opt/airflow/dags/binance_daily_dag.py
[2026-06-18T14:24:34.116+0000] {processor.py:179} INFO - Processing /opt/airflow/dags/binance_daily_dag.py took 2.193 seconds
[2026-06-18T14:25:04.527+0000] {processor.py:157} INFO - Started process (PID=7734) to work on /opt/airflow/dags/binance_daily_dag.py
[2026-06-18T14:25:04.528+0000] {processor.py:829} INFO - Processing file /opt/airflow/dags/binance_daily_dag.py for tasks to queue
[2026-06-18T14:25:04.529+0000] {logging_mixin.py:151} INFO - [2026-06-18T14:25:04.529+0000] {dagbag.py:539} INFO - Filling up the DagBag from /opt/airflow/dags/binance_daily_dag.py
[2026-06-18T14:25:06.906+0000] {logging_mixin.py:151} INFO - [2026-06-18T14:25:06.903+0000] {dagbag.py:347} ERROR - Failed to import: /opt/airflow/dags/binance_daily_dag.py
Traceback (most recent call last):
  File "/home/airflow/.local/lib/python3.10/site-packages/airflow/models/dagbag.py", line 343, in parse
    loader.exec_module(new_module)
  File "<frozen importlib._bootstrap_external>", line 883, in exec_module
  File "<frozen importlib._bootstrap>", line 241, in _call_with_frames_removed
  File "/opt/airflow/dags/binance_daily_dag.py", line 10, in <module>
    local_tz = pendulum.timezone("Asia/Ho_Chi_Minh")
NameError: name 'pendulum' is not defined
[2026-06-18T14:25:06.908+0000] {processor.py:841} WARNING - No viable dags retrieved from /opt/airflow/dags/binance_daily_dag.py
[2026-06-18T14:25:06.934+0000] {processor.py:179} INFO - Processing /opt/airflow/dags/binance_daily_dag.py took 2.411 seconds
[2026-06-18T14:25:37.802+0000] {processor.py:157} INFO - Started process (PID=7767) to work on /opt/airflow/dags/binance_daily_dag.py
[2026-06-18T14:25:37.803+0000] {processor.py:829} INFO - Processing file /opt/airflow/dags/binance_daily_dag.py for tasks to queue
[2026-06-18T14:25:37.804+0000] {logging_mixin.py:151} INFO - [2026-06-18T14:25:37.804+0000] {dagbag.py:539} INFO - Filling up the DagBag from /opt/airflow/dags/binance_daily_dag.py
[2026-06-18T14:25:40.209+0000] {logging_mixin.py:151} INFO - [2026-06-18T14:25:40.206+0000] {dagbag.py:347} ERROR - Failed to import: /opt/airflow/dags/binance_daily_dag.py
Traceback (most recent call last):
  File "/home/airflow/.local/lib/python3.10/site-packages/airflow/models/dagbag.py", line 343, in parse
    loader.exec_module(new_module)
  File "<frozen importlib._bootstrap_external>", line 883, in exec_module
  File "<frozen importlib._bootstrap>", line 241, in _call_with_frames_removed
  File "/opt/airflow/dags/binance_daily_dag.py", line 10, in <module>
    local_tz = pendulum.timezone("Asia/Ho_Chi_Minh")
NameError: name 'pendulum' is not defined
[2026-06-18T14:25:40.211+0000] {processor.py:841} WARNING - No viable dags retrieved from /opt/airflow/dags/binance_daily_dag.py
[2026-06-18T14:25:40.237+0000] {processor.py:179} INFO - Processing /opt/airflow/dags/binance_daily_dag.py took 2.439 seconds
[2026-06-18T14:26:10.568+0000] {processor.py:157} INFO - Started process (PID=7800) to work on /opt/airflow/dags/binance_daily_dag.py
[2026-06-18T14:26:10.570+0000] {processor.py:829} INFO - Processing file /opt/airflow/dags/binance_daily_dag.py for tasks to queue
[2026-06-18T14:26:10.571+0000] {logging_mixin.py:151} INFO - [2026-06-18T14:26:10.570+0000] {dagbag.py:539} INFO - Filling up the DagBag from /opt/airflow/dags/binance_daily_dag.py
[2026-06-18T14:26:12.948+0000] {logging_mixin.py:151} INFO - [2026-06-18T14:26:12.943+0000] {dagbag.py:347} ERROR - Failed to import: /opt/airflow/dags/binance_daily_dag.py
Traceback (most recent call last):
  File "/home/airflow/.local/lib/python3.10/site-packages/airflow/models/dagbag.py", line 343, in parse
    loader.exec_module(new_module)
  File "<frozen importlib._bootstrap_external>", line 883, in exec_module
  File "<frozen importlib._bootstrap>", line 241, in _call_with_frames_removed
  File "/opt/airflow/dags/binance_daily_dag.py", line 10, in <module>
    local_tz = pendulum.timezone("Asia/Ho_Chi_Minh")
NameError: name 'pendulum' is not defined
[2026-06-18T14:26:12.951+0000] {processor.py:841} WARNING - No viable dags retrieved from /opt/airflow/dags/binance_daily_dag.py
[2026-06-18T14:26:12.972+0000] {processor.py:179} INFO - Processing /opt/airflow/dags/binance_daily_dag.py took 2.408 seconds
[2026-06-18T14:26:43.872+0000] {processor.py:157} INFO - Started process (PID=7833) to work on /opt/airflow/dags/binance_daily_dag.py
[2026-06-18T14:26:43.874+0000] {processor.py:829} INFO - Processing file /opt/airflow/dags/binance_daily_dag.py for tasks to queue
[2026-06-18T14:26:43.875+0000] {logging_mixin.py:151} INFO - [2026-06-18T14:26:43.874+0000] {dagbag.py:539} INFO - Filling up the DagBag from /opt/airflow/dags/binance_daily_dag.py
[2026-06-18T14:26:46.333+0000] {logging_mixin.py:151} INFO - [2026-06-18T14:26:46.329+0000] {dagbag.py:347} ERROR - Failed to import: /opt/airflow/dags/binance_daily_dag.py
Traceback (most recent call last):
  File "/home/airflow/.local/lib/python3.10/site-packages/airflow/models/dagbag.py", line 343, in parse
    loader.exec_module(new_module)
  File "<frozen importlib._bootstrap_external>", line 883, in exec_module
  File "<frozen importlib._bootstrap>", line 241, in _call_with_frames_removed
  File "/opt/airflow/dags/binance_daily_dag.py", line 10, in <module>
    local_tz = pendulum.timezone("Asia/Ho_Chi_Minh")
NameError: name 'pendulum' is not defined
[2026-06-18T14:26:46.335+0000] {processor.py:841} WARNING - No viable dags retrieved from /opt/airflow/dags/binance_daily_dag.py
[2026-06-18T14:26:46.365+0000] {processor.py:179} INFO - Processing /opt/airflow/dags/binance_daily_dag.py took 2.496 seconds
[2026-06-18T14:27:17.142+0000] {processor.py:157} INFO - Started process (PID=7867) to work on /opt/airflow/dags/binance_daily_dag.py
[2026-06-18T14:27:17.143+0000] {processor.py:829} INFO - Processing file /opt/airflow/dags/binance_daily_dag.py for tasks to queue
[2026-06-18T14:27:17.144+0000] {logging_mixin.py:151} INFO - [2026-06-18T14:27:17.144+0000] {dagbag.py:539} INFO - Filling up the DagBag from /opt/airflow/dags/binance_daily_dag.py
[2026-06-18T14:27:19.602+0000] {logging_mixin.py:151} INFO - [2026-06-18T14:27:19.599+0000] {dagbag.py:347} ERROR - Failed to import: /opt/airflow/dags/binance_daily_dag.py
Traceback (most recent call last):
  File "/home/airflow/.local/lib/python3.10/site-packages/airflow/models/dagbag.py", line 343, in parse
    loader.exec_module(new_module)
  File "<frozen importlib._bootstrap_external>", line 883, in exec_module
  File "<frozen importlib._bootstrap>", line 241, in _call_with_frames_removed
  File "/opt/airflow/dags/binance_daily_dag.py", line 10, in <module>
    local_tz = pendulum.timezone("Asia/Ho_Chi_Minh")
NameError: name 'pendulum' is not defined
[2026-06-18T14:27:19.605+0000] {processor.py:841} WARNING - No viable dags retrieved from /opt/airflow/dags/binance_daily_dag.py
[2026-06-18T14:27:19.665+0000] {processor.py:179} INFO - Processing /opt/airflow/dags/binance_daily_dag.py took 2.526 seconds
[2026-06-18T14:27:49.841+0000] {processor.py:157} INFO - Started process (PID=7900) to work on /opt/airflow/dags/binance_daily_dag.py
[2026-06-18T14:27:49.856+0000] {processor.py:829} INFO - Processing file /opt/airflow/dags/binance_daily_dag.py for tasks to queue
[2026-06-18T14:27:49.861+0000] {logging_mixin.py:151} INFO - [2026-06-18T14:27:49.861+0000] {dagbag.py:539} INFO - Filling up the DagBag from /opt/airflow/dags/binance_daily_dag.py
[2026-06-18T14:27:52.450+0000] {logging_mixin.py:151} INFO - [2026-06-18T14:27:52.447+0000] {dagbag.py:347} ERROR - Failed to import: /opt/airflow/dags/binance_daily_dag.py
Traceback (most recent call last):
  File "/home/airflow/.local/lib/python3.10/site-packages/airflow/models/dagbag.py", line 343, in parse
    loader.exec_module(new_module)
  File "<frozen importlib._bootstrap_external>", line 883, in exec_module
  File "<frozen importlib._bootstrap>", line 241, in _call_with_frames_removed
  File "/opt/airflow/dags/binance_daily_dag.py", line 10, in <module>
    local_tz = pendulum.timezone("Asia/Ho_Chi_Minh")
NameError: name 'pendulum' is not defined
[2026-06-18T14:27:52.453+0000] {processor.py:841} WARNING - No viable dags retrieved from /opt/airflow/dags/binance_daily_dag.py
[2026-06-18T14:27:52.473+0000] {processor.py:179} INFO - Processing /opt/airflow/dags/binance_daily_dag.py took 2.637 seconds
[2026-06-18T14:28:22.777+0000] {processor.py:157} INFO - Started process (PID=7933) to work on /opt/airflow/dags/binance_daily_dag.py
[2026-06-18T14:28:22.778+0000] {processor.py:829} INFO - Processing file /opt/airflow/dags/binance_daily_dag.py for tasks to queue
[2026-06-18T14:28:22.779+0000] {logging_mixin.py:151} INFO - [2026-06-18T14:28:22.779+0000] {dagbag.py:539} INFO - Filling up the DagBag from /opt/airflow/dags/binance_daily_dag.py
[2026-06-18T14:28:25.230+0000] {logging_mixin.py:151} INFO - [2026-06-18T14:28:25.227+0000] {dagbag.py:347} ERROR - Failed to import: /opt/airflow/dags/binance_daily_dag.py
Traceback (most recent call last):
  File "/home/airflow/.local/lib/python3.10/site-packages/airflow/models/dagbag.py", line 343, in parse
    loader.exec_module(new_module)
  File "<frozen importlib._bootstrap_external>", line 883, in exec_module
  File "<frozen importlib._bootstrap>", line 241, in _call_with_frames_removed
  File "/opt/airflow/dags/binance_daily_dag.py", line 10, in <module>
    local_tz = pendulum.timezone("Asia/Ho_Chi_Minh")
NameError: name 'pendulum' is not defined
[2026-06-18T14:28:25.233+0000] {processor.py:841} WARNING - No viable dags retrieved from /opt/airflow/dags/binance_daily_dag.py
[2026-06-18T14:28:25.252+0000] {processor.py:179} INFO - Processing /opt/airflow/dags/binance_daily_dag.py took 2.480 seconds
[2026-06-18T14:28:55.835+0000] {processor.py:157} INFO - Started process (PID=7966) to work on /opt/airflow/dags/binance_daily_dag.py
[2026-06-18T14:28:55.836+0000] {processor.py:829} INFO - Processing file /opt/airflow/dags/binance_daily_dag.py for tasks to queue
[2026-06-18T14:28:55.837+0000] {logging_mixin.py:151} INFO - [2026-06-18T14:28:55.837+0000] {dagbag.py:539} INFO - Filling up the DagBag from /opt/airflow/dags/binance_daily_dag.py
[2026-06-18T14:28:58.114+0000] {logging_mixin.py:151} INFO - [2026-06-18T14:28:58.109+0000] {dagbag.py:347} ERROR - Failed to import: /opt/airflow/dags/binance_daily_dag.py
Traceback (most recent call last):
  File "/home/airflow/.local/lib/python3.10/site-packages/airflow/models/dagbag.py", line 343, in parse
    loader.exec_module(new_module)
  File "<frozen importlib._bootstrap_external>", line 883, in exec_module
  File "<frozen importlib._bootstrap>", line 241, in _call_with_frames_removed
  File "/opt/airflow/dags/binance_daily_dag.py", line 10, in <module>
    local_tz = pendulum.timezone("Asia/Ho_Chi_Minh")
NameError: name 'pendulum' is not defined
[2026-06-18T14:28:58.119+0000] {processor.py:841} WARNING - No viable dags retrieved from /opt/airflow/dags/binance_daily_dag.py
[2026-06-18T14:28:58.158+0000] {processor.py:179} INFO - Processing /opt/airflow/dags/binance_daily_dag.py took 2.326 seconds
[2026-06-18T14:29:28.718+0000] {processor.py:157} INFO - Started process (PID=7999) to work on /opt/airflow/dags/binance_daily_dag.py
[2026-06-18T14:29:28.720+0000] {processor.py:829} INFO - Processing file /opt/airflow/dags/binance_daily_dag.py for tasks to queue
[2026-06-18T14:29:28.721+0000] {logging_mixin.py:151} INFO - [2026-06-18T14:29:28.721+0000] {dagbag.py:539} INFO - Filling up the DagBag from /opt/airflow/dags/binance_daily_dag.py
[2026-06-18T14:29:31.075+0000] {logging_mixin.py:151} INFO - [2026-06-18T14:29:31.072+0000] {dagbag.py:347} ERROR - Failed to import: /opt/airflow/dags/binance_daily_dag.py
Traceback (most recent call last):
  File "/home/airflow/.local/lib/python3.10/site-packages/airflow/models/dagbag.py", line 343, in parse
    loader.exec_module(new_module)
  File "<frozen importlib._bootstrap_external>", line 883, in exec_module
  File "<frozen importlib._bootstrap>", line 241, in _call_with_frames_removed
  File "/opt/airflow/dags/binance_daily_dag.py", line 10, in <module>
    local_tz = pendulum.timezone("Asia/Ho_Chi_Minh")
NameError: name 'pendulum' is not defined
[2026-06-18T14:29:31.078+0000] {processor.py:841} WARNING - No viable dags retrieved from /opt/airflow/dags/binance_daily_dag.py
[2026-06-18T14:29:31.099+0000] {processor.py:179} INFO - Processing /opt/airflow/dags/binance_daily_dag.py took 2.385 seconds
[2026-06-18T14:30:01.365+0000] {processor.py:157} INFO - Started process (PID=8032) to work on /opt/airflow/dags/binance_daily_dag.py
[2026-06-18T14:30:01.366+0000] {processor.py:829} INFO - Processing file /opt/airflow/dags/binance_daily_dag.py for tasks to queue
[2026-06-18T14:30:01.367+0000] {logging_mixin.py:151} INFO - [2026-06-18T14:30:01.367+0000] {dagbag.py:539} INFO - Filling up the DagBag from /opt/airflow/dags/binance_daily_dag.py
[2026-06-18T14:30:04.476+0000] {logging_mixin.py:151} INFO - [2026-06-18T14:30:04.470+0000] {dagbag.py:347} ERROR - Failed to import: /opt/airflow/dags/binance_daily_dag.py
Traceback (most recent call last):
  File "/home/airflow/.local/lib/python3.10/site-packages/airflow/models/dagbag.py", line 343, in parse
    loader.exec_module(new_module)
  File "<frozen importlib._bootstrap_external>", line 883, in exec_module
  File "<frozen importlib._bootstrap>", line 241, in _call_with_frames_removed
  File "/opt/airflow/dags/binance_daily_dag.py", line 10, in <module>
    local_tz = pendulum.timezone("Asia/Ho_Chi_Minh")
NameError: name 'pendulum' is not defined
[2026-06-18T14:30:04.480+0000] {processor.py:841} WARNING - No viable dags retrieved from /opt/airflow/dags/binance_daily_dag.py
[2026-06-18T14:30:04.520+0000] {processor.py:179} INFO - Processing /opt/airflow/dags/binance_daily_dag.py took 3.159 seconds
[2026-06-18T14:30:35.214+0000] {processor.py:157} INFO - Started process (PID=8072) to work on /opt/airflow/dags/binance_daily_dag.py
[2026-06-18T14:30:35.215+0000] {processor.py:829} INFO - Processing file /opt/airflow/dags/binance_daily_dag.py for tasks to queue
[2026-06-18T14:30:35.216+0000] {logging_mixin.py:151} INFO - [2026-06-18T14:30:35.215+0000] {dagbag.py:539} INFO - Filling up the DagBag from /opt/airflow/dags/binance_daily_dag.py
[2026-06-18T14:30:37.461+0000] {logging_mixin.py:151} INFO - [2026-06-18T14:30:37.458+0000] {dagbag.py:347} ERROR - Failed to import: /opt/airflow/dags/binance_daily_dag.py
Traceback (most recent call last):
  File "/home/airflow/.local/lib/python3.10/site-packages/airflow/models/dagbag.py", line 343, in parse
    loader.exec_module(new_module)
  File "<frozen importlib._bootstrap_external>", line 883, in exec_module
  File "<frozen importlib._bootstrap>", line 241, in _call_with_frames_removed
  File "/opt/airflow/dags/binance_daily_dag.py", line 10, in <module>
    local_tz = pendulum.timezone("Asia/Ho_Chi_Minh")
NameError: name 'pendulum' is not defined
[2026-06-18T14:30:37.464+0000] {processor.py:841} WARNING - No viable dags retrieved from /opt/airflow/dags/binance_daily_dag.py
[2026-06-18T14:30:37.482+0000] {processor.py:179} INFO - Processing /opt/airflow/dags/binance_daily_dag.py took 2.271 seconds
[2026-06-18T14:31:07.670+0000] {processor.py:157} INFO - Started process (PID=8105) to work on /opt/airflow/dags/binance_daily_dag.py
[2026-06-18T14:31:07.671+0000] {processor.py:829} INFO - Processing file /opt/airflow/dags/binance_daily_dag.py for tasks to queue
[2026-06-18T14:31:07.672+0000] {logging_mixin.py:151} INFO - [2026-06-18T14:31:07.671+0000] {dagbag.py:539} INFO - Filling up the DagBag from /opt/airflow/dags/binance_daily_dag.py
[2026-06-18T14:31:10.015+0000] {logging_mixin.py:151} INFO - [2026-06-18T14:31:10.012+0000] {dagbag.py:347} ERROR - Failed to import: /opt/airflow/dags/binance_daily_dag.py
Traceback (most recent call last):
  File "/home/airflow/.local/lib/python3.10/site-packages/airflow/models/dagbag.py", line 343, in parse
    loader.exec_module(new_module)
  File "<frozen importlib._bootstrap_external>", line 883, in exec_module
  File "<frozen importlib._bootstrap>", line 241, in _call_with_frames_removed
  File "/opt/airflow/dags/binance_daily_dag.py", line 10, in <module>
    local_tz = pendulum.timezone("Asia/Ho_Chi_Minh")
NameError: name 'pendulum' is not defined
[2026-06-18T14:31:10.018+0000] {processor.py:841} WARNING - No viable dags retrieved from /opt/airflow/dags/binance_daily_dag.py
[2026-06-18T14:31:10.035+0000] {processor.py:179} INFO - Processing /opt/airflow/dags/binance_daily_dag.py took 2.369 seconds
[2026-06-18T14:31:40.533+0000] {processor.py:157} INFO - Started process (PID=8138) to work on /opt/airflow/dags/binance_daily_dag.py
[2026-06-18T14:31:40.534+0000] {processor.py:829} INFO - Processing file /opt/airflow/dags/binance_daily_dag.py for tasks to queue
[2026-06-18T14:31:40.535+0000] {logging_mixin.py:151} INFO - [2026-06-18T14:31:40.534+0000] {dagbag.py:539} INFO - Filling up the DagBag from /opt/airflow/dags/binance_daily_dag.py
[2026-06-18T14:31:42.843+0000] {logging_mixin.py:151} INFO - [2026-06-18T14:31:42.840+0000] {dagbag.py:347} ERROR - Failed to import: /opt/airflow/dags/binance_daily_dag.py
Traceback (most recent call last):
  File "/home/airflow/.local/lib/python3.10/site-packages/airflow/models/dagbag.py", line 343, in parse
    loader.exec_module(new_module)
  File "<frozen importlib._bootstrap_external>", line 883, in exec_module
  File "<frozen importlib._bootstrap>", line 241, in _call_with_frames_removed
  File "/opt/airflow/dags/binance_daily_dag.py", line 10, in <module>
    local_tz = pendulum.timezone("Asia/Ho_Chi_Minh")
NameError: name 'pendulum' is not defined
[2026-06-18T14:31:42.845+0000] {processor.py:841} WARNING - No viable dags retrieved from /opt/airflow/dags/binance_daily_dag.py
[2026-06-18T14:31:42.861+0000] {processor.py:179} INFO - Processing /opt/airflow/dags/binance_daily_dag.py took 2.332 seconds
[2026-06-18T14:32:13.255+0000] {processor.py:157} INFO - Started process (PID=8176) to work on /opt/airflow/dags/binance_daily_dag.py
[2026-06-18T14:32:13.256+0000] {processor.py:829} INFO - Processing file /opt/airflow/dags/binance_daily_dag.py for tasks to queue
[2026-06-18T14:32:13.258+0000] {logging_mixin.py:151} INFO - [2026-06-18T14:32:13.257+0000] {dagbag.py:539} INFO - Filling up the DagBag from /opt/airflow/dags/binance_daily_dag.py
[2026-06-18T14:32:15.888+0000] {logging_mixin.py:151} INFO - [2026-06-18T14:32:15.885+0000] {dagbag.py:347} ERROR - Failed to import: /opt/airflow/dags/binance_daily_dag.py
Traceback (most recent call last):
  File "/home/airflow/.local/lib/python3.10/site-packages/airflow/models/dagbag.py", line 343, in parse
    loader.exec_module(new_module)
  File "<frozen importlib._bootstrap_external>", line 883, in exec_module
  File "<frozen importlib._bootstrap>", line 241, in _call_with_frames_removed
  File "/opt/airflow/dags/binance_daily_dag.py", line 10, in <module>
    local_tz = pendulum.timezone("Asia/Ho_Chi_Minh")
NameError: name 'pendulum' is not defined
[2026-06-18T14:32:15.890+0000] {processor.py:841} WARNING - No viable dags retrieved from /opt/airflow/dags/binance_daily_dag.py
[2026-06-18T14:32:15.910+0000] {processor.py:179} INFO - Processing /opt/airflow/dags/binance_daily_dag.py took 2.661 seconds
[2026-06-18T14:32:46.754+0000] {processor.py:157} INFO - Started process (PID=8209) to work on /opt/airflow/dags/binance_daily_dag.py
[2026-06-18T14:32:46.756+0000] {processor.py:829} INFO - Processing file /opt/airflow/dags/binance_daily_dag.py for tasks to queue
[2026-06-18T14:32:46.758+0000] {logging_mixin.py:151} INFO - [2026-06-18T14:32:46.757+0000] {dagbag.py:539} INFO - Filling up the DagBag from /opt/airflow/dags/binance_daily_dag.py
[2026-06-18T14:32:50.627+0000] {logging_mixin.py:151} INFO - [2026-06-18T14:32:50.622+0000] {dagbag.py:347} ERROR - Failed to import: /opt/airflow/dags/binance_daily_dag.py
Traceback (most recent call last):
  File "/home/airflow/.local/lib/python3.10/site-packages/airflow/models/dagbag.py", line 343, in parse
    loader.exec_module(new_module)
  File "<frozen importlib._bootstrap_external>", line 883, in exec_module
  File "<frozen importlib._bootstrap>", line 241, in _call_with_frames_removed
  File "/opt/airflow/dags/binance_daily_dag.py", line 10, in <module>
    local_tz = pendulum.timezone("Asia/Ho_Chi_Minh")
NameError: name 'pendulum' is not defined
[2026-06-18T14:32:50.633+0000] {processor.py:841} WARNING - No viable dags retrieved from /opt/airflow/dags/binance_daily_dag.py
[2026-06-18T14:32:50.663+0000] {processor.py:179} INFO - Processing /opt/airflow/dags/binance_daily_dag.py took 3.915 seconds
[2026-06-18T14:33:21.167+0000] {processor.py:157} INFO - Started process (PID=8242) to work on /opt/airflow/dags/binance_daily_dag.py
[2026-06-18T14:33:21.169+0000] {processor.py:829} INFO - Processing file /opt/airflow/dags/binance_daily_dag.py for tasks to queue
[2026-06-18T14:33:21.171+0000] {logging_mixin.py:151} INFO - [2026-06-18T14:33:21.171+0000] {dagbag.py:539} INFO - Filling up the DagBag from /opt/airflow/dags/binance_daily_dag.py
[2026-06-18T14:33:25.147+0000] {logging_mixin.py:151} INFO - [2026-06-18T14:33:25.142+0000] {dagbag.py:347} ERROR - Failed to import: /opt/airflow/dags/binance_daily_dag.py
Traceback (most recent call last):
  File "/home/airflow/.local/lib/python3.10/site-packages/airflow/models/dagbag.py", line 343, in parse
    loader.exec_module(new_module)
  File "<frozen importlib._bootstrap_external>", line 883, in exec_module
  File "<frozen importlib._bootstrap>", line 241, in _call_with_frames_removed
  File "/opt/airflow/dags/binance_daily_dag.py", line 10, in <module>
    local_tz = pendulum.timezone("Asia/Ho_Chi_Minh")
NameError: name 'pendulum' is not defined
[2026-06-18T14:33:25.151+0000] {processor.py:841} WARNING - No viable dags retrieved from /opt/airflow/dags/binance_daily_dag.py
[2026-06-18T14:33:25.183+0000] {processor.py:179} INFO - Processing /opt/airflow/dags/binance_daily_dag.py took 4.023 seconds
[2026-06-18T14:33:55.471+0000] {processor.py:157} INFO - Started process (PID=8275) to work on /opt/airflow/dags/binance_daily_dag.py
[2026-06-18T14:33:55.473+0000] {processor.py:829} INFO - Processing file /opt/airflow/dags/binance_daily_dag.py for tasks to queue
[2026-06-18T14:33:55.474+0000] {logging_mixin.py:151} INFO - [2026-06-18T14:33:55.474+0000] {dagbag.py:539} INFO - Filling up the DagBag from /opt/airflow/dags/binance_daily_dag.py
[2026-06-18T14:33:59.404+0000] {logging_mixin.py:151} INFO - [2026-06-18T14:33:59.399+0000] {dagbag.py:347} ERROR - Failed to import: /opt/airflow/dags/binance_daily_dag.py
Traceback (most recent call last):
  File "/home/airflow/.local/lib/python3.10/site-packages/airflow/models/dagbag.py", line 343, in parse
    loader.exec_module(new_module)
  File "<frozen importlib._bootstrap_external>", line 883, in exec_module
  File "<frozen importlib._bootstrap>", line 241, in _call_with_frames_removed
  File "/opt/airflow/dags/binance_daily_dag.py", line 10, in <module>
    local_tz = pendulum.timezone("Asia/Ho_Chi_Minh")
NameError: name 'pendulum' is not defined
[2026-06-18T14:33:59.409+0000] {processor.py:841} WARNING - No viable dags retrieved from /opt/airflow/dags/binance_daily_dag.py
[2026-06-18T14:33:59.472+0000] {processor.py:179} INFO - Processing /opt/airflow/dags/binance_daily_dag.py took 4.008 seconds
[2026-06-18T14:34:29.991+0000] {processor.py:157} INFO - Started process (PID=8308) to work on /opt/airflow/dags/binance_daily_dag.py
[2026-06-18T14:34:29.993+0000] {processor.py:829} INFO - Processing file /opt/airflow/dags/binance_daily_dag.py for tasks to queue
[2026-06-18T14:34:29.995+0000] {logging_mixin.py:151} INFO - [2026-06-18T14:34:29.994+0000] {dagbag.py:539} INFO - Filling up the DagBag from /opt/airflow/dags/binance_daily_dag.py
[2026-06-18T14:34:33.708+0000] {logging_mixin.py:151} INFO - [2026-06-18T14:34:33.704+0000] {dagbag.py:347} ERROR - Failed to import: /opt/airflow/dags/binance_daily_dag.py
Traceback (most recent call last):
  File "/home/airflow/.local/lib/python3.10/site-packages/airflow/models/dagbag.py", line 343, in parse
    loader.exec_module(new_module)
  File "<frozen importlib._bootstrap_external>", line 883, in exec_module
  File "<frozen importlib._bootstrap>", line 241, in _call_with_frames_removed
  File "/opt/airflow/dags/binance_daily_dag.py", line 10, in <module>
    local_tz = pendulum.timezone("Asia/Ho_Chi_Minh")
NameError: name 'pendulum' is not defined
[2026-06-18T14:34:33.712+0000] {processor.py:841} WARNING - No viable dags retrieved from /opt/airflow/dags/binance_daily_dag.py
[2026-06-18T14:34:33.775+0000] {processor.py:179} INFO - Processing /opt/airflow/dags/binance_daily_dag.py took 3.790 seconds
[2026-06-18T14:35:04.170+0000] {processor.py:157} INFO - Started process (PID=8342) to work on /opt/airflow/dags/binance_daily_dag.py
[2026-06-18T14:35:04.172+0000] {processor.py:829} INFO - Processing file /opt/airflow/dags/binance_daily_dag.py for tasks to queue
[2026-06-18T14:35:04.174+0000] {logging_mixin.py:151} INFO - [2026-06-18T14:35:04.173+0000] {dagbag.py:539} INFO - Filling up the DagBag from /opt/airflow/dags/binance_daily_dag.py
[2026-06-18T14:35:08.243+0000] {logging_mixin.py:151} INFO - [2026-06-18T14:35:08.239+0000] {dagbag.py:347} ERROR - Failed to import: /opt/airflow/dags/binance_daily_dag.py
Traceback (most recent call last):
  File "/home/airflow/.local/lib/python3.10/site-packages/airflow/models/dagbag.py", line 343, in parse
    loader.exec_module(new_module)
  File "<frozen importlib._bootstrap_external>", line 883, in exec_module
  File "<frozen importlib._bootstrap>", line 241, in _call_with_frames_removed
  File "/opt/airflow/dags/binance_daily_dag.py", line 10, in <module>
    local_tz = pendulum.timezone("Asia/Ho_Chi_Minh")
NameError: name 'pendulum' is not defined
[2026-06-18T14:35:08.249+0000] {processor.py:841} WARNING - No viable dags retrieved from /opt/airflow/dags/binance_daily_dag.py
[2026-06-18T14:35:08.275+0000] {processor.py:179} INFO - Processing /opt/airflow/dags/binance_daily_dag.py took 4.110 seconds
[2026-06-18T14:35:38.546+0000] {processor.py:157} INFO - Started process (PID=8382) to work on /opt/airflow/dags/binance_daily_dag.py
[2026-06-18T14:35:38.549+0000] {processor.py:829} INFO - Processing file /opt/airflow/dags/binance_daily_dag.py for tasks to queue
[2026-06-18T14:35:38.551+0000] {logging_mixin.py:151} INFO - [2026-06-18T14:35:38.550+0000] {dagbag.py:539} INFO - Filling up the DagBag from /opt/airflow/dags/binance_daily_dag.py
[2026-06-18T14:35:42.375+0000] {logging_mixin.py:151} INFO - [2026-06-18T14:35:42.370+0000] {dagbag.py:347} ERROR - Failed to import: /opt/airflow/dags/binance_daily_dag.py
Traceback (most recent call last):
  File "/home/airflow/.local/lib/python3.10/site-packages/airflow/models/dagbag.py", line 343, in parse
    loader.exec_module(new_module)
  File "<frozen importlib._bootstrap_external>", line 883, in exec_module
  File "<frozen importlib._bootstrap>", line 241, in _call_with_frames_removed
  File "/opt/airflow/dags/binance_daily_dag.py", line 10, in <module>
    local_tz = pendulum.timezone("Asia/Ho_Chi_Minh")
NameError: name 'pendulum' is not defined
[2026-06-18T14:35:42.379+0000] {processor.py:841} WARNING - No viable dags retrieved from /opt/airflow/dags/binance_daily_dag.py
[2026-06-18T14:35:42.444+0000] {processor.py:179} INFO - Processing /opt/airflow/dags/binance_daily_dag.py took 3.905 seconds
[2026-06-18T14:36:12.651+0000] {processor.py:157} INFO - Started process (PID=8416) to work on /opt/airflow/dags/binance_daily_dag.py
[2026-06-18T14:36:12.653+0000] {processor.py:829} INFO - Processing file /opt/airflow/dags/binance_daily_dag.py for tasks to queue
[2026-06-18T14:36:12.655+0000] {logging_mixin.py:151} INFO - [2026-06-18T14:36:12.654+0000] {dagbag.py:539} INFO - Filling up the DagBag from /opt/airflow/dags/binance_daily_dag.py
[2026-06-18T14:36:16.807+0000] {logging_mixin.py:151} INFO - [2026-06-18T14:36:16.802+0000] {dagbag.py:347} ERROR - Failed to import: /opt/airflow/dags/binance_daily_dag.py
Traceback (most recent call last):
  File "/home/airflow/.local/lib/python3.10/site-packages/airflow/models/dagbag.py", line 343, in parse
    loader.exec_module(new_module)
  File "<frozen importlib._bootstrap_external>", line 883, in exec_module
  File "<frozen importlib._bootstrap>", line 241, in _call_with_frames_removed
  File "/opt/airflow/dags/binance_daily_dag.py", line 10, in <module>
    local_tz = pendulum.timezone("Asia/Ho_Chi_Minh")
NameError: name 'pendulum' is not defined
[2026-06-18T14:36:16.811+0000] {processor.py:841} WARNING - No viable dags retrieved from /opt/airflow/dags/binance_daily_dag.py
[2026-06-18T14:36:16.886+0000] {processor.py:179} INFO - Processing /opt/airflow/dags/binance_daily_dag.py took 4.241 seconds
[2026-06-18T14:36:47.076+0000] {processor.py:157} INFO - Started process (PID=8450) to work on /opt/airflow/dags/binance_daily_dag.py
[2026-06-18T14:36:47.077+0000] {processor.py:829} INFO - Processing file /opt/airflow/dags/binance_daily_dag.py for tasks to queue
[2026-06-18T14:36:47.079+0000] {logging_mixin.py:151} INFO - [2026-06-18T14:36:47.078+0000] {dagbag.py:539} INFO - Filling up the DagBag from /opt/airflow/dags/binance_daily_dag.py
[2026-06-18T14:36:50.862+0000] {logging_mixin.py:151} INFO - [2026-06-18T14:36:50.857+0000] {dagbag.py:347} ERROR - Failed to import: /opt/airflow/dags/binance_daily_dag.py
Traceback (most recent call last):
  File "/home/airflow/.local/lib/python3.10/site-packages/airflow/models/dagbag.py", line 343, in parse
    loader.exec_module(new_module)
  File "<frozen importlib._bootstrap_external>", line 883, in exec_module
  File "<frozen importlib._bootstrap>", line 241, in _call_with_frames_removed
  File "/opt/airflow/dags/binance_daily_dag.py", line 10, in <module>
    local_tz = pendulum.timezone("Asia/Ho_Chi_Minh")
NameError: name 'pendulum' is not defined
[2026-06-18T14:36:50.866+0000] {processor.py:841} WARNING - No viable dags retrieved from /opt/airflow/dags/binance_daily_dag.py
[2026-06-18T14:36:50.935+0000] {processor.py:179} INFO - Processing /opt/airflow/dags/binance_daily_dag.py took 3.865 seconds
[2026-06-18T14:37:21.512+0000] {processor.py:157} INFO - Started process (PID=8489) to work on /opt/airflow/dags/binance_daily_dag.py
[2026-06-18T14:37:21.514+0000] {processor.py:829} INFO - Processing file /opt/airflow/dags/binance_daily_dag.py for tasks to queue
[2026-06-18T14:37:21.515+0000] {logging_mixin.py:151} INFO - [2026-06-18T14:37:21.515+0000] {dagbag.py:539} INFO - Filling up the DagBag from /opt/airflow/dags/binance_daily_dag.py
[2026-06-18T14:37:25.160+0000] {logging_mixin.py:151} INFO - [2026-06-18T14:37:25.150+0000] {dagbag.py:347} ERROR - Failed to import: /opt/airflow/dags/binance_daily_dag.py
Traceback (most recent call last):
  File "/home/airflow/.local/lib/python3.10/site-packages/airflow/models/dagbag.py", line 343, in parse
    loader.exec_module(new_module)
  File "<frozen importlib._bootstrap_external>", line 883, in exec_module
  File "<frozen importlib._bootstrap>", line 241, in _call_with_frames_removed
  File "/opt/airflow/dags/binance_daily_dag.py", line 10, in <module>
    local_tz = pendulum.timezone("Asia/Ho_Chi_Minh")
NameError: name 'pendulum' is not defined
[2026-06-18T14:37:25.167+0000] {processor.py:841} WARNING - No viable dags retrieved from /opt/airflow/dags/binance_daily_dag.py
[2026-06-18T14:37:25.250+0000] {processor.py:179} INFO - Processing /opt/airflow/dags/binance_daily_dag.py took 3.743 seconds
[2026-06-18T14:37:55.885+0000] {processor.py:157} INFO - Started process (PID=8522) to work on /opt/airflow/dags/binance_daily_dag.py
[2026-06-18T14:37:55.887+0000] {processor.py:829} INFO - Processing file /opt/airflow/dags/binance_daily_dag.py for tasks to queue
[2026-06-18T14:37:55.889+0000] {logging_mixin.py:151} INFO - [2026-06-18T14:37:55.888+0000] {dagbag.py:539} INFO - Filling up the DagBag from /opt/airflow/dags/binance_daily_dag.py
[2026-06-18T14:37:59.669+0000] {logging_mixin.py:151} INFO - [2026-06-18T14:37:59.665+0000] {dagbag.py:347} ERROR - Failed to import: /opt/airflow/dags/binance_daily_dag.py
Traceback (most recent call last):
  File "/home/airflow/.local/lib/python3.10/site-packages/airflow/models/dagbag.py", line 343, in parse
    loader.exec_module(new_module)
  File "<frozen importlib._bootstrap_external>", line 883, in exec_module
  File "<frozen importlib._bootstrap>", line 241, in _call_with_frames_removed
  File "/opt/airflow/dags/binance_daily_dag.py", line 10, in <module>
    local_tz = pendulum.timezone("Asia/Ho_Chi_Minh")
NameError: name 'pendulum' is not defined
[2026-06-18T14:37:59.674+0000] {processor.py:841} WARNING - No viable dags retrieved from /opt/airflow/dags/binance_daily_dag.py
[2026-06-18T14:37:59.703+0000] {processor.py:179} INFO - Processing /opt/airflow/dags/binance_daily_dag.py took 3.825 seconds
[2026-06-18T14:38:30.132+0000] {processor.py:157} INFO - Started process (PID=8555) to work on /opt/airflow/dags/binance_daily_dag.py
[2026-06-18T14:38:30.134+0000] {processor.py:829} INFO - Processing file /opt/airflow/dags/binance_daily_dag.py for tasks to queue
[2026-06-18T14:38:30.135+0000] {logging_mixin.py:151} INFO - [2026-06-18T14:38:30.135+0000] {dagbag.py:539} INFO - Filling up the DagBag from /opt/airflow/dags/binance_daily_dag.py
[2026-06-18T14:38:33.821+0000] {logging_mixin.py:151} INFO - [2026-06-18T14:38:33.816+0000] {dagbag.py:347} ERROR - Failed to import: /opt/airflow/dags/binance_daily_dag.py
Traceback (most recent call last):
  File "/home/airflow/.local/lib/python3.10/site-packages/airflow/models/dagbag.py", line 343, in parse
    loader.exec_module(new_module)
  File "<frozen importlib._bootstrap_external>", line 883, in exec_module
  File "<frozen importlib._bootstrap>", line 241, in _call_with_frames_removed
  File "/opt/airflow/dags/binance_daily_dag.py", line 10, in <module>
    local_tz = pendulum.timezone("Asia/Ho_Chi_Minh")
NameError: name 'pendulum' is not defined
[2026-06-18T14:38:33.826+0000] {processor.py:841} WARNING - No viable dags retrieved from /opt/airflow/dags/binance_daily_dag.py
[2026-06-18T14:38:33.890+0000] {processor.py:179} INFO - Processing /opt/airflow/dags/binance_daily_dag.py took 3.765 seconds
[2026-06-18T14:39:04.035+0000] {processor.py:157} INFO - Started process (PID=8588) to work on /opt/airflow/dags/binance_daily_dag.py
[2026-06-18T14:39:04.037+0000] {processor.py:829} INFO - Processing file /opt/airflow/dags/binance_daily_dag.py for tasks to queue
[2026-06-18T14:39:04.039+0000] {logging_mixin.py:151} INFO - [2026-06-18T14:39:04.038+0000] {dagbag.py:539} INFO - Filling up the DagBag from /opt/airflow/dags/binance_daily_dag.py
[2026-06-18T14:39:08.044+0000] {logging_mixin.py:151} INFO - [2026-06-18T14:39:08.039+0000] {dagbag.py:347} ERROR - Failed to import: /opt/airflow/dags/binance_daily_dag.py
Traceback (most recent call last):
  File "/home/airflow/.local/lib/python3.10/site-packages/airflow/models/dagbag.py", line 343, in parse
    loader.exec_module(new_module)
  File "<frozen importlib._bootstrap_external>", line 883, in exec_module
  File "<frozen importlib._bootstrap>", line 241, in _call_with_frames_removed
  File "/opt/airflow/dags/binance_daily_dag.py", line 10, in <module>
    local_tz = pendulum.timezone("Asia/Ho_Chi_Minh")
NameError: name 'pendulum' is not defined
[2026-06-18T14:39:08.049+0000] {processor.py:841} WARNING - No viable dags retrieved from /opt/airflow/dags/binance_daily_dag.py
[2026-06-18T14:39:08.114+0000] {processor.py:179} INFO - Processing /opt/airflow/dags/binance_daily_dag.py took 4.084 seconds
[2026-06-18T14:39:38.446+0000] {processor.py:157} INFO - Started process (PID=8628) to work on /opt/airflow/dags/binance_daily_dag.py
[2026-06-18T14:39:38.448+0000] {processor.py:829} INFO - Processing file /opt/airflow/dags/binance_daily_dag.py for tasks to queue
[2026-06-18T14:39:38.449+0000] {logging_mixin.py:151} INFO - [2026-06-18T14:39:38.449+0000] {dagbag.py:539} INFO - Filling up the DagBag from /opt/airflow/dags/binance_daily_dag.py
[2026-06-18T14:39:42.227+0000] {logging_mixin.py:151} INFO - [2026-06-18T14:39:42.221+0000] {dagbag.py:347} ERROR - Failed to import: /opt/airflow/dags/binance_daily_dag.py
Traceback (most recent call last):
  File "/home/airflow/.local/lib/python3.10/site-packages/airflow/models/dagbag.py", line 343, in parse
    loader.exec_module(new_module)
  File "<frozen importlib._bootstrap_external>", line 883, in exec_module
  File "<frozen importlib._bootstrap>", line 241, in _call_with_frames_removed
  File "/opt/airflow/dags/binance_daily_dag.py", line 10, in <module>
    local_tz = pendulum.timezone("Asia/Ho_Chi_Minh")
NameError: name 'pendulum' is not defined
[2026-06-18T14:39:42.231+0000] {processor.py:841} WARNING - No viable dags retrieved from /opt/airflow/dags/binance_daily_dag.py
[2026-06-18T14:39:42.257+0000] {processor.py:179} INFO - Processing /opt/airflow/dags/binance_daily_dag.py took 3.817 seconds
[2026-06-18T14:40:13.026+0000] {processor.py:157} INFO - Started process (PID=8661) to work on /opt/airflow/dags/binance_daily_dag.py
[2026-06-18T14:40:13.028+0000] {processor.py:829} INFO - Processing file /opt/airflow/dags/binance_daily_dag.py for tasks to queue
[2026-06-18T14:40:13.030+0000] {logging_mixin.py:151} INFO - [2026-06-18T14:40:13.030+0000] {dagbag.py:539} INFO - Filling up the DagBag from /opt/airflow/dags/binance_daily_dag.py
[2026-06-18T14:40:16.674+0000] {logging_mixin.py:151} INFO - [2026-06-18T14:40:16.671+0000] {dagbag.py:347} ERROR - Failed to import: /opt/airflow/dags/binance_daily_dag.py
Traceback (most recent call last):
  File "/home/airflow/.local/lib/python3.10/site-packages/airflow/models/dagbag.py", line 343, in parse
    loader.exec_module(new_module)
  File "<frozen importlib._bootstrap_external>", line 883, in exec_module
  File "<frozen importlib._bootstrap>", line 241, in _call_with_frames_removed
  File "/opt/airflow/dags/binance_daily_dag.py", line 10, in <module>
    local_tz = pendulum.timezone("Asia/Ho_Chi_Minh")
NameError: name 'pendulum' is not defined
[2026-06-18T14:40:16.677+0000] {processor.py:841} WARNING - No viable dags retrieved from /opt/airflow/dags/binance_daily_dag.py
[2026-06-18T14:40:16.727+0000] {processor.py:179} INFO - Processing /opt/airflow/dags/binance_daily_dag.py took 3.707 seconds
