[2026-06-19T05:45:59.566+0000] {processor.py:157} INFO - Started process (PID=8695) to work on /opt/airflow/dags/models/BTC_s1_n10_lstm_model.pth
[2026-06-19T05:45:59.568+0000] {processor.py:829} INFO - Processing file /opt/airflow/dags/models/BTC_s1_n10_lstm_model.pth for tasks to queue
[2026-06-19T05:45:59.575+0000] {logging_mixin.py:151} INFO - [2026-06-19T05:45:59.574+0000] {dagbag.py:539} INFO - Filling up the DagBag from /opt/airflow/dags/models/BTC_s1_n10_lstm_model.pth
[2026-06-19T05:45:59.612+0000] {processor.py:841} WARNING - No viable dags retrieved from /opt/airflow/dags/models/BTC_s1_n10_lstm_model.pth
[2026-06-19T05:45:59.641+0000] {processor.py:179} INFO - Processing /opt/airflow/dags/models/BTC_s1_n10_lstm_model.pth took 0.082 seconds
[2026-06-19T05:46:31.793+0000] {processor.py:157} INFO - Started process (PID=8721) to work on /opt/airflow/dags/models/BTC_s1_n10_lstm_model.pth
[2026-06-19T05:46:31.797+0000] {processor.py:829} INFO - Processing file /opt/airflow/dags/models/BTC_s1_n10_lstm_model.pth for tasks to queue
[2026-06-19T05:46:31.800+0000] {logging_mixin.py:151} INFO - [2026-06-19T05:46:31.799+0000] {dagbag.py:539} INFO - Filling up the DagBag from /opt/airflow/dags/models/BTC_s1_n10_lstm_model.pth
[2026-06-19T05:46:31.838+0000] {processor.py:841} WARNING - No viable dags retrieved from /opt/airflow/dags/models/BTC_s1_n10_lstm_model.pth
[2026-06-19T05:46:31.874+0000] {processor.py:179} INFO - Processing /opt/airflow/dags/models/BTC_s1_n10_lstm_model.pth took 0.087 seconds
[2026-06-19T05:47:02.442+0000] {processor.py:157} INFO - Started process (PID=8746) to work on /opt/airflow/dags/models/BTC_s1_n10_lstm_model.pth
[2026-06-19T05:47:02.444+0000] {processor.py:829} INFO - Processing file /opt/airflow/dags/models/BTC_s1_n10_lstm_model.pth for tasks to queue
[2026-06-19T05:47:02.446+0000] {logging_mixin.py:151} INFO - [2026-06-19T05:47:02.445+0000] {dagbag.py:539} INFO - Filling up the DagBag from /opt/airflow/dags/models/BTC_s1_n10_lstm_model.pth
[2026-06-19T05:47:02.465+0000] {processor.py:841} WARNING - No viable dags retrieved from /opt/airflow/dags/models/BTC_s1_n10_lstm_model.pth
[2026-06-19T05:47:02.509+0000] {processor.py:179} INFO - Processing /opt/airflow/dags/models/BTC_s1_n10_lstm_model.pth took 0.073 seconds
[2026-06-19T05:47:32.702+0000] {processor.py:157} INFO - Started process (PID=8776) to work on /opt/airflow/dags/models/BTC_s1_n10_lstm_model.pth
[2026-06-19T05:47:32.704+0000] {processor.py:829} INFO - Processing file /opt/airflow/dags/models/BTC_s1_n10_lstm_model.pth for tasks to queue
[2026-06-19T05:47:32.705+0000] {logging_mixin.py:151} INFO - [2026-06-19T05:47:32.705+0000] {dagbag.py:539} INFO - Filling up the DagBag from /opt/airflow/dags/models/BTC_s1_n10_lstm_model.pth
[2026-06-19T05:47:32.723+0000] {processor.py:841} WARNING - No viable dags retrieved from /opt/airflow/dags/models/BTC_s1_n10_lstm_model.pth
[2026-06-19T05:47:32.743+0000] {processor.py:179} INFO - Processing /opt/airflow/dags/models/BTC_s1_n10_lstm_model.pth took 0.045 seconds
[2026-06-19T05:48:03.167+0000] {processor.py:157} INFO - Started process (PID=8809) to work on /opt/airflow/dags/models/BTC_s1_n10_lstm_model.pth
[2026-06-19T05:48:03.169+0000] {processor.py:829} INFO - Processing file /opt/airflow/dags/models/BTC_s1_n10_lstm_model.pth for tasks to queue
[2026-06-19T05:48:03.170+0000] {logging_mixin.py:151} INFO - [2026-06-19T05:48:03.170+0000] {dagbag.py:539} INFO - Filling up the DagBag from /opt/airflow/dags/models/BTC_s1_n10_lstm_model.pth
[2026-06-19T05:48:03.191+0000] {processor.py:841} WARNING - No viable dags retrieved from /opt/airflow/dags/models/BTC_s1_n10_lstm_model.pth
[2026-06-19T05:48:03.213+0000] {processor.py:179} INFO - Processing /opt/airflow/dags/models/BTC_s1_n10_lstm_model.pth took 0.051 seconds
[2026-06-19T05:48:33.533+0000] {processor.py:157} INFO - Started process (PID=8842) to work on /opt/airflow/dags/models/BTC_s1_n10_lstm_model.pth
[2026-06-19T05:48:33.535+0000] {processor.py:829} INFO - Processing file /opt/airflow/dags/models/BTC_s1_n10_lstm_model.pth for tasks to queue
[2026-06-19T05:48:33.536+0000] {logging_mixin.py:151} INFO - [2026-06-19T05:48:33.535+0000] {dagbag.py:539} INFO - Filling up the DagBag from /opt/airflow/dags/models/BTC_s1_n10_lstm_model.pth
[2026-06-19T05:48:33.547+0000] {processor.py:841} WARNING - No viable dags retrieved from /opt/airflow/dags/models/BTC_s1_n10_lstm_model.pth
[2026-06-19T05:48:33.565+0000] {processor.py:179} INFO - Processing /opt/airflow/dags/models/BTC_s1_n10_lstm_model.pth took 0.035 seconds
[2026-06-19T05:49:03.847+0000] {processor.py:157} INFO - Started process (PID=8875) to work on /opt/airflow/dags/models/BTC_s1_n10_lstm_model.pth
[2026-06-19T05:49:03.848+0000] {processor.py:829} INFO - Processing file /opt/airflow/dags/models/BTC_s1_n10_lstm_model.pth for tasks to queue
[2026-06-19T05:49:03.849+0000] {logging_mixin.py:151} INFO - [2026-06-19T05:49:03.849+0000] {dagbag.py:539} INFO - Filling up the DagBag from /opt/airflow/dags/models/BTC_s1_n10_lstm_model.pth
[2026-06-19T05:49:03.859+0000] {processor.py:841} WARNING - No viable dags retrieved from /opt/airflow/dags/models/BTC_s1_n10_lstm_model.pth
[2026-06-19T05:49:03.873+0000] {processor.py:179} INFO - Processing /opt/airflow/dags/models/BTC_s1_n10_lstm_model.pth took 0.030 seconds
[2026-06-19T05:49:34.164+0000] {processor.py:157} INFO - Started process (PID=8908) to work on /opt/airflow/dags/models/BTC_s1_n10_lstm_model.pth
[2026-06-19T05:49:34.166+0000] {processor.py:829} INFO - Processing file /opt/airflow/dags/models/BTC_s1_n10_lstm_model.pth for tasks to queue
[2026-06-19T05:49:34.167+0000] {logging_mixin.py:151} INFO - [2026-06-19T05:49:34.167+0000] {dagbag.py:539} INFO - Filling up the DagBag from /opt/airflow/dags/models/BTC_s1_n10_lstm_model.pth
[2026-06-19T05:49:34.185+0000] {processor.py:841} WARNING - No viable dags retrieved from /opt/airflow/dags/models/BTC_s1_n10_lstm_model.pth
[2026-06-19T05:49:34.204+0000] {processor.py:179} INFO - Processing /opt/airflow/dags/models/BTC_s1_n10_lstm_model.pth took 0.047 seconds
[2026-06-19T05:50:04.511+0000] {processor.py:157} INFO - Started process (PID=8939) to work on /opt/airflow/dags/models/BTC_s1_n10_lstm_model.pth
[2026-06-19T05:50:04.515+0000] {processor.py:829} INFO - Processing file /opt/airflow/dags/models/BTC_s1_n10_lstm_model.pth for tasks to queue
[2026-06-19T05:50:04.518+0000] {logging_mixin.py:151} INFO - [2026-06-19T05:50:04.517+0000] {dagbag.py:539} INFO - Filling up the DagBag from /opt/airflow/dags/models/BTC_s1_n10_lstm_model.pth
[2026-06-19T05:50:04.540+0000] {processor.py:841} WARNING - No viable dags retrieved from /opt/airflow/dags/models/BTC_s1_n10_lstm_model.pth
[2026-06-19T05:50:04.583+0000] {processor.py:179} INFO - Processing /opt/airflow/dags/models/BTC_s1_n10_lstm_model.pth took 0.086 seconds
[2026-06-19T05:50:34.774+0000] {processor.py:157} INFO - Started process (PID=8967) to work on /opt/airflow/dags/models/BTC_s1_n10_lstm_model.pth
[2026-06-19T05:50:34.776+0000] {processor.py:829} INFO - Processing file /opt/airflow/dags/models/BTC_s1_n10_lstm_model.pth for tasks to queue
[2026-06-19T05:50:34.777+0000] {logging_mixin.py:151} INFO - [2026-06-19T05:50:34.777+0000] {dagbag.py:539} INFO - Filling up the DagBag from /opt/airflow/dags/models/BTC_s1_n10_lstm_model.pth
[2026-06-19T05:50:34.795+0000] {processor.py:841} WARNING - No viable dags retrieved from /opt/airflow/dags/models/BTC_s1_n10_lstm_model.pth
[2026-06-19T05:50:34.812+0000] {processor.py:179} INFO - Processing /opt/airflow/dags/models/BTC_s1_n10_lstm_model.pth took 0.044 seconds
[2026-06-19T05:51:12.307+0000] {processor.py:157} INFO - Started process (PID=8998) to work on /opt/airflow/dags/models/BTC_s1_n10_lstm_model.pth
[2026-06-19T05:51:12.319+0000] {processor.py:829} INFO - Processing file /opt/airflow/dags/models/BTC_s1_n10_lstm_model.pth for tasks to queue
[2026-06-19T05:51:12.325+0000] {logging_mixin.py:151} INFO - [2026-06-19T05:51:12.324+0000] {dagbag.py:539} INFO - Filling up the DagBag from /opt/airflow/dags/models/BTC_s1_n10_lstm_model.pth
[2026-06-19T05:51:12.406+0000] {processor.py:841} WARNING - No viable dags retrieved from /opt/airflow/dags/models/BTC_s1_n10_lstm_model.pth
[2026-06-19T05:51:12.449+0000] {processor.py:179} INFO - Processing /opt/airflow/dags/models/BTC_s1_n10_lstm_model.pth took 0.147 seconds
[2026-06-19T05:51:42.669+0000] {processor.py:157} INFO - Started process (PID=9023) to work on /opt/airflow/dags/models/BTC_s1_n10_lstm_model.pth
[2026-06-19T05:51:42.671+0000] {processor.py:829} INFO - Processing file /opt/airflow/dags/models/BTC_s1_n10_lstm_model.pth for tasks to queue
[2026-06-19T05:51:42.674+0000] {logging_mixin.py:151} INFO - [2026-06-19T05:51:42.673+0000] {dagbag.py:539} INFO - Filling up the DagBag from /opt/airflow/dags/models/BTC_s1_n10_lstm_model.pth
[2026-06-19T05:51:42.723+0000] {processor.py:841} WARNING - No viable dags retrieved from /opt/airflow/dags/models/BTC_s1_n10_lstm_model.pth
[2026-06-19T05:51:42.765+0000] {processor.py:179} INFO - Processing /opt/airflow/dags/models/BTC_s1_n10_lstm_model.pth took 0.103 seconds
[2026-06-19T05:52:12.910+0000] {processor.py:157} INFO - Started process (PID=9056) to work on /opt/airflow/dags/models/BTC_s1_n10_lstm_model.pth
[2026-06-19T05:52:12.913+0000] {processor.py:829} INFO - Processing file /opt/airflow/dags/models/BTC_s1_n10_lstm_model.pth for tasks to queue
[2026-06-19T05:52:12.915+0000] {logging_mixin.py:151} INFO - [2026-06-19T05:52:12.915+0000] {dagbag.py:539} INFO - Filling up the DagBag from /opt/airflow/dags/models/BTC_s1_n10_lstm_model.pth
[2026-06-19T05:52:12.950+0000] {processor.py:841} WARNING - No viable dags retrieved from /opt/airflow/dags/models/BTC_s1_n10_lstm_model.pth
[2026-06-19T05:52:13.014+0000] {processor.py:179} INFO - Processing /opt/airflow/dags/models/BTC_s1_n10_lstm_model.pth took 0.112 seconds
[2026-06-19T05:52:43.259+0000] {processor.py:157} INFO - Started process (PID=9093) to work on /opt/airflow/dags/models/BTC_s1_n10_lstm_model.pth
[2026-06-19T05:52:43.261+0000] {processor.py:829} INFO - Processing file /opt/airflow/dags/models/BTC_s1_n10_lstm_model.pth for tasks to queue
[2026-06-19T05:52:43.263+0000] {logging_mixin.py:151} INFO - [2026-06-19T05:52:43.262+0000] {dagbag.py:539} INFO - Filling up the DagBag from /opt/airflow/dags/models/BTC_s1_n10_lstm_model.pth
[2026-06-19T05:52:43.284+0000] {processor.py:841} WARNING - No viable dags retrieved from /opt/airflow/dags/models/BTC_s1_n10_lstm_model.pth
[2026-06-19T05:52:43.310+0000] {processor.py:179} INFO - Processing /opt/airflow/dags/models/BTC_s1_n10_lstm_model.pth took 0.059 seconds
[2026-06-19T01:40:54.725+0000] {processor.py:157} INFO - Started process (PID=214) to work on /opt/airflow/dags/models/BTC_s1_n10_lstm_model.pth
[2026-06-19T01:40:54.726+0000] {processor.py:829} INFO - Processing file /opt/airflow/dags/models/BTC_s1_n10_lstm_model.pth for tasks to queue
[2026-06-19T01:40:54.726+0000] {logging_mixin.py:151} INFO - [2026-06-19T01:40:54.726+0000] {dagbag.py:539} INFO - Filling up the DagBag from /opt/airflow/dags/models/BTC_s1_n10_lstm_model.pth
[2026-06-19T01:40:54.735+0000] {processor.py:841} WARNING - No viable dags retrieved from /opt/airflow/dags/models/BTC_s1_n10_lstm_model.pth
[2026-06-19T01:40:54.751+0000] {processor.py:179} INFO - Processing /opt/airflow/dags/models/BTC_s1_n10_lstm_model.pth took 0.029 seconds
[2026-06-19T01:41:25.753+0000] {processor.py:157} INFO - Started process (PID=295) to work on /opt/airflow/dags/models/BTC_s1_n10_lstm_model.pth
[2026-06-19T01:41:25.760+0000] {processor.py:829} INFO - Processing file /opt/airflow/dags/models/BTC_s1_n10_lstm_model.pth for tasks to queue
[2026-06-19T01:41:25.766+0000] {logging_mixin.py:151} INFO - [2026-06-19T01:41:25.766+0000] {dagbag.py:539} INFO - Filling up the DagBag from /opt/airflow/dags/models/BTC_s1_n10_lstm_model.pth
[2026-06-19T01:41:25.792+0000] {processor.py:841} WARNING - No viable dags retrieved from /opt/airflow/dags/models/BTC_s1_n10_lstm_model.pth
[2026-06-19T01:41:25.826+0000] {processor.py:179} INFO - Processing /opt/airflow/dags/models/BTC_s1_n10_lstm_model.pth took 0.080 seconds
[2026-06-19T01:41:56.607+0000] {processor.py:157} INFO - Started process (PID=372) to work on /opt/airflow/dags/models/BTC_s1_n10_lstm_model.pth
[2026-06-19T01:41:56.608+0000] {processor.py:829} INFO - Processing file /opt/airflow/dags/models/BTC_s1_n10_lstm_model.pth for tasks to queue
[2026-06-19T01:41:56.609+0000] {logging_mixin.py:151} INFO - [2026-06-19T01:41:56.609+0000] {dagbag.py:539} INFO - Filling up the DagBag from /opt/airflow/dags/models/BTC_s1_n10_lstm_model.pth
[2026-06-19T01:41:56.618+0000] {processor.py:841} WARNING - No viable dags retrieved from /opt/airflow/dags/models/BTC_s1_n10_lstm_model.pth
[2026-06-19T01:41:56.635+0000] {processor.py:179} INFO - Processing /opt/airflow/dags/models/BTC_s1_n10_lstm_model.pth took 0.031 seconds
[2026-06-19T01:42:27.266+0000] {processor.py:157} INFO - Started process (PID=468) to work on /opt/airflow/dags/models/BTC_s1_n10_lstm_model.pth
[2026-06-19T01:42:27.268+0000] {processor.py:829} INFO - Processing file /opt/airflow/dags/models/BTC_s1_n10_lstm_model.pth for tasks to queue
[2026-06-19T01:42:27.272+0000] {logging_mixin.py:151} INFO - [2026-06-19T01:42:27.270+0000] {dagbag.py:539} INFO - Filling up the DagBag from /opt/airflow/dags/models/BTC_s1_n10_lstm_model.pth
[2026-06-19T01:42:27.290+0000] {processor.py:841} WARNING - No viable dags retrieved from /opt/airflow/dags/models/BTC_s1_n10_lstm_model.pth
[2026-06-19T01:42:27.307+0000] {processor.py:179} INFO - Processing /opt/airflow/dags/models/BTC_s1_n10_lstm_model.pth took 0.046 seconds
[2026-06-19T01:42:57.639+0000] {processor.py:157} INFO - Started process (PID=560) to work on /opt/airflow/dags/models/BTC_s1_n10_lstm_model.pth
[2026-06-19T01:42:57.641+0000] {processor.py:829} INFO - Processing file /opt/airflow/dags/models/BTC_s1_n10_lstm_model.pth for tasks to queue
[2026-06-19T01:42:57.643+0000] {logging_mixin.py:151} INFO - [2026-06-19T01:42:57.643+0000] {dagbag.py:539} INFO - Filling up the DagBag from /opt/airflow/dags/models/BTC_s1_n10_lstm_model.pth
[2026-06-19T01:42:57.654+0000] {processor.py:841} WARNING - No viable dags retrieved from /opt/airflow/dags/models/BTC_s1_n10_lstm_model.pth
[2026-06-19T01:42:57.673+0000] {processor.py:179} INFO - Processing /opt/airflow/dags/models/BTC_s1_n10_lstm_model.pth took 0.038 seconds
[2026-06-19T08:43:17.076+0000] {processor.py:157} INFO - Started process (PID=612) to work on /opt/airflow/dags/models/BTC_s1_n10_lstm_model.pth
[2026-06-19T08:43:17.082+0000] {processor.py:829} INFO - Processing file /opt/airflow/dags/models/BTC_s1_n10_lstm_model.pth for tasks to queue
[2026-06-19T08:43:17.090+0000] {logging_mixin.py:151} INFO - [2026-06-19T08:43:17.089+0000] {dagbag.py:539} INFO - Filling up the DagBag from /opt/airflow/dags/models/BTC_s1_n10_lstm_model.pth
[2026-06-19T08:43:17.159+0000] {processor.py:841} WARNING - No viable dags retrieved from /opt/airflow/dags/models/BTC_s1_n10_lstm_model.pth
[2026-06-19T08:43:17.193+0000] {processor.py:179} INFO - Processing /opt/airflow/dags/models/BTC_s1_n10_lstm_model.pth took 0.138 seconds
[2026-06-19T08:43:50.920+0000] {processor.py:157} INFO - Started process (PID=646) to work on /opt/airflow/dags/models/BTC_s1_n10_lstm_model.pth
[2026-06-19T08:43:50.922+0000] {processor.py:829} INFO - Processing file /opt/airflow/dags/models/BTC_s1_n10_lstm_model.pth for tasks to queue
[2026-06-19T08:43:50.924+0000] {logging_mixin.py:151} INFO - [2026-06-19T08:43:50.923+0000] {dagbag.py:539} INFO - Filling up the DagBag from /opt/airflow/dags/models/BTC_s1_n10_lstm_model.pth
[2026-06-19T08:43:50.947+0000] {processor.py:841} WARNING - No viable dags retrieved from /opt/airflow/dags/models/BTC_s1_n10_lstm_model.pth
[2026-06-19T08:43:50.975+0000] {processor.py:179} INFO - Processing /opt/airflow/dags/models/BTC_s1_n10_lstm_model.pth took 0.061 seconds
[2026-06-19T08:44:23.869+0000] {processor.py:157} INFO - Started process (PID=680) to work on /opt/airflow/dags/models/BTC_s1_n10_lstm_model.pth
[2026-06-19T08:44:23.871+0000] {processor.py:829} INFO - Processing file /opt/airflow/dags/models/BTC_s1_n10_lstm_model.pth for tasks to queue
[2026-06-19T08:44:23.872+0000] {logging_mixin.py:151} INFO - [2026-06-19T08:44:23.871+0000] {dagbag.py:539} INFO - Filling up the DagBag from /opt/airflow/dags/models/BTC_s1_n10_lstm_model.pth
[2026-06-19T08:44:23.880+0000] {processor.py:841} WARNING - No viable dags retrieved from /opt/airflow/dags/models/BTC_s1_n10_lstm_model.pth
[2026-06-19T08:44:23.897+0000] {processor.py:179} INFO - Processing /opt/airflow/dags/models/BTC_s1_n10_lstm_model.pth took 0.031 seconds
[2026-06-19T08:44:57.693+0000] {processor.py:157} INFO - Started process (PID=711) to work on /opt/airflow/dags/models/BTC_s1_n10_lstm_model.pth
[2026-06-19T08:44:57.695+0000] {processor.py:829} INFO - Processing file /opt/airflow/dags/models/BTC_s1_n10_lstm_model.pth for tasks to queue
[2026-06-19T08:44:57.695+0000] {logging_mixin.py:151} INFO - [2026-06-19T08:44:57.695+0000] {dagbag.py:539} INFO - Filling up the DagBag from /opt/airflow/dags/models/BTC_s1_n10_lstm_model.pth
[2026-06-19T08:44:57.704+0000] {processor.py:841} WARNING - No viable dags retrieved from /opt/airflow/dags/models/BTC_s1_n10_lstm_model.pth
[2026-06-19T08:44:57.719+0000] {processor.py:179} INFO - Processing /opt/airflow/dags/models/BTC_s1_n10_lstm_model.pth took 0.029 seconds
[2026-06-19T08:45:29.069+0000] {processor.py:157} INFO - Started process (PID=737) to work on /opt/airflow/dags/models/BTC_s1_n10_lstm_model.pth
[2026-06-19T08:45:29.070+0000] {processor.py:829} INFO - Processing file /opt/airflow/dags/models/BTC_s1_n10_lstm_model.pth for tasks to queue
[2026-06-19T08:45:29.071+0000] {logging_mixin.py:151} INFO - [2026-06-19T08:45:29.070+0000] {dagbag.py:539} INFO - Filling up the DagBag from /opt/airflow/dags/models/BTC_s1_n10_lstm_model.pth
[2026-06-19T08:45:29.079+0000] {processor.py:841} WARNING - No viable dags retrieved from /opt/airflow/dags/models/BTC_s1_n10_lstm_model.pth
[2026-06-19T08:45:29.092+0000] {processor.py:179} INFO - Processing /opt/airflow/dags/models/BTC_s1_n10_lstm_model.pth took 0.027 seconds
[2026-06-19T08:45:59.389+0000] {processor.py:157} INFO - Started process (PID=762) to work on /opt/airflow/dags/models/BTC_s1_n10_lstm_model.pth
[2026-06-19T08:45:59.391+0000] {processor.py:829} INFO - Processing file /opt/airflow/dags/models/BTC_s1_n10_lstm_model.pth for tasks to queue
[2026-06-19T08:45:59.392+0000] {logging_mixin.py:151} INFO - [2026-06-19T08:45:59.392+0000] {dagbag.py:539} INFO - Filling up the DagBag from /opt/airflow/dags/models/BTC_s1_n10_lstm_model.pth
[2026-06-19T08:45:59.402+0000] {processor.py:841} WARNING - No viable dags retrieved from /opt/airflow/dags/models/BTC_s1_n10_lstm_model.pth
[2026-06-19T08:45:59.421+0000] {processor.py:179} INFO - Processing /opt/airflow/dags/models/BTC_s1_n10_lstm_model.pth took 0.036 seconds
[2026-06-19T08:46:29.538+0000] {processor.py:157} INFO - Started process (PID=792) to work on /opt/airflow/dags/models/BTC_s1_n10_lstm_model.pth
[2026-06-19T08:46:29.540+0000] {processor.py:829} INFO - Processing file /opt/airflow/dags/models/BTC_s1_n10_lstm_model.pth for tasks to queue
[2026-06-19T08:46:29.541+0000] {logging_mixin.py:151} INFO - [2026-06-19T08:46:29.541+0000] {dagbag.py:539} INFO - Filling up the DagBag from /opt/airflow/dags/models/BTC_s1_n10_lstm_model.pth
[2026-06-19T08:46:29.550+0000] {processor.py:841} WARNING - No viable dags retrieved from /opt/airflow/dags/models/BTC_s1_n10_lstm_model.pth
[2026-06-19T08:46:29.569+0000] {processor.py:179} INFO - Processing /opt/airflow/dags/models/BTC_s1_n10_lstm_model.pth took 0.035 seconds
[2026-06-19T08:46:59.946+0000] {processor.py:157} INFO - Started process (PID=825) to work on /opt/airflow/dags/models/BTC_s1_n10_lstm_model.pth
[2026-06-19T08:46:59.948+0000] {processor.py:829} INFO - Processing file /opt/airflow/dags/models/BTC_s1_n10_lstm_model.pth for tasks to queue
[2026-06-19T08:46:59.949+0000] {logging_mixin.py:151} INFO - [2026-06-19T08:46:59.948+0000] {dagbag.py:539} INFO - Filling up the DagBag from /opt/airflow/dags/models/BTC_s1_n10_lstm_model.pth
[2026-06-19T08:46:59.957+0000] {processor.py:841} WARNING - No viable dags retrieved from /opt/airflow/dags/models/BTC_s1_n10_lstm_model.pth
[2026-06-19T08:46:59.975+0000] {processor.py:179} INFO - Processing /opt/airflow/dags/models/BTC_s1_n10_lstm_model.pth took 0.032 seconds
[2026-06-19T08:47:30.233+0000] {processor.py:157} INFO - Started process (PID=858) to work on /opt/airflow/dags/models/BTC_s1_n10_lstm_model.pth
[2026-06-19T08:47:30.234+0000] {processor.py:829} INFO - Processing file /opt/airflow/dags/models/BTC_s1_n10_lstm_model.pth for tasks to queue
[2026-06-19T08:47:30.235+0000] {logging_mixin.py:151} INFO - [2026-06-19T08:47:30.235+0000] {dagbag.py:539} INFO - Filling up the DagBag from /opt/airflow/dags/models/BTC_s1_n10_lstm_model.pth
[2026-06-19T08:47:30.244+0000] {processor.py:841} WARNING - No viable dags retrieved from /opt/airflow/dags/models/BTC_s1_n10_lstm_model.pth
[2026-06-19T08:47:30.260+0000] {processor.py:179} INFO - Processing /opt/airflow/dags/models/BTC_s1_n10_lstm_model.pth took 0.030 seconds
[2026-06-19T08:48:00.659+0000] {processor.py:157} INFO - Started process (PID=891) to work on /opt/airflow/dags/models/BTC_s1_n10_lstm_model.pth
[2026-06-19T08:48:00.661+0000] {processor.py:829} INFO - Processing file /opt/airflow/dags/models/BTC_s1_n10_lstm_model.pth for tasks to queue
[2026-06-19T08:48:00.663+0000] {logging_mixin.py:151} INFO - [2026-06-19T08:48:00.662+0000] {dagbag.py:539} INFO - Filling up the DagBag from /opt/airflow/dags/models/BTC_s1_n10_lstm_model.pth
[2026-06-19T08:48:00.674+0000] {processor.py:841} WARNING - No viable dags retrieved from /opt/airflow/dags/models/BTC_s1_n10_lstm_model.pth
[2026-06-19T08:48:00.695+0000] {processor.py:179} INFO - Processing /opt/airflow/dags/models/BTC_s1_n10_lstm_model.pth took 0.040 seconds
[2026-06-19T08:48:31.295+0000] {processor.py:157} INFO - Started process (PID=934) to work on /opt/airflow/dags/models/BTC_s1_n10_lstm_model.pth
[2026-06-19T08:48:31.297+0000] {processor.py:829} INFO - Processing file /opt/airflow/dags/models/BTC_s1_n10_lstm_model.pth for tasks to queue
[2026-06-19T08:48:31.300+0000] {logging_mixin.py:151} INFO - [2026-06-19T08:48:31.299+0000] {dagbag.py:539} INFO - Filling up the DagBag from /opt/airflow/dags/models/BTC_s1_n10_lstm_model.pth
[2026-06-19T08:48:31.322+0000] {processor.py:841} WARNING - No viable dags retrieved from /opt/airflow/dags/models/BTC_s1_n10_lstm_model.pth
[2026-06-19T08:48:31.368+0000] {processor.py:179} INFO - Processing /opt/airflow/dags/models/BTC_s1_n10_lstm_model.pth took 0.084 seconds
[2026-06-19T08:49:02.304+0000] {processor.py:157} INFO - Started process (PID=991) to work on /opt/airflow/dags/models/BTC_s1_n10_lstm_model.pth
[2026-06-19T08:49:02.306+0000] {processor.py:829} INFO - Processing file /opt/airflow/dags/models/BTC_s1_n10_lstm_model.pth for tasks to queue
[2026-06-19T08:49:02.306+0000] {logging_mixin.py:151} INFO - [2026-06-19T08:49:02.306+0000] {dagbag.py:539} INFO - Filling up the DagBag from /opt/airflow/dags/models/BTC_s1_n10_lstm_model.pth
[2026-06-19T08:49:02.315+0000] {processor.py:841} WARNING - No viable dags retrieved from /opt/airflow/dags/models/BTC_s1_n10_lstm_model.pth
[2026-06-19T08:49:02.331+0000] {processor.py:179} INFO - Processing /opt/airflow/dags/models/BTC_s1_n10_lstm_model.pth took 0.031 seconds
[2026-06-19T08:49:32.622+0000] {processor.py:157} INFO - Started process (PID=1024) to work on /opt/airflow/dags/models/BTC_s1_n10_lstm_model.pth
[2026-06-19T08:49:32.624+0000] {processor.py:829} INFO - Processing file /opt/airflow/dags/models/BTC_s1_n10_lstm_model.pth for tasks to queue
[2026-06-19T08:49:32.624+0000] {logging_mixin.py:151} INFO - [2026-06-19T08:49:32.624+0000] {dagbag.py:539} INFO - Filling up the DagBag from /opt/airflow/dags/models/BTC_s1_n10_lstm_model.pth
[2026-06-19T08:49:32.632+0000] {processor.py:841} WARNING - No viable dags retrieved from /opt/airflow/dags/models/BTC_s1_n10_lstm_model.pth
[2026-06-19T08:49:32.654+0000] {processor.py:179} INFO - Processing /opt/airflow/dags/models/BTC_s1_n10_lstm_model.pth took 0.036 seconds
[2026-06-19T08:50:03.267+0000] {processor.py:157} INFO - Started process (PID=1057) to work on /opt/airflow/dags/models/BTC_s1_n10_lstm_model.pth
[2026-06-19T08:50:03.269+0000] {processor.py:829} INFO - Processing file /opt/airflow/dags/models/BTC_s1_n10_lstm_model.pth for tasks to queue
[2026-06-19T08:50:03.270+0000] {logging_mixin.py:151} INFO - [2026-06-19T08:50:03.270+0000] {dagbag.py:539} INFO - Filling up the DagBag from /opt/airflow/dags/models/BTC_s1_n10_lstm_model.pth
[2026-06-19T08:50:03.280+0000] {processor.py:841} WARNING - No viable dags retrieved from /opt/airflow/dags/models/BTC_s1_n10_lstm_model.pth
[2026-06-19T08:50:03.299+0000] {processor.py:179} INFO - Processing /opt/airflow/dags/models/BTC_s1_n10_lstm_model.pth took 0.036 seconds
[2026-06-19T08:50:35.974+0000] {processor.py:157} INFO - Started process (PID=1088) to work on /opt/airflow/dags/models/BTC_s1_n10_lstm_model.pth
[2026-06-19T08:50:35.976+0000] {processor.py:829} INFO - Processing file /opt/airflow/dags/models/BTC_s1_n10_lstm_model.pth for tasks to queue
[2026-06-19T08:50:35.977+0000] {logging_mixin.py:151} INFO - [2026-06-19T08:50:35.977+0000] {dagbag.py:539} INFO - Filling up the DagBag from /opt/airflow/dags/models/BTC_s1_n10_lstm_model.pth
[2026-06-19T08:50:35.988+0000] {processor.py:841} WARNING - No viable dags retrieved from /opt/airflow/dags/models/BTC_s1_n10_lstm_model.pth
[2026-06-19T08:50:36.009+0000] {processor.py:179} INFO - Processing /opt/airflow/dags/models/BTC_s1_n10_lstm_model.pth took 0.038 seconds
[2026-06-19T08:51:07.265+0000] {processor.py:157} INFO - Started process (PID=1147) to work on /opt/airflow/dags/models/BTC_s1_n10_lstm_model.pth
[2026-06-19T08:51:07.267+0000] {processor.py:829} INFO - Processing file /opt/airflow/dags/models/BTC_s1_n10_lstm_model.pth for tasks to queue
[2026-06-19T08:51:07.269+0000] {logging_mixin.py:151} INFO - [2026-06-19T08:51:07.268+0000] {dagbag.py:539} INFO - Filling up the DagBag from /opt/airflow/dags/models/BTC_s1_n10_lstm_model.pth
[2026-06-19T08:51:07.284+0000] {processor.py:841} WARNING - No viable dags retrieved from /opt/airflow/dags/models/BTC_s1_n10_lstm_model.pth
[2026-06-19T08:51:07.305+0000] {processor.py:179} INFO - Processing /opt/airflow/dags/models/BTC_s1_n10_lstm_model.pth took 0.045 seconds
[2026-06-19T08:51:37.605+0000] {processor.py:157} INFO - Started process (PID=1172) to work on /opt/airflow/dags/models/BTC_s1_n10_lstm_model.pth
[2026-06-19T08:51:37.607+0000] {processor.py:829} INFO - Processing file /opt/airflow/dags/models/BTC_s1_n10_lstm_model.pth for tasks to queue
[2026-06-19T08:51:37.608+0000] {logging_mixin.py:151} INFO - [2026-06-19T08:51:37.608+0000] {dagbag.py:539} INFO - Filling up the DagBag from /opt/airflow/dags/models/BTC_s1_n10_lstm_model.pth
[2026-06-19T08:51:37.617+0000] {processor.py:841} WARNING - No viable dags retrieved from /opt/airflow/dags/models/BTC_s1_n10_lstm_model.pth
[2026-06-19T08:51:37.632+0000] {processor.py:179} INFO - Processing /opt/airflow/dags/models/BTC_s1_n10_lstm_model.pth took 0.030 seconds
[2026-06-19T08:52:08.239+0000] {processor.py:157} INFO - Started process (PID=1202) to work on /opt/airflow/dags/models/BTC_s1_n10_lstm_model.pth
[2026-06-19T08:52:08.240+0000] {processor.py:829} INFO - Processing file /opt/airflow/dags/models/BTC_s1_n10_lstm_model.pth for tasks to queue
[2026-06-19T08:52:08.241+0000] {logging_mixin.py:151} INFO - [2026-06-19T08:52:08.241+0000] {dagbag.py:539} INFO - Filling up the DagBag from /opt/airflow/dags/models/BTC_s1_n10_lstm_model.pth
[2026-06-19T08:52:08.252+0000] {processor.py:841} WARNING - No viable dags retrieved from /opt/airflow/dags/models/BTC_s1_n10_lstm_model.pth
[2026-06-19T08:52:08.268+0000] {processor.py:179} INFO - Processing /opt/airflow/dags/models/BTC_s1_n10_lstm_model.pth took 0.035 seconds
[2026-06-19T08:52:38.623+0000] {processor.py:157} INFO - Started process (PID=1235) to work on /opt/airflow/dags/models/BTC_s1_n10_lstm_model.pth
[2026-06-19T08:52:38.624+0000] {processor.py:829} INFO - Processing file /opt/airflow/dags/models/BTC_s1_n10_lstm_model.pth for tasks to queue
[2026-06-19T08:52:38.626+0000] {logging_mixin.py:151} INFO - [2026-06-19T08:52:38.625+0000] {dagbag.py:539} INFO - Filling up the DagBag from /opt/airflow/dags/models/BTC_s1_n10_lstm_model.pth
[2026-06-19T08:52:38.635+0000] {processor.py:841} WARNING - No viable dags retrieved from /opt/airflow/dags/models/BTC_s1_n10_lstm_model.pth
[2026-06-19T08:52:38.650+0000] {processor.py:179} INFO - Processing /opt/airflow/dags/models/BTC_s1_n10_lstm_model.pth took 0.031 seconds
[2026-06-19T08:53:09.143+0000] {processor.py:157} INFO - Started process (PID=1268) to work on /opt/airflow/dags/models/BTC_s1_n10_lstm_model.pth
[2026-06-19T08:53:09.144+0000] {processor.py:829} INFO - Processing file /opt/airflow/dags/models/BTC_s1_n10_lstm_model.pth for tasks to queue
[2026-06-19T08:53:09.145+0000] {logging_mixin.py:151} INFO - [2026-06-19T08:53:09.145+0000] {dagbag.py:539} INFO - Filling up the DagBag from /opt/airflow/dags/models/BTC_s1_n10_lstm_model.pth
[2026-06-19T08:53:09.152+0000] {processor.py:841} WARNING - No viable dags retrieved from /opt/airflow/dags/models/BTC_s1_n10_lstm_model.pth
[2026-06-19T08:53:09.166+0000] {processor.py:179} INFO - Processing /opt/airflow/dags/models/BTC_s1_n10_lstm_model.pth took 0.027 seconds
[2026-06-19T08:53:39.644+0000] {processor.py:157} INFO - Started process (PID=1301) to work on /opt/airflow/dags/models/BTC_s1_n10_lstm_model.pth
[2026-06-19T08:53:39.648+0000] {processor.py:829} INFO - Processing file /opt/airflow/dags/models/BTC_s1_n10_lstm_model.pth for tasks to queue
[2026-06-19T08:53:39.650+0000] {logging_mixin.py:151} INFO - [2026-06-19T08:53:39.649+0000] {dagbag.py:539} INFO - Filling up the DagBag from /opt/airflow/dags/models/BTC_s1_n10_lstm_model.pth
[2026-06-19T08:53:39.668+0000] {processor.py:841} WARNING - No viable dags retrieved from /opt/airflow/dags/models/BTC_s1_n10_lstm_model.pth
[2026-06-19T08:53:39.685+0000] {processor.py:179} INFO - Processing /opt/airflow/dags/models/BTC_s1_n10_lstm_model.pth took 0.053 seconds
[2026-06-19T08:54:09.943+0000] {processor.py:157} INFO - Started process (PID=1335) to work on /opt/airflow/dags/models/BTC_s1_n10_lstm_model.pth
[2026-06-19T08:54:09.944+0000] {processor.py:829} INFO - Processing file /opt/airflow/dags/models/BTC_s1_n10_lstm_model.pth for tasks to queue
[2026-06-19T08:54:09.945+0000] {logging_mixin.py:151} INFO - [2026-06-19T08:54:09.945+0000] {dagbag.py:539} INFO - Filling up the DagBag from /opt/airflow/dags/models/BTC_s1_n10_lstm_model.pth
[2026-06-19T08:54:09.953+0000] {processor.py:841} WARNING - No viable dags retrieved from /opt/airflow/dags/models/BTC_s1_n10_lstm_model.pth
[2026-06-19T08:54:09.968+0000] {processor.py:179} INFO - Processing /opt/airflow/dags/models/BTC_s1_n10_lstm_model.pth took 0.028 seconds
[2026-06-19T08:54:40.353+0000] {processor.py:157} INFO - Started process (PID=1368) to work on /opt/airflow/dags/models/BTC_s1_n10_lstm_model.pth
[2026-06-19T08:54:40.354+0000] {processor.py:829} INFO - Processing file /opt/airflow/dags/models/BTC_s1_n10_lstm_model.pth for tasks to queue
[2026-06-19T08:54:40.355+0000] {logging_mixin.py:151} INFO - [2026-06-19T08:54:40.355+0000] {dagbag.py:539} INFO - Filling up the DagBag from /opt/airflow/dags/models/BTC_s1_n10_lstm_model.pth
[2026-06-19T08:54:40.363+0000] {processor.py:841} WARNING - No viable dags retrieved from /opt/airflow/dags/models/BTC_s1_n10_lstm_model.pth
[2026-06-19T08:54:40.377+0000] {processor.py:179} INFO - Processing /opt/airflow/dags/models/BTC_s1_n10_lstm_model.pth took 0.027 seconds
[2026-06-19T08:55:10.904+0000] {processor.py:157} INFO - Started process (PID=1401) to work on /opt/airflow/dags/models/BTC_s1_n10_lstm_model.pth
[2026-06-19T08:55:10.905+0000] {processor.py:829} INFO - Processing file /opt/airflow/dags/models/BTC_s1_n10_lstm_model.pth for tasks to queue
[2026-06-19T08:55:10.906+0000] {logging_mixin.py:151} INFO - [2026-06-19T08:55:10.906+0000] {dagbag.py:539} INFO - Filling up the DagBag from /opt/airflow/dags/models/BTC_s1_n10_lstm_model.pth
[2026-06-19T08:55:10.917+0000] {processor.py:841} WARNING - No viable dags retrieved from /opt/airflow/dags/models/BTC_s1_n10_lstm_model.pth
[2026-06-19T08:55:10.934+0000] {processor.py:179} INFO - Processing /opt/airflow/dags/models/BTC_s1_n10_lstm_model.pth took 0.034 seconds
[2026-06-19T08:55:41.541+0000] {processor.py:157} INFO - Started process (PID=1434) to work on /opt/airflow/dags/models/BTC_s1_n10_lstm_model.pth
[2026-06-19T08:55:41.542+0000] {processor.py:829} INFO - Processing file /opt/airflow/dags/models/BTC_s1_n10_lstm_model.pth for tasks to queue
[2026-06-19T08:55:41.543+0000] {logging_mixin.py:151} INFO - [2026-06-19T08:55:41.542+0000] {dagbag.py:539} INFO - Filling up the DagBag from /opt/airflow/dags/models/BTC_s1_n10_lstm_model.pth
[2026-06-19T08:55:41.549+0000] {processor.py:841} WARNING - No viable dags retrieved from /opt/airflow/dags/models/BTC_s1_n10_lstm_model.pth
[2026-06-19T08:55:41.563+0000] {processor.py:179} INFO - Processing /opt/airflow/dags/models/BTC_s1_n10_lstm_model.pth took 0.026 seconds
[2026-06-19T08:56:11.836+0000] {processor.py:157} INFO - Started process (PID=1467) to work on /opt/airflow/dags/models/BTC_s1_n10_lstm_model.pth
[2026-06-19T08:56:11.837+0000] {processor.py:829} INFO - Processing file /opt/airflow/dags/models/BTC_s1_n10_lstm_model.pth for tasks to queue
[2026-06-19T08:56:11.838+0000] {logging_mixin.py:151} INFO - [2026-06-19T08:56:11.838+0000] {dagbag.py:539} INFO - Filling up the DagBag from /opt/airflow/dags/models/BTC_s1_n10_lstm_model.pth
[2026-06-19T08:56:11.845+0000] {processor.py:841} WARNING - No viable dags retrieved from /opt/airflow/dags/models/BTC_s1_n10_lstm_model.pth
[2026-06-19T08:56:11.859+0000] {processor.py:179} INFO - Processing /opt/airflow/dags/models/BTC_s1_n10_lstm_model.pth took 0.026 seconds
[2026-06-19T08:56:42.097+0000] {processor.py:157} INFO - Started process (PID=1500) to work on /opt/airflow/dags/models/BTC_s1_n10_lstm_model.pth
[2026-06-19T08:56:42.098+0000] {processor.py:829} INFO - Processing file /opt/airflow/dags/models/BTC_s1_n10_lstm_model.pth for tasks to queue
[2026-06-19T08:56:42.099+0000] {logging_mixin.py:151} INFO - [2026-06-19T08:56:42.098+0000] {dagbag.py:539} INFO - Filling up the DagBag from /opt/airflow/dags/models/BTC_s1_n10_lstm_model.pth
[2026-06-19T08:56:42.105+0000] {processor.py:841} WARNING - No viable dags retrieved from /opt/airflow/dags/models/BTC_s1_n10_lstm_model.pth
[2026-06-19T08:56:42.117+0000] {processor.py:179} INFO - Processing /opt/airflow/dags/models/BTC_s1_n10_lstm_model.pth took 0.024 seconds
[2026-06-19T08:57:12.401+0000] {processor.py:157} INFO - Started process (PID=1533) to work on /opt/airflow/dags/models/BTC_s1_n10_lstm_model.pth
[2026-06-19T08:57:12.402+0000] {processor.py:829} INFO - Processing file /opt/airflow/dags/models/BTC_s1_n10_lstm_model.pth for tasks to queue
[2026-06-19T08:57:12.403+0000] {logging_mixin.py:151} INFO - [2026-06-19T08:57:12.403+0000] {dagbag.py:539} INFO - Filling up the DagBag from /opt/airflow/dags/models/BTC_s1_n10_lstm_model.pth
[2026-06-19T08:57:12.412+0000] {processor.py:841} WARNING - No viable dags retrieved from /opt/airflow/dags/models/BTC_s1_n10_lstm_model.pth
[2026-06-19T08:57:12.427+0000] {processor.py:179} INFO - Processing /opt/airflow/dags/models/BTC_s1_n10_lstm_model.pth took 0.031 seconds
[2026-06-19T08:57:43.080+0000] {processor.py:157} INFO - Started process (PID=1564) to work on /opt/airflow/dags/models/BTC_s1_n10_lstm_model.pth
[2026-06-19T08:57:43.081+0000] {processor.py:829} INFO - Processing file /opt/airflow/dags/models/BTC_s1_n10_lstm_model.pth for tasks to queue
[2026-06-19T08:57:43.082+0000] {logging_mixin.py:151} INFO - [2026-06-19T08:57:43.082+0000] {dagbag.py:539} INFO - Filling up the DagBag from /opt/airflow/dags/models/BTC_s1_n10_lstm_model.pth
[2026-06-19T08:57:43.089+0000] {processor.py:841} WARNING - No viable dags retrieved from /opt/airflow/dags/models/BTC_s1_n10_lstm_model.pth
[2026-06-19T08:57:43.103+0000] {processor.py:179} INFO - Processing /opt/airflow/dags/models/BTC_s1_n10_lstm_model.pth took 0.026 seconds
[2026-06-19T08:58:14.956+0000] {processor.py:157} INFO - Started process (PID=1589) to work on /opt/airflow/dags/models/BTC_s1_n10_lstm_model.pth
[2026-06-19T08:58:14.958+0000] {processor.py:829} INFO - Processing file /opt/airflow/dags/models/BTC_s1_n10_lstm_model.pth for tasks to queue
[2026-06-19T08:58:14.958+0000] {logging_mixin.py:151} INFO - [2026-06-19T08:58:14.958+0000] {dagbag.py:539} INFO - Filling up the DagBag from /opt/airflow/dags/models/BTC_s1_n10_lstm_model.pth
[2026-06-19T08:58:14.965+0000] {processor.py:841} WARNING - No viable dags retrieved from /opt/airflow/dags/models/BTC_s1_n10_lstm_model.pth
[2026-06-19T08:58:14.981+0000] {processor.py:179} INFO - Processing /opt/airflow/dags/models/BTC_s1_n10_lstm_model.pth took 0.029 seconds
[2026-06-19T08:58:45.263+0000] {processor.py:157} INFO - Started process (PID=1614) to work on /opt/airflow/dags/models/BTC_s1_n10_lstm_model.pth
[2026-06-19T08:58:45.265+0000] {processor.py:829} INFO - Processing file /opt/airflow/dags/models/BTC_s1_n10_lstm_model.pth for tasks to queue
[2026-06-19T08:58:45.267+0000] {logging_mixin.py:151} INFO - [2026-06-19T08:58:45.267+0000] {dagbag.py:539} INFO - Filling up the DagBag from /opt/airflow/dags/models/BTC_s1_n10_lstm_model.pth
[2026-06-19T08:58:45.282+0000] {processor.py:841} WARNING - No viable dags retrieved from /opt/airflow/dags/models/BTC_s1_n10_lstm_model.pth
[2026-06-19T08:58:45.316+0000] {processor.py:179} INFO - Processing /opt/airflow/dags/models/BTC_s1_n10_lstm_model.pth took 0.063 seconds
[2026-06-19T08:59:15.459+0000] {processor.py:157} INFO - Started process (PID=1644) to work on /opt/airflow/dags/models/BTC_s1_n10_lstm_model.pth
[2026-06-19T08:59:15.461+0000] {processor.py:829} INFO - Processing file /opt/airflow/dags/models/BTC_s1_n10_lstm_model.pth for tasks to queue
[2026-06-19T08:59:15.461+0000] {logging_mixin.py:151} INFO - [2026-06-19T08:59:15.461+0000] {dagbag.py:539} INFO - Filling up the DagBag from /opt/airflow/dags/models/BTC_s1_n10_lstm_model.pth
[2026-06-19T08:59:15.470+0000] {processor.py:841} WARNING - No viable dags retrieved from /opt/airflow/dags/models/BTC_s1_n10_lstm_model.pth
[2026-06-19T08:59:15.485+0000] {processor.py:179} INFO - Processing /opt/airflow/dags/models/BTC_s1_n10_lstm_model.pth took 0.030 seconds
[2026-06-19T08:59:45.615+0000] {processor.py:157} INFO - Started process (PID=1677) to work on /opt/airflow/dags/models/BTC_s1_n10_lstm_model.pth
[2026-06-19T08:59:45.617+0000] {processor.py:829} INFO - Processing file /opt/airflow/dags/models/BTC_s1_n10_lstm_model.pth for tasks to queue
[2026-06-19T08:59:45.618+0000] {logging_mixin.py:151} INFO - [2026-06-19T08:59:45.618+0000] {dagbag.py:539} INFO - Filling up the DagBag from /opt/airflow/dags/models/BTC_s1_n10_lstm_model.pth
[2026-06-19T08:59:45.628+0000] {processor.py:841} WARNING - No viable dags retrieved from /opt/airflow/dags/models/BTC_s1_n10_lstm_model.pth
[2026-06-19T08:59:45.645+0000] {processor.py:179} INFO - Processing /opt/airflow/dags/models/BTC_s1_n10_lstm_model.pth took 0.034 seconds
[2026-06-19T09:00:15.748+0000] {processor.py:157} INFO - Started process (PID=1710) to work on /opt/airflow/dags/models/BTC_s1_n10_lstm_model.pth
[2026-06-19T09:00:15.749+0000] {processor.py:829} INFO - Processing file /opt/airflow/dags/models/BTC_s1_n10_lstm_model.pth for tasks to queue
[2026-06-19T09:00:15.750+0000] {logging_mixin.py:151} INFO - [2026-06-19T09:00:15.750+0000] {dagbag.py:539} INFO - Filling up the DagBag from /opt/airflow/dags/models/BTC_s1_n10_lstm_model.pth
[2026-06-19T09:00:15.758+0000] {processor.py:841} WARNING - No viable dags retrieved from /opt/airflow/dags/models/BTC_s1_n10_lstm_model.pth
[2026-06-19T09:00:15.772+0000] {processor.py:179} INFO - Processing /opt/airflow/dags/models/BTC_s1_n10_lstm_model.pth took 0.028 seconds
[2026-06-19T09:00:46.037+0000] {processor.py:157} INFO - Started process (PID=1743) to work on /opt/airflow/dags/models/BTC_s1_n10_lstm_model.pth
[2026-06-19T09:00:46.039+0000] {processor.py:829} INFO - Processing file /opt/airflow/dags/models/BTC_s1_n10_lstm_model.pth for tasks to queue
[2026-06-19T09:00:46.040+0000] {logging_mixin.py:151} INFO - [2026-06-19T09:00:46.039+0000] {dagbag.py:539} INFO - Filling up the DagBag from /opt/airflow/dags/models/BTC_s1_n10_lstm_model.pth
[2026-06-19T09:00:46.049+0000] {processor.py:841} WARNING - No viable dags retrieved from /opt/airflow/dags/models/BTC_s1_n10_lstm_model.pth
[2026-06-19T09:00:46.064+0000] {processor.py:179} INFO - Processing /opt/airflow/dags/models/BTC_s1_n10_lstm_model.pth took 0.031 seconds
[2026-06-19T09:01:16.264+0000] {processor.py:157} INFO - Started process (PID=1776) to work on /opt/airflow/dags/models/BTC_s1_n10_lstm_model.pth
[2026-06-19T09:01:16.266+0000] {processor.py:829} INFO - Processing file /opt/airflow/dags/models/BTC_s1_n10_lstm_model.pth for tasks to queue
[2026-06-19T09:01:16.267+0000] {logging_mixin.py:151} INFO - [2026-06-19T09:01:16.266+0000] {dagbag.py:539} INFO - Filling up the DagBag from /opt/airflow/dags/models/BTC_s1_n10_lstm_model.pth
[2026-06-19T09:01:16.275+0000] {processor.py:841} WARNING - No viable dags retrieved from /opt/airflow/dags/models/BTC_s1_n10_lstm_model.pth
[2026-06-19T09:01:16.291+0000] {processor.py:179} INFO - Processing /opt/airflow/dags/models/BTC_s1_n10_lstm_model.pth took 0.031 seconds
[2026-06-19T09:01:46.397+0000] {processor.py:157} INFO - Started process (PID=1809) to work on /opt/airflow/dags/models/BTC_s1_n10_lstm_model.pth
[2026-06-19T09:01:46.400+0000] {processor.py:829} INFO - Processing file /opt/airflow/dags/models/BTC_s1_n10_lstm_model.pth for tasks to queue
[2026-06-19T09:01:46.401+0000] {logging_mixin.py:151} INFO - [2026-06-19T09:01:46.401+0000] {dagbag.py:539} INFO - Filling up the DagBag from /opt/airflow/dags/models/BTC_s1_n10_lstm_model.pth
[2026-06-19T09:01:46.411+0000] {processor.py:841} WARNING - No viable dags retrieved from /opt/airflow/dags/models/BTC_s1_n10_lstm_model.pth
[2026-06-19T09:01:46.433+0000] {processor.py:179} INFO - Processing /opt/airflow/dags/models/BTC_s1_n10_lstm_model.pth took 0.040 seconds
[2026-06-19T09:02:16.807+0000] {processor.py:157} INFO - Started process (PID=1842) to work on /opt/airflow/dags/models/BTC_s1_n10_lstm_model.pth
[2026-06-19T09:02:16.809+0000] {processor.py:829} INFO - Processing file /opt/airflow/dags/models/BTC_s1_n10_lstm_model.pth for tasks to queue
[2026-06-19T09:02:16.810+0000] {logging_mixin.py:151} INFO - [2026-06-19T09:02:16.810+0000] {dagbag.py:539} INFO - Filling up the DagBag from /opt/airflow/dags/models/BTC_s1_n10_lstm_model.pth
[2026-06-19T09:02:16.818+0000] {processor.py:841} WARNING - No viable dags retrieved from /opt/airflow/dags/models/BTC_s1_n10_lstm_model.pth
[2026-06-19T09:02:16.832+0000] {processor.py:179} INFO - Processing /opt/airflow/dags/models/BTC_s1_n10_lstm_model.pth took 0.032 seconds
[2026-06-19T09:02:47.031+0000] {processor.py:157} INFO - Started process (PID=1875) to work on /opt/airflow/dags/models/BTC_s1_n10_lstm_model.pth
[2026-06-19T09:02:47.032+0000] {processor.py:829} INFO - Processing file /opt/airflow/dags/models/BTC_s1_n10_lstm_model.pth for tasks to queue
[2026-06-19T09:02:47.033+0000] {logging_mixin.py:151} INFO - [2026-06-19T09:02:47.033+0000] {dagbag.py:539} INFO - Filling up the DagBag from /opt/airflow/dags/models/BTC_s1_n10_lstm_model.pth
[2026-06-19T09:02:47.045+0000] {processor.py:841} WARNING - No viable dags retrieved from /opt/airflow/dags/models/BTC_s1_n10_lstm_model.pth
[2026-06-19T09:02:47.072+0000] {processor.py:179} INFO - Processing /opt/airflow/dags/models/BTC_s1_n10_lstm_model.pth took 0.046 seconds
[2026-06-19T09:03:17.438+0000] {processor.py:157} INFO - Started process (PID=1908) to work on /opt/airflow/dags/models/BTC_s1_n10_lstm_model.pth
[2026-06-19T09:03:17.440+0000] {processor.py:829} INFO - Processing file /opt/airflow/dags/models/BTC_s1_n10_lstm_model.pth for tasks to queue
[2026-06-19T09:03:17.442+0000] {logging_mixin.py:151} INFO - [2026-06-19T09:03:17.441+0000] {dagbag.py:539} INFO - Filling up the DagBag from /opt/airflow/dags/models/BTC_s1_n10_lstm_model.pth
[2026-06-19T09:03:17.454+0000] {processor.py:841} WARNING - No viable dags retrieved from /opt/airflow/dags/models/BTC_s1_n10_lstm_model.pth
[2026-06-19T09:03:17.472+0000] {processor.py:179} INFO - Processing /opt/airflow/dags/models/BTC_s1_n10_lstm_model.pth took 0.037 seconds
[2026-06-19T09:03:48.367+0000] {processor.py:157} INFO - Started process (PID=1938) to work on /opt/airflow/dags/models/BTC_s1_n10_lstm_model.pth
[2026-06-19T09:03:48.369+0000] {processor.py:829} INFO - Processing file /opt/airflow/dags/models/BTC_s1_n10_lstm_model.pth for tasks to queue
[2026-06-19T09:03:48.370+0000] {logging_mixin.py:151} INFO - [2026-06-19T09:03:48.369+0000] {dagbag.py:539} INFO - Filling up the DagBag from /opt/airflow/dags/models/BTC_s1_n10_lstm_model.pth
[2026-06-19T09:03:48.377+0000] {processor.py:841} WARNING - No viable dags retrieved from /opt/airflow/dags/models/BTC_s1_n10_lstm_model.pth
[2026-06-19T09:03:48.392+0000] {processor.py:179} INFO - Processing /opt/airflow/dags/models/BTC_s1_n10_lstm_model.pth took 0.028 seconds
[2026-06-19T09:04:20.122+0000] {processor.py:157} INFO - Started process (PID=1964) to work on /opt/airflow/dags/models/BTC_s1_n10_lstm_model.pth
[2026-06-19T09:04:20.124+0000] {processor.py:829} INFO - Processing file /opt/airflow/dags/models/BTC_s1_n10_lstm_model.pth for tasks to queue
[2026-06-19T09:04:20.125+0000] {logging_mixin.py:151} INFO - [2026-06-19T09:04:20.125+0000] {dagbag.py:539} INFO - Filling up the DagBag from /opt/airflow/dags/models/BTC_s1_n10_lstm_model.pth
[2026-06-19T09:04:20.132+0000] {processor.py:841} WARNING - No viable dags retrieved from /opt/airflow/dags/models/BTC_s1_n10_lstm_model.pth
[2026-06-19T09:04:20.146+0000] {processor.py:179} INFO - Processing /opt/airflow/dags/models/BTC_s1_n10_lstm_model.pth took 0.027 seconds
[2026-06-19T09:04:50.418+0000] {processor.py:157} INFO - Started process (PID=1989) to work on /opt/airflow/dags/models/BTC_s1_n10_lstm_model.pth
[2026-06-19T09:04:50.419+0000] {processor.py:829} INFO - Processing file /opt/airflow/dags/models/BTC_s1_n10_lstm_model.pth for tasks to queue
[2026-06-19T09:04:50.422+0000] {logging_mixin.py:151} INFO - [2026-06-19T09:04:50.421+0000] {dagbag.py:539} INFO - Filling up the DagBag from /opt/airflow/dags/models/BTC_s1_n10_lstm_model.pth
[2026-06-19T09:04:50.432+0000] {processor.py:841} WARNING - No viable dags retrieved from /opt/airflow/dags/models/BTC_s1_n10_lstm_model.pth
[2026-06-19T09:04:50.448+0000] {processor.py:179} INFO - Processing /opt/airflow/dags/models/BTC_s1_n10_lstm_model.pth took 0.035 seconds
[2026-06-19T09:05:21.138+0000] {processor.py:157} INFO - Started process (PID=2019) to work on /opt/airflow/dags/models/BTC_s1_n10_lstm_model.pth
[2026-06-19T09:05:21.139+0000] {processor.py:829} INFO - Processing file /opt/airflow/dags/models/BTC_s1_n10_lstm_model.pth for tasks to queue
[2026-06-19T09:05:21.141+0000] {logging_mixin.py:151} INFO - [2026-06-19T09:05:21.140+0000] {dagbag.py:539} INFO - Filling up the DagBag from /opt/airflow/dags/models/BTC_s1_n10_lstm_model.pth
[2026-06-19T09:05:21.150+0000] {processor.py:841} WARNING - No viable dags retrieved from /opt/airflow/dags/models/BTC_s1_n10_lstm_model.pth
[2026-06-19T09:05:21.167+0000] {processor.py:179} INFO - Processing /opt/airflow/dags/models/BTC_s1_n10_lstm_model.pth took 0.033 seconds
[2026-06-19T09:05:51.434+0000] {processor.py:157} INFO - Started process (PID=2052) to work on /opt/airflow/dags/models/BTC_s1_n10_lstm_model.pth
[2026-06-19T09:05:51.435+0000] {processor.py:829} INFO - Processing file /opt/airflow/dags/models/BTC_s1_n10_lstm_model.pth for tasks to queue
[2026-06-19T09:05:51.436+0000] {logging_mixin.py:151} INFO - [2026-06-19T09:05:51.436+0000] {dagbag.py:539} INFO - Filling up the DagBag from /opt/airflow/dags/models/BTC_s1_n10_lstm_model.pth
[2026-06-19T09:05:51.443+0000] {processor.py:841} WARNING - No viable dags retrieved from /opt/airflow/dags/models/BTC_s1_n10_lstm_model.pth
[2026-06-19T09:05:51.457+0000] {processor.py:179} INFO - Processing /opt/airflow/dags/models/BTC_s1_n10_lstm_model.pth took 0.027 seconds
[2026-06-19T09:06:21.528+0000] {processor.py:157} INFO - Started process (PID=2085) to work on /opt/airflow/dags/models/BTC_s1_n10_lstm_model.pth
[2026-06-19T09:06:21.529+0000] {processor.py:829} INFO - Processing file /opt/airflow/dags/models/BTC_s1_n10_lstm_model.pth for tasks to queue
[2026-06-19T09:06:21.530+0000] {logging_mixin.py:151} INFO - [2026-06-19T09:06:21.529+0000] {dagbag.py:539} INFO - Filling up the DagBag from /opt/airflow/dags/models/BTC_s1_n10_lstm_model.pth
[2026-06-19T09:06:21.537+0000] {processor.py:841} WARNING - No viable dags retrieved from /opt/airflow/dags/models/BTC_s1_n10_lstm_model.pth
[2026-06-19T09:06:21.551+0000] {processor.py:179} INFO - Processing /opt/airflow/dags/models/BTC_s1_n10_lstm_model.pth took 0.027 seconds
[2026-06-19T09:06:52.167+0000] {processor.py:157} INFO - Started process (PID=2118) to work on /opt/airflow/dags/models/BTC_s1_n10_lstm_model.pth
[2026-06-19T09:06:52.168+0000] {processor.py:829} INFO - Processing file /opt/airflow/dags/models/BTC_s1_n10_lstm_model.pth for tasks to queue
[2026-06-19T09:06:52.170+0000] {logging_mixin.py:151} INFO - [2026-06-19T09:06:52.169+0000] {dagbag.py:539} INFO - Filling up the DagBag from /opt/airflow/dags/models/BTC_s1_n10_lstm_model.pth
[2026-06-19T09:06:52.179+0000] {processor.py:841} WARNING - No viable dags retrieved from /opt/airflow/dags/models/BTC_s1_n10_lstm_model.pth
[2026-06-19T09:06:52.197+0000] {processor.py:179} INFO - Processing /opt/airflow/dags/models/BTC_s1_n10_lstm_model.pth took 0.036 seconds
[2026-06-19T09:07:22.801+0000] {processor.py:157} INFO - Started process (PID=2151) to work on /opt/airflow/dags/models/BTC_s1_n10_lstm_model.pth
[2026-06-19T09:07:22.802+0000] {processor.py:829} INFO - Processing file /opt/airflow/dags/models/BTC_s1_n10_lstm_model.pth for tasks to queue
[2026-06-19T09:07:22.803+0000] {logging_mixin.py:151} INFO - [2026-06-19T09:07:22.803+0000] {dagbag.py:539} INFO - Filling up the DagBag from /opt/airflow/dags/models/BTC_s1_n10_lstm_model.pth
[2026-06-19T09:07:22.809+0000] {processor.py:841} WARNING - No viable dags retrieved from /opt/airflow/dags/models/BTC_s1_n10_lstm_model.pth
[2026-06-19T09:07:22.823+0000] {processor.py:179} INFO - Processing /opt/airflow/dags/models/BTC_s1_n10_lstm_model.pth took 0.025 seconds
[2026-06-19T09:07:53.495+0000] {processor.py:157} INFO - Started process (PID=2185) to work on /opt/airflow/dags/models/BTC_s1_n10_lstm_model.pth
[2026-06-19T09:07:53.496+0000] {processor.py:829} INFO - Processing file /opt/airflow/dags/models/BTC_s1_n10_lstm_model.pth for tasks to queue
[2026-06-19T09:07:53.497+0000] {logging_mixin.py:151} INFO - [2026-06-19T09:07:53.497+0000] {dagbag.py:539} INFO - Filling up the DagBag from /opt/airflow/dags/models/BTC_s1_n10_lstm_model.pth
[2026-06-19T09:07:53.505+0000] {processor.py:841} WARNING - No viable dags retrieved from /opt/airflow/dags/models/BTC_s1_n10_lstm_model.pth
[2026-06-19T09:07:53.519+0000] {processor.py:179} INFO - Processing /opt/airflow/dags/models/BTC_s1_n10_lstm_model.pth took 0.027 seconds
[2026-06-19T09:08:24.259+0000] {processor.py:157} INFO - Started process (PID=2218) to work on /opt/airflow/dags/models/BTC_s1_n10_lstm_model.pth
[2026-06-19T09:08:24.261+0000] {processor.py:829} INFO - Processing file /opt/airflow/dags/models/BTC_s1_n10_lstm_model.pth for tasks to queue
[2026-06-19T09:08:24.261+0000] {logging_mixin.py:151} INFO - [2026-06-19T09:08:24.261+0000] {dagbag.py:539} INFO - Filling up the DagBag from /opt/airflow/dags/models/BTC_s1_n10_lstm_model.pth
[2026-06-19T09:08:24.269+0000] {processor.py:841} WARNING - No viable dags retrieved from /opt/airflow/dags/models/BTC_s1_n10_lstm_model.pth
[2026-06-19T09:08:24.283+0000] {processor.py:179} INFO - Processing /opt/airflow/dags/models/BTC_s1_n10_lstm_model.pth took 0.027 seconds
[2026-06-19T09:08:55.205+0000] {processor.py:157} INFO - Started process (PID=2251) to work on /opt/airflow/dags/models/BTC_s1_n10_lstm_model.pth
[2026-06-19T09:08:55.206+0000] {processor.py:829} INFO - Processing file /opt/airflow/dags/models/BTC_s1_n10_lstm_model.pth for tasks to queue
[2026-06-19T09:08:55.207+0000] {logging_mixin.py:151} INFO - [2026-06-19T09:08:55.207+0000] {dagbag.py:539} INFO - Filling up the DagBag from /opt/airflow/dags/models/BTC_s1_n10_lstm_model.pth
[2026-06-19T09:08:55.215+0000] {processor.py:841} WARNING - No viable dags retrieved from /opt/airflow/dags/models/BTC_s1_n10_lstm_model.pth
[2026-06-19T09:08:55.229+0000] {processor.py:179} INFO - Processing /opt/airflow/dags/models/BTC_s1_n10_lstm_model.pth took 0.027 seconds
[2026-06-19T09:09:25.959+0000] {processor.py:157} INFO - Started process (PID=2284) to work on /opt/airflow/dags/models/BTC_s1_n10_lstm_model.pth
[2026-06-19T09:09:25.962+0000] {processor.py:829} INFO - Processing file /opt/airflow/dags/models/BTC_s1_n10_lstm_model.pth for tasks to queue
[2026-06-19T09:09:25.965+0000] {logging_mixin.py:151} INFO - [2026-06-19T09:09:25.964+0000] {dagbag.py:539} INFO - Filling up the DagBag from /opt/airflow/dags/models/BTC_s1_n10_lstm_model.pth
[2026-06-19T09:09:25.979+0000] {processor.py:841} WARNING - No viable dags retrieved from /opt/airflow/dags/models/BTC_s1_n10_lstm_model.pth
[2026-06-19T09:09:26.010+0000] {processor.py:179} INFO - Processing /opt/airflow/dags/models/BTC_s1_n10_lstm_model.pth took 0.065 seconds
[2026-06-19T09:09:56.646+0000] {processor.py:157} INFO - Started process (PID=2317) to work on /opt/airflow/dags/models/BTC_s1_n10_lstm_model.pth
[2026-06-19T09:09:56.648+0000] {processor.py:829} INFO - Processing file /opt/airflow/dags/models/BTC_s1_n10_lstm_model.pth for tasks to queue
[2026-06-19T09:09:56.649+0000] {logging_mixin.py:151} INFO - [2026-06-19T09:09:56.648+0000] {dagbag.py:539} INFO - Filling up the DagBag from /opt/airflow/dags/models/BTC_s1_n10_lstm_model.pth
[2026-06-19T09:09:56.657+0000] {processor.py:841} WARNING - No viable dags retrieved from /opt/airflow/dags/models/BTC_s1_n10_lstm_model.pth
[2026-06-19T09:09:56.672+0000] {processor.py:179} INFO - Processing /opt/airflow/dags/models/BTC_s1_n10_lstm_model.pth took 0.029 seconds
[2026-06-19T09:10:26.949+0000] {processor.py:157} INFO - Started process (PID=2350) to work on /opt/airflow/dags/models/BTC_s1_n10_lstm_model.pth
[2026-06-19T09:10:26.950+0000] {processor.py:829} INFO - Processing file /opt/airflow/dags/models/BTC_s1_n10_lstm_model.pth for tasks to queue
[2026-06-19T09:10:26.950+0000] {logging_mixin.py:151} INFO - [2026-06-19T09:10:26.950+0000] {dagbag.py:539} INFO - Filling up the DagBag from /opt/airflow/dags/models/BTC_s1_n10_lstm_model.pth
[2026-06-19T09:10:26.958+0000] {processor.py:841} WARNING - No viable dags retrieved from /opt/airflow/dags/models/BTC_s1_n10_lstm_model.pth
[2026-06-19T09:10:26.972+0000] {processor.py:179} INFO - Processing /opt/airflow/dags/models/BTC_s1_n10_lstm_model.pth took 0.027 seconds
[2026-06-19T09:10:57.232+0000] {processor.py:157} INFO - Started process (PID=2381) to work on /opt/airflow/dags/models/BTC_s1_n10_lstm_model.pth
[2026-06-19T09:10:57.233+0000] {processor.py:829} INFO - Processing file /opt/airflow/dags/models/BTC_s1_n10_lstm_model.pth for tasks to queue
[2026-06-19T09:10:57.234+0000] {logging_mixin.py:151} INFO - [2026-06-19T09:10:57.234+0000] {dagbag.py:539} INFO - Filling up the DagBag from /opt/airflow/dags/models/BTC_s1_n10_lstm_model.pth
[2026-06-19T09:10:57.312+0000] {processor.py:841} WARNING - No viable dags retrieved from /opt/airflow/dags/models/BTC_s1_n10_lstm_model.pth
[2026-06-19T09:10:57.337+0000] {processor.py:179} INFO - Processing /opt/airflow/dags/models/BTC_s1_n10_lstm_model.pth took 0.110 seconds
[2026-06-19T09:11:27.616+0000] {processor.py:157} INFO - Started process (PID=2406) to work on /opt/airflow/dags/models/BTC_s1_n10_lstm_model.pth
[2026-06-19T09:11:27.617+0000] {processor.py:829} INFO - Processing file /opt/airflow/dags/models/BTC_s1_n10_lstm_model.pth for tasks to queue
[2026-06-19T09:11:27.618+0000] {logging_mixin.py:151} INFO - [2026-06-19T09:11:27.618+0000] {dagbag.py:539} INFO - Filling up the DagBag from /opt/airflow/dags/models/BTC_s1_n10_lstm_model.pth
[2026-06-19T09:11:27.628+0000] {processor.py:841} WARNING - No viable dags retrieved from /opt/airflow/dags/models/BTC_s1_n10_lstm_model.pth
[2026-06-19T09:11:27.642+0000] {processor.py:179} INFO - Processing /opt/airflow/dags/models/BTC_s1_n10_lstm_model.pth took 0.031 seconds
[2026-06-19T09:11:57.862+0000] {processor.py:157} INFO - Started process (PID=2432) to work on /opt/airflow/dags/models/BTC_s1_n10_lstm_model.pth
[2026-06-19T09:11:57.864+0000] {processor.py:829} INFO - Processing file /opt/airflow/dags/models/BTC_s1_n10_lstm_model.pth for tasks to queue
[2026-06-19T09:11:57.866+0000] {logging_mixin.py:151} INFO - [2026-06-19T09:11:57.865+0000] {dagbag.py:539} INFO - Filling up the DagBag from /opt/airflow/dags/models/BTC_s1_n10_lstm_model.pth
[2026-06-19T09:11:57.879+0000] {processor.py:841} WARNING - No viable dags retrieved from /opt/airflow/dags/models/BTC_s1_n10_lstm_model.pth
[2026-06-19T09:11:57.900+0000] {processor.py:179} INFO - Processing /opt/airflow/dags/models/BTC_s1_n10_lstm_model.pth took 0.043 seconds
[2026-06-19T09:12:28.431+0000] {processor.py:157} INFO - Started process (PID=2461) to work on /opt/airflow/dags/models/BTC_s1_n10_lstm_model.pth
[2026-06-19T09:12:28.432+0000] {processor.py:829} INFO - Processing file /opt/airflow/dags/models/BTC_s1_n10_lstm_model.pth for tasks to queue
[2026-06-19T09:12:28.433+0000] {logging_mixin.py:151} INFO - [2026-06-19T09:12:28.433+0000] {dagbag.py:539} INFO - Filling up the DagBag from /opt/airflow/dags/models/BTC_s1_n10_lstm_model.pth
[2026-06-19T09:12:28.440+0000] {processor.py:841} WARNING - No viable dags retrieved from /opt/airflow/dags/models/BTC_s1_n10_lstm_model.pth
[2026-06-19T09:12:28.455+0000] {processor.py:179} INFO - Processing /opt/airflow/dags/models/BTC_s1_n10_lstm_model.pth took 0.028 seconds
[2026-06-19T09:12:59.067+0000] {processor.py:157} INFO - Started process (PID=2494) to work on /opt/airflow/dags/models/BTC_s1_n10_lstm_model.pth
[2026-06-19T09:12:59.070+0000] {processor.py:829} INFO - Processing file /opt/airflow/dags/models/BTC_s1_n10_lstm_model.pth for tasks to queue
[2026-06-19T09:12:59.072+0000] {logging_mixin.py:151} INFO - [2026-06-19T09:12:59.072+0000] {dagbag.py:539} INFO - Filling up the DagBag from /opt/airflow/dags/models/BTC_s1_n10_lstm_model.pth
[2026-06-19T09:12:59.083+0000] {processor.py:841} WARNING - No viable dags retrieved from /opt/airflow/dags/models/BTC_s1_n10_lstm_model.pth
[2026-06-19T09:12:59.103+0000] {processor.py:179} INFO - Processing /opt/airflow/dags/models/BTC_s1_n10_lstm_model.pth took 0.042 seconds
[2026-06-19T09:13:29.304+0000] {processor.py:157} INFO - Started process (PID=2527) to work on /opt/airflow/dags/models/BTC_s1_n10_lstm_model.pth
[2026-06-19T09:13:29.306+0000] {processor.py:829} INFO - Processing file /opt/airflow/dags/models/BTC_s1_n10_lstm_model.pth for tasks to queue
[2026-06-19T09:13:29.307+0000] {logging_mixin.py:151} INFO - [2026-06-19T09:13:29.307+0000] {dagbag.py:539} INFO - Filling up the DagBag from /opt/airflow/dags/models/BTC_s1_n10_lstm_model.pth
[2026-06-19T09:13:29.318+0000] {processor.py:841} WARNING - No viable dags retrieved from /opt/airflow/dags/models/BTC_s1_n10_lstm_model.pth
[2026-06-19T09:13:29.336+0000] {processor.py:179} INFO - Processing /opt/airflow/dags/models/BTC_s1_n10_lstm_model.pth took 0.037 seconds
[2026-06-19T09:13:59.604+0000] {processor.py:157} INFO - Started process (PID=2561) to work on /opt/airflow/dags/models/BTC_s1_n10_lstm_model.pth
[2026-06-19T09:13:59.605+0000] {processor.py:829} INFO - Processing file /opt/airflow/dags/models/BTC_s1_n10_lstm_model.pth for tasks to queue
[2026-06-19T09:13:59.606+0000] {logging_mixin.py:151} INFO - [2026-06-19T09:13:59.606+0000] {dagbag.py:539} INFO - Filling up the DagBag from /opt/airflow/dags/models/BTC_s1_n10_lstm_model.pth
[2026-06-19T09:13:59.613+0000] {processor.py:841} WARNING - No viable dags retrieved from /opt/airflow/dags/models/BTC_s1_n10_lstm_model.pth
[2026-06-19T09:13:59.628+0000] {processor.py:179} INFO - Processing /opt/airflow/dags/models/BTC_s1_n10_lstm_model.pth took 0.027 seconds
[2026-06-19T09:14:30.024+0000] {processor.py:157} INFO - Started process (PID=2594) to work on /opt/airflow/dags/models/BTC_s1_n10_lstm_model.pth
[2026-06-19T09:14:30.025+0000] {processor.py:829} INFO - Processing file /opt/airflow/dags/models/BTC_s1_n10_lstm_model.pth for tasks to queue
[2026-06-19T09:14:30.026+0000] {logging_mixin.py:151} INFO - [2026-06-19T09:14:30.025+0000] {dagbag.py:539} INFO - Filling up the DagBag from /opt/airflow/dags/models/BTC_s1_n10_lstm_model.pth
[2026-06-19T09:14:30.032+0000] {processor.py:841} WARNING - No viable dags retrieved from /opt/airflow/dags/models/BTC_s1_n10_lstm_model.pth
[2026-06-19T09:14:30.046+0000] {processor.py:179} INFO - Processing /opt/airflow/dags/models/BTC_s1_n10_lstm_model.pth took 0.025 seconds
[2026-06-19T09:15:00.191+0000] {processor.py:157} INFO - Started process (PID=2627) to work on /opt/airflow/dags/models/BTC_s1_n10_lstm_model.pth
[2026-06-19T09:15:00.192+0000] {processor.py:829} INFO - Processing file /opt/airflow/dags/models/BTC_s1_n10_lstm_model.pth for tasks to queue
[2026-06-19T09:15:00.193+0000] {logging_mixin.py:151} INFO - [2026-06-19T09:15:00.193+0000] {dagbag.py:539} INFO - Filling up the DagBag from /opt/airflow/dags/models/BTC_s1_n10_lstm_model.pth
[2026-06-19T09:15:00.201+0000] {processor.py:841} WARNING - No viable dags retrieved from /opt/airflow/dags/models/BTC_s1_n10_lstm_model.pth
[2026-06-19T09:15:00.213+0000] {processor.py:179} INFO - Processing /opt/airflow/dags/models/BTC_s1_n10_lstm_model.pth took 0.026 seconds
[2026-06-19T09:15:30.324+0000] {processor.py:157} INFO - Started process (PID=2660) to work on /opt/airflow/dags/models/BTC_s1_n10_lstm_model.pth
[2026-06-19T09:15:30.325+0000] {processor.py:829} INFO - Processing file /opt/airflow/dags/models/BTC_s1_n10_lstm_model.pth for tasks to queue
[2026-06-19T09:15:30.326+0000] {logging_mixin.py:151} INFO - [2026-06-19T09:15:30.326+0000] {dagbag.py:539} INFO - Filling up the DagBag from /opt/airflow/dags/models/BTC_s1_n10_lstm_model.pth
[2026-06-19T09:15:30.334+0000] {processor.py:841} WARNING - No viable dags retrieved from /opt/airflow/dags/models/BTC_s1_n10_lstm_model.pth
[2026-06-19T09:15:30.348+0000] {processor.py:179} INFO - Processing /opt/airflow/dags/models/BTC_s1_n10_lstm_model.pth took 0.028 seconds
[2026-06-19T09:16:00.598+0000] {processor.py:157} INFO - Started process (PID=2693) to work on /opt/airflow/dags/models/BTC_s1_n10_lstm_model.pth
[2026-06-19T09:16:00.599+0000] {processor.py:829} INFO - Processing file /opt/airflow/dags/models/BTC_s1_n10_lstm_model.pth for tasks to queue
[2026-06-19T09:16:00.600+0000] {logging_mixin.py:151} INFO - [2026-06-19T09:16:00.600+0000] {dagbag.py:539} INFO - Filling up the DagBag from /opt/airflow/dags/models/BTC_s1_n10_lstm_model.pth
[2026-06-19T09:16:00.608+0000] {processor.py:841} WARNING - No viable dags retrieved from /opt/airflow/dags/models/BTC_s1_n10_lstm_model.pth
[2026-06-19T09:16:00.624+0000] {processor.py:179} INFO - Processing /opt/airflow/dags/models/BTC_s1_n10_lstm_model.pth took 0.030 seconds
[2026-06-19T09:16:30.869+0000] {processor.py:157} INFO - Started process (PID=2726) to work on /opt/airflow/dags/models/BTC_s1_n10_lstm_model.pth
[2026-06-19T09:16:30.871+0000] {processor.py:829} INFO - Processing file /opt/airflow/dags/models/BTC_s1_n10_lstm_model.pth for tasks to queue
[2026-06-19T09:16:30.871+0000] {logging_mixin.py:151} INFO - [2026-06-19T09:16:30.871+0000] {dagbag.py:539} INFO - Filling up the DagBag from /opt/airflow/dags/models/BTC_s1_n10_lstm_model.pth
[2026-06-19T09:16:30.879+0000] {processor.py:841} WARNING - No viable dags retrieved from /opt/airflow/dags/models/BTC_s1_n10_lstm_model.pth
[2026-06-19T09:16:30.893+0000] {processor.py:179} INFO - Processing /opt/airflow/dags/models/BTC_s1_n10_lstm_model.pth took 0.027 seconds
[2026-06-19T09:17:01.181+0000] {processor.py:157} INFO - Started process (PID=2757) to work on /opt/airflow/dags/models/BTC_s1_n10_lstm_model.pth
[2026-06-19T09:17:01.182+0000] {processor.py:829} INFO - Processing file /opt/airflow/dags/models/BTC_s1_n10_lstm_model.pth for tasks to queue
[2026-06-19T09:17:01.183+0000] {logging_mixin.py:151} INFO - [2026-06-19T09:17:01.182+0000] {dagbag.py:539} INFO - Filling up the DagBag from /opt/airflow/dags/models/BTC_s1_n10_lstm_model.pth
[2026-06-19T09:17:01.190+0000] {processor.py:841} WARNING - No viable dags retrieved from /opt/airflow/dags/models/BTC_s1_n10_lstm_model.pth
[2026-06-19T09:17:01.205+0000] {processor.py:179} INFO - Processing /opt/airflow/dags/models/BTC_s1_n10_lstm_model.pth took 0.028 seconds
[2026-06-19T09:17:33.109+0000] {processor.py:157} INFO - Started process (PID=2781) to work on /opt/airflow/dags/models/BTC_s1_n10_lstm_model.pth
[2026-06-19T09:17:33.110+0000] {processor.py:829} INFO - Processing file /opt/airflow/dags/models/BTC_s1_n10_lstm_model.pth for tasks to queue
[2026-06-19T09:17:33.111+0000] {logging_mixin.py:151} INFO - [2026-06-19T09:17:33.110+0000] {dagbag.py:539} INFO - Filling up the DagBag from /opt/airflow/dags/models/BTC_s1_n10_lstm_model.pth
[2026-06-19T09:17:33.118+0000] {processor.py:841} WARNING - No viable dags retrieved from /opt/airflow/dags/models/BTC_s1_n10_lstm_model.pth
[2026-06-19T09:17:33.132+0000] {processor.py:179} INFO - Processing /opt/airflow/dags/models/BTC_s1_n10_lstm_model.pth took 0.027 seconds
[2026-06-19T09:18:03.617+0000] {processor.py:157} INFO - Started process (PID=2806) to work on /opt/airflow/dags/models/BTC_s1_n10_lstm_model.pth
[2026-06-19T09:18:03.619+0000] {processor.py:829} INFO - Processing file /opt/airflow/dags/models/BTC_s1_n10_lstm_model.pth for tasks to queue
[2026-06-19T09:18:03.620+0000] {logging_mixin.py:151} INFO - [2026-06-19T09:18:03.620+0000] {dagbag.py:539} INFO - Filling up the DagBag from /opt/airflow/dags/models/BTC_s1_n10_lstm_model.pth
[2026-06-19T09:18:03.628+0000] {processor.py:841} WARNING - No viable dags retrieved from /opt/airflow/dags/models/BTC_s1_n10_lstm_model.pth
[2026-06-19T09:18:03.658+0000] {processor.py:179} INFO - Processing /opt/airflow/dags/models/BTC_s1_n10_lstm_model.pth took 0.048 seconds
[2026-06-19T09:18:33.952+0000] {processor.py:157} INFO - Started process (PID=2863) to work on /opt/airflow/dags/models/BTC_s1_n10_lstm_model.pth
[2026-06-19T09:18:33.953+0000] {processor.py:829} INFO - Processing file /opt/airflow/dags/models/BTC_s1_n10_lstm_model.pth for tasks to queue
[2026-06-19T09:18:33.955+0000] {logging_mixin.py:151} INFO - [2026-06-19T09:18:33.954+0000] {dagbag.py:539} INFO - Filling up the DagBag from /opt/airflow/dags/models/BTC_s1_n10_lstm_model.pth
[2026-06-19T09:18:33.964+0000] {processor.py:841} WARNING - No viable dags retrieved from /opt/airflow/dags/models/BTC_s1_n10_lstm_model.pth
[2026-06-19T09:18:33.980+0000] {processor.py:179} INFO - Processing /opt/airflow/dags/models/BTC_s1_n10_lstm_model.pth took 0.033 seconds
[2026-06-19T09:19:04.237+0000] {processor.py:157} INFO - Started process (PID=2896) to work on /opt/airflow/dags/models/BTC_s1_n10_lstm_model.pth
[2026-06-19T09:19:04.239+0000] {processor.py:829} INFO - Processing file /opt/airflow/dags/models/BTC_s1_n10_lstm_model.pth for tasks to queue
[2026-06-19T09:19:04.240+0000] {logging_mixin.py:151} INFO - [2026-06-19T09:19:04.240+0000] {dagbag.py:539} INFO - Filling up the DagBag from /opt/airflow/dags/models/BTC_s1_n10_lstm_model.pth
[2026-06-19T09:19:04.248+0000] {processor.py:841} WARNING - No viable dags retrieved from /opt/airflow/dags/models/BTC_s1_n10_lstm_model.pth
[2026-06-19T09:19:04.263+0000] {processor.py:179} INFO - Processing /opt/airflow/dags/models/BTC_s1_n10_lstm_model.pth took 0.029 seconds
[2026-06-19T09:19:34.371+0000] {processor.py:157} INFO - Started process (PID=2929) to work on /opt/airflow/dags/models/BTC_s1_n10_lstm_model.pth
[2026-06-19T09:19:34.372+0000] {processor.py:829} INFO - Processing file /opt/airflow/dags/models/BTC_s1_n10_lstm_model.pth for tasks to queue
[2026-06-19T09:19:34.373+0000] {logging_mixin.py:151} INFO - [2026-06-19T09:19:34.373+0000] {dagbag.py:539} INFO - Filling up the DagBag from /opt/airflow/dags/models/BTC_s1_n10_lstm_model.pth
[2026-06-19T09:19:34.381+0000] {processor.py:841} WARNING - No viable dags retrieved from /opt/airflow/dags/models/BTC_s1_n10_lstm_model.pth
[2026-06-19T09:19:34.396+0000] {processor.py:179} INFO - Processing /opt/airflow/dags/models/BTC_s1_n10_lstm_model.pth took 0.028 seconds
[2026-06-19T09:20:04.732+0000] {processor.py:157} INFO - Started process (PID=2962) to work on /opt/airflow/dags/models/BTC_s1_n10_lstm_model.pth
[2026-06-19T09:20:04.733+0000] {processor.py:829} INFO - Processing file /opt/airflow/dags/models/BTC_s1_n10_lstm_model.pth for tasks to queue
[2026-06-19T09:20:04.734+0000] {logging_mixin.py:151} INFO - [2026-06-19T09:20:04.734+0000] {dagbag.py:539} INFO - Filling up the DagBag from /opt/airflow/dags/models/BTC_s1_n10_lstm_model.pth
[2026-06-19T09:20:04.741+0000] {processor.py:841} WARNING - No viable dags retrieved from /opt/airflow/dags/models/BTC_s1_n10_lstm_model.pth
[2026-06-19T09:20:04.755+0000] {processor.py:179} INFO - Processing /opt/airflow/dags/models/BTC_s1_n10_lstm_model.pth took 0.026 seconds
[2026-06-19T09:20:34.985+0000] {processor.py:157} INFO - Started process (PID=2995) to work on /opt/airflow/dags/models/BTC_s1_n10_lstm_model.pth
[2026-06-19T09:20:34.987+0000] {processor.py:829} INFO - Processing file /opt/airflow/dags/models/BTC_s1_n10_lstm_model.pth for tasks to queue
[2026-06-19T09:20:34.987+0000] {logging_mixin.py:151} INFO - [2026-06-19T09:20:34.987+0000] {dagbag.py:539} INFO - Filling up the DagBag from /opt/airflow/dags/models/BTC_s1_n10_lstm_model.pth
[2026-06-19T09:20:34.994+0000] {processor.py:841} WARNING - No viable dags retrieved from /opt/airflow/dags/models/BTC_s1_n10_lstm_model.pth
[2026-06-19T09:20:35.008+0000] {processor.py:179} INFO - Processing /opt/airflow/dags/models/BTC_s1_n10_lstm_model.pth took 0.026 seconds
[2026-06-19T09:21:05.808+0000] {processor.py:157} INFO - Started process (PID=3028) to work on /opt/airflow/dags/models/BTC_s1_n10_lstm_model.pth
[2026-06-19T09:21:05.809+0000] {processor.py:829} INFO - Processing file /opt/airflow/dags/models/BTC_s1_n10_lstm_model.pth for tasks to queue
[2026-06-19T09:21:05.810+0000] {logging_mixin.py:151} INFO - [2026-06-19T09:21:05.810+0000] {dagbag.py:539} INFO - Filling up the DagBag from /opt/airflow/dags/models/BTC_s1_n10_lstm_model.pth
[2026-06-19T09:21:05.817+0000] {processor.py:841} WARNING - No viable dags retrieved from /opt/airflow/dags/models/BTC_s1_n10_lstm_model.pth
[2026-06-19T09:21:05.829+0000] {processor.py:179} INFO - Processing /opt/airflow/dags/models/BTC_s1_n10_lstm_model.pth took 0.024 seconds
[2026-06-19T09:21:35.985+0000] {processor.py:157} INFO - Started process (PID=3061) to work on /opt/airflow/dags/models/BTC_s1_n10_lstm_model.pth
[2026-06-19T09:21:35.987+0000] {processor.py:829} INFO - Processing file /opt/airflow/dags/models/BTC_s1_n10_lstm_model.pth for tasks to queue
[2026-06-19T09:21:35.988+0000] {logging_mixin.py:151} INFO - [2026-06-19T09:21:35.987+0000] {dagbag.py:539} INFO - Filling up the DagBag from /opt/airflow/dags/models/BTC_s1_n10_lstm_model.pth
[2026-06-19T09:21:35.996+0000] {processor.py:841} WARNING - No viable dags retrieved from /opt/airflow/dags/models/BTC_s1_n10_lstm_model.pth
[2026-06-19T09:21:36.008+0000] {processor.py:179} INFO - Processing /opt/airflow/dags/models/BTC_s1_n10_lstm_model.pth took 0.026 seconds
[2026-06-19T09:22:06.652+0000] {processor.py:157} INFO - Started process (PID=3094) to work on /opt/airflow/dags/models/BTC_s1_n10_lstm_model.pth
[2026-06-19T09:22:06.654+0000] {processor.py:829} INFO - Processing file /opt/airflow/dags/models/BTC_s1_n10_lstm_model.pth for tasks to queue
[2026-06-19T09:22:06.654+0000] {logging_mixin.py:151} INFO - [2026-06-19T09:22:06.654+0000] {dagbag.py:539} INFO - Filling up the DagBag from /opt/airflow/dags/models/BTC_s1_n10_lstm_model.pth
[2026-06-19T09:22:06.662+0000] {processor.py:841} WARNING - No viable dags retrieved from /opt/airflow/dags/models/BTC_s1_n10_lstm_model.pth
[2026-06-19T09:22:06.677+0000] {processor.py:179} INFO - Processing /opt/airflow/dags/models/BTC_s1_n10_lstm_model.pth took 0.028 seconds
[2026-06-19T09:22:37.325+0000] {processor.py:157} INFO - Started process (PID=3127) to work on /opt/airflow/dags/models/BTC_s1_n10_lstm_model.pth
[2026-06-19T09:22:37.327+0000] {processor.py:829} INFO - Processing file /opt/airflow/dags/models/BTC_s1_n10_lstm_model.pth for tasks to queue
[2026-06-19T09:22:37.327+0000] {logging_mixin.py:151} INFO - [2026-06-19T09:22:37.327+0000] {dagbag.py:539} INFO - Filling up the DagBag from /opt/airflow/dags/models/BTC_s1_n10_lstm_model.pth
[2026-06-19T09:22:37.335+0000] {processor.py:841} WARNING - No viable dags retrieved from /opt/airflow/dags/models/BTC_s1_n10_lstm_model.pth
[2026-06-19T09:22:37.351+0000] {processor.py:179} INFO - Processing /opt/airflow/dags/models/BTC_s1_n10_lstm_model.pth took 0.029 seconds
[2026-06-19T09:23:07.474+0000] {processor.py:157} INFO - Started process (PID=3160) to work on /opt/airflow/dags/models/BTC_s1_n10_lstm_model.pth
[2026-06-19T09:23:07.475+0000] {processor.py:829} INFO - Processing file /opt/airflow/dags/models/BTC_s1_n10_lstm_model.pth for tasks to queue
[2026-06-19T09:23:07.476+0000] {logging_mixin.py:151} INFO - [2026-06-19T09:23:07.476+0000] {dagbag.py:539} INFO - Filling up the DagBag from /opt/airflow/dags/models/BTC_s1_n10_lstm_model.pth
[2026-06-19T09:23:07.483+0000] {processor.py:841} WARNING - No viable dags retrieved from /opt/airflow/dags/models/BTC_s1_n10_lstm_model.pth
[2026-06-19T09:23:07.497+0000] {processor.py:179} INFO - Processing /opt/airflow/dags/models/BTC_s1_n10_lstm_model.pth took 0.027 seconds
[2026-06-19T09:23:39.390+0000] {processor.py:157} INFO - Started process (PID=3190) to work on /opt/airflow/dags/models/BTC_s1_n10_lstm_model.pth
[2026-06-19T09:23:39.391+0000] {processor.py:829} INFO - Processing file /opt/airflow/dags/models/BTC_s1_n10_lstm_model.pth for tasks to queue
[2026-06-19T09:23:39.392+0000] {logging_mixin.py:151} INFO - [2026-06-19T09:23:39.392+0000] {dagbag.py:539} INFO - Filling up the DagBag from /opt/airflow/dags/models/BTC_s1_n10_lstm_model.pth
[2026-06-19T09:23:39.400+0000] {processor.py:841} WARNING - No viable dags retrieved from /opt/airflow/dags/models/BTC_s1_n10_lstm_model.pth
[2026-06-19T09:23:39.416+0000] {processor.py:179} INFO - Processing /opt/airflow/dags/models/BTC_s1_n10_lstm_model.pth took 0.030 seconds
[2026-06-19T09:24:11.087+0000] {processor.py:157} INFO - Started process (PID=3216) to work on /opt/airflow/dags/models/BTC_s1_n10_lstm_model.pth
[2026-06-19T09:24:11.088+0000] {processor.py:829} INFO - Processing file /opt/airflow/dags/models/BTC_s1_n10_lstm_model.pth for tasks to queue
[2026-06-19T09:24:11.089+0000] {logging_mixin.py:151} INFO - [2026-06-19T09:24:11.089+0000] {dagbag.py:539} INFO - Filling up the DagBag from /opt/airflow/dags/models/BTC_s1_n10_lstm_model.pth
[2026-06-19T09:24:11.096+0000] {processor.py:841} WARNING - No viable dags retrieved from /opt/airflow/dags/models/BTC_s1_n10_lstm_model.pth
[2026-06-19T09:24:11.109+0000] {processor.py:179} INFO - Processing /opt/airflow/dags/models/BTC_s1_n10_lstm_model.pth took 0.025 seconds
[2026-06-19T09:24:41.507+0000] {processor.py:157} INFO - Started process (PID=3241) to work on /opt/airflow/dags/models/BTC_s1_n10_lstm_model.pth
[2026-06-19T09:24:41.508+0000] {processor.py:829} INFO - Processing file /opt/airflow/dags/models/BTC_s1_n10_lstm_model.pth for tasks to queue
[2026-06-19T09:24:41.509+0000] {logging_mixin.py:151} INFO - [2026-06-19T09:24:41.509+0000] {dagbag.py:539} INFO - Filling up the DagBag from /opt/airflow/dags/models/BTC_s1_n10_lstm_model.pth
[2026-06-19T09:24:41.519+0000] {processor.py:841} WARNING - No viable dags retrieved from /opt/airflow/dags/models/BTC_s1_n10_lstm_model.pth
[2026-06-19T09:24:41.536+0000] {processor.py:179} INFO - Processing /opt/airflow/dags/models/BTC_s1_n10_lstm_model.pth took 0.034 seconds
[2026-06-19T09:25:12.228+0000] {processor.py:157} INFO - Started process (PID=3271) to work on /opt/airflow/dags/models/BTC_s1_n10_lstm_model.pth
[2026-06-19T09:25:12.229+0000] {processor.py:829} INFO - Processing file /opt/airflow/dags/models/BTC_s1_n10_lstm_model.pth for tasks to queue
[2026-06-19T09:25:12.230+0000] {logging_mixin.py:151} INFO - [2026-06-19T09:25:12.230+0000] {dagbag.py:539} INFO - Filling up the DagBag from /opt/airflow/dags/models/BTC_s1_n10_lstm_model.pth
[2026-06-19T09:25:12.237+0000] {processor.py:841} WARNING - No viable dags retrieved from /opt/airflow/dags/models/BTC_s1_n10_lstm_model.pth
[2026-06-19T09:25:12.251+0000] {processor.py:179} INFO - Processing /opt/airflow/dags/models/BTC_s1_n10_lstm_model.pth took 0.027 seconds
[2026-06-19T09:25:42.406+0000] {processor.py:157} INFO - Started process (PID=3304) to work on /opt/airflow/dags/models/BTC_s1_n10_lstm_model.pth
[2026-06-19T09:25:42.407+0000] {processor.py:829} INFO - Processing file /opt/airflow/dags/models/BTC_s1_n10_lstm_model.pth for tasks to queue
[2026-06-19T09:25:42.408+0000] {logging_mixin.py:151} INFO - [2026-06-19T09:25:42.408+0000] {dagbag.py:539} INFO - Filling up the DagBag from /opt/airflow/dags/models/BTC_s1_n10_lstm_model.pth
[2026-06-19T09:25:42.415+0000] {processor.py:841} WARNING - No viable dags retrieved from /opt/airflow/dags/models/BTC_s1_n10_lstm_model.pth
[2026-06-19T09:25:42.428+0000] {processor.py:179} INFO - Processing /opt/airflow/dags/models/BTC_s1_n10_lstm_model.pth took 0.026 seconds
[2026-06-19T09:26:12.597+0000] {processor.py:157} INFO - Started process (PID=3337) to work on /opt/airflow/dags/models/BTC_s1_n10_lstm_model.pth
[2026-06-19T09:26:12.598+0000] {processor.py:829} INFO - Processing file /opt/airflow/dags/models/BTC_s1_n10_lstm_model.pth for tasks to queue
[2026-06-19T09:26:12.599+0000] {logging_mixin.py:151} INFO - [2026-06-19T09:26:12.598+0000] {dagbag.py:539} INFO - Filling up the DagBag from /opt/airflow/dags/models/BTC_s1_n10_lstm_model.pth
[2026-06-19T09:26:12.606+0000] {processor.py:841} WARNING - No viable dags retrieved from /opt/airflow/dags/models/BTC_s1_n10_lstm_model.pth
[2026-06-19T09:26:12.618+0000] {processor.py:179} INFO - Processing /opt/airflow/dags/models/BTC_s1_n10_lstm_model.pth took 0.025 seconds
[2026-06-19T09:26:42.950+0000] {processor.py:157} INFO - Started process (PID=3369) to work on /opt/airflow/dags/models/BTC_s1_n10_lstm_model.pth
[2026-06-19T09:26:42.954+0000] {processor.py:829} INFO - Processing file /opt/airflow/dags/models/BTC_s1_n10_lstm_model.pth for tasks to queue
[2026-06-19T09:26:42.955+0000] {logging_mixin.py:151} INFO - [2026-06-19T09:26:42.955+0000] {dagbag.py:539} INFO - Filling up the DagBag from /opt/airflow/dags/models/BTC_s1_n10_lstm_model.pth
[2026-06-19T09:26:42.966+0000] {processor.py:841} WARNING - No viable dags retrieved from /opt/airflow/dags/models/BTC_s1_n10_lstm_model.pth
[2026-06-19T09:26:42.980+0000] {processor.py:179} INFO - Processing /opt/airflow/dags/models/BTC_s1_n10_lstm_model.pth took 0.035 seconds
[2026-06-19T09:27:13.252+0000] {processor.py:157} INFO - Started process (PID=3409) to work on /opt/airflow/dags/models/BTC_s1_n10_lstm_model.pth
[2026-06-19T09:27:13.253+0000] {processor.py:829} INFO - Processing file /opt/airflow/dags/models/BTC_s1_n10_lstm_model.pth for tasks to queue
[2026-06-19T09:27:13.254+0000] {logging_mixin.py:151} INFO - [2026-06-19T09:27:13.254+0000] {dagbag.py:539} INFO - Filling up the DagBag from /opt/airflow/dags/models/BTC_s1_n10_lstm_model.pth
[2026-06-19T09:27:13.260+0000] {processor.py:841} WARNING - No viable dags retrieved from /opt/airflow/dags/models/BTC_s1_n10_lstm_model.pth
[2026-06-19T09:27:13.273+0000] {processor.py:179} INFO - Processing /opt/airflow/dags/models/BTC_s1_n10_lstm_model.pth took 0.024 seconds
[2026-06-19T09:27:43.742+0000] {processor.py:157} INFO - Started process (PID=3442) to work on /opt/airflow/dags/models/BTC_s1_n10_lstm_model.pth
[2026-06-19T09:27:43.743+0000] {processor.py:829} INFO - Processing file /opt/airflow/dags/models/BTC_s1_n10_lstm_model.pth for tasks to queue
[2026-06-19T09:27:43.744+0000] {logging_mixin.py:151} INFO - [2026-06-19T09:27:43.744+0000] {dagbag.py:539} INFO - Filling up the DagBag from /opt/airflow/dags/models/BTC_s1_n10_lstm_model.pth
[2026-06-19T09:27:43.751+0000] {processor.py:841} WARNING - No viable dags retrieved from /opt/airflow/dags/models/BTC_s1_n10_lstm_model.pth
[2026-06-19T09:27:43.765+0000] {processor.py:179} INFO - Processing /opt/airflow/dags/models/BTC_s1_n10_lstm_model.pth took 0.026 seconds
[2026-06-19T09:28:14.518+0000] {processor.py:157} INFO - Started process (PID=3475) to work on /opt/airflow/dags/models/BTC_s1_n10_lstm_model.pth
[2026-06-19T09:28:14.519+0000] {processor.py:829} INFO - Processing file /opt/airflow/dags/models/BTC_s1_n10_lstm_model.pth for tasks to queue
[2026-06-19T09:28:14.520+0000] {logging_mixin.py:151} INFO - [2026-06-19T09:28:14.519+0000] {dagbag.py:539} INFO - Filling up the DagBag from /opt/airflow/dags/models/BTC_s1_n10_lstm_model.pth
[2026-06-19T09:28:14.527+0000] {processor.py:841} WARNING - No viable dags retrieved from /opt/airflow/dags/models/BTC_s1_n10_lstm_model.pth
[2026-06-19T09:28:14.540+0000] {processor.py:179} INFO - Processing /opt/airflow/dags/models/BTC_s1_n10_lstm_model.pth took 0.024 seconds
[2026-06-19T09:28:45.067+0000] {processor.py:157} INFO - Started process (PID=3509) to work on /opt/airflow/dags/models/BTC_s1_n10_lstm_model.pth
[2026-06-19T09:28:45.068+0000] {processor.py:829} INFO - Processing file /opt/airflow/dags/models/BTC_s1_n10_lstm_model.pth for tasks to queue
[2026-06-19T09:28:45.069+0000] {logging_mixin.py:151} INFO - [2026-06-19T09:28:45.069+0000] {dagbag.py:539} INFO - Filling up the DagBag from /opt/airflow/dags/models/BTC_s1_n10_lstm_model.pth
[2026-06-19T09:28:45.076+0000] {processor.py:841} WARNING - No viable dags retrieved from /opt/airflow/dags/models/BTC_s1_n10_lstm_model.pth
[2026-06-19T09:28:45.093+0000] {processor.py:179} INFO - Processing /opt/airflow/dags/models/BTC_s1_n10_lstm_model.pth took 0.030 seconds
[2026-06-19T09:29:15.198+0000] {processor.py:157} INFO - Started process (PID=3542) to work on /opt/airflow/dags/models/BTC_s1_n10_lstm_model.pth
[2026-06-19T09:29:15.200+0000] {processor.py:829} INFO - Processing file /opt/airflow/dags/models/BTC_s1_n10_lstm_model.pth for tasks to queue
[2026-06-19T09:29:15.201+0000] {logging_mixin.py:151} INFO - [2026-06-19T09:29:15.200+0000] {dagbag.py:539} INFO - Filling up the DagBag from /opt/airflow/dags/models/BTC_s1_n10_lstm_model.pth
[2026-06-19T09:29:15.210+0000] {processor.py:841} WARNING - No viable dags retrieved from /opt/airflow/dags/models/BTC_s1_n10_lstm_model.pth
[2026-06-19T09:29:15.229+0000] {processor.py:179} INFO - Processing /opt/airflow/dags/models/BTC_s1_n10_lstm_model.pth took 0.035 seconds
[2026-06-19T09:29:45.359+0000] {processor.py:157} INFO - Started process (PID=3575) to work on /opt/airflow/dags/models/BTC_s1_n10_lstm_model.pth
[2026-06-19T09:29:45.366+0000] {processor.py:829} INFO - Processing file /opt/airflow/dags/models/BTC_s1_n10_lstm_model.pth for tasks to queue
[2026-06-19T09:29:45.367+0000] {logging_mixin.py:151} INFO - [2026-06-19T09:29:45.367+0000] {dagbag.py:539} INFO - Filling up the DagBag from /opt/airflow/dags/models/BTC_s1_n10_lstm_model.pth
[2026-06-19T09:29:45.384+0000] {processor.py:841} WARNING - No viable dags retrieved from /opt/airflow/dags/models/BTC_s1_n10_lstm_model.pth
[2026-06-19T09:29:45.402+0000] {processor.py:179} INFO - Processing /opt/airflow/dags/models/BTC_s1_n10_lstm_model.pth took 0.048 seconds
[2026-06-19T09:30:15.966+0000] {processor.py:157} INFO - Started process (PID=3606) to work on /opt/airflow/dags/models/BTC_s1_n10_lstm_model.pth
[2026-06-19T09:30:15.967+0000] {processor.py:829} INFO - Processing file /opt/airflow/dags/models/BTC_s1_n10_lstm_model.pth for tasks to queue
[2026-06-19T09:30:15.968+0000] {logging_mixin.py:151} INFO - [2026-06-19T09:30:15.968+0000] {dagbag.py:539} INFO - Filling up the DagBag from /opt/airflow/dags/models/BTC_s1_n10_lstm_model.pth
[2026-06-19T09:30:15.975+0000] {processor.py:841} WARNING - No viable dags retrieved from /opt/airflow/dags/models/BTC_s1_n10_lstm_model.pth
[2026-06-19T09:30:15.988+0000] {processor.py:179} INFO - Processing /opt/airflow/dags/models/BTC_s1_n10_lstm_model.pth took 0.026 seconds
[2026-06-19T09:30:46.910+0000] {processor.py:157} INFO - Started process (PID=3631) to work on /opt/airflow/dags/models/BTC_s1_n10_lstm_model.pth
[2026-06-19T09:30:46.912+0000] {processor.py:829} INFO - Processing file /opt/airflow/dags/models/BTC_s1_n10_lstm_model.pth for tasks to queue
[2026-06-19T09:30:46.913+0000] {logging_mixin.py:151} INFO - [2026-06-19T09:30:46.912+0000] {dagbag.py:539} INFO - Filling up the DagBag from /opt/airflow/dags/models/BTC_s1_n10_lstm_model.pth
[2026-06-19T09:30:46.923+0000] {processor.py:841} WARNING - No viable dags retrieved from /opt/airflow/dags/models/BTC_s1_n10_lstm_model.pth
[2026-06-19T09:30:46.941+0000] {processor.py:179} INFO - Processing /opt/airflow/dags/models/BTC_s1_n10_lstm_model.pth took 0.035 seconds
[2026-06-19T09:31:17.238+0000] {processor.py:157} INFO - Started process (PID=3656) to work on /opt/airflow/dags/models/BTC_s1_n10_lstm_model.pth
[2026-06-19T09:31:17.239+0000] {processor.py:829} INFO - Processing file /opt/airflow/dags/models/BTC_s1_n10_lstm_model.pth for tasks to queue
[2026-06-19T09:31:17.240+0000] {logging_mixin.py:151} INFO - [2026-06-19T09:31:17.240+0000] {dagbag.py:539} INFO - Filling up the DagBag from /opt/airflow/dags/models/BTC_s1_n10_lstm_model.pth
[2026-06-19T09:31:17.249+0000] {processor.py:841} WARNING - No viable dags retrieved from /opt/airflow/dags/models/BTC_s1_n10_lstm_model.pth
[2026-06-19T09:31:17.265+0000] {processor.py:179} INFO - Processing /opt/airflow/dags/models/BTC_s1_n10_lstm_model.pth took 0.031 seconds
[2026-06-19T09:31:47.614+0000] {processor.py:157} INFO - Started process (PID=3687) to work on /opt/airflow/dags/models/BTC_s1_n10_lstm_model.pth
[2026-06-19T09:31:47.615+0000] {processor.py:829} INFO - Processing file /opt/airflow/dags/models/BTC_s1_n10_lstm_model.pth for tasks to queue
[2026-06-19T09:31:47.615+0000] {logging_mixin.py:151} INFO - [2026-06-19T09:31:47.615+0000] {dagbag.py:539} INFO - Filling up the DagBag from /opt/airflow/dags/models/BTC_s1_n10_lstm_model.pth
[2026-06-19T09:31:47.623+0000] {processor.py:841} WARNING - No viable dags retrieved from /opt/airflow/dags/models/BTC_s1_n10_lstm_model.pth
[2026-06-19T09:31:47.637+0000] {processor.py:179} INFO - Processing /opt/airflow/dags/models/BTC_s1_n10_lstm_model.pth took 0.027 seconds
[2026-06-19T09:32:17.778+0000] {processor.py:157} INFO - Started process (PID=3720) to work on /opt/airflow/dags/models/BTC_s1_n10_lstm_model.pth
[2026-06-19T09:32:17.780+0000] {processor.py:829} INFO - Processing file /opt/airflow/dags/models/BTC_s1_n10_lstm_model.pth for tasks to queue
[2026-06-19T09:32:17.781+0000] {logging_mixin.py:151} INFO - [2026-06-19T09:32:17.781+0000] {dagbag.py:539} INFO - Filling up the DagBag from /opt/airflow/dags/models/BTC_s1_n10_lstm_model.pth
[2026-06-19T09:32:17.794+0000] {processor.py:841} WARNING - No viable dags retrieved from /opt/airflow/dags/models/BTC_s1_n10_lstm_model.pth
[2026-06-19T09:32:17.809+0000] {processor.py:179} INFO - Processing /opt/airflow/dags/models/BTC_s1_n10_lstm_model.pth took 0.035 seconds
[2026-06-19T09:32:47.918+0000] {processor.py:157} INFO - Started process (PID=3753) to work on /opt/airflow/dags/models/BTC_s1_n10_lstm_model.pth
[2026-06-19T09:32:47.919+0000] {processor.py:829} INFO - Processing file /opt/airflow/dags/models/BTC_s1_n10_lstm_model.pth for tasks to queue
[2026-06-19T09:32:47.920+0000] {logging_mixin.py:151} INFO - [2026-06-19T09:32:47.920+0000] {dagbag.py:539} INFO - Filling up the DagBag from /opt/airflow/dags/models/BTC_s1_n10_lstm_model.pth
[2026-06-19T09:32:47.928+0000] {processor.py:841} WARNING - No viable dags retrieved from /opt/airflow/dags/models/BTC_s1_n10_lstm_model.pth
[2026-06-19T09:32:47.945+0000] {processor.py:179} INFO - Processing /opt/airflow/dags/models/BTC_s1_n10_lstm_model.pth took 0.030 seconds
[2026-06-19T09:33:18.907+0000] {processor.py:157} INFO - Started process (PID=3786) to work on /opt/airflow/dags/models/BTC_s1_n10_lstm_model.pth
[2026-06-19T09:33:18.909+0000] {processor.py:829} INFO - Processing file /opt/airflow/dags/models/BTC_s1_n10_lstm_model.pth for tasks to queue
[2026-06-19T09:33:18.909+0000] {logging_mixin.py:151} INFO - [2026-06-19T09:33:18.909+0000] {dagbag.py:539} INFO - Filling up the DagBag from /opt/airflow/dags/models/BTC_s1_n10_lstm_model.pth
[2026-06-19T09:33:18.917+0000] {processor.py:841} WARNING - No viable dags retrieved from /opt/airflow/dags/models/BTC_s1_n10_lstm_model.pth
[2026-06-19T09:33:18.932+0000] {processor.py:179} INFO - Processing /opt/airflow/dags/models/BTC_s1_n10_lstm_model.pth took 0.029 seconds
[2026-06-19T09:33:49.647+0000] {processor.py:157} INFO - Started process (PID=3819) to work on /opt/airflow/dags/models/BTC_s1_n10_lstm_model.pth
[2026-06-19T09:33:49.648+0000] {processor.py:829} INFO - Processing file /opt/airflow/dags/models/BTC_s1_n10_lstm_model.pth for tasks to queue
[2026-06-19T09:33:49.649+0000] {logging_mixin.py:151} INFO - [2026-06-19T09:33:49.649+0000] {dagbag.py:539} INFO - Filling up the DagBag from /opt/airflow/dags/models/BTC_s1_n10_lstm_model.pth
[2026-06-19T09:33:49.657+0000] {processor.py:841} WARNING - No viable dags retrieved from /opt/airflow/dags/models/BTC_s1_n10_lstm_model.pth
[2026-06-19T09:33:49.671+0000] {processor.py:179} INFO - Processing /opt/airflow/dags/models/BTC_s1_n10_lstm_model.pth took 0.027 seconds
[2026-06-19T09:34:20.303+0000] {processor.py:157} INFO - Started process (PID=3852) to work on /opt/airflow/dags/models/BTC_s1_n10_lstm_model.pth
[2026-06-19T09:34:20.304+0000] {processor.py:829} INFO - Processing file /opt/airflow/dags/models/BTC_s1_n10_lstm_model.pth for tasks to queue
[2026-06-19T09:34:20.305+0000] {logging_mixin.py:151} INFO - [2026-06-19T09:34:20.305+0000] {dagbag.py:539} INFO - Filling up the DagBag from /opt/airflow/dags/models/BTC_s1_n10_lstm_model.pth
[2026-06-19T09:34:20.314+0000] {processor.py:841} WARNING - No viable dags retrieved from /opt/airflow/dags/models/BTC_s1_n10_lstm_model.pth
[2026-06-19T09:34:20.329+0000] {processor.py:179} INFO - Processing /opt/airflow/dags/models/BTC_s1_n10_lstm_model.pth took 0.030 seconds
[2026-06-19T09:34:51.019+0000] {processor.py:157} INFO - Started process (PID=3885) to work on /opt/airflow/dags/models/BTC_s1_n10_lstm_model.pth
[2026-06-19T09:34:51.021+0000] {processor.py:829} INFO - Processing file /opt/airflow/dags/models/BTC_s1_n10_lstm_model.pth for tasks to queue
[2026-06-19T09:34:51.022+0000] {logging_mixin.py:151} INFO - [2026-06-19T09:34:51.022+0000] {dagbag.py:539} INFO - Filling up the DagBag from /opt/airflow/dags/models/BTC_s1_n10_lstm_model.pth
[2026-06-19T09:34:51.030+0000] {processor.py:841} WARNING - No viable dags retrieved from /opt/airflow/dags/models/BTC_s1_n10_lstm_model.pth
[2026-06-19T09:34:51.045+0000] {processor.py:179} INFO - Processing /opt/airflow/dags/models/BTC_s1_n10_lstm_model.pth took 0.030 seconds
[2026-06-19T09:35:21.709+0000] {processor.py:157} INFO - Started process (PID=3918) to work on /opt/airflow/dags/models/BTC_s1_n10_lstm_model.pth
[2026-06-19T09:35:21.710+0000] {processor.py:829} INFO - Processing file /opt/airflow/dags/models/BTC_s1_n10_lstm_model.pth for tasks to queue
[2026-06-19T09:35:21.711+0000] {logging_mixin.py:151} INFO - [2026-06-19T09:35:21.711+0000] {dagbag.py:539} INFO - Filling up the DagBag from /opt/airflow/dags/models/BTC_s1_n10_lstm_model.pth
[2026-06-19T09:35:21.719+0000] {processor.py:841} WARNING - No viable dags retrieved from /opt/airflow/dags/models/BTC_s1_n10_lstm_model.pth
[2026-06-19T09:35:21.731+0000] {processor.py:179} INFO - Processing /opt/airflow/dags/models/BTC_s1_n10_lstm_model.pth took 0.025 seconds
[2026-06-19T09:35:52.248+0000] {processor.py:157} INFO - Started process (PID=3951) to work on /opt/airflow/dags/models/BTC_s1_n10_lstm_model.pth
[2026-06-19T09:35:52.249+0000] {processor.py:829} INFO - Processing file /opt/airflow/dags/models/BTC_s1_n10_lstm_model.pth for tasks to queue
[2026-06-19T09:35:52.250+0000] {logging_mixin.py:151} INFO - [2026-06-19T09:35:52.250+0000] {dagbag.py:539} INFO - Filling up the DagBag from /opt/airflow/dags/models/BTC_s1_n10_lstm_model.pth
[2026-06-19T09:35:52.258+0000] {processor.py:841} WARNING - No viable dags retrieved from /opt/airflow/dags/models/BTC_s1_n10_lstm_model.pth
[2026-06-19T09:35:52.274+0000] {processor.py:179} INFO - Processing /opt/airflow/dags/models/BTC_s1_n10_lstm_model.pth took 0.030 seconds
[2026-06-19T09:36:22.803+0000] {processor.py:157} INFO - Started process (PID=3985) to work on /opt/airflow/dags/models/BTC_s1_n10_lstm_model.pth
[2026-06-19T09:36:22.804+0000] {processor.py:829} INFO - Processing file /opt/airflow/dags/models/BTC_s1_n10_lstm_model.pth for tasks to queue
[2026-06-19T09:36:22.805+0000] {logging_mixin.py:151} INFO - [2026-06-19T09:36:22.805+0000] {dagbag.py:539} INFO - Filling up the DagBag from /opt/airflow/dags/models/BTC_s1_n10_lstm_model.pth
[2026-06-19T09:36:22.812+0000] {processor.py:841} WARNING - No viable dags retrieved from /opt/airflow/dags/models/BTC_s1_n10_lstm_model.pth
[2026-06-19T09:36:22.825+0000] {processor.py:179} INFO - Processing /opt/airflow/dags/models/BTC_s1_n10_lstm_model.pth took 0.025 seconds
[2026-06-19T09:36:53.573+0000] {processor.py:157} INFO - Started process (PID=4018) to work on /opt/airflow/dags/models/BTC_s1_n10_lstm_model.pth
[2026-06-19T09:36:53.575+0000] {processor.py:829} INFO - Processing file /opt/airflow/dags/models/BTC_s1_n10_lstm_model.pth for tasks to queue
[2026-06-19T09:36:53.576+0000] {logging_mixin.py:151} INFO - [2026-06-19T09:36:53.576+0000] {dagbag.py:539} INFO - Filling up the DagBag from /opt/airflow/dags/models/BTC_s1_n10_lstm_model.pth
[2026-06-19T09:36:53.585+0000] {processor.py:841} WARNING - No viable dags retrieved from /opt/airflow/dags/models/BTC_s1_n10_lstm_model.pth
[2026-06-19T09:36:53.598+0000] {processor.py:179} INFO - Processing /opt/airflow/dags/models/BTC_s1_n10_lstm_model.pth took 0.029 seconds
[2026-06-19T09:37:24.525+0000] {processor.py:157} INFO - Started process (PID=4051) to work on /opt/airflow/dags/models/BTC_s1_n10_lstm_model.pth
[2026-06-19T09:37:24.526+0000] {processor.py:829} INFO - Processing file /opt/airflow/dags/models/BTC_s1_n10_lstm_model.pth for tasks to queue
[2026-06-19T09:37:24.527+0000] {logging_mixin.py:151} INFO - [2026-06-19T09:37:24.527+0000] {dagbag.py:539} INFO - Filling up the DagBag from /opt/airflow/dags/models/BTC_s1_n10_lstm_model.pth
[2026-06-19T09:37:24.534+0000] {processor.py:841} WARNING - No viable dags retrieved from /opt/airflow/dags/models/BTC_s1_n10_lstm_model.pth
[2026-06-19T09:37:24.548+0000] {processor.py:179} INFO - Processing /opt/airflow/dags/models/BTC_s1_n10_lstm_model.pth took 0.026 seconds
[2026-06-19T09:37:55.193+0000] {processor.py:157} INFO - Started process (PID=4082) to work on /opt/airflow/dags/models/BTC_s1_n10_lstm_model.pth
[2026-06-19T09:37:55.194+0000] {processor.py:829} INFO - Processing file /opt/airflow/dags/models/BTC_s1_n10_lstm_model.pth for tasks to queue
[2026-06-19T09:37:55.195+0000] {logging_mixin.py:151} INFO - [2026-06-19T09:37:55.195+0000] {dagbag.py:539} INFO - Filling up the DagBag from /opt/airflow/dags/models/BTC_s1_n10_lstm_model.pth
[2026-06-19T09:37:55.205+0000] {processor.py:841} WARNING - No viable dags retrieved from /opt/airflow/dags/models/BTC_s1_n10_lstm_model.pth
[2026-06-19T09:37:55.225+0000] {processor.py:179} INFO - Processing /opt/airflow/dags/models/BTC_s1_n10_lstm_model.pth took 0.036 seconds
[2026-06-19T09:38:27.171+0000] {processor.py:157} INFO - Started process (PID=4107) to work on /opt/airflow/dags/models/BTC_s1_n10_lstm_model.pth
[2026-06-19T09:38:27.172+0000] {processor.py:829} INFO - Processing file /opt/airflow/dags/models/BTC_s1_n10_lstm_model.pth for tasks to queue
[2026-06-19T09:38:27.173+0000] {logging_mixin.py:151} INFO - [2026-06-19T09:38:27.173+0000] {dagbag.py:539} INFO - Filling up the DagBag from /opt/airflow/dags/models/BTC_s1_n10_lstm_model.pth
[2026-06-19T09:38:27.181+0000] {processor.py:841} WARNING - No viable dags retrieved from /opt/airflow/dags/models/BTC_s1_n10_lstm_model.pth
[2026-06-19T09:38:27.194+0000] {processor.py:179} INFO - Processing /opt/airflow/dags/models/BTC_s1_n10_lstm_model.pth took 0.028 seconds
[2026-06-19T09:38:57.480+0000] {processor.py:157} INFO - Started process (PID=4132) to work on /opt/airflow/dags/models/BTC_s1_n10_lstm_model.pth
[2026-06-19T09:38:57.481+0000] {processor.py:829} INFO - Processing file /opt/airflow/dags/models/BTC_s1_n10_lstm_model.pth for tasks to queue
[2026-06-19T09:38:57.482+0000] {logging_mixin.py:151} INFO - [2026-06-19T09:38:57.482+0000] {dagbag.py:539} INFO - Filling up the DagBag from /opt/airflow/dags/models/BTC_s1_n10_lstm_model.pth
[2026-06-19T09:38:57.491+0000] {processor.py:841} WARNING - No viable dags retrieved from /opt/airflow/dags/models/BTC_s1_n10_lstm_model.pth
[2026-06-19T09:38:57.506+0000] {processor.py:179} INFO - Processing /opt/airflow/dags/models/BTC_s1_n10_lstm_model.pth took 0.030 seconds
[2026-06-19T09:39:28.049+0000] {processor.py:157} INFO - Started process (PID=4162) to work on /opt/airflow/dags/models/BTC_s1_n10_lstm_model.pth
[2026-06-19T09:39:28.050+0000] {processor.py:829} INFO - Processing file /opt/airflow/dags/models/BTC_s1_n10_lstm_model.pth for tasks to queue
[2026-06-19T09:39:28.051+0000] {logging_mixin.py:151} INFO - [2026-06-19T09:39:28.051+0000] {dagbag.py:539} INFO - Filling up the DagBag from /opt/airflow/dags/models/BTC_s1_n10_lstm_model.pth
[2026-06-19T09:39:28.059+0000] {processor.py:841} WARNING - No viable dags retrieved from /opt/airflow/dags/models/BTC_s1_n10_lstm_model.pth
[2026-06-19T09:39:28.071+0000] {processor.py:179} INFO - Processing /opt/airflow/dags/models/BTC_s1_n10_lstm_model.pth took 0.025 seconds
[2026-06-19T09:39:58.814+0000] {processor.py:157} INFO - Started process (PID=4195) to work on /opt/airflow/dags/models/BTC_s1_n10_lstm_model.pth
[2026-06-19T09:39:58.815+0000] {processor.py:829} INFO - Processing file /opt/airflow/dags/models/BTC_s1_n10_lstm_model.pth for tasks to queue
[2026-06-19T09:39:58.817+0000] {logging_mixin.py:151} INFO - [2026-06-19T09:39:58.816+0000] {dagbag.py:539} INFO - Filling up the DagBag from /opt/airflow/dags/models/BTC_s1_n10_lstm_model.pth
[2026-06-19T09:39:58.827+0000] {processor.py:841} WARNING - No viable dags retrieved from /opt/airflow/dags/models/BTC_s1_n10_lstm_model.pth
[2026-06-19T09:39:58.848+0000] {processor.py:179} INFO - Processing /opt/airflow/dags/models/BTC_s1_n10_lstm_model.pth took 0.038 seconds
[2026-06-19T09:40:29.651+0000] {processor.py:157} INFO - Started process (PID=4228) to work on /opt/airflow/dags/models/BTC_s1_n10_lstm_model.pth
[2026-06-19T09:40:29.652+0000] {processor.py:829} INFO - Processing file /opt/airflow/dags/models/BTC_s1_n10_lstm_model.pth for tasks to queue
[2026-06-19T09:40:29.653+0000] {logging_mixin.py:151} INFO - [2026-06-19T09:40:29.653+0000] {dagbag.py:539} INFO - Filling up the DagBag from /opt/airflow/dags/models/BTC_s1_n10_lstm_model.pth
[2026-06-19T09:40:29.662+0000] {processor.py:841} WARNING - No viable dags retrieved from /opt/airflow/dags/models/BTC_s1_n10_lstm_model.pth
[2026-06-19T09:40:29.679+0000] {processor.py:179} INFO - Processing /opt/airflow/dags/models/BTC_s1_n10_lstm_model.pth took 0.031 seconds
[2026-06-19T09:41:00.740+0000] {processor.py:157} INFO - Started process (PID=4261) to work on /opt/airflow/dags/models/BTC_s1_n10_lstm_model.pth
[2026-06-19T09:41:00.741+0000] {processor.py:829} INFO - Processing file /opt/airflow/dags/models/BTC_s1_n10_lstm_model.pth for tasks to queue
[2026-06-19T09:41:00.743+0000] {logging_mixin.py:151} INFO - [2026-06-19T09:41:00.743+0000] {dagbag.py:539} INFO - Filling up the DagBag from /opt/airflow/dags/models/BTC_s1_n10_lstm_model.pth
[2026-06-19T09:41:00.759+0000] {processor.py:841} WARNING - No viable dags retrieved from /opt/airflow/dags/models/BTC_s1_n10_lstm_model.pth
[2026-06-19T09:41:00.792+0000] {processor.py:179} INFO - Processing /opt/airflow/dags/models/BTC_s1_n10_lstm_model.pth took 0.056 seconds
[2026-06-19T09:41:31.423+0000] {processor.py:157} INFO - Started process (PID=4294) to work on /opt/airflow/dags/models/BTC_s1_n10_lstm_model.pth
[2026-06-19T09:41:31.425+0000] {processor.py:829} INFO - Processing file /opt/airflow/dags/models/BTC_s1_n10_lstm_model.pth for tasks to queue
[2026-06-19T09:41:31.426+0000] {logging_mixin.py:151} INFO - [2026-06-19T09:41:31.426+0000] {dagbag.py:539} INFO - Filling up the DagBag from /opt/airflow/dags/models/BTC_s1_n10_lstm_model.pth
[2026-06-19T09:41:31.436+0000] {processor.py:841} WARNING - No viable dags retrieved from /opt/airflow/dags/models/BTC_s1_n10_lstm_model.pth
[2026-06-19T09:41:31.449+0000] {processor.py:179} INFO - Processing /opt/airflow/dags/models/BTC_s1_n10_lstm_model.pth took 0.030 seconds
[2026-06-19T09:42:01.958+0000] {processor.py:157} INFO - Started process (PID=4327) to work on /opt/airflow/dags/models/BTC_s1_n10_lstm_model.pth
[2026-06-19T09:42:01.959+0000] {processor.py:829} INFO - Processing file /opt/airflow/dags/models/BTC_s1_n10_lstm_model.pth for tasks to queue
[2026-06-19T09:42:01.960+0000] {logging_mixin.py:151} INFO - [2026-06-19T09:42:01.960+0000] {dagbag.py:539} INFO - Filling up the DagBag from /opt/airflow/dags/models/BTC_s1_n10_lstm_model.pth
[2026-06-19T09:42:01.970+0000] {processor.py:841} WARNING - No viable dags retrieved from /opt/airflow/dags/models/BTC_s1_n10_lstm_model.pth
[2026-06-19T09:42:01.988+0000] {processor.py:179} INFO - Processing /opt/airflow/dags/models/BTC_s1_n10_lstm_model.pth took 0.035 seconds
[2026-06-19T09:42:32.474+0000] {processor.py:157} INFO - Started process (PID=4360) to work on /opt/airflow/dags/models/BTC_s1_n10_lstm_model.pth
[2026-06-19T09:42:32.476+0000] {processor.py:829} INFO - Processing file /opt/airflow/dags/models/BTC_s1_n10_lstm_model.pth for tasks to queue
[2026-06-19T09:42:32.476+0000] {logging_mixin.py:151} INFO - [2026-06-19T09:42:32.476+0000] {dagbag.py:539} INFO - Filling up the DagBag from /opt/airflow/dags/models/BTC_s1_n10_lstm_model.pth
[2026-06-19T09:42:32.483+0000] {processor.py:841} WARNING - No viable dags retrieved from /opt/airflow/dags/models/BTC_s1_n10_lstm_model.pth
[2026-06-19T09:42:32.495+0000] {processor.py:179} INFO - Processing /opt/airflow/dags/models/BTC_s1_n10_lstm_model.pth took 0.023 seconds
[2026-06-19T09:43:03.199+0000] {processor.py:157} INFO - Started process (PID=4393) to work on /opt/airflow/dags/models/BTC_s1_n10_lstm_model.pth
[2026-06-19T09:43:03.200+0000] {processor.py:829} INFO - Processing file /opt/airflow/dags/models/BTC_s1_n10_lstm_model.pth for tasks to queue
[2026-06-19T09:43:03.201+0000] {logging_mixin.py:151} INFO - [2026-06-19T09:43:03.200+0000] {dagbag.py:539} INFO - Filling up the DagBag from /opt/airflow/dags/models/BTC_s1_n10_lstm_model.pth
[2026-06-19T09:43:03.209+0000] {processor.py:841} WARNING - No viable dags retrieved from /opt/airflow/dags/models/BTC_s1_n10_lstm_model.pth
[2026-06-19T09:43:03.222+0000] {processor.py:179} INFO - Processing /opt/airflow/dags/models/BTC_s1_n10_lstm_model.pth took 0.026 seconds
[2026-06-19T09:43:34.113+0000] {processor.py:157} INFO - Started process (PID=4426) to work on /opt/airflow/dags/models/BTC_s1_n10_lstm_model.pth
[2026-06-19T09:43:34.114+0000] {processor.py:829} INFO - Processing file /opt/airflow/dags/models/BTC_s1_n10_lstm_model.pth for tasks to queue
[2026-06-19T09:43:34.115+0000] {logging_mixin.py:151} INFO - [2026-06-19T09:43:34.115+0000] {dagbag.py:539} INFO - Filling up the DagBag from /opt/airflow/dags/models/BTC_s1_n10_lstm_model.pth
[2026-06-19T09:43:34.122+0000] {processor.py:841} WARNING - No viable dags retrieved from /opt/airflow/dags/models/BTC_s1_n10_lstm_model.pth
[2026-06-19T09:43:34.133+0000] {processor.py:179} INFO - Processing /opt/airflow/dags/models/BTC_s1_n10_lstm_model.pth took 0.023 seconds
[2026-06-19T09:44:04.755+0000] {processor.py:157} INFO - Started process (PID=4459) to work on /opt/airflow/dags/models/BTC_s1_n10_lstm_model.pth
[2026-06-19T09:44:04.757+0000] {processor.py:829} INFO - Processing file /opt/airflow/dags/models/BTC_s1_n10_lstm_model.pth for tasks to queue
[2026-06-19T09:44:04.757+0000] {logging_mixin.py:151} INFO - [2026-06-19T09:44:04.757+0000] {dagbag.py:539} INFO - Filling up the DagBag from /opt/airflow/dags/models/BTC_s1_n10_lstm_model.pth
[2026-06-19T09:44:04.765+0000] {processor.py:841} WARNING - No viable dags retrieved from /opt/airflow/dags/models/BTC_s1_n10_lstm_model.pth
[2026-06-19T09:44:04.779+0000] {processor.py:179} INFO - Processing /opt/airflow/dags/models/BTC_s1_n10_lstm_model.pth took 0.027 seconds
[2026-06-19T09:44:35.076+0000] {processor.py:157} INFO - Started process (PID=4492) to work on /opt/airflow/dags/models/BTC_s1_n10_lstm_model.pth
[2026-06-19T09:44:35.077+0000] {processor.py:829} INFO - Processing file /opt/airflow/dags/models/BTC_s1_n10_lstm_model.pth for tasks to queue
[2026-06-19T09:44:35.078+0000] {logging_mixin.py:151} INFO - [2026-06-19T09:44:35.078+0000] {dagbag.py:539} INFO - Filling up the DagBag from /opt/airflow/dags/models/BTC_s1_n10_lstm_model.pth
[2026-06-19T09:44:35.085+0000] {processor.py:841} WARNING - No viable dags retrieved from /opt/airflow/dags/models/BTC_s1_n10_lstm_model.pth
[2026-06-19T09:44:35.097+0000] {processor.py:179} INFO - Processing /opt/airflow/dags/models/BTC_s1_n10_lstm_model.pth took 0.026 seconds
[2026-06-19T09:45:05.954+0000] {processor.py:157} INFO - Started process (PID=4525) to work on /opt/airflow/dags/models/BTC_s1_n10_lstm_model.pth
[2026-06-19T09:45:05.955+0000] {processor.py:829} INFO - Processing file /opt/airflow/dags/models/BTC_s1_n10_lstm_model.pth for tasks to queue
[2026-06-19T09:45:05.956+0000] {logging_mixin.py:151} INFO - [2026-06-19T09:45:05.956+0000] {dagbag.py:539} INFO - Filling up the DagBag from /opt/airflow/dags/models/BTC_s1_n10_lstm_model.pth
[2026-06-19T09:45:05.965+0000] {processor.py:841} WARNING - No viable dags retrieved from /opt/airflow/dags/models/BTC_s1_n10_lstm_model.pth
[2026-06-19T09:45:05.981+0000] {processor.py:179} INFO - Processing /opt/airflow/dags/models/BTC_s1_n10_lstm_model.pth took 0.031 seconds
[2026-06-19T09:45:37.556+0000] {processor.py:157} INFO - Started process (PID=4558) to work on /opt/airflow/dags/models/BTC_s1_n10_lstm_model.pth
[2026-06-19T09:45:37.571+0000] {processor.py:829} INFO - Processing file /opt/airflow/dags/models/BTC_s1_n10_lstm_model.pth for tasks to queue
[2026-06-19T09:45:37.583+0000] {logging_mixin.py:151} INFO - [2026-06-19T09:45:37.580+0000] {dagbag.py:539} INFO - Filling up the DagBag from /opt/airflow/dags/models/BTC_s1_n10_lstm_model.pth
[2026-06-19T09:45:37.683+0000] {processor.py:841} WARNING - No viable dags retrieved from /opt/airflow/dags/models/BTC_s1_n10_lstm_model.pth
[2026-06-19T09:45:37.892+0000] {processor.py:179} INFO - Processing /opt/airflow/dags/models/BTC_s1_n10_lstm_model.pth took 0.371 seconds
[2026-06-19T09:46:08.498+0000] {processor.py:157} INFO - Started process (PID=4588) to work on /opt/airflow/dags/models/BTC_s1_n10_lstm_model.pth
[2026-06-19T09:46:08.500+0000] {processor.py:829} INFO - Processing file /opt/airflow/dags/models/BTC_s1_n10_lstm_model.pth for tasks to queue
[2026-06-19T09:46:08.501+0000] {logging_mixin.py:151} INFO - [2026-06-19T09:46:08.501+0000] {dagbag.py:539} INFO - Filling up the DagBag from /opt/airflow/dags/models/BTC_s1_n10_lstm_model.pth
[2026-06-19T09:46:08.515+0000] {processor.py:841} WARNING - No viable dags retrieved from /opt/airflow/dags/models/BTC_s1_n10_lstm_model.pth
[2026-06-19T09:46:08.547+0000] {processor.py:179} INFO - Processing /opt/airflow/dags/models/BTC_s1_n10_lstm_model.pth took 0.054 seconds
[2026-06-19T09:46:41.497+0000] {processor.py:157} INFO - Started process (PID=4614) to work on /opt/airflow/dags/models/BTC_s1_n10_lstm_model.pth
[2026-06-19T09:46:41.499+0000] {processor.py:829} INFO - Processing file /opt/airflow/dags/models/BTC_s1_n10_lstm_model.pth for tasks to queue
[2026-06-19T09:46:41.501+0000] {logging_mixin.py:151} INFO - [2026-06-19T09:46:41.500+0000] {dagbag.py:539} INFO - Filling up the DagBag from /opt/airflow/dags/models/BTC_s1_n10_lstm_model.pth
[2026-06-19T09:46:41.514+0000] {processor.py:841} WARNING - No viable dags retrieved from /opt/airflow/dags/models/BTC_s1_n10_lstm_model.pth
[2026-06-19T09:46:41.536+0000] {processor.py:179} INFO - Processing /opt/airflow/dags/models/BTC_s1_n10_lstm_model.pth took 0.044 seconds
[2026-06-19T09:47:11.882+0000] {processor.py:157} INFO - Started process (PID=4639) to work on /opt/airflow/dags/models/BTC_s1_n10_lstm_model.pth
[2026-06-19T09:47:11.884+0000] {processor.py:829} INFO - Processing file /opt/airflow/dags/models/BTC_s1_n10_lstm_model.pth for tasks to queue
[2026-06-19T09:47:11.886+0000] {logging_mixin.py:151} INFO - [2026-06-19T09:47:11.885+0000] {dagbag.py:539} INFO - Filling up the DagBag from /opt/airflow/dags/models/BTC_s1_n10_lstm_model.pth
[2026-06-19T09:47:11.905+0000] {processor.py:841} WARNING - No viable dags retrieved from /opt/airflow/dags/models/BTC_s1_n10_lstm_model.pth
[2026-06-19T09:47:11.934+0000] {processor.py:179} INFO - Processing /opt/airflow/dags/models/BTC_s1_n10_lstm_model.pth took 0.057 seconds
[2026-06-19T09:47:42.642+0000] {processor.py:157} INFO - Started process (PID=4669) to work on /opt/airflow/dags/models/BTC_s1_n10_lstm_model.pth
[2026-06-19T09:47:42.643+0000] {processor.py:829} INFO - Processing file /opt/airflow/dags/models/BTC_s1_n10_lstm_model.pth for tasks to queue
[2026-06-19T09:47:42.644+0000] {logging_mixin.py:151} INFO - [2026-06-19T09:47:42.644+0000] {dagbag.py:539} INFO - Filling up the DagBag from /opt/airflow/dags/models/BTC_s1_n10_lstm_model.pth
[2026-06-19T09:47:42.653+0000] {processor.py:841} WARNING - No viable dags retrieved from /opt/airflow/dags/models/BTC_s1_n10_lstm_model.pth
[2026-06-19T09:47:42.667+0000] {processor.py:179} INFO - Processing /opt/airflow/dags/models/BTC_s1_n10_lstm_model.pth took 0.027 seconds
[2026-06-19T09:48:12.895+0000] {processor.py:157} INFO - Started process (PID=4702) to work on /opt/airflow/dags/models/BTC_s1_n10_lstm_model.pth
[2026-06-19T09:48:12.897+0000] {processor.py:829} INFO - Processing file /opt/airflow/dags/models/BTC_s1_n10_lstm_model.pth for tasks to queue
[2026-06-19T09:48:12.898+0000] {logging_mixin.py:151} INFO - [2026-06-19T09:48:12.898+0000] {dagbag.py:539} INFO - Filling up the DagBag from /opt/airflow/dags/models/BTC_s1_n10_lstm_model.pth
[2026-06-19T09:48:12.911+0000] {processor.py:841} WARNING - No viable dags retrieved from /opt/airflow/dags/models/BTC_s1_n10_lstm_model.pth
[2026-06-19T09:48:12.933+0000] {processor.py:179} INFO - Processing /opt/airflow/dags/models/BTC_s1_n10_lstm_model.pth took 0.043 seconds
[2026-06-19T09:48:43.860+0000] {processor.py:157} INFO - Started process (PID=4735) to work on /opt/airflow/dags/models/BTC_s1_n10_lstm_model.pth
[2026-06-19T09:48:43.861+0000] {processor.py:829} INFO - Processing file /opt/airflow/dags/models/BTC_s1_n10_lstm_model.pth for tasks to queue
[2026-06-19T09:48:43.863+0000] {logging_mixin.py:151} INFO - [2026-06-19T09:48:43.862+0000] {dagbag.py:539} INFO - Filling up the DagBag from /opt/airflow/dags/models/BTC_s1_n10_lstm_model.pth
[2026-06-19T09:48:43.876+0000] {processor.py:841} WARNING - No viable dags retrieved from /opt/airflow/dags/models/BTC_s1_n10_lstm_model.pth
[2026-06-19T09:48:43.898+0000] {processor.py:179} INFO - Processing /opt/airflow/dags/models/BTC_s1_n10_lstm_model.pth took 0.043 seconds
[2026-06-19T09:49:14.255+0000] {processor.py:157} INFO - Started process (PID=4768) to work on /opt/airflow/dags/models/BTC_s1_n10_lstm_model.pth
[2026-06-19T09:49:14.256+0000] {processor.py:829} INFO - Processing file /opt/airflow/dags/models/BTC_s1_n10_lstm_model.pth for tasks to queue
[2026-06-19T09:49:14.257+0000] {logging_mixin.py:151} INFO - [2026-06-19T09:49:14.257+0000] {dagbag.py:539} INFO - Filling up the DagBag from /opt/airflow/dags/models/BTC_s1_n10_lstm_model.pth
[2026-06-19T09:49:14.264+0000] {processor.py:841} WARNING - No viable dags retrieved from /opt/airflow/dags/models/BTC_s1_n10_lstm_model.pth
[2026-06-19T09:49:14.278+0000] {processor.py:179} INFO - Processing /opt/airflow/dags/models/BTC_s1_n10_lstm_model.pth took 0.026 seconds
[2026-06-19T09:49:44.632+0000] {processor.py:157} INFO - Started process (PID=4801) to work on /opt/airflow/dags/models/BTC_s1_n10_lstm_model.pth
[2026-06-19T09:49:44.636+0000] {processor.py:829} INFO - Processing file /opt/airflow/dags/models/BTC_s1_n10_lstm_model.pth for tasks to queue
[2026-06-19T09:49:44.638+0000] {logging_mixin.py:151} INFO - [2026-06-19T09:49:44.637+0000] {dagbag.py:539} INFO - Filling up the DagBag from /opt/airflow/dags/models/BTC_s1_n10_lstm_model.pth
[2026-06-19T09:49:44.654+0000] {processor.py:841} WARNING - No viable dags retrieved from /opt/airflow/dags/models/BTC_s1_n10_lstm_model.pth
[2026-06-19T09:49:44.686+0000] {processor.py:179} INFO - Processing /opt/airflow/dags/models/BTC_s1_n10_lstm_model.pth took 0.066 seconds
[2026-06-19T09:50:15.422+0000] {processor.py:157} INFO - Started process (PID=4834) to work on /opt/airflow/dags/models/BTC_s1_n10_lstm_model.pth
[2026-06-19T09:50:15.431+0000] {processor.py:829} INFO - Processing file /opt/airflow/dags/models/BTC_s1_n10_lstm_model.pth for tasks to queue
[2026-06-19T09:50:15.436+0000] {logging_mixin.py:151} INFO - [2026-06-19T09:50:15.436+0000] {dagbag.py:539} INFO - Filling up the DagBag from /opt/airflow/dags/models/BTC_s1_n10_lstm_model.pth
[2026-06-19T09:50:15.452+0000] {processor.py:841} WARNING - No viable dags retrieved from /opt/airflow/dags/models/BTC_s1_n10_lstm_model.pth
[2026-06-19T09:50:15.479+0000] {processor.py:179} INFO - Processing /opt/airflow/dags/models/BTC_s1_n10_lstm_model.pth took 0.062 seconds
[2026-06-19T09:50:45.810+0000] {processor.py:157} INFO - Started process (PID=4867) to work on /opt/airflow/dags/models/BTC_s1_n10_lstm_model.pth
[2026-06-19T09:50:45.811+0000] {processor.py:829} INFO - Processing file /opt/airflow/dags/models/BTC_s1_n10_lstm_model.pth for tasks to queue
[2026-06-19T09:50:45.812+0000] {logging_mixin.py:151} INFO - [2026-06-19T09:50:45.812+0000] {dagbag.py:539} INFO - Filling up the DagBag from /opt/airflow/dags/models/BTC_s1_n10_lstm_model.pth
[2026-06-19T09:50:45.821+0000] {processor.py:841} WARNING - No viable dags retrieved from /opt/airflow/dags/models/BTC_s1_n10_lstm_model.pth
[2026-06-19T09:50:45.839+0000] {processor.py:179} INFO - Processing /opt/airflow/dags/models/BTC_s1_n10_lstm_model.pth took 0.032 seconds
[2026-06-19T09:51:16.132+0000] {processor.py:157} INFO - Started process (PID=4900) to work on /opt/airflow/dags/models/BTC_s1_n10_lstm_model.pth
[2026-06-19T09:51:16.133+0000] {processor.py:829} INFO - Processing file /opt/airflow/dags/models/BTC_s1_n10_lstm_model.pth for tasks to queue
[2026-06-19T09:51:16.134+0000] {logging_mixin.py:151} INFO - [2026-06-19T09:51:16.134+0000] {dagbag.py:539} INFO - Filling up the DagBag from /opt/airflow/dags/models/BTC_s1_n10_lstm_model.pth
[2026-06-19T09:51:16.143+0000] {processor.py:841} WARNING - No viable dags retrieved from /opt/airflow/dags/models/BTC_s1_n10_lstm_model.pth
[2026-06-19T09:51:16.163+0000] {processor.py:179} INFO - Processing /opt/airflow/dags/models/BTC_s1_n10_lstm_model.pth took 0.035 seconds
[2026-06-19T09:51:46.560+0000] {processor.py:157} INFO - Started process (PID=4931) to work on /opt/airflow/dags/models/BTC_s1_n10_lstm_model.pth
[2026-06-19T09:51:46.562+0000] {processor.py:829} INFO - Processing file /opt/airflow/dags/models/BTC_s1_n10_lstm_model.pth for tasks to queue
[2026-06-19T09:51:46.563+0000] {logging_mixin.py:151} INFO - [2026-06-19T09:51:46.562+0000] {dagbag.py:539} INFO - Filling up the DagBag from /opt/airflow/dags/models/BTC_s1_n10_lstm_model.pth
[2026-06-19T09:51:46.572+0000] {processor.py:841} WARNING - No viable dags retrieved from /opt/airflow/dags/models/BTC_s1_n10_lstm_model.pth
[2026-06-19T09:51:46.588+0000] {processor.py:179} INFO - Processing /opt/airflow/dags/models/BTC_s1_n10_lstm_model.pth took 0.031 seconds
[2026-06-19T09:52:17.318+0000] {processor.py:157} INFO - Started process (PID=4956) to work on /opt/airflow/dags/models/BTC_s1_n10_lstm_model.pth
[2026-06-19T09:52:17.319+0000] {processor.py:829} INFO - Processing file /opt/airflow/dags/models/BTC_s1_n10_lstm_model.pth for tasks to queue
[2026-06-19T09:52:17.320+0000] {logging_mixin.py:151} INFO - [2026-06-19T09:52:17.320+0000] {dagbag.py:539} INFO - Filling up the DagBag from /opt/airflow/dags/models/BTC_s1_n10_lstm_model.pth
[2026-06-19T09:52:17.327+0000] {processor.py:841} WARNING - No viable dags retrieved from /opt/airflow/dags/models/BTC_s1_n10_lstm_model.pth
[2026-06-19T09:52:17.341+0000] {processor.py:179} INFO - Processing /opt/airflow/dags/models/BTC_s1_n10_lstm_model.pth took 0.026 seconds
[2026-06-19T09:52:47.687+0000] {processor.py:157} INFO - Started process (PID=4982) to work on /opt/airflow/dags/models/BTC_s1_n10_lstm_model.pth
[2026-06-19T09:52:47.688+0000] {processor.py:829} INFO - Processing file /opt/airflow/dags/models/BTC_s1_n10_lstm_model.pth for tasks to queue
[2026-06-19T09:52:47.690+0000] {logging_mixin.py:151} INFO - [2026-06-19T09:52:47.689+0000] {dagbag.py:539} INFO - Filling up the DagBag from /opt/airflow/dags/models/BTC_s1_n10_lstm_model.pth
[2026-06-19T09:52:47.701+0000] {processor.py:841} WARNING - No viable dags retrieved from /opt/airflow/dags/models/BTC_s1_n10_lstm_model.pth
[2026-06-19T09:52:47.722+0000] {processor.py:179} INFO - Processing /opt/airflow/dags/models/BTC_s1_n10_lstm_model.pth took 0.041 seconds
[2026-06-19T09:53:18.300+0000] {processor.py:157} INFO - Started process (PID=5019) to work on /opt/airflow/dags/models/BTC_s1_n10_lstm_model.pth
[2026-06-19T09:53:18.303+0000] {processor.py:829} INFO - Processing file /opt/airflow/dags/models/BTC_s1_n10_lstm_model.pth for tasks to queue
[2026-06-19T09:53:18.304+0000] {logging_mixin.py:151} INFO - [2026-06-19T09:53:18.304+0000] {dagbag.py:539} INFO - Filling up the DagBag from /opt/airflow/dags/models/BTC_s1_n10_lstm_model.pth
[2026-06-19T09:53:18.316+0000] {processor.py:841} WARNING - No viable dags retrieved from /opt/airflow/dags/models/BTC_s1_n10_lstm_model.pth
[2026-06-19T09:53:18.340+0000] {processor.py:179} INFO - Processing /opt/airflow/dags/models/BTC_s1_n10_lstm_model.pth took 0.057 seconds
[2026-06-19T09:53:48.940+0000] {processor.py:157} INFO - Started process (PID=5052) to work on /opt/airflow/dags/models/BTC_s1_n10_lstm_model.pth
[2026-06-19T09:53:48.941+0000] {processor.py:829} INFO - Processing file /opt/airflow/dags/models/BTC_s1_n10_lstm_model.pth for tasks to queue
[2026-06-19T09:53:48.942+0000] {logging_mixin.py:151} INFO - [2026-06-19T09:53:48.942+0000] {dagbag.py:539} INFO - Filling up the DagBag from /opt/airflow/dags/models/BTC_s1_n10_lstm_model.pth
[2026-06-19T09:53:48.951+0000] {processor.py:841} WARNING - No viable dags retrieved from /opt/airflow/dags/models/BTC_s1_n10_lstm_model.pth
[2026-06-19T09:53:48.965+0000] {processor.py:179} INFO - Processing /opt/airflow/dags/models/BTC_s1_n10_lstm_model.pth took 0.028 seconds
[2026-06-19T09:54:19.204+0000] {processor.py:157} INFO - Started process (PID=5085) to work on /opt/airflow/dags/models/BTC_s1_n10_lstm_model.pth
[2026-06-19T09:54:19.206+0000] {processor.py:829} INFO - Processing file /opt/airflow/dags/models/BTC_s1_n10_lstm_model.pth for tasks to queue
[2026-06-19T09:54:19.207+0000] {logging_mixin.py:151} INFO - [2026-06-19T09:54:19.207+0000] {dagbag.py:539} INFO - Filling up the DagBag from /opt/airflow/dags/models/BTC_s1_n10_lstm_model.pth
[2026-06-19T09:54:19.219+0000] {processor.py:841} WARNING - No viable dags retrieved from /opt/airflow/dags/models/BTC_s1_n10_lstm_model.pth
[2026-06-19T09:54:19.244+0000] {processor.py:179} INFO - Processing /opt/airflow/dags/models/BTC_s1_n10_lstm_model.pth took 0.045 seconds
[2026-06-19T09:54:50.131+0000] {processor.py:157} INFO - Started process (PID=5119) to work on /opt/airflow/dags/models/BTC_s1_n10_lstm_model.pth
[2026-06-19T09:54:50.133+0000] {processor.py:829} INFO - Processing file /opt/airflow/dags/models/BTC_s1_n10_lstm_model.pth for tasks to queue
[2026-06-19T09:54:50.135+0000] {logging_mixin.py:151} INFO - [2026-06-19T09:54:50.134+0000] {dagbag.py:539} INFO - Filling up the DagBag from /opt/airflow/dags/models/BTC_s1_n10_lstm_model.pth
[2026-06-19T09:54:50.147+0000] {processor.py:841} WARNING - No viable dags retrieved from /opt/airflow/dags/models/BTC_s1_n10_lstm_model.pth
[2026-06-19T09:54:50.172+0000] {processor.py:179} INFO - Processing /opt/airflow/dags/models/BTC_s1_n10_lstm_model.pth took 0.048 seconds
[2026-06-19T09:55:21.104+0000] {processor.py:157} INFO - Started process (PID=5152) to work on /opt/airflow/dags/models/BTC_s1_n10_lstm_model.pth
[2026-06-19T09:55:21.112+0000] {processor.py:829} INFO - Processing file /opt/airflow/dags/models/BTC_s1_n10_lstm_model.pth for tasks to queue
[2026-06-19T09:55:21.120+0000] {logging_mixin.py:151} INFO - [2026-06-19T09:55:21.120+0000] {dagbag.py:539} INFO - Filling up the DagBag from /opt/airflow/dags/models/BTC_s1_n10_lstm_model.pth
[2026-06-19T09:55:21.142+0000] {processor.py:841} WARNING - No viable dags retrieved from /opt/airflow/dags/models/BTC_s1_n10_lstm_model.pth
[2026-06-19T09:55:21.197+0000] {processor.py:179} INFO - Processing /opt/airflow/dags/models/BTC_s1_n10_lstm_model.pth took 0.103 seconds
[2026-06-19T09:55:51.454+0000] {processor.py:157} INFO - Started process (PID=5185) to work on /opt/airflow/dags/models/BTC_s1_n10_lstm_model.pth
[2026-06-19T09:55:51.455+0000] {processor.py:829} INFO - Processing file /opt/airflow/dags/models/BTC_s1_n10_lstm_model.pth for tasks to queue
[2026-06-19T09:55:51.456+0000] {logging_mixin.py:151} INFO - [2026-06-19T09:55:51.456+0000] {dagbag.py:539} INFO - Filling up the DagBag from /opt/airflow/dags/models/BTC_s1_n10_lstm_model.pth
[2026-06-19T09:55:51.464+0000] {processor.py:841} WARNING - No viable dags retrieved from /opt/airflow/dags/models/BTC_s1_n10_lstm_model.pth
[2026-06-19T09:55:51.477+0000] {processor.py:179} INFO - Processing /opt/airflow/dags/models/BTC_s1_n10_lstm_model.pth took 0.028 seconds
[2026-06-19T10:24:34.380+0000] {processor.py:157} INFO - Started process (PID=5230) to work on /opt/airflow/dags/models/BTC_s1_n10_lstm_model.pth
[2026-06-19T10:24:34.382+0000] {processor.py:829} INFO - Processing file /opt/airflow/dags/models/BTC_s1_n10_lstm_model.pth for tasks to queue
[2026-06-19T10:24:34.384+0000] {logging_mixin.py:151} INFO - [2026-06-19T10:24:34.383+0000] {dagbag.py:539} INFO - Filling up the DagBag from /opt/airflow/dags/models/BTC_s1_n10_lstm_model.pth
[2026-06-19T10:24:34.397+0000] {processor.py:841} WARNING - No viable dags retrieved from /opt/airflow/dags/models/BTC_s1_n10_lstm_model.pth
[2026-06-19T10:24:34.416+0000] {processor.py:179} INFO - Processing /opt/airflow/dags/models/BTC_s1_n10_lstm_model.pth took 0.041 seconds
[2026-06-19T10:25:07.167+0000] {processor.py:157} INFO - Started process (PID=5265) to work on /opt/airflow/dags/models/BTC_s1_n10_lstm_model.pth
[2026-06-19T10:25:07.168+0000] {processor.py:829} INFO - Processing file /opt/airflow/dags/models/BTC_s1_n10_lstm_model.pth for tasks to queue
[2026-06-19T10:25:07.168+0000] {logging_mixin.py:151} INFO - [2026-06-19T10:25:07.168+0000] {dagbag.py:539} INFO - Filling up the DagBag from /opt/airflow/dags/models/BTC_s1_n10_lstm_model.pth
[2026-06-19T10:25:07.174+0000] {processor.py:841} WARNING - No viable dags retrieved from /opt/airflow/dags/models/BTC_s1_n10_lstm_model.pth
[2026-06-19T10:25:07.188+0000] {processor.py:179} INFO - Processing /opt/airflow/dags/models/BTC_s1_n10_lstm_model.pth took 0.025 seconds
[2026-06-19T10:25:39.750+0000] {processor.py:157} INFO - Started process (PID=5296) to work on /opt/airflow/dags/models/BTC_s1_n10_lstm_model.pth
[2026-06-19T10:25:39.752+0000] {processor.py:829} INFO - Processing file /opt/airflow/dags/models/BTC_s1_n10_lstm_model.pth for tasks to queue
[2026-06-19T10:25:39.753+0000] {logging_mixin.py:151} INFO - [2026-06-19T10:25:39.752+0000] {dagbag.py:539} INFO - Filling up the DagBag from /opt/airflow/dags/models/BTC_s1_n10_lstm_model.pth
[2026-06-19T10:25:39.759+0000] {processor.py:841} WARNING - No viable dags retrieved from /opt/airflow/dags/models/BTC_s1_n10_lstm_model.pth
[2026-06-19T10:25:39.773+0000] {processor.py:179} INFO - Processing /opt/airflow/dags/models/BTC_s1_n10_lstm_model.pth took 0.026 seconds
[2026-06-19T10:26:12.461+0000] {processor.py:157} INFO - Started process (PID=5331) to work on /opt/airflow/dags/models/BTC_s1_n10_lstm_model.pth
[2026-06-19T10:26:12.462+0000] {processor.py:829} INFO - Processing file /opt/airflow/dags/models/BTC_s1_n10_lstm_model.pth for tasks to queue
[2026-06-19T10:26:12.463+0000] {logging_mixin.py:151} INFO - [2026-06-19T10:26:12.463+0000] {dagbag.py:539} INFO - Filling up the DagBag from /opt/airflow/dags/models/BTC_s1_n10_lstm_model.pth
[2026-06-19T10:26:12.471+0000] {processor.py:841} WARNING - No viable dags retrieved from /opt/airflow/dags/models/BTC_s1_n10_lstm_model.pth
[2026-06-19T10:26:12.485+0000] {processor.py:179} INFO - Processing /opt/airflow/dags/models/BTC_s1_n10_lstm_model.pth took 0.028 seconds
[2026-06-19T10:26:45.195+0000] {processor.py:157} INFO - Started process (PID=5364) to work on /opt/airflow/dags/models/BTC_s1_n10_lstm_model.pth
[2026-06-19T10:26:45.196+0000] {processor.py:829} INFO - Processing file /opt/airflow/dags/models/BTC_s1_n10_lstm_model.pth for tasks to queue
[2026-06-19T10:26:45.198+0000] {logging_mixin.py:151} INFO - [2026-06-19T10:26:45.197+0000] {dagbag.py:539} INFO - Filling up the DagBag from /opt/airflow/dags/models/BTC_s1_n10_lstm_model.pth
[2026-06-19T10:26:45.206+0000] {processor.py:841} WARNING - No viable dags retrieved from /opt/airflow/dags/models/BTC_s1_n10_lstm_model.pth
[2026-06-19T10:26:45.217+0000] {processor.py:179} INFO - Processing /opt/airflow/dags/models/BTC_s1_n10_lstm_model.pth took 0.026 seconds
[2026-06-19T10:27:18.005+0000] {processor.py:157} INFO - Started process (PID=5397) to work on /opt/airflow/dags/models/BTC_s1_n10_lstm_model.pth
[2026-06-19T10:27:18.007+0000] {processor.py:829} INFO - Processing file /opt/airflow/dags/models/BTC_s1_n10_lstm_model.pth for tasks to queue
[2026-06-19T10:27:18.007+0000] {logging_mixin.py:151} INFO - [2026-06-19T10:27:18.007+0000] {dagbag.py:539} INFO - Filling up the DagBag from /opt/airflow/dags/models/BTC_s1_n10_lstm_model.pth
[2026-06-19T10:27:18.016+0000] {processor.py:841} WARNING - No viable dags retrieved from /opt/airflow/dags/models/BTC_s1_n10_lstm_model.pth
[2026-06-19T10:27:18.031+0000] {processor.py:179} INFO - Processing /opt/airflow/dags/models/BTC_s1_n10_lstm_model.pth took 0.029 seconds
[2026-06-19T10:27:51.688+0000] {processor.py:157} INFO - Started process (PID=5428) to work on /opt/airflow/dags/models/BTC_s1_n10_lstm_model.pth
[2026-06-19T10:27:51.689+0000] {processor.py:829} INFO - Processing file /opt/airflow/dags/models/BTC_s1_n10_lstm_model.pth for tasks to queue
[2026-06-19T10:27:51.690+0000] {logging_mixin.py:151} INFO - [2026-06-19T10:27:51.690+0000] {dagbag.py:539} INFO - Filling up the DagBag from /opt/airflow/dags/models/BTC_s1_n10_lstm_model.pth
[2026-06-19T10:27:51.701+0000] {processor.py:841} WARNING - No viable dags retrieved from /opt/airflow/dags/models/BTC_s1_n10_lstm_model.pth
[2026-06-19T10:27:51.722+0000] {processor.py:179} INFO - Processing /opt/airflow/dags/models/BTC_s1_n10_lstm_model.pth took 0.037 seconds
[2026-06-19T10:28:26.134+0000] {processor.py:157} INFO - Started process (PID=5470) to work on /opt/airflow/dags/models/BTC_s1_n10_lstm_model.pth
[2026-06-19T10:28:26.136+0000] {processor.py:829} INFO - Processing file /opt/airflow/dags/models/BTC_s1_n10_lstm_model.pth for tasks to queue
[2026-06-19T10:28:26.139+0000] {logging_mixin.py:151} INFO - [2026-06-19T10:28:26.138+0000] {dagbag.py:539} INFO - Filling up the DagBag from /opt/airflow/dags/models/BTC_s1_n10_lstm_model.pth
[2026-06-19T10:28:26.150+0000] {processor.py:841} WARNING - No viable dags retrieved from /opt/airflow/dags/models/BTC_s1_n10_lstm_model.pth
[2026-06-19T10:28:26.167+0000] {processor.py:179} INFO - Processing /opt/airflow/dags/models/BTC_s1_n10_lstm_model.pth took 0.037 seconds
[2026-06-19T10:28:58.852+0000] {processor.py:157} INFO - Started process (PID=5501) to work on /opt/airflow/dags/models/BTC_s1_n10_lstm_model.pth
[2026-06-19T10:28:58.853+0000] {processor.py:829} INFO - Processing file /opt/airflow/dags/models/BTC_s1_n10_lstm_model.pth for tasks to queue
[2026-06-19T10:28:58.854+0000] {logging_mixin.py:151} INFO - [2026-06-19T10:28:58.853+0000] {dagbag.py:539} INFO - Filling up the DagBag from /opt/airflow/dags/models/BTC_s1_n10_lstm_model.pth
[2026-06-19T10:28:58.862+0000] {processor.py:841} WARNING - No viable dags retrieved from /opt/airflow/dags/models/BTC_s1_n10_lstm_model.pth
[2026-06-19T10:28:58.877+0000] {processor.py:179} INFO - Processing /opt/airflow/dags/models/BTC_s1_n10_lstm_model.pth took 0.029 seconds
[2026-06-19T10:29:32.190+0000] {processor.py:157} INFO - Started process (PID=5536) to work on /opt/airflow/dags/models/BTC_s1_n10_lstm_model.pth
[2026-06-19T10:29:32.191+0000] {processor.py:829} INFO - Processing file /opt/airflow/dags/models/BTC_s1_n10_lstm_model.pth for tasks to queue
[2026-06-19T10:29:32.192+0000] {logging_mixin.py:151} INFO - [2026-06-19T10:29:32.191+0000] {dagbag.py:539} INFO - Filling up the DagBag from /opt/airflow/dags/models/BTC_s1_n10_lstm_model.pth
[2026-06-19T10:29:32.200+0000] {processor.py:841} WARNING - No viable dags retrieved from /opt/airflow/dags/models/BTC_s1_n10_lstm_model.pth
[2026-06-19T10:29:32.217+0000] {processor.py:179} INFO - Processing /opt/airflow/dags/models/BTC_s1_n10_lstm_model.pth took 0.030 seconds
[2026-06-19T10:30:05.278+0000] {processor.py:157} INFO - Started process (PID=5569) to work on /opt/airflow/dags/models/BTC_s1_n10_lstm_model.pth
[2026-06-19T10:30:05.279+0000] {processor.py:829} INFO - Processing file /opt/airflow/dags/models/BTC_s1_n10_lstm_model.pth for tasks to queue
[2026-06-19T10:30:05.280+0000] {logging_mixin.py:151} INFO - [2026-06-19T10:30:05.280+0000] {dagbag.py:539} INFO - Filling up the DagBag from /opt/airflow/dags/models/BTC_s1_n10_lstm_model.pth
[2026-06-19T10:30:05.287+0000] {processor.py:841} WARNING - No viable dags retrieved from /opt/airflow/dags/models/BTC_s1_n10_lstm_model.pth
[2026-06-19T10:30:05.301+0000] {processor.py:179} INFO - Processing /opt/airflow/dags/models/BTC_s1_n10_lstm_model.pth took 0.028 seconds
[2026-06-19T10:30:38.350+0000] {processor.py:157} INFO - Started process (PID=5602) to work on /opt/airflow/dags/models/BTC_s1_n10_lstm_model.pth
[2026-06-19T10:30:38.351+0000] {processor.py:829} INFO - Processing file /opt/airflow/dags/models/BTC_s1_n10_lstm_model.pth for tasks to queue
[2026-06-19T10:30:38.352+0000] {logging_mixin.py:151} INFO - [2026-06-19T10:30:38.352+0000] {dagbag.py:539} INFO - Filling up the DagBag from /opt/airflow/dags/models/BTC_s1_n10_lstm_model.pth
[2026-06-19T10:30:38.359+0000] {processor.py:841} WARNING - No viable dags retrieved from /opt/airflow/dags/models/BTC_s1_n10_lstm_model.pth
[2026-06-19T10:30:38.371+0000] {processor.py:179} INFO - Processing /opt/airflow/dags/models/BTC_s1_n10_lstm_model.pth took 0.024 seconds
[2026-06-19T10:31:10.946+0000] {processor.py:157} INFO - Started process (PID=5635) to work on /opt/airflow/dags/models/BTC_s1_n10_lstm_model.pth
[2026-06-19T10:31:10.947+0000] {processor.py:829} INFO - Processing file /opt/airflow/dags/models/BTC_s1_n10_lstm_model.pth for tasks to queue
[2026-06-19T10:31:10.948+0000] {logging_mixin.py:151} INFO - [2026-06-19T10:31:10.948+0000] {dagbag.py:539} INFO - Filling up the DagBag from /opt/airflow/dags/models/BTC_s1_n10_lstm_model.pth
[2026-06-19T10:31:10.956+0000] {processor.py:841} WARNING - No viable dags retrieved from /opt/airflow/dags/models/BTC_s1_n10_lstm_model.pth
[2026-06-19T10:31:10.971+0000] {processor.py:179} INFO - Processing /opt/airflow/dags/models/BTC_s1_n10_lstm_model.pth took 0.029 seconds
[2026-06-19T10:31:43.785+0000] {processor.py:157} INFO - Started process (PID=5668) to work on /opt/airflow/dags/models/BTC_s1_n10_lstm_model.pth
[2026-06-19T10:31:43.786+0000] {processor.py:829} INFO - Processing file /opt/airflow/dags/models/BTC_s1_n10_lstm_model.pth for tasks to queue
[2026-06-19T10:31:43.786+0000] {logging_mixin.py:151} INFO - [2026-06-19T10:31:43.786+0000] {dagbag.py:539} INFO - Filling up the DagBag from /opt/airflow/dags/models/BTC_s1_n10_lstm_model.pth
[2026-06-19T10:31:43.794+0000] {processor.py:841} WARNING - No viable dags retrieved from /opt/airflow/dags/models/BTC_s1_n10_lstm_model.pth
[2026-06-19T10:31:43.806+0000] {processor.py:179} INFO - Processing /opt/airflow/dags/models/BTC_s1_n10_lstm_model.pth took 0.024 seconds
[2026-06-19T10:32:16.597+0000] {processor.py:157} INFO - Started process (PID=5701) to work on /opt/airflow/dags/models/BTC_s1_n10_lstm_model.pth
[2026-06-19T10:32:16.598+0000] {processor.py:829} INFO - Processing file /opt/airflow/dags/models/BTC_s1_n10_lstm_model.pth for tasks to queue
[2026-06-19T10:32:16.599+0000] {logging_mixin.py:151} INFO - [2026-06-19T10:32:16.599+0000] {dagbag.py:539} INFO - Filling up the DagBag from /opt/airflow/dags/models/BTC_s1_n10_lstm_model.pth
[2026-06-19T10:32:16.607+0000] {processor.py:841} WARNING - No viable dags retrieved from /opt/airflow/dags/models/BTC_s1_n10_lstm_model.pth
[2026-06-19T10:32:16.620+0000] {processor.py:179} INFO - Processing /opt/airflow/dags/models/BTC_s1_n10_lstm_model.pth took 0.026 seconds
[2026-06-19T10:32:49.324+0000] {processor.py:157} INFO - Started process (PID=5732) to work on /opt/airflow/dags/models/BTC_s1_n10_lstm_model.pth
[2026-06-19T10:32:49.325+0000] {processor.py:829} INFO - Processing file /opt/airflow/dags/models/BTC_s1_n10_lstm_model.pth for tasks to queue
[2026-06-19T10:32:49.326+0000] {logging_mixin.py:151} INFO - [2026-06-19T10:32:49.326+0000] {dagbag.py:539} INFO - Filling up the DagBag from /opt/airflow/dags/models/BTC_s1_n10_lstm_model.pth
[2026-06-19T10:32:49.334+0000] {processor.py:841} WARNING - No viable dags retrieved from /opt/airflow/dags/models/BTC_s1_n10_lstm_model.pth
[2026-06-19T10:32:49.347+0000] {processor.py:179} INFO - Processing /opt/airflow/dags/models/BTC_s1_n10_lstm_model.pth took 0.026 seconds
[2026-06-19T10:33:22.145+0000] {processor.py:157} INFO - Started process (PID=5765) to work on /opt/airflow/dags/models/BTC_s1_n10_lstm_model.pth
[2026-06-19T10:33:22.146+0000] {processor.py:829} INFO - Processing file /opt/airflow/dags/models/BTC_s1_n10_lstm_model.pth for tasks to queue
[2026-06-19T10:33:22.147+0000] {logging_mixin.py:151} INFO - [2026-06-19T10:33:22.147+0000] {dagbag.py:539} INFO - Filling up the DagBag from /opt/airflow/dags/models/BTC_s1_n10_lstm_model.pth
[2026-06-19T10:33:22.155+0000] {processor.py:841} WARNING - No viable dags retrieved from /opt/airflow/dags/models/BTC_s1_n10_lstm_model.pth
[2026-06-19T10:33:22.168+0000] {processor.py:179} INFO - Processing /opt/airflow/dags/models/BTC_s1_n10_lstm_model.pth took 0.027 seconds
[2026-06-19T10:33:55.344+0000] {processor.py:157} INFO - Started process (PID=5800) to work on /opt/airflow/dags/models/BTC_s1_n10_lstm_model.pth
[2026-06-19T10:33:55.346+0000] {processor.py:829} INFO - Processing file /opt/airflow/dags/models/BTC_s1_n10_lstm_model.pth for tasks to queue
[2026-06-19T10:33:55.347+0000] {logging_mixin.py:151} INFO - [2026-06-19T10:33:55.346+0000] {dagbag.py:539} INFO - Filling up the DagBag from /opt/airflow/dags/models/BTC_s1_n10_lstm_model.pth
[2026-06-19T10:33:55.354+0000] {processor.py:841} WARNING - No viable dags retrieved from /opt/airflow/dags/models/BTC_s1_n10_lstm_model.pth
[2026-06-19T10:33:55.368+0000] {processor.py:179} INFO - Processing /opt/airflow/dags/models/BTC_s1_n10_lstm_model.pth took 0.028 seconds
[2026-06-19T10:34:28.256+0000] {processor.py:157} INFO - Started process (PID=5838) to work on /opt/airflow/dags/models/BTC_s1_n10_lstm_model.pth
[2026-06-19T10:34:28.258+0000] {processor.py:829} INFO - Processing file /opt/airflow/dags/models/BTC_s1_n10_lstm_model.pth for tasks to queue
[2026-06-19T10:34:28.259+0000] {logging_mixin.py:151} INFO - [2026-06-19T10:34:28.259+0000] {dagbag.py:539} INFO - Filling up the DagBag from /opt/airflow/dags/models/BTC_s1_n10_lstm_model.pth
[2026-06-19T10:34:28.267+0000] {processor.py:841} WARNING - No viable dags retrieved from /opt/airflow/dags/models/BTC_s1_n10_lstm_model.pth
[2026-06-19T10:34:28.282+0000] {processor.py:179} INFO - Processing /opt/airflow/dags/models/BTC_s1_n10_lstm_model.pth took 0.029 seconds
[2026-06-19T10:35:01.098+0000] {processor.py:157} INFO - Started process (PID=5873) to work on /opt/airflow/dags/models/BTC_s1_n10_lstm_model.pth
[2026-06-19T10:35:01.100+0000] {processor.py:829} INFO - Processing file /opt/airflow/dags/models/BTC_s1_n10_lstm_model.pth for tasks to queue
[2026-06-19T10:35:01.101+0000] {logging_mixin.py:151} INFO - [2026-06-19T10:35:01.100+0000] {dagbag.py:539} INFO - Filling up the DagBag from /opt/airflow/dags/models/BTC_s1_n10_lstm_model.pth
[2026-06-19T10:35:01.109+0000] {processor.py:841} WARNING - No viable dags retrieved from /opt/airflow/dags/models/BTC_s1_n10_lstm_model.pth
[2026-06-19T10:35:01.127+0000] {processor.py:179} INFO - Processing /opt/airflow/dags/models/BTC_s1_n10_lstm_model.pth took 0.033 seconds
[2026-06-19T10:35:34.037+0000] {processor.py:157} INFO - Started process (PID=5904) to work on /opt/airflow/dags/models/BTC_s1_n10_lstm_model.pth
[2026-06-19T10:35:34.038+0000] {processor.py:829} INFO - Processing file /opt/airflow/dags/models/BTC_s1_n10_lstm_model.pth for tasks to queue
[2026-06-19T10:35:34.039+0000] {logging_mixin.py:151} INFO - [2026-06-19T10:35:34.039+0000] {dagbag.py:539} INFO - Filling up the DagBag from /opt/airflow/dags/models/BTC_s1_n10_lstm_model.pth
[2026-06-19T10:35:34.047+0000] {processor.py:841} WARNING - No viable dags retrieved from /opt/airflow/dags/models/BTC_s1_n10_lstm_model.pth
[2026-06-19T10:35:34.060+0000] {processor.py:179} INFO - Processing /opt/airflow/dags/models/BTC_s1_n10_lstm_model.pth took 0.027 seconds
[2026-06-19T10:36:06.796+0000] {processor.py:157} INFO - Started process (PID=5939) to work on /opt/airflow/dags/models/BTC_s1_n10_lstm_model.pth
[2026-06-19T10:36:06.797+0000] {processor.py:829} INFO - Processing file /opt/airflow/dags/models/BTC_s1_n10_lstm_model.pth for tasks to queue
[2026-06-19T10:36:06.798+0000] {logging_mixin.py:151} INFO - [2026-06-19T10:36:06.798+0000] {dagbag.py:539} INFO - Filling up the DagBag from /opt/airflow/dags/models/BTC_s1_n10_lstm_model.pth
[2026-06-19T10:36:06.804+0000] {processor.py:841} WARNING - No viable dags retrieved from /opt/airflow/dags/models/BTC_s1_n10_lstm_model.pth
[2026-06-19T10:36:06.820+0000] {processor.py:179} INFO - Processing /opt/airflow/dags/models/BTC_s1_n10_lstm_model.pth took 0.028 seconds
[2026-06-19T10:36:39.564+0000] {processor.py:157} INFO - Started process (PID=5972) to work on /opt/airflow/dags/models/BTC_s1_n10_lstm_model.pth
[2026-06-19T10:36:39.566+0000] {processor.py:829} INFO - Processing file /opt/airflow/dags/models/BTC_s1_n10_lstm_model.pth for tasks to queue
[2026-06-19T10:36:39.572+0000] {logging_mixin.py:151} INFO - [2026-06-19T10:36:39.572+0000] {dagbag.py:539} INFO - Filling up the DagBag from /opt/airflow/dags/models/BTC_s1_n10_lstm_model.pth
[2026-06-19T10:36:39.582+0000] {processor.py:841} WARNING - No viable dags retrieved from /opt/airflow/dags/models/BTC_s1_n10_lstm_model.pth
[2026-06-19T10:36:39.599+0000] {processor.py:179} INFO - Processing /opt/airflow/dags/models/BTC_s1_n10_lstm_model.pth took 0.039 seconds
[2026-06-19T10:37:12.395+0000] {processor.py:157} INFO - Started process (PID=6005) to work on /opt/airflow/dags/models/BTC_s1_n10_lstm_model.pth
[2026-06-19T10:37:12.396+0000] {processor.py:829} INFO - Processing file /opt/airflow/dags/models/BTC_s1_n10_lstm_model.pth for tasks to queue
[2026-06-19T10:37:12.397+0000] {logging_mixin.py:151} INFO - [2026-06-19T10:37:12.397+0000] {dagbag.py:539} INFO - Filling up the DagBag from /opt/airflow/dags/models/BTC_s1_n10_lstm_model.pth
[2026-06-19T10:37:12.405+0000] {processor.py:841} WARNING - No viable dags retrieved from /opt/airflow/dags/models/BTC_s1_n10_lstm_model.pth
[2026-06-19T10:37:12.417+0000] {processor.py:179} INFO - Processing /opt/airflow/dags/models/BTC_s1_n10_lstm_model.pth took 0.026 seconds
[2026-06-19T10:37:45.270+0000] {processor.py:157} INFO - Started process (PID=6036) to work on /opt/airflow/dags/models/BTC_s1_n10_lstm_model.pth
[2026-06-19T10:37:45.272+0000] {processor.py:829} INFO - Processing file /opt/airflow/dags/models/BTC_s1_n10_lstm_model.pth for tasks to queue
[2026-06-19T10:37:45.273+0000] {logging_mixin.py:151} INFO - [2026-06-19T10:37:45.273+0000] {dagbag.py:539} INFO - Filling up the DagBag from /opt/airflow/dags/models/BTC_s1_n10_lstm_model.pth
[2026-06-19T10:37:45.282+0000] {processor.py:841} WARNING - No viable dags retrieved from /opt/airflow/dags/models/BTC_s1_n10_lstm_model.pth
[2026-06-19T10:37:45.298+0000] {processor.py:179} INFO - Processing /opt/airflow/dags/models/BTC_s1_n10_lstm_model.pth took 0.032 seconds
[2026-06-19T10:38:17.863+0000] {processor.py:157} INFO - Started process (PID=6069) to work on /opt/airflow/dags/models/BTC_s1_n10_lstm_model.pth
[2026-06-19T10:38:17.864+0000] {processor.py:829} INFO - Processing file /opt/airflow/dags/models/BTC_s1_n10_lstm_model.pth for tasks to queue
[2026-06-19T10:38:17.865+0000] {logging_mixin.py:151} INFO - [2026-06-19T10:38:17.864+0000] {dagbag.py:539} INFO - Filling up the DagBag from /opt/airflow/dags/models/BTC_s1_n10_lstm_model.pth
[2026-06-19T10:38:17.872+0000] {processor.py:841} WARNING - No viable dags retrieved from /opt/airflow/dags/models/BTC_s1_n10_lstm_model.pth
[2026-06-19T10:38:17.885+0000] {processor.py:179} INFO - Processing /opt/airflow/dags/models/BTC_s1_n10_lstm_model.pth took 0.026 seconds
[2026-06-19T10:38:50.625+0000] {processor.py:157} INFO - Started process (PID=6102) to work on /opt/airflow/dags/models/BTC_s1_n10_lstm_model.pth
[2026-06-19T10:38:50.626+0000] {processor.py:829} INFO - Processing file /opt/airflow/dags/models/BTC_s1_n10_lstm_model.pth for tasks to queue
[2026-06-19T10:38:50.627+0000] {logging_mixin.py:151} INFO - [2026-06-19T10:38:50.627+0000] {dagbag.py:539} INFO - Filling up the DagBag from /opt/airflow/dags/models/BTC_s1_n10_lstm_model.pth
[2026-06-19T10:38:50.636+0000] {processor.py:841} WARNING - No viable dags retrieved from /opt/airflow/dags/models/BTC_s1_n10_lstm_model.pth
[2026-06-19T10:38:50.651+0000] {processor.py:179} INFO - Processing /opt/airflow/dags/models/BTC_s1_n10_lstm_model.pth took 0.031 seconds
[2026-06-19T10:39:28.618+0000] {processor.py:157} INFO - Started process (PID=6141) to work on /opt/airflow/dags/models/BTC_s1_n10_lstm_model.pth
[2026-06-19T10:39:28.620+0000] {processor.py:829} INFO - Processing file /opt/airflow/dags/models/BTC_s1_n10_lstm_model.pth for tasks to queue
[2026-06-19T10:39:28.621+0000] {logging_mixin.py:151} INFO - [2026-06-19T10:39:28.621+0000] {dagbag.py:539} INFO - Filling up the DagBag from /opt/airflow/dags/models/BTC_s1_n10_lstm_model.pth
[2026-06-19T10:39:28.631+0000] {processor.py:841} WARNING - No viable dags retrieved from /opt/airflow/dags/models/BTC_s1_n10_lstm_model.pth
[2026-06-19T10:39:28.650+0000] {processor.py:179} INFO - Processing /opt/airflow/dags/models/BTC_s1_n10_lstm_model.pth took 0.037 seconds
[2026-06-19T10:40:02.195+0000] {processor.py:157} INFO - Started process (PID=6167) to work on /opt/airflow/dags/models/BTC_s1_n10_lstm_model.pth
[2026-06-19T10:40:02.199+0000] {processor.py:829} INFO - Processing file /opt/airflow/dags/models/BTC_s1_n10_lstm_model.pth for tasks to queue
[2026-06-19T10:40:02.201+0000] {logging_mixin.py:151} INFO - [2026-06-19T10:40:02.200+0000] {dagbag.py:539} INFO - Filling up the DagBag from /opt/airflow/dags/models/BTC_s1_n10_lstm_model.pth
[2026-06-19T10:40:02.214+0000] {processor.py:841} WARNING - No viable dags retrieved from /opt/airflow/dags/models/BTC_s1_n10_lstm_model.pth
[2026-06-19T10:40:02.247+0000] {processor.py:179} INFO - Processing /opt/airflow/dags/models/BTC_s1_n10_lstm_model.pth took 0.061 seconds
[2026-06-19T10:40:32.409+0000] {processor.py:157} INFO - Started process (PID=6192) to work on /opt/airflow/dags/models/BTC_s1_n10_lstm_model.pth
[2026-06-19T10:40:32.410+0000] {processor.py:829} INFO - Processing file /opt/airflow/dags/models/BTC_s1_n10_lstm_model.pth for tasks to queue
[2026-06-19T10:40:32.411+0000] {logging_mixin.py:151} INFO - [2026-06-19T10:40:32.410+0000] {dagbag.py:539} INFO - Filling up the DagBag from /opt/airflow/dags/models/BTC_s1_n10_lstm_model.pth
[2026-06-19T10:40:32.419+0000] {processor.py:841} WARNING - No viable dags retrieved from /opt/airflow/dags/models/BTC_s1_n10_lstm_model.pth
[2026-06-19T10:40:32.434+0000] {processor.py:179} INFO - Processing /opt/airflow/dags/models/BTC_s1_n10_lstm_model.pth took 0.029 seconds
[2026-06-19T10:41:02.823+0000] {processor.py:157} INFO - Started process (PID=6222) to work on /opt/airflow/dags/models/BTC_s1_n10_lstm_model.pth
[2026-06-19T10:41:02.824+0000] {processor.py:829} INFO - Processing file /opt/airflow/dags/models/BTC_s1_n10_lstm_model.pth for tasks to queue
[2026-06-19T10:41:02.825+0000] {logging_mixin.py:151} INFO - [2026-06-19T10:41:02.825+0000] {dagbag.py:539} INFO - Filling up the DagBag from /opt/airflow/dags/models/BTC_s1_n10_lstm_model.pth
[2026-06-19T10:41:02.836+0000] {processor.py:841} WARNING - No viable dags retrieved from /opt/airflow/dags/models/BTC_s1_n10_lstm_model.pth
[2026-06-19T10:41:02.853+0000] {processor.py:179} INFO - Processing /opt/airflow/dags/models/BTC_s1_n10_lstm_model.pth took 0.034 seconds
[2026-06-19T10:41:33.167+0000] {processor.py:157} INFO - Started process (PID=6255) to work on /opt/airflow/dags/models/BTC_s1_n10_lstm_model.pth
[2026-06-19T10:41:33.168+0000] {processor.py:829} INFO - Processing file /opt/airflow/dags/models/BTC_s1_n10_lstm_model.pth for tasks to queue
[2026-06-19T10:41:33.169+0000] {logging_mixin.py:151} INFO - [2026-06-19T10:41:33.169+0000] {dagbag.py:539} INFO - Filling up the DagBag from /opt/airflow/dags/models/BTC_s1_n10_lstm_model.pth
[2026-06-19T10:41:33.177+0000] {processor.py:841} WARNING - No viable dags retrieved from /opt/airflow/dags/models/BTC_s1_n10_lstm_model.pth
[2026-06-19T10:41:33.193+0000] {processor.py:179} INFO - Processing /opt/airflow/dags/models/BTC_s1_n10_lstm_model.pth took 0.029 seconds
[2026-06-19T10:42:03.474+0000] {processor.py:157} INFO - Started process (PID=6288) to work on /opt/airflow/dags/models/BTC_s1_n10_lstm_model.pth
[2026-06-19T10:42:03.475+0000] {processor.py:829} INFO - Processing file /opt/airflow/dags/models/BTC_s1_n10_lstm_model.pth for tasks to queue
[2026-06-19T10:42:03.476+0000] {logging_mixin.py:151} INFO - [2026-06-19T10:42:03.476+0000] {dagbag.py:539} INFO - Filling up the DagBag from /opt/airflow/dags/models/BTC_s1_n10_lstm_model.pth
[2026-06-19T10:42:03.486+0000] {processor.py:841} WARNING - No viable dags retrieved from /opt/airflow/dags/models/BTC_s1_n10_lstm_model.pth
[2026-06-19T10:42:03.500+0000] {processor.py:179} INFO - Processing /opt/airflow/dags/models/BTC_s1_n10_lstm_model.pth took 0.030 seconds
[2026-06-19T10:42:33.764+0000] {processor.py:157} INFO - Started process (PID=6322) to work on /opt/airflow/dags/models/BTC_s1_n10_lstm_model.pth
[2026-06-19T10:42:33.765+0000] {processor.py:829} INFO - Processing file /opt/airflow/dags/models/BTC_s1_n10_lstm_model.pth for tasks to queue
[2026-06-19T10:42:33.767+0000] {logging_mixin.py:151} INFO - [2026-06-19T10:42:33.766+0000] {dagbag.py:539} INFO - Filling up the DagBag from /opt/airflow/dags/models/BTC_s1_n10_lstm_model.pth
[2026-06-19T10:42:33.776+0000] {processor.py:841} WARNING - No viable dags retrieved from /opt/airflow/dags/models/BTC_s1_n10_lstm_model.pth
[2026-06-19T10:42:33.796+0000] {processor.py:179} INFO - Processing /opt/airflow/dags/models/BTC_s1_n10_lstm_model.pth took 0.036 seconds
[2026-06-19T10:43:03.941+0000] {processor.py:157} INFO - Started process (PID=6355) to work on /opt/airflow/dags/models/BTC_s1_n10_lstm_model.pth
[2026-06-19T10:43:03.944+0000] {processor.py:829} INFO - Processing file /opt/airflow/dags/models/BTC_s1_n10_lstm_model.pth for tasks to queue
[2026-06-19T10:43:03.947+0000] {logging_mixin.py:151} INFO - [2026-06-19T10:43:03.946+0000] {dagbag.py:539} INFO - Filling up the DagBag from /opt/airflow/dags/models/BTC_s1_n10_lstm_model.pth
[2026-06-19T10:43:03.956+0000] {processor.py:841} WARNING - No viable dags retrieved from /opt/airflow/dags/models/BTC_s1_n10_lstm_model.pth
[2026-06-19T10:43:03.978+0000] {processor.py:179} INFO - Processing /opt/airflow/dags/models/BTC_s1_n10_lstm_model.pth took 0.045 seconds
[2026-06-19T10:43:34.376+0000] {processor.py:157} INFO - Started process (PID=6388) to work on /opt/airflow/dags/models/BTC_s1_n10_lstm_model.pth
[2026-06-19T10:43:34.377+0000] {processor.py:829} INFO - Processing file /opt/airflow/dags/models/BTC_s1_n10_lstm_model.pth for tasks to queue
[2026-06-19T10:43:34.378+0000] {logging_mixin.py:151} INFO - [2026-06-19T10:43:34.377+0000] {dagbag.py:539} INFO - Filling up the DagBag from /opt/airflow/dags/models/BTC_s1_n10_lstm_model.pth
[2026-06-19T10:43:34.385+0000] {processor.py:841} WARNING - No viable dags retrieved from /opt/airflow/dags/models/BTC_s1_n10_lstm_model.pth
[2026-06-19T10:43:34.397+0000] {processor.py:179} INFO - Processing /opt/airflow/dags/models/BTC_s1_n10_lstm_model.pth took 0.026 seconds
[2026-06-19T10:44:04.570+0000] {processor.py:157} INFO - Started process (PID=6421) to work on /opt/airflow/dags/models/BTC_s1_n10_lstm_model.pth
[2026-06-19T10:44:04.571+0000] {processor.py:829} INFO - Processing file /opt/airflow/dags/models/BTC_s1_n10_lstm_model.pth for tasks to queue
[2026-06-19T10:44:04.572+0000] {logging_mixin.py:151} INFO - [2026-06-19T10:44:04.572+0000] {dagbag.py:539} INFO - Filling up the DagBag from /opt/airflow/dags/models/BTC_s1_n10_lstm_model.pth
[2026-06-19T10:44:04.582+0000] {processor.py:841} WARNING - No viable dags retrieved from /opt/airflow/dags/models/BTC_s1_n10_lstm_model.pth
[2026-06-19T10:44:04.598+0000] {processor.py:179} INFO - Processing /opt/airflow/dags/models/BTC_s1_n10_lstm_model.pth took 0.033 seconds
[2026-06-19T10:44:35.151+0000] {processor.py:157} INFO - Started process (PID=6454) to work on /opt/airflow/dags/models/BTC_s1_n10_lstm_model.pth
[2026-06-19T10:44:35.152+0000] {processor.py:829} INFO - Processing file /opt/airflow/dags/models/BTC_s1_n10_lstm_model.pth for tasks to queue
[2026-06-19T10:44:35.153+0000] {logging_mixin.py:151} INFO - [2026-06-19T10:44:35.153+0000] {dagbag.py:539} INFO - Filling up the DagBag from /opt/airflow/dags/models/BTC_s1_n10_lstm_model.pth
[2026-06-19T10:44:35.161+0000] {processor.py:841} WARNING - No viable dags retrieved from /opt/airflow/dags/models/BTC_s1_n10_lstm_model.pth
[2026-06-19T10:44:35.177+0000] {processor.py:179} INFO - Processing /opt/airflow/dags/models/BTC_s1_n10_lstm_model.pth took 0.029 seconds
[2026-06-19T10:45:05.827+0000] {processor.py:157} INFO - Started process (PID=6487) to work on /opt/airflow/dags/models/BTC_s1_n10_lstm_model.pth
[2026-06-19T10:45:05.828+0000] {processor.py:829} INFO - Processing file /opt/airflow/dags/models/BTC_s1_n10_lstm_model.pth for tasks to queue
[2026-06-19T10:45:05.829+0000] {logging_mixin.py:151} INFO - [2026-06-19T10:45:05.829+0000] {dagbag.py:539} INFO - Filling up the DagBag from /opt/airflow/dags/models/BTC_s1_n10_lstm_model.pth
[2026-06-19T10:45:05.840+0000] {processor.py:841} WARNING - No viable dags retrieved from /opt/airflow/dags/models/BTC_s1_n10_lstm_model.pth
[2026-06-19T10:45:05.859+0000] {processor.py:179} INFO - Processing /opt/airflow/dags/models/BTC_s1_n10_lstm_model.pth took 0.036 seconds
[2026-06-19T10:45:35.989+0000] {processor.py:157} INFO - Started process (PID=6520) to work on /opt/airflow/dags/models/BTC_s1_n10_lstm_model.pth
[2026-06-19T10:45:35.991+0000] {processor.py:829} INFO - Processing file /opt/airflow/dags/models/BTC_s1_n10_lstm_model.pth for tasks to queue
[2026-06-19T10:45:35.991+0000] {logging_mixin.py:151} INFO - [2026-06-19T10:45:35.991+0000] {dagbag.py:539} INFO - Filling up the DagBag from /opt/airflow/dags/models/BTC_s1_n10_lstm_model.pth
[2026-06-19T10:45:35.998+0000] {processor.py:841} WARNING - No viable dags retrieved from /opt/airflow/dags/models/BTC_s1_n10_lstm_model.pth
[2026-06-19T10:45:36.013+0000] {processor.py:179} INFO - Processing /opt/airflow/dags/models/BTC_s1_n10_lstm_model.pth took 0.028 seconds
[2026-06-19T10:46:08.771+0000] {processor.py:157} INFO - Started process (PID=6551) to work on /opt/airflow/dags/models/BTC_s1_n10_lstm_model.pth
[2026-06-19T10:46:08.772+0000] {processor.py:829} INFO - Processing file /opt/airflow/dags/models/BTC_s1_n10_lstm_model.pth for tasks to queue
[2026-06-19T10:46:08.773+0000] {logging_mixin.py:151} INFO - [2026-06-19T10:46:08.773+0000] {dagbag.py:539} INFO - Filling up the DagBag from /opt/airflow/dags/models/BTC_s1_n10_lstm_model.pth
[2026-06-19T10:46:08.780+0000] {processor.py:841} WARNING - No viable dags retrieved from /opt/airflow/dags/models/BTC_s1_n10_lstm_model.pth
[2026-06-19T10:46:08.794+0000] {processor.py:179} INFO - Processing /opt/airflow/dags/models/BTC_s1_n10_lstm_model.pth took 0.027 seconds
[2026-06-19T10:46:41.615+0000] {processor.py:157} INFO - Started process (PID=6583) to work on /opt/airflow/dags/models/BTC_s1_n10_lstm_model.pth
[2026-06-19T10:46:41.617+0000] {processor.py:829} INFO - Processing file /opt/airflow/dags/models/BTC_s1_n10_lstm_model.pth for tasks to queue
[2026-06-19T10:46:41.618+0000] {logging_mixin.py:151} INFO - [2026-06-19T10:46:41.617+0000] {dagbag.py:539} INFO - Filling up the DagBag from /opt/airflow/dags/models/BTC_s1_n10_lstm_model.pth
[2026-06-19T10:46:41.627+0000] {processor.py:841} WARNING - No viable dags retrieved from /opt/airflow/dags/models/BTC_s1_n10_lstm_model.pth
[2026-06-19T10:46:41.643+0000] {processor.py:179} INFO - Processing /opt/airflow/dags/models/BTC_s1_n10_lstm_model.pth took 0.031 seconds
[2026-06-19T10:47:12.984+0000] {processor.py:157} INFO - Started process (PID=6609) to work on /opt/airflow/dags/models/BTC_s1_n10_lstm_model.pth
[2026-06-19T10:47:12.985+0000] {processor.py:829} INFO - Processing file /opt/airflow/dags/models/BTC_s1_n10_lstm_model.pth for tasks to queue
[2026-06-19T10:47:12.986+0000] {logging_mixin.py:151} INFO - [2026-06-19T10:47:12.986+0000] {dagbag.py:539} INFO - Filling up the DagBag from /opt/airflow/dags/models/BTC_s1_n10_lstm_model.pth
[2026-06-19T10:47:12.996+0000] {processor.py:841} WARNING - No viable dags retrieved from /opt/airflow/dags/models/BTC_s1_n10_lstm_model.pth
[2026-06-19T10:47:13.011+0000] {processor.py:179} INFO - Processing /opt/airflow/dags/models/BTC_s1_n10_lstm_model.pth took 0.031 seconds
[2026-06-19T10:47:43.139+0000] {processor.py:157} INFO - Started process (PID=6635) to work on /opt/airflow/dags/models/BTC_s1_n10_lstm_model.pth
[2026-06-19T10:47:43.141+0000] {processor.py:829} INFO - Processing file /opt/airflow/dags/models/BTC_s1_n10_lstm_model.pth for tasks to queue
[2026-06-19T10:47:43.142+0000] {logging_mixin.py:151} INFO - [2026-06-19T10:47:43.142+0000] {dagbag.py:539} INFO - Filling up the DagBag from /opt/airflow/dags/models/BTC_s1_n10_lstm_model.pth
[2026-06-19T10:47:43.153+0000] {processor.py:841} WARNING - No viable dags retrieved from /opt/airflow/dags/models/BTC_s1_n10_lstm_model.pth
[2026-06-19T10:47:43.185+0000] {processor.py:179} INFO - Processing /opt/airflow/dags/models/BTC_s1_n10_lstm_model.pth took 0.051 seconds
[2026-06-19T10:48:13.918+0000] {processor.py:157} INFO - Started process (PID=6665) to work on /opt/airflow/dags/models/BTC_s1_n10_lstm_model.pth
[2026-06-19T10:48:13.919+0000] {processor.py:829} INFO - Processing file /opt/airflow/dags/models/BTC_s1_n10_lstm_model.pth for tasks to queue
[2026-06-19T10:48:13.921+0000] {logging_mixin.py:151} INFO - [2026-06-19T10:48:13.920+0000] {dagbag.py:539} INFO - Filling up the DagBag from /opt/airflow/dags/models/BTC_s1_n10_lstm_model.pth
[2026-06-19T10:48:13.929+0000] {processor.py:841} WARNING - No viable dags retrieved from /opt/airflow/dags/models/BTC_s1_n10_lstm_model.pth
[2026-06-19T10:48:13.943+0000] {processor.py:179} INFO - Processing /opt/airflow/dags/models/BTC_s1_n10_lstm_model.pth took 0.029 seconds
[2026-06-19T10:48:44.281+0000] {processor.py:157} INFO - Started process (PID=6698) to work on /opt/airflow/dags/models/BTC_s1_n10_lstm_model.pth
[2026-06-19T10:48:44.282+0000] {processor.py:829} INFO - Processing file /opt/airflow/dags/models/BTC_s1_n10_lstm_model.pth for tasks to queue
[2026-06-19T10:48:44.283+0000] {logging_mixin.py:151} INFO - [2026-06-19T10:48:44.283+0000] {dagbag.py:539} INFO - Filling up the DagBag from /opt/airflow/dags/models/BTC_s1_n10_lstm_model.pth
[2026-06-19T10:48:44.291+0000] {processor.py:841} WARNING - No viable dags retrieved from /opt/airflow/dags/models/BTC_s1_n10_lstm_model.pth
[2026-06-19T10:48:44.307+0000] {processor.py:179} INFO - Processing /opt/airflow/dags/models/BTC_s1_n10_lstm_model.pth took 0.030 seconds
[2026-06-19T10:49:14.849+0000] {processor.py:157} INFO - Started process (PID=6731) to work on /opt/airflow/dags/models/BTC_s1_n10_lstm_model.pth
[2026-06-19T10:49:14.851+0000] {processor.py:829} INFO - Processing file /opt/airflow/dags/models/BTC_s1_n10_lstm_model.pth for tasks to queue
[2026-06-19T10:49:14.852+0000] {logging_mixin.py:151} INFO - [2026-06-19T10:49:14.852+0000] {dagbag.py:539} INFO - Filling up the DagBag from /opt/airflow/dags/models/BTC_s1_n10_lstm_model.pth
[2026-06-19T10:49:14.860+0000] {processor.py:841} WARNING - No viable dags retrieved from /opt/airflow/dags/models/BTC_s1_n10_lstm_model.pth
[2026-06-19T10:49:14.880+0000] {processor.py:179} INFO - Processing /opt/airflow/dags/models/BTC_s1_n10_lstm_model.pth took 0.035 seconds
[2026-06-19T10:49:45.372+0000] {processor.py:157} INFO - Started process (PID=6764) to work on /opt/airflow/dags/models/BTC_s1_n10_lstm_model.pth
[2026-06-19T10:49:45.373+0000] {processor.py:829} INFO - Processing file /opt/airflow/dags/models/BTC_s1_n10_lstm_model.pth for tasks to queue
[2026-06-19T10:49:45.374+0000] {logging_mixin.py:151} INFO - [2026-06-19T10:49:45.374+0000] {dagbag.py:539} INFO - Filling up the DagBag from /opt/airflow/dags/models/BTC_s1_n10_lstm_model.pth
[2026-06-19T10:49:45.381+0000] {processor.py:841} WARNING - No viable dags retrieved from /opt/airflow/dags/models/BTC_s1_n10_lstm_model.pth
[2026-06-19T10:49:45.394+0000] {processor.py:179} INFO - Processing /opt/airflow/dags/models/BTC_s1_n10_lstm_model.pth took 0.025 seconds
[2026-06-19T10:50:16.020+0000] {processor.py:157} INFO - Started process (PID=6797) to work on /opt/airflow/dags/models/BTC_s1_n10_lstm_model.pth
[2026-06-19T10:50:16.021+0000] {processor.py:829} INFO - Processing file /opt/airflow/dags/models/BTC_s1_n10_lstm_model.pth for tasks to queue
[2026-06-19T10:50:16.022+0000] {logging_mixin.py:151} INFO - [2026-06-19T10:50:16.022+0000] {dagbag.py:539} INFO - Filling up the DagBag from /opt/airflow/dags/models/BTC_s1_n10_lstm_model.pth
[2026-06-19T10:50:16.034+0000] {processor.py:841} WARNING - No viable dags retrieved from /opt/airflow/dags/models/BTC_s1_n10_lstm_model.pth
[2026-06-19T10:50:16.056+0000] {processor.py:179} INFO - Processing /opt/airflow/dags/models/BTC_s1_n10_lstm_model.pth took 0.040 seconds
[2026-06-19T10:50:46.328+0000] {processor.py:157} INFO - Started process (PID=6830) to work on /opt/airflow/dags/models/BTC_s1_n10_lstm_model.pth
[2026-06-19T10:50:46.329+0000] {processor.py:829} INFO - Processing file /opt/airflow/dags/models/BTC_s1_n10_lstm_model.pth for tasks to queue
[2026-06-19T10:50:46.330+0000] {logging_mixin.py:151} INFO - [2026-06-19T10:50:46.330+0000] {dagbag.py:539} INFO - Filling up the DagBag from /opt/airflow/dags/models/BTC_s1_n10_lstm_model.pth
[2026-06-19T10:50:46.337+0000] {processor.py:841} WARNING - No viable dags retrieved from /opt/airflow/dags/models/BTC_s1_n10_lstm_model.pth
[2026-06-19T10:50:46.349+0000] {processor.py:179} INFO - Processing /opt/airflow/dags/models/BTC_s1_n10_lstm_model.pth took 0.024 seconds
[2026-06-19T10:51:17.100+0000] {processor.py:157} INFO - Started process (PID=6863) to work on /opt/airflow/dags/models/BTC_s1_n10_lstm_model.pth
[2026-06-19T10:51:17.102+0000] {processor.py:829} INFO - Processing file /opt/airflow/dags/models/BTC_s1_n10_lstm_model.pth for tasks to queue
[2026-06-19T10:51:17.102+0000] {logging_mixin.py:151} INFO - [2026-06-19T10:51:17.102+0000] {dagbag.py:539} INFO - Filling up the DagBag from /opt/airflow/dags/models/BTC_s1_n10_lstm_model.pth
[2026-06-19T10:51:17.109+0000] {processor.py:841} WARNING - No viable dags retrieved from /opt/airflow/dags/models/BTC_s1_n10_lstm_model.pth
[2026-06-19T10:51:17.122+0000] {processor.py:179} INFO - Processing /opt/airflow/dags/models/BTC_s1_n10_lstm_model.pth took 0.026 seconds
[2026-06-19T10:51:47.209+0000] {processor.py:157} INFO - Started process (PID=6896) to work on /opt/airflow/dags/models/BTC_s1_n10_lstm_model.pth
[2026-06-19T10:51:47.211+0000] {processor.py:829} INFO - Processing file /opt/airflow/dags/models/BTC_s1_n10_lstm_model.pth for tasks to queue
[2026-06-19T10:51:47.213+0000] {logging_mixin.py:151} INFO - [2026-06-19T10:51:47.212+0000] {dagbag.py:539} INFO - Filling up the DagBag from /opt/airflow/dags/models/BTC_s1_n10_lstm_model.pth
[2026-06-19T10:51:47.243+0000] {processor.py:841} WARNING - No viable dags retrieved from /opt/airflow/dags/models/BTC_s1_n10_lstm_model.pth
[2026-06-19T10:51:47.265+0000] {processor.py:179} INFO - Processing /opt/airflow/dags/models/BTC_s1_n10_lstm_model.pth took 0.064 seconds
[2026-06-19T10:52:17.825+0000] {processor.py:157} INFO - Started process (PID=6929) to work on /opt/airflow/dags/models/BTC_s1_n10_lstm_model.pth
[2026-06-19T10:52:17.827+0000] {processor.py:829} INFO - Processing file /opt/airflow/dags/models/BTC_s1_n10_lstm_model.pth for tasks to queue
[2026-06-19T10:52:17.828+0000] {logging_mixin.py:151} INFO - [2026-06-19T10:52:17.828+0000] {dagbag.py:539} INFO - Filling up the DagBag from /opt/airflow/dags/models/BTC_s1_n10_lstm_model.pth
[2026-06-19T10:52:17.836+0000] {processor.py:841} WARNING - No viable dags retrieved from /opt/airflow/dags/models/BTC_s1_n10_lstm_model.pth
[2026-06-19T10:52:17.854+0000] {processor.py:179} INFO - Processing /opt/airflow/dags/models/BTC_s1_n10_lstm_model.pth took 0.033 seconds
[2026-06-19T10:52:48.033+0000] {processor.py:157} INFO - Started process (PID=6962) to work on /opt/airflow/dags/models/BTC_s1_n10_lstm_model.pth
[2026-06-19T10:52:48.034+0000] {processor.py:829} INFO - Processing file /opt/airflow/dags/models/BTC_s1_n10_lstm_model.pth for tasks to queue
[2026-06-19T10:52:48.035+0000] {logging_mixin.py:151} INFO - [2026-06-19T10:52:48.035+0000] {dagbag.py:539} INFO - Filling up the DagBag from /opt/airflow/dags/models/BTC_s1_n10_lstm_model.pth
[2026-06-19T10:52:48.042+0000] {processor.py:841} WARNING - No viable dags retrieved from /opt/airflow/dags/models/BTC_s1_n10_lstm_model.pth
[2026-06-19T10:52:48.055+0000] {processor.py:179} INFO - Processing /opt/airflow/dags/models/BTC_s1_n10_lstm_model.pth took 0.026 seconds
[2026-06-19T10:53:18.107+0000] {processor.py:157} INFO - Started process (PID=6995) to work on /opt/airflow/dags/models/BTC_s1_n10_lstm_model.pth
[2026-06-19T10:53:18.109+0000] {processor.py:829} INFO - Processing file /opt/airflow/dags/models/BTC_s1_n10_lstm_model.pth for tasks to queue
[2026-06-19T10:53:18.111+0000] {logging_mixin.py:151} INFO - [2026-06-19T10:53:18.110+0000] {dagbag.py:539} INFO - Filling up the DagBag from /opt/airflow/dags/models/BTC_s1_n10_lstm_model.pth
[2026-06-19T10:53:18.121+0000] {processor.py:841} WARNING - No viable dags retrieved from /opt/airflow/dags/models/BTC_s1_n10_lstm_model.pth
[2026-06-19T10:53:18.139+0000] {processor.py:179} INFO - Processing /opt/airflow/dags/models/BTC_s1_n10_lstm_model.pth took 0.036 seconds
[2026-06-19T10:53:50.682+0000] {processor.py:157} INFO - Started process (PID=7026) to work on /opt/airflow/dags/models/BTC_s1_n10_lstm_model.pth
[2026-06-19T10:53:50.683+0000] {processor.py:829} INFO - Processing file /opt/airflow/dags/models/BTC_s1_n10_lstm_model.pth for tasks to queue
[2026-06-19T10:53:50.684+0000] {logging_mixin.py:151} INFO - [2026-06-19T10:53:50.684+0000] {dagbag.py:539} INFO - Filling up the DagBag from /opt/airflow/dags/models/BTC_s1_n10_lstm_model.pth
[2026-06-19T10:53:50.692+0000] {processor.py:841} WARNING - No viable dags retrieved from /opt/airflow/dags/models/BTC_s1_n10_lstm_model.pth
[2026-06-19T10:53:50.707+0000] {processor.py:179} INFO - Processing /opt/airflow/dags/models/BTC_s1_n10_lstm_model.pth took 0.028 seconds
[2026-06-19T10:54:21.526+0000] {processor.py:157} INFO - Started process (PID=7051) to work on /opt/airflow/dags/models/BTC_s1_n10_lstm_model.pth
[2026-06-19T10:54:21.527+0000] {processor.py:829} INFO - Processing file /opt/airflow/dags/models/BTC_s1_n10_lstm_model.pth for tasks to queue
[2026-06-19T10:54:21.528+0000] {logging_mixin.py:151} INFO - [2026-06-19T10:54:21.528+0000] {dagbag.py:539} INFO - Filling up the DagBag from /opt/airflow/dags/models/BTC_s1_n10_lstm_model.pth
[2026-06-19T10:54:21.536+0000] {processor.py:841} WARNING - No viable dags retrieved from /opt/airflow/dags/models/BTC_s1_n10_lstm_model.pth
[2026-06-19T10:54:21.549+0000] {processor.py:179} INFO - Processing /opt/airflow/dags/models/BTC_s1_n10_lstm_model.pth took 0.026 seconds
[2026-06-19T10:54:51.938+0000] {processor.py:157} INFO - Started process (PID=7076) to work on /opt/airflow/dags/models/BTC_s1_n10_lstm_model.pth
[2026-06-19T10:54:51.939+0000] {processor.py:829} INFO - Processing file /opt/airflow/dags/models/BTC_s1_n10_lstm_model.pth for tasks to queue
[2026-06-19T10:54:51.940+0000] {logging_mixin.py:151} INFO - [2026-06-19T10:54:51.940+0000] {dagbag.py:539} INFO - Filling up the DagBag from /opt/airflow/dags/models/BTC_s1_n10_lstm_model.pth
[2026-06-19T10:54:51.948+0000] {processor.py:841} WARNING - No viable dags retrieved from /opt/airflow/dags/models/BTC_s1_n10_lstm_model.pth
[2026-06-19T10:54:51.964+0000] {processor.py:179} INFO - Processing /opt/airflow/dags/models/BTC_s1_n10_lstm_model.pth took 0.029 seconds
[2026-06-19T10:55:22.354+0000] {processor.py:157} INFO - Started process (PID=7106) to work on /opt/airflow/dags/models/BTC_s1_n10_lstm_model.pth
[2026-06-19T10:55:22.355+0000] {processor.py:829} INFO - Processing file /opt/airflow/dags/models/BTC_s1_n10_lstm_model.pth for tasks to queue
[2026-06-19T10:55:22.356+0000] {logging_mixin.py:151} INFO - [2026-06-19T10:55:22.356+0000] {dagbag.py:539} INFO - Filling up the DagBag from /opt/airflow/dags/models/BTC_s1_n10_lstm_model.pth
[2026-06-19T10:55:22.362+0000] {processor.py:841} WARNING - No viable dags retrieved from /opt/airflow/dags/models/BTC_s1_n10_lstm_model.pth
[2026-06-19T10:55:22.375+0000] {processor.py:179} INFO - Processing /opt/airflow/dags/models/BTC_s1_n10_lstm_model.pth took 0.025 seconds
[2026-06-19T10:55:52.961+0000] {processor.py:157} INFO - Started process (PID=7139) to work on /opt/airflow/dags/models/BTC_s1_n10_lstm_model.pth
[2026-06-19T10:55:52.972+0000] {processor.py:829} INFO - Processing file /opt/airflow/dags/models/BTC_s1_n10_lstm_model.pth for tasks to queue
[2026-06-19T10:55:52.973+0000] {logging_mixin.py:151} INFO - [2026-06-19T10:55:52.973+0000] {dagbag.py:539} INFO - Filling up the DagBag from /opt/airflow/dags/models/BTC_s1_n10_lstm_model.pth
[2026-06-19T10:55:53.002+0000] {processor.py:841} WARNING - No viable dags retrieved from /opt/airflow/dags/models/BTC_s1_n10_lstm_model.pth
[2026-06-19T10:55:53.017+0000] {processor.py:179} INFO - Processing /opt/airflow/dags/models/BTC_s1_n10_lstm_model.pth took 0.062 seconds
[2026-06-19T10:56:23.698+0000] {processor.py:157} INFO - Started process (PID=7172) to work on /opt/airflow/dags/models/BTC_s1_n10_lstm_model.pth
[2026-06-19T10:56:23.700+0000] {processor.py:829} INFO - Processing file /opt/airflow/dags/models/BTC_s1_n10_lstm_model.pth for tasks to queue
[2026-06-19T10:56:23.700+0000] {logging_mixin.py:151} INFO - [2026-06-19T10:56:23.700+0000] {dagbag.py:539} INFO - Filling up the DagBag from /opt/airflow/dags/models/BTC_s1_n10_lstm_model.pth
[2026-06-19T10:56:23.710+0000] {processor.py:841} WARNING - No viable dags retrieved from /opt/airflow/dags/models/BTC_s1_n10_lstm_model.pth
[2026-06-19T10:56:23.728+0000] {processor.py:179} INFO - Processing /opt/airflow/dags/models/BTC_s1_n10_lstm_model.pth took 0.033 seconds
[2026-06-19T10:56:54.287+0000] {processor.py:157} INFO - Started process (PID=7205) to work on /opt/airflow/dags/models/BTC_s1_n10_lstm_model.pth
[2026-06-19T10:56:54.288+0000] {processor.py:829} INFO - Processing file /opt/airflow/dags/models/BTC_s1_n10_lstm_model.pth for tasks to queue
[2026-06-19T10:56:54.289+0000] {logging_mixin.py:151} INFO - [2026-06-19T10:56:54.289+0000] {dagbag.py:539} INFO - Filling up the DagBag from /opt/airflow/dags/models/BTC_s1_n10_lstm_model.pth
[2026-06-19T10:56:54.295+0000] {processor.py:841} WARNING - No viable dags retrieved from /opt/airflow/dags/models/BTC_s1_n10_lstm_model.pth
[2026-06-19T10:56:54.310+0000] {processor.py:179} INFO - Processing /opt/airflow/dags/models/BTC_s1_n10_lstm_model.pth took 0.026 seconds
[2026-06-19T10:57:24.814+0000] {processor.py:157} INFO - Started process (PID=7239) to work on /opt/airflow/dags/models/BTC_s1_n10_lstm_model.pth
[2026-06-19T10:57:24.815+0000] {processor.py:829} INFO - Processing file /opt/airflow/dags/models/BTC_s1_n10_lstm_model.pth for tasks to queue
[2026-06-19T10:57:24.816+0000] {logging_mixin.py:151} INFO - [2026-06-19T10:57:24.816+0000] {dagbag.py:539} INFO - Filling up the DagBag from /opt/airflow/dags/models/BTC_s1_n10_lstm_model.pth
[2026-06-19T10:57:24.825+0000] {processor.py:841} WARNING - No viable dags retrieved from /opt/airflow/dags/models/BTC_s1_n10_lstm_model.pth
[2026-06-19T10:57:24.838+0000] {processor.py:179} INFO - Processing /opt/airflow/dags/models/BTC_s1_n10_lstm_model.pth took 0.028 seconds
[2026-06-19T10:57:55.283+0000] {processor.py:157} INFO - Started process (PID=7272) to work on /opt/airflow/dags/models/BTC_s1_n10_lstm_model.pth
[2026-06-19T10:57:55.284+0000] {processor.py:829} INFO - Processing file /opt/airflow/dags/models/BTC_s1_n10_lstm_model.pth for tasks to queue
[2026-06-19T10:57:55.285+0000] {logging_mixin.py:151} INFO - [2026-06-19T10:57:55.285+0000] {dagbag.py:539} INFO - Filling up the DagBag from /opt/airflow/dags/models/BTC_s1_n10_lstm_model.pth
[2026-06-19T10:57:55.292+0000] {processor.py:841} WARNING - No viable dags retrieved from /opt/airflow/dags/models/BTC_s1_n10_lstm_model.pth
[2026-06-19T10:57:55.306+0000] {processor.py:179} INFO - Processing /opt/airflow/dags/models/BTC_s1_n10_lstm_model.pth took 0.026 seconds
[2026-06-19T10:58:25.958+0000] {processor.py:157} INFO - Started process (PID=7305) to work on /opt/airflow/dags/models/BTC_s1_n10_lstm_model.pth
[2026-06-19T10:58:25.959+0000] {processor.py:829} INFO - Processing file /opt/airflow/dags/models/BTC_s1_n10_lstm_model.pth for tasks to queue
[2026-06-19T10:58:25.959+0000] {logging_mixin.py:151} INFO - [2026-06-19T10:58:25.959+0000] {dagbag.py:539} INFO - Filling up the DagBag from /opt/airflow/dags/models/BTC_s1_n10_lstm_model.pth
[2026-06-19T10:58:25.966+0000] {processor.py:841} WARNING - No viable dags retrieved from /opt/airflow/dags/models/BTC_s1_n10_lstm_model.pth
[2026-06-19T10:58:25.980+0000] {processor.py:179} INFO - Processing /opt/airflow/dags/models/BTC_s1_n10_lstm_model.pth took 0.026 seconds
[2026-06-19T10:58:56.167+0000] {processor.py:157} INFO - Started process (PID=7338) to work on /opt/airflow/dags/models/BTC_s1_n10_lstm_model.pth
[2026-06-19T10:58:56.168+0000] {processor.py:829} INFO - Processing file /opt/airflow/dags/models/BTC_s1_n10_lstm_model.pth for tasks to queue
[2026-06-19T10:58:56.169+0000] {logging_mixin.py:151} INFO - [2026-06-19T10:58:56.169+0000] {dagbag.py:539} INFO - Filling up the DagBag from /opt/airflow/dags/models/BTC_s1_n10_lstm_model.pth
[2026-06-19T10:58:56.176+0000] {processor.py:841} WARNING - No viable dags retrieved from /opt/airflow/dags/models/BTC_s1_n10_lstm_model.pth
[2026-06-19T10:58:56.188+0000] {processor.py:179} INFO - Processing /opt/airflow/dags/models/BTC_s1_n10_lstm_model.pth took 0.026 seconds
[2026-06-19T10:59:26.749+0000] {processor.py:157} INFO - Started process (PID=7371) to work on /opt/airflow/dags/models/BTC_s1_n10_lstm_model.pth
[2026-06-19T10:59:26.750+0000] {processor.py:829} INFO - Processing file /opt/airflow/dags/models/BTC_s1_n10_lstm_model.pth for tasks to queue
[2026-06-19T10:59:26.752+0000] {logging_mixin.py:151} INFO - [2026-06-19T10:59:26.751+0000] {dagbag.py:539} INFO - Filling up the DagBag from /opt/airflow/dags/models/BTC_s1_n10_lstm_model.pth
[2026-06-19T10:59:26.760+0000] {processor.py:841} WARNING - No viable dags retrieved from /opt/airflow/dags/models/BTC_s1_n10_lstm_model.pth
[2026-06-19T10:59:26.776+0000] {processor.py:179} INFO - Processing /opt/airflow/dags/models/BTC_s1_n10_lstm_model.pth took 0.031 seconds
[2026-06-19T10:59:57.541+0000] {processor.py:157} INFO - Started process (PID=7404) to work on /opt/airflow/dags/models/BTC_s1_n10_lstm_model.pth
[2026-06-19T10:59:57.543+0000] {processor.py:829} INFO - Processing file /opt/airflow/dags/models/BTC_s1_n10_lstm_model.pth for tasks to queue
[2026-06-19T10:59:57.543+0000] {logging_mixin.py:151} INFO - [2026-06-19T10:59:57.543+0000] {dagbag.py:539} INFO - Filling up the DagBag from /opt/airflow/dags/models/BTC_s1_n10_lstm_model.pth
[2026-06-19T10:59:57.550+0000] {processor.py:841} WARNING - No viable dags retrieved from /opt/airflow/dags/models/BTC_s1_n10_lstm_model.pth
[2026-06-19T10:59:57.564+0000] {processor.py:179} INFO - Processing /opt/airflow/dags/models/BTC_s1_n10_lstm_model.pth took 0.026 seconds
[2026-06-19T11:00:27.611+0000] {processor.py:157} INFO - Started process (PID=7437) to work on /opt/airflow/dags/models/BTC_s1_n10_lstm_model.pth
[2026-06-19T11:00:27.612+0000] {processor.py:829} INFO - Processing file /opt/airflow/dags/models/BTC_s1_n10_lstm_model.pth for tasks to queue
[2026-06-19T11:00:27.613+0000] {logging_mixin.py:151} INFO - [2026-06-19T11:00:27.612+0000] {dagbag.py:539} INFO - Filling up the DagBag from /opt/airflow/dags/models/BTC_s1_n10_lstm_model.pth
[2026-06-19T11:00:27.621+0000] {processor.py:841} WARNING - No viable dags retrieved from /opt/airflow/dags/models/BTC_s1_n10_lstm_model.pth
[2026-06-19T11:00:27.635+0000] {processor.py:179} INFO - Processing /opt/airflow/dags/models/BTC_s1_n10_lstm_model.pth took 0.027 seconds
[2026-06-19T11:00:58.049+0000] {processor.py:157} INFO - Started process (PID=7470) to work on /opt/airflow/dags/models/BTC_s1_n10_lstm_model.pth
[2026-06-19T11:00:58.050+0000] {processor.py:829} INFO - Processing file /opt/airflow/dags/models/BTC_s1_n10_lstm_model.pth for tasks to queue
[2026-06-19T11:00:58.051+0000] {logging_mixin.py:151} INFO - [2026-06-19T11:00:58.051+0000] {dagbag.py:539} INFO - Filling up the DagBag from /opt/airflow/dags/models/BTC_s1_n10_lstm_model.pth
[2026-06-19T11:00:58.057+0000] {processor.py:841} WARNING - No viable dags retrieved from /opt/airflow/dags/models/BTC_s1_n10_lstm_model.pth
[2026-06-19T11:00:58.071+0000] {processor.py:179} INFO - Processing /opt/airflow/dags/models/BTC_s1_n10_lstm_model.pth took 0.026 seconds
[2026-06-19T11:01:28.627+0000] {processor.py:157} INFO - Started process (PID=7501) to work on /opt/airflow/dags/models/BTC_s1_n10_lstm_model.pth
[2026-06-19T11:01:28.628+0000] {processor.py:829} INFO - Processing file /opt/airflow/dags/models/BTC_s1_n10_lstm_model.pth for tasks to queue
[2026-06-19T11:01:28.629+0000] {logging_mixin.py:151} INFO - [2026-06-19T11:01:28.629+0000] {dagbag.py:539} INFO - Filling up the DagBag from /opt/airflow/dags/models/BTC_s1_n10_lstm_model.pth
[2026-06-19T11:01:28.636+0000] {processor.py:841} WARNING - No viable dags retrieved from /opt/airflow/dags/models/BTC_s1_n10_lstm_model.pth
[2026-06-19T11:01:28.651+0000] {processor.py:179} INFO - Processing /opt/airflow/dags/models/BTC_s1_n10_lstm_model.pth took 0.028 seconds
[2026-06-19T11:02:01.691+0000] {processor.py:157} INFO - Started process (PID=7541) to work on /opt/airflow/dags/models/BTC_s1_n10_lstm_model.pth
[2026-06-19T11:02:01.692+0000] {processor.py:829} INFO - Processing file /opt/airflow/dags/models/BTC_s1_n10_lstm_model.pth for tasks to queue
[2026-06-19T11:02:01.693+0000] {logging_mixin.py:151} INFO - [2026-06-19T11:02:01.692+0000] {dagbag.py:539} INFO - Filling up the DagBag from /opt/airflow/dags/models/BTC_s1_n10_lstm_model.pth
[2026-06-19T11:02:01.699+0000] {processor.py:841} WARNING - No viable dags retrieved from /opt/airflow/dags/models/BTC_s1_n10_lstm_model.pth
[2026-06-19T11:02:01.712+0000] {processor.py:179} INFO - Processing /opt/airflow/dags/models/BTC_s1_n10_lstm_model.pth took 0.025 seconds
[2026-06-19T11:02:34.393+0000] {processor.py:157} INFO - Started process (PID=7573) to work on /opt/airflow/dags/models/BTC_s1_n10_lstm_model.pth
[2026-06-19T11:02:34.395+0000] {processor.py:829} INFO - Processing file /opt/airflow/dags/models/BTC_s1_n10_lstm_model.pth for tasks to queue
[2026-06-19T11:02:34.396+0000] {logging_mixin.py:151} INFO - [2026-06-19T11:02:34.395+0000] {dagbag.py:539} INFO - Filling up the DagBag from /opt/airflow/dags/models/BTC_s1_n10_lstm_model.pth
[2026-06-19T11:02:34.403+0000] {processor.py:841} WARNING - No viable dags retrieved from /opt/airflow/dags/models/BTC_s1_n10_lstm_model.pth
[2026-06-19T11:02:34.417+0000] {processor.py:179} INFO - Processing /opt/airflow/dags/models/BTC_s1_n10_lstm_model.pth took 0.027 seconds
[2026-06-19T11:03:04.971+0000] {processor.py:157} INFO - Started process (PID=7599) to work on /opt/airflow/dags/models/BTC_s1_n10_lstm_model.pth
[2026-06-19T11:03:04.972+0000] {processor.py:829} INFO - Processing file /opt/airflow/dags/models/BTC_s1_n10_lstm_model.pth for tasks to queue
[2026-06-19T11:03:04.976+0000] {logging_mixin.py:151} INFO - [2026-06-19T11:03:04.975+0000] {dagbag.py:539} INFO - Filling up the DagBag from /opt/airflow/dags/models/BTC_s1_n10_lstm_model.pth
[2026-06-19T11:03:05.008+0000] {processor.py:841} WARNING - No viable dags retrieved from /opt/airflow/dags/models/BTC_s1_n10_lstm_model.pth
[2026-06-19T11:03:05.026+0000] {processor.py:179} INFO - Processing /opt/airflow/dags/models/BTC_s1_n10_lstm_model.pth took 0.060 seconds
[2026-06-19T11:03:35.320+0000] {processor.py:157} INFO - Started process (PID=7624) to work on /opt/airflow/dags/models/BTC_s1_n10_lstm_model.pth
[2026-06-19T11:03:35.322+0000] {processor.py:829} INFO - Processing file /opt/airflow/dags/models/BTC_s1_n10_lstm_model.pth for tasks to queue
[2026-06-19T11:03:35.323+0000] {logging_mixin.py:151} INFO - [2026-06-19T11:03:35.323+0000] {dagbag.py:539} INFO - Filling up the DagBag from /opt/airflow/dags/models/BTC_s1_n10_lstm_model.pth
[2026-06-19T11:03:35.331+0000] {processor.py:841} WARNING - No viable dags retrieved from /opt/airflow/dags/models/BTC_s1_n10_lstm_model.pth
[2026-06-19T11:03:35.345+0000] {processor.py:179} INFO - Processing /opt/airflow/dags/models/BTC_s1_n10_lstm_model.pth took 0.030 seconds
[2026-06-19T11:04:05.838+0000] {processor.py:157} INFO - Started process (PID=7654) to work on /opt/airflow/dags/models/BTC_s1_n10_lstm_model.pth
[2026-06-19T11:04:05.839+0000] {processor.py:829} INFO - Processing file /opt/airflow/dags/models/BTC_s1_n10_lstm_model.pth for tasks to queue
[2026-06-19T11:04:05.840+0000] {logging_mixin.py:151} INFO - [2026-06-19T11:04:05.840+0000] {dagbag.py:539} INFO - Filling up the DagBag from /opt/airflow/dags/models/BTC_s1_n10_lstm_model.pth
[2026-06-19T11:04:05.847+0000] {processor.py:841} WARNING - No viable dags retrieved from /opt/airflow/dags/models/BTC_s1_n10_lstm_model.pth
[2026-06-19T11:04:05.860+0000] {processor.py:179} INFO - Processing /opt/airflow/dags/models/BTC_s1_n10_lstm_model.pth took 0.026 seconds
[2026-06-19T11:04:36.653+0000] {processor.py:157} INFO - Started process (PID=7687) to work on /opt/airflow/dags/models/BTC_s1_n10_lstm_model.pth
[2026-06-19T11:04:36.654+0000] {processor.py:829} INFO - Processing file /opt/airflow/dags/models/BTC_s1_n10_lstm_model.pth for tasks to queue
[2026-06-19T11:04:36.655+0000] {logging_mixin.py:151} INFO - [2026-06-19T11:04:36.654+0000] {dagbag.py:539} INFO - Filling up the DagBag from /opt/airflow/dags/models/BTC_s1_n10_lstm_model.pth
[2026-06-19T11:04:36.661+0000] {processor.py:841} WARNING - No viable dags retrieved from /opt/airflow/dags/models/BTC_s1_n10_lstm_model.pth
[2026-06-19T11:04:36.673+0000] {processor.py:179} INFO - Processing /opt/airflow/dags/models/BTC_s1_n10_lstm_model.pth took 0.024 seconds
[2026-06-19T11:05:07.251+0000] {processor.py:157} INFO - Started process (PID=7720) to work on /opt/airflow/dags/models/BTC_s1_n10_lstm_model.pth
[2026-06-19T11:05:07.253+0000] {processor.py:829} INFO - Processing file /opt/airflow/dags/models/BTC_s1_n10_lstm_model.pth for tasks to queue
[2026-06-19T11:05:07.255+0000] {logging_mixin.py:151} INFO - [2026-06-19T11:05:07.255+0000] {dagbag.py:539} INFO - Filling up the DagBag from /opt/airflow/dags/models/BTC_s1_n10_lstm_model.pth
[2026-06-19T11:05:07.264+0000] {processor.py:841} WARNING - No viable dags retrieved from /opt/airflow/dags/models/BTC_s1_n10_lstm_model.pth
[2026-06-19T11:05:07.286+0000] {processor.py:179} INFO - Processing /opt/airflow/dags/models/BTC_s1_n10_lstm_model.pth took 0.042 seconds
[2026-06-19T11:05:37.829+0000] {processor.py:157} INFO - Started process (PID=7753) to work on /opt/airflow/dags/models/BTC_s1_n10_lstm_model.pth
[2026-06-19T11:05:37.830+0000] {processor.py:829} INFO - Processing file /opt/airflow/dags/models/BTC_s1_n10_lstm_model.pth for tasks to queue
[2026-06-19T11:05:37.830+0000] {logging_mixin.py:151} INFO - [2026-06-19T11:05:37.830+0000] {dagbag.py:539} INFO - Filling up the DagBag from /opt/airflow/dags/models/BTC_s1_n10_lstm_model.pth
[2026-06-19T11:05:37.837+0000] {processor.py:841} WARNING - No viable dags retrieved from /opt/airflow/dags/models/BTC_s1_n10_lstm_model.pth
[2026-06-19T11:05:37.850+0000] {processor.py:179} INFO - Processing /opt/airflow/dags/models/BTC_s1_n10_lstm_model.pth took 0.024 seconds
[2026-06-19T11:06:08.438+0000] {processor.py:157} INFO - Started process (PID=7786) to work on /opt/airflow/dags/models/BTC_s1_n10_lstm_model.pth
[2026-06-19T11:06:08.439+0000] {processor.py:829} INFO - Processing file /opt/airflow/dags/models/BTC_s1_n10_lstm_model.pth for tasks to queue
[2026-06-19T11:06:08.440+0000] {logging_mixin.py:151} INFO - [2026-06-19T11:06:08.440+0000] {dagbag.py:539} INFO - Filling up the DagBag from /opt/airflow/dags/models/BTC_s1_n10_lstm_model.pth
[2026-06-19T11:06:08.446+0000] {processor.py:841} WARNING - No viable dags retrieved from /opt/airflow/dags/models/BTC_s1_n10_lstm_model.pth
[2026-06-19T11:06:08.459+0000] {processor.py:179} INFO - Processing /opt/airflow/dags/models/BTC_s1_n10_lstm_model.pth took 0.023 seconds
[2026-06-19T11:06:38.861+0000] {processor.py:157} INFO - Started process (PID=7819) to work on /opt/airflow/dags/models/BTC_s1_n10_lstm_model.pth
[2026-06-19T11:06:38.862+0000] {processor.py:829} INFO - Processing file /opt/airflow/dags/models/BTC_s1_n10_lstm_model.pth for tasks to queue
[2026-06-19T11:06:38.863+0000] {logging_mixin.py:151} INFO - [2026-06-19T11:06:38.863+0000] {dagbag.py:539} INFO - Filling up the DagBag from /opt/airflow/dags/models/BTC_s1_n10_lstm_model.pth
[2026-06-19T11:06:38.871+0000] {processor.py:841} WARNING - No viable dags retrieved from /opt/airflow/dags/models/BTC_s1_n10_lstm_model.pth
[2026-06-19T11:06:38.885+0000] {processor.py:179} INFO - Processing /opt/airflow/dags/models/BTC_s1_n10_lstm_model.pth took 0.029 seconds
[2026-06-19T11:07:09.625+0000] {processor.py:157} INFO - Started process (PID=7852) to work on /opt/airflow/dags/models/BTC_s1_n10_lstm_model.pth
[2026-06-19T11:07:09.626+0000] {processor.py:829} INFO - Processing file /opt/airflow/dags/models/BTC_s1_n10_lstm_model.pth for tasks to queue
[2026-06-19T11:07:09.627+0000] {logging_mixin.py:151} INFO - [2026-06-19T11:07:09.626+0000] {dagbag.py:539} INFO - Filling up the DagBag from /opt/airflow/dags/models/BTC_s1_n10_lstm_model.pth
[2026-06-19T11:07:09.633+0000] {processor.py:841} WARNING - No viable dags retrieved from /opt/airflow/dags/models/BTC_s1_n10_lstm_model.pth
[2026-06-19T11:07:09.644+0000] {processor.py:179} INFO - Processing /opt/airflow/dags/models/BTC_s1_n10_lstm_model.pth took 0.023 seconds
[2026-06-19T11:07:40.254+0000] {processor.py:157} INFO - Started process (PID=7885) to work on /opt/airflow/dags/models/BTC_s1_n10_lstm_model.pth
[2026-06-19T11:07:40.256+0000] {processor.py:829} INFO - Processing file /opt/airflow/dags/models/BTC_s1_n10_lstm_model.pth for tasks to queue
[2026-06-19T11:07:40.257+0000] {logging_mixin.py:151} INFO - [2026-06-19T11:07:40.257+0000] {dagbag.py:539} INFO - Filling up the DagBag from /opt/airflow/dags/models/BTC_s1_n10_lstm_model.pth
[2026-06-19T11:07:40.271+0000] {processor.py:841} WARNING - No viable dags retrieved from /opt/airflow/dags/models/BTC_s1_n10_lstm_model.pth
[2026-06-19T11:07:40.292+0000] {processor.py:179} INFO - Processing /opt/airflow/dags/models/BTC_s1_n10_lstm_model.pth took 0.045 seconds
[2026-06-19T11:08:10.773+0000] {processor.py:157} INFO - Started process (PID=7919) to work on /opt/airflow/dags/models/BTC_s1_n10_lstm_model.pth
[2026-06-19T11:08:10.775+0000] {processor.py:829} INFO - Processing file /opt/airflow/dags/models/BTC_s1_n10_lstm_model.pth for tasks to queue
[2026-06-19T11:08:10.776+0000] {logging_mixin.py:151} INFO - [2026-06-19T11:08:10.775+0000] {dagbag.py:539} INFO - Filling up the DagBag from /opt/airflow/dags/models/BTC_s1_n10_lstm_model.pth
[2026-06-19T11:08:10.782+0000] {processor.py:841} WARNING - No viable dags retrieved from /opt/airflow/dags/models/BTC_s1_n10_lstm_model.pth
[2026-06-19T11:08:10.796+0000] {processor.py:179} INFO - Processing /opt/airflow/dags/models/BTC_s1_n10_lstm_model.pth took 0.027 seconds
[2026-06-19T11:08:41.301+0000] {processor.py:157} INFO - Started process (PID=7952) to work on /opt/airflow/dags/models/BTC_s1_n10_lstm_model.pth
[2026-06-19T11:08:41.302+0000] {processor.py:829} INFO - Processing file /opt/airflow/dags/models/BTC_s1_n10_lstm_model.pth for tasks to queue
[2026-06-19T11:08:41.303+0000] {logging_mixin.py:151} INFO - [2026-06-19T11:08:41.303+0000] {dagbag.py:539} INFO - Filling up the DagBag from /opt/airflow/dags/models/BTC_s1_n10_lstm_model.pth
[2026-06-19T11:08:41.311+0000] {processor.py:841} WARNING - No viable dags retrieved from /opt/airflow/dags/models/BTC_s1_n10_lstm_model.pth
[2026-06-19T11:08:41.327+0000] {processor.py:179} INFO - Processing /opt/airflow/dags/models/BTC_s1_n10_lstm_model.pth took 0.029 seconds
[2026-06-19T11:09:12.040+0000] {processor.py:157} INFO - Started process (PID=7985) to work on /opt/airflow/dags/models/BTC_s1_n10_lstm_model.pth
[2026-06-19T11:09:12.041+0000] {processor.py:829} INFO - Processing file /opt/airflow/dags/models/BTC_s1_n10_lstm_model.pth for tasks to queue
[2026-06-19T11:09:12.042+0000] {logging_mixin.py:151} INFO - [2026-06-19T11:09:12.042+0000] {dagbag.py:539} INFO - Filling up the DagBag from /opt/airflow/dags/models/BTC_s1_n10_lstm_model.pth
[2026-06-19T11:09:12.049+0000] {processor.py:841} WARNING - No viable dags retrieved from /opt/airflow/dags/models/BTC_s1_n10_lstm_model.pth
[2026-06-19T11:09:12.063+0000] {processor.py:179} INFO - Processing /opt/airflow/dags/models/BTC_s1_n10_lstm_model.pth took 0.026 seconds
[2026-06-19T11:09:42.914+0000] {processor.py:157} INFO - Started process (PID=8018) to work on /opt/airflow/dags/models/BTC_s1_n10_lstm_model.pth
[2026-06-19T11:09:42.915+0000] {processor.py:829} INFO - Processing file /opt/airflow/dags/models/BTC_s1_n10_lstm_model.pth for tasks to queue
[2026-06-19T11:09:42.916+0000] {logging_mixin.py:151} INFO - [2026-06-19T11:09:42.916+0000] {dagbag.py:539} INFO - Filling up the DagBag from /opt/airflow/dags/models/BTC_s1_n10_lstm_model.pth
[2026-06-19T11:09:42.924+0000] {processor.py:841} WARNING - No viable dags retrieved from /opt/airflow/dags/models/BTC_s1_n10_lstm_model.pth
[2026-06-19T11:09:42.939+0000] {processor.py:179} INFO - Processing /opt/airflow/dags/models/BTC_s1_n10_lstm_model.pth took 0.028 seconds
[2026-06-19T11:10:13.881+0000] {processor.py:157} INFO - Started process (PID=8048) to work on /opt/airflow/dags/models/BTC_s1_n10_lstm_model.pth
[2026-06-19T11:10:13.882+0000] {processor.py:829} INFO - Processing file /opt/airflow/dags/models/BTC_s1_n10_lstm_model.pth for tasks to queue
[2026-06-19T11:10:13.883+0000] {logging_mixin.py:151} INFO - [2026-06-19T11:10:13.883+0000] {dagbag.py:539} INFO - Filling up the DagBag from /opt/airflow/dags/models/BTC_s1_n10_lstm_model.pth
[2026-06-19T11:10:13.892+0000] {processor.py:841} WARNING - No viable dags retrieved from /opt/airflow/dags/models/BTC_s1_n10_lstm_model.pth
[2026-06-19T11:10:13.912+0000] {processor.py:179} INFO - Processing /opt/airflow/dags/models/BTC_s1_n10_lstm_model.pth took 0.037 seconds
[2026-06-19T11:10:44.525+0000] {processor.py:157} INFO - Started process (PID=8075) to work on /opt/airflow/dags/models/BTC_s1_n10_lstm_model.pth
[2026-06-19T11:10:44.527+0000] {processor.py:829} INFO - Processing file /opt/airflow/dags/models/BTC_s1_n10_lstm_model.pth for tasks to queue
[2026-06-19T11:10:44.527+0000] {logging_mixin.py:151} INFO - [2026-06-19T11:10:44.527+0000] {dagbag.py:539} INFO - Filling up the DagBag from /opt/airflow/dags/models/BTC_s1_n10_lstm_model.pth
[2026-06-19T11:10:44.535+0000] {processor.py:841} WARNING - No viable dags retrieved from /opt/airflow/dags/models/BTC_s1_n10_lstm_model.pth
[2026-06-19T11:10:44.549+0000] {processor.py:179} INFO - Processing /opt/airflow/dags/models/BTC_s1_n10_lstm_model.pth took 0.027 seconds
[2026-06-19T11:11:17.265+0000] {processor.py:157} INFO - Started process (PID=8109) to work on /opt/airflow/dags/models/BTC_s1_n10_lstm_model.pth
[2026-06-19T11:11:17.266+0000] {processor.py:829} INFO - Processing file /opt/airflow/dags/models/BTC_s1_n10_lstm_model.pth for tasks to queue
[2026-06-19T11:11:17.267+0000] {logging_mixin.py:151} INFO - [2026-06-19T11:11:17.267+0000] {dagbag.py:539} INFO - Filling up the DagBag from /opt/airflow/dags/models/BTC_s1_n10_lstm_model.pth
[2026-06-19T11:11:17.275+0000] {processor.py:841} WARNING - No viable dags retrieved from /opt/airflow/dags/models/BTC_s1_n10_lstm_model.pth
[2026-06-19T11:11:17.291+0000] {processor.py:179} INFO - Processing /opt/airflow/dags/models/BTC_s1_n10_lstm_model.pth took 0.029 seconds
[2026-06-19T11:11:50.035+0000] {processor.py:157} INFO - Started process (PID=8142) to work on /opt/airflow/dags/models/BTC_s1_n10_lstm_model.pth
[2026-06-19T11:11:50.036+0000] {processor.py:829} INFO - Processing file /opt/airflow/dags/models/BTC_s1_n10_lstm_model.pth for tasks to queue
[2026-06-19T11:11:50.037+0000] {logging_mixin.py:151} INFO - [2026-06-19T11:11:50.036+0000] {dagbag.py:539} INFO - Filling up the DagBag from /opt/airflow/dags/models/BTC_s1_n10_lstm_model.pth
[2026-06-19T11:11:50.043+0000] {processor.py:841} WARNING - No viable dags retrieved from /opt/airflow/dags/models/BTC_s1_n10_lstm_model.pth
[2026-06-19T11:11:50.057+0000] {processor.py:179} INFO - Processing /opt/airflow/dags/models/BTC_s1_n10_lstm_model.pth took 0.025 seconds
[2026-06-19T11:12:22.808+0000] {processor.py:157} INFO - Started process (PID=8175) to work on /opt/airflow/dags/models/BTC_s1_n10_lstm_model.pth
[2026-06-19T11:12:22.809+0000] {processor.py:829} INFO - Processing file /opt/airflow/dags/models/BTC_s1_n10_lstm_model.pth for tasks to queue
[2026-06-19T11:12:22.810+0000] {logging_mixin.py:151} INFO - [2026-06-19T11:12:22.810+0000] {dagbag.py:539} INFO - Filling up the DagBag from /opt/airflow/dags/models/BTC_s1_n10_lstm_model.pth
[2026-06-19T11:12:22.817+0000] {processor.py:841} WARNING - No viable dags retrieved from /opt/airflow/dags/models/BTC_s1_n10_lstm_model.pth
[2026-06-19T11:12:22.830+0000] {processor.py:179} INFO - Processing /opt/airflow/dags/models/BTC_s1_n10_lstm_model.pth took 0.027 seconds
[2026-06-19T11:12:55.604+0000] {processor.py:157} INFO - Started process (PID=8210) to work on /opt/airflow/dags/models/BTC_s1_n10_lstm_model.pth
[2026-06-19T11:12:55.605+0000] {processor.py:829} INFO - Processing file /opt/airflow/dags/models/BTC_s1_n10_lstm_model.pth for tasks to queue
[2026-06-19T11:12:55.606+0000] {logging_mixin.py:151} INFO - [2026-06-19T11:12:55.606+0000] {dagbag.py:539} INFO - Filling up the DagBag from /opt/airflow/dags/models/BTC_s1_n10_lstm_model.pth
[2026-06-19T11:12:55.613+0000] {processor.py:841} WARNING - No viable dags retrieved from /opt/airflow/dags/models/BTC_s1_n10_lstm_model.pth
[2026-06-19T11:12:55.626+0000] {processor.py:179} INFO - Processing /opt/airflow/dags/models/BTC_s1_n10_lstm_model.pth took 0.025 seconds
[2026-06-19T11:13:28.543+0000] {processor.py:157} INFO - Started process (PID=8241) to work on /opt/airflow/dags/models/BTC_s1_n10_lstm_model.pth
[2026-06-19T11:13:28.545+0000] {processor.py:829} INFO - Processing file /opt/airflow/dags/models/BTC_s1_n10_lstm_model.pth for tasks to queue
[2026-06-19T11:13:28.545+0000] {logging_mixin.py:151} INFO - [2026-06-19T11:13:28.545+0000] {dagbag.py:539} INFO - Filling up the DagBag from /opt/airflow/dags/models/BTC_s1_n10_lstm_model.pth
[2026-06-19T11:13:28.554+0000] {processor.py:841} WARNING - No viable dags retrieved from /opt/airflow/dags/models/BTC_s1_n10_lstm_model.pth
[2026-06-19T11:13:28.570+0000] {processor.py:179} INFO - Processing /opt/airflow/dags/models/BTC_s1_n10_lstm_model.pth took 0.030 seconds
[2026-06-19T11:14:01.376+0000] {processor.py:157} INFO - Started process (PID=8274) to work on /opt/airflow/dags/models/BTC_s1_n10_lstm_model.pth
[2026-06-19T11:14:01.377+0000] {processor.py:829} INFO - Processing file /opt/airflow/dags/models/BTC_s1_n10_lstm_model.pth for tasks to queue
[2026-06-19T11:14:01.378+0000] {logging_mixin.py:151} INFO - [2026-06-19T11:14:01.377+0000] {dagbag.py:539} INFO - Filling up the DagBag from /opt/airflow/dags/models/BTC_s1_n10_lstm_model.pth
[2026-06-19T11:14:01.384+0000] {processor.py:841} WARNING - No viable dags retrieved from /opt/airflow/dags/models/BTC_s1_n10_lstm_model.pth
[2026-06-19T11:14:01.398+0000] {processor.py:179} INFO - Processing /opt/airflow/dags/models/BTC_s1_n10_lstm_model.pth took 0.025 seconds
[2026-06-19T11:14:34.116+0000] {processor.py:157} INFO - Started process (PID=8314) to work on /opt/airflow/dags/models/BTC_s1_n10_lstm_model.pth
[2026-06-19T11:14:34.117+0000] {processor.py:829} INFO - Processing file /opt/airflow/dags/models/BTC_s1_n10_lstm_model.pth for tasks to queue
[2026-06-19T11:14:34.118+0000] {logging_mixin.py:151} INFO - [2026-06-19T11:14:34.118+0000] {dagbag.py:539} INFO - Filling up the DagBag from /opt/airflow/dags/models/BTC_s1_n10_lstm_model.pth
[2026-06-19T11:14:34.125+0000] {processor.py:841} WARNING - No viable dags retrieved from /opt/airflow/dags/models/BTC_s1_n10_lstm_model.pth
[2026-06-19T11:14:34.138+0000] {processor.py:179} INFO - Processing /opt/airflow/dags/models/BTC_s1_n10_lstm_model.pth took 0.025 seconds
[2026-06-19T11:15:08.046+0000] {processor.py:157} INFO - Started process (PID=8349) to work on /opt/airflow/dags/models/BTC_s1_n10_lstm_model.pth
[2026-06-19T11:15:08.047+0000] {processor.py:829} INFO - Processing file /opt/airflow/dags/models/BTC_s1_n10_lstm_model.pth for tasks to queue
[2026-06-19T11:15:08.048+0000] {logging_mixin.py:151} INFO - [2026-06-19T11:15:08.048+0000] {dagbag.py:539} INFO - Filling up the DagBag from /opt/airflow/dags/models/BTC_s1_n10_lstm_model.pth
[2026-06-19T11:15:08.056+0000] {processor.py:841} WARNING - No viable dags retrieved from /opt/airflow/dags/models/BTC_s1_n10_lstm_model.pth
[2026-06-19T11:15:08.071+0000] {processor.py:179} INFO - Processing /opt/airflow/dags/models/BTC_s1_n10_lstm_model.pth took 0.029 seconds
[2026-06-19T11:15:40.996+0000] {processor.py:157} INFO - Started process (PID=8380) to work on /opt/airflow/dags/models/BTC_s1_n10_lstm_model.pth
[2026-06-19T11:15:40.997+0000] {processor.py:829} INFO - Processing file /opt/airflow/dags/models/BTC_s1_n10_lstm_model.pth for tasks to queue
[2026-06-19T11:15:40.999+0000] {logging_mixin.py:151} INFO - [2026-06-19T11:15:40.998+0000] {dagbag.py:539} INFO - Filling up the DagBag from /opt/airflow/dags/models/BTC_s1_n10_lstm_model.pth
[2026-06-19T11:15:41.007+0000] {processor.py:841} WARNING - No viable dags retrieved from /opt/airflow/dags/models/BTC_s1_n10_lstm_model.pth
[2026-06-19T11:15:41.022+0000] {processor.py:179} INFO - Processing /opt/airflow/dags/models/BTC_s1_n10_lstm_model.pth took 0.029 seconds
[2026-06-19T11:16:14.723+0000] {processor.py:157} INFO - Started process (PID=8413) to work on /opt/airflow/dags/models/BTC_s1_n10_lstm_model.pth
[2026-06-19T11:16:14.725+0000] {processor.py:829} INFO - Processing file /opt/airflow/dags/models/BTC_s1_n10_lstm_model.pth for tasks to queue
[2026-06-19T11:16:14.726+0000] {logging_mixin.py:151} INFO - [2026-06-19T11:16:14.726+0000] {dagbag.py:539} INFO - Filling up the DagBag from /opt/airflow/dags/models/BTC_s1_n10_lstm_model.pth
[2026-06-19T11:16:14.739+0000] {processor.py:841} WARNING - No viable dags retrieved from /opt/airflow/dags/models/BTC_s1_n10_lstm_model.pth
[2026-06-19T11:16:14.760+0000] {processor.py:179} INFO - Processing /opt/airflow/dags/models/BTC_s1_n10_lstm_model.pth took 0.042 seconds
[2026-06-19T11:16:47.496+0000] {processor.py:157} INFO - Started process (PID=8447) to work on /opt/airflow/dags/models/BTC_s1_n10_lstm_model.pth
[2026-06-19T11:16:47.498+0000] {processor.py:829} INFO - Processing file /opt/airflow/dags/models/BTC_s1_n10_lstm_model.pth for tasks to queue
[2026-06-19T11:16:47.499+0000] {logging_mixin.py:151} INFO - [2026-06-19T11:16:47.498+0000] {dagbag.py:539} INFO - Filling up the DagBag from /opt/airflow/dags/models/BTC_s1_n10_lstm_model.pth
[2026-06-19T11:16:47.508+0000] {processor.py:841} WARNING - No viable dags retrieved from /opt/airflow/dags/models/BTC_s1_n10_lstm_model.pth
[2026-06-19T11:16:47.523+0000] {processor.py:179} INFO - Processing /opt/airflow/dags/models/BTC_s1_n10_lstm_model.pth took 0.030 seconds
[2026-06-19T11:17:17.849+0000] {processor.py:157} INFO - Started process (PID=8471) to work on /opt/airflow/dags/models/BTC_s1_n10_lstm_model.pth
[2026-06-19T11:17:17.852+0000] {processor.py:829} INFO - Processing file /opt/airflow/dags/models/BTC_s1_n10_lstm_model.pth for tasks to queue
[2026-06-19T11:17:17.853+0000] {logging_mixin.py:151} INFO - [2026-06-19T11:17:17.852+0000] {dagbag.py:539} INFO - Filling up the DagBag from /opt/airflow/dags/models/BTC_s1_n10_lstm_model.pth
[2026-06-19T11:17:17.864+0000] {processor.py:841} WARNING - No viable dags retrieved from /opt/airflow/dags/models/BTC_s1_n10_lstm_model.pth
[2026-06-19T11:17:17.885+0000] {processor.py:179} INFO - Processing /opt/airflow/dags/models/BTC_s1_n10_lstm_model.pth took 0.041 seconds
[2026-06-19T11:17:48.036+0000] {processor.py:157} INFO - Started process (PID=8501) to work on /opt/airflow/dags/models/BTC_s1_n10_lstm_model.pth
[2026-06-19T11:17:48.038+0000] {processor.py:829} INFO - Processing file /opt/airflow/dags/models/BTC_s1_n10_lstm_model.pth for tasks to queue
[2026-06-19T11:17:48.039+0000] {logging_mixin.py:151} INFO - [2026-06-19T11:17:48.039+0000] {dagbag.py:539} INFO - Filling up the DagBag from /opt/airflow/dags/models/BTC_s1_n10_lstm_model.pth
[2026-06-19T11:17:48.049+0000] {processor.py:841} WARNING - No viable dags retrieved from /opt/airflow/dags/models/BTC_s1_n10_lstm_model.pth
[2026-06-19T11:17:48.066+0000] {processor.py:179} INFO - Processing /opt/airflow/dags/models/BTC_s1_n10_lstm_model.pth took 0.036 seconds
[2026-06-19T11:18:18.176+0000] {processor.py:157} INFO - Started process (PID=8534) to work on /opt/airflow/dags/models/BTC_s1_n10_lstm_model.pth
[2026-06-19T11:18:18.177+0000] {processor.py:829} INFO - Processing file /opt/airflow/dags/models/BTC_s1_n10_lstm_model.pth for tasks to queue
[2026-06-19T11:18:18.178+0000] {logging_mixin.py:151} INFO - [2026-06-19T11:18:18.178+0000] {dagbag.py:539} INFO - Filling up the DagBag from /opt/airflow/dags/models/BTC_s1_n10_lstm_model.pth
[2026-06-19T11:18:18.185+0000] {processor.py:841} WARNING - No viable dags retrieved from /opt/airflow/dags/models/BTC_s1_n10_lstm_model.pth
[2026-06-19T11:18:18.200+0000] {processor.py:179} INFO - Processing /opt/airflow/dags/models/BTC_s1_n10_lstm_model.pth took 0.028 seconds
[2026-06-19T11:18:48.316+0000] {processor.py:157} INFO - Started process (PID=8567) to work on /opt/airflow/dags/models/BTC_s1_n10_lstm_model.pth
[2026-06-19T11:18:48.317+0000] {processor.py:829} INFO - Processing file /opt/airflow/dags/models/BTC_s1_n10_lstm_model.pth for tasks to queue
[2026-06-19T11:18:48.318+0000] {logging_mixin.py:151} INFO - [2026-06-19T11:18:48.318+0000] {dagbag.py:539} INFO - Filling up the DagBag from /opt/airflow/dags/models/BTC_s1_n10_lstm_model.pth
[2026-06-19T11:18:48.327+0000] {processor.py:841} WARNING - No viable dags retrieved from /opt/airflow/dags/models/BTC_s1_n10_lstm_model.pth
[2026-06-19T11:18:48.341+0000] {processor.py:179} INFO - Processing /opt/airflow/dags/models/BTC_s1_n10_lstm_model.pth took 0.030 seconds
[2026-06-19T11:19:18.418+0000] {processor.py:157} INFO - Started process (PID=8600) to work on /opt/airflow/dags/models/BTC_s1_n10_lstm_model.pth
[2026-06-19T11:19:18.420+0000] {processor.py:829} INFO - Processing file /opt/airflow/dags/models/BTC_s1_n10_lstm_model.pth for tasks to queue
[2026-06-19T11:19:18.421+0000] {logging_mixin.py:151} INFO - [2026-06-19T11:19:18.420+0000] {dagbag.py:539} INFO - Filling up the DagBag from /opt/airflow/dags/models/BTC_s1_n10_lstm_model.pth
[2026-06-19T11:19:18.429+0000] {processor.py:841} WARNING - No viable dags retrieved from /opt/airflow/dags/models/BTC_s1_n10_lstm_model.pth
[2026-06-19T11:19:18.443+0000] {processor.py:179} INFO - Processing /opt/airflow/dags/models/BTC_s1_n10_lstm_model.pth took 0.028 seconds
[2026-06-19T11:19:48.597+0000] {processor.py:157} INFO - Started process (PID=8633) to work on /opt/airflow/dags/models/BTC_s1_n10_lstm_model.pth
[2026-06-19T11:19:48.599+0000] {processor.py:829} INFO - Processing file /opt/airflow/dags/models/BTC_s1_n10_lstm_model.pth for tasks to queue
[2026-06-19T11:19:48.600+0000] {logging_mixin.py:151} INFO - [2026-06-19T11:19:48.600+0000] {dagbag.py:539} INFO - Filling up the DagBag from /opt/airflow/dags/models/BTC_s1_n10_lstm_model.pth
[2026-06-19T11:19:48.608+0000] {processor.py:841} WARNING - No viable dags retrieved from /opt/airflow/dags/models/BTC_s1_n10_lstm_model.pth
[2026-06-19T11:19:48.622+0000] {processor.py:179} INFO - Processing /opt/airflow/dags/models/BTC_s1_n10_lstm_model.pth took 0.029 seconds
[2026-06-19T11:20:18.747+0000] {processor.py:157} INFO - Started process (PID=8666) to work on /opt/airflow/dags/models/BTC_s1_n10_lstm_model.pth
[2026-06-19T11:20:18.748+0000] {processor.py:829} INFO - Processing file /opt/airflow/dags/models/BTC_s1_n10_lstm_model.pth for tasks to queue
[2026-06-19T11:20:18.749+0000] {logging_mixin.py:151} INFO - [2026-06-19T11:20:18.748+0000] {dagbag.py:539} INFO - Filling up the DagBag from /opt/airflow/dags/models/BTC_s1_n10_lstm_model.pth
[2026-06-19T11:20:18.757+0000] {processor.py:841} WARNING - No viable dags retrieved from /opt/airflow/dags/models/BTC_s1_n10_lstm_model.pth
[2026-06-19T11:20:18.770+0000] {processor.py:179} INFO - Processing /opt/airflow/dags/models/BTC_s1_n10_lstm_model.pth took 0.029 seconds
[2026-06-19T11:20:48.976+0000] {processor.py:157} INFO - Started process (PID=8699) to work on /opt/airflow/dags/models/BTC_s1_n10_lstm_model.pth
[2026-06-19T11:20:48.977+0000] {processor.py:829} INFO - Processing file /opt/airflow/dags/models/BTC_s1_n10_lstm_model.pth for tasks to queue
[2026-06-19T11:20:48.978+0000] {logging_mixin.py:151} INFO - [2026-06-19T11:20:48.978+0000] {dagbag.py:539} INFO - Filling up the DagBag from /opt/airflow/dags/models/BTC_s1_n10_lstm_model.pth
[2026-06-19T11:20:48.990+0000] {processor.py:841} WARNING - No viable dags retrieved from /opt/airflow/dags/models/BTC_s1_n10_lstm_model.pth
[2026-06-19T11:20:49.010+0000] {processor.py:179} INFO - Processing /opt/airflow/dags/models/BTC_s1_n10_lstm_model.pth took 0.037 seconds
[2026-06-19T11:21:19.075+0000] {processor.py:157} INFO - Started process (PID=8732) to work on /opt/airflow/dags/models/BTC_s1_n10_lstm_model.pth
[2026-06-19T11:21:19.076+0000] {processor.py:829} INFO - Processing file /opt/airflow/dags/models/BTC_s1_n10_lstm_model.pth for tasks to queue
[2026-06-19T11:21:19.077+0000] {logging_mixin.py:151} INFO - [2026-06-19T11:21:19.077+0000] {dagbag.py:539} INFO - Filling up the DagBag from /opt/airflow/dags/models/BTC_s1_n10_lstm_model.pth
[2026-06-19T11:21:19.085+0000] {processor.py:841} WARNING - No viable dags retrieved from /opt/airflow/dags/models/BTC_s1_n10_lstm_model.pth
[2026-06-19T11:21:19.103+0000] {processor.py:179} INFO - Processing /opt/airflow/dags/models/BTC_s1_n10_lstm_model.pth took 0.031 seconds
[2026-06-19T11:21:49.967+0000] {processor.py:157} INFO - Started process (PID=8765) to work on /opt/airflow/dags/models/BTC_s1_n10_lstm_model.pth
[2026-06-19T11:21:49.969+0000] {processor.py:829} INFO - Processing file /opt/airflow/dags/models/BTC_s1_n10_lstm_model.pth for tasks to queue
[2026-06-19T11:21:49.969+0000] {logging_mixin.py:151} INFO - [2026-06-19T11:21:49.969+0000] {dagbag.py:539} INFO - Filling up the DagBag from /opt/airflow/dags/models/BTC_s1_n10_lstm_model.pth
[2026-06-19T11:21:49.977+0000] {processor.py:841} WARNING - No viable dags retrieved from /opt/airflow/dags/models/BTC_s1_n10_lstm_model.pth
[2026-06-19T11:21:49.992+0000] {processor.py:179} INFO - Processing /opt/airflow/dags/models/BTC_s1_n10_lstm_model.pth took 0.028 seconds
[2026-06-19T11:22:20.714+0000] {processor.py:157} INFO - Started process (PID=8795) to work on /opt/airflow/dags/models/BTC_s1_n10_lstm_model.pth
[2026-06-19T11:22:20.716+0000] {processor.py:829} INFO - Processing file /opt/airflow/dags/models/BTC_s1_n10_lstm_model.pth for tasks to queue
[2026-06-19T11:22:20.717+0000] {logging_mixin.py:151} INFO - [2026-06-19T11:22:20.717+0000] {dagbag.py:539} INFO - Filling up the DagBag from /opt/airflow/dags/models/BTC_s1_n10_lstm_model.pth
[2026-06-19T11:22:20.726+0000] {processor.py:841} WARNING - No viable dags retrieved from /opt/airflow/dags/models/BTC_s1_n10_lstm_model.pth
[2026-06-19T11:22:20.743+0000] {processor.py:179} INFO - Processing /opt/airflow/dags/models/BTC_s1_n10_lstm_model.pth took 0.033 seconds
[2026-06-19T11:22:51.547+0000] {processor.py:157} INFO - Started process (PID=8822) to work on /opt/airflow/dags/models/BTC_s1_n10_lstm_model.pth
[2026-06-19T11:22:51.549+0000] {processor.py:829} INFO - Processing file /opt/airflow/dags/models/BTC_s1_n10_lstm_model.pth for tasks to queue
[2026-06-19T11:22:51.550+0000] {logging_mixin.py:151} INFO - [2026-06-19T11:22:51.550+0000] {dagbag.py:539} INFO - Filling up the DagBag from /opt/airflow/dags/models/BTC_s1_n10_lstm_model.pth
[2026-06-19T11:22:51.558+0000] {processor.py:841} WARNING - No viable dags retrieved from /opt/airflow/dags/models/BTC_s1_n10_lstm_model.pth
[2026-06-19T11:22:51.574+0000] {processor.py:179} INFO - Processing /opt/airflow/dags/models/BTC_s1_n10_lstm_model.pth took 0.029 seconds
[2026-06-19T11:23:22.102+0000] {processor.py:157} INFO - Started process (PID=8846) to work on /opt/airflow/dags/models/BTC_s1_n10_lstm_model.pth
[2026-06-19T11:23:22.103+0000] {processor.py:829} INFO - Processing file /opt/airflow/dags/models/BTC_s1_n10_lstm_model.pth for tasks to queue
[2026-06-19T11:23:22.104+0000] {logging_mixin.py:151} INFO - [2026-06-19T11:23:22.104+0000] {dagbag.py:539} INFO - Filling up the DagBag from /opt/airflow/dags/models/BTC_s1_n10_lstm_model.pth
[2026-06-19T11:23:22.113+0000] {processor.py:841} WARNING - No viable dags retrieved from /opt/airflow/dags/models/BTC_s1_n10_lstm_model.pth
[2026-06-19T11:23:22.127+0000] {processor.py:179} INFO - Processing /opt/airflow/dags/models/BTC_s1_n10_lstm_model.pth took 0.028 seconds
[2026-06-19T11:23:52.220+0000] {processor.py:157} INFO - Started process (PID=8876) to work on /opt/airflow/dags/models/BTC_s1_n10_lstm_model.pth
[2026-06-19T11:23:52.221+0000] {processor.py:829} INFO - Processing file /opt/airflow/dags/models/BTC_s1_n10_lstm_model.pth for tasks to queue
[2026-06-19T11:23:52.222+0000] {logging_mixin.py:151} INFO - [2026-06-19T11:23:52.222+0000] {dagbag.py:539} INFO - Filling up the DagBag from /opt/airflow/dags/models/BTC_s1_n10_lstm_model.pth
[2026-06-19T11:23:52.230+0000] {processor.py:841} WARNING - No viable dags retrieved from /opt/airflow/dags/models/BTC_s1_n10_lstm_model.pth
[2026-06-19T11:23:52.244+0000] {processor.py:179} INFO - Processing /opt/airflow/dags/models/BTC_s1_n10_lstm_model.pth took 0.027 seconds
[2026-06-19T11:24:22.299+0000] {processor.py:157} INFO - Started process (PID=8909) to work on /opt/airflow/dags/models/BTC_s1_n10_lstm_model.pth
[2026-06-19T11:24:22.301+0000] {processor.py:829} INFO - Processing file /opt/airflow/dags/models/BTC_s1_n10_lstm_model.pth for tasks to queue
[2026-06-19T11:24:22.302+0000] {logging_mixin.py:151} INFO - [2026-06-19T11:24:22.301+0000] {dagbag.py:539} INFO - Filling up the DagBag from /opt/airflow/dags/models/BTC_s1_n10_lstm_model.pth
[2026-06-19T11:24:22.310+0000] {processor.py:841} WARNING - No viable dags retrieved from /opt/airflow/dags/models/BTC_s1_n10_lstm_model.pth
[2026-06-19T11:24:22.324+0000] {processor.py:179} INFO - Processing /opt/airflow/dags/models/BTC_s1_n10_lstm_model.pth took 0.029 seconds
[2026-06-19T11:24:52.743+0000] {processor.py:157} INFO - Started process (PID=8942) to work on /opt/airflow/dags/models/BTC_s1_n10_lstm_model.pth
[2026-06-19T11:24:52.744+0000] {processor.py:829} INFO - Processing file /opt/airflow/dags/models/BTC_s1_n10_lstm_model.pth for tasks to queue
[2026-06-19T11:24:52.745+0000] {logging_mixin.py:151} INFO - [2026-06-19T11:24:52.745+0000] {dagbag.py:539} INFO - Filling up the DagBag from /opt/airflow/dags/models/BTC_s1_n10_lstm_model.pth
[2026-06-19T11:24:52.753+0000] {processor.py:841} WARNING - No viable dags retrieved from /opt/airflow/dags/models/BTC_s1_n10_lstm_model.pth
[2026-06-19T11:24:52.768+0000] {processor.py:179} INFO - Processing /opt/airflow/dags/models/BTC_s1_n10_lstm_model.pth took 0.029 seconds
[2026-06-19T11:25:22.826+0000] {processor.py:157} INFO - Started process (PID=8975) to work on /opt/airflow/dags/models/BTC_s1_n10_lstm_model.pth
[2026-06-19T11:25:22.827+0000] {processor.py:829} INFO - Processing file /opt/airflow/dags/models/BTC_s1_n10_lstm_model.pth for tasks to queue
[2026-06-19T11:25:22.828+0000] {logging_mixin.py:151} INFO - [2026-06-19T11:25:22.828+0000] {dagbag.py:539} INFO - Filling up the DagBag from /opt/airflow/dags/models/BTC_s1_n10_lstm_model.pth
[2026-06-19T11:25:22.836+0000] {processor.py:841} WARNING - No viable dags retrieved from /opt/airflow/dags/models/BTC_s1_n10_lstm_model.pth
[2026-06-19T11:25:22.852+0000] {processor.py:179} INFO - Processing /opt/airflow/dags/models/BTC_s1_n10_lstm_model.pth took 0.030 seconds
[2026-06-19T11:25:53.183+0000] {processor.py:157} INFO - Started process (PID=9008) to work on /opt/airflow/dags/models/BTC_s1_n10_lstm_model.pth
[2026-06-19T11:25:53.184+0000] {processor.py:829} INFO - Processing file /opt/airflow/dags/models/BTC_s1_n10_lstm_model.pth for tasks to queue
[2026-06-19T11:25:53.185+0000] {logging_mixin.py:151} INFO - [2026-06-19T11:25:53.185+0000] {dagbag.py:539} INFO - Filling up the DagBag from /opt/airflow/dags/models/BTC_s1_n10_lstm_model.pth
[2026-06-19T11:25:53.193+0000] {processor.py:841} WARNING - No viable dags retrieved from /opt/airflow/dags/models/BTC_s1_n10_lstm_model.pth
[2026-06-19T11:25:53.211+0000] {processor.py:179} INFO - Processing /opt/airflow/dags/models/BTC_s1_n10_lstm_model.pth took 0.031 seconds
[2026-06-19T11:26:23.302+0000] {processor.py:157} INFO - Started process (PID=9041) to work on /opt/airflow/dags/models/BTC_s1_n10_lstm_model.pth
[2026-06-19T11:26:23.303+0000] {processor.py:829} INFO - Processing file /opt/airflow/dags/models/BTC_s1_n10_lstm_model.pth for tasks to queue
[2026-06-19T11:26:23.304+0000] {logging_mixin.py:151} INFO - [2026-06-19T11:26:23.304+0000] {dagbag.py:539} INFO - Filling up the DagBag from /opt/airflow/dags/models/BTC_s1_n10_lstm_model.pth
[2026-06-19T11:26:23.312+0000] {processor.py:841} WARNING - No viable dags retrieved from /opt/airflow/dags/models/BTC_s1_n10_lstm_model.pth
[2026-06-19T11:26:23.327+0000] {processor.py:179} INFO - Processing /opt/airflow/dags/models/BTC_s1_n10_lstm_model.pth took 0.030 seconds
[2026-06-19T11:26:53.809+0000] {processor.py:157} INFO - Started process (PID=9075) to work on /opt/airflow/dags/models/BTC_s1_n10_lstm_model.pth
[2026-06-19T11:26:53.810+0000] {processor.py:829} INFO - Processing file /opt/airflow/dags/models/BTC_s1_n10_lstm_model.pth for tasks to queue
[2026-06-19T11:26:53.811+0000] {logging_mixin.py:151} INFO - [2026-06-19T11:26:53.811+0000] {dagbag.py:539} INFO - Filling up the DagBag from /opt/airflow/dags/models/BTC_s1_n10_lstm_model.pth
[2026-06-19T11:26:53.819+0000] {processor.py:841} WARNING - No viable dags retrieved from /opt/airflow/dags/models/BTC_s1_n10_lstm_model.pth
[2026-06-19T11:26:53.834+0000] {processor.py:179} INFO - Processing /opt/airflow/dags/models/BTC_s1_n10_lstm_model.pth took 0.028 seconds
[2026-06-19T11:27:24.118+0000] {processor.py:157} INFO - Started process (PID=9108) to work on /opt/airflow/dags/models/BTC_s1_n10_lstm_model.pth
[2026-06-19T11:27:24.119+0000] {processor.py:829} INFO - Processing file /opt/airflow/dags/models/BTC_s1_n10_lstm_model.pth for tasks to queue
[2026-06-19T11:27:24.120+0000] {logging_mixin.py:151} INFO - [2026-06-19T11:27:24.120+0000] {dagbag.py:539} INFO - Filling up the DagBag from /opt/airflow/dags/models/BTC_s1_n10_lstm_model.pth
[2026-06-19T11:27:24.128+0000] {processor.py:841} WARNING - No viable dags retrieved from /opt/airflow/dags/models/BTC_s1_n10_lstm_model.pth
[2026-06-19T11:27:24.143+0000] {processor.py:179} INFO - Processing /opt/airflow/dags/models/BTC_s1_n10_lstm_model.pth took 0.028 seconds
[2026-06-19T11:27:54.296+0000] {processor.py:157} INFO - Started process (PID=9141) to work on /opt/airflow/dags/models/BTC_s1_n10_lstm_model.pth
[2026-06-19T11:27:54.297+0000] {processor.py:829} INFO - Processing file /opt/airflow/dags/models/BTC_s1_n10_lstm_model.pth for tasks to queue
[2026-06-19T11:27:54.298+0000] {logging_mixin.py:151} INFO - [2026-06-19T11:27:54.298+0000] {dagbag.py:539} INFO - Filling up the DagBag from /opt/airflow/dags/models/BTC_s1_n10_lstm_model.pth
[2026-06-19T11:27:54.307+0000] {processor.py:841} WARNING - No viable dags retrieved from /opt/airflow/dags/models/BTC_s1_n10_lstm_model.pth
[2026-06-19T11:27:54.323+0000] {processor.py:179} INFO - Processing /opt/airflow/dags/models/BTC_s1_n10_lstm_model.pth took 0.030 seconds
[2026-06-19T11:28:25.297+0000] {processor.py:157} INFO - Started process (PID=9171) to work on /opt/airflow/dags/models/BTC_s1_n10_lstm_model.pth
[2026-06-19T11:28:25.299+0000] {processor.py:829} INFO - Processing file /opt/airflow/dags/models/BTC_s1_n10_lstm_model.pth for tasks to queue
[2026-06-19T11:28:25.301+0000] {logging_mixin.py:151} INFO - [2026-06-19T11:28:25.300+0000] {dagbag.py:539} INFO - Filling up the DagBag from /opt/airflow/dags/models/BTC_s1_n10_lstm_model.pth
[2026-06-19T11:28:25.309+0000] {processor.py:841} WARNING - No viable dags retrieved from /opt/airflow/dags/models/BTC_s1_n10_lstm_model.pth
[2026-06-19T11:28:25.325+0000] {processor.py:179} INFO - Processing /opt/airflow/dags/models/BTC_s1_n10_lstm_model.pth took 0.031 seconds
[2026-06-19T11:28:57.288+0000] {processor.py:157} INFO - Started process (PID=9198) to work on /opt/airflow/dags/models/BTC_s1_n10_lstm_model.pth
[2026-06-19T11:28:57.290+0000] {processor.py:829} INFO - Processing file /opt/airflow/dags/models/BTC_s1_n10_lstm_model.pth for tasks to queue
[2026-06-19T11:28:57.291+0000] {logging_mixin.py:151} INFO - [2026-06-19T11:28:57.290+0000] {dagbag.py:539} INFO - Filling up the DagBag from /opt/airflow/dags/models/BTC_s1_n10_lstm_model.pth
[2026-06-19T11:28:57.301+0000] {processor.py:841} WARNING - No viable dags retrieved from /opt/airflow/dags/models/BTC_s1_n10_lstm_model.pth
[2026-06-19T11:28:57.318+0000] {processor.py:179} INFO - Processing /opt/airflow/dags/models/BTC_s1_n10_lstm_model.pth took 0.034 seconds
[2026-06-19T11:29:27.601+0000] {processor.py:157} INFO - Started process (PID=9223) to work on /opt/airflow/dags/models/BTC_s1_n10_lstm_model.pth
[2026-06-19T11:29:27.603+0000] {processor.py:829} INFO - Processing file /opt/airflow/dags/models/BTC_s1_n10_lstm_model.pth for tasks to queue
[2026-06-19T11:29:27.604+0000] {logging_mixin.py:151} INFO - [2026-06-19T11:29:27.604+0000] {dagbag.py:539} INFO - Filling up the DagBag from /opt/airflow/dags/models/BTC_s1_n10_lstm_model.pth
[2026-06-19T11:29:27.613+0000] {processor.py:841} WARNING - No viable dags retrieved from /opt/airflow/dags/models/BTC_s1_n10_lstm_model.pth
[2026-06-19T11:29:27.628+0000] {processor.py:179} INFO - Processing /opt/airflow/dags/models/BTC_s1_n10_lstm_model.pth took 0.031 seconds
[2026-06-19T11:29:57.816+0000] {processor.py:157} INFO - Started process (PID=9252) to work on /opt/airflow/dags/models/BTC_s1_n10_lstm_model.pth
[2026-06-19T11:29:57.817+0000] {processor.py:829} INFO - Processing file /opt/airflow/dags/models/BTC_s1_n10_lstm_model.pth for tasks to queue
[2026-06-19T11:29:57.818+0000] {logging_mixin.py:151} INFO - [2026-06-19T11:29:57.818+0000] {dagbag.py:539} INFO - Filling up the DagBag from /opt/airflow/dags/models/BTC_s1_n10_lstm_model.pth
[2026-06-19T11:29:57.826+0000] {processor.py:841} WARNING - No viable dags retrieved from /opt/airflow/dags/models/BTC_s1_n10_lstm_model.pth
[2026-06-19T11:29:57.840+0000] {processor.py:179} INFO - Processing /opt/airflow/dags/models/BTC_s1_n10_lstm_model.pth took 0.027 seconds
[2026-06-19T11:30:28.544+0000] {processor.py:157} INFO - Started process (PID=9285) to work on /opt/airflow/dags/models/BTC_s1_n10_lstm_model.pth
[2026-06-19T11:30:28.545+0000] {processor.py:829} INFO - Processing file /opt/airflow/dags/models/BTC_s1_n10_lstm_model.pth for tasks to queue
[2026-06-19T11:30:28.546+0000] {logging_mixin.py:151} INFO - [2026-06-19T11:30:28.546+0000] {dagbag.py:539} INFO - Filling up the DagBag from /opt/airflow/dags/models/BTC_s1_n10_lstm_model.pth
[2026-06-19T11:30:28.553+0000] {processor.py:841} WARNING - No viable dags retrieved from /opt/airflow/dags/models/BTC_s1_n10_lstm_model.pth
[2026-06-19T11:30:28.570+0000] {processor.py:179} INFO - Processing /opt/airflow/dags/models/BTC_s1_n10_lstm_model.pth took 0.030 seconds
[2026-06-19T11:30:58.779+0000] {processor.py:157} INFO - Started process (PID=9318) to work on /opt/airflow/dags/models/BTC_s1_n10_lstm_model.pth
[2026-06-19T11:30:58.781+0000] {processor.py:829} INFO - Processing file /opt/airflow/dags/models/BTC_s1_n10_lstm_model.pth for tasks to queue
[2026-06-19T11:30:58.782+0000] {logging_mixin.py:151} INFO - [2026-06-19T11:30:58.781+0000] {dagbag.py:539} INFO - Filling up the DagBag from /opt/airflow/dags/models/BTC_s1_n10_lstm_model.pth
[2026-06-19T11:30:58.790+0000] {processor.py:841} WARNING - No viable dags retrieved from /opt/airflow/dags/models/BTC_s1_n10_lstm_model.pth
[2026-06-19T11:30:58.805+0000] {processor.py:179} INFO - Processing /opt/airflow/dags/models/BTC_s1_n10_lstm_model.pth took 0.030 seconds
[2026-06-19T11:31:29.469+0000] {processor.py:157} INFO - Started process (PID=9351) to work on /opt/airflow/dags/models/BTC_s1_n10_lstm_model.pth
[2026-06-19T11:31:29.471+0000] {processor.py:829} INFO - Processing file /opt/airflow/dags/models/BTC_s1_n10_lstm_model.pth for tasks to queue
[2026-06-19T11:31:29.471+0000] {logging_mixin.py:151} INFO - [2026-06-19T11:31:29.471+0000] {dagbag.py:539} INFO - Filling up the DagBag from /opt/airflow/dags/models/BTC_s1_n10_lstm_model.pth
[2026-06-19T11:31:29.479+0000] {processor.py:841} WARNING - No viable dags retrieved from /opt/airflow/dags/models/BTC_s1_n10_lstm_model.pth
[2026-06-19T11:31:29.493+0000] {processor.py:179} INFO - Processing /opt/airflow/dags/models/BTC_s1_n10_lstm_model.pth took 0.027 seconds
[2026-06-19T11:32:00.218+0000] {processor.py:157} INFO - Started process (PID=9384) to work on /opt/airflow/dags/models/BTC_s1_n10_lstm_model.pth
[2026-06-19T11:32:00.219+0000] {processor.py:829} INFO - Processing file /opt/airflow/dags/models/BTC_s1_n10_lstm_model.pth for tasks to queue
[2026-06-19T11:32:00.220+0000] {logging_mixin.py:151} INFO - [2026-06-19T11:32:00.220+0000] {dagbag.py:539} INFO - Filling up the DagBag from /opt/airflow/dags/models/BTC_s1_n10_lstm_model.pth
[2026-06-19T11:32:00.228+0000] {processor.py:841} WARNING - No viable dags retrieved from /opt/airflow/dags/models/BTC_s1_n10_lstm_model.pth
[2026-06-19T11:32:00.243+0000] {processor.py:179} INFO - Processing /opt/airflow/dags/models/BTC_s1_n10_lstm_model.pth took 0.029 seconds
[2026-06-19T11:32:30.977+0000] {processor.py:157} INFO - Started process (PID=9417) to work on /opt/airflow/dags/models/BTC_s1_n10_lstm_model.pth
[2026-06-19T11:32:30.979+0000] {processor.py:829} INFO - Processing file /opt/airflow/dags/models/BTC_s1_n10_lstm_model.pth for tasks to queue
[2026-06-19T11:32:30.980+0000] {logging_mixin.py:151} INFO - [2026-06-19T11:32:30.980+0000] {dagbag.py:539} INFO - Filling up the DagBag from /opt/airflow/dags/models/BTC_s1_n10_lstm_model.pth
[2026-06-19T11:32:30.989+0000] {processor.py:841} WARNING - No viable dags retrieved from /opt/airflow/dags/models/BTC_s1_n10_lstm_model.pth
[2026-06-19T11:32:31.007+0000] {processor.py:179} INFO - Processing /opt/airflow/dags/models/BTC_s1_n10_lstm_model.pth took 0.034 seconds
[2026-06-19T11:33:01.743+0000] {processor.py:157} INFO - Started process (PID=9450) to work on /opt/airflow/dags/models/BTC_s1_n10_lstm_model.pth
[2026-06-19T11:33:01.745+0000] {processor.py:829} INFO - Processing file /opt/airflow/dags/models/BTC_s1_n10_lstm_model.pth for tasks to queue
[2026-06-19T11:33:01.746+0000] {logging_mixin.py:151} INFO - [2026-06-19T11:33:01.746+0000] {dagbag.py:539} INFO - Filling up the DagBag from /opt/airflow/dags/models/BTC_s1_n10_lstm_model.pth
[2026-06-19T11:33:01.754+0000] {processor.py:841} WARNING - No viable dags retrieved from /opt/airflow/dags/models/BTC_s1_n10_lstm_model.pth
[2026-06-19T11:33:01.768+0000] {processor.py:179} INFO - Processing /opt/airflow/dags/models/BTC_s1_n10_lstm_model.pth took 0.028 seconds
[2026-06-19T11:33:31.871+0000] {processor.py:157} INFO - Started process (PID=9483) to work on /opt/airflow/dags/models/BTC_s1_n10_lstm_model.pth
[2026-06-19T11:33:31.873+0000] {processor.py:829} INFO - Processing file /opt/airflow/dags/models/BTC_s1_n10_lstm_model.pth for tasks to queue
[2026-06-19T11:33:31.874+0000] {logging_mixin.py:151} INFO - [2026-06-19T11:33:31.874+0000] {dagbag.py:539} INFO - Filling up the DagBag from /opt/airflow/dags/models/BTC_s1_n10_lstm_model.pth
[2026-06-19T11:33:31.882+0000] {processor.py:841} WARNING - No viable dags retrieved from /opt/airflow/dags/models/BTC_s1_n10_lstm_model.pth
[2026-06-19T11:33:31.901+0000] {processor.py:179} INFO - Processing /opt/airflow/dags/models/BTC_s1_n10_lstm_model.pth took 0.034 seconds
[2026-06-19T11:34:02.168+0000] {processor.py:157} INFO - Started process (PID=9516) to work on /opt/airflow/dags/models/BTC_s1_n10_lstm_model.pth
[2026-06-19T11:34:02.170+0000] {processor.py:829} INFO - Processing file /opt/airflow/dags/models/BTC_s1_n10_lstm_model.pth for tasks to queue
[2026-06-19T11:34:02.171+0000] {logging_mixin.py:151} INFO - [2026-06-19T11:34:02.170+0000] {dagbag.py:539} INFO - Filling up the DagBag from /opt/airflow/dags/models/BTC_s1_n10_lstm_model.pth
[2026-06-19T11:34:02.178+0000] {processor.py:841} WARNING - No viable dags retrieved from /opt/airflow/dags/models/BTC_s1_n10_lstm_model.pth
[2026-06-19T11:34:02.193+0000] {processor.py:179} INFO - Processing /opt/airflow/dags/models/BTC_s1_n10_lstm_model.pth took 0.028 seconds
[2026-06-19T11:34:32.583+0000] {processor.py:157} INFO - Started process (PID=9549) to work on /opt/airflow/dags/models/BTC_s1_n10_lstm_model.pth
[2026-06-19T11:34:32.584+0000] {processor.py:829} INFO - Processing file /opt/airflow/dags/models/BTC_s1_n10_lstm_model.pth for tasks to queue
[2026-06-19T11:34:32.585+0000] {logging_mixin.py:151} INFO - [2026-06-19T11:34:32.585+0000] {dagbag.py:539} INFO - Filling up the DagBag from /opt/airflow/dags/models/BTC_s1_n10_lstm_model.pth
[2026-06-19T11:34:32.593+0000] {processor.py:841} WARNING - No viable dags retrieved from /opt/airflow/dags/models/BTC_s1_n10_lstm_model.pth
[2026-06-19T11:34:32.607+0000] {processor.py:179} INFO - Processing /opt/airflow/dags/models/BTC_s1_n10_lstm_model.pth took 0.028 seconds
[2026-06-19T11:35:03.764+0000] {processor.py:157} INFO - Started process (PID=9579) to work on /opt/airflow/dags/models/BTC_s1_n10_lstm_model.pth
[2026-06-19T11:35:03.766+0000] {processor.py:829} INFO - Processing file /opt/airflow/dags/models/BTC_s1_n10_lstm_model.pth for tasks to queue
[2026-06-19T11:35:03.767+0000] {logging_mixin.py:151} INFO - [2026-06-19T11:35:03.767+0000] {dagbag.py:539} INFO - Filling up the DagBag from /opt/airflow/dags/models/BTC_s1_n10_lstm_model.pth
[2026-06-19T11:35:03.779+0000] {processor.py:841} WARNING - No viable dags retrieved from /opt/airflow/dags/models/BTC_s1_n10_lstm_model.pth
[2026-06-19T11:35:03.799+0000] {processor.py:179} INFO - Processing /opt/airflow/dags/models/BTC_s1_n10_lstm_model.pth took 0.039 seconds
[2026-06-19T11:35:34.060+0000] {processor.py:157} INFO - Started process (PID=9604) to work on /opt/airflow/dags/models/BTC_s1_n10_lstm_model.pth
[2026-06-19T11:35:34.062+0000] {processor.py:829} INFO - Processing file /opt/airflow/dags/models/BTC_s1_n10_lstm_model.pth for tasks to queue
[2026-06-19T11:35:34.063+0000] {logging_mixin.py:151} INFO - [2026-06-19T11:35:34.063+0000] {dagbag.py:539} INFO - Filling up the DagBag from /opt/airflow/dags/models/BTC_s1_n10_lstm_model.pth
[2026-06-19T11:35:34.078+0000] {processor.py:841} WARNING - No viable dags retrieved from /opt/airflow/dags/models/BTC_s1_n10_lstm_model.pth
[2026-06-19T11:35:34.099+0000] {processor.py:179} INFO - Processing /opt/airflow/dags/models/BTC_s1_n10_lstm_model.pth took 0.042 seconds
[2026-06-19T11:36:04.442+0000] {processor.py:157} INFO - Started process (PID=9631) to work on /opt/airflow/dags/models/BTC_s1_n10_lstm_model.pth
[2026-06-19T11:36:04.448+0000] {processor.py:829} INFO - Processing file /opt/airflow/dags/models/BTC_s1_n10_lstm_model.pth for tasks to queue
[2026-06-19T11:36:04.450+0000] {logging_mixin.py:151} INFO - [2026-06-19T11:36:04.450+0000] {dagbag.py:539} INFO - Filling up the DagBag from /opt/airflow/dags/models/BTC_s1_n10_lstm_model.pth
[2026-06-19T11:36:04.467+0000] {processor.py:841} WARNING - No viable dags retrieved from /opt/airflow/dags/models/BTC_s1_n10_lstm_model.pth
[2026-06-19T11:36:04.489+0000] {processor.py:179} INFO - Processing /opt/airflow/dags/models/BTC_s1_n10_lstm_model.pth took 0.056 seconds
[2026-06-19T11:36:34.665+0000] {processor.py:157} INFO - Started process (PID=9660) to work on /opt/airflow/dags/models/BTC_s1_n10_lstm_model.pth
[2026-06-19T11:36:34.667+0000] {processor.py:829} INFO - Processing file /opt/airflow/dags/models/BTC_s1_n10_lstm_model.pth for tasks to queue
[2026-06-19T11:36:34.667+0000] {logging_mixin.py:151} INFO - [2026-06-19T11:36:34.667+0000] {dagbag.py:539} INFO - Filling up the DagBag from /opt/airflow/dags/models/BTC_s1_n10_lstm_model.pth
[2026-06-19T11:36:34.675+0000] {processor.py:841} WARNING - No viable dags retrieved from /opt/airflow/dags/models/BTC_s1_n10_lstm_model.pth
[2026-06-19T11:36:34.688+0000] {processor.py:179} INFO - Processing /opt/airflow/dags/models/BTC_s1_n10_lstm_model.pth took 0.026 seconds
[2026-06-19T11:37:05.079+0000] {processor.py:157} INFO - Started process (PID=9693) to work on /opt/airflow/dags/models/BTC_s1_n10_lstm_model.pth
[2026-06-19T11:37:05.080+0000] {processor.py:829} INFO - Processing file /opt/airflow/dags/models/BTC_s1_n10_lstm_model.pth for tasks to queue
[2026-06-19T11:37:05.081+0000] {logging_mixin.py:151} INFO - [2026-06-19T11:37:05.081+0000] {dagbag.py:539} INFO - Filling up the DagBag from /opt/airflow/dags/models/BTC_s1_n10_lstm_model.pth
[2026-06-19T11:37:05.090+0000] {processor.py:841} WARNING - No viable dags retrieved from /opt/airflow/dags/models/BTC_s1_n10_lstm_model.pth
[2026-06-19T11:37:05.107+0000] {processor.py:179} INFO - Processing /opt/airflow/dags/models/BTC_s1_n10_lstm_model.pth took 0.031 seconds
[2026-06-19T11:37:35.284+0000] {processor.py:157} INFO - Started process (PID=9726) to work on /opt/airflow/dags/models/BTC_s1_n10_lstm_model.pth
[2026-06-19T11:37:35.285+0000] {processor.py:829} INFO - Processing file /opt/airflow/dags/models/BTC_s1_n10_lstm_model.pth for tasks to queue
[2026-06-19T11:37:35.286+0000] {logging_mixin.py:151} INFO - [2026-06-19T11:37:35.286+0000] {dagbag.py:539} INFO - Filling up the DagBag from /opt/airflow/dags/models/BTC_s1_n10_lstm_model.pth
[2026-06-19T11:37:35.294+0000] {processor.py:841} WARNING - No viable dags retrieved from /opt/airflow/dags/models/BTC_s1_n10_lstm_model.pth
[2026-06-19T11:37:35.313+0000] {processor.py:179} INFO - Processing /opt/airflow/dags/models/BTC_s1_n10_lstm_model.pth took 0.034 seconds
[2026-06-19T11:38:05.562+0000] {processor.py:157} INFO - Started process (PID=9759) to work on /opt/airflow/dags/models/BTC_s1_n10_lstm_model.pth
[2026-06-19T11:38:05.566+0000] {processor.py:829} INFO - Processing file /opt/airflow/dags/models/BTC_s1_n10_lstm_model.pth for tasks to queue
[2026-06-19T11:38:05.570+0000] {logging_mixin.py:151} INFO - [2026-06-19T11:38:05.569+0000] {dagbag.py:539} INFO - Filling up the DagBag from /opt/airflow/dags/models/BTC_s1_n10_lstm_model.pth
[2026-06-19T11:38:05.592+0000] {processor.py:841} WARNING - No viable dags retrieved from /opt/airflow/dags/models/BTC_s1_n10_lstm_model.pth
[2026-06-19T11:38:05.606+0000] {processor.py:179} INFO - Processing /opt/airflow/dags/models/BTC_s1_n10_lstm_model.pth took 0.048 seconds
[2026-06-19T11:38:35.858+0000] {processor.py:157} INFO - Started process (PID=9792) to work on /opt/airflow/dags/models/BTC_s1_n10_lstm_model.pth
[2026-06-19T11:38:35.860+0000] {processor.py:829} INFO - Processing file /opt/airflow/dags/models/BTC_s1_n10_lstm_model.pth for tasks to queue
[2026-06-19T11:38:35.861+0000] {logging_mixin.py:151} INFO - [2026-06-19T11:38:35.861+0000] {dagbag.py:539} INFO - Filling up the DagBag from /opt/airflow/dags/models/BTC_s1_n10_lstm_model.pth
[2026-06-19T11:38:35.872+0000] {processor.py:841} WARNING - No viable dags retrieved from /opt/airflow/dags/models/BTC_s1_n10_lstm_model.pth
[2026-06-19T11:38:35.894+0000] {processor.py:179} INFO - Processing /opt/airflow/dags/models/BTC_s1_n10_lstm_model.pth took 0.047 seconds
[2026-06-19T11:39:06.025+0000] {processor.py:157} INFO - Started process (PID=9825) to work on /opt/airflow/dags/models/BTC_s1_n10_lstm_model.pth
[2026-06-19T11:39:06.027+0000] {processor.py:829} INFO - Processing file /opt/airflow/dags/models/BTC_s1_n10_lstm_model.pth for tasks to queue
[2026-06-19T11:39:06.027+0000] {logging_mixin.py:151} INFO - [2026-06-19T11:39:06.027+0000] {dagbag.py:539} INFO - Filling up the DagBag from /opt/airflow/dags/models/BTC_s1_n10_lstm_model.pth
[2026-06-19T11:39:06.038+0000] {processor.py:841} WARNING - No viable dags retrieved from /opt/airflow/dags/models/BTC_s1_n10_lstm_model.pth
[2026-06-19T11:39:06.052+0000] {processor.py:179} INFO - Processing /opt/airflow/dags/models/BTC_s1_n10_lstm_model.pth took 0.030 seconds
[2026-06-19T11:39:36.264+0000] {processor.py:157} INFO - Started process (PID=9858) to work on /opt/airflow/dags/models/BTC_s1_n10_lstm_model.pth
[2026-06-19T11:39:36.266+0000] {processor.py:829} INFO - Processing file /opt/airflow/dags/models/BTC_s1_n10_lstm_model.pth for tasks to queue
[2026-06-19T11:39:36.267+0000] {logging_mixin.py:151} INFO - [2026-06-19T11:39:36.267+0000] {dagbag.py:539} INFO - Filling up the DagBag from /opt/airflow/dags/models/BTC_s1_n10_lstm_model.pth
[2026-06-19T11:39:36.284+0000] {processor.py:841} WARNING - No viable dags retrieved from /opt/airflow/dags/models/BTC_s1_n10_lstm_model.pth
[2026-06-19T11:39:36.318+0000] {processor.py:179} INFO - Processing /opt/airflow/dags/models/BTC_s1_n10_lstm_model.pth took 0.061 seconds
[2026-06-19T11:40:07.199+0000] {processor.py:157} INFO - Started process (PID=9891) to work on /opt/airflow/dags/models/BTC_s1_n10_lstm_model.pth
[2026-06-19T11:40:07.200+0000] {processor.py:829} INFO - Processing file /opt/airflow/dags/models/BTC_s1_n10_lstm_model.pth for tasks to queue
[2026-06-19T11:40:07.201+0000] {logging_mixin.py:151} INFO - [2026-06-19T11:40:07.200+0000] {dagbag.py:539} INFO - Filling up the DagBag from /opt/airflow/dags/models/BTC_s1_n10_lstm_model.pth
[2026-06-19T11:40:07.207+0000] {processor.py:841} WARNING - No viable dags retrieved from /opt/airflow/dags/models/BTC_s1_n10_lstm_model.pth
[2026-06-19T11:40:07.220+0000] {processor.py:179} INFO - Processing /opt/airflow/dags/models/BTC_s1_n10_lstm_model.pth took 0.025 seconds
[2026-06-19T11:40:37.530+0000] {processor.py:157} INFO - Started process (PID=9924) to work on /opt/airflow/dags/models/BTC_s1_n10_lstm_model.pth
[2026-06-19T11:40:37.532+0000] {processor.py:829} INFO - Processing file /opt/airflow/dags/models/BTC_s1_n10_lstm_model.pth for tasks to queue
[2026-06-19T11:40:37.533+0000] {logging_mixin.py:151} INFO - [2026-06-19T11:40:37.532+0000] {dagbag.py:539} INFO - Filling up the DagBag from /opt/airflow/dags/models/BTC_s1_n10_lstm_model.pth
[2026-06-19T11:40:37.540+0000] {processor.py:841} WARNING - No viable dags retrieved from /opt/airflow/dags/models/BTC_s1_n10_lstm_model.pth
[2026-06-19T11:40:37.554+0000] {processor.py:179} INFO - Processing /opt/airflow/dags/models/BTC_s1_n10_lstm_model.pth took 0.027 seconds
[2026-06-19T11:41:08.385+0000] {processor.py:157} INFO - Started process (PID=9962) to work on /opt/airflow/dags/models/BTC_s1_n10_lstm_model.pth
[2026-06-19T11:41:08.387+0000] {processor.py:829} INFO - Processing file /opt/airflow/dags/models/BTC_s1_n10_lstm_model.pth for tasks to queue
[2026-06-19T11:41:08.388+0000] {logging_mixin.py:151} INFO - [2026-06-19T11:41:08.388+0000] {dagbag.py:539} INFO - Filling up the DagBag from /opt/airflow/dags/models/BTC_s1_n10_lstm_model.pth
[2026-06-19T11:41:08.397+0000] {processor.py:841} WARNING - No viable dags retrieved from /opt/airflow/dags/models/BTC_s1_n10_lstm_model.pth
[2026-06-19T11:41:08.414+0000] {processor.py:179} INFO - Processing /opt/airflow/dags/models/BTC_s1_n10_lstm_model.pth took 0.033 seconds
[2026-06-19T11:41:38.558+0000] {processor.py:157} INFO - Started process (PID=9987) to work on /opt/airflow/dags/models/BTC_s1_n10_lstm_model.pth
[2026-06-19T11:41:38.560+0000] {processor.py:829} INFO - Processing file /opt/airflow/dags/models/BTC_s1_n10_lstm_model.pth for tasks to queue
[2026-06-19T11:41:38.561+0000] {logging_mixin.py:151} INFO - [2026-06-19T11:41:38.560+0000] {dagbag.py:539} INFO - Filling up the DagBag from /opt/airflow/dags/models/BTC_s1_n10_lstm_model.pth
[2026-06-19T11:41:38.569+0000] {processor.py:841} WARNING - No viable dags retrieved from /opt/airflow/dags/models/BTC_s1_n10_lstm_model.pth
[2026-06-19T11:41:38.585+0000] {processor.py:179} INFO - Processing /opt/airflow/dags/models/BTC_s1_n10_lstm_model.pth took 0.031 seconds
[2026-06-19T11:42:08.837+0000] {processor.py:157} INFO - Started process (PID=10013) to work on /opt/airflow/dags/models/BTC_s1_n10_lstm_model.pth
[2026-06-19T11:42:08.839+0000] {processor.py:829} INFO - Processing file /opt/airflow/dags/models/BTC_s1_n10_lstm_model.pth for tasks to queue
[2026-06-19T11:42:08.840+0000] {logging_mixin.py:151} INFO - [2026-06-19T11:42:08.839+0000] {dagbag.py:539} INFO - Filling up the DagBag from /opt/airflow/dags/models/BTC_s1_n10_lstm_model.pth
[2026-06-19T11:42:08.847+0000] {processor.py:841} WARNING - No viable dags retrieved from /opt/airflow/dags/models/BTC_s1_n10_lstm_model.pth
[2026-06-19T11:42:08.863+0000] {processor.py:179} INFO - Processing /opt/airflow/dags/models/BTC_s1_n10_lstm_model.pth took 0.029 seconds
[2026-06-19T11:42:39.623+0000] {processor.py:157} INFO - Started process (PID=10043) to work on /opt/airflow/dags/models/BTC_s1_n10_lstm_model.pth
[2026-06-19T11:42:39.625+0000] {processor.py:829} INFO - Processing file /opt/airflow/dags/models/BTC_s1_n10_lstm_model.pth for tasks to queue
[2026-06-19T11:42:39.626+0000] {logging_mixin.py:151} INFO - [2026-06-19T11:42:39.625+0000] {dagbag.py:539} INFO - Filling up the DagBag from /opt/airflow/dags/models/BTC_s1_n10_lstm_model.pth
[2026-06-19T11:42:39.638+0000] {processor.py:841} WARNING - No viable dags retrieved from /opt/airflow/dags/models/BTC_s1_n10_lstm_model.pth
[2026-06-19T11:42:39.656+0000] {processor.py:179} INFO - Processing /opt/airflow/dags/models/BTC_s1_n10_lstm_model.pth took 0.037 seconds
[2026-06-19T11:43:10.583+0000] {processor.py:157} INFO - Started process (PID=10076) to work on /opt/airflow/dags/models/BTC_s1_n10_lstm_model.pth
[2026-06-19T11:43:10.584+0000] {processor.py:829} INFO - Processing file /opt/airflow/dags/models/BTC_s1_n10_lstm_model.pth for tasks to queue
[2026-06-19T11:43:10.586+0000] {logging_mixin.py:151} INFO - [2026-06-19T11:43:10.586+0000] {dagbag.py:539} INFO - Filling up the DagBag from /opt/airflow/dags/models/BTC_s1_n10_lstm_model.pth
[2026-06-19T11:43:10.595+0000] {processor.py:841} WARNING - No viable dags retrieved from /opt/airflow/dags/models/BTC_s1_n10_lstm_model.pth
[2026-06-19T11:43:10.611+0000] {processor.py:179} INFO - Processing /opt/airflow/dags/models/BTC_s1_n10_lstm_model.pth took 0.031 seconds
[2026-06-19T11:43:40.751+0000] {processor.py:157} INFO - Started process (PID=10109) to work on /opt/airflow/dags/models/BTC_s1_n10_lstm_model.pth
[2026-06-19T11:43:40.753+0000] {processor.py:829} INFO - Processing file /opt/airflow/dags/models/BTC_s1_n10_lstm_model.pth for tasks to queue
[2026-06-19T11:43:40.753+0000] {logging_mixin.py:151} INFO - [2026-06-19T11:43:40.753+0000] {dagbag.py:539} INFO - Filling up the DagBag from /opt/airflow/dags/models/BTC_s1_n10_lstm_model.pth
[2026-06-19T11:43:40.761+0000] {processor.py:841} WARNING - No viable dags retrieved from /opt/airflow/dags/models/BTC_s1_n10_lstm_model.pth
[2026-06-19T11:43:40.778+0000] {processor.py:179} INFO - Processing /opt/airflow/dags/models/BTC_s1_n10_lstm_model.pth took 0.031 seconds
[2026-06-19T11:44:11.144+0000] {processor.py:157} INFO - Started process (PID=10142) to work on /opt/airflow/dags/models/BTC_s1_n10_lstm_model.pth
[2026-06-19T11:44:11.146+0000] {processor.py:829} INFO - Processing file /opt/airflow/dags/models/BTC_s1_n10_lstm_model.pth for tasks to queue
[2026-06-19T11:44:11.146+0000] {logging_mixin.py:151} INFO - [2026-06-19T11:44:11.146+0000] {dagbag.py:539} INFO - Filling up the DagBag from /opt/airflow/dags/models/BTC_s1_n10_lstm_model.pth
[2026-06-19T11:44:11.155+0000] {processor.py:841} WARNING - No viable dags retrieved from /opt/airflow/dags/models/BTC_s1_n10_lstm_model.pth
[2026-06-19T11:44:11.172+0000] {processor.py:179} INFO - Processing /opt/airflow/dags/models/BTC_s1_n10_lstm_model.pth took 0.032 seconds
[2026-06-19T11:44:41.683+0000] {processor.py:157} INFO - Started process (PID=10175) to work on /opt/airflow/dags/models/BTC_s1_n10_lstm_model.pth
[2026-06-19T11:44:41.685+0000] {processor.py:829} INFO - Processing file /opt/airflow/dags/models/BTC_s1_n10_lstm_model.pth for tasks to queue
[2026-06-19T11:44:41.686+0000] {logging_mixin.py:151} INFO - [2026-06-19T11:44:41.685+0000] {dagbag.py:539} INFO - Filling up the DagBag from /opt/airflow/dags/models/BTC_s1_n10_lstm_model.pth
[2026-06-19T11:44:41.694+0000] {processor.py:841} WARNING - No viable dags retrieved from /opt/airflow/dags/models/BTC_s1_n10_lstm_model.pth
[2026-06-19T11:44:41.709+0000] {processor.py:179} INFO - Processing /opt/airflow/dags/models/BTC_s1_n10_lstm_model.pth took 0.029 seconds
[2026-06-19T11:45:12.069+0000] {processor.py:157} INFO - Started process (PID=10209) to work on /opt/airflow/dags/models/BTC_s1_n10_lstm_model.pth
[2026-06-19T11:45:12.070+0000] {processor.py:829} INFO - Processing file /opt/airflow/dags/models/BTC_s1_n10_lstm_model.pth for tasks to queue
[2026-06-19T11:45:12.072+0000] {logging_mixin.py:151} INFO - [2026-06-19T11:45:12.071+0000] {dagbag.py:539} INFO - Filling up the DagBag from /opt/airflow/dags/models/BTC_s1_n10_lstm_model.pth
[2026-06-19T11:45:12.081+0000] {processor.py:841} WARNING - No viable dags retrieved from /opt/airflow/dags/models/BTC_s1_n10_lstm_model.pth
[2026-06-19T11:45:12.099+0000] {processor.py:179} INFO - Processing /opt/airflow/dags/models/BTC_s1_n10_lstm_model.pth took 0.033 seconds
[2026-06-19T11:45:42.326+0000] {processor.py:157} INFO - Started process (PID=10242) to work on /opt/airflow/dags/models/BTC_s1_n10_lstm_model.pth
[2026-06-19T11:45:42.327+0000] {processor.py:829} INFO - Processing file /opt/airflow/dags/models/BTC_s1_n10_lstm_model.pth for tasks to queue
[2026-06-19T11:45:42.329+0000] {logging_mixin.py:151} INFO - [2026-06-19T11:45:42.328+0000] {dagbag.py:539} INFO - Filling up the DagBag from /opt/airflow/dags/models/BTC_s1_n10_lstm_model.pth
[2026-06-19T11:45:42.338+0000] {processor.py:841} WARNING - No viable dags retrieved from /opt/airflow/dags/models/BTC_s1_n10_lstm_model.pth
[2026-06-19T11:45:42.353+0000] {processor.py:179} INFO - Processing /opt/airflow/dags/models/BTC_s1_n10_lstm_model.pth took 0.031 seconds
[2026-06-19T11:46:12.629+0000] {processor.py:157} INFO - Started process (PID=10275) to work on /opt/airflow/dags/models/BTC_s1_n10_lstm_model.pth
[2026-06-19T11:46:12.631+0000] {processor.py:829} INFO - Processing file /opt/airflow/dags/models/BTC_s1_n10_lstm_model.pth for tasks to queue
[2026-06-19T11:46:12.632+0000] {logging_mixin.py:151} INFO - [2026-06-19T11:46:12.632+0000] {dagbag.py:539} INFO - Filling up the DagBag from /opt/airflow/dags/models/BTC_s1_n10_lstm_model.pth
[2026-06-19T11:46:12.642+0000] {processor.py:841} WARNING - No viable dags retrieved from /opt/airflow/dags/models/BTC_s1_n10_lstm_model.pth
[2026-06-19T11:46:12.658+0000] {processor.py:179} INFO - Processing /opt/airflow/dags/models/BTC_s1_n10_lstm_model.pth took 0.033 seconds
[2026-06-19T11:46:42.790+0000] {processor.py:157} INFO - Started process (PID=10308) to work on /opt/airflow/dags/models/BTC_s1_n10_lstm_model.pth
[2026-06-19T11:46:42.791+0000] {processor.py:829} INFO - Processing file /opt/airflow/dags/models/BTC_s1_n10_lstm_model.pth for tasks to queue
[2026-06-19T11:46:42.792+0000] {logging_mixin.py:151} INFO - [2026-06-19T11:46:42.792+0000] {dagbag.py:539} INFO - Filling up the DagBag from /opt/airflow/dags/models/BTC_s1_n10_lstm_model.pth
[2026-06-19T11:46:42.802+0000] {processor.py:841} WARNING - No viable dags retrieved from /opt/airflow/dags/models/BTC_s1_n10_lstm_model.pth
[2026-06-19T11:46:42.820+0000] {processor.py:179} INFO - Processing /opt/airflow/dags/models/BTC_s1_n10_lstm_model.pth took 0.035 seconds
[2026-06-19T11:47:13.488+0000] {processor.py:157} INFO - Started process (PID=10339) to work on /opt/airflow/dags/models/BTC_s1_n10_lstm_model.pth
[2026-06-19T11:47:13.490+0000] {processor.py:829} INFO - Processing file /opt/airflow/dags/models/BTC_s1_n10_lstm_model.pth for tasks to queue
[2026-06-19T11:47:13.491+0000] {logging_mixin.py:151} INFO - [2026-06-19T11:47:13.490+0000] {dagbag.py:539} INFO - Filling up the DagBag from /opt/airflow/dags/models/BTC_s1_n10_lstm_model.pth
[2026-06-19T11:47:13.499+0000] {processor.py:841} WARNING - No viable dags retrieved from /opt/airflow/dags/models/BTC_s1_n10_lstm_model.pth
[2026-06-19T11:47:13.513+0000] {processor.py:179} INFO - Processing /opt/airflow/dags/models/BTC_s1_n10_lstm_model.pth took 0.028 seconds
[2026-06-19T11:47:43.853+0000] {processor.py:157} INFO - Started process (PID=10363) to work on /opt/airflow/dags/models/BTC_s1_n10_lstm_model.pth
[2026-06-19T11:47:43.854+0000] {processor.py:829} INFO - Processing file /opt/airflow/dags/models/BTC_s1_n10_lstm_model.pth for tasks to queue
[2026-06-19T11:47:43.856+0000] {logging_mixin.py:151} INFO - [2026-06-19T11:47:43.855+0000] {dagbag.py:539} INFO - Filling up the DagBag from /opt/airflow/dags/models/BTC_s1_n10_lstm_model.pth
[2026-06-19T11:47:43.866+0000] {processor.py:841} WARNING - No viable dags retrieved from /opt/airflow/dags/models/BTC_s1_n10_lstm_model.pth
[2026-06-19T11:47:43.883+0000] {processor.py:179} INFO - Processing /opt/airflow/dags/models/BTC_s1_n10_lstm_model.pth took 0.034 seconds
[2026-06-19T11:48:14.600+0000] {processor.py:157} INFO - Started process (PID=10391) to work on /opt/airflow/dags/models/BTC_s1_n10_lstm_model.pth
[2026-06-19T11:48:14.603+0000] {processor.py:829} INFO - Processing file /opt/airflow/dags/models/BTC_s1_n10_lstm_model.pth for tasks to queue
[2026-06-19T11:48:14.608+0000] {logging_mixin.py:151} INFO - [2026-06-19T11:48:14.607+0000] {dagbag.py:539} INFO - Filling up the DagBag from /opt/airflow/dags/models/BTC_s1_n10_lstm_model.pth
[2026-06-19T11:48:14.621+0000] {processor.py:841} WARNING - No viable dags retrieved from /opt/airflow/dags/models/BTC_s1_n10_lstm_model.pth
[2026-06-19T11:48:14.656+0000] {processor.py:179} INFO - Processing /opt/airflow/dags/models/BTC_s1_n10_lstm_model.pth took 0.063 seconds
[2026-06-19T11:48:44.957+0000] {processor.py:157} INFO - Started process (PID=10419) to work on /opt/airflow/dags/models/BTC_s1_n10_lstm_model.pth
[2026-06-19T11:48:44.958+0000] {processor.py:829} INFO - Processing file /opt/airflow/dags/models/BTC_s1_n10_lstm_model.pth for tasks to queue
[2026-06-19T11:48:44.959+0000] {logging_mixin.py:151} INFO - [2026-06-19T11:48:44.959+0000] {dagbag.py:539} INFO - Filling up the DagBag from /opt/airflow/dags/models/BTC_s1_n10_lstm_model.pth
[2026-06-19T11:48:44.969+0000] {processor.py:841} WARNING - No viable dags retrieved from /opt/airflow/dags/models/BTC_s1_n10_lstm_model.pth
[2026-06-19T11:48:44.984+0000] {processor.py:179} INFO - Processing /opt/airflow/dags/models/BTC_s1_n10_lstm_model.pth took 0.033 seconds
[2026-06-19T11:49:15.243+0000] {processor.py:157} INFO - Started process (PID=10452) to work on /opt/airflow/dags/models/BTC_s1_n10_lstm_model.pth
[2026-06-19T11:49:15.245+0000] {processor.py:829} INFO - Processing file /opt/airflow/dags/models/BTC_s1_n10_lstm_model.pth for tasks to queue
[2026-06-19T11:49:15.246+0000] {logging_mixin.py:151} INFO - [2026-06-19T11:49:15.246+0000] {dagbag.py:539} INFO - Filling up the DagBag from /opt/airflow/dags/models/BTC_s1_n10_lstm_model.pth
[2026-06-19T11:49:15.255+0000] {processor.py:841} WARNING - No viable dags retrieved from /opt/airflow/dags/models/BTC_s1_n10_lstm_model.pth
[2026-06-19T11:49:15.271+0000] {processor.py:179} INFO - Processing /opt/airflow/dags/models/BTC_s1_n10_lstm_model.pth took 0.032 seconds
[2026-06-19T11:49:45.491+0000] {processor.py:157} INFO - Started process (PID=10485) to work on /opt/airflow/dags/models/BTC_s1_n10_lstm_model.pth
[2026-06-19T11:49:45.493+0000] {processor.py:829} INFO - Processing file /opt/airflow/dags/models/BTC_s1_n10_lstm_model.pth for tasks to queue
[2026-06-19T11:49:45.493+0000] {logging_mixin.py:151} INFO - [2026-06-19T11:49:45.493+0000] {dagbag.py:539} INFO - Filling up the DagBag from /opt/airflow/dags/models/BTC_s1_n10_lstm_model.pth
[2026-06-19T11:49:45.500+0000] {processor.py:841} WARNING - No viable dags retrieved from /opt/airflow/dags/models/BTC_s1_n10_lstm_model.pth
[2026-06-19T11:49:45.515+0000] {processor.py:179} INFO - Processing /opt/airflow/dags/models/BTC_s1_n10_lstm_model.pth took 0.027 seconds
[2026-06-19T11:50:16.302+0000] {processor.py:157} INFO - Started process (PID=10519) to work on /opt/airflow/dags/models/BTC_s1_n10_lstm_model.pth
[2026-06-19T11:50:16.303+0000] {processor.py:829} INFO - Processing file /opt/airflow/dags/models/BTC_s1_n10_lstm_model.pth for tasks to queue
[2026-06-19T11:50:16.304+0000] {logging_mixin.py:151} INFO - [2026-06-19T11:50:16.304+0000] {dagbag.py:539} INFO - Filling up the DagBag from /opt/airflow/dags/models/BTC_s1_n10_lstm_model.pth
[2026-06-19T11:50:16.312+0000] {processor.py:841} WARNING - No viable dags retrieved from /opt/airflow/dags/models/BTC_s1_n10_lstm_model.pth
[2026-06-19T11:50:16.325+0000] {processor.py:179} INFO - Processing /opt/airflow/dags/models/BTC_s1_n10_lstm_model.pth took 0.027 seconds
[2026-06-19T11:50:46.490+0000] {processor.py:157} INFO - Started process (PID=10552) to work on /opt/airflow/dags/models/BTC_s1_n10_lstm_model.pth
[2026-06-19T11:50:46.492+0000] {processor.py:829} INFO - Processing file /opt/airflow/dags/models/BTC_s1_n10_lstm_model.pth for tasks to queue
[2026-06-19T11:50:46.493+0000] {logging_mixin.py:151} INFO - [2026-06-19T11:50:46.492+0000] {dagbag.py:539} INFO - Filling up the DagBag from /opt/airflow/dags/models/BTC_s1_n10_lstm_model.pth
[2026-06-19T11:50:46.500+0000] {processor.py:841} WARNING - No viable dags retrieved from /opt/airflow/dags/models/BTC_s1_n10_lstm_model.pth
[2026-06-19T11:50:46.516+0000] {processor.py:179} INFO - Processing /opt/airflow/dags/models/BTC_s1_n10_lstm_model.pth took 0.030 seconds
[2026-06-19T11:51:17.215+0000] {processor.py:157} INFO - Started process (PID=10585) to work on /opt/airflow/dags/models/BTC_s1_n10_lstm_model.pth
[2026-06-19T11:51:17.216+0000] {processor.py:829} INFO - Processing file /opt/airflow/dags/models/BTC_s1_n10_lstm_model.pth for tasks to queue
[2026-06-19T11:51:17.218+0000] {logging_mixin.py:151} INFO - [2026-06-19T11:51:17.217+0000] {dagbag.py:539} INFO - Filling up the DagBag from /opt/airflow/dags/models/BTC_s1_n10_lstm_model.pth
[2026-06-19T11:51:17.228+0000] {processor.py:841} WARNING - No viable dags retrieved from /opt/airflow/dags/models/BTC_s1_n10_lstm_model.pth
[2026-06-19T11:51:17.246+0000] {processor.py:179} INFO - Processing /opt/airflow/dags/models/BTC_s1_n10_lstm_model.pth took 0.036 seconds
[2026-06-19T11:51:48.008+0000] {processor.py:157} INFO - Started process (PID=10618) to work on /opt/airflow/dags/models/BTC_s1_n10_lstm_model.pth
[2026-06-19T11:51:48.009+0000] {processor.py:829} INFO - Processing file /opt/airflow/dags/models/BTC_s1_n10_lstm_model.pth for tasks to queue
[2026-06-19T11:51:48.011+0000] {logging_mixin.py:151} INFO - [2026-06-19T11:51:48.010+0000] {dagbag.py:539} INFO - Filling up the DagBag from /opt/airflow/dags/models/BTC_s1_n10_lstm_model.pth
[2026-06-19T11:51:48.020+0000] {processor.py:841} WARNING - No viable dags retrieved from /opt/airflow/dags/models/BTC_s1_n10_lstm_model.pth
[2026-06-19T11:51:48.042+0000] {processor.py:179} INFO - Processing /opt/airflow/dags/models/BTC_s1_n10_lstm_model.pth took 0.038 seconds
[2026-06-19T11:52:18.699+0000] {processor.py:157} INFO - Started process (PID=10651) to work on /opt/airflow/dags/models/BTC_s1_n10_lstm_model.pth
[2026-06-19T11:52:18.701+0000] {processor.py:829} INFO - Processing file /opt/airflow/dags/models/BTC_s1_n10_lstm_model.pth for tasks to queue
[2026-06-19T11:52:18.702+0000] {logging_mixin.py:151} INFO - [2026-06-19T11:52:18.702+0000] {dagbag.py:539} INFO - Filling up the DagBag from /opt/airflow/dags/models/BTC_s1_n10_lstm_model.pth
[2026-06-19T11:52:18.710+0000] {processor.py:841} WARNING - No viable dags retrieved from /opt/airflow/dags/models/BTC_s1_n10_lstm_model.pth
[2026-06-19T11:52:18.727+0000] {processor.py:179} INFO - Processing /opt/airflow/dags/models/BTC_s1_n10_lstm_model.pth took 0.032 seconds
[2026-06-19T11:52:48.775+0000] {processor.py:157} INFO - Started process (PID=10684) to work on /opt/airflow/dags/models/BTC_s1_n10_lstm_model.pth
[2026-06-19T11:52:48.776+0000] {processor.py:829} INFO - Processing file /opt/airflow/dags/models/BTC_s1_n10_lstm_model.pth for tasks to queue
[2026-06-19T11:52:48.777+0000] {logging_mixin.py:151} INFO - [2026-06-19T11:52:48.777+0000] {dagbag.py:539} INFO - Filling up the DagBag from /opt/airflow/dags/models/BTC_s1_n10_lstm_model.pth
[2026-06-19T11:52:48.786+0000] {processor.py:841} WARNING - No viable dags retrieved from /opt/airflow/dags/models/BTC_s1_n10_lstm_model.pth
[2026-06-19T11:52:48.801+0000] {processor.py:179} INFO - Processing /opt/airflow/dags/models/BTC_s1_n10_lstm_model.pth took 0.030 seconds
[2026-06-19T11:53:19.082+0000] {processor.py:157} INFO - Started process (PID=10717) to work on /opt/airflow/dags/models/BTC_s1_n10_lstm_model.pth
[2026-06-19T11:53:19.083+0000] {processor.py:829} INFO - Processing file /opt/airflow/dags/models/BTC_s1_n10_lstm_model.pth for tasks to queue
[2026-06-19T11:53:19.084+0000] {logging_mixin.py:151} INFO - [2026-06-19T11:53:19.084+0000] {dagbag.py:539} INFO - Filling up the DagBag from /opt/airflow/dags/models/BTC_s1_n10_lstm_model.pth
[2026-06-19T11:53:19.091+0000] {processor.py:841} WARNING - No viable dags retrieved from /opt/airflow/dags/models/BTC_s1_n10_lstm_model.pth
[2026-06-19T11:53:19.105+0000] {processor.py:179} INFO - Processing /opt/airflow/dags/models/BTC_s1_n10_lstm_model.pth took 0.027 seconds
[2026-06-19T11:53:51.150+0000] {processor.py:157} INFO - Started process (PID=10748) to work on /opt/airflow/dags/models/BTC_s1_n10_lstm_model.pth
[2026-06-19T11:53:51.152+0000] {processor.py:829} INFO - Processing file /opt/airflow/dags/models/BTC_s1_n10_lstm_model.pth for tasks to queue
[2026-06-19T11:53:51.152+0000] {logging_mixin.py:151} INFO - [2026-06-19T11:53:51.152+0000] {dagbag.py:539} INFO - Filling up the DagBag from /opt/airflow/dags/models/BTC_s1_n10_lstm_model.pth
[2026-06-19T11:53:51.161+0000] {processor.py:841} WARNING - No viable dags retrieved from /opt/airflow/dags/models/BTC_s1_n10_lstm_model.pth
[2026-06-19T11:53:51.175+0000] {processor.py:179} INFO - Processing /opt/airflow/dags/models/BTC_s1_n10_lstm_model.pth took 0.029 seconds
[2026-06-19T11:54:23.089+0000] {processor.py:157} INFO - Started process (PID=10773) to work on /opt/airflow/dags/models/BTC_s1_n10_lstm_model.pth
[2026-06-19T11:54:23.090+0000] {processor.py:829} INFO - Processing file /opt/airflow/dags/models/BTC_s1_n10_lstm_model.pth for tasks to queue
[2026-06-19T11:54:23.091+0000] {logging_mixin.py:151} INFO - [2026-06-19T11:54:23.091+0000] {dagbag.py:539} INFO - Filling up the DagBag from /opt/airflow/dags/models/BTC_s1_n10_lstm_model.pth
[2026-06-19T11:54:23.099+0000] {processor.py:841} WARNING - No viable dags retrieved from /opt/airflow/dags/models/BTC_s1_n10_lstm_model.pth
[2026-06-19T11:54:23.114+0000] {processor.py:179} INFO - Processing /opt/airflow/dags/models/BTC_s1_n10_lstm_model.pth took 0.029 seconds
[2026-06-19T11:54:53.285+0000] {processor.py:157} INFO - Started process (PID=10798) to work on /opt/airflow/dags/models/BTC_s1_n10_lstm_model.pth
[2026-06-19T11:54:53.286+0000] {processor.py:829} INFO - Processing file /opt/airflow/dags/models/BTC_s1_n10_lstm_model.pth for tasks to queue
[2026-06-19T11:54:53.288+0000] {logging_mixin.py:151} INFO - [2026-06-19T11:54:53.287+0000] {dagbag.py:539} INFO - Filling up the DagBag from /opt/airflow/dags/models/BTC_s1_n10_lstm_model.pth
[2026-06-19T11:54:53.296+0000] {processor.py:841} WARNING - No viable dags retrieved from /opt/airflow/dags/models/BTC_s1_n10_lstm_model.pth
[2026-06-19T11:54:53.313+0000] {processor.py:179} INFO - Processing /opt/airflow/dags/models/BTC_s1_n10_lstm_model.pth took 0.033 seconds
[2026-06-19T11:55:23.474+0000] {processor.py:157} INFO - Started process (PID=10828) to work on /opt/airflow/dags/models/BTC_s1_n10_lstm_model.pth
[2026-06-19T11:55:23.475+0000] {processor.py:829} INFO - Processing file /opt/airflow/dags/models/BTC_s1_n10_lstm_model.pth for tasks to queue
[2026-06-19T11:55:23.477+0000] {logging_mixin.py:151} INFO - [2026-06-19T11:55:23.476+0000] {dagbag.py:539} INFO - Filling up the DagBag from /opt/airflow/dags/models/BTC_s1_n10_lstm_model.pth
[2026-06-19T11:55:23.487+0000] {processor.py:841} WARNING - No viable dags retrieved from /opt/airflow/dags/models/BTC_s1_n10_lstm_model.pth
[2026-06-19T11:55:23.503+0000] {processor.py:179} INFO - Processing /opt/airflow/dags/models/BTC_s1_n10_lstm_model.pth took 0.034 seconds
[2026-06-19T11:55:53.633+0000] {processor.py:157} INFO - Started process (PID=10861) to work on /opt/airflow/dags/models/BTC_s1_n10_lstm_model.pth
[2026-06-19T11:55:53.635+0000] {processor.py:829} INFO - Processing file /opt/airflow/dags/models/BTC_s1_n10_lstm_model.pth for tasks to queue
[2026-06-19T11:55:53.637+0000] {logging_mixin.py:151} INFO - [2026-06-19T11:55:53.637+0000] {dagbag.py:539} INFO - Filling up the DagBag from /opt/airflow/dags/models/BTC_s1_n10_lstm_model.pth
[2026-06-19T11:55:53.648+0000] {processor.py:841} WARNING - No viable dags retrieved from /opt/airflow/dags/models/BTC_s1_n10_lstm_model.pth
[2026-06-19T11:55:53.673+0000] {processor.py:179} INFO - Processing /opt/airflow/dags/models/BTC_s1_n10_lstm_model.pth took 0.046 seconds
[2026-06-19T11:56:23.882+0000] {processor.py:157} INFO - Started process (PID=10894) to work on /opt/airflow/dags/models/BTC_s1_n10_lstm_model.pth
[2026-06-19T11:56:23.889+0000] {processor.py:829} INFO - Processing file /opt/airflow/dags/models/BTC_s1_n10_lstm_model.pth for tasks to queue
[2026-06-19T11:56:23.890+0000] {logging_mixin.py:151} INFO - [2026-06-19T11:56:23.890+0000] {dagbag.py:539} INFO - Filling up the DagBag from /opt/airflow/dags/models/BTC_s1_n10_lstm_model.pth
[2026-06-19T11:56:23.899+0000] {processor.py:841} WARNING - No viable dags retrieved from /opt/airflow/dags/models/BTC_s1_n10_lstm_model.pth
[2026-06-19T11:56:23.915+0000] {processor.py:179} INFO - Processing /opt/airflow/dags/models/BTC_s1_n10_lstm_model.pth took 0.042 seconds
[2026-06-19T11:56:54.115+0000] {processor.py:157} INFO - Started process (PID=10927) to work on /opt/airflow/dags/models/BTC_s1_n10_lstm_model.pth
[2026-06-19T11:56:54.117+0000] {processor.py:829} INFO - Processing file /opt/airflow/dags/models/BTC_s1_n10_lstm_model.pth for tasks to queue
[2026-06-19T11:56:54.118+0000] {logging_mixin.py:151} INFO - [2026-06-19T11:56:54.117+0000] {dagbag.py:539} INFO - Filling up the DagBag from /opt/airflow/dags/models/BTC_s1_n10_lstm_model.pth
[2026-06-19T11:56:54.125+0000] {processor.py:841} WARNING - No viable dags retrieved from /opt/airflow/dags/models/BTC_s1_n10_lstm_model.pth
[2026-06-19T11:56:54.141+0000] {processor.py:179} INFO - Processing /opt/airflow/dags/models/BTC_s1_n10_lstm_model.pth took 0.030 seconds
[2026-06-19T11:57:24.249+0000] {processor.py:157} INFO - Started process (PID=10960) to work on /opt/airflow/dags/models/BTC_s1_n10_lstm_model.pth
[2026-06-19T11:57:24.251+0000] {processor.py:829} INFO - Processing file /opt/airflow/dags/models/BTC_s1_n10_lstm_model.pth for tasks to queue
[2026-06-19T11:57:24.253+0000] {logging_mixin.py:151} INFO - [2026-06-19T11:57:24.252+0000] {dagbag.py:539} INFO - Filling up the DagBag from /opt/airflow/dags/models/BTC_s1_n10_lstm_model.pth
[2026-06-19T11:57:24.262+0000] {processor.py:841} WARNING - No viable dags retrieved from /opt/airflow/dags/models/BTC_s1_n10_lstm_model.pth
[2026-06-19T11:57:24.289+0000] {processor.py:179} INFO - Processing /opt/airflow/dags/models/BTC_s1_n10_lstm_model.pth took 0.047 seconds
[2026-06-19T11:57:54.549+0000] {processor.py:157} INFO - Started process (PID=10993) to work on /opt/airflow/dags/models/BTC_s1_n10_lstm_model.pth
[2026-06-19T11:57:54.551+0000] {processor.py:829} INFO - Processing file /opt/airflow/dags/models/BTC_s1_n10_lstm_model.pth for tasks to queue
[2026-06-19T11:57:54.552+0000] {logging_mixin.py:151} INFO - [2026-06-19T11:57:54.552+0000] {dagbag.py:539} INFO - Filling up the DagBag from /opt/airflow/dags/models/BTC_s1_n10_lstm_model.pth
[2026-06-19T11:57:54.559+0000] {processor.py:841} WARNING - No viable dags retrieved from /opt/airflow/dags/models/BTC_s1_n10_lstm_model.pth
[2026-06-19T11:57:54.574+0000] {processor.py:179} INFO - Processing /opt/airflow/dags/models/BTC_s1_n10_lstm_model.pth took 0.029 seconds
[2026-06-19T11:58:24.854+0000] {processor.py:157} INFO - Started process (PID=11026) to work on /opt/airflow/dags/models/BTC_s1_n10_lstm_model.pth
[2026-06-19T11:58:24.855+0000] {processor.py:829} INFO - Processing file /opt/airflow/dags/models/BTC_s1_n10_lstm_model.pth for tasks to queue
[2026-06-19T11:58:24.856+0000] {logging_mixin.py:151} INFO - [2026-06-19T11:58:24.856+0000] {dagbag.py:539} INFO - Filling up the DagBag from /opt/airflow/dags/models/BTC_s1_n10_lstm_model.pth
[2026-06-19T11:58:24.863+0000] {processor.py:841} WARNING - No viable dags retrieved from /opt/airflow/dags/models/BTC_s1_n10_lstm_model.pth
[2026-06-19T11:58:24.877+0000] {processor.py:179} INFO - Processing /opt/airflow/dags/models/BTC_s1_n10_lstm_model.pth took 0.026 seconds
[2026-06-19T11:58:55.228+0000] {processor.py:157} INFO - Started process (PID=11059) to work on /opt/airflow/dags/models/BTC_s1_n10_lstm_model.pth
[2026-06-19T11:58:55.230+0000] {processor.py:829} INFO - Processing file /opt/airflow/dags/models/BTC_s1_n10_lstm_model.pth for tasks to queue
[2026-06-19T11:58:55.231+0000] {logging_mixin.py:151} INFO - [2026-06-19T11:58:55.231+0000] {dagbag.py:539} INFO - Filling up the DagBag from /opt/airflow/dags/models/BTC_s1_n10_lstm_model.pth
[2026-06-19T11:58:55.246+0000] {processor.py:841} WARNING - No viable dags retrieved from /opt/airflow/dags/models/BTC_s1_n10_lstm_model.pth
[2026-06-19T11:58:55.264+0000] {processor.py:179} INFO - Processing /opt/airflow/dags/models/BTC_s1_n10_lstm_model.pth took 0.040 seconds
[2026-06-19T11:59:25.577+0000] {processor.py:157} INFO - Started process (PID=11092) to work on /opt/airflow/dags/models/BTC_s1_n10_lstm_model.pth
[2026-06-19T11:59:25.578+0000] {processor.py:829} INFO - Processing file /opt/airflow/dags/models/BTC_s1_n10_lstm_model.pth for tasks to queue
[2026-06-19T11:59:25.579+0000] {logging_mixin.py:151} INFO - [2026-06-19T11:59:25.579+0000] {dagbag.py:539} INFO - Filling up the DagBag from /opt/airflow/dags/models/BTC_s1_n10_lstm_model.pth
[2026-06-19T11:59:25.587+0000] {processor.py:841} WARNING - No viable dags retrieved from /opt/airflow/dags/models/BTC_s1_n10_lstm_model.pth
[2026-06-19T11:59:25.600+0000] {processor.py:179} INFO - Processing /opt/airflow/dags/models/BTC_s1_n10_lstm_model.pth took 0.026 seconds
[2026-06-19T11:59:57.753+0000] {processor.py:157} INFO - Started process (PID=11123) to work on /opt/airflow/dags/models/BTC_s1_n10_lstm_model.pth
[2026-06-19T11:59:57.755+0000] {processor.py:829} INFO - Processing file /opt/airflow/dags/models/BTC_s1_n10_lstm_model.pth for tasks to queue
[2026-06-19T11:59:57.756+0000] {logging_mixin.py:151} INFO - [2026-06-19T11:59:57.755+0000] {dagbag.py:539} INFO - Filling up the DagBag from /opt/airflow/dags/models/BTC_s1_n10_lstm_model.pth
[2026-06-19T11:59:57.764+0000] {processor.py:841} WARNING - No viable dags retrieved from /opt/airflow/dags/models/BTC_s1_n10_lstm_model.pth
[2026-06-19T11:59:57.777+0000] {processor.py:179} INFO - Processing /opt/airflow/dags/models/BTC_s1_n10_lstm_model.pth took 0.027 seconds
[2026-06-19T12:00:30.118+0000] {processor.py:157} INFO - Started process (PID=11148) to work on /opt/airflow/dags/models/BTC_s1_n10_lstm_model.pth
[2026-06-19T12:00:30.119+0000] {processor.py:829} INFO - Processing file /opt/airflow/dags/models/BTC_s1_n10_lstm_model.pth for tasks to queue
[2026-06-19T12:00:30.121+0000] {logging_mixin.py:151} INFO - [2026-06-19T12:00:30.120+0000] {dagbag.py:539} INFO - Filling up the DagBag from /opt/airflow/dags/models/BTC_s1_n10_lstm_model.pth
[2026-06-19T12:00:30.131+0000] {processor.py:841} WARNING - No viable dags retrieved from /opt/airflow/dags/models/BTC_s1_n10_lstm_model.pth
[2026-06-19T12:00:30.154+0000] {processor.py:179} INFO - Processing /opt/airflow/dags/models/BTC_s1_n10_lstm_model.pth took 0.040 seconds
[2026-06-19T12:01:00.399+0000] {processor.py:157} INFO - Started process (PID=11173) to work on /opt/airflow/dags/models/BTC_s1_n10_lstm_model.pth
[2026-06-19T12:01:00.401+0000] {processor.py:829} INFO - Processing file /opt/airflow/dags/models/BTC_s1_n10_lstm_model.pth for tasks to queue
[2026-06-19T12:01:00.402+0000] {logging_mixin.py:151} INFO - [2026-06-19T12:01:00.401+0000] {dagbag.py:539} INFO - Filling up the DagBag from /opt/airflow/dags/models/BTC_s1_n10_lstm_model.pth
[2026-06-19T12:01:00.410+0000] {processor.py:841} WARNING - No viable dags retrieved from /opt/airflow/dags/models/BTC_s1_n10_lstm_model.pth
[2026-06-19T12:01:00.427+0000] {processor.py:179} INFO - Processing /opt/airflow/dags/models/BTC_s1_n10_lstm_model.pth took 0.032 seconds
[2026-06-19T12:01:31.076+0000] {processor.py:157} INFO - Started process (PID=11203) to work on /opt/airflow/dags/models/BTC_s1_n10_lstm_model.pth
[2026-06-19T12:01:31.078+0000] {processor.py:829} INFO - Processing file /opt/airflow/dags/models/BTC_s1_n10_lstm_model.pth for tasks to queue
[2026-06-19T12:01:31.078+0000] {logging_mixin.py:151} INFO - [2026-06-19T12:01:31.078+0000] {dagbag.py:539} INFO - Filling up the DagBag from /opt/airflow/dags/models/BTC_s1_n10_lstm_model.pth
[2026-06-19T12:01:31.085+0000] {processor.py:841} WARNING - No viable dags retrieved from /opt/airflow/dags/models/BTC_s1_n10_lstm_model.pth
[2026-06-19T12:01:31.099+0000] {processor.py:179} INFO - Processing /opt/airflow/dags/models/BTC_s1_n10_lstm_model.pth took 0.027 seconds
[2026-06-19T12:02:01.378+0000] {processor.py:157} INFO - Started process (PID=11236) to work on /opt/airflow/dags/models/BTC_s1_n10_lstm_model.pth
[2026-06-19T12:02:01.380+0000] {processor.py:829} INFO - Processing file /opt/airflow/dags/models/BTC_s1_n10_lstm_model.pth for tasks to queue
[2026-06-19T12:02:01.382+0000] {logging_mixin.py:151} INFO - [2026-06-19T12:02:01.381+0000] {dagbag.py:539} INFO - Filling up the DagBag from /opt/airflow/dags/models/BTC_s1_n10_lstm_model.pth
[2026-06-19T12:02:01.394+0000] {processor.py:841} WARNING - No viable dags retrieved from /opt/airflow/dags/models/BTC_s1_n10_lstm_model.pth
[2026-06-19T12:02:01.416+0000] {processor.py:179} INFO - Processing /opt/airflow/dags/models/BTC_s1_n10_lstm_model.pth took 0.045 seconds
[2026-06-19T12:02:31.634+0000] {processor.py:157} INFO - Started process (PID=11269) to work on /opt/airflow/dags/models/BTC_s1_n10_lstm_model.pth
[2026-06-19T12:02:31.635+0000] {processor.py:829} INFO - Processing file /opt/airflow/dags/models/BTC_s1_n10_lstm_model.pth for tasks to queue
[2026-06-19T12:02:31.636+0000] {logging_mixin.py:151} INFO - [2026-06-19T12:02:31.636+0000] {dagbag.py:539} INFO - Filling up the DagBag from /opt/airflow/dags/models/BTC_s1_n10_lstm_model.pth
[2026-06-19T12:02:31.645+0000] {processor.py:841} WARNING - No viable dags retrieved from /opt/airflow/dags/models/BTC_s1_n10_lstm_model.pth
[2026-06-19T12:02:31.661+0000] {processor.py:179} INFO - Processing /opt/airflow/dags/models/BTC_s1_n10_lstm_model.pth took 0.031 seconds
[2026-06-19T12:03:02.236+0000] {processor.py:157} INFO - Started process (PID=11302) to work on /opt/airflow/dags/models/BTC_s1_n10_lstm_model.pth
[2026-06-19T12:03:02.237+0000] {processor.py:829} INFO - Processing file /opt/airflow/dags/models/BTC_s1_n10_lstm_model.pth for tasks to queue
[2026-06-19T12:03:02.238+0000] {logging_mixin.py:151} INFO - [2026-06-19T12:03:02.238+0000] {dagbag.py:539} INFO - Filling up the DagBag from /opt/airflow/dags/models/BTC_s1_n10_lstm_model.pth
[2026-06-19T12:03:02.246+0000] {processor.py:841} WARNING - No viable dags retrieved from /opt/airflow/dags/models/BTC_s1_n10_lstm_model.pth
[2026-06-19T12:03:02.261+0000] {processor.py:179} INFO - Processing /opt/airflow/dags/models/BTC_s1_n10_lstm_model.pth took 0.029 seconds
[2026-06-19T12:03:32.579+0000] {processor.py:157} INFO - Started process (PID=11335) to work on /opt/airflow/dags/models/BTC_s1_n10_lstm_model.pth
[2026-06-19T12:03:32.580+0000] {processor.py:829} INFO - Processing file /opt/airflow/dags/models/BTC_s1_n10_lstm_model.pth for tasks to queue
[2026-06-19T12:03:32.581+0000] {logging_mixin.py:151} INFO - [2026-06-19T12:03:32.581+0000] {dagbag.py:539} INFO - Filling up the DagBag from /opt/airflow/dags/models/BTC_s1_n10_lstm_model.pth
[2026-06-19T12:03:32.588+0000] {processor.py:841} WARNING - No viable dags retrieved from /opt/airflow/dags/models/BTC_s1_n10_lstm_model.pth
[2026-06-19T12:03:32.602+0000] {processor.py:179} INFO - Processing /opt/airflow/dags/models/BTC_s1_n10_lstm_model.pth took 0.027 seconds
[2026-06-19T12:04:03.212+0000] {processor.py:157} INFO - Started process (PID=11368) to work on /opt/airflow/dags/models/BTC_s1_n10_lstm_model.pth
[2026-06-19T12:04:03.214+0000] {processor.py:829} INFO - Processing file /opt/airflow/dags/models/BTC_s1_n10_lstm_model.pth for tasks to queue
[2026-06-19T12:04:03.215+0000] {logging_mixin.py:151} INFO - [2026-06-19T12:04:03.215+0000] {dagbag.py:539} INFO - Filling up the DagBag from /opt/airflow/dags/models/BTC_s1_n10_lstm_model.pth
[2026-06-19T12:04:03.223+0000] {processor.py:841} WARNING - No viable dags retrieved from /opt/airflow/dags/models/BTC_s1_n10_lstm_model.pth
[2026-06-19T12:04:03.239+0000] {processor.py:179} INFO - Processing /opt/airflow/dags/models/BTC_s1_n10_lstm_model.pth took 0.031 seconds
[2026-06-19T12:04:34.088+0000] {processor.py:157} INFO - Started process (PID=11401) to work on /opt/airflow/dags/models/BTC_s1_n10_lstm_model.pth
[2026-06-19T12:04:34.089+0000] {processor.py:829} INFO - Processing file /opt/airflow/dags/models/BTC_s1_n10_lstm_model.pth for tasks to queue
[2026-06-19T12:04:34.089+0000] {logging_mixin.py:151} INFO - [2026-06-19T12:04:34.089+0000] {dagbag.py:539} INFO - Filling up the DagBag from /opt/airflow/dags/models/BTC_s1_n10_lstm_model.pth
[2026-06-19T12:04:34.114+0000] {processor.py:841} WARNING - No viable dags retrieved from /opt/airflow/dags/models/BTC_s1_n10_lstm_model.pth
[2026-06-19T12:04:34.128+0000] {processor.py:179} INFO - Processing /opt/airflow/dags/models/BTC_s1_n10_lstm_model.pth took 0.043 seconds
[2026-06-19T12:05:04.928+0000] {processor.py:157} INFO - Started process (PID=11434) to work on /opt/airflow/dags/models/BTC_s1_n10_lstm_model.pth
[2026-06-19T12:05:04.929+0000] {processor.py:829} INFO - Processing file /opt/airflow/dags/models/BTC_s1_n10_lstm_model.pth for tasks to queue
[2026-06-19T12:05:04.930+0000] {logging_mixin.py:151} INFO - [2026-06-19T12:05:04.929+0000] {dagbag.py:539} INFO - Filling up the DagBag from /opt/airflow/dags/models/BTC_s1_n10_lstm_model.pth
[2026-06-19T12:05:04.937+0000] {processor.py:841} WARNING - No viable dags retrieved from /opt/airflow/dags/models/BTC_s1_n10_lstm_model.pth
[2026-06-19T12:05:04.950+0000] {processor.py:179} INFO - Processing /opt/airflow/dags/models/BTC_s1_n10_lstm_model.pth took 0.026 seconds
[2026-06-19T12:05:35.633+0000] {processor.py:157} INFO - Started process (PID=11467) to work on /opt/airflow/dags/models/BTC_s1_n10_lstm_model.pth
[2026-06-19T12:05:35.649+0000] {processor.py:829} INFO - Processing file /opt/airflow/dags/models/BTC_s1_n10_lstm_model.pth for tasks to queue
[2026-06-19T12:05:35.655+0000] {logging_mixin.py:151} INFO - [2026-06-19T12:05:35.655+0000] {dagbag.py:539} INFO - Filling up the DagBag from /opt/airflow/dags/models/BTC_s1_n10_lstm_model.pth
[2026-06-19T12:05:35.714+0000] {processor.py:841} WARNING - No viable dags retrieved from /opt/airflow/dags/models/BTC_s1_n10_lstm_model.pth
[2026-06-19T12:05:35.743+0000] {processor.py:179} INFO - Processing /opt/airflow/dags/models/BTC_s1_n10_lstm_model.pth took 0.118 seconds
[2026-06-19T12:06:06.014+0000] {processor.py:157} INFO - Started process (PID=11500) to work on /opt/airflow/dags/models/BTC_s1_n10_lstm_model.pth
[2026-06-19T12:06:06.015+0000] {processor.py:829} INFO - Processing file /opt/airflow/dags/models/BTC_s1_n10_lstm_model.pth for tasks to queue
[2026-06-19T12:06:06.016+0000] {logging_mixin.py:151} INFO - [2026-06-19T12:06:06.016+0000] {dagbag.py:539} INFO - Filling up the DagBag from /opt/airflow/dags/models/BTC_s1_n10_lstm_model.pth
[2026-06-19T12:06:06.024+0000] {processor.py:841} WARNING - No viable dags retrieved from /opt/airflow/dags/models/BTC_s1_n10_lstm_model.pth
[2026-06-19T12:06:06.039+0000] {processor.py:179} INFO - Processing /opt/airflow/dags/models/BTC_s1_n10_lstm_model.pth took 0.029 seconds
[2026-06-19T12:06:36.260+0000] {processor.py:157} INFO - Started process (PID=11530) to work on /opt/airflow/dags/models/BTC_s1_n10_lstm_model.pth
[2026-06-19T12:06:36.261+0000] {processor.py:829} INFO - Processing file /opt/airflow/dags/models/BTC_s1_n10_lstm_model.pth for tasks to queue
[2026-06-19T12:06:36.262+0000] {logging_mixin.py:151} INFO - [2026-06-19T12:06:36.262+0000] {dagbag.py:539} INFO - Filling up the DagBag from /opt/airflow/dags/models/BTC_s1_n10_lstm_model.pth
[2026-06-19T12:06:36.270+0000] {processor.py:841} WARNING - No viable dags retrieved from /opt/airflow/dags/models/BTC_s1_n10_lstm_model.pth
[2026-06-19T12:06:36.286+0000] {processor.py:179} INFO - Processing /opt/airflow/dags/models/BTC_s1_n10_lstm_model.pth took 0.030 seconds
[2026-06-19T12:07:08.054+0000] {processor.py:157} INFO - Started process (PID=11556) to work on /opt/airflow/dags/models/BTC_s1_n10_lstm_model.pth
[2026-06-19T12:07:08.056+0000] {processor.py:829} INFO - Processing file /opt/airflow/dags/models/BTC_s1_n10_lstm_model.pth for tasks to queue
[2026-06-19T12:07:08.056+0000] {logging_mixin.py:151} INFO - [2026-06-19T12:07:08.056+0000] {dagbag.py:539} INFO - Filling up the DagBag from /opt/airflow/dags/models/BTC_s1_n10_lstm_model.pth
[2026-06-19T12:07:08.064+0000] {processor.py:841} WARNING - No viable dags retrieved from /opt/airflow/dags/models/BTC_s1_n10_lstm_model.pth
[2026-06-19T12:07:08.079+0000] {processor.py:179} INFO - Processing /opt/airflow/dags/models/BTC_s1_n10_lstm_model.pth took 0.029 seconds
[2026-06-19T12:07:38.688+0000] {processor.py:157} INFO - Started process (PID=11581) to work on /opt/airflow/dags/models/BTC_s1_n10_lstm_model.pth
[2026-06-19T12:07:38.689+0000] {processor.py:829} INFO - Processing file /opt/airflow/dags/models/BTC_s1_n10_lstm_model.pth for tasks to queue
[2026-06-19T12:07:38.690+0000] {logging_mixin.py:151} INFO - [2026-06-19T12:07:38.690+0000] {dagbag.py:539} INFO - Filling up the DagBag from /opt/airflow/dags/models/BTC_s1_n10_lstm_model.pth
[2026-06-19T12:07:38.698+0000] {processor.py:841} WARNING - No viable dags retrieved from /opt/airflow/dags/models/BTC_s1_n10_lstm_model.pth
[2026-06-19T12:07:38.712+0000] {processor.py:179} INFO - Processing /opt/airflow/dags/models/BTC_s1_n10_lstm_model.pth took 0.030 seconds
[2026-06-19T12:08:08.963+0000] {processor.py:157} INFO - Started process (PID=11611) to work on /opt/airflow/dags/models/BTC_s1_n10_lstm_model.pth
[2026-06-19T12:08:08.964+0000] {processor.py:829} INFO - Processing file /opt/airflow/dags/models/BTC_s1_n10_lstm_model.pth for tasks to queue
[2026-06-19T12:08:08.965+0000] {logging_mixin.py:151} INFO - [2026-06-19T12:08:08.965+0000] {dagbag.py:539} INFO - Filling up the DagBag from /opt/airflow/dags/models/BTC_s1_n10_lstm_model.pth
[2026-06-19T12:08:08.973+0000] {processor.py:841} WARNING - No viable dags retrieved from /opt/airflow/dags/models/BTC_s1_n10_lstm_model.pth
[2026-06-19T12:08:08.989+0000] {processor.py:179} INFO - Processing /opt/airflow/dags/models/BTC_s1_n10_lstm_model.pth took 0.029 seconds
[2026-06-19T12:08:39.437+0000] {processor.py:157} INFO - Started process (PID=11644) to work on /opt/airflow/dags/models/BTC_s1_n10_lstm_model.pth
[2026-06-19T12:08:39.439+0000] {processor.py:829} INFO - Processing file /opt/airflow/dags/models/BTC_s1_n10_lstm_model.pth for tasks to queue
[2026-06-19T12:08:39.439+0000] {logging_mixin.py:151} INFO - [2026-06-19T12:08:39.439+0000] {dagbag.py:539} INFO - Filling up the DagBag from /opt/airflow/dags/models/BTC_s1_n10_lstm_model.pth
[2026-06-19T12:08:39.448+0000] {processor.py:841} WARNING - No viable dags retrieved from /opt/airflow/dags/models/BTC_s1_n10_lstm_model.pth
[2026-06-19T12:08:39.463+0000] {processor.py:179} INFO - Processing /opt/airflow/dags/models/BTC_s1_n10_lstm_model.pth took 0.030 seconds
[2026-06-19T12:09:10.210+0000] {processor.py:157} INFO - Started process (PID=11677) to work on /opt/airflow/dags/models/BTC_s1_n10_lstm_model.pth
[2026-06-19T12:09:10.212+0000] {processor.py:829} INFO - Processing file /opt/airflow/dags/models/BTC_s1_n10_lstm_model.pth for tasks to queue
[2026-06-19T12:09:10.213+0000] {logging_mixin.py:151} INFO - [2026-06-19T12:09:10.213+0000] {dagbag.py:539} INFO - Filling up the DagBag from /opt/airflow/dags/models/BTC_s1_n10_lstm_model.pth
[2026-06-19T12:09:10.221+0000] {processor.py:841} WARNING - No viable dags retrieved from /opt/airflow/dags/models/BTC_s1_n10_lstm_model.pth
[2026-06-19T12:09:10.242+0000] {processor.py:179} INFO - Processing /opt/airflow/dags/models/BTC_s1_n10_lstm_model.pth took 0.036 seconds
[2026-06-19T12:09:40.303+0000] {processor.py:157} INFO - Started process (PID=11710) to work on /opt/airflow/dags/models/BTC_s1_n10_lstm_model.pth
[2026-06-19T12:09:40.305+0000] {processor.py:829} INFO - Processing file /opt/airflow/dags/models/BTC_s1_n10_lstm_model.pth for tasks to queue
[2026-06-19T12:09:40.305+0000] {logging_mixin.py:151} INFO - [2026-06-19T12:09:40.305+0000] {dagbag.py:539} INFO - Filling up the DagBag from /opt/airflow/dags/models/BTC_s1_n10_lstm_model.pth
[2026-06-19T12:09:40.313+0000] {processor.py:841} WARNING - No viable dags retrieved from /opt/airflow/dags/models/BTC_s1_n10_lstm_model.pth
[2026-06-19T12:09:40.329+0000] {processor.py:179} INFO - Processing /opt/airflow/dags/models/BTC_s1_n10_lstm_model.pth took 0.030 seconds
[2026-06-19T12:10:11.131+0000] {processor.py:157} INFO - Started process (PID=11743) to work on /opt/airflow/dags/models/BTC_s1_n10_lstm_model.pth
[2026-06-19T12:10:11.132+0000] {processor.py:829} INFO - Processing file /opt/airflow/dags/models/BTC_s1_n10_lstm_model.pth for tasks to queue
[2026-06-19T12:10:11.133+0000] {logging_mixin.py:151} INFO - [2026-06-19T12:10:11.132+0000] {dagbag.py:539} INFO - Filling up the DagBag from /opt/airflow/dags/models/BTC_s1_n10_lstm_model.pth
[2026-06-19T12:10:11.142+0000] {processor.py:841} WARNING - No viable dags retrieved from /opt/airflow/dags/models/BTC_s1_n10_lstm_model.pth
[2026-06-19T12:10:11.160+0000] {processor.py:179} INFO - Processing /opt/airflow/dags/models/BTC_s1_n10_lstm_model.pth took 0.033 seconds
[2026-06-19T12:10:42.114+0000] {processor.py:157} INFO - Started process (PID=11776) to work on /opt/airflow/dags/models/BTC_s1_n10_lstm_model.pth
[2026-06-19T12:10:42.115+0000] {processor.py:829} INFO - Processing file /opt/airflow/dags/models/BTC_s1_n10_lstm_model.pth for tasks to queue
[2026-06-19T12:10:42.116+0000] {logging_mixin.py:151} INFO - [2026-06-19T12:10:42.116+0000] {dagbag.py:539} INFO - Filling up the DagBag from /opt/airflow/dags/models/BTC_s1_n10_lstm_model.pth
[2026-06-19T12:10:42.123+0000] {processor.py:841} WARNING - No viable dags retrieved from /opt/airflow/dags/models/BTC_s1_n10_lstm_model.pth
[2026-06-19T12:10:42.137+0000] {processor.py:179} INFO - Processing /opt/airflow/dags/models/BTC_s1_n10_lstm_model.pth took 0.026 seconds
[2026-06-19T12:11:13.105+0000] {processor.py:157} INFO - Started process (PID=11809) to work on /opt/airflow/dags/models/BTC_s1_n10_lstm_model.pth
[2026-06-19T12:11:13.106+0000] {processor.py:829} INFO - Processing file /opt/airflow/dags/models/BTC_s1_n10_lstm_model.pth for tasks to queue
[2026-06-19T12:11:13.108+0000] {logging_mixin.py:151} INFO - [2026-06-19T12:11:13.107+0000] {dagbag.py:539} INFO - Filling up the DagBag from /opt/airflow/dags/models/BTC_s1_n10_lstm_model.pth
[2026-06-19T12:11:13.116+0000] {processor.py:841} WARNING - No viable dags retrieved from /opt/airflow/dags/models/BTC_s1_n10_lstm_model.pth
[2026-06-19T12:11:13.129+0000] {processor.py:179} INFO - Processing /opt/airflow/dags/models/BTC_s1_n10_lstm_model.pth took 0.028 seconds
[2026-06-19T12:11:43.632+0000] {processor.py:157} INFO - Started process (PID=11849) to work on /opt/airflow/dags/models/BTC_s1_n10_lstm_model.pth
[2026-06-19T12:11:43.634+0000] {processor.py:829} INFO - Processing file /opt/airflow/dags/models/BTC_s1_n10_lstm_model.pth for tasks to queue
[2026-06-19T12:11:43.635+0000] {logging_mixin.py:151} INFO - [2026-06-19T12:11:43.635+0000] {dagbag.py:539} INFO - Filling up the DagBag from /opt/airflow/dags/models/BTC_s1_n10_lstm_model.pth
[2026-06-19T12:11:43.643+0000] {processor.py:841} WARNING - No viable dags retrieved from /opt/airflow/dags/models/BTC_s1_n10_lstm_model.pth
[2026-06-19T12:11:43.658+0000] {processor.py:179} INFO - Processing /opt/airflow/dags/models/BTC_s1_n10_lstm_model.pth took 0.031 seconds
[2026-06-19T12:12:13.924+0000] {processor.py:157} INFO - Started process (PID=11882) to work on /opt/airflow/dags/models/BTC_s1_n10_lstm_model.pth
[2026-06-19T12:12:13.926+0000] {processor.py:829} INFO - Processing file /opt/airflow/dags/models/BTC_s1_n10_lstm_model.pth for tasks to queue
[2026-06-19T12:12:13.927+0000] {logging_mixin.py:151} INFO - [2026-06-19T12:12:13.926+0000] {dagbag.py:539} INFO - Filling up the DagBag from /opt/airflow/dags/models/BTC_s1_n10_lstm_model.pth
[2026-06-19T12:12:13.935+0000] {processor.py:841} WARNING - No viable dags retrieved from /opt/airflow/dags/models/BTC_s1_n10_lstm_model.pth
[2026-06-19T12:12:13.951+0000] {processor.py:179} INFO - Processing /opt/airflow/dags/models/BTC_s1_n10_lstm_model.pth took 0.030 seconds
[2026-06-19T12:12:44.205+0000] {processor.py:157} INFO - Started process (PID=11915) to work on /opt/airflow/dags/models/BTC_s1_n10_lstm_model.pth
[2026-06-19T12:12:44.206+0000] {processor.py:829} INFO - Processing file /opt/airflow/dags/models/BTC_s1_n10_lstm_model.pth for tasks to queue
[2026-06-19T12:12:44.208+0000] {logging_mixin.py:151} INFO - [2026-06-19T12:12:44.207+0000] {dagbag.py:539} INFO - Filling up the DagBag from /opt/airflow/dags/models/BTC_s1_n10_lstm_model.pth
[2026-06-19T12:12:44.216+0000] {processor.py:841} WARNING - No viable dags retrieved from /opt/airflow/dags/models/BTC_s1_n10_lstm_model.pth
[2026-06-19T12:12:44.234+0000] {processor.py:179} INFO - Processing /opt/airflow/dags/models/BTC_s1_n10_lstm_model.pth took 0.033 seconds
[2026-06-19T12:13:14.522+0000] {processor.py:157} INFO - Started process (PID=11946) to work on /opt/airflow/dags/models/BTC_s1_n10_lstm_model.pth
[2026-06-19T12:13:14.523+0000] {processor.py:829} INFO - Processing file /opt/airflow/dags/models/BTC_s1_n10_lstm_model.pth for tasks to queue
[2026-06-19T12:13:14.524+0000] {logging_mixin.py:151} INFO - [2026-06-19T12:13:14.524+0000] {dagbag.py:539} INFO - Filling up the DagBag from /opt/airflow/dags/models/BTC_s1_n10_lstm_model.pth
[2026-06-19T12:13:14.532+0000] {processor.py:841} WARNING - No viable dags retrieved from /opt/airflow/dags/models/BTC_s1_n10_lstm_model.pth
[2026-06-19T12:13:14.550+0000] {processor.py:179} INFO - Processing /opt/airflow/dags/models/BTC_s1_n10_lstm_model.pth took 0.031 seconds
[2026-06-19T12:13:46.698+0000] {processor.py:157} INFO - Started process (PID=11971) to work on /opt/airflow/dags/models/BTC_s1_n10_lstm_model.pth
[2026-06-19T12:13:46.699+0000] {processor.py:829} INFO - Processing file /opt/airflow/dags/models/BTC_s1_n10_lstm_model.pth for tasks to queue
[2026-06-19T12:13:46.700+0000] {logging_mixin.py:151} INFO - [2026-06-19T12:13:46.700+0000] {dagbag.py:539} INFO - Filling up the DagBag from /opt/airflow/dags/models/BTC_s1_n10_lstm_model.pth
[2026-06-19T12:13:46.708+0000] {processor.py:841} WARNING - No viable dags retrieved from /opt/airflow/dags/models/BTC_s1_n10_lstm_model.pth
[2026-06-19T12:13:46.722+0000] {processor.py:179} INFO - Processing /opt/airflow/dags/models/BTC_s1_n10_lstm_model.pth took 0.028 seconds
[2026-06-19T12:14:16.821+0000] {processor.py:157} INFO - Started process (PID=11996) to work on /opt/airflow/dags/models/BTC_s1_n10_lstm_model.pth
[2026-06-19T12:14:16.822+0000] {processor.py:829} INFO - Processing file /opt/airflow/dags/models/BTC_s1_n10_lstm_model.pth for tasks to queue
[2026-06-19T12:14:16.824+0000] {logging_mixin.py:151} INFO - [2026-06-19T12:14:16.823+0000] {dagbag.py:539} INFO - Filling up the DagBag from /opt/airflow/dags/models/BTC_s1_n10_lstm_model.pth
[2026-06-19T12:14:16.831+0000] {processor.py:841} WARNING - No viable dags retrieved from /opt/airflow/dags/models/BTC_s1_n10_lstm_model.pth
[2026-06-19T12:14:16.847+0000] {processor.py:179} INFO - Processing /opt/airflow/dags/models/BTC_s1_n10_lstm_model.pth took 0.029 seconds
[2026-06-19T12:14:47.703+0000] {processor.py:157} INFO - Started process (PID=12026) to work on /opt/airflow/dags/models/BTC_s1_n10_lstm_model.pth
[2026-06-19T12:14:47.705+0000] {processor.py:829} INFO - Processing file /opt/airflow/dags/models/BTC_s1_n10_lstm_model.pth for tasks to queue
[2026-06-19T12:14:47.706+0000] {logging_mixin.py:151} INFO - [2026-06-19T12:14:47.706+0000] {dagbag.py:539} INFO - Filling up the DagBag from /opt/airflow/dags/models/BTC_s1_n10_lstm_model.pth
[2026-06-19T12:14:47.716+0000] {processor.py:841} WARNING - No viable dags retrieved from /opt/airflow/dags/models/BTC_s1_n10_lstm_model.pth
[2026-06-19T12:14:47.732+0000] {processor.py:179} INFO - Processing /opt/airflow/dags/models/BTC_s1_n10_lstm_model.pth took 0.032 seconds
[2026-06-19T12:15:18.671+0000] {processor.py:157} INFO - Started process (PID=12059) to work on /opt/airflow/dags/models/BTC_s1_n10_lstm_model.pth
[2026-06-19T12:15:18.673+0000] {processor.py:829} INFO - Processing file /opt/airflow/dags/models/BTC_s1_n10_lstm_model.pth for tasks to queue
[2026-06-19T12:15:18.675+0000] {logging_mixin.py:151} INFO - [2026-06-19T12:15:18.674+0000] {dagbag.py:539} INFO - Filling up the DagBag from /opt/airflow/dags/models/BTC_s1_n10_lstm_model.pth
[2026-06-19T12:15:18.683+0000] {processor.py:841} WARNING - No viable dags retrieved from /opt/airflow/dags/models/BTC_s1_n10_lstm_model.pth
[2026-06-19T12:15:18.701+0000] {processor.py:179} INFO - Processing /opt/airflow/dags/models/BTC_s1_n10_lstm_model.pth took 0.033 seconds
[2026-06-19T12:15:48.771+0000] {processor.py:157} INFO - Started process (PID=12092) to work on /opt/airflow/dags/models/BTC_s1_n10_lstm_model.pth
[2026-06-19T12:15:48.773+0000] {processor.py:829} INFO - Processing file /opt/airflow/dags/models/BTC_s1_n10_lstm_model.pth for tasks to queue
[2026-06-19T12:15:48.774+0000] {logging_mixin.py:151} INFO - [2026-06-19T12:15:48.773+0000] {dagbag.py:539} INFO - Filling up the DagBag from /opt/airflow/dags/models/BTC_s1_n10_lstm_model.pth
[2026-06-19T12:15:48.783+0000] {processor.py:841} WARNING - No viable dags retrieved from /opt/airflow/dags/models/BTC_s1_n10_lstm_model.pth
[2026-06-19T12:15:48.801+0000] {processor.py:179} INFO - Processing /opt/airflow/dags/models/BTC_s1_n10_lstm_model.pth took 0.034 seconds
[2026-06-19T12:16:19.101+0000] {processor.py:157} INFO - Started process (PID=12125) to work on /opt/airflow/dags/models/BTC_s1_n10_lstm_model.pth
[2026-06-19T12:16:19.103+0000] {processor.py:829} INFO - Processing file /opt/airflow/dags/models/BTC_s1_n10_lstm_model.pth for tasks to queue
[2026-06-19T12:16:19.104+0000] {logging_mixin.py:151} INFO - [2026-06-19T12:16:19.103+0000] {dagbag.py:539} INFO - Filling up the DagBag from /opt/airflow/dags/models/BTC_s1_n10_lstm_model.pth
[2026-06-19T12:16:19.112+0000] {processor.py:841} WARNING - No viable dags retrieved from /opt/airflow/dags/models/BTC_s1_n10_lstm_model.pth
[2026-06-19T12:16:19.126+0000] {processor.py:179} INFO - Processing /opt/airflow/dags/models/BTC_s1_n10_lstm_model.pth took 0.029 seconds
[2026-06-19T12:16:50.129+0000] {processor.py:157} INFO - Started process (PID=12158) to work on /opt/airflow/dags/models/BTC_s1_n10_lstm_model.pth
[2026-06-19T12:16:50.131+0000] {processor.py:829} INFO - Processing file /opt/airflow/dags/models/BTC_s1_n10_lstm_model.pth for tasks to queue
[2026-06-19T12:16:50.132+0000] {logging_mixin.py:151} INFO - [2026-06-19T12:16:50.131+0000] {dagbag.py:539} INFO - Filling up the DagBag from /opt/airflow/dags/models/BTC_s1_n10_lstm_model.pth
[2026-06-19T12:16:50.140+0000] {processor.py:841} WARNING - No viable dags retrieved from /opt/airflow/dags/models/BTC_s1_n10_lstm_model.pth
[2026-06-19T12:16:50.155+0000] {processor.py:179} INFO - Processing /opt/airflow/dags/models/BTC_s1_n10_lstm_model.pth took 0.029 seconds
[2026-06-19T12:17:20.923+0000] {processor.py:157} INFO - Started process (PID=12191) to work on /opt/airflow/dags/models/BTC_s1_n10_lstm_model.pth
[2026-06-19T12:17:20.924+0000] {processor.py:829} INFO - Processing file /opt/airflow/dags/models/BTC_s1_n10_lstm_model.pth for tasks to queue
[2026-06-19T12:17:20.925+0000] {logging_mixin.py:151} INFO - [2026-06-19T12:17:20.925+0000] {dagbag.py:539} INFO - Filling up the DagBag from /opt/airflow/dags/models/BTC_s1_n10_lstm_model.pth
[2026-06-19T12:17:20.933+0000] {processor.py:841} WARNING - No viable dags retrieved from /opt/airflow/dags/models/BTC_s1_n10_lstm_model.pth
[2026-06-19T12:17:20.948+0000] {processor.py:179} INFO - Processing /opt/airflow/dags/models/BTC_s1_n10_lstm_model.pth took 0.028 seconds
[2026-06-19T12:17:51.054+0000] {processor.py:157} INFO - Started process (PID=12224) to work on /opt/airflow/dags/models/BTC_s1_n10_lstm_model.pth
[2026-06-19T12:17:51.055+0000] {processor.py:829} INFO - Processing file /opt/airflow/dags/models/BTC_s1_n10_lstm_model.pth for tasks to queue
[2026-06-19T12:17:51.056+0000] {logging_mixin.py:151} INFO - [2026-06-19T12:17:51.056+0000] {dagbag.py:539} INFO - Filling up the DagBag from /opt/airflow/dags/models/BTC_s1_n10_lstm_model.pth
[2026-06-19T12:17:51.066+0000] {processor.py:841} WARNING - No viable dags retrieved from /opt/airflow/dags/models/BTC_s1_n10_lstm_model.pth
[2026-06-19T12:17:51.080+0000] {processor.py:179} INFO - Processing /opt/airflow/dags/models/BTC_s1_n10_lstm_model.pth took 0.032 seconds
[2026-06-19T12:18:21.344+0000] {processor.py:157} INFO - Started process (PID=12257) to work on /opt/airflow/dags/models/BTC_s1_n10_lstm_model.pth
[2026-06-19T12:18:21.345+0000] {processor.py:829} INFO - Processing file /opt/airflow/dags/models/BTC_s1_n10_lstm_model.pth for tasks to queue
[2026-06-19T12:18:21.346+0000] {logging_mixin.py:151} INFO - [2026-06-19T12:18:21.346+0000] {dagbag.py:539} INFO - Filling up the DagBag from /opt/airflow/dags/models/BTC_s1_n10_lstm_model.pth
[2026-06-19T12:18:21.353+0000] {processor.py:841} WARNING - No viable dags retrieved from /opt/airflow/dags/models/BTC_s1_n10_lstm_model.pth
[2026-06-19T12:18:21.368+0000] {processor.py:179} INFO - Processing /opt/airflow/dags/models/BTC_s1_n10_lstm_model.pth took 0.027 seconds
[2026-06-19T12:18:51.423+0000] {processor.py:157} INFO - Started process (PID=12290) to work on /opt/airflow/dags/models/BTC_s1_n10_lstm_model.pth
[2026-06-19T12:18:51.425+0000] {processor.py:829} INFO - Processing file /opt/airflow/dags/models/BTC_s1_n10_lstm_model.pth for tasks to queue
[2026-06-19T12:18:51.426+0000] {logging_mixin.py:151} INFO - [2026-06-19T12:18:51.425+0000] {dagbag.py:539} INFO - Filling up the DagBag from /opt/airflow/dags/models/BTC_s1_n10_lstm_model.pth
[2026-06-19T12:18:51.433+0000] {processor.py:841} WARNING - No viable dags retrieved from /opt/airflow/dags/models/BTC_s1_n10_lstm_model.pth
[2026-06-19T12:18:51.448+0000] {processor.py:179} INFO - Processing /opt/airflow/dags/models/BTC_s1_n10_lstm_model.pth took 0.028 seconds
[2026-06-19T12:19:22.163+0000] {processor.py:157} INFO - Started process (PID=12323) to work on /opt/airflow/dags/models/BTC_s1_n10_lstm_model.pth
[2026-06-19T12:19:22.165+0000] {processor.py:829} INFO - Processing file /opt/airflow/dags/models/BTC_s1_n10_lstm_model.pth for tasks to queue
[2026-06-19T12:19:22.166+0000] {logging_mixin.py:151} INFO - [2026-06-19T12:19:22.166+0000] {dagbag.py:539} INFO - Filling up the DagBag from /opt/airflow/dags/models/BTC_s1_n10_lstm_model.pth
[2026-06-19T12:19:22.173+0000] {processor.py:841} WARNING - No viable dags retrieved from /opt/airflow/dags/models/BTC_s1_n10_lstm_model.pth
[2026-06-19T12:19:22.190+0000] {processor.py:179} INFO - Processing /opt/airflow/dags/models/BTC_s1_n10_lstm_model.pth took 0.030 seconds
[2026-06-19T12:19:52.852+0000] {processor.py:157} INFO - Started process (PID=12354) to work on /opt/airflow/dags/models/BTC_s1_n10_lstm_model.pth
[2026-06-19T12:19:52.854+0000] {processor.py:829} INFO - Processing file /opt/airflow/dags/models/BTC_s1_n10_lstm_model.pth for tasks to queue
[2026-06-19T12:19:52.855+0000] {logging_mixin.py:151} INFO - [2026-06-19T12:19:52.855+0000] {dagbag.py:539} INFO - Filling up the DagBag from /opt/airflow/dags/models/BTC_s1_n10_lstm_model.pth
[2026-06-19T12:19:52.864+0000] {processor.py:841} WARNING - No viable dags retrieved from /opt/airflow/dags/models/BTC_s1_n10_lstm_model.pth
[2026-06-19T12:19:52.878+0000] {processor.py:179} INFO - Processing /opt/airflow/dags/models/BTC_s1_n10_lstm_model.pth took 0.030 seconds
[2026-06-19T12:20:23.260+0000] {processor.py:157} INFO - Started process (PID=12378) to work on /opt/airflow/dags/models/BTC_s1_n10_lstm_model.pth
[2026-06-19T12:20:23.262+0000] {processor.py:829} INFO - Processing file /opt/airflow/dags/models/BTC_s1_n10_lstm_model.pth for tasks to queue
[2026-06-19T12:20:23.262+0000] {logging_mixin.py:151} INFO - [2026-06-19T12:20:23.262+0000] {dagbag.py:539} INFO - Filling up the DagBag from /opt/airflow/dags/models/BTC_s1_n10_lstm_model.pth
[2026-06-19T12:20:23.271+0000] {processor.py:841} WARNING - No viable dags retrieved from /opt/airflow/dags/models/BTC_s1_n10_lstm_model.pth
[2026-06-19T12:20:23.285+0000] {processor.py:179} INFO - Processing /opt/airflow/dags/models/BTC_s1_n10_lstm_model.pth took 0.029 seconds
[2026-06-19T12:20:53.406+0000] {processor.py:157} INFO - Started process (PID=12405) to work on /opt/airflow/dags/models/BTC_s1_n10_lstm_model.pth
[2026-06-19T12:20:53.408+0000] {processor.py:829} INFO - Processing file /opt/airflow/dags/models/BTC_s1_n10_lstm_model.pth for tasks to queue
[2026-06-19T12:20:53.409+0000] {logging_mixin.py:151} INFO - [2026-06-19T12:20:53.409+0000] {dagbag.py:539} INFO - Filling up the DagBag from /opt/airflow/dags/models/BTC_s1_n10_lstm_model.pth
[2026-06-19T12:20:53.420+0000] {processor.py:841} WARNING - No viable dags retrieved from /opt/airflow/dags/models/BTC_s1_n10_lstm_model.pth
[2026-06-19T12:20:53.443+0000] {processor.py:179} INFO - Processing /opt/airflow/dags/models/BTC_s1_n10_lstm_model.pth took 0.044 seconds
[2026-06-19T12:21:23.618+0000] {processor.py:157} INFO - Started process (PID=12434) to work on /opt/airflow/dags/models/BTC_s1_n10_lstm_model.pth
[2026-06-19T12:21:23.619+0000] {processor.py:829} INFO - Processing file /opt/airflow/dags/models/BTC_s1_n10_lstm_model.pth for tasks to queue
[2026-06-19T12:21:23.620+0000] {logging_mixin.py:151} INFO - [2026-06-19T12:21:23.620+0000] {dagbag.py:539} INFO - Filling up the DagBag from /opt/airflow/dags/models/BTC_s1_n10_lstm_model.pth
[2026-06-19T12:21:23.627+0000] {processor.py:841} WARNING - No viable dags retrieved from /opt/airflow/dags/models/BTC_s1_n10_lstm_model.pth
[2026-06-19T12:21:23.639+0000] {processor.py:179} INFO - Processing /opt/airflow/dags/models/BTC_s1_n10_lstm_model.pth took 0.025 seconds
[2026-06-19T12:21:53.764+0000] {processor.py:157} INFO - Started process (PID=12467) to work on /opt/airflow/dags/models/BTC_s1_n10_lstm_model.pth
[2026-06-19T12:21:53.765+0000] {processor.py:829} INFO - Processing file /opt/airflow/dags/models/BTC_s1_n10_lstm_model.pth for tasks to queue
[2026-06-19T12:21:53.766+0000] {logging_mixin.py:151} INFO - [2026-06-19T12:21:53.766+0000] {dagbag.py:539} INFO - Filling up the DagBag from /opt/airflow/dags/models/BTC_s1_n10_lstm_model.pth
[2026-06-19T12:21:53.773+0000] {processor.py:841} WARNING - No viable dags retrieved from /opt/airflow/dags/models/BTC_s1_n10_lstm_model.pth
[2026-06-19T12:21:53.787+0000] {processor.py:179} INFO - Processing /opt/airflow/dags/models/BTC_s1_n10_lstm_model.pth took 0.027 seconds
[2026-06-19T12:22:24.488+0000] {processor.py:157} INFO - Started process (PID=12500) to work on /opt/airflow/dags/models/BTC_s1_n10_lstm_model.pth
[2026-06-19T12:22:24.490+0000] {processor.py:829} INFO - Processing file /opt/airflow/dags/models/BTC_s1_n10_lstm_model.pth for tasks to queue
[2026-06-19T12:22:24.491+0000] {logging_mixin.py:151} INFO - [2026-06-19T12:22:24.491+0000] {dagbag.py:539} INFO - Filling up the DagBag from /opt/airflow/dags/models/BTC_s1_n10_lstm_model.pth
[2026-06-19T12:22:24.499+0000] {processor.py:841} WARNING - No viable dags retrieved from /opt/airflow/dags/models/BTC_s1_n10_lstm_model.pth
[2026-06-19T12:22:24.515+0000] {processor.py:179} INFO - Processing /opt/airflow/dags/models/BTC_s1_n10_lstm_model.pth took 0.030 seconds
[2026-06-19T12:22:54.744+0000] {processor.py:157} INFO - Started process (PID=12533) to work on /opt/airflow/dags/models/BTC_s1_n10_lstm_model.pth
[2026-06-19T12:22:54.746+0000] {processor.py:829} INFO - Processing file /opt/airflow/dags/models/BTC_s1_n10_lstm_model.pth for tasks to queue
[2026-06-19T12:22:54.746+0000] {logging_mixin.py:151} INFO - [2026-06-19T12:22:54.746+0000] {dagbag.py:539} INFO - Filling up the DagBag from /opt/airflow/dags/models/BTC_s1_n10_lstm_model.pth
[2026-06-19T12:22:54.754+0000] {processor.py:841} WARNING - No viable dags retrieved from /opt/airflow/dags/models/BTC_s1_n10_lstm_model.pth
[2026-06-19T12:22:54.769+0000] {processor.py:179} INFO - Processing /opt/airflow/dags/models/BTC_s1_n10_lstm_model.pth took 0.028 seconds
[2026-06-19T12:23:24.833+0000] {processor.py:157} INFO - Started process (PID=12566) to work on /opt/airflow/dags/models/BTC_s1_n10_lstm_model.pth
[2026-06-19T12:23:24.834+0000] {processor.py:829} INFO - Processing file /opt/airflow/dags/models/BTC_s1_n10_lstm_model.pth for tasks to queue
[2026-06-19T12:23:24.835+0000] {logging_mixin.py:151} INFO - [2026-06-19T12:23:24.835+0000] {dagbag.py:539} INFO - Filling up the DagBag from /opt/airflow/dags/models/BTC_s1_n10_lstm_model.pth
[2026-06-19T12:23:24.845+0000] {processor.py:841} WARNING - No viable dags retrieved from /opt/airflow/dags/models/BTC_s1_n10_lstm_model.pth
[2026-06-19T12:23:24.863+0000] {processor.py:179} INFO - Processing /opt/airflow/dags/models/BTC_s1_n10_lstm_model.pth took 0.034 seconds
[2026-06-19T12:23:55.353+0000] {processor.py:157} INFO - Started process (PID=12599) to work on /opt/airflow/dags/models/BTC_s1_n10_lstm_model.pth
[2026-06-19T12:23:55.354+0000] {processor.py:829} INFO - Processing file /opt/airflow/dags/models/BTC_s1_n10_lstm_model.pth for tasks to queue
[2026-06-19T12:23:55.355+0000] {logging_mixin.py:151} INFO - [2026-06-19T12:23:55.355+0000] {dagbag.py:539} INFO - Filling up the DagBag from /opt/airflow/dags/models/BTC_s1_n10_lstm_model.pth
[2026-06-19T12:23:55.365+0000] {processor.py:841} WARNING - No viable dags retrieved from /opt/airflow/dags/models/BTC_s1_n10_lstm_model.pth
[2026-06-19T12:23:55.383+0000] {processor.py:179} INFO - Processing /opt/airflow/dags/models/BTC_s1_n10_lstm_model.pth took 0.035 seconds
[2026-06-19T12:24:25.623+0000] {processor.py:157} INFO - Started process (PID=12632) to work on /opt/airflow/dags/models/BTC_s1_n10_lstm_model.pth
[2026-06-19T12:24:25.624+0000] {processor.py:829} INFO - Processing file /opt/airflow/dags/models/BTC_s1_n10_lstm_model.pth for tasks to queue
[2026-06-19T12:24:25.626+0000] {logging_mixin.py:151} INFO - [2026-06-19T12:24:25.625+0000] {dagbag.py:539} INFO - Filling up the DagBag from /opt/airflow/dags/models/BTC_s1_n10_lstm_model.pth
[2026-06-19T12:24:25.635+0000] {processor.py:841} WARNING - No viable dags retrieved from /opt/airflow/dags/models/BTC_s1_n10_lstm_model.pth
[2026-06-19T12:24:25.653+0000] {processor.py:179} INFO - Processing /opt/airflow/dags/models/BTC_s1_n10_lstm_model.pth took 0.034 seconds
[2026-06-19T12:24:56.013+0000] {processor.py:157} INFO - Started process (PID=12665) to work on /opt/airflow/dags/models/BTC_s1_n10_lstm_model.pth
[2026-06-19T12:24:56.015+0000] {processor.py:829} INFO - Processing file /opt/airflow/dags/models/BTC_s1_n10_lstm_model.pth for tasks to queue
[2026-06-19T12:24:56.016+0000] {logging_mixin.py:151} INFO - [2026-06-19T12:24:56.015+0000] {dagbag.py:539} INFO - Filling up the DagBag from /opt/airflow/dags/models/BTC_s1_n10_lstm_model.pth
[2026-06-19T12:24:56.023+0000] {processor.py:841} WARNING - No viable dags retrieved from /opt/airflow/dags/models/BTC_s1_n10_lstm_model.pth
[2026-06-19T12:24:56.037+0000] {processor.py:179} INFO - Processing /opt/airflow/dags/models/BTC_s1_n10_lstm_model.pth took 0.029 seconds
[2026-06-19T12:25:26.476+0000] {processor.py:157} INFO - Started process (PID=12698) to work on /opt/airflow/dags/models/BTC_s1_n10_lstm_model.pth
[2026-06-19T12:25:26.478+0000] {processor.py:829} INFO - Processing file /opt/airflow/dags/models/BTC_s1_n10_lstm_model.pth for tasks to queue
[2026-06-19T12:25:26.479+0000] {logging_mixin.py:151} INFO - [2026-06-19T12:25:26.479+0000] {dagbag.py:539} INFO - Filling up the DagBag from /opt/airflow/dags/models/BTC_s1_n10_lstm_model.pth
[2026-06-19T12:25:26.489+0000] {processor.py:841} WARNING - No viable dags retrieved from /opt/airflow/dags/models/BTC_s1_n10_lstm_model.pth
[2026-06-19T12:25:26.509+0000] {processor.py:179} INFO - Processing /opt/airflow/dags/models/BTC_s1_n10_lstm_model.pth took 0.037 seconds
[2026-06-19T12:25:58.641+0000] {processor.py:157} INFO - Started process (PID=12729) to work on /opt/airflow/dags/models/BTC_s1_n10_lstm_model.pth
[2026-06-19T12:25:58.642+0000] {processor.py:829} INFO - Processing file /opt/airflow/dags/models/BTC_s1_n10_lstm_model.pth for tasks to queue
[2026-06-19T12:25:58.643+0000] {logging_mixin.py:151} INFO - [2026-06-19T12:25:58.643+0000] {dagbag.py:539} INFO - Filling up the DagBag from /opt/airflow/dags/models/BTC_s1_n10_lstm_model.pth
[2026-06-19T12:25:58.653+0000] {processor.py:841} WARNING - No viable dags retrieved from /opt/airflow/dags/models/BTC_s1_n10_lstm_model.pth
[2026-06-19T12:25:58.669+0000] {processor.py:179} INFO - Processing /opt/airflow/dags/models/BTC_s1_n10_lstm_model.pth took 0.031 seconds
[2026-06-19T12:26:29.004+0000] {processor.py:157} INFO - Started process (PID=12754) to work on /opt/airflow/dags/models/BTC_s1_n10_lstm_model.pth
[2026-06-19T12:26:29.005+0000] {processor.py:829} INFO - Processing file /opt/airflow/dags/models/BTC_s1_n10_lstm_model.pth for tasks to queue
[2026-06-19T12:26:29.007+0000] {logging_mixin.py:151} INFO - [2026-06-19T12:26:29.006+0000] {dagbag.py:539} INFO - Filling up the DagBag from /opt/airflow/dags/models/BTC_s1_n10_lstm_model.pth
[2026-06-19T12:26:29.015+0000] {processor.py:841} WARNING - No viable dags retrieved from /opt/airflow/dags/models/BTC_s1_n10_lstm_model.pth
[2026-06-19T12:26:29.029+0000] {processor.py:179} INFO - Processing /opt/airflow/dags/models/BTC_s1_n10_lstm_model.pth took 0.028 seconds
[2026-06-19T12:26:59.400+0000] {processor.py:157} INFO - Started process (PID=12779) to work on /opt/airflow/dags/models/BTC_s1_n10_lstm_model.pth
[2026-06-19T12:26:59.401+0000] {processor.py:829} INFO - Processing file /opt/airflow/dags/models/BTC_s1_n10_lstm_model.pth for tasks to queue
[2026-06-19T12:26:59.402+0000] {logging_mixin.py:151} INFO - [2026-06-19T12:26:59.402+0000] {dagbag.py:539} INFO - Filling up the DagBag from /opt/airflow/dags/models/BTC_s1_n10_lstm_model.pth
[2026-06-19T12:26:59.412+0000] {processor.py:841} WARNING - No viable dags retrieved from /opt/airflow/dags/models/BTC_s1_n10_lstm_model.pth
[2026-06-19T12:26:59.429+0000] {processor.py:179} INFO - Processing /opt/airflow/dags/models/BTC_s1_n10_lstm_model.pth took 0.032 seconds
[2026-06-19T12:27:29.499+0000] {processor.py:157} INFO - Started process (PID=12809) to work on /opt/airflow/dags/models/BTC_s1_n10_lstm_model.pth
[2026-06-19T12:27:29.501+0000] {processor.py:829} INFO - Processing file /opt/airflow/dags/models/BTC_s1_n10_lstm_model.pth for tasks to queue
[2026-06-19T12:27:29.501+0000] {logging_mixin.py:151} INFO - [2026-06-19T12:27:29.501+0000] {dagbag.py:539} INFO - Filling up the DagBag from /opt/airflow/dags/models/BTC_s1_n10_lstm_model.pth
[2026-06-19T12:27:29.510+0000] {processor.py:841} WARNING - No viable dags retrieved from /opt/airflow/dags/models/BTC_s1_n10_lstm_model.pth
[2026-06-19T12:27:29.528+0000] {processor.py:179} INFO - Processing /opt/airflow/dags/models/BTC_s1_n10_lstm_model.pth took 0.034 seconds
[2026-06-19T12:27:59.774+0000] {processor.py:157} INFO - Started process (PID=12842) to work on /opt/airflow/dags/models/BTC_s1_n10_lstm_model.pth
[2026-06-19T12:27:59.775+0000] {processor.py:829} INFO - Processing file /opt/airflow/dags/models/BTC_s1_n10_lstm_model.pth for tasks to queue
[2026-06-19T12:27:59.777+0000] {logging_mixin.py:151} INFO - [2026-06-19T12:27:59.776+0000] {dagbag.py:539} INFO - Filling up the DagBag from /opt/airflow/dags/models/BTC_s1_n10_lstm_model.pth
[2026-06-19T12:27:59.785+0000] {processor.py:841} WARNING - No viable dags retrieved from /opt/airflow/dags/models/BTC_s1_n10_lstm_model.pth
[2026-06-19T12:27:59.801+0000] {processor.py:179} INFO - Processing /opt/airflow/dags/models/BTC_s1_n10_lstm_model.pth took 0.030 seconds
[2026-06-19T12:28:30.225+0000] {processor.py:157} INFO - Started process (PID=12875) to work on /opt/airflow/dags/models/BTC_s1_n10_lstm_model.pth
[2026-06-19T12:28:30.226+0000] {processor.py:829} INFO - Processing file /opt/airflow/dags/models/BTC_s1_n10_lstm_model.pth for tasks to queue
[2026-06-19T12:28:30.227+0000] {logging_mixin.py:151} INFO - [2026-06-19T12:28:30.227+0000] {dagbag.py:539} INFO - Filling up the DagBag from /opt/airflow/dags/models/BTC_s1_n10_lstm_model.pth
[2026-06-19T12:28:30.238+0000] {processor.py:841} WARNING - No viable dags retrieved from /opt/airflow/dags/models/BTC_s1_n10_lstm_model.pth
[2026-06-19T12:28:30.259+0000] {processor.py:179} INFO - Processing /opt/airflow/dags/models/BTC_s1_n10_lstm_model.pth took 0.038 seconds
[2026-06-19T12:29:00.813+0000] {processor.py:157} INFO - Started process (PID=12908) to work on /opt/airflow/dags/models/BTC_s1_n10_lstm_model.pth
[2026-06-19T12:29:00.815+0000] {processor.py:829} INFO - Processing file /opt/airflow/dags/models/BTC_s1_n10_lstm_model.pth for tasks to queue
[2026-06-19T12:29:00.817+0000] {logging_mixin.py:151} INFO - [2026-06-19T12:29:00.816+0000] {dagbag.py:539} INFO - Filling up the DagBag from /opt/airflow/dags/models/BTC_s1_n10_lstm_model.pth
[2026-06-19T12:29:00.828+0000] {processor.py:841} WARNING - No viable dags retrieved from /opt/airflow/dags/models/BTC_s1_n10_lstm_model.pth
[2026-06-19T12:29:00.852+0000] {processor.py:179} INFO - Processing /opt/airflow/dags/models/BTC_s1_n10_lstm_model.pth took 0.044 seconds
[2026-06-19T12:29:31.064+0000] {processor.py:157} INFO - Started process (PID=12941) to work on /opt/airflow/dags/models/BTC_s1_n10_lstm_model.pth
[2026-06-19T12:29:31.065+0000] {processor.py:829} INFO - Processing file /opt/airflow/dags/models/BTC_s1_n10_lstm_model.pth for tasks to queue
[2026-06-19T12:29:31.066+0000] {logging_mixin.py:151} INFO - [2026-06-19T12:29:31.066+0000] {dagbag.py:539} INFO - Filling up the DagBag from /opt/airflow/dags/models/BTC_s1_n10_lstm_model.pth
[2026-06-19T12:29:31.077+0000] {processor.py:841} WARNING - No viable dags retrieved from /opt/airflow/dags/models/BTC_s1_n10_lstm_model.pth
[2026-06-19T12:29:31.097+0000] {processor.py:179} INFO - Processing /opt/airflow/dags/models/BTC_s1_n10_lstm_model.pth took 0.038 seconds
[2026-06-19T12:30:01.192+0000] {processor.py:157} INFO - Started process (PID=12974) to work on /opt/airflow/dags/models/BTC_s1_n10_lstm_model.pth
[2026-06-19T12:30:01.193+0000] {processor.py:829} INFO - Processing file /opt/airflow/dags/models/BTC_s1_n10_lstm_model.pth for tasks to queue
[2026-06-19T12:30:01.195+0000] {logging_mixin.py:151} INFO - [2026-06-19T12:30:01.194+0000] {dagbag.py:539} INFO - Filling up the DagBag from /opt/airflow/dags/models/BTC_s1_n10_lstm_model.pth
[2026-06-19T12:30:01.204+0000] {processor.py:841} WARNING - No viable dags retrieved from /opt/airflow/dags/models/BTC_s1_n10_lstm_model.pth
[2026-06-19T12:30:01.220+0000] {processor.py:179} INFO - Processing /opt/airflow/dags/models/BTC_s1_n10_lstm_model.pth took 0.033 seconds
[2026-06-19T12:30:31.290+0000] {processor.py:157} INFO - Started process (PID=13007) to work on /opt/airflow/dags/models/BTC_s1_n10_lstm_model.pth
[2026-06-19T12:30:31.292+0000] {processor.py:829} INFO - Processing file /opt/airflow/dags/models/BTC_s1_n10_lstm_model.pth for tasks to queue
[2026-06-19T12:30:31.294+0000] {logging_mixin.py:151} INFO - [2026-06-19T12:30:31.293+0000] {dagbag.py:539} INFO - Filling up the DagBag from /opt/airflow/dags/models/BTC_s1_n10_lstm_model.pth
[2026-06-19T12:30:31.304+0000] {processor.py:841} WARNING - No viable dags retrieved from /opt/airflow/dags/models/BTC_s1_n10_lstm_model.pth
[2026-06-19T12:30:31.324+0000] {processor.py:179} INFO - Processing /opt/airflow/dags/models/BTC_s1_n10_lstm_model.pth took 0.042 seconds
[2026-06-19T12:31:01.429+0000] {processor.py:157} INFO - Started process (PID=13040) to work on /opt/airflow/dags/models/BTC_s1_n10_lstm_model.pth
[2026-06-19T12:31:01.430+0000] {processor.py:829} INFO - Processing file /opt/airflow/dags/models/BTC_s1_n10_lstm_model.pth for tasks to queue
[2026-06-19T12:31:01.431+0000] {logging_mixin.py:151} INFO - [2026-06-19T12:31:01.431+0000] {dagbag.py:539} INFO - Filling up the DagBag from /opt/airflow/dags/models/BTC_s1_n10_lstm_model.pth
[2026-06-19T12:31:01.439+0000] {processor.py:841} WARNING - No viable dags retrieved from /opt/airflow/dags/models/BTC_s1_n10_lstm_model.pth
[2026-06-19T12:31:01.455+0000] {processor.py:179} INFO - Processing /opt/airflow/dags/models/BTC_s1_n10_lstm_model.pth took 0.030 seconds
[2026-06-19T12:31:31.665+0000] {processor.py:157} INFO - Started process (PID=13073) to work on /opt/airflow/dags/models/BTC_s1_n10_lstm_model.pth
[2026-06-19T12:31:31.666+0000] {processor.py:829} INFO - Processing file /opt/airflow/dags/models/BTC_s1_n10_lstm_model.pth for tasks to queue
[2026-06-19T12:31:31.667+0000] {logging_mixin.py:151} INFO - [2026-06-19T12:31:31.667+0000] {dagbag.py:539} INFO - Filling up the DagBag from /opt/airflow/dags/models/BTC_s1_n10_lstm_model.pth
[2026-06-19T12:31:31.675+0000] {processor.py:841} WARNING - No viable dags retrieved from /opt/airflow/dags/models/BTC_s1_n10_lstm_model.pth
[2026-06-19T12:31:31.691+0000] {processor.py:179} INFO - Processing /opt/airflow/dags/models/BTC_s1_n10_lstm_model.pth took 0.029 seconds
[2026-06-19T12:32:03.795+0000] {processor.py:157} INFO - Started process (PID=13104) to work on /opt/airflow/dags/models/BTC_s1_n10_lstm_model.pth
[2026-06-19T12:32:03.796+0000] {processor.py:829} INFO - Processing file /opt/airflow/dags/models/BTC_s1_n10_lstm_model.pth for tasks to queue
[2026-06-19T12:32:03.798+0000] {logging_mixin.py:151} INFO - [2026-06-19T12:32:03.797+0000] {dagbag.py:539} INFO - Filling up the DagBag from /opt/airflow/dags/models/BTC_s1_n10_lstm_model.pth
[2026-06-19T12:32:03.806+0000] {processor.py:841} WARNING - No viable dags retrieved from /opt/airflow/dags/models/BTC_s1_n10_lstm_model.pth
[2026-06-19T12:32:03.823+0000] {processor.py:179} INFO - Processing /opt/airflow/dags/models/BTC_s1_n10_lstm_model.pth took 0.032 seconds
[2026-06-19T12:32:37.375+0000] {processor.py:157} INFO - Started process (PID=13137) to work on /opt/airflow/dags/models/BTC_s1_n10_lstm_model.pth
[2026-06-19T12:32:37.376+0000] {processor.py:829} INFO - Processing file /opt/airflow/dags/models/BTC_s1_n10_lstm_model.pth for tasks to queue
[2026-06-19T12:32:37.377+0000] {logging_mixin.py:151} INFO - [2026-06-19T12:32:37.377+0000] {dagbag.py:539} INFO - Filling up the DagBag from /opt/airflow/dags/models/BTC_s1_n10_lstm_model.pth
[2026-06-19T12:32:37.388+0000] {processor.py:841} WARNING - No viable dags retrieved from /opt/airflow/dags/models/BTC_s1_n10_lstm_model.pth
[2026-06-19T12:32:37.426+0000] {processor.py:179} INFO - Processing /opt/airflow/dags/models/BTC_s1_n10_lstm_model.pth took 0.055 seconds
[2026-06-19T12:33:07.556+0000] {processor.py:157} INFO - Started process (PID=13161) to work on /opt/airflow/dags/models/BTC_s1_n10_lstm_model.pth
[2026-06-19T12:33:07.557+0000] {processor.py:829} INFO - Processing file /opt/airflow/dags/models/BTC_s1_n10_lstm_model.pth for tasks to queue
[2026-06-19T12:33:07.558+0000] {logging_mixin.py:151} INFO - [2026-06-19T12:33:07.558+0000] {dagbag.py:539} INFO - Filling up the DagBag from /opt/airflow/dags/models/BTC_s1_n10_lstm_model.pth
[2026-06-19T12:33:07.566+0000] {processor.py:841} WARNING - No viable dags retrieved from /opt/airflow/dags/models/BTC_s1_n10_lstm_model.pth
[2026-06-19T12:33:07.581+0000] {processor.py:179} INFO - Processing /opt/airflow/dags/models/BTC_s1_n10_lstm_model.pth took 0.029 seconds
[2026-06-19T12:33:37.909+0000] {processor.py:157} INFO - Started process (PID=13188) to work on /opt/airflow/dags/models/BTC_s1_n10_lstm_model.pth
[2026-06-19T12:33:37.911+0000] {processor.py:829} INFO - Processing file /opt/airflow/dags/models/BTC_s1_n10_lstm_model.pth for tasks to queue
[2026-06-19T12:33:37.913+0000] {logging_mixin.py:151} INFO - [2026-06-19T12:33:37.912+0000] {dagbag.py:539} INFO - Filling up the DagBag from /opt/airflow/dags/models/BTC_s1_n10_lstm_model.pth
[2026-06-19T12:33:37.922+0000] {processor.py:841} WARNING - No viable dags retrieved from /opt/airflow/dags/models/BTC_s1_n10_lstm_model.pth
[2026-06-19T12:33:37.943+0000] {processor.py:179} INFO - Processing /opt/airflow/dags/models/BTC_s1_n10_lstm_model.pth took 0.039 seconds
[2026-06-19T12:34:08.161+0000] {processor.py:157} INFO - Started process (PID=13217) to work on /opt/airflow/dags/models/BTC_s1_n10_lstm_model.pth
[2026-06-19T12:34:08.162+0000] {processor.py:829} INFO - Processing file /opt/airflow/dags/models/BTC_s1_n10_lstm_model.pth for tasks to queue
[2026-06-19T12:34:08.163+0000] {logging_mixin.py:151} INFO - [2026-06-19T12:34:08.163+0000] {dagbag.py:539} INFO - Filling up the DagBag from /opt/airflow/dags/models/BTC_s1_n10_lstm_model.pth
[2026-06-19T12:34:08.175+0000] {processor.py:841} WARNING - No viable dags retrieved from /opt/airflow/dags/models/BTC_s1_n10_lstm_model.pth
[2026-06-19T12:34:08.195+0000] {processor.py:179} INFO - Processing /opt/airflow/dags/models/BTC_s1_n10_lstm_model.pth took 0.039 seconds
[2026-06-19T12:34:38.430+0000] {processor.py:157} INFO - Started process (PID=13250) to work on /opt/airflow/dags/models/BTC_s1_n10_lstm_model.pth
[2026-06-19T12:34:38.432+0000] {processor.py:829} INFO - Processing file /opt/airflow/dags/models/BTC_s1_n10_lstm_model.pth for tasks to queue
[2026-06-19T12:34:38.433+0000] {logging_mixin.py:151} INFO - [2026-06-19T12:34:38.433+0000] {dagbag.py:539} INFO - Filling up the DagBag from /opt/airflow/dags/models/BTC_s1_n10_lstm_model.pth
[2026-06-19T12:34:38.441+0000] {processor.py:841} WARNING - No viable dags retrieved from /opt/airflow/dags/models/BTC_s1_n10_lstm_model.pth
[2026-06-19T12:34:38.455+0000] {processor.py:179} INFO - Processing /opt/airflow/dags/models/BTC_s1_n10_lstm_model.pth took 0.029 seconds
[2026-06-19T12:35:08.626+0000] {processor.py:157} INFO - Started process (PID=13283) to work on /opt/airflow/dags/models/BTC_s1_n10_lstm_model.pth
[2026-06-19T12:35:08.627+0000] {processor.py:829} INFO - Processing file /opt/airflow/dags/models/BTC_s1_n10_lstm_model.pth for tasks to queue
[2026-06-19T12:35:08.628+0000] {logging_mixin.py:151} INFO - [2026-06-19T12:35:08.628+0000] {dagbag.py:539} INFO - Filling up the DagBag from /opt/airflow/dags/models/BTC_s1_n10_lstm_model.pth
[2026-06-19T12:35:08.638+0000] {processor.py:841} WARNING - No viable dags retrieved from /opt/airflow/dags/models/BTC_s1_n10_lstm_model.pth
[2026-06-19T12:35:08.658+0000] {processor.py:179} INFO - Processing /opt/airflow/dags/models/BTC_s1_n10_lstm_model.pth took 0.036 seconds
[2026-06-19T12:35:39.577+0000] {processor.py:157} INFO - Started process (PID=13316) to work on /opt/airflow/dags/models/BTC_s1_n10_lstm_model.pth
[2026-06-19T12:35:39.579+0000] {processor.py:829} INFO - Processing file /opt/airflow/dags/models/BTC_s1_n10_lstm_model.pth for tasks to queue
[2026-06-19T12:35:39.579+0000] {logging_mixin.py:151} INFO - [2026-06-19T12:35:39.579+0000] {dagbag.py:539} INFO - Filling up the DagBag from /opt/airflow/dags/models/BTC_s1_n10_lstm_model.pth
[2026-06-19T12:35:39.587+0000] {processor.py:841} WARNING - No viable dags retrieved from /opt/airflow/dags/models/BTC_s1_n10_lstm_model.pth
[2026-06-19T12:35:39.604+0000] {processor.py:179} INFO - Processing /opt/airflow/dags/models/BTC_s1_n10_lstm_model.pth took 0.033 seconds
[2026-06-19T12:36:09.700+0000] {processor.py:157} INFO - Started process (PID=13349) to work on /opt/airflow/dags/models/BTC_s1_n10_lstm_model.pth
[2026-06-19T12:36:09.701+0000] {processor.py:829} INFO - Processing file /opt/airflow/dags/models/BTC_s1_n10_lstm_model.pth for tasks to queue
[2026-06-19T12:36:09.702+0000] {logging_mixin.py:151} INFO - [2026-06-19T12:36:09.702+0000] {dagbag.py:539} INFO - Filling up the DagBag from /opt/airflow/dags/models/BTC_s1_n10_lstm_model.pth
[2026-06-19T12:36:09.711+0000] {processor.py:841} WARNING - No viable dags retrieved from /opt/airflow/dags/models/BTC_s1_n10_lstm_model.pth
[2026-06-19T12:36:09.726+0000] {processor.py:179} INFO - Processing /opt/airflow/dags/models/BTC_s1_n10_lstm_model.pth took 0.030 seconds
[2026-06-19T12:36:40.086+0000] {processor.py:157} INFO - Started process (PID=13382) to work on /opt/airflow/dags/models/BTC_s1_n10_lstm_model.pth
[2026-06-19T12:36:40.087+0000] {processor.py:829} INFO - Processing file /opt/airflow/dags/models/BTC_s1_n10_lstm_model.pth for tasks to queue
[2026-06-19T12:36:40.088+0000] {logging_mixin.py:151} INFO - [2026-06-19T12:36:40.088+0000] {dagbag.py:539} INFO - Filling up the DagBag from /opt/airflow/dags/models/BTC_s1_n10_lstm_model.pth
[2026-06-19T12:36:40.096+0000] {processor.py:841} WARNING - No viable dags retrieved from /opt/airflow/dags/models/BTC_s1_n10_lstm_model.pth
[2026-06-19T12:36:40.109+0000] {processor.py:179} INFO - Processing /opt/airflow/dags/models/BTC_s1_n10_lstm_model.pth took 0.028 seconds
[2026-06-19T12:37:10.558+0000] {processor.py:157} INFO - Started process (PID=13415) to work on /opt/airflow/dags/models/BTC_s1_n10_lstm_model.pth
[2026-06-19T12:37:10.560+0000] {processor.py:829} INFO - Processing file /opt/airflow/dags/models/BTC_s1_n10_lstm_model.pth for tasks to queue
[2026-06-19T12:37:10.561+0000] {logging_mixin.py:151} INFO - [2026-06-19T12:37:10.561+0000] {dagbag.py:539} INFO - Filling up the DagBag from /opt/airflow/dags/models/BTC_s1_n10_lstm_model.pth
[2026-06-19T12:37:10.569+0000] {processor.py:841} WARNING - No viable dags retrieved from /opt/airflow/dags/models/BTC_s1_n10_lstm_model.pth
[2026-06-19T12:37:10.586+0000] {processor.py:179} INFO - Processing /opt/airflow/dags/models/BTC_s1_n10_lstm_model.pth took 0.031 seconds
[2026-06-19T12:37:41.333+0000] {processor.py:157} INFO - Started process (PID=13448) to work on /opt/airflow/dags/models/BTC_s1_n10_lstm_model.pth
[2026-06-19T12:37:41.335+0000] {processor.py:829} INFO - Processing file /opt/airflow/dags/models/BTC_s1_n10_lstm_model.pth for tasks to queue
[2026-06-19T12:37:41.336+0000] {logging_mixin.py:151} INFO - [2026-06-19T12:37:41.336+0000] {dagbag.py:539} INFO - Filling up the DagBag from /opt/airflow/dags/models/BTC_s1_n10_lstm_model.pth
[2026-06-19T12:37:41.348+0000] {processor.py:841} WARNING - No viable dags retrieved from /opt/airflow/dags/models/BTC_s1_n10_lstm_model.pth
[2026-06-19T12:37:41.366+0000] {processor.py:179} INFO - Processing /opt/airflow/dags/models/BTC_s1_n10_lstm_model.pth took 0.037 seconds
[2026-06-19T12:38:11.681+0000] {processor.py:157} INFO - Started process (PID=13481) to work on /opt/airflow/dags/models/BTC_s1_n10_lstm_model.pth
[2026-06-19T12:38:11.682+0000] {processor.py:829} INFO - Processing file /opt/airflow/dags/models/BTC_s1_n10_lstm_model.pth for tasks to queue
[2026-06-19T12:38:11.683+0000] {logging_mixin.py:151} INFO - [2026-06-19T12:38:11.683+0000] {dagbag.py:539} INFO - Filling up the DagBag from /opt/airflow/dags/models/BTC_s1_n10_lstm_model.pth
[2026-06-19T12:38:11.693+0000] {processor.py:841} WARNING - No viable dags retrieved from /opt/airflow/dags/models/BTC_s1_n10_lstm_model.pth
[2026-06-19T12:38:11.709+0000] {processor.py:179} INFO - Processing /opt/airflow/dags/models/BTC_s1_n10_lstm_model.pth took 0.032 seconds
[2026-06-19T12:38:41.881+0000] {processor.py:157} INFO - Started process (PID=13514) to work on /opt/airflow/dags/models/BTC_s1_n10_lstm_model.pth
[2026-06-19T12:38:41.883+0000] {processor.py:829} INFO - Processing file /opt/airflow/dags/models/BTC_s1_n10_lstm_model.pth for tasks to queue
[2026-06-19T12:38:41.883+0000] {logging_mixin.py:151} INFO - [2026-06-19T12:38:41.883+0000] {dagbag.py:539} INFO - Filling up the DagBag from /opt/airflow/dags/models/BTC_s1_n10_lstm_model.pth
[2026-06-19T12:38:41.891+0000] {processor.py:841} WARNING - No viable dags retrieved from /opt/airflow/dags/models/BTC_s1_n10_lstm_model.pth
[2026-06-19T12:38:41.905+0000] {processor.py:179} INFO - Processing /opt/airflow/dags/models/BTC_s1_n10_lstm_model.pth took 0.028 seconds
[2026-06-19T12:39:14.760+0000] {processor.py:157} INFO - Started process (PID=13546) to work on /opt/airflow/dags/models/BTC_s1_n10_lstm_model.pth
[2026-06-19T12:39:14.762+0000] {processor.py:829} INFO - Processing file /opt/airflow/dags/models/BTC_s1_n10_lstm_model.pth for tasks to queue
[2026-06-19T12:39:14.763+0000] {logging_mixin.py:151} INFO - [2026-06-19T12:39:14.763+0000] {dagbag.py:539} INFO - Filling up the DagBag from /opt/airflow/dags/models/BTC_s1_n10_lstm_model.pth
[2026-06-19T12:39:14.771+0000] {processor.py:841} WARNING - No viable dags retrieved from /opt/airflow/dags/models/BTC_s1_n10_lstm_model.pth
[2026-06-19T12:39:14.785+0000] {processor.py:179} INFO - Processing /opt/airflow/dags/models/BTC_s1_n10_lstm_model.pth took 0.028 seconds
[2026-06-19T12:39:48.832+0000] {processor.py:157} INFO - Started process (PID=13586) to work on /opt/airflow/dags/models/BTC_s1_n10_lstm_model.pth
[2026-06-19T12:39:48.834+0000] {processor.py:829} INFO - Processing file /opt/airflow/dags/models/BTC_s1_n10_lstm_model.pth for tasks to queue
[2026-06-19T12:39:48.835+0000] {logging_mixin.py:151} INFO - [2026-06-19T12:39:48.834+0000] {dagbag.py:539} INFO - Filling up the DagBag from /opt/airflow/dags/models/BTC_s1_n10_lstm_model.pth
[2026-06-19T12:39:48.842+0000] {processor.py:841} WARNING - No viable dags retrieved from /opt/airflow/dags/models/BTC_s1_n10_lstm_model.pth
[2026-06-19T12:39:48.857+0000] {processor.py:179} INFO - Processing /opt/airflow/dags/models/BTC_s1_n10_lstm_model.pth took 0.028 seconds
[2026-06-19T12:40:21.941+0000] {processor.py:157} INFO - Started process (PID=13619) to work on /opt/airflow/dags/models/BTC_s1_n10_lstm_model.pth
[2026-06-19T12:40:21.943+0000] {processor.py:829} INFO - Processing file /opt/airflow/dags/models/BTC_s1_n10_lstm_model.pth for tasks to queue
[2026-06-19T12:40:21.944+0000] {logging_mixin.py:151} INFO - [2026-06-19T12:40:21.943+0000] {dagbag.py:539} INFO - Filling up the DagBag from /opt/airflow/dags/models/BTC_s1_n10_lstm_model.pth
[2026-06-19T12:40:21.953+0000] {processor.py:841} WARNING - No viable dags retrieved from /opt/airflow/dags/models/BTC_s1_n10_lstm_model.pth
[2026-06-19T12:40:21.970+0000] {processor.py:179} INFO - Processing /opt/airflow/dags/models/BTC_s1_n10_lstm_model.pth took 0.034 seconds
[2026-06-19T12:40:54.977+0000] {processor.py:157} INFO - Started process (PID=13652) to work on /opt/airflow/dags/models/BTC_s1_n10_lstm_model.pth
[2026-06-19T12:40:54.978+0000] {processor.py:829} INFO - Processing file /opt/airflow/dags/models/BTC_s1_n10_lstm_model.pth for tasks to queue
[2026-06-19T12:40:54.979+0000] {logging_mixin.py:151} INFO - [2026-06-19T12:40:54.979+0000] {dagbag.py:539} INFO - Filling up the DagBag from /opt/airflow/dags/models/BTC_s1_n10_lstm_model.pth
[2026-06-19T12:40:54.987+0000] {processor.py:841} WARNING - No viable dags retrieved from /opt/airflow/dags/models/BTC_s1_n10_lstm_model.pth
[2026-06-19T12:40:55.002+0000] {processor.py:179} INFO - Processing /opt/airflow/dags/models/BTC_s1_n10_lstm_model.pth took 0.028 seconds
[2026-06-19T12:41:28.469+0000] {processor.py:157} INFO - Started process (PID=13687) to work on /opt/airflow/dags/models/BTC_s1_n10_lstm_model.pth
[2026-06-19T12:41:28.471+0000] {processor.py:829} INFO - Processing file /opt/airflow/dags/models/BTC_s1_n10_lstm_model.pth for tasks to queue
[2026-06-19T12:41:28.472+0000] {logging_mixin.py:151} INFO - [2026-06-19T12:41:28.472+0000] {dagbag.py:539} INFO - Filling up the DagBag from /opt/airflow/dags/models/BTC_s1_n10_lstm_model.pth
[2026-06-19T12:41:28.482+0000] {processor.py:841} WARNING - No viable dags retrieved from /opt/airflow/dags/models/BTC_s1_n10_lstm_model.pth
[2026-06-19T12:41:28.499+0000] {processor.py:179} INFO - Processing /opt/airflow/dags/models/BTC_s1_n10_lstm_model.pth took 0.035 seconds
[2026-06-19T12:42:01.679+0000] {processor.py:157} INFO - Started process (PID=13718) to work on /opt/airflow/dags/models/BTC_s1_n10_lstm_model.pth
[2026-06-19T12:42:01.680+0000] {processor.py:829} INFO - Processing file /opt/airflow/dags/models/BTC_s1_n10_lstm_model.pth for tasks to queue
[2026-06-19T12:42:01.681+0000] {logging_mixin.py:151} INFO - [2026-06-19T12:42:01.681+0000] {dagbag.py:539} INFO - Filling up the DagBag from /opt/airflow/dags/models/BTC_s1_n10_lstm_model.pth
[2026-06-19T12:42:01.689+0000] {processor.py:841} WARNING - No viable dags retrieved from /opt/airflow/dags/models/BTC_s1_n10_lstm_model.pth
[2026-06-19T12:42:01.705+0000] {processor.py:179} INFO - Processing /opt/airflow/dags/models/BTC_s1_n10_lstm_model.pth took 0.030 seconds
[2026-06-19T12:42:34.974+0000] {processor.py:157} INFO - Started process (PID=13751) to work on /opt/airflow/dags/models/BTC_s1_n10_lstm_model.pth
[2026-06-19T12:42:34.976+0000] {processor.py:829} INFO - Processing file /opt/airflow/dags/models/BTC_s1_n10_lstm_model.pth for tasks to queue
[2026-06-19T12:42:34.977+0000] {logging_mixin.py:151} INFO - [2026-06-19T12:42:34.977+0000] {dagbag.py:539} INFO - Filling up the DagBag from /opt/airflow/dags/models/BTC_s1_n10_lstm_model.pth
[2026-06-19T12:42:34.986+0000] {processor.py:841} WARNING - No viable dags retrieved from /opt/airflow/dags/models/BTC_s1_n10_lstm_model.pth
[2026-06-19T12:42:35.016+0000] {processor.py:179} INFO - Processing /opt/airflow/dags/models/BTC_s1_n10_lstm_model.pth took 0.064 seconds
[2026-06-19T12:43:07.764+0000] {processor.py:157} INFO - Started process (PID=13784) to work on /opt/airflow/dags/models/BTC_s1_n10_lstm_model.pth
[2026-06-19T12:43:07.766+0000] {processor.py:829} INFO - Processing file /opt/airflow/dags/models/BTC_s1_n10_lstm_model.pth for tasks to queue
[2026-06-19T12:43:07.766+0000] {logging_mixin.py:151} INFO - [2026-06-19T12:43:07.766+0000] {dagbag.py:539} INFO - Filling up the DagBag from /opt/airflow/dags/models/BTC_s1_n10_lstm_model.pth
[2026-06-19T12:43:07.774+0000] {processor.py:841} WARNING - No viable dags retrieved from /opt/airflow/dags/models/BTC_s1_n10_lstm_model.pth
[2026-06-19T12:43:07.789+0000] {processor.py:179} INFO - Processing /opt/airflow/dags/models/BTC_s1_n10_lstm_model.pth took 0.028 seconds
[2026-06-19T12:43:38.073+0000] {processor.py:157} INFO - Started process (PID=13808) to work on /opt/airflow/dags/models/BTC_s1_n10_lstm_model.pth
[2026-06-19T12:43:38.074+0000] {processor.py:829} INFO - Processing file /opt/airflow/dags/models/BTC_s1_n10_lstm_model.pth for tasks to queue
[2026-06-19T12:43:38.075+0000] {logging_mixin.py:151} INFO - [2026-06-19T12:43:38.074+0000] {dagbag.py:539} INFO - Filling up the DagBag from /opt/airflow/dags/models/BTC_s1_n10_lstm_model.pth
[2026-06-19T12:43:38.081+0000] {processor.py:841} WARNING - No viable dags retrieved from /opt/airflow/dags/models/BTC_s1_n10_lstm_model.pth
[2026-06-19T12:43:38.095+0000] {processor.py:179} INFO - Processing /opt/airflow/dags/models/BTC_s1_n10_lstm_model.pth took 0.025 seconds
[2026-06-19T12:44:08.818+0000] {processor.py:157} INFO - Started process (PID=13834) to work on /opt/airflow/dags/models/BTC_s1_n10_lstm_model.pth
[2026-06-19T12:44:08.820+0000] {processor.py:829} INFO - Processing file /opt/airflow/dags/models/BTC_s1_n10_lstm_model.pth for tasks to queue
[2026-06-19T12:44:08.821+0000] {logging_mixin.py:151} INFO - [2026-06-19T12:44:08.820+0000] {dagbag.py:539} INFO - Filling up the DagBag from /opt/airflow/dags/models/BTC_s1_n10_lstm_model.pth
[2026-06-19T12:44:08.830+0000] {processor.py:841} WARNING - No viable dags retrieved from /opt/airflow/dags/models/BTC_s1_n10_lstm_model.pth
[2026-06-19T12:44:08.854+0000] {processor.py:179} INFO - Processing /opt/airflow/dags/models/BTC_s1_n10_lstm_model.pth took 0.041 seconds
[2026-06-19T12:44:39.226+0000] {processor.py:157} INFO - Started process (PID=13864) to work on /opt/airflow/dags/models/BTC_s1_n10_lstm_model.pth
[2026-06-19T12:44:39.227+0000] {processor.py:829} INFO - Processing file /opt/airflow/dags/models/BTC_s1_n10_lstm_model.pth for tasks to queue
[2026-06-19T12:44:39.228+0000] {logging_mixin.py:151} INFO - [2026-06-19T12:44:39.228+0000] {dagbag.py:539} INFO - Filling up the DagBag from /opt/airflow/dags/models/BTC_s1_n10_lstm_model.pth
[2026-06-19T12:44:39.236+0000] {processor.py:841} WARNING - No viable dags retrieved from /opt/airflow/dags/models/BTC_s1_n10_lstm_model.pth
[2026-06-19T12:44:39.249+0000] {processor.py:179} INFO - Processing /opt/airflow/dags/models/BTC_s1_n10_lstm_model.pth took 0.026 seconds
[2026-06-19T12:45:09.637+0000] {processor.py:157} INFO - Started process (PID=13897) to work on /opt/airflow/dags/models/BTC_s1_n10_lstm_model.pth
[2026-06-19T12:45:09.639+0000] {processor.py:829} INFO - Processing file /opt/airflow/dags/models/BTC_s1_n10_lstm_model.pth for tasks to queue
[2026-06-19T12:45:09.639+0000] {logging_mixin.py:151} INFO - [2026-06-19T12:45:09.639+0000] {dagbag.py:539} INFO - Filling up the DagBag from /opt/airflow/dags/models/BTC_s1_n10_lstm_model.pth
[2026-06-19T12:45:09.647+0000] {processor.py:841} WARNING - No viable dags retrieved from /opt/airflow/dags/models/BTC_s1_n10_lstm_model.pth
[2026-06-19T12:45:09.662+0000] {processor.py:179} INFO - Processing /opt/airflow/dags/models/BTC_s1_n10_lstm_model.pth took 0.029 seconds
[2026-06-19T12:45:40.132+0000] {processor.py:157} INFO - Started process (PID=13930) to work on /opt/airflow/dags/models/BTC_s1_n10_lstm_model.pth
[2026-06-19T12:45:40.134+0000] {processor.py:829} INFO - Processing file /opt/airflow/dags/models/BTC_s1_n10_lstm_model.pth for tasks to queue
[2026-06-19T12:45:40.135+0000] {logging_mixin.py:151} INFO - [2026-06-19T12:45:40.135+0000] {dagbag.py:539} INFO - Filling up the DagBag from /opt/airflow/dags/models/BTC_s1_n10_lstm_model.pth
[2026-06-19T12:45:40.160+0000] {processor.py:841} WARNING - No viable dags retrieved from /opt/airflow/dags/models/BTC_s1_n10_lstm_model.pth
[2026-06-19T12:45:40.174+0000] {processor.py:179} INFO - Processing /opt/airflow/dags/models/BTC_s1_n10_lstm_model.pth took 0.046 seconds
[2026-06-19T12:46:10.828+0000] {processor.py:157} INFO - Started process (PID=13963) to work on /opt/airflow/dags/models/BTC_s1_n10_lstm_model.pth
[2026-06-19T12:46:10.830+0000] {processor.py:829} INFO - Processing file /opt/airflow/dags/models/BTC_s1_n10_lstm_model.pth for tasks to queue
[2026-06-19T12:46:10.831+0000] {logging_mixin.py:151} INFO - [2026-06-19T12:46:10.830+0000] {dagbag.py:539} INFO - Filling up the DagBag from /opt/airflow/dags/models/BTC_s1_n10_lstm_model.pth
[2026-06-19T12:46:10.838+0000] {processor.py:841} WARNING - No viable dags retrieved from /opt/airflow/dags/models/BTC_s1_n10_lstm_model.pth
[2026-06-19T12:46:10.852+0000] {processor.py:179} INFO - Processing /opt/airflow/dags/models/BTC_s1_n10_lstm_model.pth took 0.027 seconds
[2026-06-19T12:46:41.672+0000] {processor.py:157} INFO - Started process (PID=13997) to work on /opt/airflow/dags/models/BTC_s1_n10_lstm_model.pth
[2026-06-19T12:46:41.673+0000] {processor.py:829} INFO - Processing file /opt/airflow/dags/models/BTC_s1_n10_lstm_model.pth for tasks to queue
[2026-06-19T12:46:41.674+0000] {logging_mixin.py:151} INFO - [2026-06-19T12:46:41.673+0000] {dagbag.py:539} INFO - Filling up the DagBag from /opt/airflow/dags/models/BTC_s1_n10_lstm_model.pth
[2026-06-19T12:46:41.680+0000] {processor.py:841} WARNING - No viable dags retrieved from /opt/airflow/dags/models/BTC_s1_n10_lstm_model.pth
[2026-06-19T12:46:41.693+0000] {processor.py:179} INFO - Processing /opt/airflow/dags/models/BTC_s1_n10_lstm_model.pth took 0.025 seconds
[2026-06-19T12:47:12.148+0000] {processor.py:157} INFO - Started process (PID=14030) to work on /opt/airflow/dags/models/BTC_s1_n10_lstm_model.pth
[2026-06-19T12:47:12.149+0000] {processor.py:829} INFO - Processing file /opt/airflow/dags/models/BTC_s1_n10_lstm_model.pth for tasks to queue
[2026-06-19T12:47:12.150+0000] {logging_mixin.py:151} INFO - [2026-06-19T12:47:12.150+0000] {dagbag.py:539} INFO - Filling up the DagBag from /opt/airflow/dags/models/BTC_s1_n10_lstm_model.pth
[2026-06-19T12:47:12.163+0000] {processor.py:841} WARNING - No viable dags retrieved from /opt/airflow/dags/models/BTC_s1_n10_lstm_model.pth
[2026-06-19T12:47:12.184+0000] {processor.py:179} INFO - Processing /opt/airflow/dags/models/BTC_s1_n10_lstm_model.pth took 0.039 seconds
[2026-06-19T12:47:42.650+0000] {processor.py:157} INFO - Started process (PID=14063) to work on /opt/airflow/dags/models/BTC_s1_n10_lstm_model.pth
[2026-06-19T12:47:42.651+0000] {processor.py:829} INFO - Processing file /opt/airflow/dags/models/BTC_s1_n10_lstm_model.pth for tasks to queue
[2026-06-19T12:47:42.652+0000] {logging_mixin.py:151} INFO - [2026-06-19T12:47:42.652+0000] {dagbag.py:539} INFO - Filling up the DagBag from /opt/airflow/dags/models/BTC_s1_n10_lstm_model.pth
[2026-06-19T12:47:42.659+0000] {processor.py:841} WARNING - No viable dags retrieved from /opt/airflow/dags/models/BTC_s1_n10_lstm_model.pth
[2026-06-19T12:47:42.672+0000] {processor.py:179} INFO - Processing /opt/airflow/dags/models/BTC_s1_n10_lstm_model.pth took 0.025 seconds
[2026-06-19T12:48:12.964+0000] {processor.py:157} INFO - Started process (PID=14096) to work on /opt/airflow/dags/models/BTC_s1_n10_lstm_model.pth
[2026-06-19T12:48:12.966+0000] {processor.py:829} INFO - Processing file /opt/airflow/dags/models/BTC_s1_n10_lstm_model.pth for tasks to queue
[2026-06-19T12:48:12.966+0000] {logging_mixin.py:151} INFO - [2026-06-19T12:48:12.966+0000] {dagbag.py:539} INFO - Filling up the DagBag from /opt/airflow/dags/models/BTC_s1_n10_lstm_model.pth
[2026-06-19T12:48:12.973+0000] {processor.py:841} WARNING - No viable dags retrieved from /opt/airflow/dags/models/BTC_s1_n10_lstm_model.pth
[2026-06-19T12:48:12.988+0000] {processor.py:179} INFO - Processing /opt/airflow/dags/models/BTC_s1_n10_lstm_model.pth took 0.028 seconds
[2026-06-19T12:48:43.310+0000] {processor.py:157} INFO - Started process (PID=14129) to work on /opt/airflow/dags/models/BTC_s1_n10_lstm_model.pth
[2026-06-19T12:48:43.312+0000] {processor.py:829} INFO - Processing file /opt/airflow/dags/models/BTC_s1_n10_lstm_model.pth for tasks to queue
[2026-06-19T12:48:43.313+0000] {logging_mixin.py:151} INFO - [2026-06-19T12:48:43.313+0000] {dagbag.py:539} INFO - Filling up the DagBag from /opt/airflow/dags/models/BTC_s1_n10_lstm_model.pth
[2026-06-19T12:48:43.321+0000] {processor.py:841} WARNING - No viable dags retrieved from /opt/airflow/dags/models/BTC_s1_n10_lstm_model.pth
[2026-06-19T12:48:43.334+0000] {processor.py:179} INFO - Processing /opt/airflow/dags/models/BTC_s1_n10_lstm_model.pth took 0.028 seconds
[2026-06-19T12:49:13.679+0000] {processor.py:157} INFO - Started process (PID=14162) to work on /opt/airflow/dags/models/BTC_s1_n10_lstm_model.pth
[2026-06-19T12:49:13.681+0000] {processor.py:829} INFO - Processing file /opt/airflow/dags/models/BTC_s1_n10_lstm_model.pth for tasks to queue
[2026-06-19T12:49:13.682+0000] {logging_mixin.py:151} INFO - [2026-06-19T12:49:13.681+0000] {dagbag.py:539} INFO - Filling up the DagBag from /opt/airflow/dags/models/BTC_s1_n10_lstm_model.pth
[2026-06-19T12:49:13.691+0000] {processor.py:841} WARNING - No viable dags retrieved from /opt/airflow/dags/models/BTC_s1_n10_lstm_model.pth
[2026-06-19T12:49:13.710+0000] {processor.py:179} INFO - Processing /opt/airflow/dags/models/BTC_s1_n10_lstm_model.pth took 0.036 seconds
[2026-06-19T12:49:46.764+0000] {processor.py:157} INFO - Started process (PID=14192) to work on /opt/airflow/dags/models/BTC_s1_n10_lstm_model.pth
[2026-06-19T12:49:46.766+0000] {processor.py:829} INFO - Processing file /opt/airflow/dags/models/BTC_s1_n10_lstm_model.pth for tasks to queue
[2026-06-19T12:49:46.767+0000] {logging_mixin.py:151} INFO - [2026-06-19T12:49:46.767+0000] {dagbag.py:539} INFO - Filling up the DagBag from /opt/airflow/dags/models/BTC_s1_n10_lstm_model.pth
[2026-06-19T12:49:46.775+0000] {processor.py:841} WARNING - No viable dags retrieved from /opt/airflow/dags/models/BTC_s1_n10_lstm_model.pth
[2026-06-19T12:49:46.790+0000] {processor.py:179} INFO - Processing /opt/airflow/dags/models/BTC_s1_n10_lstm_model.pth took 0.029 seconds
[2026-06-19T12:50:17.906+0000] {processor.py:157} INFO - Started process (PID=14218) to work on /opt/airflow/dags/models/BTC_s1_n10_lstm_model.pth
[2026-06-19T12:50:17.908+0000] {processor.py:829} INFO - Processing file /opt/airflow/dags/models/BTC_s1_n10_lstm_model.pth for tasks to queue
[2026-06-19T12:50:17.909+0000] {logging_mixin.py:151} INFO - [2026-06-19T12:50:17.909+0000] {dagbag.py:539} INFO - Filling up the DagBag from /opt/airflow/dags/models/BTC_s1_n10_lstm_model.pth
[2026-06-19T12:50:17.921+0000] {processor.py:841} WARNING - No viable dags retrieved from /opt/airflow/dags/models/BTC_s1_n10_lstm_model.pth
[2026-06-19T12:50:17.940+0000] {processor.py:179} INFO - Processing /opt/airflow/dags/models/BTC_s1_n10_lstm_model.pth took 0.043 seconds
[2026-06-19T12:50:48.212+0000] {processor.py:157} INFO - Started process (PID=14244) to work on /opt/airflow/dags/models/BTC_s1_n10_lstm_model.pth
[2026-06-19T12:50:48.215+0000] {processor.py:829} INFO - Processing file /opt/airflow/dags/models/BTC_s1_n10_lstm_model.pth for tasks to queue
[2026-06-19T12:50:48.216+0000] {logging_mixin.py:151} INFO - [2026-06-19T12:50:48.215+0000] {dagbag.py:539} INFO - Filling up the DagBag from /opt/airflow/dags/models/BTC_s1_n10_lstm_model.pth
[2026-06-19T12:50:48.224+0000] {processor.py:841} WARNING - No viable dags retrieved from /opt/airflow/dags/models/BTC_s1_n10_lstm_model.pth
[2026-06-19T12:50:48.246+0000] {processor.py:179} INFO - Processing /opt/airflow/dags/models/BTC_s1_n10_lstm_model.pth took 0.040 seconds
[2026-06-19T12:51:18.585+0000] {processor.py:157} INFO - Started process (PID=14273) to work on /opt/airflow/dags/models/BTC_s1_n10_lstm_model.pth
[2026-06-19T12:51:18.586+0000] {processor.py:829} INFO - Processing file /opt/airflow/dags/models/BTC_s1_n10_lstm_model.pth for tasks to queue
[2026-06-19T12:51:18.587+0000] {logging_mixin.py:151} INFO - [2026-06-19T12:51:18.587+0000] {dagbag.py:539} INFO - Filling up the DagBag from /opt/airflow/dags/models/BTC_s1_n10_lstm_model.pth
[2026-06-19T12:51:18.596+0000] {processor.py:841} WARNING - No viable dags retrieved from /opt/airflow/dags/models/BTC_s1_n10_lstm_model.pth
[2026-06-19T12:51:18.610+0000] {processor.py:179} INFO - Processing /opt/airflow/dags/models/BTC_s1_n10_lstm_model.pth took 0.030 seconds
[2026-06-19T12:51:48.842+0000] {processor.py:157} INFO - Started process (PID=14306) to work on /opt/airflow/dags/models/BTC_s1_n10_lstm_model.pth
[2026-06-19T12:51:48.843+0000] {processor.py:829} INFO - Processing file /opt/airflow/dags/models/BTC_s1_n10_lstm_model.pth for tasks to queue
[2026-06-19T12:51:48.844+0000] {logging_mixin.py:151} INFO - [2026-06-19T12:51:48.843+0000] {dagbag.py:539} INFO - Filling up the DagBag from /opt/airflow/dags/models/BTC_s1_n10_lstm_model.pth
[2026-06-19T12:51:48.851+0000] {processor.py:841} WARNING - No viable dags retrieved from /opt/airflow/dags/models/BTC_s1_n10_lstm_model.pth
[2026-06-19T12:51:48.868+0000] {processor.py:179} INFO - Processing /opt/airflow/dags/models/BTC_s1_n10_lstm_model.pth took 0.029 seconds
[2026-06-19T12:52:18.920+0000] {processor.py:157} INFO - Started process (PID=14339) to work on /opt/airflow/dags/models/BTC_s1_n10_lstm_model.pth
[2026-06-19T12:52:18.921+0000] {processor.py:829} INFO - Processing file /opt/airflow/dags/models/BTC_s1_n10_lstm_model.pth for tasks to queue
[2026-06-19T12:52:18.921+0000] {logging_mixin.py:151} INFO - [2026-06-19T12:52:18.921+0000] {dagbag.py:539} INFO - Filling up the DagBag from /opt/airflow/dags/models/BTC_s1_n10_lstm_model.pth
[2026-06-19T12:52:18.929+0000] {processor.py:841} WARNING - No viable dags retrieved from /opt/airflow/dags/models/BTC_s1_n10_lstm_model.pth
[2026-06-19T12:52:18.944+0000] {processor.py:179} INFO - Processing /opt/airflow/dags/models/BTC_s1_n10_lstm_model.pth took 0.028 seconds
[2026-06-19T12:52:49.193+0000] {processor.py:157} INFO - Started process (PID=14372) to work on /opt/airflow/dags/models/BTC_s1_n10_lstm_model.pth
[2026-06-19T12:52:49.194+0000] {processor.py:829} INFO - Processing file /opt/airflow/dags/models/BTC_s1_n10_lstm_model.pth for tasks to queue
[2026-06-19T12:52:49.195+0000] {logging_mixin.py:151} INFO - [2026-06-19T12:52:49.195+0000] {dagbag.py:539} INFO - Filling up the DagBag from /opt/airflow/dags/models/BTC_s1_n10_lstm_model.pth
[2026-06-19T12:52:49.203+0000] {processor.py:841} WARNING - No viable dags retrieved from /opt/airflow/dags/models/BTC_s1_n10_lstm_model.pth
[2026-06-19T12:52:49.216+0000] {processor.py:179} INFO - Processing /opt/airflow/dags/models/BTC_s1_n10_lstm_model.pth took 0.027 seconds
[2026-06-19T12:53:19.322+0000] {processor.py:157} INFO - Started process (PID=14405) to work on /opt/airflow/dags/models/BTC_s1_n10_lstm_model.pth
[2026-06-19T12:53:19.324+0000] {processor.py:829} INFO - Processing file /opt/airflow/dags/models/BTC_s1_n10_lstm_model.pth for tasks to queue
[2026-06-19T12:53:19.325+0000] {logging_mixin.py:151} INFO - [2026-06-19T12:53:19.324+0000] {dagbag.py:539} INFO - Filling up the DagBag from /opt/airflow/dags/models/BTC_s1_n10_lstm_model.pth
[2026-06-19T12:53:19.332+0000] {processor.py:841} WARNING - No viable dags retrieved from /opt/airflow/dags/models/BTC_s1_n10_lstm_model.pth
[2026-06-19T12:53:19.346+0000] {processor.py:179} INFO - Processing /opt/airflow/dags/models/BTC_s1_n10_lstm_model.pth took 0.027 seconds
[2026-06-19T12:53:49.628+0000] {processor.py:157} INFO - Started process (PID=14438) to work on /opt/airflow/dags/models/BTC_s1_n10_lstm_model.pth
[2026-06-19T12:53:49.629+0000] {processor.py:829} INFO - Processing file /opt/airflow/dags/models/BTC_s1_n10_lstm_model.pth for tasks to queue
[2026-06-19T12:53:49.630+0000] {logging_mixin.py:151} INFO - [2026-06-19T12:53:49.630+0000] {dagbag.py:539} INFO - Filling up the DagBag from /opt/airflow/dags/models/BTC_s1_n10_lstm_model.pth
[2026-06-19T12:53:49.781+0000] {processor.py:841} WARNING - No viable dags retrieved from /opt/airflow/dags/models/BTC_s1_n10_lstm_model.pth
[2026-06-19T12:53:49.794+0000] {processor.py:179} INFO - Processing /opt/airflow/dags/models/BTC_s1_n10_lstm_model.pth took 0.171 seconds
[2026-06-19T12:54:20.120+0000] {processor.py:157} INFO - Started process (PID=14471) to work on /opt/airflow/dags/models/BTC_s1_n10_lstm_model.pth
[2026-06-19T12:54:20.121+0000] {processor.py:829} INFO - Processing file /opt/airflow/dags/models/BTC_s1_n10_lstm_model.pth for tasks to queue
[2026-06-19T12:54:20.122+0000] {logging_mixin.py:151} INFO - [2026-06-19T12:54:20.121+0000] {dagbag.py:539} INFO - Filling up the DagBag from /opt/airflow/dags/models/BTC_s1_n10_lstm_model.pth
[2026-06-19T12:54:20.130+0000] {processor.py:841} WARNING - No viable dags retrieved from /opt/airflow/dags/models/BTC_s1_n10_lstm_model.pth
[2026-06-19T12:54:20.146+0000] {processor.py:179} INFO - Processing /opt/airflow/dags/models/BTC_s1_n10_lstm_model.pth took 0.029 seconds
[2026-06-19T12:54:50.215+0000] {processor.py:157} INFO - Started process (PID=14504) to work on /opt/airflow/dags/models/BTC_s1_n10_lstm_model.pth
[2026-06-19T12:54:50.216+0000] {processor.py:829} INFO - Processing file /opt/airflow/dags/models/BTC_s1_n10_lstm_model.pth for tasks to queue
[2026-06-19T12:54:50.217+0000] {logging_mixin.py:151} INFO - [2026-06-19T12:54:50.217+0000] {dagbag.py:539} INFO - Filling up the DagBag from /opt/airflow/dags/models/BTC_s1_n10_lstm_model.pth
[2026-06-19T12:54:50.224+0000] {processor.py:841} WARNING - No viable dags retrieved from /opt/airflow/dags/models/BTC_s1_n10_lstm_model.pth
[2026-06-19T12:54:50.238+0000] {processor.py:179} INFO - Processing /opt/airflow/dags/models/BTC_s1_n10_lstm_model.pth took 0.026 seconds
[2026-06-19T12:55:20.338+0000] {processor.py:157} INFO - Started process (PID=14537) to work on /opt/airflow/dags/models/BTC_s1_n10_lstm_model.pth
[2026-06-19T12:55:20.339+0000] {processor.py:829} INFO - Processing file /opt/airflow/dags/models/BTC_s1_n10_lstm_model.pth for tasks to queue
[2026-06-19T12:55:20.340+0000] {logging_mixin.py:151} INFO - [2026-06-19T12:55:20.339+0000] {dagbag.py:539} INFO - Filling up the DagBag from /opt/airflow/dags/models/BTC_s1_n10_lstm_model.pth
[2026-06-19T12:55:20.346+0000] {processor.py:841} WARNING - No viable dags retrieved from /opt/airflow/dags/models/BTC_s1_n10_lstm_model.pth
[2026-06-19T12:55:20.360+0000] {processor.py:179} INFO - Processing /opt/airflow/dags/models/BTC_s1_n10_lstm_model.pth took 0.025 seconds
[2026-06-19T12:55:52.203+0000] {processor.py:157} INFO - Started process (PID=14574) to work on /opt/airflow/dags/models/BTC_s1_n10_lstm_model.pth
[2026-06-19T12:55:52.205+0000] {processor.py:829} INFO - Processing file /opt/airflow/dags/models/BTC_s1_n10_lstm_model.pth for tasks to queue
[2026-06-19T12:55:52.205+0000] {logging_mixin.py:151} INFO - [2026-06-19T12:55:52.205+0000] {dagbag.py:539} INFO - Filling up the DagBag from /opt/airflow/dags/models/BTC_s1_n10_lstm_model.pth
[2026-06-19T12:55:52.213+0000] {processor.py:841} WARNING - No viable dags retrieved from /opt/airflow/dags/models/BTC_s1_n10_lstm_model.pth
[2026-06-19T12:55:52.229+0000] {processor.py:179} INFO - Processing /opt/airflow/dags/models/BTC_s1_n10_lstm_model.pth took 0.043 seconds
[2026-06-19T12:56:22.756+0000] {processor.py:157} INFO - Started process (PID=14600) to work on /opt/airflow/dags/models/BTC_s1_n10_lstm_model.pth
[2026-06-19T12:56:22.757+0000] {processor.py:829} INFO - Processing file /opt/airflow/dags/models/BTC_s1_n10_lstm_model.pth for tasks to queue
[2026-06-19T12:56:22.757+0000] {logging_mixin.py:151} INFO - [2026-06-19T12:56:22.757+0000] {dagbag.py:539} INFO - Filling up the DagBag from /opt/airflow/dags/models/BTC_s1_n10_lstm_model.pth
[2026-06-19T12:56:22.764+0000] {processor.py:841} WARNING - No viable dags retrieved from /opt/airflow/dags/models/BTC_s1_n10_lstm_model.pth
[2026-06-19T12:56:22.777+0000] {processor.py:179} INFO - Processing /opt/airflow/dags/models/BTC_s1_n10_lstm_model.pth took 0.025 seconds
[2026-06-19T12:56:53.286+0000] {processor.py:157} INFO - Started process (PID=14625) to work on /opt/airflow/dags/models/BTC_s1_n10_lstm_model.pth
[2026-06-19T12:56:53.288+0000] {processor.py:829} INFO - Processing file /opt/airflow/dags/models/BTC_s1_n10_lstm_model.pth for tasks to queue
[2026-06-19T12:56:53.289+0000] {logging_mixin.py:151} INFO - [2026-06-19T12:56:53.289+0000] {dagbag.py:539} INFO - Filling up the DagBag from /opt/airflow/dags/models/BTC_s1_n10_lstm_model.pth
[2026-06-19T12:56:53.297+0000] {processor.py:841} WARNING - No viable dags retrieved from /opt/airflow/dags/models/BTC_s1_n10_lstm_model.pth
[2026-06-19T12:56:53.312+0000] {processor.py:179} INFO - Processing /opt/airflow/dags/models/BTC_s1_n10_lstm_model.pth took 0.029 seconds
[2026-06-19T12:57:24.182+0000] {processor.py:157} INFO - Started process (PID=14655) to work on /opt/airflow/dags/models/BTC_s1_n10_lstm_model.pth
[2026-06-19T12:57:24.183+0000] {processor.py:829} INFO - Processing file /opt/airflow/dags/models/BTC_s1_n10_lstm_model.pth for tasks to queue
[2026-06-19T12:57:24.184+0000] {logging_mixin.py:151} INFO - [2026-06-19T12:57:24.184+0000] {dagbag.py:539} INFO - Filling up the DagBag from /opt/airflow/dags/models/BTC_s1_n10_lstm_model.pth
[2026-06-19T12:57:24.191+0000] {processor.py:841} WARNING - No viable dags retrieved from /opt/airflow/dags/models/BTC_s1_n10_lstm_model.pth
[2026-06-19T12:57:24.205+0000] {processor.py:179} INFO - Processing /opt/airflow/dags/models/BTC_s1_n10_lstm_model.pth took 0.027 seconds
[2026-06-19T12:57:54.562+0000] {processor.py:157} INFO - Started process (PID=14689) to work on /opt/airflow/dags/models/BTC_s1_n10_lstm_model.pth
[2026-06-19T12:57:54.563+0000] {processor.py:829} INFO - Processing file /opt/airflow/dags/models/BTC_s1_n10_lstm_model.pth for tasks to queue
[2026-06-19T12:57:54.564+0000] {logging_mixin.py:151} INFO - [2026-06-19T12:57:54.564+0000] {dagbag.py:539} INFO - Filling up the DagBag from /opt/airflow/dags/models/BTC_s1_n10_lstm_model.pth
[2026-06-19T12:57:54.571+0000] {processor.py:841} WARNING - No viable dags retrieved from /opt/airflow/dags/models/BTC_s1_n10_lstm_model.pth
[2026-06-19T12:57:54.586+0000] {processor.py:179} INFO - Processing /opt/airflow/dags/models/BTC_s1_n10_lstm_model.pth took 0.027 seconds
[2026-06-19T12:58:25.425+0000] {processor.py:157} INFO - Started process (PID=14722) to work on /opt/airflow/dags/models/BTC_s1_n10_lstm_model.pth
[2026-06-19T12:58:25.427+0000] {processor.py:829} INFO - Processing file /opt/airflow/dags/models/BTC_s1_n10_lstm_model.pth for tasks to queue
[2026-06-19T12:58:25.427+0000] {logging_mixin.py:151} INFO - [2026-06-19T12:58:25.427+0000] {dagbag.py:539} INFO - Filling up the DagBag from /opt/airflow/dags/models/BTC_s1_n10_lstm_model.pth
[2026-06-19T12:58:25.436+0000] {processor.py:841} WARNING - No viable dags retrieved from /opt/airflow/dags/models/BTC_s1_n10_lstm_model.pth
[2026-06-19T12:58:25.454+0000] {processor.py:179} INFO - Processing /opt/airflow/dags/models/BTC_s1_n10_lstm_model.pth took 0.032 seconds
[2026-06-19T12:58:56.275+0000] {processor.py:157} INFO - Started process (PID=14755) to work on /opt/airflow/dags/models/BTC_s1_n10_lstm_model.pth
[2026-06-19T12:58:56.276+0000] {processor.py:829} INFO - Processing file /opt/airflow/dags/models/BTC_s1_n10_lstm_model.pth for tasks to queue
[2026-06-19T12:58:56.277+0000] {logging_mixin.py:151} INFO - [2026-06-19T12:58:56.277+0000] {dagbag.py:539} INFO - Filling up the DagBag from /opt/airflow/dags/models/BTC_s1_n10_lstm_model.pth
[2026-06-19T12:58:56.294+0000] {processor.py:841} WARNING - No viable dags retrieved from /opt/airflow/dags/models/BTC_s1_n10_lstm_model.pth
[2026-06-19T12:58:56.311+0000] {processor.py:179} INFO - Processing /opt/airflow/dags/models/BTC_s1_n10_lstm_model.pth took 0.040 seconds
[2026-06-19T12:59:27.087+0000] {processor.py:157} INFO - Started process (PID=14788) to work on /opt/airflow/dags/models/BTC_s1_n10_lstm_model.pth
[2026-06-19T12:59:27.089+0000] {processor.py:829} INFO - Processing file /opt/airflow/dags/models/BTC_s1_n10_lstm_model.pth for tasks to queue
[2026-06-19T12:59:27.090+0000] {logging_mixin.py:151} INFO - [2026-06-19T12:59:27.090+0000] {dagbag.py:539} INFO - Filling up the DagBag from /opt/airflow/dags/models/BTC_s1_n10_lstm_model.pth
[2026-06-19T12:59:27.097+0000] {processor.py:841} WARNING - No viable dags retrieved from /opt/airflow/dags/models/BTC_s1_n10_lstm_model.pth
[2026-06-19T12:59:27.111+0000] {processor.py:179} INFO - Processing /opt/airflow/dags/models/BTC_s1_n10_lstm_model.pth took 0.027 seconds
[2026-06-19T12:59:57.603+0000] {processor.py:157} INFO - Started process (PID=14821) to work on /opt/airflow/dags/models/BTC_s1_n10_lstm_model.pth
[2026-06-19T12:59:57.604+0000] {processor.py:829} INFO - Processing file /opt/airflow/dags/models/BTC_s1_n10_lstm_model.pth for tasks to queue
[2026-06-19T12:59:57.605+0000] {logging_mixin.py:151} INFO - [2026-06-19T12:59:57.605+0000] {dagbag.py:539} INFO - Filling up the DagBag from /opt/airflow/dags/models/BTC_s1_n10_lstm_model.pth
[2026-06-19T12:59:57.612+0000] {processor.py:841} WARNING - No viable dags retrieved from /opt/airflow/dags/models/BTC_s1_n10_lstm_model.pth
[2026-06-19T12:59:57.625+0000] {processor.py:179} INFO - Processing /opt/airflow/dags/models/BTC_s1_n10_lstm_model.pth took 0.026 seconds
[2026-06-19T13:00:27.873+0000] {processor.py:157} INFO - Started process (PID=14854) to work on /opt/airflow/dags/models/BTC_s1_n10_lstm_model.pth
[2026-06-19T13:00:27.875+0000] {processor.py:829} INFO - Processing file /opt/airflow/dags/models/BTC_s1_n10_lstm_model.pth for tasks to queue
[2026-06-19T13:00:27.876+0000] {logging_mixin.py:151} INFO - [2026-06-19T13:00:27.876+0000] {dagbag.py:539} INFO - Filling up the DagBag from /opt/airflow/dags/models/BTC_s1_n10_lstm_model.pth
[2026-06-19T13:00:27.886+0000] {processor.py:841} WARNING - No viable dags retrieved from /opt/airflow/dags/models/BTC_s1_n10_lstm_model.pth
[2026-06-19T13:00:27.904+0000] {processor.py:179} INFO - Processing /opt/airflow/dags/models/BTC_s1_n10_lstm_model.pth took 0.033 seconds
[2026-06-19T13:00:57.998+0000] {processor.py:157} INFO - Started process (PID=14887) to work on /opt/airflow/dags/models/BTC_s1_n10_lstm_model.pth
[2026-06-19T13:00:58.003+0000] {processor.py:829} INFO - Processing file /opt/airflow/dags/models/BTC_s1_n10_lstm_model.pth for tasks to queue
[2026-06-19T13:00:58.006+0000] {logging_mixin.py:151} INFO - [2026-06-19T13:00:58.005+0000] {dagbag.py:539} INFO - Filling up the DagBag from /opt/airflow/dags/models/BTC_s1_n10_lstm_model.pth
[2026-06-19T13:00:58.022+0000] {processor.py:841} WARNING - No viable dags retrieved from /opt/airflow/dags/models/BTC_s1_n10_lstm_model.pth
[2026-06-19T13:00:58.071+0000] {processor.py:179} INFO - Processing /opt/airflow/dags/models/BTC_s1_n10_lstm_model.pth took 0.082 seconds
[2026-06-19T13:01:28.836+0000] {processor.py:157} INFO - Started process (PID=14920) to work on /opt/airflow/dags/models/BTC_s1_n10_lstm_model.pth
[2026-06-19T13:01:28.837+0000] {processor.py:829} INFO - Processing file /opt/airflow/dags/models/BTC_s1_n10_lstm_model.pth for tasks to queue
[2026-06-19T13:01:28.838+0000] {logging_mixin.py:151} INFO - [2026-06-19T13:01:28.837+0000] {dagbag.py:539} INFO - Filling up the DagBag from /opt/airflow/dags/models/BTC_s1_n10_lstm_model.pth
[2026-06-19T13:01:28.844+0000] {processor.py:841} WARNING - No viable dags retrieved from /opt/airflow/dags/models/BTC_s1_n10_lstm_model.pth
[2026-06-19T13:01:28.858+0000] {processor.py:179} INFO - Processing /opt/airflow/dags/models/BTC_s1_n10_lstm_model.pth took 0.025 seconds
[2026-06-19T13:01:58.918+0000] {processor.py:157} INFO - Started process (PID=14953) to work on /opt/airflow/dags/models/BTC_s1_n10_lstm_model.pth
[2026-06-19T13:01:58.919+0000] {processor.py:829} INFO - Processing file /opt/airflow/dags/models/BTC_s1_n10_lstm_model.pth for tasks to queue
[2026-06-19T13:01:58.921+0000] {logging_mixin.py:151} INFO - [2026-06-19T13:01:58.920+0000] {dagbag.py:539} INFO - Filling up the DagBag from /opt/airflow/dags/models/BTC_s1_n10_lstm_model.pth
[2026-06-19T13:01:58.929+0000] {processor.py:841} WARNING - No viable dags retrieved from /opt/airflow/dags/models/BTC_s1_n10_lstm_model.pth
[2026-06-19T13:01:58.944+0000] {processor.py:179} INFO - Processing /opt/airflow/dags/models/BTC_s1_n10_lstm_model.pth took 0.031 seconds
[2026-06-19T13:02:29.673+0000] {processor.py:157} INFO - Started process (PID=14986) to work on /opt/airflow/dags/models/BTC_s1_n10_lstm_model.pth
[2026-06-19T13:02:29.676+0000] {processor.py:829} INFO - Processing file /opt/airflow/dags/models/BTC_s1_n10_lstm_model.pth for tasks to queue
[2026-06-19T13:02:29.677+0000] {logging_mixin.py:151} INFO - [2026-06-19T13:02:29.677+0000] {dagbag.py:539} INFO - Filling up the DagBag from /opt/airflow/dags/models/BTC_s1_n10_lstm_model.pth
[2026-06-19T13:02:29.689+0000] {processor.py:841} WARNING - No viable dags retrieved from /opt/airflow/dags/models/BTC_s1_n10_lstm_model.pth
[2026-06-19T13:02:29.707+0000] {processor.py:179} INFO - Processing /opt/airflow/dags/models/BTC_s1_n10_lstm_model.pth took 0.039 seconds
[2026-06-19T13:03:00.549+0000] {processor.py:157} INFO - Started process (PID=15017) to work on /opt/airflow/dags/models/BTC_s1_n10_lstm_model.pth
[2026-06-19T13:03:00.550+0000] {processor.py:829} INFO - Processing file /opt/airflow/dags/models/BTC_s1_n10_lstm_model.pth for tasks to queue
[2026-06-19T13:03:00.551+0000] {logging_mixin.py:151} INFO - [2026-06-19T13:03:00.551+0000] {dagbag.py:539} INFO - Filling up the DagBag from /opt/airflow/dags/models/BTC_s1_n10_lstm_model.pth
[2026-06-19T13:03:00.558+0000] {processor.py:841} WARNING - No viable dags retrieved from /opt/airflow/dags/models/BTC_s1_n10_lstm_model.pth
[2026-06-19T13:03:00.585+0000] {processor.py:179} INFO - Processing /opt/airflow/dags/models/BTC_s1_n10_lstm_model.pth took 0.041 seconds
[2026-06-19T13:03:31.576+0000] {processor.py:157} INFO - Started process (PID=15042) to work on /opt/airflow/dags/models/BTC_s1_n10_lstm_model.pth
[2026-06-19T13:03:31.577+0000] {processor.py:829} INFO - Processing file /opt/airflow/dags/models/BTC_s1_n10_lstm_model.pth for tasks to queue
[2026-06-19T13:03:31.578+0000] {logging_mixin.py:151} INFO - [2026-06-19T13:03:31.578+0000] {dagbag.py:539} INFO - Filling up the DagBag from /opt/airflow/dags/models/BTC_s1_n10_lstm_model.pth
[2026-06-19T13:03:31.586+0000] {processor.py:841} WARNING - No viable dags retrieved from /opt/airflow/dags/models/BTC_s1_n10_lstm_model.pth
[2026-06-19T13:03:31.601+0000] {processor.py:179} INFO - Processing /opt/airflow/dags/models/BTC_s1_n10_lstm_model.pth took 0.029 seconds
[2026-06-19T13:04:01.948+0000] {processor.py:157} INFO - Started process (PID=15067) to work on /opt/airflow/dags/models/BTC_s1_n10_lstm_model.pth
[2026-06-19T13:04:01.950+0000] {processor.py:829} INFO - Processing file /opt/airflow/dags/models/BTC_s1_n10_lstm_model.pth for tasks to queue
[2026-06-19T13:04:01.950+0000] {logging_mixin.py:151} INFO - [2026-06-19T13:04:01.950+0000] {dagbag.py:539} INFO - Filling up the DagBag from /opt/airflow/dags/models/BTC_s1_n10_lstm_model.pth
[2026-06-19T13:04:01.959+0000] {processor.py:841} WARNING - No viable dags retrieved from /opt/airflow/dags/models/BTC_s1_n10_lstm_model.pth
[2026-06-19T13:04:01.975+0000] {processor.py:179} INFO - Processing /opt/airflow/dags/models/BTC_s1_n10_lstm_model.pth took 0.032 seconds
[2026-06-19T13:04:32.271+0000] {processor.py:157} INFO - Started process (PID=15097) to work on /opt/airflow/dags/models/BTC_s1_n10_lstm_model.pth
[2026-06-19T13:04:32.272+0000] {processor.py:829} INFO - Processing file /opt/airflow/dags/models/BTC_s1_n10_lstm_model.pth for tasks to queue
[2026-06-19T13:04:32.273+0000] {logging_mixin.py:151} INFO - [2026-06-19T13:04:32.273+0000] {dagbag.py:539} INFO - Filling up the DagBag from /opt/airflow/dags/models/BTC_s1_n10_lstm_model.pth
[2026-06-19T13:04:32.280+0000] {processor.py:841} WARNING - No viable dags retrieved from /opt/airflow/dags/models/BTC_s1_n10_lstm_model.pth
[2026-06-19T13:04:32.295+0000] {processor.py:179} INFO - Processing /opt/airflow/dags/models/BTC_s1_n10_lstm_model.pth took 0.028 seconds
[2026-06-19T13:05:03.056+0000] {processor.py:157} INFO - Started process (PID=15130) to work on /opt/airflow/dags/models/BTC_s1_n10_lstm_model.pth
[2026-06-19T13:05:03.057+0000] {processor.py:829} INFO - Processing file /opt/airflow/dags/models/BTC_s1_n10_lstm_model.pth for tasks to queue
[2026-06-19T13:05:03.058+0000] {logging_mixin.py:151} INFO - [2026-06-19T13:05:03.058+0000] {dagbag.py:539} INFO - Filling up the DagBag from /opt/airflow/dags/models/BTC_s1_n10_lstm_model.pth
[2026-06-19T13:05:03.065+0000] {processor.py:841} WARNING - No viable dags retrieved from /opt/airflow/dags/models/BTC_s1_n10_lstm_model.pth
[2026-06-19T13:05:03.078+0000] {processor.py:179} INFO - Processing /opt/airflow/dags/models/BTC_s1_n10_lstm_model.pth took 0.026 seconds
[2026-06-19T13:05:33.308+0000] {processor.py:157} INFO - Started process (PID=15163) to work on /opt/airflow/dags/models/BTC_s1_n10_lstm_model.pth
[2026-06-19T13:05:33.310+0000] {processor.py:829} INFO - Processing file /opt/airflow/dags/models/BTC_s1_n10_lstm_model.pth for tasks to queue
[2026-06-19T13:05:33.310+0000] {logging_mixin.py:151} INFO - [2026-06-19T13:05:33.310+0000] {dagbag.py:539} INFO - Filling up the DagBag from /opt/airflow/dags/models/BTC_s1_n10_lstm_model.pth
[2026-06-19T13:05:33.317+0000] {processor.py:841} WARNING - No viable dags retrieved from /opt/airflow/dags/models/BTC_s1_n10_lstm_model.pth
[2026-06-19T13:05:33.331+0000] {processor.py:179} INFO - Processing /opt/airflow/dags/models/BTC_s1_n10_lstm_model.pth took 0.026 seconds
[2026-06-19T13:06:03.408+0000] {processor.py:157} INFO - Started process (PID=15197) to work on /opt/airflow/dags/models/BTC_s1_n10_lstm_model.pth
[2026-06-19T13:06:03.410+0000] {processor.py:829} INFO - Processing file /opt/airflow/dags/models/BTC_s1_n10_lstm_model.pth for tasks to queue
[2026-06-19T13:06:03.410+0000] {logging_mixin.py:151} INFO - [2026-06-19T13:06:03.410+0000] {dagbag.py:539} INFO - Filling up the DagBag from /opt/airflow/dags/models/BTC_s1_n10_lstm_model.pth
[2026-06-19T13:06:03.418+0000] {processor.py:841} WARNING - No viable dags retrieved from /opt/airflow/dags/models/BTC_s1_n10_lstm_model.pth
[2026-06-19T13:06:03.432+0000] {processor.py:179} INFO - Processing /opt/airflow/dags/models/BTC_s1_n10_lstm_model.pth took 0.028 seconds
[2026-06-19T13:06:33.526+0000] {processor.py:157} INFO - Started process (PID=15230) to work on /opt/airflow/dags/models/BTC_s1_n10_lstm_model.pth
[2026-06-19T13:06:33.527+0000] {processor.py:829} INFO - Processing file /opt/airflow/dags/models/BTC_s1_n10_lstm_model.pth for tasks to queue
[2026-06-19T13:06:33.528+0000] {logging_mixin.py:151} INFO - [2026-06-19T13:06:33.528+0000] {dagbag.py:539} INFO - Filling up the DagBag from /opt/airflow/dags/models/BTC_s1_n10_lstm_model.pth
[2026-06-19T13:06:33.536+0000] {processor.py:841} WARNING - No viable dags retrieved from /opt/airflow/dags/models/BTC_s1_n10_lstm_model.pth
[2026-06-19T13:06:33.550+0000] {processor.py:179} INFO - Processing /opt/airflow/dags/models/BTC_s1_n10_lstm_model.pth took 0.028 seconds
[2026-06-19T13:07:03.709+0000] {processor.py:157} INFO - Started process (PID=15263) to work on /opt/airflow/dags/models/BTC_s1_n10_lstm_model.pth
[2026-06-19T13:07:03.710+0000] {processor.py:829} INFO - Processing file /opt/airflow/dags/models/BTC_s1_n10_lstm_model.pth for tasks to queue
[2026-06-19T13:07:03.711+0000] {logging_mixin.py:151} INFO - [2026-06-19T13:07:03.711+0000] {dagbag.py:539} INFO - Filling up the DagBag from /opt/airflow/dags/models/BTC_s1_n10_lstm_model.pth
[2026-06-19T13:07:03.717+0000] {processor.py:841} WARNING - No viable dags retrieved from /opt/airflow/dags/models/BTC_s1_n10_lstm_model.pth
[2026-06-19T13:07:03.730+0000] {processor.py:179} INFO - Processing /opt/airflow/dags/models/BTC_s1_n10_lstm_model.pth took 0.024 seconds
[2026-06-19T13:07:34.474+0000] {processor.py:157} INFO - Started process (PID=15296) to work on /opt/airflow/dags/models/BTC_s1_n10_lstm_model.pth
[2026-06-19T13:07:34.482+0000] {processor.py:829} INFO - Processing file /opt/airflow/dags/models/BTC_s1_n10_lstm_model.pth for tasks to queue
[2026-06-19T13:07:34.483+0000] {logging_mixin.py:151} INFO - [2026-06-19T13:07:34.483+0000] {dagbag.py:539} INFO - Filling up the DagBag from /opt/airflow/dags/models/BTC_s1_n10_lstm_model.pth
[2026-06-19T13:07:34.491+0000] {processor.py:841} WARNING - No viable dags retrieved from /opt/airflow/dags/models/BTC_s1_n10_lstm_model.pth
[2026-06-19T13:07:34.507+0000] {processor.py:179} INFO - Processing /opt/airflow/dags/models/BTC_s1_n10_lstm_model.pth took 0.037 seconds
[2026-06-19T13:08:05.079+0000] {processor.py:157} INFO - Started process (PID=15329) to work on /opt/airflow/dags/models/BTC_s1_n10_lstm_model.pth
[2026-06-19T13:08:05.080+0000] {processor.py:829} INFO - Processing file /opt/airflow/dags/models/BTC_s1_n10_lstm_model.pth for tasks to queue
[2026-06-19T13:08:05.081+0000] {logging_mixin.py:151} INFO - [2026-06-19T13:08:05.080+0000] {dagbag.py:539} INFO - Filling up the DagBag from /opt/airflow/dags/models/BTC_s1_n10_lstm_model.pth
[2026-06-19T13:08:05.088+0000] {processor.py:841} WARNING - No viable dags retrieved from /opt/airflow/dags/models/BTC_s1_n10_lstm_model.pth
[2026-06-19T13:08:05.102+0000] {processor.py:179} INFO - Processing /opt/airflow/dags/models/BTC_s1_n10_lstm_model.pth took 0.026 seconds
[2026-06-19T13:08:35.341+0000] {processor.py:157} INFO - Started process (PID=15362) to work on /opt/airflow/dags/models/BTC_s1_n10_lstm_model.pth
[2026-06-19T13:08:35.343+0000] {processor.py:829} INFO - Processing file /opt/airflow/dags/models/BTC_s1_n10_lstm_model.pth for tasks to queue
[2026-06-19T13:08:35.344+0000] {logging_mixin.py:151} INFO - [2026-06-19T13:08:35.344+0000] {dagbag.py:539} INFO - Filling up the DagBag from /opt/airflow/dags/models/BTC_s1_n10_lstm_model.pth
[2026-06-19T13:08:35.354+0000] {processor.py:841} WARNING - No viable dags retrieved from /opt/airflow/dags/models/BTC_s1_n10_lstm_model.pth
[2026-06-19T13:08:35.371+0000] {processor.py:179} INFO - Processing /opt/airflow/dags/models/BTC_s1_n10_lstm_model.pth took 0.034 seconds
[2026-06-19T13:09:06.139+0000] {processor.py:157} INFO - Started process (PID=15395) to work on /opt/airflow/dags/models/BTC_s1_n10_lstm_model.pth
[2026-06-19T13:09:06.140+0000] {processor.py:829} INFO - Processing file /opt/airflow/dags/models/BTC_s1_n10_lstm_model.pth for tasks to queue
[2026-06-19T13:09:06.141+0000] {logging_mixin.py:151} INFO - [2026-06-19T13:09:06.141+0000] {dagbag.py:539} INFO - Filling up the DagBag from /opt/airflow/dags/models/BTC_s1_n10_lstm_model.pth
[2026-06-19T13:09:06.150+0000] {processor.py:841} WARNING - No viable dags retrieved from /opt/airflow/dags/models/BTC_s1_n10_lstm_model.pth
[2026-06-19T13:09:06.164+0000] {processor.py:179} INFO - Processing /opt/airflow/dags/models/BTC_s1_n10_lstm_model.pth took 0.029 seconds
[2026-06-19T13:09:37.790+0000] {processor.py:157} INFO - Started process (PID=15426) to work on /opt/airflow/dags/models/BTC_s1_n10_lstm_model.pth
[2026-06-19T13:09:37.791+0000] {processor.py:829} INFO - Processing file /opt/airflow/dags/models/BTC_s1_n10_lstm_model.pth for tasks to queue
[2026-06-19T13:09:37.792+0000] {logging_mixin.py:151} INFO - [2026-06-19T13:09:37.791+0000] {dagbag.py:539} INFO - Filling up the DagBag from /opt/airflow/dags/models/BTC_s1_n10_lstm_model.pth
[2026-06-19T13:09:37.799+0000] {processor.py:841} WARNING - No viable dags retrieved from /opt/airflow/dags/models/BTC_s1_n10_lstm_model.pth
[2026-06-19T13:09:37.815+0000] {processor.py:179} INFO - Processing /opt/airflow/dags/models/BTC_s1_n10_lstm_model.pth took 0.029 seconds
[2026-06-19T13:10:11.311+0000] {processor.py:157} INFO - Started process (PID=15459) to work on /opt/airflow/dags/models/BTC_s1_n10_lstm_model.pth
[2026-06-19T13:10:11.313+0000] {processor.py:829} INFO - Processing file /opt/airflow/dags/models/BTC_s1_n10_lstm_model.pth for tasks to queue
[2026-06-19T13:10:11.314+0000] {logging_mixin.py:151} INFO - [2026-06-19T13:10:11.314+0000] {dagbag.py:539} INFO - Filling up the DagBag from /opt/airflow/dags/models/BTC_s1_n10_lstm_model.pth
[2026-06-19T13:10:11.322+0000] {processor.py:841} WARNING - No viable dags retrieved from /opt/airflow/dags/models/BTC_s1_n10_lstm_model.pth
[2026-06-19T13:10:11.336+0000] {processor.py:179} INFO - Processing /opt/airflow/dags/models/BTC_s1_n10_lstm_model.pth took 0.028 seconds
[2026-06-19T13:10:44.283+0000] {processor.py:157} INFO - Started process (PID=15492) to work on /opt/airflow/dags/models/BTC_s1_n10_lstm_model.pth
[2026-06-19T13:10:44.284+0000] {processor.py:829} INFO - Processing file /opt/airflow/dags/models/BTC_s1_n10_lstm_model.pth for tasks to queue
[2026-06-19T13:10:44.285+0000] {logging_mixin.py:151} INFO - [2026-06-19T13:10:44.285+0000] {dagbag.py:539} INFO - Filling up the DagBag from /opt/airflow/dags/models/BTC_s1_n10_lstm_model.pth
[2026-06-19T13:10:44.293+0000] {processor.py:841} WARNING - No viable dags retrieved from /opt/airflow/dags/models/BTC_s1_n10_lstm_model.pth
[2026-06-19T13:10:44.306+0000] {processor.py:179} INFO - Processing /opt/airflow/dags/models/BTC_s1_n10_lstm_model.pth took 0.028 seconds
[2026-06-19T13:11:17.079+0000] {processor.py:157} INFO - Started process (PID=15525) to work on /opt/airflow/dags/models/BTC_s1_n10_lstm_model.pth
[2026-06-19T13:11:17.080+0000] {processor.py:829} INFO - Processing file /opt/airflow/dags/models/BTC_s1_n10_lstm_model.pth for tasks to queue
[2026-06-19T13:11:17.081+0000] {logging_mixin.py:151} INFO - [2026-06-19T13:11:17.081+0000] {dagbag.py:539} INFO - Filling up the DagBag from /opt/airflow/dags/models/BTC_s1_n10_lstm_model.pth
[2026-06-19T13:11:17.089+0000] {processor.py:841} WARNING - No viable dags retrieved from /opt/airflow/dags/models/BTC_s1_n10_lstm_model.pth
[2026-06-19T13:11:17.103+0000] {processor.py:179} INFO - Processing /opt/airflow/dags/models/BTC_s1_n10_lstm_model.pth took 0.027 seconds
[2026-06-19T13:11:49.942+0000] {processor.py:157} INFO - Started process (PID=15560) to work on /opt/airflow/dags/models/BTC_s1_n10_lstm_model.pth
[2026-06-19T13:11:49.944+0000] {processor.py:829} INFO - Processing file /opt/airflow/dags/models/BTC_s1_n10_lstm_model.pth for tasks to queue
[2026-06-19T13:11:49.944+0000] {logging_mixin.py:151} INFO - [2026-06-19T13:11:49.944+0000] {dagbag.py:539} INFO - Filling up the DagBag from /opt/airflow/dags/models/BTC_s1_n10_lstm_model.pth
[2026-06-19T13:11:49.951+0000] {processor.py:841} WARNING - No viable dags retrieved from /opt/airflow/dags/models/BTC_s1_n10_lstm_model.pth
[2026-06-19T13:11:49.965+0000] {processor.py:179} INFO - Processing /opt/airflow/dags/models/BTC_s1_n10_lstm_model.pth took 0.026 seconds
[2026-06-19T13:12:22.629+0000] {processor.py:157} INFO - Started process (PID=15591) to work on /opt/airflow/dags/models/BTC_s1_n10_lstm_model.pth
[2026-06-19T13:12:22.630+0000] {processor.py:829} INFO - Processing file /opt/airflow/dags/models/BTC_s1_n10_lstm_model.pth for tasks to queue
[2026-06-19T13:12:22.632+0000] {logging_mixin.py:151} INFO - [2026-06-19T13:12:22.631+0000] {dagbag.py:539} INFO - Filling up the DagBag from /opt/airflow/dags/models/BTC_s1_n10_lstm_model.pth
[2026-06-19T13:12:22.641+0000] {processor.py:841} WARNING - No viable dags retrieved from /opt/airflow/dags/models/BTC_s1_n10_lstm_model.pth
[2026-06-19T13:12:22.656+0000] {processor.py:179} INFO - Processing /opt/airflow/dags/models/BTC_s1_n10_lstm_model.pth took 0.031 seconds
[2026-06-19T13:12:55.501+0000] {processor.py:157} INFO - Started process (PID=15631) to work on /opt/airflow/dags/models/BTC_s1_n10_lstm_model.pth
[2026-06-19T13:12:55.503+0000] {processor.py:829} INFO - Processing file /opt/airflow/dags/models/BTC_s1_n10_lstm_model.pth for tasks to queue
[2026-06-19T13:12:55.503+0000] {logging_mixin.py:151} INFO - [2026-06-19T13:12:55.503+0000] {dagbag.py:539} INFO - Filling up the DagBag from /opt/airflow/dags/models/BTC_s1_n10_lstm_model.pth
[2026-06-19T13:12:55.509+0000] {processor.py:841} WARNING - No viable dags retrieved from /opt/airflow/dags/models/BTC_s1_n10_lstm_model.pth
[2026-06-19T13:12:55.522+0000] {processor.py:179} INFO - Processing /opt/airflow/dags/models/BTC_s1_n10_lstm_model.pth took 0.024 seconds
[2026-06-19T13:13:28.133+0000] {processor.py:157} INFO - Started process (PID=15664) to work on /opt/airflow/dags/models/BTC_s1_n10_lstm_model.pth
[2026-06-19T13:13:28.135+0000] {processor.py:829} INFO - Processing file /opt/airflow/dags/models/BTC_s1_n10_lstm_model.pth for tasks to queue
[2026-06-19T13:13:28.136+0000] {logging_mixin.py:151} INFO - [2026-06-19T13:13:28.135+0000] {dagbag.py:539} INFO - Filling up the DagBag from /opt/airflow/dags/models/BTC_s1_n10_lstm_model.pth
[2026-06-19T13:13:28.145+0000] {processor.py:841} WARNING - No viable dags retrieved from /opt/airflow/dags/models/BTC_s1_n10_lstm_model.pth
[2026-06-19T13:13:28.158+0000] {processor.py:179} INFO - Processing /opt/airflow/dags/models/BTC_s1_n10_lstm_model.pth took 0.028 seconds
[2026-06-19T13:14:01.012+0000] {processor.py:157} INFO - Started process (PID=15697) to work on /opt/airflow/dags/models/BTC_s1_n10_lstm_model.pth
[2026-06-19T13:14:01.013+0000] {processor.py:829} INFO - Processing file /opt/airflow/dags/models/BTC_s1_n10_lstm_model.pth for tasks to queue
[2026-06-19T13:14:01.014+0000] {logging_mixin.py:151} INFO - [2026-06-19T13:14:01.014+0000] {dagbag.py:539} INFO - Filling up the DagBag from /opt/airflow/dags/models/BTC_s1_n10_lstm_model.pth
[2026-06-19T13:14:01.022+0000] {processor.py:841} WARNING - No viable dags retrieved from /opt/airflow/dags/models/BTC_s1_n10_lstm_model.pth
[2026-06-19T13:14:01.035+0000] {processor.py:179} INFO - Processing /opt/airflow/dags/models/BTC_s1_n10_lstm_model.pth took 0.026 seconds
[2026-06-19T13:14:31.193+0000] {processor.py:157} INFO - Started process (PID=15721) to work on /opt/airflow/dags/models/BTC_s1_n10_lstm_model.pth
[2026-06-19T13:14:31.194+0000] {processor.py:829} INFO - Processing file /opt/airflow/dags/models/BTC_s1_n10_lstm_model.pth for tasks to queue
[2026-06-19T13:14:31.195+0000] {logging_mixin.py:151} INFO - [2026-06-19T13:14:31.195+0000] {dagbag.py:539} INFO - Filling up the DagBag from /opt/airflow/dags/models/BTC_s1_n10_lstm_model.pth
[2026-06-19T13:14:31.204+0000] {processor.py:841} WARNING - No viable dags retrieved from /opt/airflow/dags/models/BTC_s1_n10_lstm_model.pth
[2026-06-19T13:14:31.220+0000] {processor.py:179} INFO - Processing /opt/airflow/dags/models/BTC_s1_n10_lstm_model.pth took 0.030 seconds
[2026-06-19T13:15:01.951+0000] {processor.py:157} INFO - Started process (PID=15747) to work on /opt/airflow/dags/models/BTC_s1_n10_lstm_model.pth
[2026-06-19T13:15:01.953+0000] {processor.py:829} INFO - Processing file /opt/airflow/dags/models/BTC_s1_n10_lstm_model.pth for tasks to queue
[2026-06-19T13:15:01.954+0000] {logging_mixin.py:151} INFO - [2026-06-19T13:15:01.953+0000] {dagbag.py:539} INFO - Filling up the DagBag from /opt/airflow/dags/models/BTC_s1_n10_lstm_model.pth
[2026-06-19T13:15:01.962+0000] {processor.py:841} WARNING - No viable dags retrieved from /opt/airflow/dags/models/BTC_s1_n10_lstm_model.pth
[2026-06-19T13:15:01.979+0000] {processor.py:179} INFO - Processing /opt/airflow/dags/models/BTC_s1_n10_lstm_model.pth took 0.031 seconds
[2026-06-19T13:15:32.178+0000] {processor.py:157} INFO - Started process (PID=15777) to work on /opt/airflow/dags/models/BTC_s1_n10_lstm_model.pth
[2026-06-19T13:15:32.180+0000] {processor.py:829} INFO - Processing file /opt/airflow/dags/models/BTC_s1_n10_lstm_model.pth for tasks to queue
[2026-06-19T13:15:32.181+0000] {logging_mixin.py:151} INFO - [2026-06-19T13:15:32.180+0000] {dagbag.py:539} INFO - Filling up the DagBag from /opt/airflow/dags/models/BTC_s1_n10_lstm_model.pth
[2026-06-19T13:15:32.189+0000] {processor.py:841} WARNING - No viable dags retrieved from /opt/airflow/dags/models/BTC_s1_n10_lstm_model.pth
[2026-06-19T13:15:32.206+0000] {processor.py:179} INFO - Processing /opt/airflow/dags/models/BTC_s1_n10_lstm_model.pth took 0.032 seconds
[2026-06-19T13:16:02.461+0000] {processor.py:157} INFO - Started process (PID=15810) to work on /opt/airflow/dags/models/BTC_s1_n10_lstm_model.pth
[2026-06-19T13:16:02.463+0000] {processor.py:829} INFO - Processing file /opt/airflow/dags/models/BTC_s1_n10_lstm_model.pth for tasks to queue
[2026-06-19T13:16:02.465+0000] {logging_mixin.py:151} INFO - [2026-06-19T13:16:02.465+0000] {dagbag.py:539} INFO - Filling up the DagBag from /opt/airflow/dags/models/BTC_s1_n10_lstm_model.pth
[2026-06-19T13:16:02.490+0000] {processor.py:841} WARNING - No viable dags retrieved from /opt/airflow/dags/models/BTC_s1_n10_lstm_model.pth
[2026-06-19T13:16:02.537+0000] {processor.py:179} INFO - Processing /opt/airflow/dags/models/BTC_s1_n10_lstm_model.pth took 0.081 seconds
[2026-06-19T13:16:32.828+0000] {processor.py:157} INFO - Started process (PID=15843) to work on /opt/airflow/dags/models/BTC_s1_n10_lstm_model.pth
[2026-06-19T13:16:32.830+0000] {processor.py:829} INFO - Processing file /opt/airflow/dags/models/BTC_s1_n10_lstm_model.pth for tasks to queue
[2026-06-19T13:16:32.830+0000] {logging_mixin.py:151} INFO - [2026-06-19T13:16:32.830+0000] {dagbag.py:539} INFO - Filling up the DagBag from /opt/airflow/dags/models/BTC_s1_n10_lstm_model.pth
[2026-06-19T13:16:32.838+0000] {processor.py:841} WARNING - No viable dags retrieved from /opt/airflow/dags/models/BTC_s1_n10_lstm_model.pth
[2026-06-19T13:16:32.853+0000] {processor.py:179} INFO - Processing /opt/airflow/dags/models/BTC_s1_n10_lstm_model.pth took 0.029 seconds
[2026-06-19T13:17:03.128+0000] {processor.py:157} INFO - Started process (PID=15876) to work on /opt/airflow/dags/models/BTC_s1_n10_lstm_model.pth
[2026-06-19T13:17:03.129+0000] {processor.py:829} INFO - Processing file /opt/airflow/dags/models/BTC_s1_n10_lstm_model.pth for tasks to queue
[2026-06-19T13:17:03.131+0000] {logging_mixin.py:151} INFO - [2026-06-19T13:17:03.130+0000] {dagbag.py:539} INFO - Filling up the DagBag from /opt/airflow/dags/models/BTC_s1_n10_lstm_model.pth
[2026-06-19T13:17:03.140+0000] {processor.py:841} WARNING - No viable dags retrieved from /opt/airflow/dags/models/BTC_s1_n10_lstm_model.pth
[2026-06-19T13:17:03.156+0000] {processor.py:179} INFO - Processing /opt/airflow/dags/models/BTC_s1_n10_lstm_model.pth took 0.031 seconds
[2026-06-19T13:17:33.261+0000] {processor.py:157} INFO - Started process (PID=15909) to work on /opt/airflow/dags/models/BTC_s1_n10_lstm_model.pth
[2026-06-19T13:17:33.264+0000] {processor.py:829} INFO - Processing file /opt/airflow/dags/models/BTC_s1_n10_lstm_model.pth for tasks to queue
[2026-06-19T13:17:33.266+0000] {logging_mixin.py:151} INFO - [2026-06-19T13:17:33.265+0000] {dagbag.py:539} INFO - Filling up the DagBag from /opt/airflow/dags/models/BTC_s1_n10_lstm_model.pth
[2026-06-19T13:17:33.274+0000] {processor.py:841} WARNING - No viable dags retrieved from /opt/airflow/dags/models/BTC_s1_n10_lstm_model.pth
[2026-06-19T13:17:33.305+0000] {processor.py:179} INFO - Processing /opt/airflow/dags/models/BTC_s1_n10_lstm_model.pth took 0.051 seconds
[2026-06-19T13:18:03.474+0000] {processor.py:157} INFO - Started process (PID=15942) to work on /opt/airflow/dags/models/BTC_s1_n10_lstm_model.pth
[2026-06-19T13:18:03.475+0000] {processor.py:829} INFO - Processing file /opt/airflow/dags/models/BTC_s1_n10_lstm_model.pth for tasks to queue
[2026-06-19T13:18:03.476+0000] {logging_mixin.py:151} INFO - [2026-06-19T13:18:03.475+0000] {dagbag.py:539} INFO - Filling up the DagBag from /opt/airflow/dags/models/BTC_s1_n10_lstm_model.pth
[2026-06-19T13:18:03.483+0000] {processor.py:841} WARNING - No viable dags retrieved from /opt/airflow/dags/models/BTC_s1_n10_lstm_model.pth
[2026-06-19T13:18:03.498+0000] {processor.py:179} INFO - Processing /opt/airflow/dags/models/BTC_s1_n10_lstm_model.pth took 0.028 seconds
[2026-06-19T13:18:33.757+0000] {processor.py:157} INFO - Started process (PID=15975) to work on /opt/airflow/dags/models/BTC_s1_n10_lstm_model.pth
[2026-06-19T13:18:33.759+0000] {processor.py:829} INFO - Processing file /opt/airflow/dags/models/BTC_s1_n10_lstm_model.pth for tasks to queue
[2026-06-19T13:18:33.760+0000] {logging_mixin.py:151} INFO - [2026-06-19T13:18:33.759+0000] {dagbag.py:539} INFO - Filling up the DagBag from /opt/airflow/dags/models/BTC_s1_n10_lstm_model.pth
[2026-06-19T13:18:33.768+0000] {processor.py:841} WARNING - No viable dags retrieved from /opt/airflow/dags/models/BTC_s1_n10_lstm_model.pth
[2026-06-19T13:18:33.786+0000] {processor.py:179} INFO - Processing /opt/airflow/dags/models/BTC_s1_n10_lstm_model.pth took 0.033 seconds
[2026-06-19T13:19:04.038+0000] {processor.py:157} INFO - Started process (PID=16008) to work on /opt/airflow/dags/models/BTC_s1_n10_lstm_model.pth
[2026-06-19T13:19:04.039+0000] {processor.py:829} INFO - Processing file /opt/airflow/dags/models/BTC_s1_n10_lstm_model.pth for tasks to queue
[2026-06-19T13:19:04.040+0000] {logging_mixin.py:151} INFO - [2026-06-19T13:19:04.040+0000] {dagbag.py:539} INFO - Filling up the DagBag from /opt/airflow/dags/models/BTC_s1_n10_lstm_model.pth
[2026-06-19T13:19:04.047+0000] {processor.py:841} WARNING - No viable dags retrieved from /opt/airflow/dags/models/BTC_s1_n10_lstm_model.pth
[2026-06-19T13:19:04.062+0000] {processor.py:179} INFO - Processing /opt/airflow/dags/models/BTC_s1_n10_lstm_model.pth took 0.028 seconds
[2026-06-19T13:19:34.309+0000] {processor.py:157} INFO - Started process (PID=16041) to work on /opt/airflow/dags/models/BTC_s1_n10_lstm_model.pth
[2026-06-19T13:19:34.310+0000] {processor.py:829} INFO - Processing file /opt/airflow/dags/models/BTC_s1_n10_lstm_model.pth for tasks to queue
[2026-06-19T13:19:34.311+0000] {logging_mixin.py:151} INFO - [2026-06-19T13:19:34.311+0000] {dagbag.py:539} INFO - Filling up the DagBag from /opt/airflow/dags/models/BTC_s1_n10_lstm_model.pth
[2026-06-19T13:19:34.319+0000] {processor.py:841} WARNING - No viable dags retrieved from /opt/airflow/dags/models/BTC_s1_n10_lstm_model.pth
[2026-06-19T13:19:34.332+0000] {processor.py:179} INFO - Processing /opt/airflow/dags/models/BTC_s1_n10_lstm_model.pth took 0.028 seconds
[2026-06-19T13:20:06.390+0000] {processor.py:157} INFO - Started process (PID=16072) to work on /opt/airflow/dags/models/BTC_s1_n10_lstm_model.pth
[2026-06-19T13:20:06.392+0000] {processor.py:829} INFO - Processing file /opt/airflow/dags/models/BTC_s1_n10_lstm_model.pth for tasks to queue
[2026-06-19T13:20:06.393+0000] {logging_mixin.py:151} INFO - [2026-06-19T13:20:06.392+0000] {dagbag.py:539} INFO - Filling up the DagBag from /opt/airflow/dags/models/BTC_s1_n10_lstm_model.pth
[2026-06-19T13:20:06.401+0000] {processor.py:841} WARNING - No viable dags retrieved from /opt/airflow/dags/models/BTC_s1_n10_lstm_model.pth
[2026-06-19T13:20:06.415+0000] {processor.py:179} INFO - Processing /opt/airflow/dags/models/BTC_s1_n10_lstm_model.pth took 0.028 seconds
[2026-06-19T13:20:37.339+0000] {processor.py:157} INFO - Started process (PID=16097) to work on /opt/airflow/dags/models/BTC_s1_n10_lstm_model.pth
[2026-06-19T13:20:37.341+0000] {processor.py:829} INFO - Processing file /opt/airflow/dags/models/BTC_s1_n10_lstm_model.pth for tasks to queue
[2026-06-19T13:20:37.342+0000] {logging_mixin.py:151} INFO - [2026-06-19T13:20:37.341+0000] {dagbag.py:539} INFO - Filling up the DagBag from /opt/airflow/dags/models/BTC_s1_n10_lstm_model.pth
[2026-06-19T13:20:37.350+0000] {processor.py:841} WARNING - No viable dags retrieved from /opt/airflow/dags/models/BTC_s1_n10_lstm_model.pth
[2026-06-19T13:20:37.366+0000] {processor.py:179} INFO - Processing /opt/airflow/dags/models/BTC_s1_n10_lstm_model.pth took 0.030 seconds
[2026-06-19T13:21:07.621+0000] {processor.py:157} INFO - Started process (PID=16122) to work on /opt/airflow/dags/models/BTC_s1_n10_lstm_model.pth
[2026-06-19T13:21:07.622+0000] {processor.py:829} INFO - Processing file /opt/airflow/dags/models/BTC_s1_n10_lstm_model.pth for tasks to queue
[2026-06-19T13:21:07.624+0000] {logging_mixin.py:151} INFO - [2026-06-19T13:21:07.623+0000] {dagbag.py:539} INFO - Filling up the DagBag from /opt/airflow/dags/models/BTC_s1_n10_lstm_model.pth
[2026-06-19T13:21:07.633+0000] {processor.py:841} WARNING - No viable dags retrieved from /opt/airflow/dags/models/BTC_s1_n10_lstm_model.pth
[2026-06-19T13:21:07.650+0000] {processor.py:179} INFO - Processing /opt/airflow/dags/models/BTC_s1_n10_lstm_model.pth took 0.035 seconds
[2026-06-19T13:21:37.917+0000] {processor.py:157} INFO - Started process (PID=16152) to work on /opt/airflow/dags/models/BTC_s1_n10_lstm_model.pth
[2026-06-19T13:21:37.919+0000] {processor.py:829} INFO - Processing file /opt/airflow/dags/models/BTC_s1_n10_lstm_model.pth for tasks to queue
[2026-06-19T13:21:37.919+0000] {logging_mixin.py:151} INFO - [2026-06-19T13:21:37.919+0000] {dagbag.py:539} INFO - Filling up the DagBag from /opt/airflow/dags/models/BTC_s1_n10_lstm_model.pth
[2026-06-19T13:21:37.931+0000] {processor.py:841} WARNING - No viable dags retrieved from /opt/airflow/dags/models/BTC_s1_n10_lstm_model.pth
[2026-06-19T13:21:37.946+0000] {processor.py:179} INFO - Processing /opt/airflow/dags/models/BTC_s1_n10_lstm_model.pth took 0.034 seconds
[2026-06-19T13:22:08.374+0000] {processor.py:157} INFO - Started process (PID=16185) to work on /opt/airflow/dags/models/BTC_s1_n10_lstm_model.pth
[2026-06-19T13:22:08.376+0000] {processor.py:829} INFO - Processing file /opt/airflow/dags/models/BTC_s1_n10_lstm_model.pth for tasks to queue
[2026-06-19T13:22:08.377+0000] {logging_mixin.py:151} INFO - [2026-06-19T13:22:08.377+0000] {dagbag.py:539} INFO - Filling up the DagBag from /opt/airflow/dags/models/BTC_s1_n10_lstm_model.pth
[2026-06-19T13:22:08.386+0000] {processor.py:841} WARNING - No viable dags retrieved from /opt/airflow/dags/models/BTC_s1_n10_lstm_model.pth
[2026-06-19T13:22:08.402+0000] {processor.py:179} INFO - Processing /opt/airflow/dags/models/BTC_s1_n10_lstm_model.pth took 0.030 seconds
[2026-06-19T13:22:38.564+0000] {processor.py:157} INFO - Started process (PID=16218) to work on /opt/airflow/dags/models/BTC_s1_n10_lstm_model.pth
[2026-06-19T13:22:38.566+0000] {processor.py:829} INFO - Processing file /opt/airflow/dags/models/BTC_s1_n10_lstm_model.pth for tasks to queue
[2026-06-19T13:22:38.567+0000] {logging_mixin.py:151} INFO - [2026-06-19T13:22:38.566+0000] {dagbag.py:539} INFO - Filling up the DagBag from /opt/airflow/dags/models/BTC_s1_n10_lstm_model.pth
[2026-06-19T13:22:38.575+0000] {processor.py:841} WARNING - No viable dags retrieved from /opt/airflow/dags/models/BTC_s1_n10_lstm_model.pth
[2026-06-19T13:22:38.590+0000] {processor.py:179} INFO - Processing /opt/airflow/dags/models/BTC_s1_n10_lstm_model.pth took 0.030 seconds
[2026-06-19T13:23:08.679+0000] {processor.py:157} INFO - Started process (PID=16251) to work on /opt/airflow/dags/models/BTC_s1_n10_lstm_model.pth
[2026-06-19T13:23:08.681+0000] {processor.py:829} INFO - Processing file /opt/airflow/dags/models/BTC_s1_n10_lstm_model.pth for tasks to queue
[2026-06-19T13:23:08.682+0000] {logging_mixin.py:151} INFO - [2026-06-19T13:23:08.681+0000] {dagbag.py:539} INFO - Filling up the DagBag from /opt/airflow/dags/models/BTC_s1_n10_lstm_model.pth
[2026-06-19T13:23:08.692+0000] {processor.py:841} WARNING - No viable dags retrieved from /opt/airflow/dags/models/BTC_s1_n10_lstm_model.pth
[2026-06-19T13:23:08.708+0000] {processor.py:179} INFO - Processing /opt/airflow/dags/models/BTC_s1_n10_lstm_model.pth took 0.033 seconds
[2026-06-19T13:23:39.164+0000] {processor.py:157} INFO - Started process (PID=16284) to work on /opt/airflow/dags/models/BTC_s1_n10_lstm_model.pth
[2026-06-19T13:23:39.166+0000] {processor.py:829} INFO - Processing file /opt/airflow/dags/models/BTC_s1_n10_lstm_model.pth for tasks to queue
[2026-06-19T13:23:39.168+0000] {logging_mixin.py:151} INFO - [2026-06-19T13:23:39.167+0000] {dagbag.py:539} INFO - Filling up the DagBag from /opt/airflow/dags/models/BTC_s1_n10_lstm_model.pth
[2026-06-19T13:23:39.180+0000] {processor.py:841} WARNING - No viable dags retrieved from /opt/airflow/dags/models/BTC_s1_n10_lstm_model.pth
[2026-06-19T13:23:39.225+0000] {processor.py:179} INFO - Processing /opt/airflow/dags/models/BTC_s1_n10_lstm_model.pth took 0.072 seconds
[2026-06-19T13:24:09.650+0000] {processor.py:157} INFO - Started process (PID=16317) to work on /opt/airflow/dags/models/BTC_s1_n10_lstm_model.pth
[2026-06-19T13:24:09.652+0000] {processor.py:829} INFO - Processing file /opt/airflow/dags/models/BTC_s1_n10_lstm_model.pth for tasks to queue
[2026-06-19T13:24:09.652+0000] {logging_mixin.py:151} INFO - [2026-06-19T13:24:09.652+0000] {dagbag.py:539} INFO - Filling up the DagBag from /opt/airflow/dags/models/BTC_s1_n10_lstm_model.pth
[2026-06-19T13:24:09.661+0000] {processor.py:841} WARNING - No viable dags retrieved from /opt/airflow/dags/models/BTC_s1_n10_lstm_model.pth
[2026-06-19T13:24:09.675+0000] {processor.py:179} INFO - Processing /opt/airflow/dags/models/BTC_s1_n10_lstm_model.pth took 0.030 seconds
[2026-06-19T13:24:39.767+0000] {processor.py:157} INFO - Started process (PID=16350) to work on /opt/airflow/dags/models/BTC_s1_n10_lstm_model.pth
[2026-06-19T13:24:39.768+0000] {processor.py:829} INFO - Processing file /opt/airflow/dags/models/BTC_s1_n10_lstm_model.pth for tasks to queue
[2026-06-19T13:24:39.769+0000] {logging_mixin.py:151} INFO - [2026-06-19T13:24:39.769+0000] {dagbag.py:539} INFO - Filling up the DagBag from /opt/airflow/dags/models/BTC_s1_n10_lstm_model.pth
[2026-06-19T13:24:39.778+0000] {processor.py:841} WARNING - No viable dags retrieved from /opt/airflow/dags/models/BTC_s1_n10_lstm_model.pth
[2026-06-19T13:24:39.795+0000] {processor.py:179} INFO - Processing /opt/airflow/dags/models/BTC_s1_n10_lstm_model.pth took 0.032 seconds
[2026-06-19T13:25:10.296+0000] {processor.py:157} INFO - Started process (PID=16383) to work on /opt/airflow/dags/models/BTC_s1_n10_lstm_model.pth
[2026-06-19T13:25:10.297+0000] {processor.py:829} INFO - Processing file /opt/airflow/dags/models/BTC_s1_n10_lstm_model.pth for tasks to queue
[2026-06-19T13:25:10.299+0000] {logging_mixin.py:151} INFO - [2026-06-19T13:25:10.298+0000] {dagbag.py:539} INFO - Filling up the DagBag from /opt/airflow/dags/models/BTC_s1_n10_lstm_model.pth
[2026-06-19T13:25:10.308+0000] {processor.py:841} WARNING - No viable dags retrieved from /opt/airflow/dags/models/BTC_s1_n10_lstm_model.pth
[2026-06-19T13:25:10.326+0000] {processor.py:179} INFO - Processing /opt/airflow/dags/models/BTC_s1_n10_lstm_model.pth took 0.034 seconds
[2026-06-19T13:25:40.516+0000] {processor.py:157} INFO - Started process (PID=16416) to work on /opt/airflow/dags/models/BTC_s1_n10_lstm_model.pth
[2026-06-19T13:25:40.517+0000] {processor.py:829} INFO - Processing file /opt/airflow/dags/models/BTC_s1_n10_lstm_model.pth for tasks to queue
[2026-06-19T13:25:40.518+0000] {logging_mixin.py:151} INFO - [2026-06-19T13:25:40.518+0000] {dagbag.py:539} INFO - Filling up the DagBag from /opt/airflow/dags/models/BTC_s1_n10_lstm_model.pth
[2026-06-19T13:25:40.528+0000] {processor.py:841} WARNING - No viable dags retrieved from /opt/airflow/dags/models/BTC_s1_n10_lstm_model.pth
[2026-06-19T13:25:40.547+0000] {processor.py:179} INFO - Processing /opt/airflow/dags/models/BTC_s1_n10_lstm_model.pth took 0.035 seconds
[2026-06-19T13:26:11.642+0000] {processor.py:157} INFO - Started process (PID=16446) to work on /opt/airflow/dags/models/BTC_s1_n10_lstm_model.pth
[2026-06-19T13:26:11.643+0000] {processor.py:829} INFO - Processing file /opt/airflow/dags/models/BTC_s1_n10_lstm_model.pth for tasks to queue
[2026-06-19T13:26:11.644+0000] {logging_mixin.py:151} INFO - [2026-06-19T13:26:11.644+0000] {dagbag.py:539} INFO - Filling up the DagBag from /opt/airflow/dags/models/BTC_s1_n10_lstm_model.pth
[2026-06-19T13:26:11.652+0000] {processor.py:841} WARNING - No viable dags retrieved from /opt/airflow/dags/models/BTC_s1_n10_lstm_model.pth
[2026-06-19T13:26:11.667+0000] {processor.py:179} INFO - Processing /opt/airflow/dags/models/BTC_s1_n10_lstm_model.pth took 0.029 seconds
[2026-06-19T13:26:42.617+0000] {processor.py:157} INFO - Started process (PID=16472) to work on /opt/airflow/dags/models/BTC_s1_n10_lstm_model.pth
[2026-06-19T13:26:42.618+0000] {processor.py:829} INFO - Processing file /opt/airflow/dags/models/BTC_s1_n10_lstm_model.pth for tasks to queue
[2026-06-19T13:26:42.619+0000] {logging_mixin.py:151} INFO - [2026-06-19T13:26:42.619+0000] {dagbag.py:539} INFO - Filling up the DagBag from /opt/airflow/dags/models/BTC_s1_n10_lstm_model.pth
[2026-06-19T13:26:42.628+0000] {processor.py:841} WARNING - No viable dags retrieved from /opt/airflow/dags/models/BTC_s1_n10_lstm_model.pth
[2026-06-19T13:26:42.642+0000] {processor.py:179} INFO - Processing /opt/airflow/dags/models/BTC_s1_n10_lstm_model.pth took 0.029 seconds
[2026-06-19T13:27:12.923+0000] {processor.py:157} INFO - Started process (PID=16497) to work on /opt/airflow/dags/models/BTC_s1_n10_lstm_model.pth
[2026-06-19T13:27:12.925+0000] {processor.py:829} INFO - Processing file /opt/airflow/dags/models/BTC_s1_n10_lstm_model.pth for tasks to queue
[2026-06-19T13:27:12.926+0000] {logging_mixin.py:151} INFO - [2026-06-19T13:27:12.925+0000] {dagbag.py:539} INFO - Filling up the DagBag from /opt/airflow/dags/models/BTC_s1_n10_lstm_model.pth
[2026-06-19T13:27:12.933+0000] {processor.py:841} WARNING - No viable dags retrieved from /opt/airflow/dags/models/BTC_s1_n10_lstm_model.pth
[2026-06-19T13:27:12.950+0000] {processor.py:179} INFO - Processing /opt/airflow/dags/models/BTC_s1_n10_lstm_model.pth took 0.030 seconds
[2026-06-19T13:27:43.227+0000] {processor.py:157} INFO - Started process (PID=16527) to work on /opt/airflow/dags/models/BTC_s1_n10_lstm_model.pth
[2026-06-19T13:27:43.228+0000] {processor.py:829} INFO - Processing file /opt/airflow/dags/models/BTC_s1_n10_lstm_model.pth for tasks to queue
[2026-06-19T13:27:43.229+0000] {logging_mixin.py:151} INFO - [2026-06-19T13:27:43.229+0000] {dagbag.py:539} INFO - Filling up the DagBag from /opt/airflow/dags/models/BTC_s1_n10_lstm_model.pth
[2026-06-19T13:27:43.238+0000] {processor.py:841} WARNING - No viable dags retrieved from /opt/airflow/dags/models/BTC_s1_n10_lstm_model.pth
[2026-06-19T13:27:43.254+0000] {processor.py:179} INFO - Processing /opt/airflow/dags/models/BTC_s1_n10_lstm_model.pth took 0.031 seconds
[2026-06-19T13:28:13.545+0000] {processor.py:157} INFO - Started process (PID=16560) to work on /opt/airflow/dags/models/BTC_s1_n10_lstm_model.pth
[2026-06-19T13:28:13.549+0000] {processor.py:829} INFO - Processing file /opt/airflow/dags/models/BTC_s1_n10_lstm_model.pth for tasks to queue
[2026-06-19T13:28:13.552+0000] {logging_mixin.py:151} INFO - [2026-06-19T13:28:13.551+0000] {dagbag.py:539} INFO - Filling up the DagBag from /opt/airflow/dags/models/BTC_s1_n10_lstm_model.pth
[2026-06-19T13:28:13.561+0000] {processor.py:841} WARNING - No viable dags retrieved from /opt/airflow/dags/models/BTC_s1_n10_lstm_model.pth
[2026-06-19T13:28:13.598+0000] {processor.py:179} INFO - Processing /opt/airflow/dags/models/BTC_s1_n10_lstm_model.pth took 0.063 seconds
[2026-06-19T13:28:43.757+0000] {processor.py:157} INFO - Started process (PID=16593) to work on /opt/airflow/dags/models/BTC_s1_n10_lstm_model.pth
[2026-06-19T13:28:43.759+0000] {processor.py:829} INFO - Processing file /opt/airflow/dags/models/BTC_s1_n10_lstm_model.pth for tasks to queue
[2026-06-19T13:28:43.760+0000] {logging_mixin.py:151} INFO - [2026-06-19T13:28:43.760+0000] {dagbag.py:539} INFO - Filling up the DagBag from /opt/airflow/dags/models/BTC_s1_n10_lstm_model.pth
[2026-06-19T13:28:43.767+0000] {processor.py:841} WARNING - No viable dags retrieved from /opt/airflow/dags/models/BTC_s1_n10_lstm_model.pth
[2026-06-19T13:28:43.783+0000] {processor.py:179} INFO - Processing /opt/airflow/dags/models/BTC_s1_n10_lstm_model.pth took 0.029 seconds
[2026-06-19T13:29:13.891+0000] {processor.py:157} INFO - Started process (PID=16626) to work on /opt/airflow/dags/models/BTC_s1_n10_lstm_model.pth
[2026-06-19T13:29:13.893+0000] {processor.py:829} INFO - Processing file /opt/airflow/dags/models/BTC_s1_n10_lstm_model.pth for tasks to queue
[2026-06-19T13:29:13.894+0000] {logging_mixin.py:151} INFO - [2026-06-19T13:29:13.894+0000] {dagbag.py:539} INFO - Filling up the DagBag from /opt/airflow/dags/models/BTC_s1_n10_lstm_model.pth
[2026-06-19T13:29:13.903+0000] {processor.py:841} WARNING - No viable dags retrieved from /opt/airflow/dags/models/BTC_s1_n10_lstm_model.pth
[2026-06-19T13:29:13.921+0000] {processor.py:179} INFO - Processing /opt/airflow/dags/models/BTC_s1_n10_lstm_model.pth took 0.035 seconds
[2026-06-19T13:29:44.228+0000] {processor.py:157} INFO - Started process (PID=16659) to work on /opt/airflow/dags/models/BTC_s1_n10_lstm_model.pth
[2026-06-19T13:29:44.229+0000] {processor.py:829} INFO - Processing file /opt/airflow/dags/models/BTC_s1_n10_lstm_model.pth for tasks to queue
[2026-06-19T13:29:44.230+0000] {logging_mixin.py:151} INFO - [2026-06-19T13:29:44.230+0000] {dagbag.py:539} INFO - Filling up the DagBag from /opt/airflow/dags/models/BTC_s1_n10_lstm_model.pth
[2026-06-19T13:29:44.237+0000] {processor.py:841} WARNING - No viable dags retrieved from /opt/airflow/dags/models/BTC_s1_n10_lstm_model.pth
[2026-06-19T13:29:44.251+0000] {processor.py:179} INFO - Processing /opt/airflow/dags/models/BTC_s1_n10_lstm_model.pth took 0.026 seconds
[2026-06-19T13:30:14.398+0000] {processor.py:157} INFO - Started process (PID=16692) to work on /opt/airflow/dags/models/BTC_s1_n10_lstm_model.pth
[2026-06-19T13:30:14.400+0000] {processor.py:829} INFO - Processing file /opt/airflow/dags/models/BTC_s1_n10_lstm_model.pth for tasks to queue
[2026-06-19T13:30:14.402+0000] {logging_mixin.py:151} INFO - [2026-06-19T13:30:14.401+0000] {dagbag.py:539} INFO - Filling up the DagBag from /opt/airflow/dags/models/BTC_s1_n10_lstm_model.pth
[2026-06-19T13:30:14.411+0000] {processor.py:841} WARNING - No viable dags retrieved from /opt/airflow/dags/models/BTC_s1_n10_lstm_model.pth
[2026-06-19T13:30:14.426+0000] {processor.py:179} INFO - Processing /opt/airflow/dags/models/BTC_s1_n10_lstm_model.pth took 0.032 seconds
[2026-06-19T13:30:44.578+0000] {processor.py:157} INFO - Started process (PID=16725) to work on /opt/airflow/dags/models/BTC_s1_n10_lstm_model.pth
[2026-06-19T13:30:44.579+0000] {processor.py:829} INFO - Processing file /opt/airflow/dags/models/BTC_s1_n10_lstm_model.pth for tasks to queue
[2026-06-19T13:30:44.580+0000] {logging_mixin.py:151} INFO - [2026-06-19T13:30:44.580+0000] {dagbag.py:539} INFO - Filling up the DagBag from /opt/airflow/dags/models/BTC_s1_n10_lstm_model.pth
[2026-06-19T13:30:44.589+0000] {processor.py:841} WARNING - No viable dags retrieved from /opt/airflow/dags/models/BTC_s1_n10_lstm_model.pth
[2026-06-19T13:30:44.608+0000] {processor.py:179} INFO - Processing /opt/airflow/dags/models/BTC_s1_n10_lstm_model.pth took 0.035 seconds
[2026-06-19T13:31:14.691+0000] {processor.py:157} INFO - Started process (PID=16759) to work on /opt/airflow/dags/models/BTC_s1_n10_lstm_model.pth
[2026-06-19T13:31:14.693+0000] {processor.py:829} INFO - Processing file /opt/airflow/dags/models/BTC_s1_n10_lstm_model.pth for tasks to queue
[2026-06-19T13:31:14.695+0000] {logging_mixin.py:151} INFO - [2026-06-19T13:31:14.694+0000] {dagbag.py:539} INFO - Filling up the DagBag from /opt/airflow/dags/models/BTC_s1_n10_lstm_model.pth
[2026-06-19T13:31:14.704+0000] {processor.py:841} WARNING - No viable dags retrieved from /opt/airflow/dags/models/BTC_s1_n10_lstm_model.pth
[2026-06-19T13:31:14.720+0000] {processor.py:179} INFO - Processing /opt/airflow/dags/models/BTC_s1_n10_lstm_model.pth took 0.032 seconds
[2026-06-19T13:31:44.977+0000] {processor.py:157} INFO - Started process (PID=16792) to work on /opt/airflow/dags/models/BTC_s1_n10_lstm_model.pth
[2026-06-19T13:31:44.978+0000] {processor.py:829} INFO - Processing file /opt/airflow/dags/models/BTC_s1_n10_lstm_model.pth for tasks to queue
[2026-06-19T13:31:44.979+0000] {logging_mixin.py:151} INFO - [2026-06-19T13:31:44.979+0000] {dagbag.py:539} INFO - Filling up the DagBag from /opt/airflow/dags/models/BTC_s1_n10_lstm_model.pth
[2026-06-19T13:31:44.989+0000] {processor.py:841} WARNING - No viable dags retrieved from /opt/airflow/dags/models/BTC_s1_n10_lstm_model.pth
[2026-06-19T13:31:45.005+0000] {processor.py:179} INFO - Processing /opt/airflow/dags/models/BTC_s1_n10_lstm_model.pth took 0.032 seconds
[2026-06-19T13:32:16.798+0000] {processor.py:157} INFO - Started process (PID=16822) to work on /opt/airflow/dags/models/BTC_s1_n10_lstm_model.pth
[2026-06-19T13:32:16.799+0000] {processor.py:829} INFO - Processing file /opt/airflow/dags/models/BTC_s1_n10_lstm_model.pth for tasks to queue
[2026-06-19T13:32:16.800+0000] {logging_mixin.py:151} INFO - [2026-06-19T13:32:16.800+0000] {dagbag.py:539} INFO - Filling up the DagBag from /opt/airflow/dags/models/BTC_s1_n10_lstm_model.pth
[2026-06-19T13:32:16.809+0000] {processor.py:841} WARNING - No viable dags retrieved from /opt/airflow/dags/models/BTC_s1_n10_lstm_model.pth
[2026-06-19T13:32:16.823+0000] {processor.py:179} INFO - Processing /opt/airflow/dags/models/BTC_s1_n10_lstm_model.pth took 0.029 seconds
[2026-06-19T13:32:47.495+0000] {processor.py:157} INFO - Started process (PID=16848) to work on /opt/airflow/dags/models/BTC_s1_n10_lstm_model.pth
[2026-06-19T13:32:47.497+0000] {processor.py:829} INFO - Processing file /opt/airflow/dags/models/BTC_s1_n10_lstm_model.pth for tasks to queue
[2026-06-19T13:32:47.498+0000] {logging_mixin.py:151} INFO - [2026-06-19T13:32:47.497+0000] {dagbag.py:539} INFO - Filling up the DagBag from /opt/airflow/dags/models/BTC_s1_n10_lstm_model.pth
[2026-06-19T13:32:47.506+0000] {processor.py:841} WARNING - No viable dags retrieved from /opt/airflow/dags/models/BTC_s1_n10_lstm_model.pth
[2026-06-19T13:32:47.520+0000] {processor.py:179} INFO - Processing /opt/airflow/dags/models/BTC_s1_n10_lstm_model.pth took 0.028 seconds
[2026-06-19T13:33:18.137+0000] {processor.py:157} INFO - Started process (PID=16873) to work on /opt/airflow/dags/models/BTC_s1_n10_lstm_model.pth
[2026-06-19T13:33:18.138+0000] {processor.py:829} INFO - Processing file /opt/airflow/dags/models/BTC_s1_n10_lstm_model.pth for tasks to queue
[2026-06-19T13:33:18.139+0000] {logging_mixin.py:151} INFO - [2026-06-19T13:33:18.139+0000] {dagbag.py:539} INFO - Filling up the DagBag from /opt/airflow/dags/models/BTC_s1_n10_lstm_model.pth
[2026-06-19T13:33:18.148+0000] {processor.py:841} WARNING - No viable dags retrieved from /opt/airflow/dags/models/BTC_s1_n10_lstm_model.pth
[2026-06-19T13:33:18.163+0000] {processor.py:179} INFO - Processing /opt/airflow/dags/models/BTC_s1_n10_lstm_model.pth took 0.030 seconds
[2026-06-19T13:33:48.549+0000] {processor.py:157} INFO - Started process (PID=16903) to work on /opt/airflow/dags/models/BTC_s1_n10_lstm_model.pth
[2026-06-19T13:33:48.551+0000] {processor.py:829} INFO - Processing file /opt/airflow/dags/models/BTC_s1_n10_lstm_model.pth for tasks to queue
[2026-06-19T13:33:48.551+0000] {logging_mixin.py:151} INFO - [2026-06-19T13:33:48.551+0000] {dagbag.py:539} INFO - Filling up the DagBag from /opt/airflow/dags/models/BTC_s1_n10_lstm_model.pth
[2026-06-19T13:33:48.559+0000] {processor.py:841} WARNING - No viable dags retrieved from /opt/airflow/dags/models/BTC_s1_n10_lstm_model.pth
[2026-06-19T13:33:48.573+0000] {processor.py:179} INFO - Processing /opt/airflow/dags/models/BTC_s1_n10_lstm_model.pth took 0.027 seconds
[2026-06-19T13:34:18.690+0000] {processor.py:157} INFO - Started process (PID=16936) to work on /opt/airflow/dags/models/BTC_s1_n10_lstm_model.pth
[2026-06-19T13:34:18.691+0000] {processor.py:829} INFO - Processing file /opt/airflow/dags/models/BTC_s1_n10_lstm_model.pth for tasks to queue
[2026-06-19T13:34:18.692+0000] {logging_mixin.py:151} INFO - [2026-06-19T13:34:18.692+0000] {dagbag.py:539} INFO - Filling up the DagBag from /opt/airflow/dags/models/BTC_s1_n10_lstm_model.pth
[2026-06-19T13:34:18.702+0000] {processor.py:841} WARNING - No viable dags retrieved from /opt/airflow/dags/models/BTC_s1_n10_lstm_model.pth
[2026-06-19T13:34:18.719+0000] {processor.py:179} INFO - Processing /opt/airflow/dags/models/BTC_s1_n10_lstm_model.pth took 0.033 seconds
[2026-06-19T13:34:48.912+0000] {processor.py:157} INFO - Started process (PID=16969) to work on /opt/airflow/dags/models/BTC_s1_n10_lstm_model.pth
[2026-06-19T13:34:48.913+0000] {processor.py:829} INFO - Processing file /opt/airflow/dags/models/BTC_s1_n10_lstm_model.pth for tasks to queue
[2026-06-19T13:34:48.914+0000] {logging_mixin.py:151} INFO - [2026-06-19T13:34:48.914+0000] {dagbag.py:539} INFO - Filling up the DagBag from /opt/airflow/dags/models/BTC_s1_n10_lstm_model.pth
[2026-06-19T13:34:48.922+0000] {processor.py:841} WARNING - No viable dags retrieved from /opt/airflow/dags/models/BTC_s1_n10_lstm_model.pth
[2026-06-19T13:34:48.939+0000] {processor.py:179} INFO - Processing /opt/airflow/dags/models/BTC_s1_n10_lstm_model.pth took 0.031 seconds
[2026-06-19T13:35:19.792+0000] {processor.py:157} INFO - Started process (PID=17002) to work on /opt/airflow/dags/models/BTC_s1_n10_lstm_model.pth
[2026-06-19T13:35:19.796+0000] {processor.py:829} INFO - Processing file /opt/airflow/dags/models/BTC_s1_n10_lstm_model.pth for tasks to queue
[2026-06-19T13:35:19.801+0000] {logging_mixin.py:151} INFO - [2026-06-19T13:35:19.799+0000] {dagbag.py:539} INFO - Filling up the DagBag from /opt/airflow/dags/models/BTC_s1_n10_lstm_model.pth
[2026-06-19T13:35:19.824+0000] {processor.py:841} WARNING - No viable dags retrieved from /opt/airflow/dags/models/BTC_s1_n10_lstm_model.pth
[2026-06-19T13:35:19.940+0000] {processor.py:179} INFO - Processing /opt/airflow/dags/models/BTC_s1_n10_lstm_model.pth took 0.154 seconds
[2026-06-19T13:35:50.188+0000] {processor.py:157} INFO - Started process (PID=17035) to work on /opt/airflow/dags/models/BTC_s1_n10_lstm_model.pth
[2026-06-19T13:35:50.190+0000] {processor.py:829} INFO - Processing file /opt/airflow/dags/models/BTC_s1_n10_lstm_model.pth for tasks to queue
[2026-06-19T13:35:50.190+0000] {logging_mixin.py:151} INFO - [2026-06-19T13:35:50.190+0000] {dagbag.py:539} INFO - Filling up the DagBag from /opt/airflow/dags/models/BTC_s1_n10_lstm_model.pth
[2026-06-19T13:35:50.198+0000] {processor.py:841} WARNING - No viable dags retrieved from /opt/airflow/dags/models/BTC_s1_n10_lstm_model.pth
[2026-06-19T13:35:50.213+0000] {processor.py:179} INFO - Processing /opt/airflow/dags/models/BTC_s1_n10_lstm_model.pth took 0.028 seconds
[2026-06-19T13:36:20.704+0000] {processor.py:157} INFO - Started process (PID=17068) to work on /opt/airflow/dags/models/BTC_s1_n10_lstm_model.pth
[2026-06-19T13:36:20.705+0000] {processor.py:829} INFO - Processing file /opt/airflow/dags/models/BTC_s1_n10_lstm_model.pth for tasks to queue
[2026-06-19T13:36:20.705+0000] {logging_mixin.py:151} INFO - [2026-06-19T13:36:20.705+0000] {dagbag.py:539} INFO - Filling up the DagBag from /opt/airflow/dags/models/BTC_s1_n10_lstm_model.pth
[2026-06-19T13:36:20.714+0000] {processor.py:841} WARNING - No viable dags retrieved from /opt/airflow/dags/models/BTC_s1_n10_lstm_model.pth
[2026-06-19T13:36:20.727+0000] {processor.py:179} INFO - Processing /opt/airflow/dags/models/BTC_s1_n10_lstm_model.pth took 0.028 seconds
[2026-06-19T13:36:50.869+0000] {processor.py:157} INFO - Started process (PID=17101) to work on /opt/airflow/dags/models/BTC_s1_n10_lstm_model.pth
[2026-06-19T13:36:50.871+0000] {processor.py:829} INFO - Processing file /opt/airflow/dags/models/BTC_s1_n10_lstm_model.pth for tasks to queue
[2026-06-19T13:36:50.872+0000] {logging_mixin.py:151} INFO - [2026-06-19T13:36:50.871+0000] {dagbag.py:539} INFO - Filling up the DagBag from /opt/airflow/dags/models/BTC_s1_n10_lstm_model.pth
[2026-06-19T13:36:50.880+0000] {processor.py:841} WARNING - No viable dags retrieved from /opt/airflow/dags/models/BTC_s1_n10_lstm_model.pth
[2026-06-19T13:36:50.897+0000] {processor.py:179} INFO - Processing /opt/airflow/dags/models/BTC_s1_n10_lstm_model.pth took 0.031 seconds
[2026-06-19T13:37:20.992+0000] {processor.py:157} INFO - Started process (PID=17134) to work on /opt/airflow/dags/models/BTC_s1_n10_lstm_model.pth
[2026-06-19T13:37:20.994+0000] {processor.py:829} INFO - Processing file /opt/airflow/dags/models/BTC_s1_n10_lstm_model.pth for tasks to queue
[2026-06-19T13:37:20.995+0000] {logging_mixin.py:151} INFO - [2026-06-19T13:37:20.995+0000] {dagbag.py:539} INFO - Filling up the DagBag from /opt/airflow/dags/models/BTC_s1_n10_lstm_model.pth
[2026-06-19T13:37:21.004+0000] {processor.py:841} WARNING - No viable dags retrieved from /opt/airflow/dags/models/BTC_s1_n10_lstm_model.pth
[2026-06-19T13:37:21.021+0000] {processor.py:179} INFO - Processing /opt/airflow/dags/models/BTC_s1_n10_lstm_model.pth took 0.032 seconds
[2026-06-19T13:37:51.092+0000] {processor.py:157} INFO - Started process (PID=17167) to work on /opt/airflow/dags/models/BTC_s1_n10_lstm_model.pth
[2026-06-19T13:37:51.096+0000] {processor.py:829} INFO - Processing file /opt/airflow/dags/models/BTC_s1_n10_lstm_model.pth for tasks to queue
[2026-06-19T13:37:51.100+0000] {logging_mixin.py:151} INFO - [2026-06-19T13:37:51.099+0000] {dagbag.py:539} INFO - Filling up the DagBag from /opt/airflow/dags/models/BTC_s1_n10_lstm_model.pth
[2026-06-19T13:37:51.119+0000] {processor.py:841} WARNING - No viable dags retrieved from /opt/airflow/dags/models/BTC_s1_n10_lstm_model.pth
[2026-06-19T13:37:51.140+0000] {processor.py:179} INFO - Processing /opt/airflow/dags/models/BTC_s1_n10_lstm_model.pth took 0.053 seconds
[2026-06-19T13:38:22.928+0000] {processor.py:157} INFO - Started process (PID=17198) to work on /opt/airflow/dags/models/BTC_s1_n10_lstm_model.pth
[2026-06-19T13:38:22.929+0000] {processor.py:829} INFO - Processing file /opt/airflow/dags/models/BTC_s1_n10_lstm_model.pth for tasks to queue
[2026-06-19T13:38:22.930+0000] {logging_mixin.py:151} INFO - [2026-06-19T13:38:22.930+0000] {dagbag.py:539} INFO - Filling up the DagBag from /opt/airflow/dags/models/BTC_s1_n10_lstm_model.pth
[2026-06-19T13:38:22.938+0000] {processor.py:841} WARNING - No viable dags retrieved from /opt/airflow/dags/models/BTC_s1_n10_lstm_model.pth
[2026-06-19T13:38:22.954+0000] {processor.py:179} INFO - Processing /opt/airflow/dags/models/BTC_s1_n10_lstm_model.pth took 0.030 seconds
[2026-06-19T13:38:56.318+0000] {processor.py:157} INFO - Started process (PID=17231) to work on /opt/airflow/dags/models/BTC_s1_n10_lstm_model.pth
[2026-06-19T13:38:56.320+0000] {processor.py:829} INFO - Processing file /opt/airflow/dags/models/BTC_s1_n10_lstm_model.pth for tasks to queue
[2026-06-19T13:38:56.321+0000] {logging_mixin.py:151} INFO - [2026-06-19T13:38:56.320+0000] {dagbag.py:539} INFO - Filling up the DagBag from /opt/airflow/dags/models/BTC_s1_n10_lstm_model.pth
[2026-06-19T13:38:56.329+0000] {processor.py:841} WARNING - No viable dags retrieved from /opt/airflow/dags/models/BTC_s1_n10_lstm_model.pth
[2026-06-19T13:38:56.344+0000] {processor.py:179} INFO - Processing /opt/airflow/dags/models/BTC_s1_n10_lstm_model.pth took 0.030 seconds
[2026-06-19T13:39:29.631+0000] {processor.py:157} INFO - Started process (PID=17271) to work on /opt/airflow/dags/models/BTC_s1_n10_lstm_model.pth
[2026-06-19T13:39:29.633+0000] {processor.py:829} INFO - Processing file /opt/airflow/dags/models/BTC_s1_n10_lstm_model.pth for tasks to queue
[2026-06-19T13:39:29.635+0000] {logging_mixin.py:151} INFO - [2026-06-19T13:39:29.634+0000] {dagbag.py:539} INFO - Filling up the DagBag from /opt/airflow/dags/models/BTC_s1_n10_lstm_model.pth
[2026-06-19T13:39:29.647+0000] {processor.py:841} WARNING - No viable dags retrieved from /opt/airflow/dags/models/BTC_s1_n10_lstm_model.pth
[2026-06-19T13:39:29.665+0000] {processor.py:179} INFO - Processing /opt/airflow/dags/models/BTC_s1_n10_lstm_model.pth took 0.039 seconds
[2026-06-19T13:40:03.421+0000] {processor.py:157} INFO - Started process (PID=17306) to work on /opt/airflow/dags/models/BTC_s1_n10_lstm_model.pth
[2026-06-19T13:40:03.423+0000] {processor.py:829} INFO - Processing file /opt/airflow/dags/models/BTC_s1_n10_lstm_model.pth for tasks to queue
[2026-06-19T13:40:03.425+0000] {logging_mixin.py:151} INFO - [2026-06-19T13:40:03.424+0000] {dagbag.py:539} INFO - Filling up the DagBag from /opt/airflow/dags/models/BTC_s1_n10_lstm_model.pth
[2026-06-19T13:40:03.435+0000] {processor.py:841} WARNING - No viable dags retrieved from /opt/airflow/dags/models/BTC_s1_n10_lstm_model.pth
[2026-06-19T13:40:03.451+0000] {processor.py:179} INFO - Processing /opt/airflow/dags/models/BTC_s1_n10_lstm_model.pth took 0.034 seconds
[2026-06-19T13:40:36.540+0000] {processor.py:157} INFO - Started process (PID=17337) to work on /opt/airflow/dags/models/BTC_s1_n10_lstm_model.pth
[2026-06-19T13:40:36.542+0000] {processor.py:829} INFO - Processing file /opt/airflow/dags/models/BTC_s1_n10_lstm_model.pth for tasks to queue
[2026-06-19T13:40:36.543+0000] {logging_mixin.py:151} INFO - [2026-06-19T13:40:36.542+0000] {dagbag.py:539} INFO - Filling up the DagBag from /opt/airflow/dags/models/BTC_s1_n10_lstm_model.pth
[2026-06-19T13:40:36.552+0000] {processor.py:841} WARNING - No viable dags retrieved from /opt/airflow/dags/models/BTC_s1_n10_lstm_model.pth
[2026-06-19T13:40:36.568+0000] {processor.py:179} INFO - Processing /opt/airflow/dags/models/BTC_s1_n10_lstm_model.pth took 0.033 seconds
[2026-06-19T13:41:09.762+0000] {processor.py:157} INFO - Started process (PID=17370) to work on /opt/airflow/dags/models/BTC_s1_n10_lstm_model.pth
[2026-06-19T13:41:09.764+0000] {processor.py:829} INFO - Processing file /opt/airflow/dags/models/BTC_s1_n10_lstm_model.pth for tasks to queue
[2026-06-19T13:41:09.765+0000] {logging_mixin.py:151} INFO - [2026-06-19T13:41:09.764+0000] {dagbag.py:539} INFO - Filling up the DagBag from /opt/airflow/dags/models/BTC_s1_n10_lstm_model.pth
[2026-06-19T13:41:09.773+0000] {processor.py:841} WARNING - No viable dags retrieved from /opt/airflow/dags/models/BTC_s1_n10_lstm_model.pth
[2026-06-19T13:41:09.789+0000] {processor.py:179} INFO - Processing /opt/airflow/dags/models/BTC_s1_n10_lstm_model.pth took 0.032 seconds
[2026-06-19T13:41:42.931+0000] {processor.py:157} INFO - Started process (PID=17405) to work on /opt/airflow/dags/models/BTC_s1_n10_lstm_model.pth
[2026-06-19T13:41:42.933+0000] {processor.py:829} INFO - Processing file /opt/airflow/dags/models/BTC_s1_n10_lstm_model.pth for tasks to queue
[2026-06-19T13:41:42.934+0000] {logging_mixin.py:151} INFO - [2026-06-19T13:41:42.934+0000] {dagbag.py:539} INFO - Filling up the DagBag from /opt/airflow/dags/models/BTC_s1_n10_lstm_model.pth
[2026-06-19T13:41:42.942+0000] {processor.py:841} WARNING - No viable dags retrieved from /opt/airflow/dags/models/BTC_s1_n10_lstm_model.pth
[2026-06-19T13:41:42.957+0000] {processor.py:179} INFO - Processing /opt/airflow/dags/models/BTC_s1_n10_lstm_model.pth took 0.029 seconds
[2026-06-19T13:42:16.360+0000] {processor.py:157} INFO - Started process (PID=17436) to work on /opt/airflow/dags/models/BTC_s1_n10_lstm_model.pth
[2026-06-19T13:42:16.361+0000] {processor.py:829} INFO - Processing file /opt/airflow/dags/models/BTC_s1_n10_lstm_model.pth for tasks to queue
[2026-06-19T13:42:16.362+0000] {logging_mixin.py:151} INFO - [2026-06-19T13:42:16.362+0000] {dagbag.py:539} INFO - Filling up the DagBag from /opt/airflow/dags/models/BTC_s1_n10_lstm_model.pth
[2026-06-19T13:42:16.373+0000] {processor.py:841} WARNING - No viable dags retrieved from /opt/airflow/dags/models/BTC_s1_n10_lstm_model.pth
[2026-06-19T13:42:16.388+0000] {processor.py:179} INFO - Processing /opt/airflow/dags/models/BTC_s1_n10_lstm_model.pth took 0.032 seconds
[2026-06-19T13:42:49.644+0000] {processor.py:157} INFO - Started process (PID=17471) to work on /opt/airflow/dags/models/BTC_s1_n10_lstm_model.pth
[2026-06-19T13:42:49.645+0000] {processor.py:829} INFO - Processing file /opt/airflow/dags/models/BTC_s1_n10_lstm_model.pth for tasks to queue
[2026-06-19T13:42:49.647+0000] {logging_mixin.py:151} INFO - [2026-06-19T13:42:49.646+0000] {dagbag.py:539} INFO - Filling up the DagBag from /opt/airflow/dags/models/BTC_s1_n10_lstm_model.pth
[2026-06-19T13:42:49.658+0000] {processor.py:841} WARNING - No viable dags retrieved from /opt/airflow/dags/models/BTC_s1_n10_lstm_model.pth
[2026-06-19T13:42:49.678+0000] {processor.py:179} INFO - Processing /opt/airflow/dags/models/BTC_s1_n10_lstm_model.pth took 0.039 seconds
[2026-06-19T13:43:22.998+0000] {processor.py:157} INFO - Started process (PID=17502) to work on /opt/airflow/dags/models/BTC_s1_n10_lstm_model.pth
[2026-06-19T13:43:22.999+0000] {processor.py:829} INFO - Processing file /opt/airflow/dags/models/BTC_s1_n10_lstm_model.pth for tasks to queue
[2026-06-19T13:43:23.000+0000] {logging_mixin.py:151} INFO - [2026-06-19T13:43:23.000+0000] {dagbag.py:539} INFO - Filling up the DagBag from /opt/airflow/dags/models/BTC_s1_n10_lstm_model.pth
[2026-06-19T13:43:23.009+0000] {processor.py:841} WARNING - No viable dags retrieved from /opt/airflow/dags/models/BTC_s1_n10_lstm_model.pth
[2026-06-19T13:43:23.024+0000] {processor.py:179} INFO - Processing /opt/airflow/dags/models/BTC_s1_n10_lstm_model.pth took 0.030 seconds
[2026-06-19T13:43:56.050+0000] {processor.py:157} INFO - Started process (PID=17535) to work on /opt/airflow/dags/models/BTC_s1_n10_lstm_model.pth
[2026-06-19T13:43:56.051+0000] {processor.py:829} INFO - Processing file /opt/airflow/dags/models/BTC_s1_n10_lstm_model.pth for tasks to queue
[2026-06-19T13:43:56.052+0000] {logging_mixin.py:151} INFO - [2026-06-19T13:43:56.052+0000] {dagbag.py:539} INFO - Filling up the DagBag from /opt/airflow/dags/models/BTC_s1_n10_lstm_model.pth
[2026-06-19T13:43:56.060+0000] {processor.py:841} WARNING - No viable dags retrieved from /opt/airflow/dags/models/BTC_s1_n10_lstm_model.pth
[2026-06-19T13:43:56.075+0000] {processor.py:179} INFO - Processing /opt/airflow/dags/models/BTC_s1_n10_lstm_model.pth took 0.029 seconds
[2026-06-19T13:44:29.235+0000] {processor.py:157} INFO - Started process (PID=17568) to work on /opt/airflow/dags/models/BTC_s1_n10_lstm_model.pth
[2026-06-19T13:44:29.237+0000] {processor.py:829} INFO - Processing file /opt/airflow/dags/models/BTC_s1_n10_lstm_model.pth for tasks to queue
[2026-06-19T13:44:29.238+0000] {logging_mixin.py:151} INFO - [2026-06-19T13:44:29.237+0000] {dagbag.py:539} INFO - Filling up the DagBag from /opt/airflow/dags/models/BTC_s1_n10_lstm_model.pth
[2026-06-19T13:44:29.248+0000] {processor.py:841} WARNING - No viable dags retrieved from /opt/airflow/dags/models/BTC_s1_n10_lstm_model.pth
[2026-06-19T13:44:29.266+0000] {processor.py:179} INFO - Processing /opt/airflow/dags/models/BTC_s1_n10_lstm_model.pth took 0.037 seconds
[2026-06-19T13:45:02.805+0000] {processor.py:157} INFO - Started process (PID=17608) to work on /opt/airflow/dags/models/BTC_s1_n10_lstm_model.pth
[2026-06-19T13:45:02.807+0000] {processor.py:829} INFO - Processing file /opt/airflow/dags/models/BTC_s1_n10_lstm_model.pth for tasks to queue
[2026-06-19T13:45:02.808+0000] {logging_mixin.py:151} INFO - [2026-06-19T13:45:02.807+0000] {dagbag.py:539} INFO - Filling up the DagBag from /opt/airflow/dags/models/BTC_s1_n10_lstm_model.pth
[2026-06-19T13:45:02.816+0000] {processor.py:841} WARNING - No viable dags retrieved from /opt/airflow/dags/models/BTC_s1_n10_lstm_model.pth
[2026-06-19T13:45:02.832+0000] {processor.py:179} INFO - Processing /opt/airflow/dags/models/BTC_s1_n10_lstm_model.pth took 0.030 seconds
[2026-06-19T13:45:36.392+0000] {processor.py:157} INFO - Started process (PID=17641) to work on /opt/airflow/dags/models/BTC_s1_n10_lstm_model.pth
[2026-06-19T13:45:36.394+0000] {processor.py:829} INFO - Processing file /opt/airflow/dags/models/BTC_s1_n10_lstm_model.pth for tasks to queue
[2026-06-19T13:45:36.395+0000] {logging_mixin.py:151} INFO - [2026-06-19T13:45:36.395+0000] {dagbag.py:539} INFO - Filling up the DagBag from /opt/airflow/dags/models/BTC_s1_n10_lstm_model.pth
[2026-06-19T13:45:36.405+0000] {processor.py:841} WARNING - No viable dags retrieved from /opt/airflow/dags/models/BTC_s1_n10_lstm_model.pth
[2026-06-19T13:45:36.425+0000] {processor.py:179} INFO - Processing /opt/airflow/dags/models/BTC_s1_n10_lstm_model.pth took 0.040 seconds
[2026-06-19T13:46:09.511+0000] {processor.py:157} INFO - Started process (PID=17674) to work on /opt/airflow/dags/models/BTC_s1_n10_lstm_model.pth
[2026-06-19T13:46:09.513+0000] {processor.py:829} INFO - Processing file /opt/airflow/dags/models/BTC_s1_n10_lstm_model.pth for tasks to queue
[2026-06-19T13:46:09.514+0000] {logging_mixin.py:151} INFO - [2026-06-19T13:46:09.514+0000] {dagbag.py:539} INFO - Filling up the DagBag from /opt/airflow/dags/models/BTC_s1_n10_lstm_model.pth
[2026-06-19T13:46:09.523+0000] {processor.py:841} WARNING - No viable dags retrieved from /opt/airflow/dags/models/BTC_s1_n10_lstm_model.pth
[2026-06-19T13:46:09.538+0000] {processor.py:179} INFO - Processing /opt/airflow/dags/models/BTC_s1_n10_lstm_model.pth took 0.032 seconds
[2026-06-19T13:46:42.751+0000] {processor.py:157} INFO - Started process (PID=17707) to work on /opt/airflow/dags/models/BTC_s1_n10_lstm_model.pth
[2026-06-19T13:46:42.753+0000] {processor.py:829} INFO - Processing file /opt/airflow/dags/models/BTC_s1_n10_lstm_model.pth for tasks to queue
[2026-06-19T13:46:42.754+0000] {logging_mixin.py:151} INFO - [2026-06-19T13:46:42.753+0000] {dagbag.py:539} INFO - Filling up the DagBag from /opt/airflow/dags/models/BTC_s1_n10_lstm_model.pth
[2026-06-19T13:46:42.761+0000] {processor.py:841} WARNING - No viable dags retrieved from /opt/airflow/dags/models/BTC_s1_n10_lstm_model.pth
[2026-06-19T13:46:42.779+0000] {processor.py:179} INFO - Processing /opt/airflow/dags/models/BTC_s1_n10_lstm_model.pth took 0.032 seconds
[2026-06-19T13:47:16.005+0000] {processor.py:157} INFO - Started process (PID=17740) to work on /opt/airflow/dags/models/BTC_s1_n10_lstm_model.pth
[2026-06-19T13:47:16.007+0000] {processor.py:829} INFO - Processing file /opt/airflow/dags/models/BTC_s1_n10_lstm_model.pth for tasks to queue
[2026-06-19T13:47:16.008+0000] {logging_mixin.py:151} INFO - [2026-06-19T13:47:16.008+0000] {dagbag.py:539} INFO - Filling up the DagBag from /opt/airflow/dags/models/BTC_s1_n10_lstm_model.pth
[2026-06-19T13:47:16.016+0000] {processor.py:841} WARNING - No viable dags retrieved from /opt/airflow/dags/models/BTC_s1_n10_lstm_model.pth
[2026-06-19T13:47:16.032+0000] {processor.py:179} INFO - Processing /opt/airflow/dags/models/BTC_s1_n10_lstm_model.pth took 0.032 seconds
[2026-06-19T13:47:49.149+0000] {processor.py:157} INFO - Started process (PID=17773) to work on /opt/airflow/dags/models/BTC_s1_n10_lstm_model.pth
[2026-06-19T13:47:49.151+0000] {processor.py:829} INFO - Processing file /opt/airflow/dags/models/BTC_s1_n10_lstm_model.pth for tasks to queue
[2026-06-19T13:47:49.152+0000] {logging_mixin.py:151} INFO - [2026-06-19T13:47:49.151+0000] {dagbag.py:539} INFO - Filling up the DagBag from /opt/airflow/dags/models/BTC_s1_n10_lstm_model.pth
[2026-06-19T13:47:49.161+0000] {processor.py:841} WARNING - No viable dags retrieved from /opt/airflow/dags/models/BTC_s1_n10_lstm_model.pth
[2026-06-19T13:47:49.178+0000] {processor.py:179} INFO - Processing /opt/airflow/dags/models/BTC_s1_n10_lstm_model.pth took 0.033 seconds
[2026-06-19T13:48:22.654+0000] {processor.py:157} INFO - Started process (PID=17806) to work on /opt/airflow/dags/models/BTC_s1_n10_lstm_model.pth
[2026-06-19T13:48:22.655+0000] {processor.py:829} INFO - Processing file /opt/airflow/dags/models/BTC_s1_n10_lstm_model.pth for tasks to queue
[2026-06-19T13:48:22.657+0000] {logging_mixin.py:151} INFO - [2026-06-19T13:48:22.657+0000] {dagbag.py:539} INFO - Filling up the DagBag from /opt/airflow/dags/models/BTC_s1_n10_lstm_model.pth
[2026-06-19T13:48:22.665+0000] {processor.py:841} WARNING - No viable dags retrieved from /opt/airflow/dags/models/BTC_s1_n10_lstm_model.pth
[2026-06-19T13:48:22.681+0000] {processor.py:179} INFO - Processing /opt/airflow/dags/models/BTC_s1_n10_lstm_model.pth took 0.031 seconds
[2026-06-19T13:48:56.042+0000] {processor.py:157} INFO - Started process (PID=17839) to work on /opt/airflow/dags/models/BTC_s1_n10_lstm_model.pth
[2026-06-19T13:48:56.044+0000] {processor.py:829} INFO - Processing file /opt/airflow/dags/models/BTC_s1_n10_lstm_model.pth for tasks to queue
[2026-06-19T13:48:56.045+0000] {logging_mixin.py:151} INFO - [2026-06-19T13:48:56.045+0000] {dagbag.py:539} INFO - Filling up the DagBag from /opt/airflow/dags/models/BTC_s1_n10_lstm_model.pth
[2026-06-19T13:48:56.058+0000] {processor.py:841} WARNING - No viable dags retrieved from /opt/airflow/dags/models/BTC_s1_n10_lstm_model.pth
[2026-06-19T13:48:56.075+0000] {processor.py:179} INFO - Processing /opt/airflow/dags/models/BTC_s1_n10_lstm_model.pth took 0.037 seconds
[2026-06-19T13:49:29.148+0000] {processor.py:157} INFO - Started process (PID=17872) to work on /opt/airflow/dags/models/BTC_s1_n10_lstm_model.pth
[2026-06-19T13:49:29.150+0000] {processor.py:829} INFO - Processing file /opt/airflow/dags/models/BTC_s1_n10_lstm_model.pth for tasks to queue
[2026-06-19T13:49:29.151+0000] {logging_mixin.py:151} INFO - [2026-06-19T13:49:29.151+0000] {dagbag.py:539} INFO - Filling up the DagBag from /opt/airflow/dags/models/BTC_s1_n10_lstm_model.pth
[2026-06-19T13:49:29.161+0000] {processor.py:841} WARNING - No viable dags retrieved from /opt/airflow/dags/models/BTC_s1_n10_lstm_model.pth
[2026-06-19T13:49:29.181+0000] {processor.py:179} INFO - Processing /opt/airflow/dags/models/BTC_s1_n10_lstm_model.pth took 0.036 seconds
[2026-06-19T13:50:02.868+0000] {processor.py:157} INFO - Started process (PID=17912) to work on /opt/airflow/dags/models/BTC_s1_n10_lstm_model.pth
[2026-06-19T13:50:02.869+0000] {processor.py:829} INFO - Processing file /opt/airflow/dags/models/BTC_s1_n10_lstm_model.pth for tasks to queue
[2026-06-19T13:50:02.871+0000] {logging_mixin.py:151} INFO - [2026-06-19T13:50:02.870+0000] {dagbag.py:539} INFO - Filling up the DagBag from /opt/airflow/dags/models/BTC_s1_n10_lstm_model.pth
[2026-06-19T13:50:02.880+0000] {processor.py:841} WARNING - No viable dags retrieved from /opt/airflow/dags/models/BTC_s1_n10_lstm_model.pth
[2026-06-19T13:50:02.896+0000] {processor.py:179} INFO - Processing /opt/airflow/dags/models/BTC_s1_n10_lstm_model.pth took 0.032 seconds
[2026-06-19T13:50:33.068+0000] {processor.py:157} INFO - Started process (PID=17936) to work on /opt/airflow/dags/models/BTC_s1_n10_lstm_model.pth
[2026-06-19T13:50:33.070+0000] {processor.py:829} INFO - Processing file /opt/airflow/dags/models/BTC_s1_n10_lstm_model.pth for tasks to queue
[2026-06-19T13:50:33.072+0000] {logging_mixin.py:151} INFO - [2026-06-19T13:50:33.072+0000] {dagbag.py:539} INFO - Filling up the DagBag from /opt/airflow/dags/models/BTC_s1_n10_lstm_model.pth
[2026-06-19T13:50:33.083+0000] {processor.py:841} WARNING - No viable dags retrieved from /opt/airflow/dags/models/BTC_s1_n10_lstm_model.pth
[2026-06-19T13:50:33.106+0000] {processor.py:179} INFO - Processing /opt/airflow/dags/models/BTC_s1_n10_lstm_model.pth took 0.048 seconds
[2026-06-19T13:51:03.297+0000] {processor.py:157} INFO - Started process (PID=17966) to work on /opt/airflow/dags/models/BTC_s1_n10_lstm_model.pth
[2026-06-19T13:51:03.298+0000] {processor.py:829} INFO - Processing file /opt/airflow/dags/models/BTC_s1_n10_lstm_model.pth for tasks to queue
[2026-06-19T13:51:03.299+0000] {logging_mixin.py:151} INFO - [2026-06-19T13:51:03.299+0000] {dagbag.py:539} INFO - Filling up the DagBag from /opt/airflow/dags/models/BTC_s1_n10_lstm_model.pth
[2026-06-19T13:51:03.306+0000] {processor.py:841} WARNING - No viable dags retrieved from /opt/airflow/dags/models/BTC_s1_n10_lstm_model.pth
[2026-06-19T13:51:03.322+0000] {processor.py:179} INFO - Processing /opt/airflow/dags/models/BTC_s1_n10_lstm_model.pth took 0.029 seconds
[2026-06-19T13:51:33.621+0000] {processor.py:157} INFO - Started process (PID=17996) to work on /opt/airflow/dags/models/BTC_s1_n10_lstm_model.pth
[2026-06-19T13:51:33.624+0000] {processor.py:829} INFO - Processing file /opt/airflow/dags/models/BTC_s1_n10_lstm_model.pth for tasks to queue
[2026-06-19T13:51:33.626+0000] {logging_mixin.py:151} INFO - [2026-06-19T13:51:33.625+0000] {dagbag.py:539} INFO - Filling up the DagBag from /opt/airflow/dags/models/BTC_s1_n10_lstm_model.pth
[2026-06-19T13:51:33.639+0000] {processor.py:841} WARNING - No viable dags retrieved from /opt/airflow/dags/models/BTC_s1_n10_lstm_model.pth
[2026-06-19T13:51:33.661+0000] {processor.py:179} INFO - Processing /opt/airflow/dags/models/BTC_s1_n10_lstm_model.pth took 0.047 seconds
[2026-06-19T13:52:03.720+0000] {processor.py:157} INFO - Started process (PID=18025) to work on /opt/airflow/dags/models/BTC_s1_n10_lstm_model.pth
[2026-06-19T13:52:03.722+0000] {processor.py:829} INFO - Processing file /opt/airflow/dags/models/BTC_s1_n10_lstm_model.pth for tasks to queue
[2026-06-19T13:52:03.723+0000] {logging_mixin.py:151} INFO - [2026-06-19T13:52:03.723+0000] {dagbag.py:539} INFO - Filling up the DagBag from /opt/airflow/dags/models/BTC_s1_n10_lstm_model.pth
[2026-06-19T13:52:03.732+0000] {processor.py:841} WARNING - No viable dags retrieved from /opt/airflow/dags/models/BTC_s1_n10_lstm_model.pth
[2026-06-19T13:52:03.752+0000] {processor.py:179} INFO - Processing /opt/airflow/dags/models/BTC_s1_n10_lstm_model.pth took 0.036 seconds
[2026-06-19T13:52:34.476+0000] {processor.py:157} INFO - Started process (PID=18058) to work on /opt/airflow/dags/models/BTC_s1_n10_lstm_model.pth
[2026-06-19T13:52:34.478+0000] {processor.py:829} INFO - Processing file /opt/airflow/dags/models/BTC_s1_n10_lstm_model.pth for tasks to queue
[2026-06-19T13:52:34.478+0000] {logging_mixin.py:151} INFO - [2026-06-19T13:52:34.478+0000] {dagbag.py:539} INFO - Filling up the DagBag from /opt/airflow/dags/models/BTC_s1_n10_lstm_model.pth
[2026-06-19T13:52:34.486+0000] {processor.py:841} WARNING - No viable dags retrieved from /opt/airflow/dags/models/BTC_s1_n10_lstm_model.pth
[2026-06-19T13:52:34.500+0000] {processor.py:179} INFO - Processing /opt/airflow/dags/models/BTC_s1_n10_lstm_model.pth took 0.028 seconds
[2026-06-19T13:53:04.778+0000] {processor.py:157} INFO - Started process (PID=18092) to work on /opt/airflow/dags/models/BTC_s1_n10_lstm_model.pth
[2026-06-19T13:53:04.780+0000] {processor.py:829} INFO - Processing file /opt/airflow/dags/models/BTC_s1_n10_lstm_model.pth for tasks to queue
[2026-06-19T13:53:04.781+0000] {logging_mixin.py:151} INFO - [2026-06-19T13:53:04.780+0000] {dagbag.py:539} INFO - Filling up the DagBag from /opt/airflow/dags/models/BTC_s1_n10_lstm_model.pth
[2026-06-19T13:53:04.789+0000] {processor.py:841} WARNING - No viable dags retrieved from /opt/airflow/dags/models/BTC_s1_n10_lstm_model.pth
[2026-06-19T13:53:04.808+0000] {processor.py:179} INFO - Processing /opt/airflow/dags/models/BTC_s1_n10_lstm_model.pth took 0.033 seconds
[2026-06-19T13:53:34.947+0000] {processor.py:157} INFO - Started process (PID=18125) to work on /opt/airflow/dags/models/BTC_s1_n10_lstm_model.pth
[2026-06-19T13:53:34.949+0000] {processor.py:829} INFO - Processing file /opt/airflow/dags/models/BTC_s1_n10_lstm_model.pth for tasks to queue
[2026-06-19T13:53:34.950+0000] {logging_mixin.py:151} INFO - [2026-06-19T13:53:34.950+0000] {dagbag.py:539} INFO - Filling up the DagBag from /opt/airflow/dags/models/BTC_s1_n10_lstm_model.pth
[2026-06-19T13:53:34.968+0000] {processor.py:841} WARNING - No viable dags retrieved from /opt/airflow/dags/models/BTC_s1_n10_lstm_model.pth
[2026-06-19T13:53:34.987+0000] {processor.py:179} INFO - Processing /opt/airflow/dags/models/BTC_s1_n10_lstm_model.pth took 0.044 seconds
[2026-06-19T13:54:05.067+0000] {processor.py:157} INFO - Started process (PID=18159) to work on /opt/airflow/dags/models/BTC_s1_n10_lstm_model.pth
[2026-06-19T13:54:05.069+0000] {processor.py:829} INFO - Processing file /opt/airflow/dags/models/BTC_s1_n10_lstm_model.pth for tasks to queue
[2026-06-19T13:54:05.070+0000] {logging_mixin.py:151} INFO - [2026-06-19T13:54:05.070+0000] {dagbag.py:539} INFO - Filling up the DagBag from /opt/airflow/dags/models/BTC_s1_n10_lstm_model.pth
[2026-06-19T13:54:05.080+0000] {processor.py:841} WARNING - No viable dags retrieved from /opt/airflow/dags/models/BTC_s1_n10_lstm_model.pth
[2026-06-19T13:54:05.100+0000] {processor.py:179} INFO - Processing /opt/airflow/dags/models/BTC_s1_n10_lstm_model.pth took 0.041 seconds
[2026-06-19T13:54:35.588+0000] {processor.py:157} INFO - Started process (PID=18192) to work on /opt/airflow/dags/models/BTC_s1_n10_lstm_model.pth
[2026-06-19T13:54:35.590+0000] {processor.py:829} INFO - Processing file /opt/airflow/dags/models/BTC_s1_n10_lstm_model.pth for tasks to queue
[2026-06-19T13:54:35.591+0000] {logging_mixin.py:151} INFO - [2026-06-19T13:54:35.591+0000] {dagbag.py:539} INFO - Filling up the DagBag from /opt/airflow/dags/models/BTC_s1_n10_lstm_model.pth
[2026-06-19T13:54:35.601+0000] {processor.py:841} WARNING - No viable dags retrieved from /opt/airflow/dags/models/BTC_s1_n10_lstm_model.pth
[2026-06-19T13:54:35.618+0000] {processor.py:179} INFO - Processing /opt/airflow/dags/models/BTC_s1_n10_lstm_model.pth took 0.033 seconds
[2026-06-19T13:55:05.981+0000] {processor.py:157} INFO - Started process (PID=18225) to work on /opt/airflow/dags/models/BTC_s1_n10_lstm_model.pth
[2026-06-19T13:55:05.983+0000] {processor.py:829} INFO - Processing file /opt/airflow/dags/models/BTC_s1_n10_lstm_model.pth for tasks to queue
[2026-06-19T13:55:05.984+0000] {logging_mixin.py:151} INFO - [2026-06-19T13:55:05.984+0000] {dagbag.py:539} INFO - Filling up the DagBag from /opt/airflow/dags/models/BTC_s1_n10_lstm_model.pth
[2026-06-19T13:55:05.993+0000] {processor.py:841} WARNING - No viable dags retrieved from /opt/airflow/dags/models/BTC_s1_n10_lstm_model.pth
[2026-06-19T13:55:06.014+0000] {processor.py:179} INFO - Processing /opt/airflow/dags/models/BTC_s1_n10_lstm_model.pth took 0.036 seconds
[2026-06-19T13:55:36.413+0000] {processor.py:157} INFO - Started process (PID=18256) to work on /opt/airflow/dags/models/BTC_s1_n10_lstm_model.pth
[2026-06-19T13:55:36.416+0000] {processor.py:829} INFO - Processing file /opt/airflow/dags/models/BTC_s1_n10_lstm_model.pth for tasks to queue
[2026-06-19T13:55:36.418+0000] {logging_mixin.py:151} INFO - [2026-06-19T13:55:36.417+0000] {dagbag.py:539} INFO - Filling up the DagBag from /opt/airflow/dags/models/BTC_s1_n10_lstm_model.pth
[2026-06-19T13:55:36.438+0000] {processor.py:841} WARNING - No viable dags retrieved from /opt/airflow/dags/models/BTC_s1_n10_lstm_model.pth
[2026-06-19T13:55:36.600+0000] {processor.py:179} INFO - Processing /opt/airflow/dags/models/BTC_s1_n10_lstm_model.pth took 0.192 seconds
[2026-06-19T13:56:07.111+0000] {processor.py:157} INFO - Started process (PID=18281) to work on /opt/airflow/dags/models/BTC_s1_n10_lstm_model.pth
[2026-06-19T13:56:07.113+0000] {processor.py:829} INFO - Processing file /opt/airflow/dags/models/BTC_s1_n10_lstm_model.pth for tasks to queue
[2026-06-19T13:56:07.115+0000] {logging_mixin.py:151} INFO - [2026-06-19T13:56:07.114+0000] {dagbag.py:539} INFO - Filling up the DagBag from /opt/airflow/dags/models/BTC_s1_n10_lstm_model.pth
[2026-06-19T13:56:07.124+0000] {processor.py:841} WARNING - No viable dags retrieved from /opt/airflow/dags/models/BTC_s1_n10_lstm_model.pth
[2026-06-19T13:56:07.142+0000] {processor.py:179} INFO - Processing /opt/airflow/dags/models/BTC_s1_n10_lstm_model.pth took 0.037 seconds
[2026-06-19T13:56:37.497+0000] {processor.py:157} INFO - Started process (PID=18310) to work on /opt/airflow/dags/models/BTC_s1_n10_lstm_model.pth
[2026-06-19T13:56:37.499+0000] {processor.py:829} INFO - Processing file /opt/airflow/dags/models/BTC_s1_n10_lstm_model.pth for tasks to queue
[2026-06-19T13:56:37.500+0000] {logging_mixin.py:151} INFO - [2026-06-19T13:56:37.500+0000] {dagbag.py:539} INFO - Filling up the DagBag from /opt/airflow/dags/models/BTC_s1_n10_lstm_model.pth
[2026-06-19T13:56:37.508+0000] {processor.py:841} WARNING - No viable dags retrieved from /opt/airflow/dags/models/BTC_s1_n10_lstm_model.pth
[2026-06-19T13:56:37.524+0000] {processor.py:179} INFO - Processing /opt/airflow/dags/models/BTC_s1_n10_lstm_model.pth took 0.030 seconds
[2026-06-19T13:57:07.740+0000] {processor.py:157} INFO - Started process (PID=18340) to work on /opt/airflow/dags/models/BTC_s1_n10_lstm_model.pth
[2026-06-19T13:57:07.741+0000] {processor.py:829} INFO - Processing file /opt/airflow/dags/models/BTC_s1_n10_lstm_model.pth for tasks to queue
[2026-06-19T13:57:07.742+0000] {logging_mixin.py:151} INFO - [2026-06-19T13:57:07.742+0000] {dagbag.py:539} INFO - Filling up the DagBag from /opt/airflow/dags/models/BTC_s1_n10_lstm_model.pth
[2026-06-19T13:57:07.750+0000] {processor.py:841} WARNING - No viable dags retrieved from /opt/airflow/dags/models/BTC_s1_n10_lstm_model.pth
[2026-06-19T13:57:07.766+0000] {processor.py:179} INFO - Processing /opt/airflow/dags/models/BTC_s1_n10_lstm_model.pth took 0.030 seconds
[2026-06-19T13:57:38.395+0000] {processor.py:157} INFO - Started process (PID=18369) to work on /opt/airflow/dags/models/BTC_s1_n10_lstm_model.pth
[2026-06-19T13:57:38.397+0000] {processor.py:829} INFO - Processing file /opt/airflow/dags/models/BTC_s1_n10_lstm_model.pth for tasks to queue
[2026-06-19T13:57:38.398+0000] {logging_mixin.py:151} INFO - [2026-06-19T13:57:38.397+0000] {dagbag.py:539} INFO - Filling up the DagBag from /opt/airflow/dags/models/BTC_s1_n10_lstm_model.pth
[2026-06-19T13:57:38.406+0000] {processor.py:841} WARNING - No viable dags retrieved from /opt/airflow/dags/models/BTC_s1_n10_lstm_model.pth
[2026-06-19T13:57:38.422+0000] {processor.py:179} INFO - Processing /opt/airflow/dags/models/BTC_s1_n10_lstm_model.pth took 0.031 seconds
[2026-06-19T13:58:09.120+0000] {processor.py:157} INFO - Started process (PID=18402) to work on /opt/airflow/dags/models/BTC_s1_n10_lstm_model.pth
[2026-06-19T13:58:09.121+0000] {processor.py:829} INFO - Processing file /opt/airflow/dags/models/BTC_s1_n10_lstm_model.pth for tasks to queue
[2026-06-19T13:58:09.122+0000] {logging_mixin.py:151} INFO - [2026-06-19T13:58:09.122+0000] {dagbag.py:539} INFO - Filling up the DagBag from /opt/airflow/dags/models/BTC_s1_n10_lstm_model.pth
[2026-06-19T13:58:09.130+0000] {processor.py:841} WARNING - No viable dags retrieved from /opt/airflow/dags/models/BTC_s1_n10_lstm_model.pth
[2026-06-19T13:58:09.145+0000] {processor.py:179} INFO - Processing /opt/airflow/dags/models/BTC_s1_n10_lstm_model.pth took 0.029 seconds
[2026-06-19T13:58:39.446+0000] {processor.py:157} INFO - Started process (PID=18435) to work on /opt/airflow/dags/models/BTC_s1_n10_lstm_model.pth
[2026-06-19T13:58:39.448+0000] {processor.py:829} INFO - Processing file /opt/airflow/dags/models/BTC_s1_n10_lstm_model.pth for tasks to queue
[2026-06-19T13:58:39.448+0000] {logging_mixin.py:151} INFO - [2026-06-19T13:58:39.448+0000] {dagbag.py:539} INFO - Filling up the DagBag from /opt/airflow/dags/models/BTC_s1_n10_lstm_model.pth
[2026-06-19T13:58:39.457+0000] {processor.py:841} WARNING - No viable dags retrieved from /opt/airflow/dags/models/BTC_s1_n10_lstm_model.pth
[2026-06-19T13:58:39.475+0000] {processor.py:179} INFO - Processing /opt/airflow/dags/models/BTC_s1_n10_lstm_model.pth took 0.033 seconds
[2026-06-19T13:59:09.528+0000] {processor.py:157} INFO - Started process (PID=18468) to work on /opt/airflow/dags/models/BTC_s1_n10_lstm_model.pth
[2026-06-19T13:59:09.530+0000] {processor.py:829} INFO - Processing file /opt/airflow/dags/models/BTC_s1_n10_lstm_model.pth for tasks to queue
[2026-06-19T13:59:09.531+0000] {logging_mixin.py:151} INFO - [2026-06-19T13:59:09.530+0000] {dagbag.py:539} INFO - Filling up the DagBag from /opt/airflow/dags/models/BTC_s1_n10_lstm_model.pth
[2026-06-19T13:59:09.593+0000] {processor.py:841} WARNING - No viable dags retrieved from /opt/airflow/dags/models/BTC_s1_n10_lstm_model.pth
[2026-06-19T13:59:09.607+0000] {processor.py:179} INFO - Processing /opt/airflow/dags/models/BTC_s1_n10_lstm_model.pth took 0.083 seconds
[2026-06-19T13:59:39.990+0000] {processor.py:157} INFO - Started process (PID=18502) to work on /opt/airflow/dags/models/BTC_s1_n10_lstm_model.pth
[2026-06-19T13:59:39.991+0000] {processor.py:829} INFO - Processing file /opt/airflow/dags/models/BTC_s1_n10_lstm_model.pth for tasks to queue
[2026-06-19T13:59:39.992+0000] {logging_mixin.py:151} INFO - [2026-06-19T13:59:39.992+0000] {dagbag.py:539} INFO - Filling up the DagBag from /opt/airflow/dags/models/BTC_s1_n10_lstm_model.pth
[2026-06-19T13:59:40.000+0000] {processor.py:841} WARNING - No viable dags retrieved from /opt/airflow/dags/models/BTC_s1_n10_lstm_model.pth
[2026-06-19T13:59:40.016+0000] {processor.py:179} INFO - Processing /opt/airflow/dags/models/BTC_s1_n10_lstm_model.pth took 0.030 seconds
[2026-06-19T14:00:10.192+0000] {processor.py:157} INFO - Started process (PID=18535) to work on /opt/airflow/dags/models/BTC_s1_n10_lstm_model.pth
[2026-06-19T14:00:10.194+0000] {processor.py:829} INFO - Processing file /opt/airflow/dags/models/BTC_s1_n10_lstm_model.pth for tasks to queue
[2026-06-19T14:00:10.194+0000] {logging_mixin.py:151} INFO - [2026-06-19T14:00:10.194+0000] {dagbag.py:539} INFO - Filling up the DagBag from /opt/airflow/dags/models/BTC_s1_n10_lstm_model.pth
[2026-06-19T14:00:10.203+0000] {processor.py:841} WARNING - No viable dags retrieved from /opt/airflow/dags/models/BTC_s1_n10_lstm_model.pth
[2026-06-19T14:00:10.217+0000] {processor.py:179} INFO - Processing /opt/airflow/dags/models/BTC_s1_n10_lstm_model.pth took 0.029 seconds
[2026-06-19T14:00:40.302+0000] {processor.py:157} INFO - Started process (PID=18568) to work on /opt/airflow/dags/models/BTC_s1_n10_lstm_model.pth
[2026-06-19T14:00:40.304+0000] {processor.py:829} INFO - Processing file /opt/airflow/dags/models/BTC_s1_n10_lstm_model.pth for tasks to queue
[2026-06-19T14:00:40.305+0000] {logging_mixin.py:151} INFO - [2026-06-19T14:00:40.304+0000] {dagbag.py:539} INFO - Filling up the DagBag from /opt/airflow/dags/models/BTC_s1_n10_lstm_model.pth
[2026-06-19T14:00:40.312+0000] {processor.py:841} WARNING - No viable dags retrieved from /opt/airflow/dags/models/BTC_s1_n10_lstm_model.pth
[2026-06-19T14:00:40.326+0000] {processor.py:179} INFO - Processing /opt/airflow/dags/models/BTC_s1_n10_lstm_model.pth took 0.029 seconds
[2026-06-19T14:01:10.843+0000] {processor.py:157} INFO - Started process (PID=18601) to work on /opt/airflow/dags/models/BTC_s1_n10_lstm_model.pth
[2026-06-19T14:01:10.844+0000] {processor.py:829} INFO - Processing file /opt/airflow/dags/models/BTC_s1_n10_lstm_model.pth for tasks to queue
[2026-06-19T14:01:10.845+0000] {logging_mixin.py:151} INFO - [2026-06-19T14:01:10.845+0000] {dagbag.py:539} INFO - Filling up the DagBag from /opt/airflow/dags/models/BTC_s1_n10_lstm_model.pth
[2026-06-19T14:01:10.853+0000] {processor.py:841} WARNING - No viable dags retrieved from /opt/airflow/dags/models/BTC_s1_n10_lstm_model.pth
[2026-06-19T14:01:10.868+0000] {processor.py:179} INFO - Processing /opt/airflow/dags/models/BTC_s1_n10_lstm_model.pth took 0.029 seconds
[2026-06-19T14:01:41.392+0000] {processor.py:157} INFO - Started process (PID=18634) to work on /opt/airflow/dags/models/BTC_s1_n10_lstm_model.pth
[2026-06-19T14:01:41.393+0000] {processor.py:829} INFO - Processing file /opt/airflow/dags/models/BTC_s1_n10_lstm_model.pth for tasks to queue
[2026-06-19T14:01:41.394+0000] {logging_mixin.py:151} INFO - [2026-06-19T14:01:41.394+0000] {dagbag.py:539} INFO - Filling up the DagBag from /opt/airflow/dags/models/BTC_s1_n10_lstm_model.pth
[2026-06-19T14:01:41.403+0000] {processor.py:841} WARNING - No viable dags retrieved from /opt/airflow/dags/models/BTC_s1_n10_lstm_model.pth
[2026-06-19T14:01:41.417+0000] {processor.py:179} INFO - Processing /opt/airflow/dags/models/BTC_s1_n10_lstm_model.pth took 0.028 seconds
[2026-06-19T14:02:12.217+0000] {processor.py:157} INFO - Started process (PID=18664) to work on /opt/airflow/dags/models/BTC_s1_n10_lstm_model.pth
[2026-06-19T14:02:12.219+0000] {processor.py:829} INFO - Processing file /opt/airflow/dags/models/BTC_s1_n10_lstm_model.pth for tasks to queue
[2026-06-19T14:02:12.220+0000] {logging_mixin.py:151} INFO - [2026-06-19T14:02:12.220+0000] {dagbag.py:539} INFO - Filling up the DagBag from /opt/airflow/dags/models/BTC_s1_n10_lstm_model.pth
[2026-06-19T14:02:12.229+0000] {processor.py:841} WARNING - No viable dags retrieved from /opt/airflow/dags/models/BTC_s1_n10_lstm_model.pth
[2026-06-19T14:02:12.250+0000] {processor.py:179} INFO - Processing /opt/airflow/dags/models/BTC_s1_n10_lstm_model.pth took 0.040 seconds
[2026-06-19T14:02:43.239+0000] {processor.py:157} INFO - Started process (PID=18693) to work on /opt/airflow/dags/models/BTC_s1_n10_lstm_model.pth
[2026-06-19T14:02:43.240+0000] {processor.py:829} INFO - Processing file /opt/airflow/dags/models/BTC_s1_n10_lstm_model.pth for tasks to queue
[2026-06-19T14:02:43.242+0000] {logging_mixin.py:151} INFO - [2026-06-19T14:02:43.242+0000] {dagbag.py:539} INFO - Filling up the DagBag from /opt/airflow/dags/models/BTC_s1_n10_lstm_model.pth
[2026-06-19T14:02:43.258+0000] {processor.py:841} WARNING - No viable dags retrieved from /opt/airflow/dags/models/BTC_s1_n10_lstm_model.pth
[2026-06-19T14:02:43.278+0000] {processor.py:179} INFO - Processing /opt/airflow/dags/models/BTC_s1_n10_lstm_model.pth took 0.050 seconds
[2026-06-19T14:03:14.041+0000] {processor.py:157} INFO - Started process (PID=18723) to work on /opt/airflow/dags/models/BTC_s1_n10_lstm_model.pth
[2026-06-19T14:03:14.043+0000] {processor.py:829} INFO - Processing file /opt/airflow/dags/models/BTC_s1_n10_lstm_model.pth for tasks to queue
[2026-06-19T14:03:14.044+0000] {logging_mixin.py:151} INFO - [2026-06-19T14:03:14.043+0000] {dagbag.py:539} INFO - Filling up the DagBag from /opt/airflow/dags/models/BTC_s1_n10_lstm_model.pth
[2026-06-19T14:03:14.052+0000] {processor.py:841} WARNING - No viable dags retrieved from /opt/airflow/dags/models/BTC_s1_n10_lstm_model.pth
[2026-06-19T14:03:14.068+0000] {processor.py:179} INFO - Processing /opt/airflow/dags/models/BTC_s1_n10_lstm_model.pth took 0.031 seconds
[2026-06-19T14:03:44.361+0000] {processor.py:157} INFO - Started process (PID=18748) to work on /opt/airflow/dags/models/BTC_s1_n10_lstm_model.pth
[2026-06-19T14:03:44.362+0000] {processor.py:829} INFO - Processing file /opt/airflow/dags/models/BTC_s1_n10_lstm_model.pth for tasks to queue
[2026-06-19T14:03:44.363+0000] {logging_mixin.py:151} INFO - [2026-06-19T14:03:44.363+0000] {dagbag.py:539} INFO - Filling up the DagBag from /opt/airflow/dags/models/BTC_s1_n10_lstm_model.pth
[2026-06-19T14:03:44.371+0000] {processor.py:841} WARNING - No viable dags retrieved from /opt/airflow/dags/models/BTC_s1_n10_lstm_model.pth
[2026-06-19T14:03:44.385+0000] {processor.py:179} INFO - Processing /opt/airflow/dags/models/BTC_s1_n10_lstm_model.pth took 0.028 seconds
[2026-06-19T14:04:14.514+0000] {processor.py:157} INFO - Started process (PID=18778) to work on /opt/airflow/dags/models/BTC_s1_n10_lstm_model.pth
[2026-06-19T14:04:14.515+0000] {processor.py:829} INFO - Processing file /opt/airflow/dags/models/BTC_s1_n10_lstm_model.pth for tasks to queue
[2026-06-19T14:04:14.516+0000] {logging_mixin.py:151} INFO - [2026-06-19T14:04:14.516+0000] {dagbag.py:539} INFO - Filling up the DagBag from /opt/airflow/dags/models/BTC_s1_n10_lstm_model.pth
[2026-06-19T14:04:14.524+0000] {processor.py:841} WARNING - No viable dags retrieved from /opt/airflow/dags/models/BTC_s1_n10_lstm_model.pth
[2026-06-19T14:04:14.540+0000] {processor.py:179} INFO - Processing /opt/airflow/dags/models/BTC_s1_n10_lstm_model.pth took 0.030 seconds
[2026-06-19T14:04:45.427+0000] {processor.py:157} INFO - Started process (PID=18811) to work on /opt/airflow/dags/models/BTC_s1_n10_lstm_model.pth
[2026-06-19T14:04:45.428+0000] {processor.py:829} INFO - Processing file /opt/airflow/dags/models/BTC_s1_n10_lstm_model.pth for tasks to queue
[2026-06-19T14:04:45.429+0000] {logging_mixin.py:151} INFO - [2026-06-19T14:04:45.429+0000] {dagbag.py:539} INFO - Filling up the DagBag from /opt/airflow/dags/models/BTC_s1_n10_lstm_model.pth
[2026-06-19T14:04:45.437+0000] {processor.py:841} WARNING - No viable dags retrieved from /opt/airflow/dags/models/BTC_s1_n10_lstm_model.pth
[2026-06-19T14:04:45.453+0000] {processor.py:179} INFO - Processing /opt/airflow/dags/models/BTC_s1_n10_lstm_model.pth took 0.028 seconds
[2026-06-19T14:05:15.903+0000] {processor.py:157} INFO - Started process (PID=18844) to work on /opt/airflow/dags/models/BTC_s1_n10_lstm_model.pth
[2026-06-19T14:05:15.904+0000] {processor.py:829} INFO - Processing file /opt/airflow/dags/models/BTC_s1_n10_lstm_model.pth for tasks to queue
[2026-06-19T14:05:15.905+0000] {logging_mixin.py:151} INFO - [2026-06-19T14:05:15.905+0000] {dagbag.py:539} INFO - Filling up the DagBag from /opt/airflow/dags/models/BTC_s1_n10_lstm_model.pth
[2026-06-19T14:05:15.913+0000] {processor.py:841} WARNING - No viable dags retrieved from /opt/airflow/dags/models/BTC_s1_n10_lstm_model.pth
[2026-06-19T14:05:15.930+0000] {processor.py:179} INFO - Processing /opt/airflow/dags/models/BTC_s1_n10_lstm_model.pth took 0.032 seconds
[2026-06-19T14:05:46.748+0000] {processor.py:157} INFO - Started process (PID=18877) to work on /opt/airflow/dags/models/BTC_s1_n10_lstm_model.pth
[2026-06-19T14:05:46.749+0000] {processor.py:829} INFO - Processing file /opt/airflow/dags/models/BTC_s1_n10_lstm_model.pth for tasks to queue
[2026-06-19T14:05:46.750+0000] {logging_mixin.py:151} INFO - [2026-06-19T14:05:46.750+0000] {dagbag.py:539} INFO - Filling up the DagBag from /opt/airflow/dags/models/BTC_s1_n10_lstm_model.pth
[2026-06-19T14:05:46.757+0000] {processor.py:841} WARNING - No viable dags retrieved from /opt/airflow/dags/models/BTC_s1_n10_lstm_model.pth
[2026-06-19T14:05:46.769+0000] {processor.py:179} INFO - Processing /opt/airflow/dags/models/BTC_s1_n10_lstm_model.pth took 0.024 seconds
[2026-06-19T14:06:17.581+0000] {processor.py:157} INFO - Started process (PID=18910) to work on /opt/airflow/dags/models/BTC_s1_n10_lstm_model.pth
[2026-06-19T14:06:17.582+0000] {processor.py:829} INFO - Processing file /opt/airflow/dags/models/BTC_s1_n10_lstm_model.pth for tasks to queue
[2026-06-19T14:06:17.583+0000] {logging_mixin.py:151} INFO - [2026-06-19T14:06:17.583+0000] {dagbag.py:539} INFO - Filling up the DagBag from /opt/airflow/dags/models/BTC_s1_n10_lstm_model.pth
[2026-06-19T14:06:17.589+0000] {processor.py:841} WARNING - No viable dags retrieved from /opt/airflow/dags/models/BTC_s1_n10_lstm_model.pth
[2026-06-19T14:06:17.602+0000] {processor.py:179} INFO - Processing /opt/airflow/dags/models/BTC_s1_n10_lstm_model.pth took 0.025 seconds
[2026-06-19T14:06:48.370+0000] {processor.py:157} INFO - Started process (PID=18944) to work on /opt/airflow/dags/models/BTC_s1_n10_lstm_model.pth
[2026-06-19T14:06:48.372+0000] {processor.py:829} INFO - Processing file /opt/airflow/dags/models/BTC_s1_n10_lstm_model.pth for tasks to queue
[2026-06-19T14:06:48.374+0000] {logging_mixin.py:151} INFO - [2026-06-19T14:06:48.374+0000] {dagbag.py:539} INFO - Filling up the DagBag from /opt/airflow/dags/models/BTC_s1_n10_lstm_model.pth
[2026-06-19T14:06:48.389+0000] {processor.py:841} WARNING - No viable dags retrieved from /opt/airflow/dags/models/BTC_s1_n10_lstm_model.pth
[2026-06-19T14:06:48.406+0000] {processor.py:179} INFO - Processing /opt/airflow/dags/models/BTC_s1_n10_lstm_model.pth took 0.041 seconds
[2026-06-19T14:07:18.590+0000] {processor.py:157} INFO - Started process (PID=18977) to work on /opt/airflow/dags/models/BTC_s1_n10_lstm_model.pth
[2026-06-19T14:07:18.592+0000] {processor.py:829} INFO - Processing file /opt/airflow/dags/models/BTC_s1_n10_lstm_model.pth for tasks to queue
[2026-06-19T14:07:18.593+0000] {logging_mixin.py:151} INFO - [2026-06-19T14:07:18.592+0000] {dagbag.py:539} INFO - Filling up the DagBag from /opt/airflow/dags/models/BTC_s1_n10_lstm_model.pth
[2026-06-19T14:07:18.602+0000] {processor.py:841} WARNING - No viable dags retrieved from /opt/airflow/dags/models/BTC_s1_n10_lstm_model.pth
[2026-06-19T14:07:18.617+0000] {processor.py:179} INFO - Processing /opt/airflow/dags/models/BTC_s1_n10_lstm_model.pth took 0.030 seconds
[2026-06-19T14:07:49.260+0000] {processor.py:157} INFO - Started process (PID=19010) to work on /opt/airflow/dags/models/BTC_s1_n10_lstm_model.pth
[2026-06-19T14:07:49.261+0000] {processor.py:829} INFO - Processing file /opt/airflow/dags/models/BTC_s1_n10_lstm_model.pth for tasks to queue
[2026-06-19T14:07:49.262+0000] {logging_mixin.py:151} INFO - [2026-06-19T14:07:49.262+0000] {dagbag.py:539} INFO - Filling up the DagBag from /opt/airflow/dags/models/BTC_s1_n10_lstm_model.pth
[2026-06-19T14:07:49.271+0000] {processor.py:841} WARNING - No viable dags retrieved from /opt/airflow/dags/models/BTC_s1_n10_lstm_model.pth
[2026-06-19T14:07:49.286+0000] {processor.py:179} INFO - Processing /opt/airflow/dags/models/BTC_s1_n10_lstm_model.pth took 0.030 seconds
[2026-06-19T14:08:19.676+0000] {processor.py:157} INFO - Started process (PID=19043) to work on /opt/airflow/dags/models/BTC_s1_n10_lstm_model.pth
[2026-06-19T14:08:19.678+0000] {processor.py:829} INFO - Processing file /opt/airflow/dags/models/BTC_s1_n10_lstm_model.pth for tasks to queue
[2026-06-19T14:08:19.678+0000] {logging_mixin.py:151} INFO - [2026-06-19T14:08:19.678+0000] {dagbag.py:539} INFO - Filling up the DagBag from /opt/airflow/dags/models/BTC_s1_n10_lstm_model.pth
[2026-06-19T14:08:19.686+0000] {processor.py:841} WARNING - No viable dags retrieved from /opt/airflow/dags/models/BTC_s1_n10_lstm_model.pth
[2026-06-19T14:08:19.701+0000] {processor.py:179} INFO - Processing /opt/airflow/dags/models/BTC_s1_n10_lstm_model.pth took 0.028 seconds
[2026-06-19T14:08:50.301+0000] {processor.py:157} INFO - Started process (PID=19076) to work on /opt/airflow/dags/models/BTC_s1_n10_lstm_model.pth
[2026-06-19T14:08:50.303+0000] {processor.py:829} INFO - Processing file /opt/airflow/dags/models/BTC_s1_n10_lstm_model.pth for tasks to queue
[2026-06-19T14:08:50.304+0000] {logging_mixin.py:151} INFO - [2026-06-19T14:08:50.304+0000] {dagbag.py:539} INFO - Filling up the DagBag from /opt/airflow/dags/models/BTC_s1_n10_lstm_model.pth
[2026-06-19T14:08:50.315+0000] {processor.py:841} WARNING - No viable dags retrieved from /opt/airflow/dags/models/BTC_s1_n10_lstm_model.pth
[2026-06-19T14:08:50.332+0000] {processor.py:179} INFO - Processing /opt/airflow/dags/models/BTC_s1_n10_lstm_model.pth took 0.036 seconds
[2026-06-19T14:09:21.127+0000] {processor.py:157} INFO - Started process (PID=19109) to work on /opt/airflow/dags/models/BTC_s1_n10_lstm_model.pth
[2026-06-19T14:09:21.129+0000] {processor.py:829} INFO - Processing file /opt/airflow/dags/models/BTC_s1_n10_lstm_model.pth for tasks to queue
[2026-06-19T14:09:21.130+0000] {logging_mixin.py:151} INFO - [2026-06-19T14:09:21.130+0000] {dagbag.py:539} INFO - Filling up the DagBag from /opt/airflow/dags/models/BTC_s1_n10_lstm_model.pth
[2026-06-19T14:09:21.138+0000] {processor.py:841} WARNING - No viable dags retrieved from /opt/airflow/dags/models/BTC_s1_n10_lstm_model.pth
[2026-06-19T14:09:21.155+0000] {processor.py:179} INFO - Processing /opt/airflow/dags/models/BTC_s1_n10_lstm_model.pth took 0.033 seconds
[2026-06-19T14:09:51.950+0000] {processor.py:157} INFO - Started process (PID=19139) to work on /opt/airflow/dags/models/BTC_s1_n10_lstm_model.pth
[2026-06-19T14:09:51.952+0000] {processor.py:829} INFO - Processing file /opt/airflow/dags/models/BTC_s1_n10_lstm_model.pth for tasks to queue
[2026-06-19T14:09:51.953+0000] {logging_mixin.py:151} INFO - [2026-06-19T14:09:51.953+0000] {dagbag.py:539} INFO - Filling up the DagBag from /opt/airflow/dags/models/BTC_s1_n10_lstm_model.pth
[2026-06-19T14:09:51.970+0000] {processor.py:841} WARNING - No viable dags retrieved from /opt/airflow/dags/models/BTC_s1_n10_lstm_model.pth
[2026-06-19T14:09:51.989+0000] {processor.py:179} INFO - Processing /opt/airflow/dags/models/BTC_s1_n10_lstm_model.pth took 0.042 seconds
[2026-06-19T14:10:23.975+0000] {processor.py:157} INFO - Started process (PID=19165) to work on /opt/airflow/dags/models/BTC_s1_n10_lstm_model.pth
[2026-06-19T14:10:23.977+0000] {processor.py:829} INFO - Processing file /opt/airflow/dags/models/BTC_s1_n10_lstm_model.pth for tasks to queue
[2026-06-19T14:10:23.978+0000] {logging_mixin.py:151} INFO - [2026-06-19T14:10:23.978+0000] {dagbag.py:539} INFO - Filling up the DagBag from /opt/airflow/dags/models/BTC_s1_n10_lstm_model.pth
[2026-06-19T14:10:23.985+0000] {processor.py:841} WARNING - No viable dags retrieved from /opt/airflow/dags/models/BTC_s1_n10_lstm_model.pth
[2026-06-19T14:10:23.999+0000] {processor.py:179} INFO - Processing /opt/airflow/dags/models/BTC_s1_n10_lstm_model.pth took 0.027 seconds
[2026-06-19T14:10:54.265+0000] {processor.py:157} INFO - Started process (PID=19190) to work on /opt/airflow/dags/models/BTC_s1_n10_lstm_model.pth
[2026-06-19T14:10:54.267+0000] {processor.py:829} INFO - Processing file /opt/airflow/dags/models/BTC_s1_n10_lstm_model.pth for tasks to queue
[2026-06-19T14:10:54.268+0000] {logging_mixin.py:151} INFO - [2026-06-19T14:10:54.268+0000] {dagbag.py:539} INFO - Filling up the DagBag from /opt/airflow/dags/models/BTC_s1_n10_lstm_model.pth
[2026-06-19T14:10:54.277+0000] {processor.py:841} WARNING - No viable dags retrieved from /opt/airflow/dags/models/BTC_s1_n10_lstm_model.pth
[2026-06-19T14:10:54.295+0000] {processor.py:179} INFO - Processing /opt/airflow/dags/models/BTC_s1_n10_lstm_model.pth took 0.035 seconds
[2026-06-19T14:11:24.964+0000] {processor.py:157} INFO - Started process (PID=19220) to work on /opt/airflow/dags/models/BTC_s1_n10_lstm_model.pth
[2026-06-19T14:11:24.966+0000] {processor.py:829} INFO - Processing file /opt/airflow/dags/models/BTC_s1_n10_lstm_model.pth for tasks to queue
[2026-06-19T14:11:24.966+0000] {logging_mixin.py:151} INFO - [2026-06-19T14:11:24.966+0000] {dagbag.py:539} INFO - Filling up the DagBag from /opt/airflow/dags/models/BTC_s1_n10_lstm_model.pth
[2026-06-19T14:11:24.976+0000] {processor.py:841} WARNING - No viable dags retrieved from /opt/airflow/dags/models/BTC_s1_n10_lstm_model.pth
[2026-06-19T14:11:24.991+0000] {processor.py:179} INFO - Processing /opt/airflow/dags/models/BTC_s1_n10_lstm_model.pth took 0.029 seconds
[2026-06-19T14:11:55.814+0000] {processor.py:157} INFO - Started process (PID=19253) to work on /opt/airflow/dags/models/BTC_s1_n10_lstm_model.pth
[2026-06-19T14:11:55.815+0000] {processor.py:829} INFO - Processing file /opt/airflow/dags/models/BTC_s1_n10_lstm_model.pth for tasks to queue
[2026-06-19T14:11:55.817+0000] {logging_mixin.py:151} INFO - [2026-06-19T14:11:55.817+0000] {dagbag.py:539} INFO - Filling up the DagBag from /opt/airflow/dags/models/BTC_s1_n10_lstm_model.pth
[2026-06-19T14:11:55.828+0000] {processor.py:841} WARNING - No viable dags retrieved from /opt/airflow/dags/models/BTC_s1_n10_lstm_model.pth
[2026-06-19T14:11:55.842+0000] {processor.py:179} INFO - Processing /opt/airflow/dags/models/BTC_s1_n10_lstm_model.pth took 0.032 seconds
[2026-06-19T14:12:26.103+0000] {processor.py:157} INFO - Started process (PID=19286) to work on /opt/airflow/dags/models/BTC_s1_n10_lstm_model.pth
[2026-06-19T14:12:26.105+0000] {processor.py:829} INFO - Processing file /opt/airflow/dags/models/BTC_s1_n10_lstm_model.pth for tasks to queue
[2026-06-19T14:12:26.106+0000] {logging_mixin.py:151} INFO - [2026-06-19T14:12:26.105+0000] {dagbag.py:539} INFO - Filling up the DagBag from /opt/airflow/dags/models/BTC_s1_n10_lstm_model.pth
[2026-06-19T14:12:26.113+0000] {processor.py:841} WARNING - No viable dags retrieved from /opt/airflow/dags/models/BTC_s1_n10_lstm_model.pth
[2026-06-19T14:12:26.128+0000] {processor.py:179} INFO - Processing /opt/airflow/dags/models/BTC_s1_n10_lstm_model.pth took 0.028 seconds
[2026-06-19T14:12:56.516+0000] {processor.py:157} INFO - Started process (PID=19319) to work on /opt/airflow/dags/models/BTC_s1_n10_lstm_model.pth
[2026-06-19T14:12:56.518+0000] {processor.py:829} INFO - Processing file /opt/airflow/dags/models/BTC_s1_n10_lstm_model.pth for tasks to queue
[2026-06-19T14:12:56.519+0000] {logging_mixin.py:151} INFO - [2026-06-19T14:12:56.518+0000] {dagbag.py:539} INFO - Filling up the DagBag from /opt/airflow/dags/models/BTC_s1_n10_lstm_model.pth
[2026-06-19T14:12:56.527+0000] {processor.py:841} WARNING - No viable dags retrieved from /opt/airflow/dags/models/BTC_s1_n10_lstm_model.pth
[2026-06-19T14:12:56.541+0000] {processor.py:179} INFO - Processing /opt/airflow/dags/models/BTC_s1_n10_lstm_model.pth took 0.028 seconds
[2026-06-19T14:13:26.658+0000] {processor.py:157} INFO - Started process (PID=19352) to work on /opt/airflow/dags/models/BTC_s1_n10_lstm_model.pth
[2026-06-19T14:13:26.661+0000] {processor.py:829} INFO - Processing file /opt/airflow/dags/models/BTC_s1_n10_lstm_model.pth for tasks to queue
[2026-06-19T14:13:26.662+0000] {logging_mixin.py:151} INFO - [2026-06-19T14:13:26.662+0000] {dagbag.py:539} INFO - Filling up the DagBag from /opt/airflow/dags/models/BTC_s1_n10_lstm_model.pth
[2026-06-19T14:13:26.673+0000] {processor.py:841} WARNING - No viable dags retrieved from /opt/airflow/dags/models/BTC_s1_n10_lstm_model.pth
[2026-06-19T14:13:26.693+0000] {processor.py:179} INFO - Processing /opt/airflow/dags/models/BTC_s1_n10_lstm_model.pth took 0.040 seconds
[2026-06-19T14:13:56.946+0000] {processor.py:157} INFO - Started process (PID=19385) to work on /opt/airflow/dags/models/BTC_s1_n10_lstm_model.pth
[2026-06-19T14:13:56.947+0000] {processor.py:829} INFO - Processing file /opt/airflow/dags/models/BTC_s1_n10_lstm_model.pth for tasks to queue
[2026-06-19T14:13:56.948+0000] {logging_mixin.py:151} INFO - [2026-06-19T14:13:56.948+0000] {dagbag.py:539} INFO - Filling up the DagBag from /opt/airflow/dags/models/BTC_s1_n10_lstm_model.pth
[2026-06-19T14:13:56.958+0000] {processor.py:841} WARNING - No viable dags retrieved from /opt/airflow/dags/models/BTC_s1_n10_lstm_model.pth
[2026-06-19T14:13:56.976+0000] {processor.py:179} INFO - Processing /opt/airflow/dags/models/BTC_s1_n10_lstm_model.pth took 0.033 seconds
[2026-06-19T14:14:27.412+0000] {processor.py:157} INFO - Started process (PID=19418) to work on /opt/airflow/dags/models/BTC_s1_n10_lstm_model.pth
[2026-06-19T14:14:27.413+0000] {processor.py:829} INFO - Processing file /opt/airflow/dags/models/BTC_s1_n10_lstm_model.pth for tasks to queue
[2026-06-19T14:14:27.414+0000] {logging_mixin.py:151} INFO - [2026-06-19T14:14:27.414+0000] {dagbag.py:539} INFO - Filling up the DagBag from /opt/airflow/dags/models/BTC_s1_n10_lstm_model.pth
[2026-06-19T14:14:27.425+0000] {processor.py:841} WARNING - No viable dags retrieved from /opt/airflow/dags/models/BTC_s1_n10_lstm_model.pth
[2026-06-19T14:14:27.442+0000] {processor.py:179} INFO - Processing /opt/airflow/dags/models/BTC_s1_n10_lstm_model.pth took 0.035 seconds
[2026-06-19T14:14:58.256+0000] {processor.py:157} INFO - Started process (PID=19451) to work on /opt/airflow/dags/models/BTC_s1_n10_lstm_model.pth
[2026-06-19T14:14:58.257+0000] {processor.py:829} INFO - Processing file /opt/airflow/dags/models/BTC_s1_n10_lstm_model.pth for tasks to queue
[2026-06-19T14:14:58.258+0000] {logging_mixin.py:151} INFO - [2026-06-19T14:14:58.258+0000] {dagbag.py:539} INFO - Filling up the DagBag from /opt/airflow/dags/models/BTC_s1_n10_lstm_model.pth
[2026-06-19T14:14:58.266+0000] {processor.py:841} WARNING - No viable dags retrieved from /opt/airflow/dags/models/BTC_s1_n10_lstm_model.pth
[2026-06-19T14:14:58.281+0000] {processor.py:179} INFO - Processing /opt/airflow/dags/models/BTC_s1_n10_lstm_model.pth took 0.029 seconds
[2026-06-19T14:15:29.224+0000] {processor.py:157} INFO - Started process (PID=19484) to work on /opt/airflow/dags/models/BTC_s1_n10_lstm_model.pth
[2026-06-19T14:15:29.226+0000] {processor.py:829} INFO - Processing file /opt/airflow/dags/models/BTC_s1_n10_lstm_model.pth for tasks to queue
[2026-06-19T14:15:29.227+0000] {logging_mixin.py:151} INFO - [2026-06-19T14:15:29.227+0000] {dagbag.py:539} INFO - Filling up the DagBag from /opt/airflow/dags/models/BTC_s1_n10_lstm_model.pth
[2026-06-19T14:15:29.239+0000] {processor.py:841} WARNING - No viable dags retrieved from /opt/airflow/dags/models/BTC_s1_n10_lstm_model.pth
[2026-06-19T14:15:29.263+0000] {processor.py:179} INFO - Processing /opt/airflow/dags/models/BTC_s1_n10_lstm_model.pth took 0.044 seconds
[2026-06-19T14:15:59.948+0000] {processor.py:157} INFO - Started process (PID=19517) to work on /opt/airflow/dags/models/BTC_s1_n10_lstm_model.pth
[2026-06-19T14:15:59.949+0000] {processor.py:829} INFO - Processing file /opt/airflow/dags/models/BTC_s1_n10_lstm_model.pth for tasks to queue
[2026-06-19T14:15:59.950+0000] {logging_mixin.py:151} INFO - [2026-06-19T14:15:59.950+0000] {dagbag.py:539} INFO - Filling up the DagBag from /opt/airflow/dags/models/BTC_s1_n10_lstm_model.pth
[2026-06-19T14:15:59.960+0000] {processor.py:841} WARNING - No viable dags retrieved from /opt/airflow/dags/models/BTC_s1_n10_lstm_model.pth
[2026-06-19T14:15:59.976+0000] {processor.py:179} INFO - Processing /opt/airflow/dags/models/BTC_s1_n10_lstm_model.pth took 0.032 seconds
[2026-06-19T14:16:30.240+0000] {processor.py:157} INFO - Started process (PID=19548) to work on /opt/airflow/dags/models/BTC_s1_n10_lstm_model.pth
[2026-06-19T14:16:30.241+0000] {processor.py:829} INFO - Processing file /opt/airflow/dags/models/BTC_s1_n10_lstm_model.pth for tasks to queue
[2026-06-19T14:16:30.242+0000] {logging_mixin.py:151} INFO - [2026-06-19T14:16:30.242+0000] {dagbag.py:539} INFO - Filling up the DagBag from /opt/airflow/dags/models/BTC_s1_n10_lstm_model.pth
[2026-06-19T14:16:30.250+0000] {processor.py:841} WARNING - No viable dags retrieved from /opt/airflow/dags/models/BTC_s1_n10_lstm_model.pth
[2026-06-19T14:16:30.262+0000] {processor.py:179} INFO - Processing /opt/airflow/dags/models/BTC_s1_n10_lstm_model.pth took 0.025 seconds
[2026-06-19T14:17:00.632+0000] {processor.py:157} INFO - Started process (PID=19572) to work on /opt/airflow/dags/models/BTC_s1_n10_lstm_model.pth
[2026-06-19T14:17:00.633+0000] {processor.py:829} INFO - Processing file /opt/airflow/dags/models/BTC_s1_n10_lstm_model.pth for tasks to queue
[2026-06-19T14:17:00.634+0000] {logging_mixin.py:151} INFO - [2026-06-19T14:17:00.634+0000] {dagbag.py:539} INFO - Filling up the DagBag from /opt/airflow/dags/models/BTC_s1_n10_lstm_model.pth
[2026-06-19T14:17:00.641+0000] {processor.py:841} WARNING - No viable dags retrieved from /opt/airflow/dags/models/BTC_s1_n10_lstm_model.pth
[2026-06-19T14:17:00.654+0000] {processor.py:179} INFO - Processing /opt/airflow/dags/models/BTC_s1_n10_lstm_model.pth took 0.026 seconds
[2026-06-19T14:17:30.902+0000] {processor.py:157} INFO - Started process (PID=19599) to work on /opt/airflow/dags/models/BTC_s1_n10_lstm_model.pth
[2026-06-19T14:17:30.904+0000] {processor.py:829} INFO - Processing file /opt/airflow/dags/models/BTC_s1_n10_lstm_model.pth for tasks to queue
[2026-06-19T14:17:30.905+0000] {logging_mixin.py:151} INFO - [2026-06-19T14:17:30.905+0000] {dagbag.py:539} INFO - Filling up the DagBag from /opt/airflow/dags/models/BTC_s1_n10_lstm_model.pth
[2026-06-19T14:17:30.915+0000] {processor.py:841} WARNING - No viable dags retrieved from /opt/airflow/dags/models/BTC_s1_n10_lstm_model.pth
[2026-06-19T14:17:30.938+0000] {processor.py:179} INFO - Processing /opt/airflow/dags/models/BTC_s1_n10_lstm_model.pth took 0.041 seconds
[2026-06-19T14:18:01.570+0000] {processor.py:157} INFO - Started process (PID=19628) to work on /opt/airflow/dags/models/BTC_s1_n10_lstm_model.pth
[2026-06-19T14:18:01.571+0000] {processor.py:829} INFO - Processing file /opt/airflow/dags/models/BTC_s1_n10_lstm_model.pth for tasks to queue
[2026-06-19T14:18:01.573+0000] {logging_mixin.py:151} INFO - [2026-06-19T14:18:01.572+0000] {dagbag.py:539} INFO - Filling up the DagBag from /opt/airflow/dags/models/BTC_s1_n10_lstm_model.pth
[2026-06-19T14:18:01.582+0000] {processor.py:841} WARNING - No viable dags retrieved from /opt/airflow/dags/models/BTC_s1_n10_lstm_model.pth
[2026-06-19T14:18:01.600+0000] {processor.py:179} INFO - Processing /opt/airflow/dags/models/BTC_s1_n10_lstm_model.pth took 0.037 seconds
[2026-06-19T14:18:32.236+0000] {processor.py:157} INFO - Started process (PID=19661) to work on /opt/airflow/dags/models/BTC_s1_n10_lstm_model.pth
[2026-06-19T14:18:32.237+0000] {processor.py:829} INFO - Processing file /opt/airflow/dags/models/BTC_s1_n10_lstm_model.pth for tasks to queue
[2026-06-19T14:18:32.239+0000] {logging_mixin.py:151} INFO - [2026-06-19T14:18:32.238+0000] {dagbag.py:539} INFO - Filling up the DagBag from /opt/airflow/dags/models/BTC_s1_n10_lstm_model.pth
[2026-06-19T14:18:32.247+0000] {processor.py:841} WARNING - No viable dags retrieved from /opt/airflow/dags/models/BTC_s1_n10_lstm_model.pth
[2026-06-19T14:18:32.262+0000] {processor.py:179} INFO - Processing /opt/airflow/dags/models/BTC_s1_n10_lstm_model.pth took 0.030 seconds
[2026-06-19T14:19:02.765+0000] {processor.py:157} INFO - Started process (PID=19694) to work on /opt/airflow/dags/models/BTC_s1_n10_lstm_model.pth
[2026-06-19T14:19:02.771+0000] {processor.py:829} INFO - Processing file /opt/airflow/dags/models/BTC_s1_n10_lstm_model.pth for tasks to queue
[2026-06-19T14:19:02.774+0000] {logging_mixin.py:151} INFO - [2026-06-19T14:19:02.774+0000] {dagbag.py:539} INFO - Filling up the DagBag from /opt/airflow/dags/models/BTC_s1_n10_lstm_model.pth
[2026-06-19T14:19:02.800+0000] {processor.py:841} WARNING - No viable dags retrieved from /opt/airflow/dags/models/BTC_s1_n10_lstm_model.pth
[2026-06-19T14:19:02.821+0000] {processor.py:179} INFO - Processing /opt/airflow/dags/models/BTC_s1_n10_lstm_model.pth took 0.060 seconds
[2026-06-19T14:19:33.313+0000] {processor.py:157} INFO - Started process (PID=19727) to work on /opt/airflow/dags/models/BTC_s1_n10_lstm_model.pth
[2026-06-19T14:19:33.314+0000] {processor.py:829} INFO - Processing file /opt/airflow/dags/models/BTC_s1_n10_lstm_model.pth for tasks to queue
[2026-06-19T14:19:33.315+0000] {logging_mixin.py:151} INFO - [2026-06-19T14:19:33.315+0000] {dagbag.py:539} INFO - Filling up the DagBag from /opt/airflow/dags/models/BTC_s1_n10_lstm_model.pth
[2026-06-19T14:19:33.322+0000] {processor.py:841} WARNING - No viable dags retrieved from /opt/airflow/dags/models/BTC_s1_n10_lstm_model.pth
[2026-06-19T14:19:33.336+0000] {processor.py:179} INFO - Processing /opt/airflow/dags/models/BTC_s1_n10_lstm_model.pth took 0.026 seconds
[2026-06-19T14:20:03.663+0000] {processor.py:157} INFO - Started process (PID=19760) to work on /opt/airflow/dags/models/BTC_s1_n10_lstm_model.pth
[2026-06-19T14:20:03.665+0000] {processor.py:829} INFO - Processing file /opt/airflow/dags/models/BTC_s1_n10_lstm_model.pth for tasks to queue
[2026-06-19T14:20:03.665+0000] {logging_mixin.py:151} INFO - [2026-06-19T14:20:03.665+0000] {dagbag.py:539} INFO - Filling up the DagBag from /opt/airflow/dags/models/BTC_s1_n10_lstm_model.pth
[2026-06-19T14:20:03.673+0000] {processor.py:841} WARNING - No viable dags retrieved from /opt/airflow/dags/models/BTC_s1_n10_lstm_model.pth
[2026-06-19T14:20:03.689+0000] {processor.py:179} INFO - Processing /opt/airflow/dags/models/BTC_s1_n10_lstm_model.pth took 0.029 seconds
[2026-06-19T14:20:33.853+0000] {processor.py:157} INFO - Started process (PID=19793) to work on /opt/airflow/dags/models/BTC_s1_n10_lstm_model.pth
[2026-06-19T14:20:33.854+0000] {processor.py:829} INFO - Processing file /opt/airflow/dags/models/BTC_s1_n10_lstm_model.pth for tasks to queue
[2026-06-19T14:20:33.854+0000] {logging_mixin.py:151} INFO - [2026-06-19T14:20:33.854+0000] {dagbag.py:539} INFO - Filling up the DagBag from /opt/airflow/dags/models/BTC_s1_n10_lstm_model.pth
[2026-06-19T14:20:33.861+0000] {processor.py:841} WARNING - No viable dags retrieved from /opt/airflow/dags/models/BTC_s1_n10_lstm_model.pth
[2026-06-19T14:20:33.872+0000] {processor.py:179} INFO - Processing /opt/airflow/dags/models/BTC_s1_n10_lstm_model.pth took 0.023 seconds
