[2026-07-10T02:39:27.674+0000] {processor.py:157} INFO - Started process (PID=22329) to work on /opt/airflow/dags/predict_daily.py
[2026-07-10T02:39:27.710+0000] {processor.py:829} INFO - Processing file /opt/airflow/dags/predict_daily.py for tasks to queue
[2026-07-10T02:39:27.741+0000] {logging_mixin.py:151} INFO - [2026-07-10T02:39:27.740+0000] {dagbag.py:539} INFO - Filling up the DagBag from /opt/airflow/dags/predict_daily.py
[2026-07-10T02:39:51.949+0000] {processor.py:841} WARNING - No viable dags retrieved from /opt/airflow/dags/predict_daily.py
[2026-07-10T02:39:52.086+0000] {processor.py:179} INFO - Processing /opt/airflow/dags/predict_daily.py took 24.436 seconds
[2026-07-10T02:40:22.829+0000] {processor.py:157} INFO - Started process (PID=22367) to work on /opt/airflow/dags/predict_daily.py
[2026-07-10T02:40:22.855+0000] {processor.py:829} INFO - Processing file /opt/airflow/dags/predict_daily.py for tasks to queue
[2026-07-10T02:40:22.878+0000] {logging_mixin.py:151} INFO - [2026-07-10T02:40:22.867+0000] {dagbag.py:539} INFO - Filling up the DagBag from /opt/airflow/dags/predict_daily.py
[2026-07-10T02:40:30.399+0000] {processor.py:841} WARNING - No viable dags retrieved from /opt/airflow/dags/predict_daily.py
[2026-07-10T02:40:30.516+0000] {processor.py:179} INFO - Processing /opt/airflow/dags/predict_daily.py took 7.765 seconds
[2026-07-10T02:41:01.433+0000] {processor.py:157} INFO - Started process (PID=22431) to work on /opt/airflow/dags/predict_daily.py
[2026-07-10T02:41:01.435+0000] {processor.py:829} INFO - Processing file /opt/airflow/dags/predict_daily.py for tasks to queue
[2026-07-10T02:41:01.436+0000] {logging_mixin.py:151} INFO - [2026-07-10T02:41:01.436+0000] {dagbag.py:539} INFO - Filling up the DagBag from /opt/airflow/dags/predict_daily.py
[2026-07-10T02:41:08.141+0000] {processor.py:841} WARNING - No viable dags retrieved from /opt/airflow/dags/predict_daily.py
[2026-07-10T02:41:08.164+0000] {processor.py:179} INFO - Processing /opt/airflow/dags/predict_daily.py took 6.739 seconds
[2026-07-10T02:41:38.634+0000] {processor.py:157} INFO - Started process (PID=22464) to work on /opt/airflow/dags/predict_daily.py
[2026-07-10T02:41:38.644+0000] {processor.py:829} INFO - Processing file /opt/airflow/dags/predict_daily.py for tasks to queue
[2026-07-10T02:41:38.653+0000] {logging_mixin.py:151} INFO - [2026-07-10T02:41:38.649+0000] {dagbag.py:539} INFO - Filling up the DagBag from /opt/airflow/dags/predict_daily.py
[2026-07-10T02:41:47.537+0000] {processor.py:841} WARNING - No viable dags retrieved from /opt/airflow/dags/predict_daily.py
[2026-07-10T02:41:47.559+0000] {processor.py:179} INFO - Processing /opt/airflow/dags/predict_daily.py took 8.998 seconds
[2026-07-10T02:42:17.735+0000] {processor.py:157} INFO - Started process (PID=22496) to work on /opt/airflow/dags/predict_daily.py
[2026-07-10T02:42:17.737+0000] {processor.py:829} INFO - Processing file /opt/airflow/dags/predict_daily.py for tasks to queue
[2026-07-10T02:42:17.739+0000] {logging_mixin.py:151} INFO - [2026-07-10T02:42:17.739+0000] {dagbag.py:539} INFO - Filling up the DagBag from /opt/airflow/dags/predict_daily.py
[2026-07-10T02:42:22.063+0000] {processor.py:841} WARNING - No viable dags retrieved from /opt/airflow/dags/predict_daily.py
[2026-07-10T02:42:22.085+0000] {processor.py:179} INFO - Processing /opt/airflow/dags/predict_daily.py took 4.357 seconds
[2026-07-10T02:42:52.815+0000] {processor.py:157} INFO - Started process (PID=22529) to work on /opt/airflow/dags/predict_daily.py
[2026-07-10T02:42:52.817+0000] {processor.py:829} INFO - Processing file /opt/airflow/dags/predict_daily.py for tasks to queue
[2026-07-10T02:42:52.819+0000] {logging_mixin.py:151} INFO - [2026-07-10T02:42:52.818+0000] {dagbag.py:539} INFO - Filling up the DagBag from /opt/airflow/dags/predict_daily.py
[2026-07-10T02:42:57.069+0000] {processor.py:841} WARNING - No viable dags retrieved from /opt/airflow/dags/predict_daily.py
[2026-07-10T02:42:57.094+0000] {processor.py:179} INFO - Processing /opt/airflow/dags/predict_daily.py took 4.286 seconds
[2026-07-10T02:43:27.588+0000] {processor.py:157} INFO - Started process (PID=22567) to work on /opt/airflow/dags/predict_daily.py
[2026-07-10T02:43:27.590+0000] {processor.py:829} INFO - Processing file /opt/airflow/dags/predict_daily.py for tasks to queue
[2026-07-10T02:43:27.591+0000] {logging_mixin.py:151} INFO - [2026-07-10T02:43:27.591+0000] {dagbag.py:539} INFO - Filling up the DagBag from /opt/airflow/dags/predict_daily.py
[2026-07-10T02:43:32.178+0000] {processor.py:841} WARNING - No viable dags retrieved from /opt/airflow/dags/predict_daily.py
[2026-07-10T02:43:32.203+0000] {processor.py:179} INFO - Processing /opt/airflow/dags/predict_daily.py took 4.624 seconds
[2026-07-10T02:44:02.719+0000] {processor.py:157} INFO - Started process (PID=22607) to work on /opt/airflow/dags/predict_daily.py
[2026-07-10T02:44:02.721+0000] {processor.py:829} INFO - Processing file /opt/airflow/dags/predict_daily.py for tasks to queue
[2026-07-10T02:44:02.723+0000] {logging_mixin.py:151} INFO - [2026-07-10T02:44:02.722+0000] {dagbag.py:539} INFO - Filling up the DagBag from /opt/airflow/dags/predict_daily.py
[2026-07-10T02:44:06.859+0000] {processor.py:841} WARNING - No viable dags retrieved from /opt/airflow/dags/predict_daily.py
[2026-07-10T02:44:06.883+0000] {processor.py:179} INFO - Processing /opt/airflow/dags/predict_daily.py took 4.175 seconds
[2026-07-10T02:44:37.503+0000] {processor.py:157} INFO - Started process (PID=22640) to work on /opt/airflow/dags/predict_daily.py
[2026-07-10T02:44:37.506+0000] {processor.py:829} INFO - Processing file /opt/airflow/dags/predict_daily.py for tasks to queue
[2026-07-10T02:44:37.508+0000] {logging_mixin.py:151} INFO - [2026-07-10T02:44:37.507+0000] {dagbag.py:539} INFO - Filling up the DagBag from /opt/airflow/dags/predict_daily.py
[2026-07-10T02:44:42.350+0000] {processor.py:841} WARNING - No viable dags retrieved from /opt/airflow/dags/predict_daily.py
[2026-07-10T02:44:42.373+0000] {processor.py:179} INFO - Processing /opt/airflow/dags/predict_daily.py took 4.886 seconds
[2026-07-10T02:45:12.786+0000] {processor.py:157} INFO - Started process (PID=22673) to work on /opt/airflow/dags/predict_daily.py
[2026-07-10T02:45:12.815+0000] {processor.py:829} INFO - Processing file /opt/airflow/dags/predict_daily.py for tasks to queue
[2026-07-10T02:45:12.832+0000] {logging_mixin.py:151} INFO - [2026-07-10T02:45:12.826+0000] {dagbag.py:539} INFO - Filling up the DagBag from /opt/airflow/dags/predict_daily.py
[2026-07-10T02:45:25.375+0000] {processor.py:841} WARNING - No viable dags retrieved from /opt/airflow/dags/predict_daily.py
[2026-07-10T02:45:25.405+0000] {processor.py:179} INFO - Processing /opt/airflow/dags/predict_daily.py took 12.726 seconds
[2026-07-10T02:45:55.913+0000] {processor.py:157} INFO - Started process (PID=22706) to work on /opt/airflow/dags/predict_daily.py
[2026-07-10T02:45:55.915+0000] {processor.py:829} INFO - Processing file /opt/airflow/dags/predict_daily.py for tasks to queue
[2026-07-10T02:45:55.917+0000] {logging_mixin.py:151} INFO - [2026-07-10T02:45:55.916+0000] {dagbag.py:539} INFO - Filling up the DagBag from /opt/airflow/dags/predict_daily.py
[2026-07-10T02:46:00.354+0000] {processor.py:841} WARNING - No viable dags retrieved from /opt/airflow/dags/predict_daily.py
[2026-07-10T02:46:00.385+0000] {processor.py:179} INFO - Processing /opt/airflow/dags/predict_daily.py took 4.478 seconds
[2026-07-10T02:46:31.312+0000] {processor.py:157} INFO - Started process (PID=22746) to work on /opt/airflow/dags/predict_daily.py
[2026-07-10T02:46:31.315+0000] {processor.py:829} INFO - Processing file /opt/airflow/dags/predict_daily.py for tasks to queue
[2026-07-10T02:46:31.317+0000] {logging_mixin.py:151} INFO - [2026-07-10T02:46:31.317+0000] {dagbag.py:539} INFO - Filling up the DagBag from /opt/airflow/dags/predict_daily.py
[2026-07-10T02:46:36.932+0000] {processor.py:841} WARNING - No viable dags retrieved from /opt/airflow/dags/predict_daily.py
[2026-07-10T02:46:36.952+0000] {processor.py:179} INFO - Processing /opt/airflow/dags/predict_daily.py took 5.646 seconds
[2026-07-10T02:47:07.514+0000] {processor.py:157} INFO - Started process (PID=22779) to work on /opt/airflow/dags/predict_daily.py
[2026-07-10T02:47:07.516+0000] {processor.py:829} INFO - Processing file /opt/airflow/dags/predict_daily.py for tasks to queue
[2026-07-10T02:47:07.518+0000] {logging_mixin.py:151} INFO - [2026-07-10T02:47:07.517+0000] {dagbag.py:539} INFO - Filling up the DagBag from /opt/airflow/dags/predict_daily.py
[2026-07-10T02:47:12.531+0000] {processor.py:841} WARNING - No viable dags retrieved from /opt/airflow/dags/predict_daily.py
[2026-07-10T02:47:12.561+0000] {processor.py:179} INFO - Processing /opt/airflow/dags/predict_daily.py took 5.055 seconds
[2026-07-10T02:47:43.446+0000] {processor.py:157} INFO - Started process (PID=22812) to work on /opt/airflow/dags/predict_daily.py
[2026-07-10T02:47:43.448+0000] {processor.py:829} INFO - Processing file /opt/airflow/dags/predict_daily.py for tasks to queue
[2026-07-10T02:47:43.450+0000] {logging_mixin.py:151} INFO - [2026-07-10T02:47:43.449+0000] {dagbag.py:539} INFO - Filling up the DagBag from /opt/airflow/dags/predict_daily.py
[2026-07-10T02:47:48.593+0000] {processor.py:841} WARNING - No viable dags retrieved from /opt/airflow/dags/predict_daily.py
[2026-07-10T02:47:48.614+0000] {processor.py:179} INFO - Processing /opt/airflow/dags/predict_daily.py took 5.175 seconds
[2026-07-10T02:48:19.148+0000] {processor.py:157} INFO - Started process (PID=22845) to work on /opt/airflow/dags/predict_daily.py
[2026-07-10T02:48:19.150+0000] {processor.py:829} INFO - Processing file /opt/airflow/dags/predict_daily.py for tasks to queue
[2026-07-10T02:48:19.152+0000] {logging_mixin.py:151} INFO - [2026-07-10T02:48:19.151+0000] {dagbag.py:539} INFO - Filling up the DagBag from /opt/airflow/dags/predict_daily.py
[2026-07-10T02:48:23.948+0000] {processor.py:841} WARNING - No viable dags retrieved from /opt/airflow/dags/predict_daily.py
[2026-07-10T02:48:23.974+0000] {processor.py:179} INFO - Processing /opt/airflow/dags/predict_daily.py took 4.833 seconds
[2026-07-10T02:48:54.204+0000] {processor.py:157} INFO - Started process (PID=22878) to work on /opt/airflow/dags/predict_daily.py
[2026-07-10T02:48:54.208+0000] {processor.py:829} INFO - Processing file /opt/airflow/dags/predict_daily.py for tasks to queue
[2026-07-10T02:48:54.213+0000] {logging_mixin.py:151} INFO - [2026-07-10T02:48:54.211+0000] {dagbag.py:539} INFO - Filling up the DagBag from /opt/airflow/dags/predict_daily.py
[2026-07-10T02:48:59.115+0000] {processor.py:841} WARNING - No viable dags retrieved from /opt/airflow/dags/predict_daily.py
[2026-07-10T02:48:59.144+0000] {processor.py:179} INFO - Processing /opt/airflow/dags/predict_daily.py took 4.947 seconds
[2026-07-10T02:49:29.663+0000] {processor.py:157} INFO - Started process (PID=22918) to work on /opt/airflow/dags/predict_daily.py
[2026-07-10T02:49:29.666+0000] {processor.py:829} INFO - Processing file /opt/airflow/dags/predict_daily.py for tasks to queue
[2026-07-10T02:49:29.668+0000] {logging_mixin.py:151} INFO - [2026-07-10T02:49:29.667+0000] {dagbag.py:539} INFO - Filling up the DagBag from /opt/airflow/dags/predict_daily.py
[2026-07-10T02:49:34.648+0000] {processor.py:841} WARNING - No viable dags retrieved from /opt/airflow/dags/predict_daily.py
[2026-07-10T02:49:34.674+0000] {processor.py:179} INFO - Processing /opt/airflow/dags/predict_daily.py took 5.023 seconds
[2026-07-10T02:50:05.137+0000] {processor.py:157} INFO - Started process (PID=22957) to work on /opt/airflow/dags/predict_daily.py
[2026-07-10T02:50:05.140+0000] {processor.py:829} INFO - Processing file /opt/airflow/dags/predict_daily.py for tasks to queue
[2026-07-10T02:50:05.143+0000] {logging_mixin.py:151} INFO - [2026-07-10T02:50:05.142+0000] {dagbag.py:539} INFO - Filling up the DagBag from /opt/airflow/dags/predict_daily.py
[2026-07-10T02:50:09.649+0000] {processor.py:841} WARNING - No viable dags retrieved from /opt/airflow/dags/predict_daily.py
[2026-07-10T02:50:09.668+0000] {processor.py:179} INFO - Processing /opt/airflow/dags/predict_daily.py took 4.538 seconds
[2026-07-10T02:50:40.446+0000] {processor.py:157} INFO - Started process (PID=22990) to work on /opt/airflow/dags/predict_daily.py
[2026-07-10T02:50:40.451+0000] {processor.py:829} INFO - Processing file /opt/airflow/dags/predict_daily.py for tasks to queue
[2026-07-10T02:50:40.453+0000] {logging_mixin.py:151} INFO - [2026-07-10T02:50:40.452+0000] {dagbag.py:539} INFO - Filling up the DagBag from /opt/airflow/dags/predict_daily.py
[2026-07-10T02:50:44.749+0000] {processor.py:841} WARNING - No viable dags retrieved from /opt/airflow/dags/predict_daily.py
[2026-07-10T02:50:44.769+0000] {processor.py:179} INFO - Processing /opt/airflow/dags/predict_daily.py took 4.336 seconds
[2026-07-10T02:51:15.381+0000] {processor.py:157} INFO - Started process (PID=23023) to work on /opt/airflow/dags/predict_daily.py
[2026-07-10T02:51:15.383+0000] {processor.py:829} INFO - Processing file /opt/airflow/dags/predict_daily.py for tasks to queue
[2026-07-10T02:51:15.386+0000] {logging_mixin.py:151} INFO - [2026-07-10T02:51:15.385+0000] {dagbag.py:539} INFO - Filling up the DagBag from /opt/airflow/dags/predict_daily.py
[2026-07-10T02:51:19.787+0000] {processor.py:841} WARNING - No viable dags retrieved from /opt/airflow/dags/predict_daily.py
[2026-07-10T02:51:19.808+0000] {processor.py:179} INFO - Processing /opt/airflow/dags/predict_daily.py took 4.437 seconds
[2026-07-10T02:51:50.686+0000] {processor.py:157} INFO - Started process (PID=23056) to work on /opt/airflow/dags/predict_daily.py
[2026-07-10T02:51:50.688+0000] {processor.py:829} INFO - Processing file /opt/airflow/dags/predict_daily.py for tasks to queue
[2026-07-10T02:51:50.689+0000] {logging_mixin.py:151} INFO - [2026-07-10T02:51:50.689+0000] {dagbag.py:539} INFO - Filling up the DagBag from /opt/airflow/dags/predict_daily.py
[2026-07-10T02:51:54.830+0000] {processor.py:841} WARNING - No viable dags retrieved from /opt/airflow/dags/predict_daily.py
[2026-07-10T02:51:54.852+0000] {processor.py:179} INFO - Processing /opt/airflow/dags/predict_daily.py took 4.171 seconds
[2026-07-10T02:52:25.073+0000] {processor.py:157} INFO - Started process (PID=23089) to work on /opt/airflow/dags/predict_daily.py
[2026-07-10T02:52:25.075+0000] {processor.py:829} INFO - Processing file /opt/airflow/dags/predict_daily.py for tasks to queue
[2026-07-10T02:52:25.076+0000] {logging_mixin.py:151} INFO - [2026-07-10T02:52:25.076+0000] {dagbag.py:539} INFO - Filling up the DagBag from /opt/airflow/dags/predict_daily.py
[2026-07-10T02:52:29.867+0000] {processor.py:841} WARNING - No viable dags retrieved from /opt/airflow/dags/predict_daily.py
[2026-07-10T02:52:29.923+0000] {processor.py:179} INFO - Processing /opt/airflow/dags/predict_daily.py took 4.860 seconds
[2026-07-10T02:53:00.152+0000] {processor.py:157} INFO - Started process (PID=23121) to work on /opt/airflow/dags/predict_daily.py
[2026-07-10T02:53:00.156+0000] {processor.py:829} INFO - Processing file /opt/airflow/dags/predict_daily.py for tasks to queue
[2026-07-10T02:53:00.160+0000] {logging_mixin.py:151} INFO - [2026-07-10T02:53:00.160+0000] {dagbag.py:539} INFO - Filling up the DagBag from /opt/airflow/dags/predict_daily.py
[2026-07-10T02:53:04.585+0000] {processor.py:841} WARNING - No viable dags retrieved from /opt/airflow/dags/predict_daily.py
[2026-07-10T02:53:04.612+0000] {processor.py:179} INFO - Processing /opt/airflow/dags/predict_daily.py took 4.467 seconds
[2026-07-10T02:53:35.320+0000] {processor.py:157} INFO - Started process (PID=23161) to work on /opt/airflow/dags/predict_daily.py
[2026-07-10T02:53:35.322+0000] {processor.py:829} INFO - Processing file /opt/airflow/dags/predict_daily.py for tasks to queue
[2026-07-10T02:53:35.324+0000] {logging_mixin.py:151} INFO - [2026-07-10T02:53:35.323+0000] {dagbag.py:539} INFO - Filling up the DagBag from /opt/airflow/dags/predict_daily.py
[2026-07-10T02:53:39.433+0000] {processor.py:841} WARNING - No viable dags retrieved from /opt/airflow/dags/predict_daily.py
[2026-07-10T02:53:39.460+0000] {processor.py:179} INFO - Processing /opt/airflow/dags/predict_daily.py took 4.148 seconds
[2026-07-10T02:54:09.933+0000] {processor.py:157} INFO - Started process (PID=23198) to work on /opt/airflow/dags/predict_daily.py
[2026-07-10T02:54:09.936+0000] {processor.py:829} INFO - Processing file /opt/airflow/dags/predict_daily.py for tasks to queue
[2026-07-10T02:54:09.938+0000] {logging_mixin.py:151} INFO - [2026-07-10T02:54:09.937+0000] {dagbag.py:539} INFO - Filling up the DagBag from /opt/airflow/dags/predict_daily.py
[2026-07-10T02:54:14.477+0000] {processor.py:841} WARNING - No viable dags retrieved from /opt/airflow/dags/predict_daily.py
[2026-07-10T02:54:14.507+0000] {processor.py:179} INFO - Processing /opt/airflow/dags/predict_daily.py took 4.584 seconds
[2026-07-10T02:54:45.359+0000] {processor.py:157} INFO - Started process (PID=23231) to work on /opt/airflow/dags/predict_daily.py
[2026-07-10T02:54:45.361+0000] {processor.py:829} INFO - Processing file /opt/airflow/dags/predict_daily.py for tasks to queue
[2026-07-10T02:54:45.362+0000] {logging_mixin.py:151} INFO - [2026-07-10T02:54:45.362+0000] {dagbag.py:539} INFO - Filling up the DagBag from /opt/airflow/dags/predict_daily.py
[2026-07-10T02:54:49.092+0000] {processor.py:841} WARNING - No viable dags retrieved from /opt/airflow/dags/predict_daily.py
[2026-07-10T02:54:49.110+0000] {processor.py:179} INFO - Processing /opt/airflow/dags/predict_daily.py took 3.757 seconds
[2026-07-10T02:55:19.837+0000] {processor.py:157} INFO - Started process (PID=23264) to work on /opt/airflow/dags/predict_daily.py
[2026-07-10T02:55:19.839+0000] {processor.py:829} INFO - Processing file /opt/airflow/dags/predict_daily.py for tasks to queue
[2026-07-10T02:55:19.840+0000] {logging_mixin.py:151} INFO - [2026-07-10T02:55:19.840+0000] {dagbag.py:539} INFO - Filling up the DagBag from /opt/airflow/dags/predict_daily.py
[2026-07-10T02:55:23.143+0000] {processor.py:841} WARNING - No viable dags retrieved from /opt/airflow/dags/predict_daily.py
[2026-07-10T02:55:23.157+0000] {processor.py:179} INFO - Processing /opt/airflow/dags/predict_daily.py took 3.329 seconds
[2026-07-10T02:55:54.099+0000] {processor.py:157} INFO - Started process (PID=23297) to work on /opt/airflow/dags/predict_daily.py
[2026-07-10T02:55:54.101+0000] {processor.py:829} INFO - Processing file /opt/airflow/dags/predict_daily.py for tasks to queue
[2026-07-10T02:55:54.104+0000] {logging_mixin.py:151} INFO - [2026-07-10T02:55:54.103+0000] {dagbag.py:539} INFO - Filling up the DagBag from /opt/airflow/dags/predict_daily.py
[2026-07-10T02:55:59.116+0000] {processor.py:841} WARNING - No viable dags retrieved from /opt/airflow/dags/predict_daily.py
[2026-07-10T02:55:59.170+0000] {processor.py:179} INFO - Processing /opt/airflow/dags/predict_daily.py took 5.085 seconds
[2026-07-10T02:56:29.579+0000] {processor.py:157} INFO - Started process (PID=23330) to work on /opt/airflow/dags/predict_daily.py
[2026-07-10T02:56:29.582+0000] {processor.py:829} INFO - Processing file /opt/airflow/dags/predict_daily.py for tasks to queue
[2026-07-10T02:56:29.584+0000] {logging_mixin.py:151} INFO - [2026-07-10T02:56:29.583+0000] {dagbag.py:539} INFO - Filling up the DagBag from /opt/airflow/dags/predict_daily.py
[2026-07-10T02:56:33.559+0000] {processor.py:841} WARNING - No viable dags retrieved from /opt/airflow/dags/predict_daily.py
[2026-07-10T02:56:33.579+0000] {processor.py:179} INFO - Processing /opt/airflow/dags/predict_daily.py took 4.008 seconds
[2026-07-10T02:57:03.998+0000] {processor.py:157} INFO - Started process (PID=23370) to work on /opt/airflow/dags/predict_daily.py
[2026-07-10T02:57:04.000+0000] {processor.py:829} INFO - Processing file /opt/airflow/dags/predict_daily.py for tasks to queue
[2026-07-10T02:57:04.001+0000] {logging_mixin.py:151} INFO - [2026-07-10T02:57:04.001+0000] {dagbag.py:539} INFO - Filling up the DagBag from /opt/airflow/dags/predict_daily.py
[2026-07-10T02:57:07.991+0000] {processor.py:841} WARNING - No viable dags retrieved from /opt/airflow/dags/predict_daily.py
[2026-07-10T02:57:08.013+0000] {processor.py:179} INFO - Processing /opt/airflow/dags/predict_daily.py took 4.019 seconds
[2026-07-10T02:57:38.633+0000] {processor.py:157} INFO - Started process (PID=23404) to work on /opt/airflow/dags/predict_daily.py
[2026-07-10T02:57:38.636+0000] {processor.py:829} INFO - Processing file /opt/airflow/dags/predict_daily.py for tasks to queue
[2026-07-10T02:57:38.638+0000] {logging_mixin.py:151} INFO - [2026-07-10T02:57:38.637+0000] {dagbag.py:539} INFO - Filling up the DagBag from /opt/airflow/dags/predict_daily.py
[2026-07-10T02:57:42.546+0000] {processor.py:841} WARNING - No viable dags retrieved from /opt/airflow/dags/predict_daily.py
[2026-07-10T02:57:42.563+0000] {processor.py:179} INFO - Processing /opt/airflow/dags/predict_daily.py took 3.937 seconds
[2026-07-10T02:58:13.202+0000] {processor.py:157} INFO - Started process (PID=23442) to work on /opt/airflow/dags/predict_daily.py
[2026-07-10T02:58:13.205+0000] {processor.py:829} INFO - Processing file /opt/airflow/dags/predict_daily.py for tasks to queue
[2026-07-10T02:58:13.207+0000] {logging_mixin.py:151} INFO - [2026-07-10T02:58:13.206+0000] {dagbag.py:539} INFO - Filling up the DagBag from /opt/airflow/dags/predict_daily.py
[2026-07-10T02:58:17.441+0000] {processor.py:841} WARNING - No viable dags retrieved from /opt/airflow/dags/predict_daily.py
[2026-07-10T02:58:17.463+0000] {processor.py:179} INFO - Processing /opt/airflow/dags/predict_daily.py took 4.268 seconds
[2026-07-10T02:58:47.836+0000] {processor.py:157} INFO - Started process (PID=23475) to work on /opt/airflow/dags/predict_daily.py
[2026-07-10T02:58:47.838+0000] {processor.py:829} INFO - Processing file /opt/airflow/dags/predict_daily.py for tasks to queue
[2026-07-10T02:58:47.844+0000] {logging_mixin.py:151} INFO - [2026-07-10T02:58:47.843+0000] {dagbag.py:539} INFO - Filling up the DagBag from /opt/airflow/dags/predict_daily.py
[2026-07-10T02:58:51.680+0000] {processor.py:841} WARNING - No viable dags retrieved from /opt/airflow/dags/predict_daily.py
[2026-07-10T02:58:51.699+0000] {processor.py:179} INFO - Processing /opt/airflow/dags/predict_daily.py took 3.869 seconds
[2026-07-10T02:59:22.769+0000] {processor.py:157} INFO - Started process (PID=23508) to work on /opt/airflow/dags/predict_daily.py
[2026-07-10T02:59:22.772+0000] {processor.py:829} INFO - Processing file /opt/airflow/dags/predict_daily.py for tasks to queue
[2026-07-10T02:59:22.774+0000] {logging_mixin.py:151} INFO - [2026-07-10T02:59:22.774+0000] {dagbag.py:539} INFO - Filling up the DagBag from /opt/airflow/dags/predict_daily.py
[2026-07-10T02:59:27.209+0000] {processor.py:841} WARNING - No viable dags retrieved from /opt/airflow/dags/predict_daily.py
[2026-07-10T02:59:27.226+0000] {processor.py:179} INFO - Processing /opt/airflow/dags/predict_daily.py took 4.463 seconds
[2026-07-10T02:59:58.172+0000] {processor.py:157} INFO - Started process (PID=23541) to work on /opt/airflow/dags/predict_daily.py
[2026-07-10T02:59:58.175+0000] {processor.py:829} INFO - Processing file /opt/airflow/dags/predict_daily.py for tasks to queue
[2026-07-10T02:59:58.177+0000] {logging_mixin.py:151} INFO - [2026-07-10T02:59:58.176+0000] {dagbag.py:539} INFO - Filling up the DagBag from /opt/airflow/dags/predict_daily.py
[2026-07-10T03:00:02.414+0000] {processor.py:841} WARNING - No viable dags retrieved from /opt/airflow/dags/predict_daily.py
[2026-07-10T03:00:02.435+0000] {processor.py:179} INFO - Processing /opt/airflow/dags/predict_daily.py took 4.272 seconds
[2026-07-10T03:00:32.671+0000] {processor.py:157} INFO - Started process (PID=23581) to work on /opt/airflow/dags/predict_daily.py
[2026-07-10T03:00:32.674+0000] {processor.py:829} INFO - Processing file /opt/airflow/dags/predict_daily.py for tasks to queue
[2026-07-10T03:00:32.676+0000] {logging_mixin.py:151} INFO - [2026-07-10T03:00:32.675+0000] {dagbag.py:539} INFO - Filling up the DagBag from /opt/airflow/dags/predict_daily.py
[2026-07-10T03:00:36.390+0000] {processor.py:841} WARNING - No viable dags retrieved from /opt/airflow/dags/predict_daily.py
[2026-07-10T03:00:36.412+0000] {processor.py:179} INFO - Processing /opt/airflow/dags/predict_daily.py took 3.748 seconds
[2026-07-10T03:01:06.896+0000] {processor.py:157} INFO - Started process (PID=23614) to work on /opt/airflow/dags/predict_daily.py
[2026-07-10T03:01:06.899+0000] {processor.py:829} INFO - Processing file /opt/airflow/dags/predict_daily.py for tasks to queue
[2026-07-10T03:01:06.902+0000] {logging_mixin.py:151} INFO - [2026-07-10T03:01:06.901+0000] {dagbag.py:539} INFO - Filling up the DagBag from /opt/airflow/dags/predict_daily.py
[2026-07-10T03:01:10.881+0000] {processor.py:841} WARNING - No viable dags retrieved from /opt/airflow/dags/predict_daily.py
[2026-07-10T03:01:10.904+0000] {processor.py:179} INFO - Processing /opt/airflow/dags/predict_daily.py took 4.017 seconds
[2026-07-10T03:01:41.275+0000] {processor.py:157} INFO - Started process (PID=23647) to work on /opt/airflow/dags/predict_daily.py
[2026-07-10T03:01:41.278+0000] {processor.py:829} INFO - Processing file /opt/airflow/dags/predict_daily.py for tasks to queue
[2026-07-10T03:01:41.280+0000] {logging_mixin.py:151} INFO - [2026-07-10T03:01:41.279+0000] {dagbag.py:539} INFO - Filling up the DagBag from /opt/airflow/dags/predict_daily.py
[2026-07-10T03:01:44.919+0000] {processor.py:841} WARNING - No viable dags retrieved from /opt/airflow/dags/predict_daily.py
[2026-07-10T03:01:44.936+0000] {processor.py:179} INFO - Processing /opt/airflow/dags/predict_daily.py took 3.670 seconds
[2026-07-10T03:02:15.625+0000] {processor.py:157} INFO - Started process (PID=23680) to work on /opt/airflow/dags/predict_daily.py
[2026-07-10T03:02:15.627+0000] {processor.py:829} INFO - Processing file /opt/airflow/dags/predict_daily.py for tasks to queue
[2026-07-10T03:02:15.629+0000] {logging_mixin.py:151} INFO - [2026-07-10T03:02:15.628+0000] {dagbag.py:539} INFO - Filling up the DagBag from /opt/airflow/dags/predict_daily.py
[2026-07-10T03:02:19.490+0000] {processor.py:841} WARNING - No viable dags retrieved from /opt/airflow/dags/predict_daily.py
[2026-07-10T03:02:19.520+0000] {processor.py:179} INFO - Processing /opt/airflow/dags/predict_daily.py took 3.902 seconds
[2026-07-10T03:02:50.173+0000] {processor.py:157} INFO - Started process (PID=23718) to work on /opt/airflow/dags/predict_daily.py
[2026-07-10T03:02:50.175+0000] {processor.py:829} INFO - Processing file /opt/airflow/dags/predict_daily.py for tasks to queue
[2026-07-10T03:02:50.176+0000] {logging_mixin.py:151} INFO - [2026-07-10T03:02:50.176+0000] {dagbag.py:539} INFO - Filling up the DagBag from /opt/airflow/dags/predict_daily.py
[2026-07-10T03:02:54.137+0000] {processor.py:841} WARNING - No viable dags retrieved from /opt/airflow/dags/predict_daily.py
[2026-07-10T03:02:54.199+0000] {processor.py:179} INFO - Processing /opt/airflow/dags/predict_daily.py took 4.032 seconds
[2026-07-10T03:03:24.896+0000] {processor.py:157} INFO - Started process (PID=23751) to work on /opt/airflow/dags/predict_daily.py
[2026-07-10T03:03:24.900+0000] {processor.py:829} INFO - Processing file /opt/airflow/dags/predict_daily.py for tasks to queue
[2026-07-10T03:03:24.903+0000] {logging_mixin.py:151} INFO - [2026-07-10T03:03:24.902+0000] {dagbag.py:539} INFO - Filling up the DagBag from /opt/airflow/dags/predict_daily.py
[2026-07-10T03:03:28.947+0000] {processor.py:841} WARNING - No viable dags retrieved from /opt/airflow/dags/predict_daily.py
[2026-07-10T03:03:28.980+0000] {processor.py:179} INFO - Processing /opt/airflow/dags/predict_daily.py took 4.092 seconds
[2026-07-10T03:03:59.496+0000] {processor.py:157} INFO - Started process (PID=23784) to work on /opt/airflow/dags/predict_daily.py
[2026-07-10T03:03:59.498+0000] {processor.py:829} INFO - Processing file /opt/airflow/dags/predict_daily.py for tasks to queue
[2026-07-10T03:03:59.499+0000] {logging_mixin.py:151} INFO - [2026-07-10T03:03:59.499+0000] {dagbag.py:539} INFO - Filling up the DagBag from /opt/airflow/dags/predict_daily.py
[2026-07-10T03:04:03.227+0000] {processor.py:841} WARNING - No viable dags retrieved from /opt/airflow/dags/predict_daily.py
[2026-07-10T03:04:03.249+0000] {processor.py:179} INFO - Processing /opt/airflow/dags/predict_daily.py took 3.759 seconds
[2026-07-10T03:04:34.148+0000] {processor.py:157} INFO - Started process (PID=23824) to work on /opt/airflow/dags/predict_daily.py
[2026-07-10T03:04:34.151+0000] {processor.py:829} INFO - Processing file /opt/airflow/dags/predict_daily.py for tasks to queue
[2026-07-10T03:04:34.153+0000] {logging_mixin.py:151} INFO - [2026-07-10T03:04:34.152+0000] {dagbag.py:539} INFO - Filling up the DagBag from /opt/airflow/dags/predict_daily.py
[2026-07-10T03:04:37.794+0000] {processor.py:841} WARNING - No viable dags retrieved from /opt/airflow/dags/predict_daily.py
[2026-07-10T03:04:37.812+0000] {processor.py:179} INFO - Processing /opt/airflow/dags/predict_daily.py took 3.669 seconds
[2026-07-10T03:05:08.304+0000] {processor.py:157} INFO - Started process (PID=23857) to work on /opt/airflow/dags/predict_daily.py
[2026-07-10T03:05:08.307+0000] {processor.py:829} INFO - Processing file /opt/airflow/dags/predict_daily.py for tasks to queue
[2026-07-10T03:05:08.309+0000] {logging_mixin.py:151} INFO - [2026-07-10T03:05:08.308+0000] {dagbag.py:539} INFO - Filling up the DagBag from /opt/airflow/dags/predict_daily.py
[2026-07-10T03:05:11.956+0000] {processor.py:841} WARNING - No viable dags retrieved from /opt/airflow/dags/predict_daily.py
[2026-07-10T03:05:11.974+0000] {processor.py:179} INFO - Processing /opt/airflow/dags/predict_daily.py took 3.676 seconds
[2026-07-10T03:05:42.732+0000] {processor.py:157} INFO - Started process (PID=23890) to work on /opt/airflow/dags/predict_daily.py
[2026-07-10T03:05:42.734+0000] {processor.py:829} INFO - Processing file /opt/airflow/dags/predict_daily.py for tasks to queue
[2026-07-10T03:05:42.736+0000] {logging_mixin.py:151} INFO - [2026-07-10T03:05:42.735+0000] {dagbag.py:539} INFO - Filling up the DagBag from /opt/airflow/dags/predict_daily.py
[2026-07-10T03:05:46.488+0000] {processor.py:841} WARNING - No viable dags retrieved from /opt/airflow/dags/predict_daily.py
[2026-07-10T03:05:46.503+0000] {processor.py:179} INFO - Processing /opt/airflow/dags/predict_daily.py took 3.779 seconds
[2026-07-10T03:06:17.502+0000] {processor.py:157} INFO - Started process (PID=23923) to work on /opt/airflow/dags/predict_daily.py
[2026-07-10T03:06:17.505+0000] {processor.py:829} INFO - Processing file /opt/airflow/dags/predict_daily.py for tasks to queue
[2026-07-10T03:06:17.507+0000] {logging_mixin.py:151} INFO - [2026-07-10T03:06:17.506+0000] {dagbag.py:539} INFO - Filling up the DagBag from /opt/airflow/dags/predict_daily.py
[2026-07-10T03:06:21.519+0000] {processor.py:841} WARNING - No viable dags retrieved from /opt/airflow/dags/predict_daily.py
[2026-07-10T03:06:21.543+0000] {processor.py:179} INFO - Processing /opt/airflow/dags/predict_daily.py took 4.048 seconds
[2026-07-10T03:06:52.101+0000] {processor.py:157} INFO - Started process (PID=23956) to work on /opt/airflow/dags/predict_daily.py
[2026-07-10T03:06:52.103+0000] {processor.py:829} INFO - Processing file /opt/airflow/dags/predict_daily.py for tasks to queue
[2026-07-10T03:06:52.105+0000] {logging_mixin.py:151} INFO - [2026-07-10T03:06:52.104+0000] {dagbag.py:539} INFO - Filling up the DagBag from /opt/airflow/dags/predict_daily.py
[2026-07-10T03:06:55.859+0000] {processor.py:841} WARNING - No viable dags retrieved from /opt/airflow/dags/predict_daily.py
[2026-07-10T03:06:55.882+0000] {processor.py:179} INFO - Processing /opt/airflow/dags/predict_daily.py took 3.788 seconds
[2026-07-10T03:07:26.651+0000] {processor.py:157} INFO - Started process (PID=23989) to work on /opt/airflow/dags/predict_daily.py
[2026-07-10T03:07:26.653+0000] {processor.py:829} INFO - Processing file /opt/airflow/dags/predict_daily.py for tasks to queue
[2026-07-10T03:07:26.655+0000] {logging_mixin.py:151} INFO - [2026-07-10T03:07:26.654+0000] {dagbag.py:539} INFO - Filling up the DagBag from /opt/airflow/dags/predict_daily.py
[2026-07-10T03:07:30.287+0000] {processor.py:841} WARNING - No viable dags retrieved from /opt/airflow/dags/predict_daily.py
[2026-07-10T03:07:30.308+0000] {processor.py:179} INFO - Processing /opt/airflow/dags/predict_daily.py took 3.664 seconds
[2026-07-10T03:08:01.184+0000] {processor.py:157} INFO - Started process (PID=24027) to work on /opt/airflow/dags/predict_daily.py
[2026-07-10T03:08:01.186+0000] {processor.py:829} INFO - Processing file /opt/airflow/dags/predict_daily.py for tasks to queue
[2026-07-10T03:08:01.188+0000] {logging_mixin.py:151} INFO - [2026-07-10T03:08:01.187+0000] {dagbag.py:539} INFO - Filling up the DagBag from /opt/airflow/dags/predict_daily.py
[2026-07-10T03:08:03.721+0000] {processor.py:841} WARNING - No viable dags retrieved from /opt/airflow/dags/predict_daily.py
[2026-07-10T03:08:03.739+0000] {processor.py:179} INFO - Processing /opt/airflow/dags/predict_daily.py took 2.564 seconds
[2026-07-10T03:08:34.334+0000] {processor.py:157} INFO - Started process (PID=24061) to work on /opt/airflow/dags/predict_daily.py
[2026-07-10T03:08:34.336+0000] {processor.py:829} INFO - Processing file /opt/airflow/dags/predict_daily.py for tasks to queue
[2026-07-10T03:08:34.337+0000] {logging_mixin.py:151} INFO - [2026-07-10T03:08:34.337+0000] {dagbag.py:539} INFO - Filling up the DagBag from /opt/airflow/dags/predict_daily.py
[2026-07-10T03:08:38.332+0000] {processor.py:841} WARNING - No viable dags retrieved from /opt/airflow/dags/predict_daily.py
[2026-07-10T03:08:38.350+0000] {processor.py:179} INFO - Processing /opt/airflow/dags/predict_daily.py took 4.022 seconds
[2026-07-10T03:09:09.024+0000] {processor.py:157} INFO - Started process (PID=24101) to work on /opt/airflow/dags/predict_daily.py
[2026-07-10T03:09:09.027+0000] {processor.py:829} INFO - Processing file /opt/airflow/dags/predict_daily.py for tasks to queue
[2026-07-10T03:09:09.029+0000] {logging_mixin.py:151} INFO - [2026-07-10T03:09:09.028+0000] {dagbag.py:539} INFO - Filling up the DagBag from /opt/airflow/dags/predict_daily.py
[2026-07-10T03:09:13.462+0000] {processor.py:841} WARNING - No viable dags retrieved from /opt/airflow/dags/predict_daily.py
[2026-07-10T03:09:13.499+0000] {processor.py:179} INFO - Processing /opt/airflow/dags/predict_daily.py took 4.484 seconds
[2026-07-10T03:09:44.320+0000] {processor.py:157} INFO - Started process (PID=24134) to work on /opt/airflow/dags/predict_daily.py
[2026-07-10T03:09:44.322+0000] {processor.py:829} INFO - Processing file /opt/airflow/dags/predict_daily.py for tasks to queue
[2026-07-10T03:09:44.324+0000] {logging_mixin.py:151} INFO - [2026-07-10T03:09:44.323+0000] {dagbag.py:539} INFO - Filling up the DagBag from /opt/airflow/dags/predict_daily.py
[2026-07-10T03:09:49.252+0000] {processor.py:841} WARNING - No viable dags retrieved from /opt/airflow/dags/predict_daily.py
[2026-07-10T03:09:49.284+0000] {processor.py:179} INFO - Processing /opt/airflow/dags/predict_daily.py took 4.971 seconds
[2026-07-10T03:10:19.867+0000] {processor.py:157} INFO - Started process (PID=24167) to work on /opt/airflow/dags/predict_daily.py
[2026-07-10T03:10:19.870+0000] {processor.py:829} INFO - Processing file /opt/airflow/dags/predict_daily.py for tasks to queue
[2026-07-10T03:10:19.873+0000] {logging_mixin.py:151} INFO - [2026-07-10T03:10:19.872+0000] {dagbag.py:539} INFO - Filling up the DagBag from /opt/airflow/dags/predict_daily.py
[2026-07-10T03:10:24.362+0000] {processor.py:841} WARNING - No viable dags retrieved from /opt/airflow/dags/predict_daily.py
[2026-07-10T03:10:24.382+0000] {processor.py:179} INFO - Processing /opt/airflow/dags/predict_daily.py took 4.522 seconds
[2026-07-10T03:10:54.533+0000] {processor.py:157} INFO - Started process (PID=24200) to work on /opt/airflow/dags/predict_daily.py
[2026-07-10T03:10:54.535+0000] {processor.py:829} INFO - Processing file /opt/airflow/dags/predict_daily.py for tasks to queue
[2026-07-10T03:10:54.536+0000] {logging_mixin.py:151} INFO - [2026-07-10T03:10:54.536+0000] {dagbag.py:539} INFO - Filling up the DagBag from /opt/airflow/dags/predict_daily.py
[2026-07-10T03:10:58.767+0000] {processor.py:841} WARNING - No viable dags retrieved from /opt/airflow/dags/predict_daily.py
[2026-07-10T03:10:58.789+0000] {processor.py:179} INFO - Processing /opt/airflow/dags/predict_daily.py took 4.268 seconds
[2026-07-10T03:11:29.418+0000] {processor.py:157} INFO - Started process (PID=24233) to work on /opt/airflow/dags/predict_daily.py
[2026-07-10T03:11:29.421+0000] {processor.py:829} INFO - Processing file /opt/airflow/dags/predict_daily.py for tasks to queue
[2026-07-10T03:11:29.423+0000] {logging_mixin.py:151} INFO - [2026-07-10T03:11:29.422+0000] {dagbag.py:539} INFO - Filling up the DagBag from /opt/airflow/dags/predict_daily.py
[2026-07-10T03:11:33.876+0000] {processor.py:841} WARNING - No viable dags retrieved from /opt/airflow/dags/predict_daily.py
[2026-07-10T03:11:33.916+0000] {processor.py:179} INFO - Processing /opt/airflow/dags/predict_daily.py took 4.505 seconds
[2026-07-10T03:12:04.499+0000] {processor.py:157} INFO - Started process (PID=24271) to work on /opt/airflow/dags/predict_daily.py
[2026-07-10T03:12:04.501+0000] {processor.py:829} INFO - Processing file /opt/airflow/dags/predict_daily.py for tasks to queue
[2026-07-10T03:12:04.504+0000] {logging_mixin.py:151} INFO - [2026-07-10T03:12:04.503+0000] {dagbag.py:539} INFO - Filling up the DagBag from /opt/airflow/dags/predict_daily.py
[2026-07-10T03:12:09.047+0000] {processor.py:841} WARNING - No viable dags retrieved from /opt/airflow/dags/predict_daily.py
[2026-07-10T03:12:09.065+0000] {processor.py:179} INFO - Processing /opt/airflow/dags/predict_daily.py took 4.575 seconds
[2026-07-10T03:12:40.163+0000] {processor.py:157} INFO - Started process (PID=24312) to work on /opt/airflow/dags/predict_daily.py
[2026-07-10T03:12:40.165+0000] {processor.py:829} INFO - Processing file /opt/airflow/dags/predict_daily.py for tasks to queue
[2026-07-10T03:12:40.167+0000] {logging_mixin.py:151} INFO - [2026-07-10T03:12:40.167+0000] {dagbag.py:539} INFO - Filling up the DagBag from /opt/airflow/dags/predict_daily.py
[2026-07-10T03:12:44.583+0000] {processor.py:841} WARNING - No viable dags retrieved from /opt/airflow/dags/predict_daily.py
[2026-07-10T03:12:44.608+0000] {processor.py:179} INFO - Processing /opt/airflow/dags/predict_daily.py took 4.443 seconds
[2026-07-10T03:13:14.916+0000] {processor.py:157} INFO - Started process (PID=24344) to work on /opt/airflow/dags/predict_daily.py
[2026-07-10T03:13:14.917+0000] {processor.py:829} INFO - Processing file /opt/airflow/dags/predict_daily.py for tasks to queue
[2026-07-10T03:13:14.920+0000] {logging_mixin.py:151} INFO - [2026-07-10T03:13:14.919+0000] {dagbag.py:539} INFO - Filling up the DagBag from /opt/airflow/dags/predict_daily.py
[2026-07-10T03:13:19.197+0000] {processor.py:841} WARNING - No viable dags retrieved from /opt/airflow/dags/predict_daily.py
[2026-07-10T03:13:19.216+0000] {processor.py:179} INFO - Processing /opt/airflow/dags/predict_daily.py took 4.304 seconds
[2026-07-10T03:13:49.735+0000] {processor.py:157} INFO - Started process (PID=24377) to work on /opt/airflow/dags/predict_daily.py
[2026-07-10T03:13:49.738+0000] {processor.py:829} INFO - Processing file /opt/airflow/dags/predict_daily.py for tasks to queue
[2026-07-10T03:13:49.740+0000] {logging_mixin.py:151} INFO - [2026-07-10T03:13:49.739+0000] {dagbag.py:539} INFO - Filling up the DagBag from /opt/airflow/dags/predict_daily.py
[2026-07-10T03:13:53.942+0000] {processor.py:841} WARNING - No viable dags retrieved from /opt/airflow/dags/predict_daily.py
[2026-07-10T03:13:53.963+0000] {processor.py:179} INFO - Processing /opt/airflow/dags/predict_daily.py took 4.235 seconds
[2026-07-10T03:14:24.721+0000] {processor.py:157} INFO - Started process (PID=24411) to work on /opt/airflow/dags/predict_daily.py
[2026-07-10T03:14:24.723+0000] {processor.py:829} INFO - Processing file /opt/airflow/dags/predict_daily.py for tasks to queue
[2026-07-10T03:14:24.725+0000] {logging_mixin.py:151} INFO - [2026-07-10T03:14:24.724+0000] {dagbag.py:539} INFO - Filling up the DagBag from /opt/airflow/dags/predict_daily.py
[2026-07-10T03:14:27.546+0000] {processor.py:841} WARNING - No viable dags retrieved from /opt/airflow/dags/predict_daily.py
[2026-07-10T03:14:27.569+0000] {processor.py:179} INFO - Processing /opt/airflow/dags/predict_daily.py took 2.855 seconds
[2026-07-10T03:14:57.950+0000] {processor.py:157} INFO - Started process (PID=24444) to work on /opt/airflow/dags/predict_daily.py
[2026-07-10T03:14:57.952+0000] {processor.py:829} INFO - Processing file /opt/airflow/dags/predict_daily.py for tasks to queue
[2026-07-10T03:14:57.954+0000] {logging_mixin.py:151} INFO - [2026-07-10T03:14:57.954+0000] {dagbag.py:539} INFO - Filling up the DagBag from /opt/airflow/dags/predict_daily.py
[2026-07-10T03:15:02.478+0000] {processor.py:841} WARNING - No viable dags retrieved from /opt/airflow/dags/predict_daily.py
[2026-07-10T03:15:02.508+0000] {processor.py:179} INFO - Processing /opt/airflow/dags/predict_daily.py took 4.566 seconds
[2026-07-10T03:15:32.775+0000] {processor.py:157} INFO - Started process (PID=24477) to work on /opt/airflow/dags/predict_daily.py
[2026-07-10T03:15:32.777+0000] {processor.py:829} INFO - Processing file /opt/airflow/dags/predict_daily.py for tasks to queue
[2026-07-10T03:15:32.779+0000] {logging_mixin.py:151} INFO - [2026-07-10T03:15:32.779+0000] {dagbag.py:539} INFO - Filling up the DagBag from /opt/airflow/dags/predict_daily.py
[2026-07-10T03:15:36.646+0000] {processor.py:841} WARNING - No viable dags retrieved from /opt/airflow/dags/predict_daily.py
[2026-07-10T03:15:36.667+0000] {processor.py:179} INFO - Processing /opt/airflow/dags/predict_daily.py took 3.897 seconds
[2026-07-10T03:16:07.271+0000] {processor.py:157} INFO - Started process (PID=24522) to work on /opt/airflow/dags/predict_daily.py
[2026-07-10T03:16:07.273+0000] {processor.py:829} INFO - Processing file /opt/airflow/dags/predict_daily.py for tasks to queue
[2026-07-10T03:16:07.275+0000] {logging_mixin.py:151} INFO - [2026-07-10T03:16:07.275+0000] {dagbag.py:539} INFO - Filling up the DagBag from /opt/airflow/dags/predict_daily.py
[2026-07-10T03:16:11.391+0000] {processor.py:841} WARNING - No viable dags retrieved from /opt/airflow/dags/predict_daily.py
[2026-07-10T03:16:11.425+0000] {processor.py:179} INFO - Processing /opt/airflow/dags/predict_daily.py took 4.159 seconds
[2026-07-10T03:16:42.157+0000] {processor.py:157} INFO - Started process (PID=24555) to work on /opt/airflow/dags/predict_daily.py
[2026-07-10T03:16:42.161+0000] {processor.py:829} INFO - Processing file /opt/airflow/dags/predict_daily.py for tasks to queue
[2026-07-10T03:16:42.165+0000] {logging_mixin.py:151} INFO - [2026-07-10T03:16:42.164+0000] {dagbag.py:539} INFO - Filling up the DagBag from /opt/airflow/dags/predict_daily.py
[2026-07-10T03:16:47.187+0000] {processor.py:841} WARNING - No viable dags retrieved from /opt/airflow/dags/predict_daily.py
[2026-07-10T03:16:47.223+0000] {processor.py:179} INFO - Processing /opt/airflow/dags/predict_daily.py took 5.085 seconds
[2026-07-10T03:17:17.725+0000] {processor.py:157} INFO - Started process (PID=24588) to work on /opt/airflow/dags/predict_daily.py
[2026-07-10T03:17:17.728+0000] {processor.py:829} INFO - Processing file /opt/airflow/dags/predict_daily.py for tasks to queue
[2026-07-10T03:17:17.730+0000] {logging_mixin.py:151} INFO - [2026-07-10T03:17:17.729+0000] {dagbag.py:539} INFO - Filling up the DagBag from /opt/airflow/dags/predict_daily.py
[2026-07-10T03:17:21.841+0000] {processor.py:841} WARNING - No viable dags retrieved from /opt/airflow/dags/predict_daily.py
[2026-07-10T03:17:21.866+0000] {processor.py:179} INFO - Processing /opt/airflow/dags/predict_daily.py took 4.147 seconds
[2026-07-10T03:17:52.378+0000] {processor.py:157} INFO - Started process (PID=24621) to work on /opt/airflow/dags/predict_daily.py
[2026-07-10T03:17:52.380+0000] {processor.py:829} INFO - Processing file /opt/airflow/dags/predict_daily.py for tasks to queue
[2026-07-10T03:17:52.382+0000] {logging_mixin.py:151} INFO - [2026-07-10T03:17:52.381+0000] {dagbag.py:539} INFO - Filling up the DagBag from /opt/airflow/dags/predict_daily.py
[2026-07-10T03:17:56.815+0000] {processor.py:841} WARNING - No viable dags retrieved from /opt/airflow/dags/predict_daily.py
[2026-07-10T03:17:56.839+0000] {processor.py:179} INFO - Processing /opt/airflow/dags/predict_daily.py took 4.466 seconds
[2026-07-10T03:18:27.178+0000] {processor.py:157} INFO - Started process (PID=24654) to work on /opt/airflow/dags/predict_daily.py
[2026-07-10T03:18:27.181+0000] {processor.py:829} INFO - Processing file /opt/airflow/dags/predict_daily.py for tasks to queue
[2026-07-10T03:18:27.183+0000] {logging_mixin.py:151} INFO - [2026-07-10T03:18:27.183+0000] {dagbag.py:539} INFO - Filling up the DagBag from /opt/airflow/dags/predict_daily.py
[2026-07-10T03:18:30.930+0000] {processor.py:841} WARNING - No viable dags retrieved from /opt/airflow/dags/predict_daily.py
[2026-07-10T03:18:30.954+0000] {processor.py:179} INFO - Processing /opt/airflow/dags/predict_daily.py took 3.781 seconds
[2026-07-10T03:19:01.804+0000] {processor.py:157} INFO - Started process (PID=24687) to work on /opt/airflow/dags/predict_daily.py
[2026-07-10T03:19:01.807+0000] {processor.py:829} INFO - Processing file /opt/airflow/dags/predict_daily.py for tasks to queue
[2026-07-10T03:19:01.809+0000] {logging_mixin.py:151} INFO - [2026-07-10T03:19:01.808+0000] {dagbag.py:539} INFO - Filling up the DagBag from /opt/airflow/dags/predict_daily.py
[2026-07-10T03:19:06.816+0000] {processor.py:841} WARNING - No viable dags retrieved from /opt/airflow/dags/predict_daily.py
[2026-07-10T03:19:06.839+0000] {processor.py:179} INFO - Processing /opt/airflow/dags/predict_daily.py took 5.044 seconds
[2026-07-10T03:19:37.239+0000] {processor.py:157} INFO - Started process (PID=24727) to work on /opt/airflow/dags/predict_daily.py
[2026-07-10T03:19:37.241+0000] {processor.py:829} INFO - Processing file /opt/airflow/dags/predict_daily.py for tasks to queue
[2026-07-10T03:19:37.243+0000] {logging_mixin.py:151} INFO - [2026-07-10T03:19:37.242+0000] {dagbag.py:539} INFO - Filling up the DagBag from /opt/airflow/dags/predict_daily.py
[2026-07-10T03:19:41.444+0000] {processor.py:841} WARNING - No viable dags retrieved from /opt/airflow/dags/predict_daily.py
[2026-07-10T03:19:41.463+0000] {processor.py:179} INFO - Processing /opt/airflow/dags/predict_daily.py took 4.229 seconds
[2026-07-10T03:20:12.162+0000] {processor.py:157} INFO - Started process (PID=24760) to work on /opt/airflow/dags/predict_daily.py
[2026-07-10T03:20:12.164+0000] {processor.py:829} INFO - Processing file /opt/airflow/dags/predict_daily.py for tasks to queue
[2026-07-10T03:20:12.167+0000] {logging_mixin.py:151} INFO - [2026-07-10T03:20:12.166+0000] {dagbag.py:539} INFO - Filling up the DagBag from /opt/airflow/dags/predict_daily.py
[2026-07-10T03:20:16.304+0000] {processor.py:841} WARNING - No viable dags retrieved from /opt/airflow/dags/predict_daily.py
[2026-07-10T03:20:16.322+0000] {processor.py:179} INFO - Processing /opt/airflow/dags/predict_daily.py took 4.170 seconds
[2026-07-10T03:20:46.530+0000] {processor.py:157} INFO - Started process (PID=24798) to work on /opt/airflow/dags/predict_daily.py
[2026-07-10T03:20:46.533+0000] {processor.py:829} INFO - Processing file /opt/airflow/dags/predict_daily.py for tasks to queue
[2026-07-10T03:20:46.536+0000] {logging_mixin.py:151} INFO - [2026-07-10T03:20:46.535+0000] {dagbag.py:539} INFO - Filling up the DagBag from /opt/airflow/dags/predict_daily.py
[2026-07-10T03:20:50.894+0000] {processor.py:841} WARNING - No viable dags retrieved from /opt/airflow/dags/predict_daily.py
[2026-07-10T03:20:50.913+0000] {processor.py:179} INFO - Processing /opt/airflow/dags/predict_daily.py took 4.390 seconds
[2026-07-10T03:21:21.543+0000] {processor.py:157} INFO - Started process (PID=24831) to work on /opt/airflow/dags/predict_daily.py
[2026-07-10T03:21:21.544+0000] {processor.py:829} INFO - Processing file /opt/airflow/dags/predict_daily.py for tasks to queue
[2026-07-10T03:21:21.545+0000] {logging_mixin.py:151} INFO - [2026-07-10T03:21:21.545+0000] {dagbag.py:539} INFO - Filling up the DagBag from /opt/airflow/dags/predict_daily.py
[2026-07-10T03:21:26.793+0000] {processor.py:841} WARNING - No viable dags retrieved from /opt/airflow/dags/predict_daily.py
[2026-07-10T03:21:26.844+0000] {processor.py:179} INFO - Processing /opt/airflow/dags/predict_daily.py took 5.306 seconds
[2026-07-10T03:21:57.126+0000] {processor.py:157} INFO - Started process (PID=24864) to work on /opt/airflow/dags/predict_daily.py
[2026-07-10T03:21:57.130+0000] {processor.py:829} INFO - Processing file /opt/airflow/dags/predict_daily.py for tasks to queue
[2026-07-10T03:21:57.132+0000] {logging_mixin.py:151} INFO - [2026-07-10T03:21:57.132+0000] {dagbag.py:539} INFO - Filling up the DagBag from /opt/airflow/dags/predict_daily.py
[2026-07-10T03:22:02.168+0000] {processor.py:841} WARNING - No viable dags retrieved from /opt/airflow/dags/predict_daily.py
[2026-07-10T03:22:02.193+0000] {processor.py:179} INFO - Processing /opt/airflow/dags/predict_daily.py took 5.082 seconds
[2026-07-10T03:22:32.702+0000] {processor.py:157} INFO - Started process (PID=24897) to work on /opt/airflow/dags/predict_daily.py
[2026-07-10T03:22:32.704+0000] {processor.py:829} INFO - Processing file /opt/airflow/dags/predict_daily.py for tasks to queue
[2026-07-10T03:22:32.705+0000] {logging_mixin.py:151} INFO - [2026-07-10T03:22:32.704+0000] {dagbag.py:539} INFO - Filling up the DagBag from /opt/airflow/dags/predict_daily.py
[2026-07-10T03:22:37.103+0000] {processor.py:841} WARNING - No viable dags retrieved from /opt/airflow/dags/predict_daily.py
[2026-07-10T03:22:37.125+0000] {processor.py:179} INFO - Processing /opt/airflow/dags/predict_daily.py took 4.429 seconds
[2026-07-10T03:23:07.439+0000] {processor.py:157} INFO - Started process (PID=24930) to work on /opt/airflow/dags/predict_daily.py
[2026-07-10T03:23:07.441+0000] {processor.py:829} INFO - Processing file /opt/airflow/dags/predict_daily.py for tasks to queue
[2026-07-10T03:23:07.443+0000] {logging_mixin.py:151} INFO - [2026-07-10T03:23:07.442+0000] {dagbag.py:539} INFO - Filling up the DagBag from /opt/airflow/dags/predict_daily.py
[2026-07-10T03:23:11.642+0000] {processor.py:841} WARNING - No viable dags retrieved from /opt/airflow/dags/predict_daily.py
[2026-07-10T03:23:11.663+0000] {processor.py:179} INFO - Processing /opt/airflow/dags/predict_daily.py took 4.231 seconds
[2026-07-10T03:23:41.820+0000] {processor.py:157} INFO - Started process (PID=24970) to work on /opt/airflow/dags/predict_daily.py
[2026-07-10T03:23:41.822+0000] {processor.py:829} INFO - Processing file /opt/airflow/dags/predict_daily.py for tasks to queue
[2026-07-10T03:23:41.824+0000] {logging_mixin.py:151} INFO - [2026-07-10T03:23:41.823+0000] {dagbag.py:539} INFO - Filling up the DagBag from /opt/airflow/dags/predict_daily.py
[2026-07-10T03:23:45.917+0000] {processor.py:841} WARNING - No viable dags retrieved from /opt/airflow/dags/predict_daily.py
[2026-07-10T03:23:45.950+0000] {processor.py:179} INFO - Processing /opt/airflow/dags/predict_daily.py took 4.137 seconds
[2026-07-10T03:24:16.549+0000] {processor.py:157} INFO - Started process (PID=25003) to work on /opt/airflow/dags/predict_daily.py
[2026-07-10T03:24:16.551+0000] {processor.py:829} INFO - Processing file /opt/airflow/dags/predict_daily.py for tasks to queue
[2026-07-10T03:24:16.552+0000] {logging_mixin.py:151} INFO - [2026-07-10T03:24:16.552+0000] {dagbag.py:539} INFO - Filling up the DagBag from /opt/airflow/dags/predict_daily.py
[2026-07-10T03:24:20.705+0000] {processor.py:841} WARNING - No viable dags retrieved from /opt/airflow/dags/predict_daily.py
[2026-07-10T03:24:20.820+0000] {processor.py:179} INFO - Processing /opt/airflow/dags/predict_daily.py took 4.280 seconds
[2026-07-10T03:24:51.790+0000] {processor.py:157} INFO - Started process (PID=25041) to work on /opt/airflow/dags/predict_daily.py
[2026-07-10T03:24:51.794+0000] {processor.py:829} INFO - Processing file /opt/airflow/dags/predict_daily.py for tasks to queue
[2026-07-10T03:24:51.796+0000] {logging_mixin.py:151} INFO - [2026-07-10T03:24:51.795+0000] {dagbag.py:539} INFO - Filling up the DagBag from /opt/airflow/dags/predict_daily.py
[2026-07-10T03:24:56.206+0000] {processor.py:841} WARNING - No viable dags retrieved from /opt/airflow/dags/predict_daily.py
[2026-07-10T03:24:56.233+0000] {processor.py:179} INFO - Processing /opt/airflow/dags/predict_daily.py took 4.450 seconds
[2026-07-10T03:25:26.659+0000] {processor.py:157} INFO - Started process (PID=25073) to work on /opt/airflow/dags/predict_daily.py
[2026-07-10T03:25:26.660+0000] {processor.py:829} INFO - Processing file /opt/airflow/dags/predict_daily.py for tasks to queue
[2026-07-10T03:25:26.662+0000] {logging_mixin.py:151} INFO - [2026-07-10T03:25:26.661+0000] {dagbag.py:539} INFO - Filling up the DagBag from /opt/airflow/dags/predict_daily.py
[2026-07-10T03:25:30.914+0000] {processor.py:841} WARNING - No viable dags retrieved from /opt/airflow/dags/predict_daily.py
[2026-07-10T03:25:30.937+0000] {processor.py:179} INFO - Processing /opt/airflow/dags/predict_daily.py took 4.285 seconds
[2026-07-10T03:26:01.838+0000] {processor.py:157} INFO - Started process (PID=25106) to work on /opt/airflow/dags/predict_daily.py
[2026-07-10T03:26:01.841+0000] {processor.py:829} INFO - Processing file /opt/airflow/dags/predict_daily.py for tasks to queue
[2026-07-10T03:26:01.843+0000] {logging_mixin.py:151} INFO - [2026-07-10T03:26:01.842+0000] {dagbag.py:539} INFO - Filling up the DagBag from /opt/airflow/dags/predict_daily.py
[2026-07-10T03:26:05.893+0000] {processor.py:841} WARNING - No viable dags retrieved from /opt/airflow/dags/predict_daily.py
[2026-07-10T03:26:05.915+0000] {processor.py:179} INFO - Processing /opt/airflow/dags/predict_daily.py took 4.083 seconds
[2026-07-10T03:26:36.647+0000] {processor.py:157} INFO - Started process (PID=25139) to work on /opt/airflow/dags/predict_daily.py
[2026-07-10T03:26:36.649+0000] {processor.py:829} INFO - Processing file /opt/airflow/dags/predict_daily.py for tasks to queue
[2026-07-10T03:26:36.651+0000] {logging_mixin.py:151} INFO - [2026-07-10T03:26:36.651+0000] {dagbag.py:539} INFO - Filling up the DagBag from /opt/airflow/dags/predict_daily.py
[2026-07-10T03:26:40.946+0000] {processor.py:841} WARNING - No viable dags retrieved from /opt/airflow/dags/predict_daily.py
[2026-07-10T03:26:40.975+0000] {processor.py:179} INFO - Processing /opt/airflow/dags/predict_daily.py took 4.335 seconds
[2026-07-10T03:27:11.206+0000] {processor.py:157} INFO - Started process (PID=25179) to work on /opt/airflow/dags/predict_daily.py
[2026-07-10T03:27:11.208+0000] {processor.py:829} INFO - Processing file /opt/airflow/dags/predict_daily.py for tasks to queue
[2026-07-10T03:27:11.210+0000] {logging_mixin.py:151} INFO - [2026-07-10T03:27:11.209+0000] {dagbag.py:539} INFO - Filling up the DagBag from /opt/airflow/dags/predict_daily.py
[2026-07-10T03:27:15.760+0000] {processor.py:841} WARNING - No viable dags retrieved from /opt/airflow/dags/predict_daily.py
[2026-07-10T03:27:15.783+0000] {processor.py:179} INFO - Processing /opt/airflow/dags/predict_daily.py took 4.585 seconds
[2026-07-10T03:27:46.361+0000] {processor.py:157} INFO - Started process (PID=25212) to work on /opt/airflow/dags/predict_daily.py
[2026-07-10T03:27:46.363+0000] {processor.py:829} INFO - Processing file /opt/airflow/dags/predict_daily.py for tasks to queue
[2026-07-10T03:27:46.364+0000] {logging_mixin.py:151} INFO - [2026-07-10T03:27:46.364+0000] {dagbag.py:539} INFO - Filling up the DagBag from /opt/airflow/dags/predict_daily.py
[2026-07-10T03:27:50.753+0000] {processor.py:841} WARNING - No viable dags retrieved from /opt/airflow/dags/predict_daily.py
[2026-07-10T03:27:50.775+0000] {processor.py:179} INFO - Processing /opt/airflow/dags/predict_daily.py took 4.421 seconds
[2026-07-10T03:28:21.079+0000] {processor.py:157} INFO - Started process (PID=25245) to work on /opt/airflow/dags/predict_daily.py
[2026-07-10T03:28:21.081+0000] {processor.py:829} INFO - Processing file /opt/airflow/dags/predict_daily.py for tasks to queue
[2026-07-10T03:28:21.082+0000] {logging_mixin.py:151} INFO - [2026-07-10T03:28:21.082+0000] {dagbag.py:539} INFO - Filling up the DagBag from /opt/airflow/dags/predict_daily.py
[2026-07-10T03:28:25.268+0000] {processor.py:841} WARNING - No viable dags retrieved from /opt/airflow/dags/predict_daily.py
[2026-07-10T03:28:25.290+0000] {processor.py:179} INFO - Processing /opt/airflow/dags/predict_daily.py took 4.216 seconds
[2026-07-10T03:28:55.947+0000] {processor.py:157} INFO - Started process (PID=25283) to work on /opt/airflow/dags/predict_daily.py
[2026-07-10T03:28:55.949+0000] {processor.py:829} INFO - Processing file /opt/airflow/dags/predict_daily.py for tasks to queue
[2026-07-10T03:28:55.951+0000] {logging_mixin.py:151} INFO - [2026-07-10T03:28:55.950+0000] {dagbag.py:539} INFO - Filling up the DagBag from /opt/airflow/dags/predict_daily.py
[2026-07-10T03:29:00.192+0000] {processor.py:841} WARNING - No viable dags retrieved from /opt/airflow/dags/predict_daily.py
[2026-07-10T03:29:00.219+0000] {processor.py:179} INFO - Processing /opt/airflow/dags/predict_daily.py took 4.280 seconds
[2026-07-10T03:29:31.079+0000] {processor.py:157} INFO - Started process (PID=25316) to work on /opt/airflow/dags/predict_daily.py
[2026-07-10T03:29:31.081+0000] {processor.py:829} INFO - Processing file /opt/airflow/dags/predict_daily.py for tasks to queue
[2026-07-10T03:29:31.083+0000] {logging_mixin.py:151} INFO - [2026-07-10T03:29:31.082+0000] {dagbag.py:539} INFO - Filling up the DagBag from /opt/airflow/dags/predict_daily.py
[2026-07-10T03:29:35.397+0000] {processor.py:841} WARNING - No viable dags retrieved from /opt/airflow/dags/predict_daily.py
[2026-07-10T03:29:35.417+0000] {processor.py:179} INFO - Processing /opt/airflow/dags/predict_daily.py took 4.347 seconds
[2026-07-10T03:30:06.018+0000] {processor.py:157} INFO - Started process (PID=25349) to work on /opt/airflow/dags/predict_daily.py
[2026-07-10T03:30:06.023+0000] {processor.py:829} INFO - Processing file /opt/airflow/dags/predict_daily.py for tasks to queue
[2026-07-10T03:30:06.025+0000] {logging_mixin.py:151} INFO - [2026-07-10T03:30:06.024+0000] {dagbag.py:539} INFO - Filling up the DagBag from /opt/airflow/dags/predict_daily.py
[2026-07-10T03:30:10.274+0000] {processor.py:841} WARNING - No viable dags retrieved from /opt/airflow/dags/predict_daily.py
[2026-07-10T03:30:10.296+0000] {processor.py:179} INFO - Processing /opt/airflow/dags/predict_daily.py took 4.285 seconds
[2026-07-10T03:30:40.485+0000] {processor.py:157} INFO - Started process (PID=25389) to work on /opt/airflow/dags/predict_daily.py
[2026-07-10T03:30:40.490+0000] {processor.py:829} INFO - Processing file /opt/airflow/dags/predict_daily.py for tasks to queue
[2026-07-10T03:30:40.494+0000] {logging_mixin.py:151} INFO - [2026-07-10T03:30:40.493+0000] {dagbag.py:539} INFO - Filling up the DagBag from /opt/airflow/dags/predict_daily.py
[2026-07-10T03:30:44.792+0000] {processor.py:841} WARNING - No viable dags retrieved from /opt/airflow/dags/predict_daily.py
[2026-07-10T03:30:44.814+0000] {processor.py:179} INFO - Processing /opt/airflow/dags/predict_daily.py took 4.335 seconds
[2026-07-10T03:31:15.465+0000] {processor.py:157} INFO - Started process (PID=25422) to work on /opt/airflow/dags/predict_daily.py
[2026-07-10T03:31:15.467+0000] {processor.py:829} INFO - Processing file /opt/airflow/dags/predict_daily.py for tasks to queue
[2026-07-10T03:31:15.469+0000] {logging_mixin.py:151} INFO - [2026-07-10T03:31:15.469+0000] {dagbag.py:539} INFO - Filling up the DagBag from /opt/airflow/dags/predict_daily.py
[2026-07-10T03:31:19.593+0000] {processor.py:841} WARNING - No viable dags retrieved from /opt/airflow/dags/predict_daily.py
[2026-07-10T03:31:19.622+0000] {processor.py:179} INFO - Processing /opt/airflow/dags/predict_daily.py took 4.163 seconds
[2026-07-10T03:31:50.075+0000] {processor.py:157} INFO - Started process (PID=25455) to work on /opt/airflow/dags/predict_daily.py
[2026-07-10T03:31:50.078+0000] {processor.py:829} INFO - Processing file /opt/airflow/dags/predict_daily.py for tasks to queue
[2026-07-10T03:31:50.079+0000] {logging_mixin.py:151} INFO - [2026-07-10T03:31:50.079+0000] {dagbag.py:539} INFO - Filling up the DagBag from /opt/airflow/dags/predict_daily.py
[2026-07-10T03:31:54.111+0000] {processor.py:841} WARNING - No viable dags retrieved from /opt/airflow/dags/predict_daily.py
[2026-07-10T03:31:54.137+0000] {processor.py:179} INFO - Processing /opt/airflow/dags/predict_daily.py took 4.068 seconds
[2026-07-10T03:32:24.354+0000] {processor.py:157} INFO - Started process (PID=25488) to work on /opt/airflow/dags/predict_daily.py
[2026-07-10T03:32:24.358+0000] {processor.py:829} INFO - Processing file /opt/airflow/dags/predict_daily.py for tasks to queue
[2026-07-10T03:32:24.360+0000] {logging_mixin.py:151} INFO - [2026-07-10T03:32:24.359+0000] {dagbag.py:539} INFO - Filling up the DagBag from /opt/airflow/dags/predict_daily.py
[2026-07-10T03:32:29.195+0000] {processor.py:841} WARNING - No viable dags retrieved from /opt/airflow/dags/predict_daily.py
[2026-07-10T03:32:29.230+0000] {processor.py:179} INFO - Processing /opt/airflow/dags/predict_daily.py took 4.882 seconds
[2026-07-10T03:32:59.538+0000] {processor.py:157} INFO - Started process (PID=25526) to work on /opt/airflow/dags/predict_daily.py
[2026-07-10T03:32:59.541+0000] {processor.py:829} INFO - Processing file /opt/airflow/dags/predict_daily.py for tasks to queue
[2026-07-10T03:32:59.542+0000] {logging_mixin.py:151} INFO - [2026-07-10T03:32:59.542+0000] {dagbag.py:539} INFO - Filling up the DagBag from /opt/airflow/dags/predict_daily.py
[2026-07-10T03:33:03.620+0000] {processor.py:841} WARNING - No viable dags retrieved from /opt/airflow/dags/predict_daily.py
[2026-07-10T03:33:03.646+0000] {processor.py:179} INFO - Processing /opt/airflow/dags/predict_daily.py took 4.115 seconds
[2026-07-10T03:33:33.856+0000] {processor.py:157} INFO - Started process (PID=25559) to work on /opt/airflow/dags/predict_daily.py
[2026-07-10T03:33:33.858+0000] {processor.py:829} INFO - Processing file /opt/airflow/dags/predict_daily.py for tasks to queue
[2026-07-10T03:33:33.860+0000] {logging_mixin.py:151} INFO - [2026-07-10T03:33:33.859+0000] {dagbag.py:539} INFO - Filling up the DagBag from /opt/airflow/dags/predict_daily.py
[2026-07-10T03:33:38.035+0000] {processor.py:841} WARNING - No viable dags retrieved from /opt/airflow/dags/predict_daily.py
[2026-07-10T03:33:38.061+0000] {processor.py:179} INFO - Processing /opt/airflow/dags/predict_daily.py took 4.209 seconds
[2026-07-10T03:34:08.211+0000] {processor.py:157} INFO - Started process (PID=25592) to work on /opt/airflow/dags/predict_daily.py
[2026-07-10T03:34:08.213+0000] {processor.py:829} INFO - Processing file /opt/airflow/dags/predict_daily.py for tasks to queue
[2026-07-10T03:34:08.215+0000] {logging_mixin.py:151} INFO - [2026-07-10T03:34:08.214+0000] {dagbag.py:539} INFO - Filling up the DagBag from /opt/airflow/dags/predict_daily.py
[2026-07-10T03:34:13.868+0000] {processor.py:841} WARNING - No viable dags retrieved from /opt/airflow/dags/predict_daily.py
[2026-07-10T03:34:13.905+0000] {processor.py:179} INFO - Processing /opt/airflow/dags/predict_daily.py took 5.701 seconds
[2026-07-10T03:34:44.963+0000] {processor.py:157} INFO - Started process (PID=25632) to work on /opt/airflow/dags/predict_daily.py
[2026-07-10T03:34:44.972+0000] {processor.py:829} INFO - Processing file /opt/airflow/dags/predict_daily.py for tasks to queue
[2026-07-10T03:34:44.974+0000] {logging_mixin.py:151} INFO - [2026-07-10T03:34:44.973+0000] {dagbag.py:539} INFO - Filling up the DagBag from /opt/airflow/dags/predict_daily.py
[2026-07-10T03:34:49.779+0000] {processor.py:841} WARNING - No viable dags retrieved from /opt/airflow/dags/predict_daily.py
[2026-07-10T03:34:49.810+0000] {processor.py:179} INFO - Processing /opt/airflow/dags/predict_daily.py took 4.854 seconds
[2026-07-10T03:35:20.398+0000] {processor.py:157} INFO - Started process (PID=25665) to work on /opt/airflow/dags/predict_daily.py
[2026-07-10T03:35:20.400+0000] {processor.py:829} INFO - Processing file /opt/airflow/dags/predict_daily.py for tasks to queue
[2026-07-10T03:35:20.402+0000] {logging_mixin.py:151} INFO - [2026-07-10T03:35:20.401+0000] {dagbag.py:539} INFO - Filling up the DagBag from /opt/airflow/dags/predict_daily.py
[2026-07-10T03:35:26.186+0000] {processor.py:841} WARNING - No viable dags retrieved from /opt/airflow/dags/predict_daily.py
[2026-07-10T03:35:26.238+0000] {processor.py:179} INFO - Processing /opt/airflow/dags/predict_daily.py took 5.846 seconds
[2026-07-10T03:35:56.520+0000] {processor.py:157} INFO - Started process (PID=25698) to work on /opt/airflow/dags/predict_daily.py
[2026-07-10T03:35:56.522+0000] {processor.py:829} INFO - Processing file /opt/airflow/dags/predict_daily.py for tasks to queue
[2026-07-10T03:35:56.524+0000] {logging_mixin.py:151} INFO - [2026-07-10T03:35:56.523+0000] {dagbag.py:539} INFO - Filling up the DagBag from /opt/airflow/dags/predict_daily.py
[2026-07-10T03:36:00.954+0000] {processor.py:841} WARNING - No viable dags retrieved from /opt/airflow/dags/predict_daily.py
[2026-07-10T03:36:00.972+0000] {processor.py:179} INFO - Processing /opt/airflow/dags/predict_daily.py took 4.461 seconds
[2026-07-10T03:36:31.538+0000] {processor.py:157} INFO - Started process (PID=25731) to work on /opt/airflow/dags/predict_daily.py
[2026-07-10T03:36:31.540+0000] {processor.py:829} INFO - Processing file /opt/airflow/dags/predict_daily.py for tasks to queue
[2026-07-10T03:36:31.542+0000] {logging_mixin.py:151} INFO - [2026-07-10T03:36:31.542+0000] {dagbag.py:539} INFO - Filling up the DagBag from /opt/airflow/dags/predict_daily.py
[2026-07-10T03:36:35.926+0000] {processor.py:841} WARNING - No viable dags retrieved from /opt/airflow/dags/predict_daily.py
[2026-07-10T03:36:35.949+0000] {processor.py:179} INFO - Processing /opt/airflow/dags/predict_daily.py took 4.417 seconds
[2026-07-10T03:37:06.658+0000] {processor.py:157} INFO - Started process (PID=25769) to work on /opt/airflow/dags/predict_daily.py
[2026-07-10T03:37:06.659+0000] {processor.py:829} INFO - Processing file /opt/airflow/dags/predict_daily.py for tasks to queue
[2026-07-10T03:37:06.660+0000] {logging_mixin.py:151} INFO - [2026-07-10T03:37:06.660+0000] {dagbag.py:539} INFO - Filling up the DagBag from /opt/airflow/dags/predict_daily.py
[2026-07-10T03:37:09.450+0000] {processor.py:841} WARNING - No viable dags retrieved from /opt/airflow/dags/predict_daily.py
[2026-07-10T03:37:09.462+0000] {processor.py:179} INFO - Processing /opt/airflow/dags/predict_daily.py took 2.808 seconds
[2026-07-10T03:37:39.788+0000] {processor.py:157} INFO - Started process (PID=25803) to work on /opt/airflow/dags/predict_daily.py
[2026-07-10T03:37:39.791+0000] {processor.py:829} INFO - Processing file /opt/airflow/dags/predict_daily.py for tasks to queue
[2026-07-10T03:37:39.793+0000] {logging_mixin.py:151} INFO - [2026-07-10T03:37:39.793+0000] {dagbag.py:539} INFO - Filling up the DagBag from /opt/airflow/dags/predict_daily.py
[2026-07-10T03:37:44.640+0000] {processor.py:841} WARNING - No viable dags retrieved from /opt/airflow/dags/predict_daily.py
[2026-07-10T03:37:44.672+0000] {processor.py:179} INFO - Processing /opt/airflow/dags/predict_daily.py took 4.895 seconds
[2026-07-10T03:38:15.629+0000] {processor.py:157} INFO - Started process (PID=25843) to work on /opt/airflow/dags/predict_daily.py
[2026-07-10T03:38:15.633+0000] {processor.py:829} INFO - Processing file /opt/airflow/dags/predict_daily.py for tasks to queue
[2026-07-10T03:38:15.637+0000] {logging_mixin.py:151} INFO - [2026-07-10T03:38:15.636+0000] {dagbag.py:539} INFO - Filling up the DagBag from /opt/airflow/dags/predict_daily.py
[2026-07-10T03:38:21.140+0000] {processor.py:841} WARNING - No viable dags retrieved from /opt/airflow/dags/predict_daily.py
[2026-07-10T03:38:21.167+0000] {processor.py:179} INFO - Processing /opt/airflow/dags/predict_daily.py took 5.546 seconds
[2026-07-10T03:38:51.836+0000] {processor.py:157} INFO - Started process (PID=25877) to work on /opt/airflow/dags/predict_daily.py
[2026-07-10T03:38:51.837+0000] {processor.py:829} INFO - Processing file /opt/airflow/dags/predict_daily.py for tasks to queue
[2026-07-10T03:38:51.842+0000] {logging_mixin.py:151} INFO - [2026-07-10T03:38:51.841+0000] {dagbag.py:539} INFO - Filling up the DagBag from /opt/airflow/dags/predict_daily.py
[2026-07-10T03:38:59.077+0000] {processor.py:841} WARNING - No viable dags retrieved from /opt/airflow/dags/predict_daily.py
[2026-07-10T03:38:59.096+0000] {processor.py:179} INFO - Processing /opt/airflow/dags/predict_daily.py took 7.264 seconds
[2026-07-10T03:39:29.965+0000] {processor.py:157} INFO - Started process (PID=25910) to work on /opt/airflow/dags/predict_daily.py
[2026-07-10T03:39:29.967+0000] {processor.py:829} INFO - Processing file /opt/airflow/dags/predict_daily.py for tasks to queue
[2026-07-10T03:39:29.968+0000] {logging_mixin.py:151} INFO - [2026-07-10T03:39:29.968+0000] {dagbag.py:539} INFO - Filling up the DagBag from /opt/airflow/dags/predict_daily.py
[2026-07-10T03:39:34.095+0000] {processor.py:841} WARNING - No viable dags retrieved from /opt/airflow/dags/predict_daily.py
[2026-07-10T03:39:34.117+0000] {processor.py:179} INFO - Processing /opt/airflow/dags/predict_daily.py took 4.157 seconds
[2026-07-10T03:40:04.704+0000] {processor.py:157} INFO - Started process (PID=25943) to work on /opt/airflow/dags/predict_daily.py
[2026-07-10T03:40:04.707+0000] {processor.py:829} INFO - Processing file /opt/airflow/dags/predict_daily.py for tasks to queue
[2026-07-10T03:40:04.709+0000] {logging_mixin.py:151} INFO - [2026-07-10T03:40:04.708+0000] {dagbag.py:539} INFO - Filling up the DagBag from /opt/airflow/dags/predict_daily.py
[2026-07-10T03:40:10.411+0000] {processor.py:841} WARNING - No viable dags retrieved from /opt/airflow/dags/predict_daily.py
[2026-07-10T03:40:10.456+0000] {processor.py:179} INFO - Processing /opt/airflow/dags/predict_daily.py took 5.759 seconds
[2026-07-10T03:40:40.832+0000] {processor.py:157} INFO - Started process (PID=25976) to work on /opt/airflow/dags/predict_daily.py
[2026-07-10T03:40:40.834+0000] {processor.py:829} INFO - Processing file /opt/airflow/dags/predict_daily.py for tasks to queue
[2026-07-10T03:40:40.835+0000] {logging_mixin.py:151} INFO - [2026-07-10T03:40:40.835+0000] {dagbag.py:539} INFO - Filling up the DagBag from /opt/airflow/dags/predict_daily.py
[2026-07-10T03:40:45.665+0000] {processor.py:841} WARNING - No viable dags retrieved from /opt/airflow/dags/predict_daily.py
[2026-07-10T03:40:45.684+0000] {processor.py:179} INFO - Processing /opt/airflow/dags/predict_daily.py took 4.857 seconds
[2026-07-10T03:41:16.349+0000] {processor.py:157} INFO - Started process (PID=26016) to work on /opt/airflow/dags/predict_daily.py
[2026-07-10T03:41:16.354+0000] {processor.py:829} INFO - Processing file /opt/airflow/dags/predict_daily.py for tasks to queue
[2026-07-10T03:41:16.358+0000] {logging_mixin.py:151} INFO - [2026-07-10T03:41:16.357+0000] {dagbag.py:539} INFO - Filling up the DagBag from /opt/airflow/dags/predict_daily.py
[2026-07-10T03:41:21.133+0000] {processor.py:841} WARNING - No viable dags retrieved from /opt/airflow/dags/predict_daily.py
[2026-07-10T03:41:21.150+0000] {processor.py:179} INFO - Processing /opt/airflow/dags/predict_daily.py took 4.810 seconds
[2026-07-10T03:41:52.138+0000] {processor.py:157} INFO - Started process (PID=26054) to work on /opt/airflow/dags/predict_daily.py
[2026-07-10T03:41:52.140+0000] {processor.py:829} INFO - Processing file /opt/airflow/dags/predict_daily.py for tasks to queue
[2026-07-10T03:41:52.142+0000] {logging_mixin.py:151} INFO - [2026-07-10T03:41:52.141+0000] {dagbag.py:539} INFO - Filling up the DagBag from /opt/airflow/dags/predict_daily.py
[2026-07-10T03:41:56.337+0000] {processor.py:841} WARNING - No viable dags retrieved from /opt/airflow/dags/predict_daily.py
[2026-07-10T03:41:56.360+0000] {processor.py:179} INFO - Processing /opt/airflow/dags/predict_daily.py took 4.227 seconds
[2026-07-10T03:42:26.934+0000] {processor.py:157} INFO - Started process (PID=26087) to work on /opt/airflow/dags/predict_daily.py
[2026-07-10T03:42:26.937+0000] {processor.py:829} INFO - Processing file /opt/airflow/dags/predict_daily.py for tasks to queue
[2026-07-10T03:42:26.939+0000] {logging_mixin.py:151} INFO - [2026-07-10T03:42:26.938+0000] {dagbag.py:539} INFO - Filling up the DagBag from /opt/airflow/dags/predict_daily.py
[2026-07-10T03:42:31.238+0000] {processor.py:841} WARNING - No viable dags retrieved from /opt/airflow/dags/predict_daily.py
[2026-07-10T03:42:31.261+0000] {processor.py:179} INFO - Processing /opt/airflow/dags/predict_daily.py took 4.334 seconds
[2026-07-10T03:43:01.530+0000] {processor.py:157} INFO - Started process (PID=26120) to work on /opt/airflow/dags/predict_daily.py
[2026-07-10T03:43:01.533+0000] {processor.py:829} INFO - Processing file /opt/airflow/dags/predict_daily.py for tasks to queue
[2026-07-10T03:43:01.535+0000] {logging_mixin.py:151} INFO - [2026-07-10T03:43:01.534+0000] {dagbag.py:539} INFO - Filling up the DagBag from /opt/airflow/dags/predict_daily.py
[2026-07-10T03:43:05.828+0000] {processor.py:841} WARNING - No viable dags retrieved from /opt/airflow/dags/predict_daily.py
[2026-07-10T03:43:05.851+0000] {processor.py:179} INFO - Processing /opt/airflow/dags/predict_daily.py took 4.329 seconds
[2026-07-10T03:43:36.059+0000] {processor.py:157} INFO - Started process (PID=26153) to work on /opt/airflow/dags/predict_daily.py
[2026-07-10T03:43:36.061+0000] {processor.py:829} INFO - Processing file /opt/airflow/dags/predict_daily.py for tasks to queue
[2026-07-10T03:43:36.062+0000] {logging_mixin.py:151} INFO - [2026-07-10T03:43:36.062+0000] {dagbag.py:539} INFO - Filling up the DagBag from /opt/airflow/dags/predict_daily.py
[2026-07-10T03:43:40.040+0000] {processor.py:841} WARNING - No viable dags retrieved from /opt/airflow/dags/predict_daily.py
[2026-07-10T03:43:40.066+0000] {processor.py:179} INFO - Processing /opt/airflow/dags/predict_daily.py took 4.012 seconds
[2026-07-10T03:44:10.280+0000] {processor.py:157} INFO - Started process (PID=26186) to work on /opt/airflow/dags/predict_daily.py
[2026-07-10T03:44:10.282+0000] {processor.py:829} INFO - Processing file /opt/airflow/dags/predict_daily.py for tasks to queue
[2026-07-10T03:44:10.284+0000] {logging_mixin.py:151} INFO - [2026-07-10T03:44:10.283+0000] {dagbag.py:539} INFO - Filling up the DagBag from /opt/airflow/dags/predict_daily.py
[2026-07-10T03:44:14.262+0000] {processor.py:841} WARNING - No viable dags retrieved from /opt/airflow/dags/predict_daily.py
[2026-07-10T03:44:14.282+0000] {processor.py:179} INFO - Processing /opt/airflow/dags/predict_daily.py took 4.010 seconds
[2026-07-10T03:44:44.874+0000] {processor.py:157} INFO - Started process (PID=26226) to work on /opt/airflow/dags/predict_daily.py
[2026-07-10T03:44:44.876+0000] {processor.py:829} INFO - Processing file /opt/airflow/dags/predict_daily.py for tasks to queue
[2026-07-10T03:44:44.878+0000] {logging_mixin.py:151} INFO - [2026-07-10T03:44:44.877+0000] {dagbag.py:539} INFO - Filling up the DagBag from /opt/airflow/dags/predict_daily.py
[2026-07-10T03:44:48.987+0000] {processor.py:841} WARNING - No viable dags retrieved from /opt/airflow/dags/predict_daily.py
[2026-07-10T03:44:49.007+0000] {processor.py:179} INFO - Processing /opt/airflow/dags/predict_daily.py took 4.139 seconds
[2026-07-10T03:45:19.393+0000] {processor.py:157} INFO - Started process (PID=26259) to work on /opt/airflow/dags/predict_daily.py
[2026-07-10T03:45:19.396+0000] {processor.py:829} INFO - Processing file /opt/airflow/dags/predict_daily.py for tasks to queue
[2026-07-10T03:45:19.398+0000] {logging_mixin.py:151} INFO - [2026-07-10T03:45:19.397+0000] {dagbag.py:539} INFO - Filling up the DagBag from /opt/airflow/dags/predict_daily.py
[2026-07-10T03:45:23.619+0000] {processor.py:841} WARNING - No viable dags retrieved from /opt/airflow/dags/predict_daily.py
[2026-07-10T03:45:23.640+0000] {processor.py:179} INFO - Processing /opt/airflow/dags/predict_daily.py took 4.254 seconds
[2026-07-10T03:45:54.104+0000] {processor.py:157} INFO - Started process (PID=26293) to work on /opt/airflow/dags/predict_daily.py
[2026-07-10T03:45:54.106+0000] {processor.py:829} INFO - Processing file /opt/airflow/dags/predict_daily.py for tasks to queue
[2026-07-10T03:45:54.108+0000] {logging_mixin.py:151} INFO - [2026-07-10T03:45:54.108+0000] {dagbag.py:539} INFO - Filling up the DagBag from /opt/airflow/dags/predict_daily.py
[2026-07-10T03:45:58.443+0000] {processor.py:841} WARNING - No viable dags retrieved from /opt/airflow/dags/predict_daily.py
[2026-07-10T03:45:58.457+0000] {processor.py:179} INFO - Processing /opt/airflow/dags/predict_daily.py took 4.360 seconds
[2026-07-10T03:46:28.950+0000] {processor.py:157} INFO - Started process (PID=26331) to work on /opt/airflow/dags/predict_daily.py
[2026-07-10T03:46:28.952+0000] {processor.py:829} INFO - Processing file /opt/airflow/dags/predict_daily.py for tasks to queue
[2026-07-10T03:46:28.954+0000] {logging_mixin.py:151} INFO - [2026-07-10T03:46:28.954+0000] {dagbag.py:539} INFO - Filling up the DagBag from /opt/airflow/dags/predict_daily.py
[2026-07-10T03:46:32.694+0000] {processor.py:841} WARNING - No viable dags retrieved from /opt/airflow/dags/predict_daily.py
[2026-07-10T03:46:32.718+0000] {processor.py:179} INFO - Processing /opt/airflow/dags/predict_daily.py took 3.775 seconds
[2026-07-10T03:47:03.288+0000] {processor.py:157} INFO - Started process (PID=26364) to work on /opt/airflow/dags/predict_daily.py
[2026-07-10T03:47:03.291+0000] {processor.py:829} INFO - Processing file /opt/airflow/dags/predict_daily.py for tasks to queue
[2026-07-10T03:47:03.293+0000] {logging_mixin.py:151} INFO - [2026-07-10T03:47:03.293+0000] {dagbag.py:539} INFO - Filling up the DagBag from /opt/airflow/dags/predict_daily.py
[2026-07-10T03:47:06.933+0000] {processor.py:841} WARNING - No viable dags retrieved from /opt/airflow/dags/predict_daily.py
[2026-07-10T03:47:06.950+0000] {processor.py:179} INFO - Processing /opt/airflow/dags/predict_daily.py took 3.669 seconds
[2026-07-10T03:47:37.801+0000] {processor.py:157} INFO - Started process (PID=26397) to work on /opt/airflow/dags/predict_daily.py
[2026-07-10T03:47:37.804+0000] {processor.py:829} INFO - Processing file /opt/airflow/dags/predict_daily.py for tasks to queue
[2026-07-10T03:47:37.806+0000] {logging_mixin.py:151} INFO - [2026-07-10T03:47:37.805+0000] {dagbag.py:539} INFO - Filling up the DagBag from /opt/airflow/dags/predict_daily.py
[2026-07-10T03:47:41.826+0000] {processor.py:841} WARNING - No viable dags retrieved from /opt/airflow/dags/predict_daily.py
[2026-07-10T03:47:41.847+0000] {processor.py:179} INFO - Processing /opt/airflow/dags/predict_daily.py took 4.052 seconds
[2026-07-10T03:48:12.174+0000] {processor.py:157} INFO - Started process (PID=26430) to work on /opt/airflow/dags/predict_daily.py
[2026-07-10T03:48:12.176+0000] {processor.py:829} INFO - Processing file /opt/airflow/dags/predict_daily.py for tasks to queue
[2026-07-10T03:48:12.178+0000] {logging_mixin.py:151} INFO - [2026-07-10T03:48:12.177+0000] {dagbag.py:539} INFO - Filling up the DagBag from /opt/airflow/dags/predict_daily.py
[2026-07-10T03:48:16.151+0000] {processor.py:841} WARNING - No viable dags retrieved from /opt/airflow/dags/predict_daily.py
[2026-07-10T03:48:16.170+0000] {processor.py:179} INFO - Processing /opt/airflow/dags/predict_daily.py took 4.004 seconds
[2026-07-10T03:48:46.454+0000] {processor.py:157} INFO - Started process (PID=26470) to work on /opt/airflow/dags/predict_daily.py
[2026-07-10T03:48:46.456+0000] {processor.py:829} INFO - Processing file /opt/airflow/dags/predict_daily.py for tasks to queue
[2026-07-10T03:48:46.457+0000] {logging_mixin.py:151} INFO - [2026-07-10T03:48:46.456+0000] {dagbag.py:539} INFO - Filling up the DagBag from /opt/airflow/dags/predict_daily.py
[2026-07-10T03:48:50.353+0000] {processor.py:841} WARNING - No viable dags retrieved from /opt/airflow/dags/predict_daily.py
[2026-07-10T03:48:50.376+0000] {processor.py:179} INFO - Processing /opt/airflow/dags/predict_daily.py took 3.930 seconds
[2026-07-10T03:49:20.946+0000] {processor.py:157} INFO - Started process (PID=26503) to work on /opt/airflow/dags/predict_daily.py
[2026-07-10T03:49:20.947+0000] {processor.py:829} INFO - Processing file /opt/airflow/dags/predict_daily.py for tasks to queue
[2026-07-10T03:49:20.949+0000] {logging_mixin.py:151} INFO - [2026-07-10T03:49:20.948+0000] {dagbag.py:539} INFO - Filling up the DagBag from /opt/airflow/dags/predict_daily.py
[2026-07-10T03:49:24.460+0000] {processor.py:841} WARNING - No viable dags retrieved from /opt/airflow/dags/predict_daily.py
[2026-07-10T03:49:24.477+0000] {processor.py:179} INFO - Processing /opt/airflow/dags/predict_daily.py took 3.535 seconds
[2026-07-10T03:49:55.145+0000] {processor.py:157} INFO - Started process (PID=26535) to work on /opt/airflow/dags/predict_daily.py
[2026-07-10T03:49:55.148+0000] {processor.py:829} INFO - Processing file /opt/airflow/dags/predict_daily.py for tasks to queue
[2026-07-10T03:49:55.155+0000] {logging_mixin.py:151} INFO - [2026-07-10T03:49:55.154+0000] {dagbag.py:539} INFO - Filling up the DagBag from /opt/airflow/dags/predict_daily.py
[2026-07-10T03:49:59.587+0000] {processor.py:841} WARNING - No viable dags retrieved from /opt/airflow/dags/predict_daily.py
[2026-07-10T03:49:59.607+0000] {processor.py:179} INFO - Processing /opt/airflow/dags/predict_daily.py took 4.476 seconds
[2026-07-10T03:50:29.815+0000] {processor.py:157} INFO - Started process (PID=26568) to work on /opt/airflow/dags/predict_daily.py
[2026-07-10T03:50:29.818+0000] {processor.py:829} INFO - Processing file /opt/airflow/dags/predict_daily.py for tasks to queue
[2026-07-10T03:50:29.822+0000] {logging_mixin.py:151} INFO - [2026-07-10T03:50:29.822+0000] {dagbag.py:539} INFO - Filling up the DagBag from /opt/airflow/dags/predict_daily.py
[2026-07-10T03:50:33.632+0000] {processor.py:841} WARNING - No viable dags retrieved from /opt/airflow/dags/predict_daily.py
[2026-07-10T03:50:33.649+0000] {processor.py:179} INFO - Processing /opt/airflow/dags/predict_daily.py took 3.843 seconds
[2026-07-10T03:51:03.824+0000] {processor.py:157} INFO - Started process (PID=26606) to work on /opt/airflow/dags/predict_daily.py
[2026-07-10T03:51:03.825+0000] {processor.py:829} INFO - Processing file /opt/airflow/dags/predict_daily.py for tasks to queue
[2026-07-10T03:51:03.826+0000] {logging_mixin.py:151} INFO - [2026-07-10T03:51:03.826+0000] {dagbag.py:539} INFO - Filling up the DagBag from /opt/airflow/dags/predict_daily.py
[2026-07-10T03:51:07.592+0000] {processor.py:841} WARNING - No viable dags retrieved from /opt/airflow/dags/predict_daily.py
[2026-07-10T03:51:07.611+0000] {processor.py:179} INFO - Processing /opt/airflow/dags/predict_daily.py took 3.791 seconds
[2026-07-10T03:51:38.109+0000] {processor.py:157} INFO - Started process (PID=26639) to work on /opt/airflow/dags/predict_daily.py
[2026-07-10T03:51:38.111+0000] {processor.py:829} INFO - Processing file /opt/airflow/dags/predict_daily.py for tasks to queue
[2026-07-10T03:51:38.112+0000] {logging_mixin.py:151} INFO - [2026-07-10T03:51:38.111+0000] {dagbag.py:539} INFO - Filling up the DagBag from /opt/airflow/dags/predict_daily.py
[2026-07-10T03:51:42.060+0000] {processor.py:841} WARNING - No viable dags retrieved from /opt/airflow/dags/predict_daily.py
[2026-07-10T03:51:42.079+0000] {processor.py:179} INFO - Processing /opt/airflow/dags/predict_daily.py took 3.973 seconds
[2026-07-10T03:52:12.479+0000] {processor.py:157} INFO - Started process (PID=26672) to work on /opt/airflow/dags/predict_daily.py
[2026-07-10T03:52:12.480+0000] {processor.py:829} INFO - Processing file /opt/airflow/dags/predict_daily.py for tasks to queue
[2026-07-10T03:52:12.481+0000] {logging_mixin.py:151} INFO - [2026-07-10T03:52:12.481+0000] {dagbag.py:539} INFO - Filling up the DagBag from /opt/airflow/dags/predict_daily.py
[2026-07-10T03:52:16.031+0000] {processor.py:841} WARNING - No viable dags retrieved from /opt/airflow/dags/predict_daily.py
[2026-07-10T03:52:16.054+0000] {processor.py:179} INFO - Processing /opt/airflow/dags/predict_daily.py took 3.581 seconds
[2026-07-10T03:52:46.827+0000] {processor.py:157} INFO - Started process (PID=26712) to work on /opt/airflow/dags/predict_daily.py
[2026-07-10T03:52:46.829+0000] {processor.py:829} INFO - Processing file /opt/airflow/dags/predict_daily.py for tasks to queue
[2026-07-10T03:52:46.831+0000] {logging_mixin.py:151} INFO - [2026-07-10T03:52:46.831+0000] {dagbag.py:539} INFO - Filling up the DagBag from /opt/airflow/dags/predict_daily.py
[2026-07-10T03:52:50.837+0000] {processor.py:841} WARNING - No viable dags retrieved from /opt/airflow/dags/predict_daily.py
[2026-07-10T03:52:50.893+0000] {processor.py:179} INFO - Processing /opt/airflow/dags/predict_daily.py took 4.074 seconds
[2026-07-10T03:53:21.345+0000] {processor.py:157} INFO - Started process (PID=26745) to work on /opt/airflow/dags/predict_daily.py
[2026-07-10T03:53:21.347+0000] {processor.py:829} INFO - Processing file /opt/airflow/dags/predict_daily.py for tasks to queue
[2026-07-10T03:53:21.348+0000] {logging_mixin.py:151} INFO - [2026-07-10T03:53:21.348+0000] {dagbag.py:539} INFO - Filling up the DagBag from /opt/airflow/dags/predict_daily.py
[2026-07-10T03:53:25.091+0000] {processor.py:841} WARNING - No viable dags retrieved from /opt/airflow/dags/predict_daily.py
[2026-07-10T03:53:25.110+0000] {processor.py:179} INFO - Processing /opt/airflow/dags/predict_daily.py took 3.770 seconds
[2026-07-10T03:53:55.824+0000] {processor.py:157} INFO - Started process (PID=26778) to work on /opt/airflow/dags/predict_daily.py
[2026-07-10T03:53:55.826+0000] {processor.py:829} INFO - Processing file /opt/airflow/dags/predict_daily.py for tasks to queue
[2026-07-10T03:53:55.828+0000] {logging_mixin.py:151} INFO - [2026-07-10T03:53:55.827+0000] {dagbag.py:539} INFO - Filling up the DagBag from /opt/airflow/dags/predict_daily.py
[2026-07-10T03:54:00.087+0000] {processor.py:841} WARNING - No viable dags retrieved from /opt/airflow/dags/predict_daily.py
[2026-07-10T03:54:00.107+0000] {processor.py:179} INFO - Processing /opt/airflow/dags/predict_daily.py took 4.291 seconds
[2026-07-10T03:54:30.515+0000] {processor.py:157} INFO - Started process (PID=26811) to work on /opt/airflow/dags/predict_daily.py
[2026-07-10T03:54:30.517+0000] {processor.py:829} INFO - Processing file /opt/airflow/dags/predict_daily.py for tasks to queue
[2026-07-10T03:54:30.519+0000] {logging_mixin.py:151} INFO - [2026-07-10T03:54:30.518+0000] {dagbag.py:539} INFO - Filling up the DagBag from /opt/airflow/dags/predict_daily.py
[2026-07-10T03:54:34.889+0000] {processor.py:841} WARNING - No viable dags retrieved from /opt/airflow/dags/predict_daily.py
[2026-07-10T03:54:34.908+0000] {processor.py:179} INFO - Processing /opt/airflow/dags/predict_daily.py took 4.409 seconds
[2026-07-10T03:55:05.819+0000] {processor.py:157} INFO - Started process (PID=26844) to work on /opt/airflow/dags/predict_daily.py
[2026-07-10T03:55:05.820+0000] {processor.py:829} INFO - Processing file /opt/airflow/dags/predict_daily.py for tasks to queue
[2026-07-10T03:55:05.821+0000] {logging_mixin.py:151} INFO - [2026-07-10T03:55:05.820+0000] {dagbag.py:539} INFO - Filling up the DagBag from /opt/airflow/dags/predict_daily.py
[2026-07-10T03:55:09.756+0000] {processor.py:841} WARNING - No viable dags retrieved from /opt/airflow/dags/predict_daily.py
[2026-07-10T03:55:09.777+0000] {processor.py:179} INFO - Processing /opt/airflow/dags/predict_daily.py took 3.962 seconds
[2026-07-10T03:55:40.285+0000] {processor.py:157} INFO - Started process (PID=26882) to work on /opt/airflow/dags/predict_daily.py
[2026-07-10T03:55:40.287+0000] {processor.py:829} INFO - Processing file /opt/airflow/dags/predict_daily.py for tasks to queue
[2026-07-10T03:55:40.290+0000] {logging_mixin.py:151} INFO - [2026-07-10T03:55:40.289+0000] {dagbag.py:539} INFO - Filling up the DagBag from /opt/airflow/dags/predict_daily.py
[2026-07-10T03:55:44.962+0000] {processor.py:841} WARNING - No viable dags retrieved from /opt/airflow/dags/predict_daily.py
[2026-07-10T03:55:45.027+0000] {processor.py:179} INFO - Processing /opt/airflow/dags/predict_daily.py took 4.753 seconds
[2026-07-10T03:56:15.732+0000] {processor.py:157} INFO - Started process (PID=26915) to work on /opt/airflow/dags/predict_daily.py
[2026-07-10T03:56:15.734+0000] {processor.py:829} INFO - Processing file /opt/airflow/dags/predict_daily.py for tasks to queue
[2026-07-10T03:56:15.735+0000] {logging_mixin.py:151} INFO - [2026-07-10T03:56:15.734+0000] {dagbag.py:539} INFO - Filling up the DagBag from /opt/airflow/dags/predict_daily.py
[2026-07-10T03:56:19.470+0000] {processor.py:841} WARNING - No viable dags retrieved from /opt/airflow/dags/predict_daily.py
[2026-07-10T03:56:19.482+0000] {processor.py:179} INFO - Processing /opt/airflow/dags/predict_daily.py took 3.753 seconds
[2026-07-10T03:56:50.163+0000] {processor.py:157} INFO - Started process (PID=26955) to work on /opt/airflow/dags/predict_daily.py
[2026-07-10T03:56:50.165+0000] {processor.py:829} INFO - Processing file /opt/airflow/dags/predict_daily.py for tasks to queue
[2026-07-10T03:56:50.168+0000] {logging_mixin.py:151} INFO - [2026-07-10T03:56:50.167+0000] {dagbag.py:539} INFO - Filling up the DagBag from /opt/airflow/dags/predict_daily.py
[2026-07-10T03:56:56.759+0000] {processor.py:841} WARNING - No viable dags retrieved from /opt/airflow/dags/predict_daily.py
[2026-07-10T03:56:56.903+0000] {processor.py:179} INFO - Processing /opt/airflow/dags/predict_daily.py took 6.747 seconds
[2026-07-10T03:57:27.581+0000] {processor.py:157} INFO - Started process (PID=26988) to work on /opt/airflow/dags/predict_daily.py
[2026-07-10T03:57:27.585+0000] {processor.py:829} INFO - Processing file /opt/airflow/dags/predict_daily.py for tasks to queue
[2026-07-10T03:57:27.594+0000] {logging_mixin.py:151} INFO - [2026-07-10T03:57:27.593+0000] {dagbag.py:539} INFO - Filling up the DagBag from /opt/airflow/dags/predict_daily.py
[2026-07-10T03:57:31.751+0000] {processor.py:841} WARNING - No viable dags retrieved from /opt/airflow/dags/predict_daily.py
[2026-07-10T03:57:31.764+0000] {processor.py:179} INFO - Processing /opt/airflow/dags/predict_daily.py took 4.192 seconds
[2026-07-10T03:58:01.955+0000] {processor.py:157} INFO - Started process (PID=27021) to work on /opt/airflow/dags/predict_daily.py
[2026-07-10T03:58:01.957+0000] {processor.py:829} INFO - Processing file /opt/airflow/dags/predict_daily.py for tasks to queue
[2026-07-10T03:58:01.959+0000] {logging_mixin.py:151} INFO - [2026-07-10T03:58:01.959+0000] {dagbag.py:539} INFO - Filling up the DagBag from /opt/airflow/dags/predict_daily.py
[2026-07-10T03:58:05.787+0000] {processor.py:841} WARNING - No viable dags retrieved from /opt/airflow/dags/predict_daily.py
[2026-07-10T03:58:05.800+0000] {processor.py:179} INFO - Processing /opt/airflow/dags/predict_daily.py took 3.853 seconds
[2026-07-10T03:58:36.394+0000] {processor.py:157} INFO - Started process (PID=27054) to work on /opt/airflow/dags/predict_daily.py
[2026-07-10T03:58:36.397+0000] {processor.py:829} INFO - Processing file /opt/airflow/dags/predict_daily.py for tasks to queue
[2026-07-10T03:58:36.399+0000] {logging_mixin.py:151} INFO - [2026-07-10T03:58:36.398+0000] {dagbag.py:539} INFO - Filling up the DagBag from /opt/airflow/dags/predict_daily.py
[2026-07-10T03:58:40.575+0000] {processor.py:841} WARNING - No viable dags retrieved from /opt/airflow/dags/predict_daily.py
[2026-07-10T03:58:40.588+0000] {processor.py:179} INFO - Processing /opt/airflow/dags/predict_daily.py took 4.199 seconds
[2026-07-10T03:59:10.877+0000] {processor.py:157} INFO - Started process (PID=27087) to work on /opt/airflow/dags/predict_daily.py
[2026-07-10T03:59:10.880+0000] {processor.py:829} INFO - Processing file /opt/airflow/dags/predict_daily.py for tasks to queue
[2026-07-10T03:59:10.885+0000] {logging_mixin.py:151} INFO - [2026-07-10T03:59:10.884+0000] {dagbag.py:539} INFO - Filling up the DagBag from /opt/airflow/dags/predict_daily.py
[2026-07-10T03:59:15.104+0000] {processor.py:841} WARNING - No viable dags retrieved from /opt/airflow/dags/predict_daily.py
[2026-07-10T03:59:15.118+0000] {processor.py:179} INFO - Processing /opt/airflow/dags/predict_daily.py took 4.251 seconds
[2026-07-10T03:59:45.563+0000] {processor.py:157} INFO - Started process (PID=27125) to work on /opt/airflow/dags/predict_daily.py
[2026-07-10T03:59:45.565+0000] {processor.py:829} INFO - Processing file /opt/airflow/dags/predict_daily.py for tasks to queue
[2026-07-10T03:59:45.566+0000] {logging_mixin.py:151} INFO - [2026-07-10T03:59:45.566+0000] {dagbag.py:539} INFO - Filling up the DagBag from /opt/airflow/dags/predict_daily.py
[2026-07-10T03:59:49.843+0000] {processor.py:841} WARNING - No viable dags retrieved from /opt/airflow/dags/predict_daily.py
[2026-07-10T03:59:49.866+0000] {processor.py:179} INFO - Processing /opt/airflow/dags/predict_daily.py took 4.310 seconds
[2026-07-10T04:00:20.952+0000] {processor.py:157} INFO - Started process (PID=27165) to work on /opt/airflow/dags/predict_daily.py
[2026-07-10T04:00:20.954+0000] {processor.py:829} INFO - Processing file /opt/airflow/dags/predict_daily.py for tasks to queue
[2026-07-10T04:00:20.955+0000] {logging_mixin.py:151} INFO - [2026-07-10T04:00:20.955+0000] {dagbag.py:539} INFO - Filling up the DagBag from /opt/airflow/dags/predict_daily.py
[2026-07-10T04:00:24.737+0000] {processor.py:841} WARNING - No viable dags retrieved from /opt/airflow/dags/predict_daily.py
[2026-07-10T04:00:24.760+0000] {processor.py:179} INFO - Processing /opt/airflow/dags/predict_daily.py took 3.815 seconds
[2026-07-10T04:00:55.337+0000] {processor.py:157} INFO - Started process (PID=27198) to work on /opt/airflow/dags/predict_daily.py
[2026-07-10T04:00:55.340+0000] {processor.py:829} INFO - Processing file /opt/airflow/dags/predict_daily.py for tasks to queue
[2026-07-10T04:00:55.342+0000] {logging_mixin.py:151} INFO - [2026-07-10T04:00:55.341+0000] {dagbag.py:539} INFO - Filling up the DagBag from /opt/airflow/dags/predict_daily.py
[2026-07-10T04:00:59.737+0000] {processor.py:841} WARNING - No viable dags retrieved from /opt/airflow/dags/predict_daily.py
[2026-07-10T04:00:59.762+0000] {processor.py:179} INFO - Processing /opt/airflow/dags/predict_daily.py took 4.432 seconds
[2026-07-10T04:01:30.838+0000] {processor.py:157} INFO - Started process (PID=27231) to work on /opt/airflow/dags/predict_daily.py
[2026-07-10T04:01:30.841+0000] {processor.py:829} INFO - Processing file /opt/airflow/dags/predict_daily.py for tasks to queue
[2026-07-10T04:01:30.844+0000] {logging_mixin.py:151} INFO - [2026-07-10T04:01:30.843+0000] {dagbag.py:539} INFO - Filling up the DagBag from /opt/airflow/dags/predict_daily.py
[2026-07-10T04:01:34.747+0000] {processor.py:841} WARNING - No viable dags retrieved from /opt/airflow/dags/predict_daily.py
[2026-07-10T04:01:34.768+0000] {processor.py:179} INFO - Processing /opt/airflow/dags/predict_daily.py took 3.940 seconds
[2026-07-10T04:02:05.127+0000] {processor.py:157} INFO - Started process (PID=27263) to work on /opt/airflow/dags/predict_daily.py
[2026-07-10T04:02:05.131+0000] {processor.py:829} INFO - Processing file /opt/airflow/dags/predict_daily.py for tasks to queue
[2026-07-10T04:02:05.137+0000] {logging_mixin.py:151} INFO - [2026-07-10T04:02:05.136+0000] {dagbag.py:539} INFO - Filling up the DagBag from /opt/airflow/dags/predict_daily.py
[2026-07-10T04:02:09.455+0000] {processor.py:841} WARNING - No viable dags retrieved from /opt/airflow/dags/predict_daily.py
[2026-07-10T04:02:09.476+0000] {processor.py:179} INFO - Processing /opt/airflow/dags/predict_daily.py took 4.355 seconds
[2026-07-10T04:02:40.095+0000] {processor.py:157} INFO - Started process (PID=27297) to work on /opt/airflow/dags/predict_daily.py
[2026-07-10T04:02:40.097+0000] {processor.py:829} INFO - Processing file /opt/airflow/dags/predict_daily.py for tasks to queue
[2026-07-10T04:02:40.099+0000] {logging_mixin.py:151} INFO - [2026-07-10T04:02:40.099+0000] {dagbag.py:539} INFO - Filling up the DagBag from /opt/airflow/dags/predict_daily.py
[2026-07-10T04:02:43.730+0000] {processor.py:841} WARNING - No viable dags retrieved from /opt/airflow/dags/predict_daily.py
[2026-07-10T04:02:43.752+0000] {processor.py:179} INFO - Processing /opt/airflow/dags/predict_daily.py took 3.666 seconds
[2026-07-10T04:03:14.269+0000] {processor.py:157} INFO - Started process (PID=27330) to work on /opt/airflow/dags/predict_daily.py
[2026-07-10T04:03:14.271+0000] {processor.py:829} INFO - Processing file /opt/airflow/dags/predict_daily.py for tasks to queue
[2026-07-10T04:03:14.272+0000] {logging_mixin.py:151} INFO - [2026-07-10T04:03:14.272+0000] {dagbag.py:539} INFO - Filling up the DagBag from /opt/airflow/dags/predict_daily.py
[2026-07-10T04:03:18.324+0000] {processor.py:841} WARNING - No viable dags retrieved from /opt/airflow/dags/predict_daily.py
[2026-07-10T04:03:18.341+0000] {processor.py:179} INFO - Processing /opt/airflow/dags/predict_daily.py took 4.076 seconds
[2026-07-10T04:03:48.685+0000] {processor.py:157} INFO - Started process (PID=27374) to work on /opt/airflow/dags/predict_daily.py
[2026-07-10T04:03:48.687+0000] {processor.py:829} INFO - Processing file /opt/airflow/dags/predict_daily.py for tasks to queue
[2026-07-10T04:03:48.689+0000] {logging_mixin.py:151} INFO - [2026-07-10T04:03:48.688+0000] {dagbag.py:539} INFO - Filling up the DagBag from /opt/airflow/dags/predict_daily.py
[2026-07-10T04:03:52.642+0000] {processor.py:841} WARNING - No viable dags retrieved from /opt/airflow/dags/predict_daily.py
[2026-07-10T04:03:52.655+0000] {processor.py:179} INFO - Processing /opt/airflow/dags/predict_daily.py took 3.977 seconds
[2026-07-10T04:04:23.163+0000] {processor.py:157} INFO - Started process (PID=27407) to work on /opt/airflow/dags/predict_daily.py
[2026-07-10T04:04:23.167+0000] {processor.py:829} INFO - Processing file /opt/airflow/dags/predict_daily.py for tasks to queue
[2026-07-10T04:04:23.170+0000] {logging_mixin.py:151} INFO - [2026-07-10T04:04:23.169+0000] {dagbag.py:539} INFO - Filling up the DagBag from /opt/airflow/dags/predict_daily.py
[2026-07-10T04:04:27.230+0000] {processor.py:841} WARNING - No viable dags retrieved from /opt/airflow/dags/predict_daily.py
[2026-07-10T04:04:27.254+0000] {processor.py:179} INFO - Processing /opt/airflow/dags/predict_daily.py took 4.098 seconds
[2026-07-10T04:04:57.741+0000] {processor.py:157} INFO - Started process (PID=27440) to work on /opt/airflow/dags/predict_daily.py
[2026-07-10T04:04:57.746+0000] {processor.py:829} INFO - Processing file /opt/airflow/dags/predict_daily.py for tasks to queue
[2026-07-10T04:04:57.750+0000] {logging_mixin.py:151} INFO - [2026-07-10T04:04:57.749+0000] {dagbag.py:539} INFO - Filling up the DagBag from /opt/airflow/dags/predict_daily.py
[2026-07-10T04:05:01.657+0000] {processor.py:841} WARNING - No viable dags retrieved from /opt/airflow/dags/predict_daily.py
[2026-07-10T04:05:01.679+0000] {processor.py:179} INFO - Processing /opt/airflow/dags/predict_daily.py took 3.946 seconds
[2026-07-10T04:05:32.157+0000] {processor.py:157} INFO - Started process (PID=27473) to work on /opt/airflow/dags/predict_daily.py
[2026-07-10T04:05:32.158+0000] {processor.py:829} INFO - Processing file /opt/airflow/dags/predict_daily.py for tasks to queue
[2026-07-10T04:05:32.159+0000] {logging_mixin.py:151} INFO - [2026-07-10T04:05:32.159+0000] {dagbag.py:539} INFO - Filling up the DagBag from /opt/airflow/dags/predict_daily.py
[2026-07-10T04:05:35.742+0000] {processor.py:841} WARNING - No viable dags retrieved from /opt/airflow/dags/predict_daily.py
[2026-07-10T04:05:35.753+0000] {processor.py:179} INFO - Processing /opt/airflow/dags/predict_daily.py took 3.600 seconds
[2026-07-10T04:06:06.614+0000] {processor.py:157} INFO - Started process (PID=27506) to work on /opt/airflow/dags/predict_daily.py
[2026-07-10T04:06:06.616+0000] {processor.py:829} INFO - Processing file /opt/airflow/dags/predict_daily.py for tasks to queue
[2026-07-10T04:06:06.618+0000] {logging_mixin.py:151} INFO - [2026-07-10T04:06:06.617+0000] {dagbag.py:539} INFO - Filling up the DagBag from /opt/airflow/dags/predict_daily.py
[2026-07-10T04:06:10.786+0000] {processor.py:841} WARNING - No viable dags retrieved from /opt/airflow/dags/predict_daily.py
[2026-07-10T04:06:10.807+0000] {processor.py:179} INFO - Processing /opt/airflow/dags/predict_daily.py took 4.200 seconds
[2026-07-10T04:06:41.248+0000] {processor.py:157} INFO - Started process (PID=27539) to work on /opt/airflow/dags/predict_daily.py
[2026-07-10T04:06:41.249+0000] {processor.py:829} INFO - Processing file /opt/airflow/dags/predict_daily.py for tasks to queue
[2026-07-10T04:06:41.251+0000] {logging_mixin.py:151} INFO - [2026-07-10T04:06:41.250+0000] {dagbag.py:539} INFO - Filling up the DagBag from /opt/airflow/dags/predict_daily.py
[2026-07-10T04:06:45.044+0000] {processor.py:841} WARNING - No viable dags retrieved from /opt/airflow/dags/predict_daily.py
[2026-07-10T04:06:45.064+0000] {processor.py:179} INFO - Processing /opt/airflow/dags/predict_daily.py took 3.824 seconds
[2026-07-10T04:07:15.563+0000] {processor.py:157} INFO - Started process (PID=27572) to work on /opt/airflow/dags/predict_daily.py
[2026-07-10T04:07:15.565+0000] {processor.py:829} INFO - Processing file /opt/airflow/dags/predict_daily.py for tasks to queue
[2026-07-10T04:07:15.567+0000] {logging_mixin.py:151} INFO - [2026-07-10T04:07:15.566+0000] {dagbag.py:539} INFO - Filling up the DagBag from /opt/airflow/dags/predict_daily.py
[2026-07-10T04:07:19.839+0000] {processor.py:841} WARNING - No viable dags retrieved from /opt/airflow/dags/predict_daily.py
[2026-07-10T04:07:19.854+0000] {processor.py:179} INFO - Processing /opt/airflow/dags/predict_daily.py took 4.297 seconds
[2026-07-10T04:07:50.365+0000] {processor.py:157} INFO - Started process (PID=27612) to work on /opt/airflow/dags/predict_daily.py
[2026-07-10T04:07:50.367+0000] {processor.py:829} INFO - Processing file /opt/airflow/dags/predict_daily.py for tasks to queue
[2026-07-10T04:07:50.370+0000] {logging_mixin.py:151} INFO - [2026-07-10T04:07:50.369+0000] {dagbag.py:539} INFO - Filling up the DagBag from /opt/airflow/dags/predict_daily.py
[2026-07-10T04:07:53.953+0000] {processor.py:841} WARNING - No viable dags retrieved from /opt/airflow/dags/predict_daily.py
[2026-07-10T04:07:53.973+0000] {processor.py:179} INFO - Processing /opt/airflow/dags/predict_daily.py took 3.614 seconds
[2026-07-10T04:08:24.684+0000] {processor.py:157} INFO - Started process (PID=27650) to work on /opt/airflow/dags/predict_daily.py
[2026-07-10T04:08:24.686+0000] {processor.py:829} INFO - Processing file /opt/airflow/dags/predict_daily.py for tasks to queue
[2026-07-10T04:08:24.688+0000] {logging_mixin.py:151} INFO - [2026-07-10T04:08:24.688+0000] {dagbag.py:539} INFO - Filling up the DagBag from /opt/airflow/dags/predict_daily.py
[2026-07-10T04:08:28.628+0000] {processor.py:841} WARNING - No viable dags retrieved from /opt/airflow/dags/predict_daily.py
[2026-07-10T04:08:28.646+0000] {processor.py:179} INFO - Processing /opt/airflow/dags/predict_daily.py took 3.970 seconds
[2026-07-10T06:11:41.728+0000] {processor.py:157} INFO - Started process (PID=27685) to work on /opt/airflow/dags/predict_daily.py
[2026-07-10T06:11:41.755+0000] {processor.py:829} INFO - Processing file /opt/airflow/dags/predict_daily.py for tasks to queue
[2026-07-10T06:11:41.790+0000] {logging_mixin.py:151} INFO - [2026-07-10T06:11:41.789+0000] {dagbag.py:539} INFO - Filling up the DagBag from /opt/airflow/dags/predict_daily.py
[2026-07-10T06:11:52.354+0000] {processor.py:841} WARNING - No viable dags retrieved from /opt/airflow/dags/predict_daily.py
[2026-07-10T06:11:52.382+0000] {processor.py:179} INFO - Processing /opt/airflow/dags/predict_daily.py took 10.673 seconds
[2026-07-10T06:12:23.535+0000] {processor.py:157} INFO - Started process (PID=27719) to work on /opt/airflow/dags/predict_daily.py
[2026-07-10T06:12:23.538+0000] {processor.py:829} INFO - Processing file /opt/airflow/dags/predict_daily.py for tasks to queue
[2026-07-10T06:12:23.541+0000] {logging_mixin.py:151} INFO - [2026-07-10T06:12:23.540+0000] {dagbag.py:539} INFO - Filling up the DagBag from /opt/airflow/dags/predict_daily.py
[2026-07-10T06:12:28.126+0000] {processor.py:841} WARNING - No viable dags retrieved from /opt/airflow/dags/predict_daily.py
[2026-07-10T06:12:28.157+0000] {processor.py:179} INFO - Processing /opt/airflow/dags/predict_daily.py took 4.628 seconds
[2026-07-10T06:12:58.952+0000] {processor.py:157} INFO - Started process (PID=27759) to work on /opt/airflow/dags/predict_daily.py
[2026-07-10T06:12:58.954+0000] {processor.py:829} INFO - Processing file /opt/airflow/dags/predict_daily.py for tasks to queue
[2026-07-10T06:12:58.960+0000] {logging_mixin.py:151} INFO - [2026-07-10T06:12:58.957+0000] {dagbag.py:539} INFO - Filling up the DagBag from /opt/airflow/dags/predict_daily.py
[2026-07-10T06:13:05.457+0000] {processor.py:841} WARNING - No viable dags retrieved from /opt/airflow/dags/predict_daily.py
[2026-07-10T06:13:05.513+0000] {processor.py:179} INFO - Processing /opt/airflow/dags/predict_daily.py took 6.569 seconds
[2026-07-10T06:13:36.336+0000] {processor.py:157} INFO - Started process (PID=27797) to work on /opt/airflow/dags/predict_daily.py
[2026-07-10T06:13:36.340+0000] {processor.py:829} INFO - Processing file /opt/airflow/dags/predict_daily.py for tasks to queue
[2026-07-10T06:13:36.343+0000] {logging_mixin.py:151} INFO - [2026-07-10T06:13:36.342+0000] {dagbag.py:539} INFO - Filling up the DagBag from /opt/airflow/dags/predict_daily.py
[2026-07-10T06:13:42.636+0000] {processor.py:841} WARNING - No viable dags retrieved from /opt/airflow/dags/predict_daily.py
[2026-07-10T06:13:42.663+0000] {processor.py:179} INFO - Processing /opt/airflow/dags/predict_daily.py took 6.337 seconds
[2026-07-10T06:14:13.303+0000] {processor.py:157} INFO - Started process (PID=27830) to work on /opt/airflow/dags/predict_daily.py
[2026-07-10T06:14:13.306+0000] {processor.py:829} INFO - Processing file /opt/airflow/dags/predict_daily.py for tasks to queue
[2026-07-10T06:14:13.308+0000] {logging_mixin.py:151} INFO - [2026-07-10T06:14:13.307+0000] {dagbag.py:539} INFO - Filling up the DagBag from /opt/airflow/dags/predict_daily.py
[2026-07-10T06:14:18.614+0000] {processor.py:841} WARNING - No viable dags retrieved from /opt/airflow/dags/predict_daily.py
[2026-07-10T06:14:18.645+0000] {processor.py:179} INFO - Processing /opt/airflow/dags/predict_daily.py took 5.352 seconds
[2026-07-10T06:14:49.655+0000] {processor.py:157} INFO - Started process (PID=27862) to work on /opt/airflow/dags/predict_daily.py
[2026-07-10T06:14:49.656+0000] {processor.py:829} INFO - Processing file /opt/airflow/dags/predict_daily.py for tasks to queue
[2026-07-10T06:14:49.658+0000] {logging_mixin.py:151} INFO - [2026-07-10T06:14:49.657+0000] {dagbag.py:539} INFO - Filling up the DagBag from /opt/airflow/dags/predict_daily.py
[2026-07-10T06:14:54.600+0000] {processor.py:841} WARNING - No viable dags retrieved from /opt/airflow/dags/predict_daily.py
[2026-07-10T06:14:54.624+0000] {processor.py:179} INFO - Processing /opt/airflow/dags/predict_daily.py took 4.978 seconds
[2026-07-10T06:15:24.950+0000] {processor.py:157} INFO - Started process (PID=27895) to work on /opt/airflow/dags/predict_daily.py
[2026-07-10T06:15:24.951+0000] {processor.py:829} INFO - Processing file /opt/airflow/dags/predict_daily.py for tasks to queue
[2026-07-10T06:15:24.952+0000] {logging_mixin.py:151} INFO - [2026-07-10T06:15:24.952+0000] {dagbag.py:539} INFO - Filling up the DagBag from /opt/airflow/dags/predict_daily.py
[2026-07-10T06:15:29.825+0000] {processor.py:841} WARNING - No viable dags retrieved from /opt/airflow/dags/predict_daily.py
[2026-07-10T06:15:29.849+0000] {processor.py:179} INFO - Processing /opt/airflow/dags/predict_daily.py took 4.906 seconds
[2026-07-10T06:16:00.113+0000] {processor.py:157} INFO - Started process (PID=27935) to work on /opt/airflow/dags/predict_daily.py
[2026-07-10T06:16:00.115+0000] {processor.py:829} INFO - Processing file /opt/airflow/dags/predict_daily.py for tasks to queue
[2026-07-10T06:16:00.117+0000] {logging_mixin.py:151} INFO - [2026-07-10T06:16:00.117+0000] {dagbag.py:539} INFO - Filling up the DagBag from /opt/airflow/dags/predict_daily.py
[2026-07-10T06:16:05.104+0000] {processor.py:841} WARNING - No viable dags retrieved from /opt/airflow/dags/predict_daily.py
[2026-07-10T06:16:05.238+0000] {processor.py:179} INFO - Processing /opt/airflow/dags/predict_daily.py took 5.132 seconds
[2026-07-10T06:16:36.182+0000] {processor.py:157} INFO - Started process (PID=27969) to work on /opt/airflow/dags/predict_daily.py
[2026-07-10T06:16:36.184+0000] {processor.py:829} INFO - Processing file /opt/airflow/dags/predict_daily.py for tasks to queue
[2026-07-10T06:16:36.185+0000] {logging_mixin.py:151} INFO - [2026-07-10T06:16:36.185+0000] {dagbag.py:539} INFO - Filling up the DagBag from /opt/airflow/dags/predict_daily.py
[2026-07-10T06:16:44.917+0000] {processor.py:841} WARNING - No viable dags retrieved from /opt/airflow/dags/predict_daily.py
[2026-07-10T06:16:44.941+0000] {processor.py:179} INFO - Processing /opt/airflow/dags/predict_daily.py took 8.799 seconds
[2026-07-10T06:17:15.634+0000] {processor.py:157} INFO - Started process (PID=28007) to work on /opt/airflow/dags/predict_daily.py
[2026-07-10T06:17:15.636+0000] {processor.py:829} INFO - Processing file /opt/airflow/dags/predict_daily.py for tasks to queue
[2026-07-10T06:17:15.639+0000] {logging_mixin.py:151} INFO - [2026-07-10T06:17:15.638+0000] {dagbag.py:539} INFO - Filling up the DagBag from /opt/airflow/dags/predict_daily.py
[2026-07-10T06:17:21.426+0000] {processor.py:841} WARNING - No viable dags retrieved from /opt/airflow/dags/predict_daily.py
[2026-07-10T06:17:21.481+0000] {processor.py:179} INFO - Processing /opt/airflow/dags/predict_daily.py took 5.862 seconds
[2026-07-10T06:17:52.355+0000] {processor.py:157} INFO - Started process (PID=28040) to work on /opt/airflow/dags/predict_daily.py
[2026-07-10T06:17:52.358+0000] {processor.py:829} INFO - Processing file /opt/airflow/dags/predict_daily.py for tasks to queue
[2026-07-10T06:17:52.361+0000] {logging_mixin.py:151} INFO - [2026-07-10T06:17:52.361+0000] {dagbag.py:539} INFO - Filling up the DagBag from /opt/airflow/dags/predict_daily.py
[2026-07-10T06:17:57.310+0000] {processor.py:841} WARNING - No viable dags retrieved from /opt/airflow/dags/predict_daily.py
[2026-07-10T06:17:57.331+0000] {processor.py:179} INFO - Processing /opt/airflow/dags/predict_daily.py took 4.989 seconds
[2026-07-10T06:18:27.826+0000] {processor.py:157} INFO - Started process (PID=28074) to work on /opt/airflow/dags/predict_daily.py
[2026-07-10T06:18:27.828+0000] {processor.py:829} INFO - Processing file /opt/airflow/dags/predict_daily.py for tasks to queue
[2026-07-10T06:18:27.830+0000] {logging_mixin.py:151} INFO - [2026-07-10T06:18:27.829+0000] {dagbag.py:539} INFO - Filling up the DagBag from /opt/airflow/dags/predict_daily.py
[2026-07-10T06:18:33.063+0000] {processor.py:841} WARNING - No viable dags retrieved from /opt/airflow/dags/predict_daily.py
[2026-07-10T06:18:33.095+0000] {processor.py:179} INFO - Processing /opt/airflow/dags/predict_daily.py took 5.278 seconds
[2026-07-10T06:19:04.143+0000] {processor.py:157} INFO - Started process (PID=28115) to work on /opt/airflow/dags/predict_daily.py
[2026-07-10T06:19:04.144+0000] {processor.py:829} INFO - Processing file /opt/airflow/dags/predict_daily.py for tasks to queue
[2026-07-10T06:19:04.145+0000] {logging_mixin.py:151} INFO - [2026-07-10T06:19:04.145+0000] {dagbag.py:539} INFO - Filling up the DagBag from /opt/airflow/dags/predict_daily.py
[2026-07-10T06:19:08.825+0000] {processor.py:841} WARNING - No viable dags retrieved from /opt/airflow/dags/predict_daily.py
[2026-07-10T06:19:08.851+0000] {processor.py:179} INFO - Processing /opt/airflow/dags/predict_daily.py took 4.713 seconds
[2026-07-10T06:19:39.603+0000] {processor.py:157} INFO - Started process (PID=28148) to work on /opt/airflow/dags/predict_daily.py
[2026-07-10T06:19:39.607+0000] {processor.py:829} INFO - Processing file /opt/airflow/dags/predict_daily.py for tasks to queue
[2026-07-10T06:19:39.610+0000] {logging_mixin.py:151} INFO - [2026-07-10T06:19:39.609+0000] {dagbag.py:539} INFO - Filling up the DagBag from /opt/airflow/dags/predict_daily.py
[2026-07-10T06:19:44.472+0000] {processor.py:841} WARNING - No viable dags retrieved from /opt/airflow/dags/predict_daily.py
[2026-07-10T06:19:44.496+0000] {processor.py:179} INFO - Processing /opt/airflow/dags/predict_daily.py took 4.901 seconds
[2026-07-10T06:20:14.832+0000] {processor.py:157} INFO - Started process (PID=28181) to work on /opt/airflow/dags/predict_daily.py
[2026-07-10T06:20:14.833+0000] {processor.py:829} INFO - Processing file /opt/airflow/dags/predict_daily.py for tasks to queue
[2026-07-10T06:20:14.835+0000] {logging_mixin.py:151} INFO - [2026-07-10T06:20:14.835+0000] {dagbag.py:539} INFO - Filling up the DagBag from /opt/airflow/dags/predict_daily.py
[2026-07-10T06:20:20.532+0000] {processor.py:841} WARNING - No viable dags retrieved from /opt/airflow/dags/predict_daily.py
[2026-07-10T06:20:20.593+0000] {processor.py:179} INFO - Processing /opt/airflow/dags/predict_daily.py took 5.766 seconds
[2026-07-10T06:20:51.287+0000] {processor.py:157} INFO - Started process (PID=28214) to work on /opt/airflow/dags/predict_daily.py
[2026-07-10T06:20:51.289+0000] {processor.py:829} INFO - Processing file /opt/airflow/dags/predict_daily.py for tasks to queue
[2026-07-10T06:20:51.293+0000] {logging_mixin.py:151} INFO - [2026-07-10T06:20:51.291+0000] {dagbag.py:539} INFO - Filling up the DagBag from /opt/airflow/dags/predict_daily.py
[2026-07-10T06:20:55.702+0000] {processor.py:841} WARNING - No viable dags retrieved from /opt/airflow/dags/predict_daily.py
[2026-07-10T06:20:55.729+0000] {processor.py:179} INFO - Processing /opt/airflow/dags/predict_daily.py took 4.457 seconds
[2026-07-10T06:21:26.078+0000] {processor.py:157} INFO - Started process (PID=28247) to work on /opt/airflow/dags/predict_daily.py
[2026-07-10T06:21:26.082+0000] {processor.py:829} INFO - Processing file /opt/airflow/dags/predict_daily.py for tasks to queue
[2026-07-10T06:21:26.086+0000] {logging_mixin.py:151} INFO - [2026-07-10T06:21:26.085+0000] {dagbag.py:539} INFO - Filling up the DagBag from /opt/airflow/dags/predict_daily.py
[2026-07-10T06:21:31.157+0000] {processor.py:841} WARNING - No viable dags retrieved from /opt/airflow/dags/predict_daily.py
[2026-07-10T06:21:31.184+0000] {processor.py:179} INFO - Processing /opt/airflow/dags/predict_daily.py took 5.116 seconds
[2026-07-10T06:22:01.406+0000] {processor.py:157} INFO - Started process (PID=28287) to work on /opt/airflow/dags/predict_daily.py
[2026-07-10T06:22:01.408+0000] {processor.py:829} INFO - Processing file /opt/airflow/dags/predict_daily.py for tasks to queue
[2026-07-10T06:22:01.411+0000] {logging_mixin.py:151} INFO - [2026-07-10T06:22:01.410+0000] {dagbag.py:539} INFO - Filling up the DagBag from /opt/airflow/dags/predict_daily.py
[2026-07-10T06:22:06.218+0000] {processor.py:841} WARNING - No viable dags retrieved from /opt/airflow/dags/predict_daily.py
[2026-07-10T06:22:06.235+0000] {processor.py:179} INFO - Processing /opt/airflow/dags/predict_daily.py took 4.836 seconds
[2026-07-10T06:22:36.460+0000] {processor.py:157} INFO - Started process (PID=28320) to work on /opt/airflow/dags/predict_daily.py
[2026-07-10T06:22:36.462+0000] {processor.py:829} INFO - Processing file /opt/airflow/dags/predict_daily.py for tasks to queue
[2026-07-10T06:22:36.466+0000] {logging_mixin.py:151} INFO - [2026-07-10T06:22:36.464+0000] {dagbag.py:539} INFO - Filling up the DagBag from /opt/airflow/dags/predict_daily.py
[2026-07-10T06:22:41.756+0000] {processor.py:841} WARNING - No viable dags retrieved from /opt/airflow/dags/predict_daily.py
[2026-07-10T06:22:41.810+0000] {processor.py:179} INFO - Processing /opt/airflow/dags/predict_daily.py took 5.360 seconds
[2026-07-10T06:23:12.293+0000] {processor.py:157} INFO - Started process (PID=28358) to work on /opt/airflow/dags/predict_daily.py
[2026-07-10T06:23:12.295+0000] {processor.py:829} INFO - Processing file /opt/airflow/dags/predict_daily.py for tasks to queue
[2026-07-10T06:23:12.298+0000] {logging_mixin.py:151} INFO - [2026-07-10T06:23:12.297+0000] {dagbag.py:539} INFO - Filling up the DagBag from /opt/airflow/dags/predict_daily.py
[2026-07-10T06:23:17.028+0000] {processor.py:841} WARNING - No viable dags retrieved from /opt/airflow/dags/predict_daily.py
[2026-07-10T06:23:17.051+0000] {processor.py:179} INFO - Processing /opt/airflow/dags/predict_daily.py took 4.766 seconds
[2026-07-10T06:23:47.945+0000] {processor.py:157} INFO - Started process (PID=28391) to work on /opt/airflow/dags/predict_daily.py
[2026-07-10T06:23:47.948+0000] {processor.py:829} INFO - Processing file /opt/airflow/dags/predict_daily.py for tasks to queue
[2026-07-10T06:23:47.949+0000] {logging_mixin.py:151} INFO - [2026-07-10T06:23:47.949+0000] {dagbag.py:539} INFO - Filling up the DagBag from /opt/airflow/dags/predict_daily.py
[2026-07-10T06:23:52.647+0000] {processor.py:841} WARNING - No viable dags retrieved from /opt/airflow/dags/predict_daily.py
[2026-07-10T06:23:52.668+0000] {processor.py:179} INFO - Processing /opt/airflow/dags/predict_daily.py took 4.734 seconds
[2026-07-10T06:24:23.441+0000] {processor.py:157} INFO - Started process (PID=28424) to work on /opt/airflow/dags/predict_daily.py
[2026-07-10T06:24:23.444+0000] {processor.py:829} INFO - Processing file /opt/airflow/dags/predict_daily.py for tasks to queue
[2026-07-10T06:24:23.446+0000] {logging_mixin.py:151} INFO - [2026-07-10T06:24:23.445+0000] {dagbag.py:539} INFO - Filling up the DagBag from /opt/airflow/dags/predict_daily.py
[2026-07-10T06:24:28.433+0000] {processor.py:841} WARNING - No viable dags retrieved from /opt/airflow/dags/predict_daily.py
[2026-07-10T06:24:28.470+0000] {processor.py:179} INFO - Processing /opt/airflow/dags/predict_daily.py took 5.038 seconds
[2026-07-10T06:24:59.104+0000] {processor.py:157} INFO - Started process (PID=28456) to work on /opt/airflow/dags/predict_daily.py
[2026-07-10T06:24:59.106+0000] {processor.py:829} INFO - Processing file /opt/airflow/dags/predict_daily.py for tasks to queue
[2026-07-10T06:24:59.107+0000] {logging_mixin.py:151} INFO - [2026-07-10T06:24:59.107+0000] {dagbag.py:539} INFO - Filling up the DagBag from /opt/airflow/dags/predict_daily.py
[2026-07-10T06:25:04.208+0000] {processor.py:841} WARNING - No viable dags retrieved from /opt/airflow/dags/predict_daily.py
[2026-07-10T06:25:04.233+0000] {processor.py:179} INFO - Processing /opt/airflow/dags/predict_daily.py took 5.133 seconds
[2026-07-10T06:25:34.415+0000] {processor.py:157} INFO - Started process (PID=28495) to work on /opt/airflow/dags/predict_daily.py
[2026-07-10T06:25:34.419+0000] {processor.py:829} INFO - Processing file /opt/airflow/dags/predict_daily.py for tasks to queue
[2026-07-10T06:25:34.421+0000] {logging_mixin.py:151} INFO - [2026-07-10T06:25:34.420+0000] {dagbag.py:539} INFO - Filling up the DagBag from /opt/airflow/dags/predict_daily.py
[2026-07-10T06:25:39.554+0000] {processor.py:841} WARNING - No viable dags retrieved from /opt/airflow/dags/predict_daily.py
[2026-07-10T06:25:39.577+0000] {processor.py:179} INFO - Processing /opt/airflow/dags/predict_daily.py took 5.169 seconds
[2026-07-10T06:26:09.781+0000] {processor.py:157} INFO - Started process (PID=28528) to work on /opt/airflow/dags/predict_daily.py
[2026-07-10T06:26:09.784+0000] {processor.py:829} INFO - Processing file /opt/airflow/dags/predict_daily.py for tasks to queue
[2026-07-10T06:26:09.786+0000] {logging_mixin.py:151} INFO - [2026-07-10T06:26:09.786+0000] {dagbag.py:539} INFO - Filling up the DagBag from /opt/airflow/dags/predict_daily.py
[2026-07-10T06:26:14.824+0000] {processor.py:841} WARNING - No viable dags retrieved from /opt/airflow/dags/predict_daily.py
[2026-07-10T06:26:14.848+0000] {processor.py:179} INFO - Processing /opt/airflow/dags/predict_daily.py took 5.073 seconds
[2026-07-10T06:26:45.520+0000] {processor.py:157} INFO - Started process (PID=28561) to work on /opt/airflow/dags/predict_daily.py
[2026-07-10T06:26:45.523+0000] {processor.py:829} INFO - Processing file /opt/airflow/dags/predict_daily.py for tasks to queue
[2026-07-10T06:26:45.525+0000] {logging_mixin.py:151} INFO - [2026-07-10T06:26:45.524+0000] {dagbag.py:539} INFO - Filling up the DagBag from /opt/airflow/dags/predict_daily.py
[2026-07-10T06:26:51.086+0000] {processor.py:841} WARNING - No viable dags retrieved from /opt/airflow/dags/predict_daily.py
[2026-07-10T06:26:51.117+0000] {processor.py:179} INFO - Processing /opt/airflow/dags/predict_daily.py took 5.604 seconds
[2026-07-10T06:27:22.238+0000] {processor.py:157} INFO - Started process (PID=28599) to work on /opt/airflow/dags/predict_daily.py
[2026-07-10T06:27:22.240+0000] {processor.py:829} INFO - Processing file /opt/airflow/dags/predict_daily.py for tasks to queue
[2026-07-10T06:27:22.243+0000] {logging_mixin.py:151} INFO - [2026-07-10T06:27:22.242+0000] {dagbag.py:539} INFO - Filling up the DagBag from /opt/airflow/dags/predict_daily.py
[2026-07-10T06:27:26.854+0000] {processor.py:841} WARNING - No viable dags retrieved from /opt/airflow/dags/predict_daily.py
[2026-07-10T06:27:26.869+0000] {processor.py:179} INFO - Processing /opt/airflow/dags/predict_daily.py took 4.647 seconds
[2026-07-10T06:27:57.886+0000] {processor.py:157} INFO - Started process (PID=28632) to work on /opt/airflow/dags/predict_daily.py
[2026-07-10T06:27:57.891+0000] {processor.py:829} INFO - Processing file /opt/airflow/dags/predict_daily.py for tasks to queue
[2026-07-10T06:27:57.893+0000] {logging_mixin.py:151} INFO - [2026-07-10T06:27:57.892+0000] {dagbag.py:539} INFO - Filling up the DagBag from /opt/airflow/dags/predict_daily.py
[2026-07-10T06:28:03.844+0000] {processor.py:841} WARNING - No viable dags retrieved from /opt/airflow/dags/predict_daily.py
[2026-07-10T06:28:03.876+0000] {processor.py:179} INFO - Processing /opt/airflow/dags/predict_daily.py took 5.998 seconds
[2026-07-10T06:28:34.731+0000] {processor.py:157} INFO - Started process (PID=28673) to work on /opt/airflow/dags/predict_daily.py
[2026-07-10T06:28:34.734+0000] {processor.py:829} INFO - Processing file /opt/airflow/dags/predict_daily.py for tasks to queue
[2026-07-10T06:28:34.736+0000] {logging_mixin.py:151} INFO - [2026-07-10T06:28:34.735+0000] {dagbag.py:539} INFO - Filling up the DagBag from /opt/airflow/dags/predict_daily.py
[2026-07-10T06:28:39.522+0000] {processor.py:841} WARNING - No viable dags retrieved from /opt/airflow/dags/predict_daily.py
[2026-07-10T06:28:39.548+0000] {processor.py:179} INFO - Processing /opt/airflow/dags/predict_daily.py took 4.827 seconds
[2026-07-10T06:29:10.125+0000] {processor.py:157} INFO - Started process (PID=28706) to work on /opt/airflow/dags/predict_daily.py
[2026-07-10T06:29:10.128+0000] {processor.py:829} INFO - Processing file /opt/airflow/dags/predict_daily.py for tasks to queue
[2026-07-10T06:29:10.131+0000] {logging_mixin.py:151} INFO - [2026-07-10T06:29:10.129+0000] {dagbag.py:539} INFO - Filling up the DagBag from /opt/airflow/dags/predict_daily.py
[2026-07-10T06:29:14.846+0000] {processor.py:841} WARNING - No viable dags retrieved from /opt/airflow/dags/predict_daily.py
[2026-07-10T06:29:14.865+0000] {processor.py:179} INFO - Processing /opt/airflow/dags/predict_daily.py took 4.748 seconds
[2026-07-10T06:29:45.326+0000] {processor.py:157} INFO - Started process (PID=28739) to work on /opt/airflow/dags/predict_daily.py
[2026-07-10T06:29:45.328+0000] {processor.py:829} INFO - Processing file /opt/airflow/dags/predict_daily.py for tasks to queue
[2026-07-10T06:29:45.329+0000] {logging_mixin.py:151} INFO - [2026-07-10T06:29:45.328+0000] {dagbag.py:539} INFO - Filling up the DagBag from /opt/airflow/dags/predict_daily.py
[2026-07-10T06:29:50.375+0000] {processor.py:841} WARNING - No viable dags retrieved from /opt/airflow/dags/predict_daily.py
[2026-07-10T06:29:50.398+0000] {processor.py:179} INFO - Processing /opt/airflow/dags/predict_daily.py took 5.076 seconds
[2026-07-10T06:30:21.127+0000] {processor.py:157} INFO - Started process (PID=28772) to work on /opt/airflow/dags/predict_daily.py
[2026-07-10T06:30:21.129+0000] {processor.py:829} INFO - Processing file /opt/airflow/dags/predict_daily.py for tasks to queue
[2026-07-10T06:30:21.133+0000] {logging_mixin.py:151} INFO - [2026-07-10T06:30:21.132+0000] {dagbag.py:539} INFO - Filling up the DagBag from /opt/airflow/dags/predict_daily.py
[2026-07-10T06:30:25.953+0000] {processor.py:841} WARNING - No viable dags retrieved from /opt/airflow/dags/predict_daily.py
[2026-07-10T06:30:25.969+0000] {processor.py:179} INFO - Processing /opt/airflow/dags/predict_daily.py took 4.852 seconds
[2026-07-10T06:30:56.123+0000] {processor.py:157} INFO - Started process (PID=28810) to work on /opt/airflow/dags/predict_daily.py
[2026-07-10T06:30:56.125+0000] {processor.py:829} INFO - Processing file /opt/airflow/dags/predict_daily.py for tasks to queue
[2026-07-10T06:30:56.127+0000] {logging_mixin.py:151} INFO - [2026-07-10T06:30:56.127+0000] {dagbag.py:539} INFO - Filling up the DagBag from /opt/airflow/dags/predict_daily.py
[2026-07-10T06:31:01.035+0000] {processor.py:841} WARNING - No viable dags retrieved from /opt/airflow/dags/predict_daily.py
[2026-07-10T06:31:01.067+0000] {processor.py:179} INFO - Processing /opt/airflow/dags/predict_daily.py took 4.950 seconds
[2026-07-10T06:31:31.321+0000] {processor.py:157} INFO - Started process (PID=28843) to work on /opt/airflow/dags/predict_daily.py
[2026-07-10T06:31:31.324+0000] {processor.py:829} INFO - Processing file /opt/airflow/dags/predict_daily.py for tasks to queue
[2026-07-10T06:31:31.327+0000] {logging_mixin.py:151} INFO - [2026-07-10T06:31:31.326+0000] {dagbag.py:539} INFO - Filling up the DagBag from /opt/airflow/dags/predict_daily.py
[2026-07-10T06:31:35.710+0000] {processor.py:841} WARNING - No viable dags retrieved from /opt/airflow/dags/predict_daily.py
[2026-07-10T06:31:35.725+0000] {processor.py:179} INFO - Processing /opt/airflow/dags/predict_daily.py took 4.412 seconds
[2026-07-10T06:32:06.581+0000] {processor.py:157} INFO - Started process (PID=28883) to work on /opt/airflow/dags/predict_daily.py
[2026-07-10T06:32:06.584+0000] {processor.py:829} INFO - Processing file /opt/airflow/dags/predict_daily.py for tasks to queue
[2026-07-10T06:32:06.587+0000] {logging_mixin.py:151} INFO - [2026-07-10T06:32:06.586+0000] {dagbag.py:539} INFO - Filling up the DagBag from /opt/airflow/dags/predict_daily.py
[2026-07-10T06:32:11.134+0000] {processor.py:841} WARNING - No viable dags retrieved from /opt/airflow/dags/predict_daily.py
[2026-07-10T06:32:11.161+0000] {processor.py:179} INFO - Processing /opt/airflow/dags/predict_daily.py took 4.588 seconds
[2026-07-10T06:32:41.926+0000] {processor.py:157} INFO - Started process (PID=28916) to work on /opt/airflow/dags/predict_daily.py
[2026-07-10T06:32:41.928+0000] {processor.py:829} INFO - Processing file /opt/airflow/dags/predict_daily.py for tasks to queue
[2026-07-10T06:32:41.931+0000] {logging_mixin.py:151} INFO - [2026-07-10T06:32:41.930+0000] {dagbag.py:539} INFO - Filling up the DagBag from /opt/airflow/dags/predict_daily.py
[2026-07-10T06:32:45.872+0000] {processor.py:841} WARNING - No viable dags retrieved from /opt/airflow/dags/predict_daily.py
[2026-07-10T06:32:45.892+0000] {processor.py:179} INFO - Processing /opt/airflow/dags/predict_daily.py took 3.974 seconds
[2026-07-10T06:33:16.454+0000] {processor.py:157} INFO - Started process (PID=28949) to work on /opt/airflow/dags/predict_daily.py
[2026-07-10T06:33:16.456+0000] {processor.py:829} INFO - Processing file /opt/airflow/dags/predict_daily.py for tasks to queue
[2026-07-10T06:33:16.459+0000] {logging_mixin.py:151} INFO - [2026-07-10T06:33:16.458+0000] {dagbag.py:539} INFO - Filling up the DagBag from /opt/airflow/dags/predict_daily.py
[2026-07-10T06:33:20.497+0000] {processor.py:841} WARNING - No viable dags retrieved from /opt/airflow/dags/predict_daily.py
[2026-07-10T06:33:20.533+0000] {processor.py:179} INFO - Processing /opt/airflow/dags/predict_daily.py took 4.086 seconds
[2026-07-10T06:33:51.186+0000] {processor.py:157} INFO - Started process (PID=28982) to work on /opt/airflow/dags/predict_daily.py
[2026-07-10T06:33:51.187+0000] {processor.py:829} INFO - Processing file /opt/airflow/dags/predict_daily.py for tasks to queue
[2026-07-10T06:33:51.189+0000] {logging_mixin.py:151} INFO - [2026-07-10T06:33:51.188+0000] {dagbag.py:539} INFO - Filling up the DagBag from /opt/airflow/dags/predict_daily.py
[2026-07-10T06:33:55.328+0000] {processor.py:841} WARNING - No viable dags retrieved from /opt/airflow/dags/predict_daily.py
[2026-07-10T06:33:55.354+0000] {processor.py:179} INFO - Processing /opt/airflow/dags/predict_daily.py took 4.174 seconds
[2026-07-10T06:34:25.655+0000] {processor.py:157} INFO - Started process (PID=29015) to work on /opt/airflow/dags/predict_daily.py
[2026-07-10T06:34:25.658+0000] {processor.py:829} INFO - Processing file /opt/airflow/dags/predict_daily.py for tasks to queue
[2026-07-10T06:34:25.660+0000] {logging_mixin.py:151} INFO - [2026-07-10T06:34:25.659+0000] {dagbag.py:539} INFO - Filling up the DagBag from /opt/airflow/dags/predict_daily.py
[2026-07-10T06:34:29.595+0000] {processor.py:841} WARNING - No viable dags retrieved from /opt/airflow/dags/predict_daily.py
[2026-07-10T06:34:29.608+0000] {processor.py:179} INFO - Processing /opt/airflow/dags/predict_daily.py took 3.960 seconds
[2026-07-10T06:35:00.199+0000] {processor.py:157} INFO - Started process (PID=29053) to work on /opt/airflow/dags/predict_daily.py
[2026-07-10T06:35:00.201+0000] {processor.py:829} INFO - Processing file /opt/airflow/dags/predict_daily.py for tasks to queue
[2026-07-10T06:35:00.202+0000] {logging_mixin.py:151} INFO - [2026-07-10T06:35:00.202+0000] {dagbag.py:539} INFO - Filling up the DagBag from /opt/airflow/dags/predict_daily.py
[2026-07-10T06:35:02.933+0000] {processor.py:841} WARNING - No viable dags retrieved from /opt/airflow/dags/predict_daily.py
[2026-07-10T06:35:02.947+0000] {processor.py:179} INFO - Processing /opt/airflow/dags/predict_daily.py took 2.754 seconds
[2026-07-10T06:35:33.321+0000] {processor.py:157} INFO - Started process (PID=29086) to work on /opt/airflow/dags/predict_daily.py
[2026-07-10T06:35:33.323+0000] {processor.py:829} INFO - Processing file /opt/airflow/dags/predict_daily.py for tasks to queue
[2026-07-10T06:35:33.325+0000] {logging_mixin.py:151} INFO - [2026-07-10T06:35:33.324+0000] {dagbag.py:539} INFO - Filling up the DagBag from /opt/airflow/dags/predict_daily.py
[2026-07-10T06:35:40.435+0000] {processor.py:841} WARNING - No viable dags retrieved from /opt/airflow/dags/predict_daily.py
[2026-07-10T06:35:40.483+0000] {processor.py:179} INFO - Processing /opt/airflow/dags/predict_daily.py took 7.168 seconds
[2026-07-10T06:36:10.945+0000] {processor.py:157} INFO - Started process (PID=29126) to work on /opt/airflow/dags/predict_daily.py
[2026-07-10T06:36:10.947+0000] {processor.py:829} INFO - Processing file /opt/airflow/dags/predict_daily.py for tasks to queue
[2026-07-10T06:36:10.948+0000] {logging_mixin.py:151} INFO - [2026-07-10T06:36:10.948+0000] {dagbag.py:539} INFO - Filling up the DagBag from /opt/airflow/dags/predict_daily.py
[2026-07-10T06:36:14.503+0000] {processor.py:841} WARNING - No viable dags retrieved from /opt/airflow/dags/predict_daily.py
[2026-07-10T06:36:14.525+0000] {processor.py:179} INFO - Processing /opt/airflow/dags/predict_daily.py took 3.587 seconds
[2026-07-10T06:36:44.711+0000] {processor.py:157} INFO - Started process (PID=29159) to work on /opt/airflow/dags/predict_daily.py
[2026-07-10T06:36:44.712+0000] {processor.py:829} INFO - Processing file /opt/airflow/dags/predict_daily.py for tasks to queue
[2026-07-10T06:36:44.714+0000] {logging_mixin.py:151} INFO - [2026-07-10T06:36:44.713+0000] {dagbag.py:539} INFO - Filling up the DagBag from /opt/airflow/dags/predict_daily.py
[2026-07-10T06:36:48.310+0000] {processor.py:841} WARNING - No viable dags retrieved from /opt/airflow/dags/predict_daily.py
[2026-07-10T06:36:48.322+0000] {processor.py:179} INFO - Processing /opt/airflow/dags/predict_daily.py took 3.615 seconds
[2026-07-10T06:37:18.770+0000] {processor.py:157} INFO - Started process (PID=29192) to work on /opt/airflow/dags/predict_daily.py
[2026-07-10T06:37:18.772+0000] {processor.py:829} INFO - Processing file /opt/airflow/dags/predict_daily.py for tasks to queue
[2026-07-10T06:37:18.774+0000] {logging_mixin.py:151} INFO - [2026-07-10T06:37:18.773+0000] {dagbag.py:539} INFO - Filling up the DagBag from /opt/airflow/dags/predict_daily.py
[2026-07-10T06:37:22.747+0000] {processor.py:841} WARNING - No viable dags retrieved from /opt/airflow/dags/predict_daily.py
[2026-07-10T06:37:22.759+0000] {processor.py:179} INFO - Processing /opt/airflow/dags/predict_daily.py took 3.999 seconds
[2026-07-10T06:37:53.052+0000] {processor.py:157} INFO - Started process (PID=29225) to work on /opt/airflow/dags/predict_daily.py
[2026-07-10T06:37:53.054+0000] {processor.py:829} INFO - Processing file /opt/airflow/dags/predict_daily.py for tasks to queue
[2026-07-10T06:37:53.056+0000] {logging_mixin.py:151} INFO - [2026-07-10T06:37:53.055+0000] {dagbag.py:539} INFO - Filling up the DagBag from /opt/airflow/dags/predict_daily.py
[2026-07-10T06:37:56.773+0000] {processor.py:841} WARNING - No viable dags retrieved from /opt/airflow/dags/predict_daily.py
[2026-07-10T06:37:56.788+0000] {processor.py:179} INFO - Processing /opt/airflow/dags/predict_daily.py took 3.742 seconds
[2026-07-10T06:38:27.181+0000] {processor.py:157} INFO - Started process (PID=29258) to work on /opt/airflow/dags/predict_daily.py
[2026-07-10T06:38:27.184+0000] {processor.py:829} INFO - Processing file /opt/airflow/dags/predict_daily.py for tasks to queue
[2026-07-10T06:38:27.186+0000] {logging_mixin.py:151} INFO - [2026-07-10T06:38:27.185+0000] {dagbag.py:539} INFO - Filling up the DagBag from /opt/airflow/dags/predict_daily.py
[2026-07-10T06:38:30.571+0000] {processor.py:841} WARNING - No viable dags retrieved from /opt/airflow/dags/predict_daily.py
[2026-07-10T06:38:30.590+0000] {processor.py:179} INFO - Processing /opt/airflow/dags/predict_daily.py took 3.416 seconds
[2026-07-10T06:39:01.366+0000] {processor.py:157} INFO - Started process (PID=29290) to work on /opt/airflow/dags/predict_daily.py
[2026-07-10T06:39:01.368+0000] {processor.py:829} INFO - Processing file /opt/airflow/dags/predict_daily.py for tasks to queue
[2026-07-10T06:39:01.369+0000] {logging_mixin.py:151} INFO - [2026-07-10T06:39:01.369+0000] {dagbag.py:539} INFO - Filling up the DagBag from /opt/airflow/dags/predict_daily.py
[2026-07-10T06:39:05.207+0000] {processor.py:841} WARNING - No viable dags retrieved from /opt/airflow/dags/predict_daily.py
[2026-07-10T06:39:05.224+0000] {processor.py:179} INFO - Processing /opt/airflow/dags/predict_daily.py took 3.862 seconds
[2026-07-10T06:39:35.684+0000] {processor.py:157} INFO - Started process (PID=29330) to work on /opt/airflow/dags/predict_daily.py
[2026-07-10T06:39:35.686+0000] {processor.py:829} INFO - Processing file /opt/airflow/dags/predict_daily.py for tasks to queue
[2026-07-10T06:39:35.689+0000] {logging_mixin.py:151} INFO - [2026-07-10T06:39:35.688+0000] {dagbag.py:539} INFO - Filling up the DagBag from /opt/airflow/dags/predict_daily.py
[2026-07-10T06:39:39.594+0000] {processor.py:841} WARNING - No viable dags retrieved from /opt/airflow/dags/predict_daily.py
[2026-07-10T06:39:39.618+0000] {processor.py:179} INFO - Processing /opt/airflow/dags/predict_daily.py took 3.940 seconds
[2026-07-10T06:40:09.842+0000] {processor.py:157} INFO - Started process (PID=29363) to work on /opt/airflow/dags/predict_daily.py
[2026-07-10T06:40:09.844+0000] {processor.py:829} INFO - Processing file /opt/airflow/dags/predict_daily.py for tasks to queue
[2026-07-10T06:40:09.845+0000] {logging_mixin.py:151} INFO - [2026-07-10T06:40:09.844+0000] {dagbag.py:539} INFO - Filling up the DagBag from /opt/airflow/dags/predict_daily.py
[2026-07-10T06:40:13.469+0000] {processor.py:841} WARNING - No viable dags retrieved from /opt/airflow/dags/predict_daily.py
[2026-07-10T06:40:13.494+0000] {processor.py:179} INFO - Processing /opt/airflow/dags/predict_daily.py took 3.656 seconds
[2026-07-10T06:40:43.738+0000] {processor.py:157} INFO - Started process (PID=29396) to work on /opt/airflow/dags/predict_daily.py
[2026-07-10T06:40:43.740+0000] {processor.py:829} INFO - Processing file /opt/airflow/dags/predict_daily.py for tasks to queue
[2026-07-10T06:40:43.742+0000] {logging_mixin.py:151} INFO - [2026-07-10T06:40:43.742+0000] {dagbag.py:539} INFO - Filling up the DagBag from /opt/airflow/dags/predict_daily.py
[2026-07-10T06:40:47.009+0000] {processor.py:841} WARNING - No viable dags retrieved from /opt/airflow/dags/predict_daily.py
[2026-07-10T06:40:47.028+0000] {processor.py:179} INFO - Processing /opt/airflow/dags/predict_daily.py took 3.296 seconds
[2026-07-10T06:41:18.114+0000] {processor.py:157} INFO - Started process (PID=29429) to work on /opt/airflow/dags/predict_daily.py
[2026-07-10T06:41:18.116+0000] {processor.py:829} INFO - Processing file /opt/airflow/dags/predict_daily.py for tasks to queue
[2026-07-10T06:41:18.118+0000] {logging_mixin.py:151} INFO - [2026-07-10T06:41:18.117+0000] {dagbag.py:539} INFO - Filling up the DagBag from /opt/airflow/dags/predict_daily.py
[2026-07-10T06:41:21.654+0000] {processor.py:841} WARNING - No viable dags retrieved from /opt/airflow/dags/predict_daily.py
[2026-07-10T06:41:21.667+0000] {processor.py:179} INFO - Processing /opt/airflow/dags/predict_daily.py took 3.562 seconds
[2026-07-10T06:41:51.895+0000] {processor.py:157} INFO - Started process (PID=29462) to work on /opt/airflow/dags/predict_daily.py
[2026-07-10T06:41:51.898+0000] {processor.py:829} INFO - Processing file /opt/airflow/dags/predict_daily.py for tasks to queue
[2026-07-10T06:41:51.900+0000] {logging_mixin.py:151} INFO - [2026-07-10T06:41:51.900+0000] {dagbag.py:539} INFO - Filling up the DagBag from /opt/airflow/dags/predict_daily.py
[2026-07-10T06:41:55.406+0000] {processor.py:841} WARNING - No viable dags retrieved from /opt/airflow/dags/predict_daily.py
[2026-07-10T06:41:55.430+0000] {processor.py:179} INFO - Processing /opt/airflow/dags/predict_daily.py took 3.542 seconds
[2026-07-10T06:42:26.025+0000] {processor.py:157} INFO - Started process (PID=29495) to work on /opt/airflow/dags/predict_daily.py
[2026-07-10T06:42:26.027+0000] {processor.py:829} INFO - Processing file /opt/airflow/dags/predict_daily.py for tasks to queue
[2026-07-10T06:42:26.029+0000] {logging_mixin.py:151} INFO - [2026-07-10T06:42:26.028+0000] {dagbag.py:539} INFO - Filling up the DagBag from /opt/airflow/dags/predict_daily.py
[2026-07-10T06:42:29.392+0000] {processor.py:841} WARNING - No viable dags retrieved from /opt/airflow/dags/predict_daily.py
[2026-07-10T06:42:29.418+0000] {processor.py:179} INFO - Processing /opt/airflow/dags/predict_daily.py took 3.398 seconds
[2026-07-10T06:43:00.427+0000] {processor.py:157} INFO - Started process (PID=29532) to work on /opt/airflow/dags/predict_daily.py
[2026-07-10T06:43:00.429+0000] {processor.py:829} INFO - Processing file /opt/airflow/dags/predict_daily.py for tasks to queue
[2026-07-10T06:43:00.431+0000] {logging_mixin.py:151} INFO - [2026-07-10T06:43:00.431+0000] {dagbag.py:539} INFO - Filling up the DagBag from /opt/airflow/dags/predict_daily.py
[2026-07-10T06:43:04.066+0000] {processor.py:841} WARNING - No viable dags retrieved from /opt/airflow/dags/predict_daily.py
[2026-07-10T06:43:04.082+0000] {processor.py:179} INFO - Processing /opt/airflow/dags/predict_daily.py took 3.659 seconds
[2026-07-10T06:43:34.635+0000] {processor.py:157} INFO - Started process (PID=29566) to work on /opt/airflow/dags/predict_daily.py
[2026-07-10T06:43:34.637+0000] {processor.py:829} INFO - Processing file /opt/airflow/dags/predict_daily.py for tasks to queue
[2026-07-10T06:43:34.639+0000] {logging_mixin.py:151} INFO - [2026-07-10T06:43:34.638+0000] {dagbag.py:539} INFO - Filling up the DagBag from /opt/airflow/dags/predict_daily.py
[2026-07-10T06:43:38.316+0000] {processor.py:841} WARNING - No viable dags retrieved from /opt/airflow/dags/predict_daily.py
[2026-07-10T06:43:38.339+0000] {processor.py:179} INFO - Processing /opt/airflow/dags/predict_daily.py took 3.710 seconds
[2026-07-10T06:44:09.096+0000] {processor.py:157} INFO - Started process (PID=29607) to work on /opt/airflow/dags/predict_daily.py
[2026-07-10T06:44:09.097+0000] {processor.py:829} INFO - Processing file /opt/airflow/dags/predict_daily.py for tasks to queue
[2026-07-10T06:44:09.098+0000] {logging_mixin.py:151} INFO - [2026-07-10T06:44:09.098+0000] {dagbag.py:539} INFO - Filling up the DagBag from /opt/airflow/dags/predict_daily.py
[2026-07-10T06:44:12.519+0000] {processor.py:841} WARNING - No viable dags retrieved from /opt/airflow/dags/predict_daily.py
[2026-07-10T06:44:12.538+0000] {processor.py:179} INFO - Processing /opt/airflow/dags/predict_daily.py took 3.446 seconds
[2026-07-10T06:44:43.468+0000] {processor.py:157} INFO - Started process (PID=29640) to work on /opt/airflow/dags/predict_daily.py
[2026-07-10T06:44:43.470+0000] {processor.py:829} INFO - Processing file /opt/airflow/dags/predict_daily.py for tasks to queue
[2026-07-10T06:44:43.472+0000] {logging_mixin.py:151} INFO - [2026-07-10T06:44:43.471+0000] {dagbag.py:539} INFO - Filling up the DagBag from /opt/airflow/dags/predict_daily.py
[2026-07-10T06:44:46.655+0000] {processor.py:841} WARNING - No viable dags retrieved from /opt/airflow/dags/predict_daily.py
[2026-07-10T06:44:46.673+0000] {processor.py:179} INFO - Processing /opt/airflow/dags/predict_daily.py took 3.210 seconds
[2026-07-10T06:45:17.769+0000] {processor.py:157} INFO - Started process (PID=29673) to work on /opt/airflow/dags/predict_daily.py
[2026-07-10T06:45:17.771+0000] {processor.py:829} INFO - Processing file /opt/airflow/dags/predict_daily.py for tasks to queue
[2026-07-10T06:45:17.772+0000] {logging_mixin.py:151} INFO - [2026-07-10T06:45:17.772+0000] {dagbag.py:539} INFO - Filling up the DagBag from /opt/airflow/dags/predict_daily.py
[2026-07-10T06:45:21.343+0000] {processor.py:841} WARNING - No viable dags retrieved from /opt/airflow/dags/predict_daily.py
[2026-07-10T06:45:21.359+0000] {processor.py:179} INFO - Processing /opt/airflow/dags/predict_daily.py took 3.597 seconds
[2026-07-10T06:45:52.157+0000] {processor.py:157} INFO - Started process (PID=29706) to work on /opt/airflow/dags/predict_daily.py
[2026-07-10T06:45:52.160+0000] {processor.py:829} INFO - Processing file /opt/airflow/dags/predict_daily.py for tasks to queue
[2026-07-10T06:45:52.161+0000] {logging_mixin.py:151} INFO - [2026-07-10T06:45:52.161+0000] {dagbag.py:539} INFO - Filling up the DagBag from /opt/airflow/dags/predict_daily.py
[2026-07-10T06:45:55.566+0000] {processor.py:841} WARNING - No viable dags retrieved from /opt/airflow/dags/predict_daily.py
[2026-07-10T06:45:55.585+0000] {processor.py:179} INFO - Processing /opt/airflow/dags/predict_daily.py took 3.434 seconds
[2026-07-10T10:41:12.225+0000] {processor.py:157} INFO - Started process (PID=29741) to work on /opt/airflow/dags/predict_daily.py
[2026-07-10T10:41:12.270+0000] {processor.py:829} INFO - Processing file /opt/airflow/dags/predict_daily.py for tasks to queue
[2026-07-10T10:41:12.318+0000] {logging_mixin.py:151} INFO - [2026-07-10T10:41:12.318+0000] {dagbag.py:539} INFO - Filling up the DagBag from /opt/airflow/dags/predict_daily.py
[2026-07-10T10:41:21.399+0000] {processor.py:841} WARNING - No viable dags retrieved from /opt/airflow/dags/predict_daily.py
[2026-07-10T10:41:21.428+0000] {processor.py:179} INFO - Processing /opt/airflow/dags/predict_daily.py took 9.212 seconds
[2026-07-10T10:41:52.436+0000] {processor.py:157} INFO - Started process (PID=29774) to work on /opt/airflow/dags/predict_daily.py
[2026-07-10T10:41:52.438+0000] {processor.py:829} INFO - Processing file /opt/airflow/dags/predict_daily.py for tasks to queue
[2026-07-10T10:41:52.440+0000] {logging_mixin.py:151} INFO - [2026-07-10T10:41:52.440+0000] {dagbag.py:539} INFO - Filling up the DagBag from /opt/airflow/dags/predict_daily.py
[2026-07-10T10:41:56.400+0000] {processor.py:841} WARNING - No viable dags retrieved from /opt/airflow/dags/predict_daily.py
[2026-07-10T10:41:56.416+0000] {processor.py:179} INFO - Processing /opt/airflow/dags/predict_daily.py took 3.987 seconds
[2026-07-10T10:42:27.370+0000] {processor.py:157} INFO - Started process (PID=29807) to work on /opt/airflow/dags/predict_daily.py
[2026-07-10T10:42:27.373+0000] {processor.py:829} INFO - Processing file /opt/airflow/dags/predict_daily.py for tasks to queue
[2026-07-10T10:42:27.375+0000] {logging_mixin.py:151} INFO - [2026-07-10T10:42:27.374+0000] {dagbag.py:539} INFO - Filling up the DagBag from /opt/airflow/dags/predict_daily.py
[2026-07-10T10:42:32.496+0000] {processor.py:841} WARNING - No viable dags retrieved from /opt/airflow/dags/predict_daily.py
[2026-07-10T10:42:32.524+0000] {processor.py:179} INFO - Processing /opt/airflow/dags/predict_daily.py took 5.170 seconds
[2026-07-10T10:43:03.293+0000] {processor.py:157} INFO - Started process (PID=29847) to work on /opt/airflow/dags/predict_daily.py
[2026-07-10T10:43:03.296+0000] {processor.py:829} INFO - Processing file /opt/airflow/dags/predict_daily.py for tasks to queue
[2026-07-10T10:43:03.298+0000] {logging_mixin.py:151} INFO - [2026-07-10T10:43:03.297+0000] {dagbag.py:539} INFO - Filling up the DagBag from /opt/airflow/dags/predict_daily.py
[2026-07-10T10:43:07.757+0000] {processor.py:841} WARNING - No viable dags retrieved from /opt/airflow/dags/predict_daily.py
[2026-07-10T10:43:07.781+0000] {processor.py:179} INFO - Processing /opt/airflow/dags/predict_daily.py took 4.496 seconds
[2026-07-10T10:43:38.722+0000] {processor.py:157} INFO - Started process (PID=29880) to work on /opt/airflow/dags/predict_daily.py
[2026-07-10T10:43:38.724+0000] {processor.py:829} INFO - Processing file /opt/airflow/dags/predict_daily.py for tasks to queue
[2026-07-10T10:43:38.728+0000] {logging_mixin.py:151} INFO - [2026-07-10T10:43:38.728+0000] {dagbag.py:539} INFO - Filling up the DagBag from /opt/airflow/dags/predict_daily.py
[2026-07-10T10:43:42.643+0000] {processor.py:841} WARNING - No viable dags retrieved from /opt/airflow/dags/predict_daily.py
[2026-07-10T10:43:42.664+0000] {processor.py:179} INFO - Processing /opt/airflow/dags/predict_daily.py took 3.948 seconds
[2026-07-10T10:44:12.945+0000] {processor.py:157} INFO - Started process (PID=29913) to work on /opt/airflow/dags/predict_daily.py
[2026-07-10T10:44:12.947+0000] {processor.py:829} INFO - Processing file /opt/airflow/dags/predict_daily.py for tasks to queue
[2026-07-10T10:44:12.949+0000] {logging_mixin.py:151} INFO - [2026-07-10T10:44:12.948+0000] {dagbag.py:539} INFO - Filling up the DagBag from /opt/airflow/dags/predict_daily.py
[2026-07-10T10:44:17.811+0000] {processor.py:841} WARNING - No viable dags retrieved from /opt/airflow/dags/predict_daily.py
[2026-07-10T10:44:17.838+0000] {processor.py:179} INFO - Processing /opt/airflow/dags/predict_daily.py took 4.898 seconds
[2026-07-10T10:44:48.523+0000] {processor.py:157} INFO - Started process (PID=29946) to work on /opt/airflow/dags/predict_daily.py
[2026-07-10T10:44:48.526+0000] {processor.py:829} INFO - Processing file /opt/airflow/dags/predict_daily.py for tasks to queue
[2026-07-10T10:44:48.528+0000] {logging_mixin.py:151} INFO - [2026-07-10T10:44:48.527+0000] {dagbag.py:539} INFO - Filling up the DagBag from /opt/airflow/dags/predict_daily.py
[2026-07-10T10:44:53.260+0000] {processor.py:841} WARNING - No viable dags retrieved from /opt/airflow/dags/predict_daily.py
[2026-07-10T10:44:53.291+0000] {processor.py:179} INFO - Processing /opt/airflow/dags/predict_daily.py took 4.773 seconds
[2026-07-10T10:45:23.770+0000] {processor.py:157} INFO - Started process (PID=29979) to work on /opt/airflow/dags/predict_daily.py
[2026-07-10T10:45:23.773+0000] {processor.py:829} INFO - Processing file /opt/airflow/dags/predict_daily.py for tasks to queue
[2026-07-10T10:45:23.775+0000] {logging_mixin.py:151} INFO - [2026-07-10T10:45:23.774+0000] {dagbag.py:539} INFO - Filling up the DagBag from /opt/airflow/dags/predict_daily.py
[2026-07-10T10:45:27.771+0000] {processor.py:841} WARNING - No viable dags retrieved from /opt/airflow/dags/predict_daily.py
[2026-07-10T10:45:27.796+0000] {processor.py:179} INFO - Processing /opt/airflow/dags/predict_daily.py took 4.033 seconds
[2026-07-10T10:45:58.602+0000] {processor.py:157} INFO - Started process (PID=30012) to work on /opt/airflow/dags/predict_daily.py
[2026-07-10T10:45:58.604+0000] {processor.py:829} INFO - Processing file /opt/airflow/dags/predict_daily.py for tasks to queue
[2026-07-10T10:45:58.606+0000] {logging_mixin.py:151} INFO - [2026-07-10T10:45:58.606+0000] {dagbag.py:539} INFO - Filling up the DagBag from /opt/airflow/dags/predict_daily.py
[2026-07-10T10:46:02.392+0000] {processor.py:841} WARNING - No viable dags retrieved from /opt/airflow/dags/predict_daily.py
[2026-07-10T10:46:02.414+0000] {processor.py:179} INFO - Processing /opt/airflow/dags/predict_daily.py took 3.820 seconds
[2026-07-10T10:46:32.920+0000] {processor.py:157} INFO - Started process (PID=30052) to work on /opt/airflow/dags/predict_daily.py
[2026-07-10T10:46:32.931+0000] {processor.py:829} INFO - Processing file /opt/airflow/dags/predict_daily.py for tasks to queue
[2026-07-10T10:46:32.935+0000] {logging_mixin.py:151} INFO - [2026-07-10T10:46:32.935+0000] {dagbag.py:539} INFO - Filling up the DagBag from /opt/airflow/dags/predict_daily.py
[2026-07-10T10:46:38.696+0000] {processor.py:841} WARNING - No viable dags retrieved from /opt/airflow/dags/predict_daily.py
[2026-07-10T10:46:38.713+0000] {processor.py:179} INFO - Processing /opt/airflow/dags/predict_daily.py took 5.801 seconds
[2026-07-10T10:47:09.402+0000] {processor.py:157} INFO - Started process (PID=30085) to work on /opt/airflow/dags/predict_daily.py
[2026-07-10T10:47:09.406+0000] {processor.py:829} INFO - Processing file /opt/airflow/dags/predict_daily.py for tasks to queue
[2026-07-10T10:47:09.410+0000] {logging_mixin.py:151} INFO - [2026-07-10T10:47:09.409+0000] {dagbag.py:539} INFO - Filling up the DagBag from /opt/airflow/dags/predict_daily.py
[2026-07-10T10:47:14.595+0000] {processor.py:841} WARNING - No viable dags retrieved from /opt/airflow/dags/predict_daily.py
[2026-07-10T10:47:14.625+0000] {processor.py:179} INFO - Processing /opt/airflow/dags/predict_daily.py took 5.237 seconds
[2026-07-10T10:47:45.134+0000] {processor.py:157} INFO - Started process (PID=30118) to work on /opt/airflow/dags/predict_daily.py
[2026-07-10T10:47:45.135+0000] {processor.py:829} INFO - Processing file /opt/airflow/dags/predict_daily.py for tasks to queue
[2026-07-10T10:47:45.137+0000] {logging_mixin.py:151} INFO - [2026-07-10T10:47:45.136+0000] {dagbag.py:539} INFO - Filling up the DagBag from /opt/airflow/dags/predict_daily.py
[2026-07-10T10:47:52.661+0000] {processor.py:841} WARNING - No viable dags retrieved from /opt/airflow/dags/predict_daily.py
[2026-07-10T10:47:52.746+0000] {processor.py:179} INFO - Processing /opt/airflow/dags/predict_daily.py took 7.619 seconds
[2026-07-10T10:48:23.422+0000] {processor.py:157} INFO - Started process (PID=30151) to work on /opt/airflow/dags/predict_daily.py
[2026-07-10T10:48:23.428+0000] {processor.py:829} INFO - Processing file /opt/airflow/dags/predict_daily.py for tasks to queue
[2026-07-10T10:48:23.430+0000] {logging_mixin.py:151} INFO - [2026-07-10T10:48:23.430+0000] {dagbag.py:539} INFO - Filling up the DagBag from /opt/airflow/dags/predict_daily.py
[2026-07-10T10:48:28.793+0000] {processor.py:841} WARNING - No viable dags retrieved from /opt/airflow/dags/predict_daily.py
[2026-07-10T10:48:28.815+0000] {processor.py:179} INFO - Processing /opt/airflow/dags/predict_daily.py took 5.399 seconds
[2026-07-10T10:48:59.261+0000] {processor.py:157} INFO - Started process (PID=30184) to work on /opt/airflow/dags/predict_daily.py
[2026-07-10T10:48:59.265+0000] {processor.py:829} INFO - Processing file /opt/airflow/dags/predict_daily.py for tasks to queue
[2026-07-10T10:48:59.268+0000] {logging_mixin.py:151} INFO - [2026-07-10T10:48:59.267+0000] {dagbag.py:539} INFO - Filling up the DagBag from /opt/airflow/dags/predict_daily.py
[2026-07-10T10:49:03.697+0000] {processor.py:841} WARNING - No viable dags retrieved from /opt/airflow/dags/predict_daily.py
[2026-07-10T10:49:03.712+0000] {processor.py:179} INFO - Processing /opt/airflow/dags/predict_daily.py took 4.458 seconds
[2026-07-10T10:49:34.696+0000] {processor.py:157} INFO - Started process (PID=30225) to work on /opt/airflow/dags/predict_daily.py
[2026-07-10T10:49:34.698+0000] {processor.py:829} INFO - Processing file /opt/airflow/dags/predict_daily.py for tasks to queue
[2026-07-10T10:49:34.702+0000] {logging_mixin.py:151} INFO - [2026-07-10T10:49:34.702+0000] {dagbag.py:539} INFO - Filling up the DagBag from /opt/airflow/dags/predict_daily.py
[2026-07-10T10:49:40.079+0000] {processor.py:841} WARNING - No viable dags retrieved from /opt/airflow/dags/predict_daily.py
[2026-07-10T10:49:40.115+0000] {processor.py:179} INFO - Processing /opt/airflow/dags/predict_daily.py took 5.425 seconds
[2026-07-10T10:50:10.377+0000] {processor.py:157} INFO - Started process (PID=30258) to work on /opt/airflow/dags/predict_daily.py
[2026-07-10T10:50:10.380+0000] {processor.py:829} INFO - Processing file /opt/airflow/dags/predict_daily.py for tasks to queue
[2026-07-10T10:50:10.382+0000] {logging_mixin.py:151} INFO - [2026-07-10T10:50:10.381+0000] {dagbag.py:539} INFO - Filling up the DagBag from /opt/airflow/dags/predict_daily.py
[2026-07-10T10:50:14.986+0000] {processor.py:841} WARNING - No viable dags retrieved from /opt/airflow/dags/predict_daily.py
[2026-07-10T10:50:15.009+0000] {processor.py:179} INFO - Processing /opt/airflow/dags/predict_daily.py took 4.632 seconds
[2026-07-10T10:50:45.254+0000] {processor.py:157} INFO - Started process (PID=30297) to work on /opt/airflow/dags/predict_daily.py
[2026-07-10T10:50:45.256+0000] {processor.py:829} INFO - Processing file /opt/airflow/dags/predict_daily.py for tasks to queue
[2026-07-10T10:50:45.258+0000] {logging_mixin.py:151} INFO - [2026-07-10T10:50:45.258+0000] {dagbag.py:539} INFO - Filling up the DagBag from /opt/airflow/dags/predict_daily.py
[2026-07-10T10:50:50.156+0000] {processor.py:841} WARNING - No viable dags retrieved from /opt/airflow/dags/predict_daily.py
[2026-07-10T10:50:50.181+0000] {processor.py:179} INFO - Processing /opt/airflow/dags/predict_daily.py took 4.933 seconds
[2026-07-10T10:51:20.418+0000] {processor.py:157} INFO - Started process (PID=30330) to work on /opt/airflow/dags/predict_daily.py
[2026-07-10T10:51:20.420+0000] {processor.py:829} INFO - Processing file /opt/airflow/dags/predict_daily.py for tasks to queue
[2026-07-10T10:51:20.422+0000] {logging_mixin.py:151} INFO - [2026-07-10T10:51:20.421+0000] {dagbag.py:539} INFO - Filling up the DagBag from /opt/airflow/dags/predict_daily.py
[2026-07-10T10:51:25.358+0000] {processor.py:841} WARNING - No viable dags retrieved from /opt/airflow/dags/predict_daily.py
[2026-07-10T10:51:25.385+0000] {processor.py:179} INFO - Processing /opt/airflow/dags/predict_daily.py took 4.975 seconds
[2026-07-10T10:51:55.905+0000] {processor.py:157} INFO - Started process (PID=30363) to work on /opt/airflow/dags/predict_daily.py
[2026-07-10T10:51:55.914+0000] {processor.py:829} INFO - Processing file /opt/airflow/dags/predict_daily.py for tasks to queue
[2026-07-10T10:51:55.917+0000] {logging_mixin.py:151} INFO - [2026-07-10T10:51:55.916+0000] {dagbag.py:539} INFO - Filling up the DagBag from /opt/airflow/dags/predict_daily.py
[2026-07-10T10:52:00.457+0000] {processor.py:841} WARNING - No viable dags retrieved from /opt/airflow/dags/predict_daily.py
[2026-07-10T10:52:00.493+0000] {processor.py:179} INFO - Processing /opt/airflow/dags/predict_daily.py took 4.593 seconds
[2026-07-10T10:52:31.244+0000] {processor.py:157} INFO - Started process (PID=30396) to work on /opt/airflow/dags/predict_daily.py
[2026-07-10T10:52:31.247+0000] {processor.py:829} INFO - Processing file /opt/airflow/dags/predict_daily.py for tasks to queue
[2026-07-10T10:52:31.250+0000] {logging_mixin.py:151} INFO - [2026-07-10T10:52:31.249+0000] {dagbag.py:539} INFO - Filling up the DagBag from /opt/airflow/dags/predict_daily.py
[2026-07-10T10:52:35.116+0000] {processor.py:841} WARNING - No viable dags retrieved from /opt/airflow/dags/predict_daily.py
[2026-07-10T10:52:35.140+0000] {processor.py:179} INFO - Processing /opt/airflow/dags/predict_daily.py took 3.901 seconds
[2026-07-10T10:53:05.776+0000] {processor.py:157} INFO - Started process (PID=30438) to work on /opt/airflow/dags/predict_daily.py
[2026-07-10T10:53:05.779+0000] {processor.py:829} INFO - Processing file /opt/airflow/dags/predict_daily.py for tasks to queue
[2026-07-10T10:53:05.780+0000] {logging_mixin.py:151} INFO - [2026-07-10T10:53:05.780+0000] {dagbag.py:539} INFO - Filling up the DagBag from /opt/airflow/dags/predict_daily.py
[2026-07-10T10:53:10.805+0000] {processor.py:841} WARNING - No viable dags retrieved from /opt/airflow/dags/predict_daily.py
[2026-07-10T10:53:10.846+0000] {processor.py:179} INFO - Processing /opt/airflow/dags/predict_daily.py took 5.077 seconds
[2026-07-10T10:53:41.092+0000] {processor.py:157} INFO - Started process (PID=30471) to work on /opt/airflow/dags/predict_daily.py
[2026-07-10T10:53:41.098+0000] {processor.py:829} INFO - Processing file /opt/airflow/dags/predict_daily.py for tasks to queue
[2026-07-10T10:53:41.099+0000] {logging_mixin.py:151} INFO - [2026-07-10T10:53:41.099+0000] {dagbag.py:539} INFO - Filling up the DagBag from /opt/airflow/dags/predict_daily.py
[2026-07-10T10:53:45.855+0000] {processor.py:841} WARNING - No viable dags retrieved from /opt/airflow/dags/predict_daily.py
[2026-07-10T10:53:45.906+0000] {processor.py:179} INFO - Processing /opt/airflow/dags/predict_daily.py took 4.827 seconds
[2026-07-10T10:54:16.613+0000] {processor.py:157} INFO - Started process (PID=30504) to work on /opt/airflow/dags/predict_daily.py
[2026-07-10T10:54:16.622+0000] {processor.py:829} INFO - Processing file /opt/airflow/dags/predict_daily.py for tasks to queue
[2026-07-10T10:54:16.628+0000] {logging_mixin.py:151} INFO - [2026-07-10T10:54:16.627+0000] {dagbag.py:539} INFO - Filling up the DagBag from /opt/airflow/dags/predict_daily.py
[2026-07-10T10:54:19.273+0000] {processor.py:841} WARNING - No viable dags retrieved from /opt/airflow/dags/predict_daily.py
[2026-07-10T10:54:19.285+0000] {processor.py:179} INFO - Processing /opt/airflow/dags/predict_daily.py took 2.705 seconds
[2026-07-10T10:54:50.149+0000] {processor.py:157} INFO - Started process (PID=30542) to work on /opt/airflow/dags/predict_daily.py
[2026-07-10T10:54:50.151+0000] {processor.py:829} INFO - Processing file /opt/airflow/dags/predict_daily.py for tasks to queue
[2026-07-10T10:54:50.152+0000] {logging_mixin.py:151} INFO - [2026-07-10T10:54:50.151+0000] {dagbag.py:539} INFO - Filling up the DagBag from /opt/airflow/dags/predict_daily.py
[2026-07-10T10:54:55.156+0000] {processor.py:841} WARNING - No viable dags retrieved from /opt/airflow/dags/predict_daily.py
[2026-07-10T10:54:55.512+0000] {processor.py:179} INFO - Processing /opt/airflow/dags/predict_daily.py took 5.366 seconds
[2026-07-10T10:55:26.076+0000] {processor.py:157} INFO - Started process (PID=30574) to work on /opt/airflow/dags/predict_daily.py
[2026-07-10T10:55:26.078+0000] {processor.py:829} INFO - Processing file /opt/airflow/dags/predict_daily.py for tasks to queue
[2026-07-10T10:55:26.079+0000] {logging_mixin.py:151} INFO - [2026-07-10T10:55:26.079+0000] {dagbag.py:539} INFO - Filling up the DagBag from /opt/airflow/dags/predict_daily.py
[2026-07-10T10:55:30.003+0000] {processor.py:841} WARNING - No viable dags retrieved from /opt/airflow/dags/predict_daily.py
[2026-07-10T10:55:30.021+0000] {processor.py:179} INFO - Processing /opt/airflow/dags/predict_daily.py took 3.950 seconds
[2026-07-10T10:56:00.790+0000] {processor.py:157} INFO - Started process (PID=30607) to work on /opt/airflow/dags/predict_daily.py
[2026-07-10T10:56:00.796+0000] {processor.py:829} INFO - Processing file /opt/airflow/dags/predict_daily.py for tasks to queue
[2026-07-10T10:56:00.801+0000] {logging_mixin.py:151} INFO - [2026-07-10T10:56:00.801+0000] {dagbag.py:539} INFO - Filling up the DagBag from /opt/airflow/dags/predict_daily.py
[2026-07-10T10:56:04.389+0000] {processor.py:841} WARNING - No viable dags retrieved from /opt/airflow/dags/predict_daily.py
[2026-07-10T10:56:04.412+0000] {processor.py:179} INFO - Processing /opt/airflow/dags/predict_daily.py took 3.627 seconds
[2026-07-10T10:56:35.135+0000] {processor.py:157} INFO - Started process (PID=30640) to work on /opt/airflow/dags/predict_daily.py
[2026-07-10T10:56:35.136+0000] {processor.py:829} INFO - Processing file /opt/airflow/dags/predict_daily.py for tasks to queue
[2026-07-10T10:56:35.137+0000] {logging_mixin.py:151} INFO - [2026-07-10T10:56:35.137+0000] {dagbag.py:539} INFO - Filling up the DagBag from /opt/airflow/dags/predict_daily.py
[2026-07-10T10:56:39.380+0000] {processor.py:841} WARNING - No viable dags retrieved from /opt/airflow/dags/predict_daily.py
[2026-07-10T10:56:39.399+0000] {processor.py:179} INFO - Processing /opt/airflow/dags/predict_daily.py took 4.268 seconds
[2026-07-10T10:57:10.002+0000] {processor.py:157} INFO - Started process (PID=30680) to work on /opt/airflow/dags/predict_daily.py
[2026-07-10T10:57:10.004+0000] {processor.py:829} INFO - Processing file /opt/airflow/dags/predict_daily.py for tasks to queue
[2026-07-10T10:57:10.006+0000] {logging_mixin.py:151} INFO - [2026-07-10T10:57:10.005+0000] {dagbag.py:539} INFO - Filling up the DagBag from /opt/airflow/dags/predict_daily.py
[2026-07-10T10:57:13.715+0000] {processor.py:841} WARNING - No viable dags retrieved from /opt/airflow/dags/predict_daily.py
[2026-07-10T10:57:13.736+0000] {processor.py:179} INFO - Processing /opt/airflow/dags/predict_daily.py took 3.742 seconds
[2026-07-10T10:57:44.079+0000] {processor.py:157} INFO - Started process (PID=30713) to work on /opt/airflow/dags/predict_daily.py
[2026-07-10T10:57:44.081+0000] {processor.py:829} INFO - Processing file /opt/airflow/dags/predict_daily.py for tasks to queue
[2026-07-10T10:57:44.083+0000] {logging_mixin.py:151} INFO - [2026-07-10T10:57:44.083+0000] {dagbag.py:539} INFO - Filling up the DagBag from /opt/airflow/dags/predict_daily.py
[2026-07-10T10:57:48.693+0000] {processor.py:841} WARNING - No viable dags retrieved from /opt/airflow/dags/predict_daily.py
[2026-07-10T10:57:48.721+0000] {processor.py:179} INFO - Processing /opt/airflow/dags/predict_daily.py took 4.650 seconds
[2026-07-10T10:58:19.013+0000] {processor.py:157} INFO - Started process (PID=30746) to work on /opt/airflow/dags/predict_daily.py
[2026-07-10T10:58:19.015+0000] {processor.py:829} INFO - Processing file /opt/airflow/dags/predict_daily.py for tasks to queue
[2026-07-10T10:58:19.016+0000] {logging_mixin.py:151} INFO - [2026-07-10T10:58:19.016+0000] {dagbag.py:539} INFO - Filling up the DagBag from /opt/airflow/dags/predict_daily.py
[2026-07-10T10:58:23.158+0000] {processor.py:841} WARNING - No viable dags retrieved from /opt/airflow/dags/predict_daily.py
[2026-07-10T10:58:23.189+0000] {processor.py:179} INFO - Processing /opt/airflow/dags/predict_daily.py took 4.179 seconds
[2026-07-10T10:58:53.533+0000] {processor.py:157} INFO - Started process (PID=30779) to work on /opt/airflow/dags/predict_daily.py
[2026-07-10T10:58:53.535+0000] {processor.py:829} INFO - Processing file /opt/airflow/dags/predict_daily.py for tasks to queue
[2026-07-10T10:58:53.537+0000] {logging_mixin.py:151} INFO - [2026-07-10T10:58:53.536+0000] {dagbag.py:539} INFO - Filling up the DagBag from /opt/airflow/dags/predict_daily.py
[2026-07-10T10:58:56.928+0000] {processor.py:841} WARNING - No viable dags retrieved from /opt/airflow/dags/predict_daily.py
[2026-07-10T10:58:56.944+0000] {processor.py:179} INFO - Processing /opt/airflow/dags/predict_daily.py took 3.416 seconds
[2026-07-10T10:59:27.954+0000] {processor.py:157} INFO - Started process (PID=30813) to work on /opt/airflow/dags/predict_daily.py
[2026-07-10T10:59:27.956+0000] {processor.py:829} INFO - Processing file /opt/airflow/dags/predict_daily.py for tasks to queue
[2026-07-10T10:59:27.965+0000] {logging_mixin.py:151} INFO - [2026-07-10T10:59:27.965+0000] {dagbag.py:539} INFO - Filling up the DagBag from /opt/airflow/dags/predict_daily.py
[2026-07-10T10:59:32.128+0000] {processor.py:841} WARNING - No viable dags retrieved from /opt/airflow/dags/predict_daily.py
[2026-07-10T10:59:32.149+0000] {processor.py:179} INFO - Processing /opt/airflow/dags/predict_daily.py took 4.200 seconds
[2026-07-10T11:00:02.342+0000] {processor.py:157} INFO - Started process (PID=30846) to work on /opt/airflow/dags/predict_daily.py
[2026-07-10T11:00:02.346+0000] {processor.py:829} INFO - Processing file /opt/airflow/dags/predict_daily.py for tasks to queue
[2026-07-10T11:00:02.348+0000] {logging_mixin.py:151} INFO - [2026-07-10T11:00:02.348+0000] {dagbag.py:539} INFO - Filling up the DagBag from /opt/airflow/dags/predict_daily.py
[2026-07-10T11:00:05.898+0000] {processor.py:841} WARNING - No viable dags retrieved from /opt/airflow/dags/predict_daily.py
[2026-07-10T11:00:05.915+0000] {processor.py:179} INFO - Processing /opt/airflow/dags/predict_daily.py took 3.580 seconds
[2026-07-10T11:00:36.445+0000] {processor.py:157} INFO - Started process (PID=30886) to work on /opt/airflow/dags/predict_daily.py
[2026-07-10T11:00:36.446+0000] {processor.py:829} INFO - Processing file /opt/airflow/dags/predict_daily.py for tasks to queue
[2026-07-10T11:00:36.448+0000] {logging_mixin.py:151} INFO - [2026-07-10T11:00:36.447+0000] {dagbag.py:539} INFO - Filling up the DagBag from /opt/airflow/dags/predict_daily.py
[2026-07-10T11:00:40.626+0000] {processor.py:841} WARNING - No viable dags retrieved from /opt/airflow/dags/predict_daily.py
[2026-07-10T11:00:40.645+0000] {processor.py:179} INFO - Processing /opt/airflow/dags/predict_daily.py took 4.204 seconds
[2026-07-10T11:01:11.447+0000] {processor.py:157} INFO - Started process (PID=30919) to work on /opt/airflow/dags/predict_daily.py
[2026-07-10T11:01:11.449+0000] {processor.py:829} INFO - Processing file /opt/airflow/dags/predict_daily.py for tasks to queue
[2026-07-10T11:01:11.451+0000] {logging_mixin.py:151} INFO - [2026-07-10T11:01:11.450+0000] {dagbag.py:539} INFO - Filling up the DagBag from /opt/airflow/dags/predict_daily.py
[2026-07-10T11:01:15.706+0000] {processor.py:841} WARNING - No viable dags retrieved from /opt/airflow/dags/predict_daily.py
[2026-07-10T11:01:15.729+0000] {processor.py:179} INFO - Processing /opt/airflow/dags/predict_daily.py took 4.291 seconds
[2026-07-10T11:01:46.582+0000] {processor.py:157} INFO - Started process (PID=30957) to work on /opt/airflow/dags/predict_daily.py
[2026-07-10T11:01:46.584+0000] {processor.py:829} INFO - Processing file /opt/airflow/dags/predict_daily.py for tasks to queue
[2026-07-10T11:01:46.586+0000] {logging_mixin.py:151} INFO - [2026-07-10T11:01:46.585+0000] {dagbag.py:539} INFO - Filling up the DagBag from /opt/airflow/dags/predict_daily.py
[2026-07-10T11:01:51.083+0000] {processor.py:841} WARNING - No viable dags retrieved from /opt/airflow/dags/predict_daily.py
[2026-07-10T11:01:51.107+0000] {processor.py:179} INFO - Processing /opt/airflow/dags/predict_daily.py took 4.531 seconds
[2026-07-10T11:02:21.909+0000] {processor.py:157} INFO - Started process (PID=30990) to work on /opt/airflow/dags/predict_daily.py
[2026-07-10T11:02:21.916+0000] {processor.py:829} INFO - Processing file /opt/airflow/dags/predict_daily.py for tasks to queue
[2026-07-10T11:02:21.918+0000] {logging_mixin.py:151} INFO - [2026-07-10T11:02:21.918+0000] {dagbag.py:539} INFO - Filling up the DagBag from /opt/airflow/dags/predict_daily.py
[2026-07-10T11:02:26.132+0000] {processor.py:841} WARNING - No viable dags retrieved from /opt/airflow/dags/predict_daily.py
[2026-07-10T11:02:26.149+0000] {processor.py:179} INFO - Processing /opt/airflow/dags/predict_daily.py took 4.248 seconds
[2026-07-10T11:02:56.777+0000] {processor.py:157} INFO - Started process (PID=31023) to work on /opt/airflow/dags/predict_daily.py
[2026-07-10T11:02:56.779+0000] {processor.py:829} INFO - Processing file /opt/airflow/dags/predict_daily.py for tasks to queue
[2026-07-10T11:02:56.781+0000] {logging_mixin.py:151} INFO - [2026-07-10T11:02:56.780+0000] {dagbag.py:539} INFO - Filling up the DagBag from /opt/airflow/dags/predict_daily.py
[2026-07-10T11:03:01.807+0000] {processor.py:841} WARNING - No viable dags retrieved from /opt/airflow/dags/predict_daily.py
[2026-07-10T11:03:01.823+0000] {processor.py:179} INFO - Processing /opt/airflow/dags/predict_daily.py took 5.051 seconds
[2026-07-10T11:03:32.297+0000] {processor.py:157} INFO - Started process (PID=31056) to work on /opt/airflow/dags/predict_daily.py
[2026-07-10T11:03:32.299+0000] {processor.py:829} INFO - Processing file /opt/airflow/dags/predict_daily.py for tasks to queue
[2026-07-10T11:03:32.301+0000] {logging_mixin.py:151} INFO - [2026-07-10T11:03:32.300+0000] {dagbag.py:539} INFO - Filling up the DagBag from /opt/airflow/dags/predict_daily.py
[2026-07-10T11:03:38.033+0000] {processor.py:841} WARNING - No viable dags retrieved from /opt/airflow/dags/predict_daily.py
[2026-07-10T11:03:38.049+0000] {processor.py:179} INFO - Processing /opt/airflow/dags/predict_daily.py took 5.759 seconds
[2026-07-10T11:04:08.452+0000] {processor.py:157} INFO - Started process (PID=31096) to work on /opt/airflow/dags/predict_daily.py
[2026-07-10T11:04:08.455+0000] {processor.py:829} INFO - Processing file /opt/airflow/dags/predict_daily.py for tasks to queue
[2026-07-10T11:04:08.458+0000] {logging_mixin.py:151} INFO - [2026-07-10T11:04:08.457+0000] {dagbag.py:539} INFO - Filling up the DagBag from /opt/airflow/dags/predict_daily.py
[2026-07-10T11:04:12.691+0000] {processor.py:841} WARNING - No viable dags retrieved from /opt/airflow/dags/predict_daily.py
[2026-07-10T11:04:12.713+0000] {processor.py:179} INFO - Processing /opt/airflow/dags/predict_daily.py took 4.266 seconds
[2026-07-10T11:04:42.859+0000] {processor.py:157} INFO - Started process (PID=31129) to work on /opt/airflow/dags/predict_daily.py
[2026-07-10T11:04:42.861+0000] {processor.py:829} INFO - Processing file /opt/airflow/dags/predict_daily.py for tasks to queue
[2026-07-10T11:04:42.863+0000] {logging_mixin.py:151} INFO - [2026-07-10T11:04:42.862+0000] {dagbag.py:539} INFO - Filling up the DagBag from /opt/airflow/dags/predict_daily.py
[2026-07-10T11:04:46.447+0000] {processor.py:841} WARNING - No viable dags retrieved from /opt/airflow/dags/predict_daily.py
[2026-07-10T11:04:46.466+0000] {processor.py:179} INFO - Processing /opt/airflow/dags/predict_daily.py took 3.614 seconds
[2026-07-10T11:05:16.947+0000] {processor.py:157} INFO - Started process (PID=31162) to work on /opt/airflow/dags/predict_daily.py
[2026-07-10T11:05:16.951+0000] {processor.py:829} INFO - Processing file /opt/airflow/dags/predict_daily.py for tasks to queue
[2026-07-10T11:05:16.958+0000] {logging_mixin.py:151} INFO - [2026-07-10T11:05:16.957+0000] {dagbag.py:539} INFO - Filling up the DagBag from /opt/airflow/dags/predict_daily.py
[2026-07-10T11:05:20.568+0000] {processor.py:841} WARNING - No viable dags retrieved from /opt/airflow/dags/predict_daily.py
[2026-07-10T11:05:20.584+0000] {processor.py:179} INFO - Processing /opt/airflow/dags/predict_daily.py took 3.643 seconds
[2026-07-10T11:05:51.125+0000] {processor.py:157} INFO - Started process (PID=31195) to work on /opt/airflow/dags/predict_daily.py
[2026-07-10T11:05:51.127+0000] {processor.py:829} INFO - Processing file /opt/airflow/dags/predict_daily.py for tasks to queue
[2026-07-10T11:05:51.129+0000] {logging_mixin.py:151} INFO - [2026-07-10T11:05:51.128+0000] {dagbag.py:539} INFO - Filling up the DagBag from /opt/airflow/dags/predict_daily.py
[2026-07-10T11:05:54.713+0000] {processor.py:841} WARNING - No viable dags retrieved from /opt/airflow/dags/predict_daily.py
[2026-07-10T11:05:54.731+0000] {processor.py:179} INFO - Processing /opt/airflow/dags/predict_daily.py took 3.611 seconds
[2026-07-10T11:06:25.560+0000] {processor.py:157} INFO - Started process (PID=31228) to work on /opt/airflow/dags/predict_daily.py
[2026-07-10T11:06:25.562+0000] {processor.py:829} INFO - Processing file /opt/airflow/dags/predict_daily.py for tasks to queue
[2026-07-10T11:06:25.563+0000] {logging_mixin.py:151} INFO - [2026-07-10T11:06:25.562+0000] {dagbag.py:539} INFO - Filling up the DagBag from /opt/airflow/dags/predict_daily.py
[2026-07-10T11:06:29.577+0000] {processor.py:841} WARNING - No viable dags retrieved from /opt/airflow/dags/predict_daily.py
[2026-07-10T11:06:29.590+0000] {processor.py:179} INFO - Processing /opt/airflow/dags/predict_daily.py took 4.035 seconds
[2026-07-10T11:06:59.799+0000] {processor.py:157} INFO - Started process (PID=31266) to work on /opt/airflow/dags/predict_daily.py
[2026-07-10T11:06:59.800+0000] {processor.py:829} INFO - Processing file /opt/airflow/dags/predict_daily.py for tasks to queue
[2026-07-10T11:06:59.802+0000] {logging_mixin.py:151} INFO - [2026-07-10T11:06:59.801+0000] {dagbag.py:539} INFO - Filling up the DagBag from /opt/airflow/dags/predict_daily.py
[2026-07-10T11:07:01.993+0000] {processor.py:841} WARNING - No viable dags retrieved from /opt/airflow/dags/predict_daily.py
[2026-07-10T11:07:02.004+0000] {processor.py:179} INFO - Processing /opt/airflow/dags/predict_daily.py took 2.209 seconds
[2026-07-10T11:07:32.472+0000] {processor.py:157} INFO - Started process (PID=31299) to work on /opt/airflow/dags/predict_daily.py
[2026-07-10T11:07:32.474+0000] {processor.py:829} INFO - Processing file /opt/airflow/dags/predict_daily.py for tasks to queue
[2026-07-10T11:07:32.475+0000] {logging_mixin.py:151} INFO - [2026-07-10T11:07:32.474+0000] {dagbag.py:539} INFO - Filling up the DagBag from /opt/airflow/dags/predict_daily.py
[2026-07-10T11:07:37.394+0000] {processor.py:841} WARNING - No viable dags retrieved from /opt/airflow/dags/predict_daily.py
[2026-07-10T11:07:37.440+0000] {processor.py:179} INFO - Processing /opt/airflow/dags/predict_daily.py took 4.973 seconds
[2026-07-10T11:08:07.927+0000] {processor.py:157} INFO - Started process (PID=31332) to work on /opt/airflow/dags/predict_daily.py
[2026-07-10T11:08:07.929+0000] {processor.py:829} INFO - Processing file /opt/airflow/dags/predict_daily.py for tasks to queue
[2026-07-10T11:08:07.931+0000] {logging_mixin.py:151} INFO - [2026-07-10T11:08:07.930+0000] {dagbag.py:539} INFO - Filling up the DagBag from /opt/airflow/dags/predict_daily.py
[2026-07-10T11:08:12.720+0000] {processor.py:841} WARNING - No viable dags retrieved from /opt/airflow/dags/predict_daily.py
[2026-07-10T11:08:12.741+0000] {processor.py:179} INFO - Processing /opt/airflow/dags/predict_daily.py took 4.820 seconds
[2026-07-10T11:08:43.209+0000] {processor.py:157} INFO - Started process (PID=31371) to work on /opt/airflow/dags/predict_daily.py
[2026-07-10T11:08:43.211+0000] {processor.py:829} INFO - Processing file /opt/airflow/dags/predict_daily.py for tasks to queue
[2026-07-10T11:08:43.213+0000] {logging_mixin.py:151} INFO - [2026-07-10T11:08:43.212+0000] {dagbag.py:539} INFO - Filling up the DagBag from /opt/airflow/dags/predict_daily.py
[2026-07-10T11:08:46.765+0000] {processor.py:841} WARNING - No viable dags retrieved from /opt/airflow/dags/predict_daily.py
[2026-07-10T11:08:46.778+0000] {processor.py:179} INFO - Processing /opt/airflow/dags/predict_daily.py took 3.576 seconds
[2026-07-10T11:09:17.419+0000] {processor.py:157} INFO - Started process (PID=31404) to work on /opt/airflow/dags/predict_daily.py
[2026-07-10T11:09:17.422+0000] {processor.py:829} INFO - Processing file /opt/airflow/dags/predict_daily.py for tasks to queue
[2026-07-10T11:09:17.424+0000] {logging_mixin.py:151} INFO - [2026-07-10T11:09:17.423+0000] {dagbag.py:539} INFO - Filling up the DagBag from /opt/airflow/dags/predict_daily.py
[2026-07-10T11:09:21.167+0000] {processor.py:841} WARNING - No viable dags retrieved from /opt/airflow/dags/predict_daily.py
[2026-07-10T11:09:21.188+0000] {processor.py:179} INFO - Processing /opt/airflow/dags/predict_daily.py took 3.775 seconds
[2026-07-10T11:09:51.974+0000] {processor.py:157} INFO - Started process (PID=31437) to work on /opt/airflow/dags/predict_daily.py
[2026-07-10T11:09:51.982+0000] {processor.py:829} INFO - Processing file /opt/airflow/dags/predict_daily.py for tasks to queue
[2026-07-10T11:09:51.985+0000] {logging_mixin.py:151} INFO - [2026-07-10T11:09:51.984+0000] {dagbag.py:539} INFO - Filling up the DagBag from /opt/airflow/dags/predict_daily.py
[2026-07-10T11:09:57.802+0000] {processor.py:841} WARNING - No viable dags retrieved from /opt/airflow/dags/predict_daily.py
[2026-07-10T11:09:57.834+0000] {processor.py:179} INFO - Processing /opt/airflow/dags/predict_daily.py took 5.865 seconds
[2026-07-10T11:10:28.031+0000] {processor.py:157} INFO - Started process (PID=31471) to work on /opt/airflow/dags/predict_daily.py
[2026-07-10T11:10:28.034+0000] {processor.py:829} INFO - Processing file /opt/airflow/dags/predict_daily.py for tasks to queue
[2026-07-10T11:10:28.036+0000] {logging_mixin.py:151} INFO - [2026-07-10T11:10:28.035+0000] {dagbag.py:539} INFO - Filling up the DagBag from /opt/airflow/dags/predict_daily.py
[2026-07-10T11:10:31.591+0000] {processor.py:841} WARNING - No viable dags retrieved from /opt/airflow/dags/predict_daily.py
[2026-07-10T11:10:31.610+0000] {processor.py:179} INFO - Processing /opt/airflow/dags/predict_daily.py took 3.584 seconds
[2026-07-10T11:11:02.269+0000] {processor.py:157} INFO - Started process (PID=31504) to work on /opt/airflow/dags/predict_daily.py
[2026-07-10T11:11:02.270+0000] {processor.py:829} INFO - Processing file /opt/airflow/dags/predict_daily.py for tasks to queue
[2026-07-10T11:11:02.271+0000] {logging_mixin.py:151} INFO - [2026-07-10T11:11:02.270+0000] {dagbag.py:539} INFO - Filling up the DagBag from /opt/airflow/dags/predict_daily.py
[2026-07-10T11:11:08.600+0000] {processor.py:841} WARNING - No viable dags retrieved from /opt/airflow/dags/predict_daily.py
[2026-07-10T11:11:08.617+0000] {processor.py:179} INFO - Processing /opt/airflow/dags/predict_daily.py took 6.352 seconds
[2026-07-10T11:11:39.269+0000] {processor.py:157} INFO - Started process (PID=31542) to work on /opt/airflow/dags/predict_daily.py
[2026-07-10T11:11:39.271+0000] {processor.py:829} INFO - Processing file /opt/airflow/dags/predict_daily.py for tasks to queue
[2026-07-10T11:11:39.273+0000] {logging_mixin.py:151} INFO - [2026-07-10T11:11:39.273+0000] {dagbag.py:539} INFO - Filling up the DagBag from /opt/airflow/dags/predict_daily.py
[2026-07-10T11:11:44.090+0000] {processor.py:841} WARNING - No viable dags retrieved from /opt/airflow/dags/predict_daily.py
[2026-07-10T11:11:44.107+0000] {processor.py:179} INFO - Processing /opt/airflow/dags/predict_daily.py took 4.851 seconds
[2026-07-10T11:12:14.240+0000] {processor.py:157} INFO - Started process (PID=31582) to work on /opt/airflow/dags/predict_daily.py
[2026-07-10T11:12:14.243+0000] {processor.py:829} INFO - Processing file /opt/airflow/dags/predict_daily.py for tasks to queue
[2026-07-10T11:12:14.245+0000] {logging_mixin.py:151} INFO - [2026-07-10T11:12:14.244+0000] {dagbag.py:539} INFO - Filling up the DagBag from /opt/airflow/dags/predict_daily.py
[2026-07-10T11:12:18.234+0000] {processor.py:841} WARNING - No viable dags retrieved from /opt/airflow/dags/predict_daily.py
[2026-07-10T11:12:18.247+0000] {processor.py:179} INFO - Processing /opt/airflow/dags/predict_daily.py took 4.014 seconds
[2026-07-10T11:12:48.879+0000] {processor.py:157} INFO - Started process (PID=31615) to work on /opt/airflow/dags/predict_daily.py
[2026-07-10T11:12:48.882+0000] {processor.py:829} INFO - Processing file /opt/airflow/dags/predict_daily.py for tasks to queue
[2026-07-10T11:12:48.885+0000] {logging_mixin.py:151} INFO - [2026-07-10T11:12:48.884+0000] {dagbag.py:539} INFO - Filling up the DagBag from /opt/airflow/dags/predict_daily.py
[2026-07-10T11:12:53.039+0000] {processor.py:841} WARNING - No viable dags retrieved from /opt/airflow/dags/predict_daily.py
[2026-07-10T11:12:53.067+0000] {processor.py:179} INFO - Processing /opt/airflow/dags/predict_daily.py took 4.196 seconds
[2026-07-10T11:13:23.377+0000] {processor.py:157} INFO - Started process (PID=31648) to work on /opt/airflow/dags/predict_daily.py
[2026-07-10T11:13:23.379+0000] {processor.py:829} INFO - Processing file /opt/airflow/dags/predict_daily.py for tasks to queue
[2026-07-10T11:13:23.381+0000] {logging_mixin.py:151} INFO - [2026-07-10T11:13:23.380+0000] {dagbag.py:539} INFO - Filling up the DagBag from /opt/airflow/dags/predict_daily.py
[2026-07-10T11:13:27.136+0000] {processor.py:841} WARNING - No viable dags retrieved from /opt/airflow/dags/predict_daily.py
[2026-07-10T11:13:27.162+0000] {processor.py:179} INFO - Processing /opt/airflow/dags/predict_daily.py took 3.788 seconds
[2026-07-10T11:13:57.786+0000] {processor.py:157} INFO - Started process (PID=31681) to work on /opt/airflow/dags/predict_daily.py
[2026-07-10T11:13:57.789+0000] {processor.py:829} INFO - Processing file /opt/airflow/dags/predict_daily.py for tasks to queue
[2026-07-10T11:13:57.791+0000] {logging_mixin.py:151} INFO - [2026-07-10T11:13:57.790+0000] {dagbag.py:539} INFO - Filling up the DagBag from /opt/airflow/dags/predict_daily.py
[2026-07-10T11:14:01.638+0000] {processor.py:841} WARNING - No viable dags retrieved from /opt/airflow/dags/predict_daily.py
[2026-07-10T11:14:01.659+0000] {processor.py:179} INFO - Processing /opt/airflow/dags/predict_daily.py took 3.880 seconds
[2026-07-10T11:14:32.323+0000] {processor.py:157} INFO - Started process (PID=31714) to work on /opt/airflow/dags/predict_daily.py
[2026-07-10T11:14:32.325+0000] {processor.py:829} INFO - Processing file /opt/airflow/dags/predict_daily.py for tasks to queue
[2026-07-10T11:14:32.327+0000] {logging_mixin.py:151} INFO - [2026-07-10T11:14:32.326+0000] {dagbag.py:539} INFO - Filling up the DagBag from /opt/airflow/dags/predict_daily.py
[2026-07-10T11:14:38.482+0000] {processor.py:841} WARNING - No viable dags retrieved from /opt/airflow/dags/predict_daily.py
[2026-07-10T11:14:38.527+0000] {processor.py:179} INFO - Processing /opt/airflow/dags/predict_daily.py took 6.210 seconds
[2026-07-10T11:15:08.808+0000] {processor.py:157} INFO - Started process (PID=31747) to work on /opt/airflow/dags/predict_daily.py
[2026-07-10T11:15:08.811+0000] {processor.py:829} INFO - Processing file /opt/airflow/dags/predict_daily.py for tasks to queue
[2026-07-10T11:15:08.813+0000] {logging_mixin.py:151} INFO - [2026-07-10T11:15:08.812+0000] {dagbag.py:539} INFO - Filling up the DagBag from /opt/airflow/dags/predict_daily.py
[2026-07-10T11:15:12.906+0000] {processor.py:841} WARNING - No viable dags retrieved from /opt/airflow/dags/predict_daily.py
[2026-07-10T11:15:12.922+0000] {processor.py:179} INFO - Processing /opt/airflow/dags/predict_daily.py took 4.119 seconds
[2026-07-10T11:15:43.611+0000] {processor.py:157} INFO - Started process (PID=31787) to work on /opt/airflow/dags/predict_daily.py
[2026-07-10T11:15:43.614+0000] {processor.py:829} INFO - Processing file /opt/airflow/dags/predict_daily.py for tasks to queue
[2026-07-10T11:15:43.616+0000] {logging_mixin.py:151} INFO - [2026-07-10T11:15:43.615+0000] {dagbag.py:539} INFO - Filling up the DagBag from /opt/airflow/dags/predict_daily.py
[2026-07-10T11:15:49.073+0000] {processor.py:841} WARNING - No viable dags retrieved from /opt/airflow/dags/predict_daily.py
[2026-07-10T11:15:49.118+0000] {processor.py:179} INFO - Processing /opt/airflow/dags/predict_daily.py took 5.518 seconds
[2026-07-10T11:16:19.730+0000] {processor.py:157} INFO - Started process (PID=31820) to work on /opt/airflow/dags/predict_daily.py
[2026-07-10T11:16:19.732+0000] {processor.py:829} INFO - Processing file /opt/airflow/dags/predict_daily.py for tasks to queue
[2026-07-10T11:16:19.734+0000] {logging_mixin.py:151} INFO - [2026-07-10T11:16:19.733+0000] {dagbag.py:539} INFO - Filling up the DagBag from /opt/airflow/dags/predict_daily.py
[2026-07-10T11:16:28.626+0000] {processor.py:841} WARNING - No viable dags retrieved from /opt/airflow/dags/predict_daily.py
[2026-07-10T11:16:28.652+0000] {processor.py:179} INFO - Processing /opt/airflow/dags/predict_daily.py took 8.927 seconds
[2026-07-10T11:16:59.197+0000] {processor.py:157} INFO - Started process (PID=31853) to work on /opt/airflow/dags/predict_daily.py
[2026-07-10T11:16:59.204+0000] {processor.py:829} INFO - Processing file /opt/airflow/dags/predict_daily.py for tasks to queue
[2026-07-10T11:16:59.206+0000] {logging_mixin.py:151} INFO - [2026-07-10T11:16:59.206+0000] {dagbag.py:539} INFO - Filling up the DagBag from /opt/airflow/dags/predict_daily.py
[2026-07-10T11:17:05.421+0000] {processor.py:841} WARNING - No viable dags retrieved from /opt/airflow/dags/predict_daily.py
[2026-07-10T11:17:05.449+0000] {processor.py:179} INFO - Processing /opt/airflow/dags/predict_daily.py took 6.267 seconds
[2026-07-10T11:17:36.623+0000] {processor.py:157} INFO - Started process (PID=31887) to work on /opt/airflow/dags/predict_daily.py
[2026-07-10T11:17:36.657+0000] {processor.py:829} INFO - Processing file /opt/airflow/dags/predict_daily.py for tasks to queue
[2026-07-10T11:17:36.669+0000] {logging_mixin.py:151} INFO - [2026-07-10T11:17:36.668+0000] {dagbag.py:539} INFO - Filling up the DagBag from /opt/airflow/dags/predict_daily.py
[2026-07-10T11:17:45.460+0000] {processor.py:841} WARNING - No viable dags retrieved from /opt/airflow/dags/predict_daily.py
[2026-07-10T11:17:45.496+0000] {processor.py:179} INFO - Processing /opt/airflow/dags/predict_daily.py took 8.913 seconds
[2026-07-10T11:18:16.412+0000] {processor.py:157} INFO - Started process (PID=31933) to work on /opt/airflow/dags/predict_daily.py
[2026-07-10T11:18:16.422+0000] {processor.py:829} INFO - Processing file /opt/airflow/dags/predict_daily.py for tasks to queue
[2026-07-10T11:18:16.447+0000] {logging_mixin.py:151} INFO - [2026-07-10T11:18:16.446+0000] {dagbag.py:539} INFO - Filling up the DagBag from /opt/airflow/dags/predict_daily.py
[2026-07-10T11:18:21.477+0000] {processor.py:841} WARNING - No viable dags retrieved from /opt/airflow/dags/predict_daily.py
[2026-07-10T11:18:21.505+0000] {processor.py:179} INFO - Processing /opt/airflow/dags/predict_daily.py took 5.099 seconds
[2026-07-10T11:18:51.866+0000] {processor.py:157} INFO - Started process (PID=31967) to work on /opt/airflow/dags/predict_daily.py
[2026-07-10T11:18:51.872+0000] {processor.py:829} INFO - Processing file /opt/airflow/dags/predict_daily.py for tasks to queue
[2026-07-10T11:18:51.877+0000] {logging_mixin.py:151} INFO - [2026-07-10T11:18:51.876+0000] {dagbag.py:539} INFO - Filling up the DagBag from /opt/airflow/dags/predict_daily.py
[2026-07-10T11:18:56.395+0000] {processor.py:841} WARNING - No viable dags retrieved from /opt/airflow/dags/predict_daily.py
[2026-07-10T11:18:56.419+0000] {processor.py:179} INFO - Processing /opt/airflow/dags/predict_daily.py took 4.559 seconds
[2026-07-10T11:19:27.172+0000] {processor.py:157} INFO - Started process (PID=32000) to work on /opt/airflow/dags/predict_daily.py
[2026-07-10T11:19:27.173+0000] {processor.py:829} INFO - Processing file /opt/airflow/dags/predict_daily.py for tasks to queue
[2026-07-10T11:19:27.174+0000] {logging_mixin.py:151} INFO - [2026-07-10T11:19:27.174+0000] {dagbag.py:539} INFO - Filling up the DagBag from /opt/airflow/dags/predict_daily.py
[2026-07-10T11:19:30.371+0000] {processor.py:841} WARNING - No viable dags retrieved from /opt/airflow/dags/predict_daily.py
[2026-07-10T11:19:30.383+0000] {processor.py:179} INFO - Processing /opt/airflow/dags/predict_daily.py took 3.216 seconds
[2026-07-10T11:20:01.395+0000] {processor.py:157} INFO - Started process (PID=32033) to work on /opt/airflow/dags/predict_daily.py
[2026-07-10T11:20:01.401+0000] {processor.py:829} INFO - Processing file /opt/airflow/dags/predict_daily.py for tasks to queue
[2026-07-10T11:20:01.411+0000] {logging_mixin.py:151} INFO - [2026-07-10T11:20:01.404+0000] {dagbag.py:539} INFO - Filling up the DagBag from /opt/airflow/dags/predict_daily.py
[2026-07-10T11:20:11.016+0000] {processor.py:841} WARNING - No viable dags retrieved from /opt/airflow/dags/predict_daily.py
[2026-07-10T11:20:11.074+0000] {processor.py:179} INFO - Processing /opt/airflow/dags/predict_daily.py took 9.698 seconds
[2026-07-10T11:20:42.076+0000] {processor.py:157} INFO - Started process (PID=32066) to work on /opt/airflow/dags/predict_daily.py
[2026-07-10T11:20:42.119+0000] {processor.py:829} INFO - Processing file /opt/airflow/dags/predict_daily.py for tasks to queue
[2026-07-10T11:20:42.140+0000] {logging_mixin.py:151} INFO - [2026-07-10T11:20:42.134+0000] {dagbag.py:539} INFO - Filling up the DagBag from /opt/airflow/dags/predict_daily.py
[2026-07-10T11:20:49.253+0000] {processor.py:841} WARNING - No viable dags retrieved from /opt/airflow/dags/predict_daily.py
[2026-07-10T11:20:49.291+0000] {processor.py:179} INFO - Processing /opt/airflow/dags/predict_daily.py took 7.412 seconds
[2026-07-10T11:21:19.711+0000] {processor.py:157} INFO - Started process (PID=32111) to work on /opt/airflow/dags/predict_daily.py
[2026-07-10T11:21:19.715+0000] {processor.py:829} INFO - Processing file /opt/airflow/dags/predict_daily.py for tasks to queue
[2026-07-10T11:21:19.717+0000] {logging_mixin.py:151} INFO - [2026-07-10T11:21:19.716+0000] {dagbag.py:539} INFO - Filling up the DagBag from /opt/airflow/dags/predict_daily.py
[2026-07-10T11:21:24.658+0000] {processor.py:841} WARNING - No viable dags retrieved from /opt/airflow/dags/predict_daily.py
[2026-07-10T11:21:24.682+0000] {processor.py:179} INFO - Processing /opt/airflow/dags/predict_daily.py took 4.977 seconds
[2026-07-10T11:21:55.230+0000] {processor.py:157} INFO - Started process (PID=32144) to work on /opt/airflow/dags/predict_daily.py
[2026-07-10T11:21:55.233+0000] {processor.py:829} INFO - Processing file /opt/airflow/dags/predict_daily.py for tasks to queue
[2026-07-10T11:21:55.234+0000] {logging_mixin.py:151} INFO - [2026-07-10T11:21:55.234+0000] {dagbag.py:539} INFO - Filling up the DagBag from /opt/airflow/dags/predict_daily.py
[2026-07-10T11:22:00.034+0000] {processor.py:841} WARNING - No viable dags retrieved from /opt/airflow/dags/predict_daily.py
[2026-07-10T11:22:00.085+0000] {processor.py:179} INFO - Processing /opt/airflow/dags/predict_daily.py took 4.862 seconds
[2026-07-10T11:22:30.807+0000] {processor.py:157} INFO - Started process (PID=32176) to work on /opt/airflow/dags/predict_daily.py
[2026-07-10T11:22:30.809+0000] {processor.py:829} INFO - Processing file /opt/airflow/dags/predict_daily.py for tasks to queue
[2026-07-10T11:22:30.811+0000] {logging_mixin.py:151} INFO - [2026-07-10T11:22:30.810+0000] {dagbag.py:539} INFO - Filling up the DagBag from /opt/airflow/dags/predict_daily.py
[2026-07-10T11:22:36.358+0000] {processor.py:841} WARNING - No viable dags retrieved from /opt/airflow/dags/predict_daily.py
[2026-07-10T11:22:36.385+0000] {processor.py:179} INFO - Processing /opt/airflow/dags/predict_daily.py took 5.585 seconds
[2026-07-10T11:23:06.824+0000] {processor.py:157} INFO - Started process (PID=32209) to work on /opt/airflow/dags/predict_daily.py
[2026-07-10T11:23:06.828+0000] {processor.py:829} INFO - Processing file /opt/airflow/dags/predict_daily.py for tasks to queue
[2026-07-10T11:23:06.830+0000] {logging_mixin.py:151} INFO - [2026-07-10T11:23:06.829+0000] {dagbag.py:539} INFO - Filling up the DagBag from /opt/airflow/dags/predict_daily.py
[2026-07-10T11:23:11.739+0000] {processor.py:841} WARNING - No viable dags retrieved from /opt/airflow/dags/predict_daily.py
[2026-07-10T11:23:11.770+0000] {processor.py:179} INFO - Processing /opt/airflow/dags/predict_daily.py took 4.952 seconds
[2026-07-10T11:23:42.051+0000] {processor.py:157} INFO - Started process (PID=32242) to work on /opt/airflow/dags/predict_daily.py
[2026-07-10T11:23:42.053+0000] {processor.py:829} INFO - Processing file /opt/airflow/dags/predict_daily.py for tasks to queue
[2026-07-10T11:23:42.054+0000] {logging_mixin.py:151} INFO - [2026-07-10T11:23:42.054+0000] {dagbag.py:539} INFO - Filling up the DagBag from /opt/airflow/dags/predict_daily.py
[2026-07-10T11:23:46.305+0000] {processor.py:841} WARNING - No viable dags retrieved from /opt/airflow/dags/predict_daily.py
[2026-07-10T11:23:46.332+0000] {processor.py:179} INFO - Processing /opt/airflow/dags/predict_daily.py took 4.287 seconds
[2026-07-10T11:24:16.902+0000] {processor.py:157} INFO - Started process (PID=32282) to work on /opt/airflow/dags/predict_daily.py
[2026-07-10T11:24:16.904+0000] {processor.py:829} INFO - Processing file /opt/airflow/dags/predict_daily.py for tasks to queue
[2026-07-10T11:24:16.906+0000] {logging_mixin.py:151} INFO - [2026-07-10T11:24:16.905+0000] {dagbag.py:539} INFO - Filling up the DagBag from /opt/airflow/dags/predict_daily.py
[2026-07-10T11:24:22.209+0000] {processor.py:841} WARNING - No viable dags retrieved from /opt/airflow/dags/predict_daily.py
[2026-07-10T11:24:22.238+0000] {processor.py:179} INFO - Processing /opt/airflow/dags/predict_daily.py took 5.342 seconds
[2026-07-10T11:24:52.767+0000] {processor.py:157} INFO - Started process (PID=32318) to work on /opt/airflow/dags/predict_daily.py
[2026-07-10T11:24:52.769+0000] {processor.py:829} INFO - Processing file /opt/airflow/dags/predict_daily.py for tasks to queue
[2026-07-10T11:24:52.770+0000] {logging_mixin.py:151} INFO - [2026-07-10T11:24:52.770+0000] {dagbag.py:539} INFO - Filling up the DagBag from /opt/airflow/dags/predict_daily.py
[2026-07-10T11:25:00.813+0000] {processor.py:841} WARNING - No viable dags retrieved from /opt/airflow/dags/predict_daily.py
[2026-07-10T11:25:00.915+0000] {processor.py:179} INFO - Processing /opt/airflow/dags/predict_daily.py took 8.153 seconds
[2026-07-10T11:25:31.539+0000] {processor.py:157} INFO - Started process (PID=32354) to work on /opt/airflow/dags/predict_daily.py
[2026-07-10T11:25:31.544+0000] {processor.py:829} INFO - Processing file /opt/airflow/dags/predict_daily.py for tasks to queue
[2026-07-10T11:25:31.547+0000] {logging_mixin.py:151} INFO - [2026-07-10T11:25:31.546+0000] {dagbag.py:539} INFO - Filling up the DagBag from /opt/airflow/dags/predict_daily.py
[2026-07-10T11:25:37.929+0000] {processor.py:841} WARNING - No viable dags retrieved from /opt/airflow/dags/predict_daily.py
[2026-07-10T11:25:38.035+0000] {processor.py:179} INFO - Processing /opt/airflow/dags/predict_daily.py took 6.514 seconds
[2026-07-10T11:26:08.574+0000] {processor.py:157} INFO - Started process (PID=32387) to work on /opt/airflow/dags/predict_daily.py
[2026-07-10T11:26:08.577+0000] {processor.py:829} INFO - Processing file /opt/airflow/dags/predict_daily.py for tasks to queue
[2026-07-10T11:26:08.588+0000] {logging_mixin.py:151} INFO - [2026-07-10T11:26:08.588+0000] {dagbag.py:539} INFO - Filling up the DagBag from /opt/airflow/dags/predict_daily.py
[2026-07-10T11:26:15.097+0000] {processor.py:841} WARNING - No viable dags retrieved from /opt/airflow/dags/predict_daily.py
[2026-07-10T11:26:15.143+0000] {processor.py:179} INFO - Processing /opt/airflow/dags/predict_daily.py took 6.587 seconds
[2026-07-10T11:26:45.618+0000] {processor.py:157} INFO - Started process (PID=32426) to work on /opt/airflow/dags/predict_daily.py
[2026-07-10T11:26:45.620+0000] {processor.py:829} INFO - Processing file /opt/airflow/dags/predict_daily.py for tasks to queue
[2026-07-10T11:26:45.621+0000] {logging_mixin.py:151} INFO - [2026-07-10T11:26:45.620+0000] {dagbag.py:539} INFO - Filling up the DagBag from /opt/airflow/dags/predict_daily.py
[2026-07-10T11:26:51.064+0000] {processor.py:841} WARNING - No viable dags retrieved from /opt/airflow/dags/predict_daily.py
[2026-07-10T11:26:51.082+0000] {processor.py:179} INFO - Processing /opt/airflow/dags/predict_daily.py took 5.468 seconds
[2026-07-10T11:27:21.807+0000] {processor.py:157} INFO - Started process (PID=32460) to work on /opt/airflow/dags/predict_daily.py
[2026-07-10T11:27:21.818+0000] {processor.py:829} INFO - Processing file /opt/airflow/dags/predict_daily.py for tasks to queue
[2026-07-10T11:27:21.821+0000] {logging_mixin.py:151} INFO - [2026-07-10T11:27:21.820+0000] {dagbag.py:539} INFO - Filling up the DagBag from /opt/airflow/dags/predict_daily.py
[2026-07-10T11:27:27.656+0000] {processor.py:841} WARNING - No viable dags retrieved from /opt/airflow/dags/predict_daily.py
[2026-07-10T11:27:27.684+0000] {processor.py:179} INFO - Processing /opt/airflow/dags/predict_daily.py took 5.887 seconds
[2026-07-10T11:27:57.913+0000] {processor.py:157} INFO - Started process (PID=32493) to work on /opt/airflow/dags/predict_daily.py
[2026-07-10T11:27:57.917+0000] {processor.py:829} INFO - Processing file /opt/airflow/dags/predict_daily.py for tasks to queue
[2026-07-10T11:27:57.918+0000] {logging_mixin.py:151} INFO - [2026-07-10T11:27:57.918+0000] {dagbag.py:539} INFO - Filling up the DagBag from /opt/airflow/dags/predict_daily.py
[2026-07-10T11:28:02.781+0000] {processor.py:841} WARNING - No viable dags retrieved from /opt/airflow/dags/predict_daily.py
[2026-07-10T11:28:02.797+0000] {processor.py:179} INFO - Processing /opt/airflow/dags/predict_daily.py took 4.891 seconds
[2026-07-10T11:28:33.152+0000] {processor.py:157} INFO - Started process (PID=32531) to work on /opt/airflow/dags/predict_daily.py
[2026-07-10T11:28:33.156+0000] {processor.py:829} INFO - Processing file /opt/airflow/dags/predict_daily.py for tasks to queue
[2026-07-10T11:28:33.163+0000] {logging_mixin.py:151} INFO - [2026-07-10T11:28:33.162+0000] {dagbag.py:539} INFO - Filling up the DagBag from /opt/airflow/dags/predict_daily.py
[2026-07-10T11:28:40.580+0000] {processor.py:841} WARNING - No viable dags retrieved from /opt/airflow/dags/predict_daily.py
[2026-07-10T11:28:40.604+0000] {processor.py:179} INFO - Processing /opt/airflow/dags/predict_daily.py took 7.460 seconds
[2026-07-10T11:29:11.379+0000] {processor.py:157} INFO - Started process (PID=32564) to work on /opt/airflow/dags/predict_daily.py
[2026-07-10T11:29:11.383+0000] {processor.py:829} INFO - Processing file /opt/airflow/dags/predict_daily.py for tasks to queue
[2026-07-10T11:29:11.410+0000] {logging_mixin.py:151} INFO - [2026-07-10T11:29:11.410+0000] {dagbag.py:539} INFO - Filling up the DagBag from /opt/airflow/dags/predict_daily.py
[2026-07-10T11:29:19.008+0000] {processor.py:841} WARNING - No viable dags retrieved from /opt/airflow/dags/predict_daily.py
[2026-07-10T11:29:19.039+0000] {processor.py:179} INFO - Processing /opt/airflow/dags/predict_daily.py took 7.667 seconds
[2026-07-10T11:29:49.394+0000] {processor.py:157} INFO - Started process (PID=32604) to work on /opt/airflow/dags/predict_daily.py
[2026-07-10T11:29:49.397+0000] {processor.py:829} INFO - Processing file /opt/airflow/dags/predict_daily.py for tasks to queue
[2026-07-10T11:29:49.398+0000] {logging_mixin.py:151} INFO - [2026-07-10T11:29:49.398+0000] {dagbag.py:539} INFO - Filling up the DagBag from /opt/airflow/dags/predict_daily.py
[2026-07-10T11:29:54.761+0000] {processor.py:841} WARNING - No viable dags retrieved from /opt/airflow/dags/predict_daily.py
[2026-07-10T11:29:54.790+0000] {processor.py:179} INFO - Processing /opt/airflow/dags/predict_daily.py took 5.401 seconds
[2026-07-10T11:30:24.997+0000] {processor.py:157} INFO - Started process (PID=32638) to work on /opt/airflow/dags/predict_daily.py
[2026-07-10T11:30:25.000+0000] {processor.py:829} INFO - Processing file /opt/airflow/dags/predict_daily.py for tasks to queue
[2026-07-10T11:30:25.002+0000] {logging_mixin.py:151} INFO - [2026-07-10T11:30:25.001+0000] {dagbag.py:539} INFO - Filling up the DagBag from /opt/airflow/dags/predict_daily.py
[2026-07-10T11:30:34.081+0000] {processor.py:841} WARNING - No viable dags retrieved from /opt/airflow/dags/predict_daily.py
[2026-07-10T11:30:34.118+0000] {processor.py:179} INFO - Processing /opt/airflow/dags/predict_daily.py took 9.130 seconds
[2026-07-10T11:31:04.778+0000] {processor.py:157} INFO - Started process (PID=32671) to work on /opt/airflow/dags/predict_daily.py
[2026-07-10T11:31:04.781+0000] {processor.py:829} INFO - Processing file /opt/airflow/dags/predict_daily.py for tasks to queue
[2026-07-10T11:31:04.783+0000] {logging_mixin.py:151} INFO - [2026-07-10T11:31:04.782+0000] {dagbag.py:539} INFO - Filling up the DagBag from /opt/airflow/dags/predict_daily.py
[2026-07-10T11:31:11.078+0000] {processor.py:841} WARNING - No viable dags retrieved from /opt/airflow/dags/predict_daily.py
[2026-07-10T11:31:11.094+0000] {processor.py:179} INFO - Processing /opt/airflow/dags/predict_daily.py took 6.327 seconds
[2026-07-10T11:31:41.649+0000] {processor.py:157} INFO - Started process (PID=32707) to work on /opt/airflow/dags/predict_daily.py
[2026-07-10T11:31:41.651+0000] {processor.py:829} INFO - Processing file /opt/airflow/dags/predict_daily.py for tasks to queue
[2026-07-10T11:31:41.653+0000] {logging_mixin.py:151} INFO - [2026-07-10T11:31:41.652+0000] {dagbag.py:539} INFO - Filling up the DagBag from /opt/airflow/dags/predict_daily.py
[2026-07-10T11:31:47.452+0000] {processor.py:841} WARNING - No viable dags retrieved from /opt/airflow/dags/predict_daily.py
[2026-07-10T11:31:47.499+0000] {processor.py:179} INFO - Processing /opt/airflow/dags/predict_daily.py took 5.856 seconds
[2026-07-10T11:32:18.485+0000] {processor.py:157} INFO - Started process (PID=32747) to work on /opt/airflow/dags/predict_daily.py
[2026-07-10T11:32:18.486+0000] {processor.py:829} INFO - Processing file /opt/airflow/dags/predict_daily.py for tasks to queue
[2026-07-10T11:32:18.488+0000] {logging_mixin.py:151} INFO - [2026-07-10T11:32:18.487+0000] {dagbag.py:539} INFO - Filling up the DagBag from /opt/airflow/dags/predict_daily.py
[2026-07-10T11:32:23.413+0000] {processor.py:841} WARNING - No viable dags retrieved from /opt/airflow/dags/predict_daily.py
[2026-07-10T11:32:23.457+0000] {processor.py:179} INFO - Processing /opt/airflow/dags/predict_daily.py took 4.976 seconds
[2026-07-10T11:32:54.098+0000] {processor.py:157} INFO - Started process (PID=32785) to work on /opt/airflow/dags/predict_daily.py
[2026-07-10T11:32:54.105+0000] {processor.py:829} INFO - Processing file /opt/airflow/dags/predict_daily.py for tasks to queue
[2026-07-10T11:32:54.112+0000] {logging_mixin.py:151} INFO - [2026-07-10T11:32:54.112+0000] {dagbag.py:539} INFO - Filling up the DagBag from /opt/airflow/dags/predict_daily.py
[2026-07-10T11:33:01.347+0000] {processor.py:841} WARNING - No viable dags retrieved from /opt/airflow/dags/predict_daily.py
[2026-07-10T11:33:01.379+0000] {processor.py:179} INFO - Processing /opt/airflow/dags/predict_daily.py took 7.289 seconds
[2026-07-10T11:33:31.781+0000] {processor.py:157} INFO - Started process (PID=32815) to work on /opt/airflow/dags/predict_daily.py
[2026-07-10T11:33:31.783+0000] {processor.py:829} INFO - Processing file /opt/airflow/dags/predict_daily.py for tasks to queue
[2026-07-10T11:33:31.784+0000] {logging_mixin.py:151} INFO - [2026-07-10T11:33:31.784+0000] {dagbag.py:539} INFO - Filling up the DagBag from /opt/airflow/dags/predict_daily.py
[2026-07-10T11:33:36.058+0000] {processor.py:841} WARNING - No viable dags retrieved from /opt/airflow/dags/predict_daily.py
[2026-07-10T11:33:36.078+0000] {processor.py:179} INFO - Processing /opt/airflow/dags/predict_daily.py took 4.303 seconds
[2026-07-10T11:34:06.522+0000] {processor.py:157} INFO - Started process (PID=32848) to work on /opt/airflow/dags/predict_daily.py
[2026-07-10T11:34:06.525+0000] {processor.py:829} INFO - Processing file /opt/airflow/dags/predict_daily.py for tasks to queue
[2026-07-10T11:34:06.526+0000] {logging_mixin.py:151} INFO - [2026-07-10T11:34:06.526+0000] {dagbag.py:539} INFO - Filling up the DagBag from /opt/airflow/dags/predict_daily.py
[2026-07-10T11:34:13.035+0000] {processor.py:841} WARNING - No viable dags retrieved from /opt/airflow/dags/predict_daily.py
[2026-07-10T11:34:13.050+0000] {processor.py:179} INFO - Processing /opt/airflow/dags/predict_daily.py took 6.535 seconds
[2026-07-10T11:34:44.049+0000] {processor.py:157} INFO - Started process (PID=32885) to work on /opt/airflow/dags/predict_daily.py
[2026-07-10T11:34:44.051+0000] {processor.py:829} INFO - Processing file /opt/airflow/dags/predict_daily.py for tasks to queue
[2026-07-10T11:34:44.053+0000] {logging_mixin.py:151} INFO - [2026-07-10T11:34:44.053+0000] {dagbag.py:539} INFO - Filling up the DagBag from /opt/airflow/dags/predict_daily.py
[2026-07-10T11:34:47.193+0000] {processor.py:841} WARNING - No viable dags retrieved from /opt/airflow/dags/predict_daily.py
[2026-07-10T11:34:47.206+0000] {processor.py:179} INFO - Processing /opt/airflow/dags/predict_daily.py took 3.163 seconds
[2026-07-10T11:35:17.632+0000] {processor.py:157} INFO - Started process (PID=32917) to work on /opt/airflow/dags/predict_daily.py
[2026-07-10T11:35:17.634+0000] {processor.py:829} INFO - Processing file /opt/airflow/dags/predict_daily.py for tasks to queue
[2026-07-10T11:35:17.636+0000] {logging_mixin.py:151} INFO - [2026-07-10T11:35:17.635+0000] {dagbag.py:539} INFO - Filling up the DagBag from /opt/airflow/dags/predict_daily.py
[2026-07-10T11:35:23.448+0000] {processor.py:841} WARNING - No viable dags retrieved from /opt/airflow/dags/predict_daily.py
[2026-07-10T11:35:23.521+0000] {processor.py:179} INFO - Processing /opt/airflow/dags/predict_daily.py took 5.896 seconds
[2026-07-10T11:35:53.910+0000] {processor.py:157} INFO - Started process (PID=32954) to work on /opt/airflow/dags/predict_daily.py
[2026-07-10T11:35:53.912+0000] {processor.py:829} INFO - Processing file /opt/airflow/dags/predict_daily.py for tasks to queue
[2026-07-10T11:35:53.914+0000] {logging_mixin.py:151} INFO - [2026-07-10T11:35:53.913+0000] {dagbag.py:539} INFO - Filling up the DagBag from /opt/airflow/dags/predict_daily.py
[2026-07-10T11:35:58.812+0000] {processor.py:841} WARNING - No viable dags retrieved from /opt/airflow/dags/predict_daily.py
[2026-07-10T11:35:58.875+0000] {processor.py:179} INFO - Processing /opt/airflow/dags/predict_daily.py took 4.971 seconds
[2026-07-10T11:36:29.593+0000] {processor.py:157} INFO - Started process (PID=32987) to work on /opt/airflow/dags/predict_daily.py
[2026-07-10T11:36:29.596+0000] {processor.py:829} INFO - Processing file /opt/airflow/dags/predict_daily.py for tasks to queue
[2026-07-10T11:36:29.598+0000] {logging_mixin.py:151} INFO - [2026-07-10T11:36:29.597+0000] {dagbag.py:539} INFO - Filling up the DagBag from /opt/airflow/dags/predict_daily.py
[2026-07-10T11:36:34.095+0000] {processor.py:841} WARNING - No viable dags retrieved from /opt/airflow/dags/predict_daily.py
[2026-07-10T11:36:34.122+0000] {processor.py:179} INFO - Processing /opt/airflow/dags/predict_daily.py took 4.536 seconds
[2026-07-10T11:37:04.350+0000] {processor.py:157} INFO - Started process (PID=33021) to work on /opt/airflow/dags/predict_daily.py
[2026-07-10T11:37:04.353+0000] {processor.py:829} INFO - Processing file /opt/airflow/dags/predict_daily.py for tasks to queue
[2026-07-10T11:37:04.356+0000] {logging_mixin.py:151} INFO - [2026-07-10T11:37:04.355+0000] {dagbag.py:539} INFO - Filling up the DagBag from /opt/airflow/dags/predict_daily.py
[2026-07-10T11:37:08.503+0000] {processor.py:841} WARNING - No viable dags retrieved from /opt/airflow/dags/predict_daily.py
[2026-07-10T11:37:08.515+0000] {processor.py:179} INFO - Processing /opt/airflow/dags/predict_daily.py took 4.172 seconds
[2026-07-10T11:37:39.371+0000] {processor.py:157} INFO - Started process (PID=33054) to work on /opt/airflow/dags/predict_daily.py
[2026-07-10T11:37:39.374+0000] {processor.py:829} INFO - Processing file /opt/airflow/dags/predict_daily.py for tasks to queue
[2026-07-10T11:37:39.375+0000] {logging_mixin.py:151} INFO - [2026-07-10T11:37:39.375+0000] {dagbag.py:539} INFO - Filling up the DagBag from /opt/airflow/dags/predict_daily.py
[2026-07-10T11:37:43.865+0000] {processor.py:841} WARNING - No viable dags retrieved from /opt/airflow/dags/predict_daily.py
[2026-07-10T11:37:43.893+0000] {processor.py:179} INFO - Processing /opt/airflow/dags/predict_daily.py took 4.529 seconds
[2026-07-10T11:38:14.306+0000] {processor.py:157} INFO - Started process (PID=33087) to work on /opt/airflow/dags/predict_daily.py
[2026-07-10T11:38:14.309+0000] {processor.py:829} INFO - Processing file /opt/airflow/dags/predict_daily.py for tasks to queue
[2026-07-10T11:38:14.316+0000] {logging_mixin.py:151} INFO - [2026-07-10T11:38:14.315+0000] {dagbag.py:539} INFO - Filling up the DagBag from /opt/airflow/dags/predict_daily.py
[2026-07-10T11:38:18.596+0000] {processor.py:841} WARNING - No viable dags retrieved from /opt/airflow/dags/predict_daily.py
[2026-07-10T11:38:18.619+0000] {processor.py:179} INFO - Processing /opt/airflow/dags/predict_daily.py took 4.322 seconds
[2026-07-10T11:38:48.872+0000] {processor.py:157} INFO - Started process (PID=33123) to work on /opt/airflow/dags/predict_daily.py
[2026-07-10T11:38:48.874+0000] {processor.py:829} INFO - Processing file /opt/airflow/dags/predict_daily.py for tasks to queue
[2026-07-10T11:38:48.876+0000] {logging_mixin.py:151} INFO - [2026-07-10T11:38:48.875+0000] {dagbag.py:539} INFO - Filling up the DagBag from /opt/airflow/dags/predict_daily.py
[2026-07-10T11:38:53.403+0000] {processor.py:841} WARNING - No viable dags retrieved from /opt/airflow/dags/predict_daily.py
[2026-07-10T11:38:53.425+0000] {processor.py:179} INFO - Processing /opt/airflow/dags/predict_daily.py took 4.560 seconds
[2026-07-10T11:39:23.751+0000] {processor.py:157} INFO - Started process (PID=33168) to work on /opt/airflow/dags/predict_daily.py
[2026-07-10T11:39:23.753+0000] {processor.py:829} INFO - Processing file /opt/airflow/dags/predict_daily.py for tasks to queue
[2026-07-10T11:39:23.755+0000] {logging_mixin.py:151} INFO - [2026-07-10T11:39:23.755+0000] {dagbag.py:539} INFO - Filling up the DagBag from /opt/airflow/dags/predict_daily.py
[2026-07-10T11:39:30.715+0000] {processor.py:841} WARNING - No viable dags retrieved from /opt/airflow/dags/predict_daily.py
[2026-07-10T11:39:30.789+0000] {processor.py:179} INFO - Processing /opt/airflow/dags/predict_daily.py took 7.051 seconds
[2026-07-10T11:40:01.356+0000] {processor.py:157} INFO - Started process (PID=33199) to work on /opt/airflow/dags/predict_daily.py
[2026-07-10T11:40:01.359+0000] {processor.py:829} INFO - Processing file /opt/airflow/dags/predict_daily.py for tasks to queue
[2026-07-10T11:40:01.363+0000] {logging_mixin.py:151} INFO - [2026-07-10T11:40:01.362+0000] {dagbag.py:539} INFO - Filling up the DagBag from /opt/airflow/dags/predict_daily.py
[2026-07-10T11:40:05.967+0000] {processor.py:841} WARNING - No viable dags retrieved from /opt/airflow/dags/predict_daily.py
[2026-07-10T11:40:06.002+0000] {processor.py:179} INFO - Processing /opt/airflow/dags/predict_daily.py took 4.654 seconds
[2026-07-10T11:40:36.810+0000] {processor.py:157} INFO - Started process (PID=33232) to work on /opt/airflow/dags/predict_daily.py
[2026-07-10T11:40:36.812+0000] {processor.py:829} INFO - Processing file /opt/airflow/dags/predict_daily.py for tasks to queue
[2026-07-10T11:40:36.813+0000] {logging_mixin.py:151} INFO - [2026-07-10T11:40:36.813+0000] {dagbag.py:539} INFO - Filling up the DagBag from /opt/airflow/dags/predict_daily.py
[2026-07-10T11:40:41.242+0000] {processor.py:841} WARNING - No viable dags retrieved from /opt/airflow/dags/predict_daily.py
[2026-07-10T11:40:41.257+0000] {processor.py:179} INFO - Processing /opt/airflow/dags/predict_daily.py took 4.455 seconds
[2026-07-10T11:41:12.241+0000] {processor.py:157} INFO - Started process (PID=33265) to work on /opt/airflow/dags/predict_daily.py
[2026-07-10T11:41:12.244+0000] {processor.py:829} INFO - Processing file /opt/airflow/dags/predict_daily.py for tasks to queue
[2026-07-10T11:41:12.253+0000] {logging_mixin.py:151} INFO - [2026-07-10T11:41:12.253+0000] {dagbag.py:539} INFO - Filling up the DagBag from /opt/airflow/dags/predict_daily.py
[2026-07-10T11:41:16.405+0000] {processor.py:841} WARNING - No viable dags retrieved from /opt/airflow/dags/predict_daily.py
[2026-07-10T11:41:16.425+0000] {processor.py:179} INFO - Processing /opt/airflow/dags/predict_daily.py took 4.195 seconds
[2026-07-10T11:41:47.057+0000] {processor.py:157} INFO - Started process (PID=33298) to work on /opt/airflow/dags/predict_daily.py
[2026-07-10T11:41:47.059+0000] {processor.py:829} INFO - Processing file /opt/airflow/dags/predict_daily.py for tasks to queue
[2026-07-10T11:41:47.061+0000] {logging_mixin.py:151} INFO - [2026-07-10T11:41:47.061+0000] {dagbag.py:539} INFO - Filling up the DagBag from /opt/airflow/dags/predict_daily.py
[2026-07-10T11:41:51.202+0000] {processor.py:841} WARNING - No viable dags retrieved from /opt/airflow/dags/predict_daily.py
[2026-07-10T11:41:51.223+0000] {processor.py:179} INFO - Processing /opt/airflow/dags/predict_daily.py took 4.172 seconds
[2026-07-10T11:42:21.887+0000] {processor.py:157} INFO - Started process (PID=33338) to work on /opt/airflow/dags/predict_daily.py
[2026-07-10T11:42:21.890+0000] {processor.py:829} INFO - Processing file /opt/airflow/dags/predict_daily.py for tasks to queue
[2026-07-10T11:42:21.893+0000] {logging_mixin.py:151} INFO - [2026-07-10T11:42:21.892+0000] {dagbag.py:539} INFO - Filling up the DagBag from /opt/airflow/dags/predict_daily.py
[2026-07-10T11:42:26.980+0000] {processor.py:841} WARNING - No viable dags retrieved from /opt/airflow/dags/predict_daily.py
[2026-07-10T11:42:27.001+0000] {processor.py:179} INFO - Processing /opt/airflow/dags/predict_daily.py took 5.122 seconds
[2026-07-10T11:42:57.652+0000] {processor.py:157} INFO - Started process (PID=33371) to work on /opt/airflow/dags/predict_daily.py
[2026-07-10T11:42:57.654+0000] {processor.py:829} INFO - Processing file /opt/airflow/dags/predict_daily.py for tasks to queue
[2026-07-10T11:42:57.656+0000] {logging_mixin.py:151} INFO - [2026-07-10T11:42:57.655+0000] {dagbag.py:539} INFO - Filling up the DagBag from /opt/airflow/dags/predict_daily.py
[2026-07-10T11:43:02.910+0000] {processor.py:841} WARNING - No viable dags retrieved from /opt/airflow/dags/predict_daily.py
[2026-07-10T11:43:03.064+0000] {processor.py:179} INFO - Processing /opt/airflow/dags/predict_daily.py took 5.416 seconds
[2026-07-10T11:43:34.954+0000] {processor.py:157} INFO - Started process (PID=33407) to work on /opt/airflow/dags/predict_daily.py
[2026-07-10T11:43:34.964+0000] {processor.py:829} INFO - Processing file /opt/airflow/dags/predict_daily.py for tasks to queue
[2026-07-10T11:43:34.971+0000] {logging_mixin.py:151} INFO - [2026-07-10T11:43:34.970+0000] {dagbag.py:539} INFO - Filling up the DagBag from /opt/airflow/dags/predict_daily.py
[2026-07-10T11:43:48.376+0000] {processor.py:841} WARNING - No viable dags retrieved from /opt/airflow/dags/predict_daily.py
[2026-07-10T11:43:48.569+0000] {processor.py:179} INFO - Processing /opt/airflow/dags/predict_daily.py took 14.028 seconds
[2026-07-10T11:44:19.065+0000] {processor.py:157} INFO - Started process (PID=33437) to work on /opt/airflow/dags/predict_daily.py
[2026-07-10T11:44:19.068+0000] {processor.py:829} INFO - Processing file /opt/airflow/dags/predict_daily.py for tasks to queue
[2026-07-10T11:44:19.072+0000] {logging_mixin.py:151} INFO - [2026-07-10T11:44:19.071+0000] {dagbag.py:539} INFO - Filling up the DagBag from /opt/airflow/dags/predict_daily.py
[2026-07-10T11:44:26.363+0000] {processor.py:841} WARNING - No viable dags retrieved from /opt/airflow/dags/predict_daily.py
[2026-07-10T11:44:26.493+0000] {processor.py:179} INFO - Processing /opt/airflow/dags/predict_daily.py took 7.444 seconds
[2026-07-10T11:44:57.419+0000] {processor.py:157} INFO - Started process (PID=33482) to work on /opt/airflow/dags/predict_daily.py
[2026-07-10T11:44:57.421+0000] {processor.py:829} INFO - Processing file /opt/airflow/dags/predict_daily.py for tasks to queue
[2026-07-10T11:44:57.423+0000] {logging_mixin.py:151} INFO - [2026-07-10T11:44:57.423+0000] {dagbag.py:539} INFO - Filling up the DagBag from /opt/airflow/dags/predict_daily.py
[2026-07-10T11:45:02.528+0000] {processor.py:841} WARNING - No viable dags retrieved from /opt/airflow/dags/predict_daily.py
[2026-07-10T11:45:02.554+0000] {processor.py:179} INFO - Processing /opt/airflow/dags/predict_daily.py took 5.143 seconds
[2026-07-10T11:45:32.975+0000] {processor.py:157} INFO - Started process (PID=33515) to work on /opt/airflow/dags/predict_daily.py
[2026-07-10T11:45:32.978+0000] {processor.py:829} INFO - Processing file /opt/airflow/dags/predict_daily.py for tasks to queue
[2026-07-10T11:45:32.980+0000] {logging_mixin.py:151} INFO - [2026-07-10T11:45:32.979+0000] {dagbag.py:539} INFO - Filling up the DagBag from /opt/airflow/dags/predict_daily.py
[2026-07-10T11:45:38.130+0000] {processor.py:841} WARNING - No viable dags retrieved from /opt/airflow/dags/predict_daily.py
[2026-07-10T11:45:38.144+0000] {processor.py:179} INFO - Processing /opt/airflow/dags/predict_daily.py took 5.174 seconds
[2026-07-10T11:46:08.642+0000] {processor.py:157} INFO - Started process (PID=33548) to work on /opt/airflow/dags/predict_daily.py
[2026-07-10T11:46:08.644+0000] {processor.py:829} INFO - Processing file /opt/airflow/dags/predict_daily.py for tasks to queue
[2026-07-10T11:46:08.647+0000] {logging_mixin.py:151} INFO - [2026-07-10T11:46:08.646+0000] {dagbag.py:539} INFO - Filling up the DagBag from /opt/airflow/dags/predict_daily.py
[2026-07-10T11:46:14.531+0000] {processor.py:841} WARNING - No viable dags retrieved from /opt/airflow/dags/predict_daily.py
[2026-07-10T11:46:14.565+0000] {processor.py:179} INFO - Processing /opt/airflow/dags/predict_daily.py took 5.930 seconds
[2026-07-10T11:46:44.746+0000] {processor.py:157} INFO - Started process (PID=33581) to work on /opt/airflow/dags/predict_daily.py
[2026-07-10T11:46:44.748+0000] {processor.py:829} INFO - Processing file /opt/airflow/dags/predict_daily.py for tasks to queue
[2026-07-10T11:46:44.750+0000] {logging_mixin.py:151} INFO - [2026-07-10T11:46:44.750+0000] {dagbag.py:539} INFO - Filling up the DagBag from /opt/airflow/dags/predict_daily.py
[2026-07-10T11:46:49.878+0000] {processor.py:841} WARNING - No viable dags retrieved from /opt/airflow/dags/predict_daily.py
[2026-07-10T11:46:49.905+0000] {processor.py:179} INFO - Processing /opt/airflow/dags/predict_daily.py took 5.170 seconds
[2026-07-10T11:47:20.162+0000] {processor.py:157} INFO - Started process (PID=33614) to work on /opt/airflow/dags/predict_daily.py
[2026-07-10T11:47:20.165+0000] {processor.py:829} INFO - Processing file /opt/airflow/dags/predict_daily.py for tasks to queue
[2026-07-10T11:47:20.168+0000] {logging_mixin.py:151} INFO - [2026-07-10T11:47:20.167+0000] {dagbag.py:539} INFO - Filling up the DagBag from /opt/airflow/dags/predict_daily.py
[2026-07-10T11:47:24.809+0000] {processor.py:841} WARNING - No viable dags retrieved from /opt/airflow/dags/predict_daily.py
[2026-07-10T11:47:24.835+0000] {processor.py:179} INFO - Processing /opt/airflow/dags/predict_daily.py took 4.680 seconds
[2026-07-10T11:47:55.058+0000] {processor.py:157} INFO - Started process (PID=33661) to work on /opt/airflow/dags/predict_daily.py
[2026-07-10T11:47:55.059+0000] {processor.py:829} INFO - Processing file /opt/airflow/dags/predict_daily.py for tasks to queue
[2026-07-10T11:47:55.060+0000] {logging_mixin.py:151} INFO - [2026-07-10T11:47:55.060+0000] {dagbag.py:539} INFO - Filling up the DagBag from /opt/airflow/dags/predict_daily.py
[2026-07-10T11:47:59.780+0000] {processor.py:841} WARNING - No viable dags retrieved from /opt/airflow/dags/predict_daily.py
[2026-07-10T11:47:59.812+0000] {processor.py:179} INFO - Processing /opt/airflow/dags/predict_daily.py took 4.758 seconds
[2026-07-10T11:48:30.711+0000] {processor.py:157} INFO - Started process (PID=33694) to work on /opt/airflow/dags/predict_daily.py
[2026-07-10T11:48:30.728+0000] {processor.py:829} INFO - Processing file /opt/airflow/dags/predict_daily.py for tasks to queue
[2026-07-10T11:48:30.740+0000] {logging_mixin.py:151} INFO - [2026-07-10T11:48:30.736+0000] {dagbag.py:539} INFO - Filling up the DagBag from /opt/airflow/dags/predict_daily.py
[2026-07-10T11:48:42.055+0000] {processor.py:841} WARNING - No viable dags retrieved from /opt/airflow/dags/predict_daily.py
[2026-07-10T11:48:42.131+0000] {processor.py:179} INFO - Processing /opt/airflow/dags/predict_daily.py took 11.572 seconds
[2026-07-10T11:49:13.206+0000] {processor.py:157} INFO - Started process (PID=33727) to work on /opt/airflow/dags/predict_daily.py
[2026-07-10T11:49:13.209+0000] {processor.py:829} INFO - Processing file /opt/airflow/dags/predict_daily.py for tasks to queue
[2026-07-10T11:49:13.211+0000] {logging_mixin.py:151} INFO - [2026-07-10T11:49:13.210+0000] {dagbag.py:539} INFO - Filling up the DagBag from /opt/airflow/dags/predict_daily.py
[2026-07-10T11:49:17.952+0000] {processor.py:841} WARNING - No viable dags retrieved from /opt/airflow/dags/predict_daily.py
[2026-07-10T11:49:17.976+0000] {processor.py:179} INFO - Processing /opt/airflow/dags/predict_daily.py took 4.780 seconds
[2026-07-10T11:49:48.368+0000] {processor.py:157} INFO - Started process (PID=33759) to work on /opt/airflow/dags/predict_daily.py
[2026-07-10T11:49:48.371+0000] {processor.py:829} INFO - Processing file /opt/airflow/dags/predict_daily.py for tasks to queue
[2026-07-10T11:49:48.377+0000] {logging_mixin.py:151} INFO - [2026-07-10T11:49:48.376+0000] {dagbag.py:539} INFO - Filling up the DagBag from /opt/airflow/dags/predict_daily.py
[2026-07-10T11:49:53.134+0000] {processor.py:841} WARNING - No viable dags retrieved from /opt/airflow/dags/predict_daily.py
[2026-07-10T11:49:53.151+0000] {processor.py:179} INFO - Processing /opt/airflow/dags/predict_daily.py took 4.791 seconds
[2026-07-10T11:50:23.420+0000] {processor.py:157} INFO - Started process (PID=33793) to work on /opt/airflow/dags/predict_daily.py
[2026-07-10T11:50:23.422+0000] {processor.py:829} INFO - Processing file /opt/airflow/dags/predict_daily.py for tasks to queue
[2026-07-10T11:50:23.424+0000] {logging_mixin.py:151} INFO - [2026-07-10T11:50:23.423+0000] {dagbag.py:539} INFO - Filling up the DagBag from /opt/airflow/dags/predict_daily.py
[2026-07-10T11:50:29.322+0000] {processor.py:841} WARNING - No viable dags retrieved from /opt/airflow/dags/predict_daily.py
[2026-07-10T11:50:29.358+0000] {processor.py:179} INFO - Processing /opt/airflow/dags/predict_daily.py took 5.945 seconds
[2026-07-10T11:50:59.906+0000] {processor.py:157} INFO - Started process (PID=33833) to work on /opt/airflow/dags/predict_daily.py
[2026-07-10T11:50:59.908+0000] {processor.py:829} INFO - Processing file /opt/airflow/dags/predict_daily.py for tasks to queue
[2026-07-10T11:50:59.912+0000] {logging_mixin.py:151} INFO - [2026-07-10T11:50:59.911+0000] {dagbag.py:539} INFO - Filling up the DagBag from /opt/airflow/dags/predict_daily.py
[2026-07-10T11:51:04.146+0000] {processor.py:841} WARNING - No viable dags retrieved from /opt/airflow/dags/predict_daily.py
[2026-07-10T11:51:04.160+0000] {processor.py:179} INFO - Processing /opt/airflow/dags/predict_daily.py took 4.260 seconds
[2026-07-10T11:51:34.755+0000] {processor.py:157} INFO - Started process (PID=33867) to work on /opt/airflow/dags/predict_daily.py
[2026-07-10T11:51:34.758+0000] {processor.py:829} INFO - Processing file /opt/airflow/dags/predict_daily.py for tasks to queue
[2026-07-10T11:51:34.760+0000] {logging_mixin.py:151} INFO - [2026-07-10T11:51:34.760+0000] {dagbag.py:539} INFO - Filling up the DagBag from /opt/airflow/dags/predict_daily.py
[2026-07-10T11:51:38.947+0000] {processor.py:841} WARNING - No viable dags retrieved from /opt/airflow/dags/predict_daily.py
[2026-07-10T11:51:38.971+0000] {processor.py:179} INFO - Processing /opt/airflow/dags/predict_daily.py took 4.222 seconds
[2026-07-10T11:52:09.559+0000] {processor.py:157} INFO - Started process (PID=33900) to work on /opt/airflow/dags/predict_daily.py
[2026-07-10T11:52:09.561+0000] {processor.py:829} INFO - Processing file /opt/airflow/dags/predict_daily.py for tasks to queue
[2026-07-10T11:52:09.563+0000] {logging_mixin.py:151} INFO - [2026-07-10T11:52:09.562+0000] {dagbag.py:539} INFO - Filling up the DagBag from /opt/airflow/dags/predict_daily.py
[2026-07-10T11:52:12.779+0000] {processor.py:841} WARNING - No viable dags retrieved from /opt/airflow/dags/predict_daily.py
[2026-07-10T11:52:12.794+0000] {processor.py:179} INFO - Processing /opt/airflow/dags/predict_daily.py took 3.242 seconds
[2026-07-10T11:52:43.335+0000] {processor.py:157} INFO - Started process (PID=33933) to work on /opt/airflow/dags/predict_daily.py
[2026-07-10T11:52:43.338+0000] {processor.py:829} INFO - Processing file /opt/airflow/dags/predict_daily.py for tasks to queue
[2026-07-10T11:52:43.340+0000] {logging_mixin.py:151} INFO - [2026-07-10T11:52:43.339+0000] {dagbag.py:539} INFO - Filling up the DagBag from /opt/airflow/dags/predict_daily.py
[2026-07-10T11:52:48.450+0000] {processor.py:841} WARNING - No viable dags retrieved from /opt/airflow/dags/predict_daily.py
[2026-07-10T11:52:48.542+0000] {processor.py:179} INFO - Processing /opt/airflow/dags/predict_daily.py took 5.216 seconds
[2026-07-10T11:53:18.957+0000] {processor.py:157} INFO - Started process (PID=33965) to work on /opt/airflow/dags/predict_daily.py
[2026-07-10T11:53:18.960+0000] {processor.py:829} INFO - Processing file /opt/airflow/dags/predict_daily.py for tasks to queue
[2026-07-10T11:53:18.961+0000] {logging_mixin.py:151} INFO - [2026-07-10T11:53:18.961+0000] {dagbag.py:539} INFO - Filling up the DagBag from /opt/airflow/dags/predict_daily.py
[2026-07-10T11:53:23.145+0000] {processor.py:841} WARNING - No viable dags retrieved from /opt/airflow/dags/predict_daily.py
[2026-07-10T11:53:23.162+0000] {processor.py:179} INFO - Processing /opt/airflow/dags/predict_daily.py took 4.211 seconds
[2026-07-10T11:53:53.717+0000] {processor.py:157} INFO - Started process (PID=34002) to work on /opt/airflow/dags/predict_daily.py
[2026-07-10T11:53:53.718+0000] {processor.py:829} INFO - Processing file /opt/airflow/dags/predict_daily.py for tasks to queue
[2026-07-10T11:53:53.720+0000] {logging_mixin.py:151} INFO - [2026-07-10T11:53:53.719+0000] {dagbag.py:539} INFO - Filling up the DagBag from /opt/airflow/dags/predict_daily.py
[2026-07-10T11:53:58.024+0000] {processor.py:841} WARNING - No viable dags retrieved from /opt/airflow/dags/predict_daily.py
[2026-07-10T11:53:58.043+0000] {processor.py:179} INFO - Processing /opt/airflow/dags/predict_daily.py took 4.331 seconds
[2026-07-10T11:54:28.610+0000] {processor.py:157} INFO - Started process (PID=34042) to work on /opt/airflow/dags/predict_daily.py
[2026-07-10T11:54:28.613+0000] {processor.py:829} INFO - Processing file /opt/airflow/dags/predict_daily.py for tasks to queue
[2026-07-10T11:54:28.616+0000] {logging_mixin.py:151} INFO - [2026-07-10T11:54:28.615+0000] {dagbag.py:539} INFO - Filling up the DagBag from /opt/airflow/dags/predict_daily.py
[2026-07-10T11:54:32.976+0000] {processor.py:841} WARNING - No viable dags retrieved from /opt/airflow/dags/predict_daily.py
[2026-07-10T11:54:32.998+0000] {processor.py:179} INFO - Processing /opt/airflow/dags/predict_daily.py took 4.393 seconds
[2026-07-10T11:55:03.227+0000] {processor.py:157} INFO - Started process (PID=34078) to work on /opt/airflow/dags/predict_daily.py
[2026-07-10T11:55:03.236+0000] {processor.py:829} INFO - Processing file /opt/airflow/dags/predict_daily.py for tasks to queue
[2026-07-10T11:55:03.240+0000] {logging_mixin.py:151} INFO - [2026-07-10T11:55:03.240+0000] {dagbag.py:539} INFO - Filling up the DagBag from /opt/airflow/dags/predict_daily.py
[2026-07-10T11:55:07.204+0000] {processor.py:841} WARNING - No viable dags retrieved from /opt/airflow/dags/predict_daily.py
[2026-07-10T11:55:07.219+0000] {processor.py:179} INFO - Processing /opt/airflow/dags/predict_daily.py took 3.999 seconds
[2026-07-10T11:55:37.678+0000] {processor.py:157} INFO - Started process (PID=34108) to work on /opt/airflow/dags/predict_daily.py
[2026-07-10T11:55:37.679+0000] {processor.py:829} INFO - Processing file /opt/airflow/dags/predict_daily.py for tasks to queue
[2026-07-10T11:55:37.681+0000] {logging_mixin.py:151} INFO - [2026-07-10T11:55:37.680+0000] {dagbag.py:539} INFO - Filling up the DagBag from /opt/airflow/dags/predict_daily.py
[2026-07-10T11:55:40.438+0000] {processor.py:841} WARNING - No viable dags retrieved from /opt/airflow/dags/predict_daily.py
[2026-07-10T11:55:40.453+0000] {processor.py:179} INFO - Processing /opt/airflow/dags/predict_daily.py took 2.778 seconds
[2026-07-10T11:56:11.153+0000] {processor.py:157} INFO - Started process (PID=34141) to work on /opt/airflow/dags/predict_daily.py
[2026-07-10T11:56:11.155+0000] {processor.py:829} INFO - Processing file /opt/airflow/dags/predict_daily.py for tasks to queue
[2026-07-10T11:56:11.156+0000] {logging_mixin.py:151} INFO - [2026-07-10T11:56:11.156+0000] {dagbag.py:539} INFO - Filling up the DagBag from /opt/airflow/dags/predict_daily.py
[2026-07-10T11:56:15.420+0000] {processor.py:841} WARNING - No viable dags retrieved from /opt/airflow/dags/predict_daily.py
[2026-07-10T11:56:15.468+0000] {processor.py:179} INFO - Processing /opt/airflow/dags/predict_daily.py took 4.330 seconds
[2026-07-10T11:56:46.497+0000] {processor.py:157} INFO - Started process (PID=34173) to work on /opt/airflow/dags/predict_daily.py
[2026-07-10T11:56:46.517+0000] {processor.py:829} INFO - Processing file /opt/airflow/dags/predict_daily.py for tasks to queue
[2026-07-10T11:56:46.522+0000] {logging_mixin.py:151} INFO - [2026-07-10T11:56:46.521+0000] {dagbag.py:539} INFO - Filling up the DagBag from /opt/airflow/dags/predict_daily.py
[2026-07-10T11:56:53.168+0000] {processor.py:841} WARNING - No viable dags retrieved from /opt/airflow/dags/predict_daily.py
[2026-07-10T11:56:53.228+0000] {processor.py:179} INFO - Processing /opt/airflow/dags/predict_daily.py took 6.741 seconds
[2026-07-10T11:57:23.576+0000] {processor.py:157} INFO - Started process (PID=34206) to work on /opt/airflow/dags/predict_daily.py
[2026-07-10T11:57:23.581+0000] {processor.py:829} INFO - Processing file /opt/airflow/dags/predict_daily.py for tasks to queue
[2026-07-10T11:57:23.585+0000] {logging_mixin.py:151} INFO - [2026-07-10T11:57:23.584+0000] {dagbag.py:539} INFO - Filling up the DagBag from /opt/airflow/dags/predict_daily.py
[2026-07-10T11:57:31.389+0000] {processor.py:841} WARNING - No viable dags retrieved from /opt/airflow/dags/predict_daily.py
[2026-07-10T11:57:31.473+0000] {processor.py:179} INFO - Processing /opt/airflow/dags/predict_daily.py took 7.906 seconds
[2026-07-10T11:58:01.739+0000] {processor.py:157} INFO - Started process (PID=34250) to work on /opt/airflow/dags/predict_daily.py
[2026-07-10T11:58:01.741+0000] {processor.py:829} INFO - Processing file /opt/airflow/dags/predict_daily.py for tasks to queue
[2026-07-10T11:58:01.742+0000] {logging_mixin.py:151} INFO - [2026-07-10T11:58:01.742+0000] {dagbag.py:539} INFO - Filling up the DagBag from /opt/airflow/dags/predict_daily.py
[2026-07-10T11:58:06.972+0000] {processor.py:841} WARNING - No viable dags retrieved from /opt/airflow/dags/predict_daily.py
[2026-07-10T11:58:06.997+0000] {processor.py:179} INFO - Processing /opt/airflow/dags/predict_daily.py took 5.262 seconds
[2026-07-10T11:58:37.202+0000] {processor.py:157} INFO - Started process (PID=34283) to work on /opt/airflow/dags/predict_daily.py
[2026-07-10T11:58:37.203+0000] {processor.py:829} INFO - Processing file /opt/airflow/dags/predict_daily.py for tasks to queue
[2026-07-10T11:58:37.204+0000] {logging_mixin.py:151} INFO - [2026-07-10T11:58:37.204+0000] {dagbag.py:539} INFO - Filling up the DagBag from /opt/airflow/dags/predict_daily.py
[2026-07-10T11:58:41.792+0000] {processor.py:841} WARNING - No viable dags retrieved from /opt/airflow/dags/predict_daily.py
[2026-07-10T11:58:41.814+0000] {processor.py:179} INFO - Processing /opt/airflow/dags/predict_daily.py took 4.616 seconds
[2026-07-10T11:59:12.466+0000] {processor.py:157} INFO - Started process (PID=34315) to work on /opt/airflow/dags/predict_daily.py
[2026-07-10T11:59:12.469+0000] {processor.py:829} INFO - Processing file /opt/airflow/dags/predict_daily.py for tasks to queue
[2026-07-10T11:59:12.472+0000] {logging_mixin.py:151} INFO - [2026-07-10T11:59:12.471+0000] {dagbag.py:539} INFO - Filling up the DagBag from /opt/airflow/dags/predict_daily.py
[2026-07-10T11:59:17.353+0000] {processor.py:841} WARNING - No viable dags retrieved from /opt/airflow/dags/predict_daily.py
[2026-07-10T11:59:17.371+0000] {processor.py:179} INFO - Processing /opt/airflow/dags/predict_daily.py took 4.914 seconds
[2026-07-10T11:59:48.114+0000] {processor.py:157} INFO - Started process (PID=34348) to work on /opt/airflow/dags/predict_daily.py
[2026-07-10T11:59:48.136+0000] {processor.py:829} INFO - Processing file /opt/airflow/dags/predict_daily.py for tasks to queue
[2026-07-10T11:59:48.148+0000] {logging_mixin.py:151} INFO - [2026-07-10T11:59:48.143+0000] {dagbag.py:539} INFO - Filling up the DagBag from /opt/airflow/dags/predict_daily.py
[2026-07-10T11:59:51.946+0000] {processor.py:841} WARNING - No viable dags retrieved from /opt/airflow/dags/predict_daily.py
[2026-07-10T11:59:51.963+0000] {processor.py:179} INFO - Processing /opt/airflow/dags/predict_daily.py took 3.921 seconds
[2026-07-10T12:00:22.698+0000] {processor.py:157} INFO - Started process (PID=34381) to work on /opt/airflow/dags/predict_daily.py
[2026-07-10T12:00:22.702+0000] {processor.py:829} INFO - Processing file /opt/airflow/dags/predict_daily.py for tasks to queue
[2026-07-10T12:00:22.704+0000] {logging_mixin.py:151} INFO - [2026-07-10T12:00:22.704+0000] {dagbag.py:539} INFO - Filling up the DagBag from /opt/airflow/dags/predict_daily.py
[2026-07-10T12:00:28.269+0000] {processor.py:841} WARNING - No viable dags retrieved from /opt/airflow/dags/predict_daily.py
[2026-07-10T12:00:28.321+0000] {processor.py:179} INFO - Processing /opt/airflow/dags/predict_daily.py took 5.631 seconds
[2026-07-10T12:00:58.773+0000] {processor.py:157} INFO - Started process (PID=34421) to work on /opt/airflow/dags/predict_daily.py
[2026-07-10T12:00:58.774+0000] {processor.py:829} INFO - Processing file /opt/airflow/dags/predict_daily.py for tasks to queue
[2026-07-10T12:00:58.775+0000] {logging_mixin.py:151} INFO - [2026-07-10T12:00:58.775+0000] {dagbag.py:539} INFO - Filling up the DagBag from /opt/airflow/dags/predict_daily.py
[2026-07-10T12:01:05.281+0000] {processor.py:841} WARNING - No viable dags retrieved from /opt/airflow/dags/predict_daily.py
[2026-07-10T12:01:05.304+0000] {processor.py:179} INFO - Processing /opt/airflow/dags/predict_daily.py took 6.536 seconds
[2026-07-10T12:01:35.581+0000] {processor.py:157} INFO - Started process (PID=34459) to work on /opt/airflow/dags/predict_daily.py
[2026-07-10T12:01:35.583+0000] {processor.py:829} INFO - Processing file /opt/airflow/dags/predict_daily.py for tasks to queue
[2026-07-10T12:01:35.585+0000] {logging_mixin.py:151} INFO - [2026-07-10T12:01:35.584+0000] {dagbag.py:539} INFO - Filling up the DagBag from /opt/airflow/dags/predict_daily.py
[2026-07-10T12:01:40.075+0000] {processor.py:841} WARNING - No viable dags retrieved from /opt/airflow/dags/predict_daily.py
[2026-07-10T12:01:40.100+0000] {processor.py:179} INFO - Processing /opt/airflow/dags/predict_daily.py took 4.526 seconds
[2026-07-10T12:02:10.390+0000] {processor.py:157} INFO - Started process (PID=34492) to work on /opt/airflow/dags/predict_daily.py
[2026-07-10T12:02:10.394+0000] {processor.py:829} INFO - Processing file /opt/airflow/dags/predict_daily.py for tasks to queue
[2026-07-10T12:02:10.411+0000] {logging_mixin.py:151} INFO - [2026-07-10T12:02:10.411+0000] {dagbag.py:539} INFO - Filling up the DagBag from /opt/airflow/dags/predict_daily.py
[2026-07-10T12:02:15.024+0000] {processor.py:841} WARNING - No viable dags retrieved from /opt/airflow/dags/predict_daily.py
[2026-07-10T12:02:15.056+0000] {processor.py:179} INFO - Processing /opt/airflow/dags/predict_daily.py took 4.680 seconds
[2026-07-10T12:02:45.776+0000] {processor.py:157} INFO - Started process (PID=34525) to work on /opt/airflow/dags/predict_daily.py
[2026-07-10T12:02:45.778+0000] {processor.py:829} INFO - Processing file /opt/airflow/dags/predict_daily.py for tasks to queue
[2026-07-10T12:02:45.780+0000] {logging_mixin.py:151} INFO - [2026-07-10T12:02:45.780+0000] {dagbag.py:539} INFO - Filling up the DagBag from /opt/airflow/dags/predict_daily.py
[2026-07-10T12:02:49.930+0000] {processor.py:841} WARNING - No viable dags retrieved from /opt/airflow/dags/predict_daily.py
[2026-07-10T12:02:49.949+0000] {processor.py:179} INFO - Processing /opt/airflow/dags/predict_daily.py took 4.179 seconds
[2026-07-10T12:03:20.342+0000] {processor.py:157} INFO - Started process (PID=34558) to work on /opt/airflow/dags/predict_daily.py
[2026-07-10T12:03:20.353+0000] {processor.py:829} INFO - Processing file /opt/airflow/dags/predict_daily.py for tasks to queue
[2026-07-10T12:03:20.362+0000] {logging_mixin.py:151} INFO - [2026-07-10T12:03:20.361+0000] {dagbag.py:539} INFO - Filling up the DagBag from /opt/airflow/dags/predict_daily.py
[2026-07-10T12:03:24.390+0000] {processor.py:841} WARNING - No viable dags retrieved from /opt/airflow/dags/predict_daily.py
[2026-07-10T12:03:24.408+0000] {processor.py:179} INFO - Processing /opt/airflow/dags/predict_daily.py took 4.079 seconds
[2026-07-10T12:03:54.898+0000] {processor.py:157} INFO - Started process (PID=34591) to work on /opt/airflow/dags/predict_daily.py
[2026-07-10T12:03:54.900+0000] {processor.py:829} INFO - Processing file /opt/airflow/dags/predict_daily.py for tasks to queue
[2026-07-10T12:03:54.902+0000] {logging_mixin.py:151} INFO - [2026-07-10T12:03:54.902+0000] {dagbag.py:539} INFO - Filling up the DagBag from /opt/airflow/dags/predict_daily.py
[2026-07-10T12:04:01.381+0000] {processor.py:841} WARNING - No viable dags retrieved from /opt/airflow/dags/predict_daily.py
[2026-07-10T12:04:01.448+0000] {processor.py:179} INFO - Processing /opt/airflow/dags/predict_daily.py took 6.557 seconds
[2026-07-10T12:04:31.946+0000] {processor.py:157} INFO - Started process (PID=34630) to work on /opt/airflow/dags/predict_daily.py
[2026-07-10T12:04:31.948+0000] {processor.py:829} INFO - Processing file /opt/airflow/dags/predict_daily.py for tasks to queue
[2026-07-10T12:04:31.950+0000] {logging_mixin.py:151} INFO - [2026-07-10T12:04:31.949+0000] {dagbag.py:539} INFO - Filling up the DagBag from /opt/airflow/dags/predict_daily.py
[2026-07-10T12:04:36.352+0000] {processor.py:841} WARNING - No viable dags retrieved from /opt/airflow/dags/predict_daily.py
[2026-07-10T12:04:36.366+0000] {processor.py:179} INFO - Processing /opt/airflow/dags/predict_daily.py took 4.426 seconds
[2026-07-10T12:05:06.934+0000] {processor.py:157} INFO - Started process (PID=34663) to work on /opt/airflow/dags/predict_daily.py
[2026-07-10T12:05:06.935+0000] {processor.py:829} INFO - Processing file /opt/airflow/dags/predict_daily.py for tasks to queue
[2026-07-10T12:05:06.938+0000] {logging_mixin.py:151} INFO - [2026-07-10T12:05:06.937+0000] {dagbag.py:539} INFO - Filling up the DagBag from /opt/airflow/dags/predict_daily.py
[2026-07-10T12:05:11.237+0000] {processor.py:841} WARNING - No viable dags retrieved from /opt/airflow/dags/predict_daily.py
[2026-07-10T12:05:11.258+0000] {processor.py:179} INFO - Processing /opt/airflow/dags/predict_daily.py took 4.332 seconds
[2026-07-10T12:05:41.572+0000] {processor.py:157} INFO - Started process (PID=34701) to work on /opt/airflow/dags/predict_daily.py
[2026-07-10T12:05:41.576+0000] {processor.py:829} INFO - Processing file /opt/airflow/dags/predict_daily.py for tasks to queue
[2026-07-10T12:05:41.579+0000] {logging_mixin.py:151} INFO - [2026-07-10T12:05:41.578+0000] {dagbag.py:539} INFO - Filling up the DagBag from /opt/airflow/dags/predict_daily.py
[2026-07-10T12:05:46.337+0000] {processor.py:841} WARNING - No viable dags retrieved from /opt/airflow/dags/predict_daily.py
[2026-07-10T12:05:46.377+0000] {processor.py:179} INFO - Processing /opt/airflow/dags/predict_daily.py took 4.815 seconds
[2026-07-10T12:06:17.220+0000] {processor.py:157} INFO - Started process (PID=34734) to work on /opt/airflow/dags/predict_daily.py
[2026-07-10T12:06:17.222+0000] {processor.py:829} INFO - Processing file /opt/airflow/dags/predict_daily.py for tasks to queue
[2026-07-10T12:06:17.224+0000] {logging_mixin.py:151} INFO - [2026-07-10T12:06:17.223+0000] {dagbag.py:539} INFO - Filling up the DagBag from /opt/airflow/dags/predict_daily.py
[2026-07-10T12:06:21.109+0000] {processor.py:841} WARNING - No viable dags retrieved from /opt/airflow/dags/predict_daily.py
[2026-07-10T12:06:21.129+0000] {processor.py:179} INFO - Processing /opt/airflow/dags/predict_daily.py took 3.914 seconds
[2026-07-10T12:06:51.629+0000] {processor.py:157} INFO - Started process (PID=34766) to work on /opt/airflow/dags/predict_daily.py
[2026-07-10T12:06:51.631+0000] {processor.py:829} INFO - Processing file /opt/airflow/dags/predict_daily.py for tasks to queue
[2026-07-10T12:06:51.633+0000] {logging_mixin.py:151} INFO - [2026-07-10T12:06:51.633+0000] {dagbag.py:539} INFO - Filling up the DagBag from /opt/airflow/dags/predict_daily.py
[2026-07-10T12:06:56.154+0000] {processor.py:841} WARNING - No viable dags retrieved from /opt/airflow/dags/predict_daily.py
[2026-07-10T12:06:56.171+0000] {processor.py:179} INFO - Processing /opt/airflow/dags/predict_daily.py took 4.550 seconds
[2026-07-10T12:07:26.582+0000] {processor.py:157} INFO - Started process (PID=34799) to work on /opt/airflow/dags/predict_daily.py
[2026-07-10T12:07:26.585+0000] {processor.py:829} INFO - Processing file /opt/airflow/dags/predict_daily.py for tasks to queue
[2026-07-10T12:07:26.587+0000] {logging_mixin.py:151} INFO - [2026-07-10T12:07:26.586+0000] {dagbag.py:539} INFO - Filling up the DagBag from /opt/airflow/dags/predict_daily.py
[2026-07-10T12:07:33.290+0000] {processor.py:841} WARNING - No viable dags retrieved from /opt/airflow/dags/predict_daily.py
[2026-07-10T12:07:33.337+0000] {processor.py:179} INFO - Processing /opt/airflow/dags/predict_daily.py took 6.761 seconds
[2026-07-10T12:08:03.688+0000] {processor.py:157} INFO - Started process (PID=34839) to work on /opt/airflow/dags/predict_daily.py
[2026-07-10T12:08:03.691+0000] {processor.py:829} INFO - Processing file /opt/airflow/dags/predict_daily.py for tasks to queue
[2026-07-10T12:08:03.693+0000] {logging_mixin.py:151} INFO - [2026-07-10T12:08:03.692+0000] {dagbag.py:539} INFO - Filling up the DagBag from /opt/airflow/dags/predict_daily.py
[2026-07-10T12:08:08.236+0000] {processor.py:841} WARNING - No viable dags retrieved from /opt/airflow/dags/predict_daily.py
[2026-07-10T12:08:08.268+0000] {processor.py:179} INFO - Processing /opt/airflow/dags/predict_daily.py took 4.586 seconds
[2026-07-10T12:08:38.641+0000] {processor.py:157} INFO - Started process (PID=34872) to work on /opt/airflow/dags/predict_daily.py
[2026-07-10T12:08:38.644+0000] {processor.py:829} INFO - Processing file /opt/airflow/dags/predict_daily.py for tasks to queue
[2026-07-10T12:08:38.645+0000] {logging_mixin.py:151} INFO - [2026-07-10T12:08:38.645+0000] {dagbag.py:539} INFO - Filling up the DagBag from /opt/airflow/dags/predict_daily.py
[2026-07-10T12:08:43.590+0000] {processor.py:841} WARNING - No viable dags retrieved from /opt/airflow/dags/predict_daily.py
[2026-07-10T12:08:43.607+0000] {processor.py:179} INFO - Processing /opt/airflow/dags/predict_daily.py took 4.972 seconds
[2026-07-10T12:09:14.323+0000] {processor.py:157} INFO - Started process (PID=34905) to work on /opt/airflow/dags/predict_daily.py
[2026-07-10T12:09:14.325+0000] {processor.py:829} INFO - Processing file /opt/airflow/dags/predict_daily.py for tasks to queue
[2026-07-10T12:09:14.331+0000] {logging_mixin.py:151} INFO - [2026-07-10T12:09:14.330+0000] {dagbag.py:539} INFO - Filling up the DagBag from /opt/airflow/dags/predict_daily.py
[2026-07-10T12:09:18.812+0000] {processor.py:841} WARNING - No viable dags retrieved from /opt/airflow/dags/predict_daily.py
[2026-07-10T12:09:18.826+0000] {processor.py:179} INFO - Processing /opt/airflow/dags/predict_daily.py took 4.513 seconds
[2026-07-10T12:09:49.413+0000] {processor.py:157} INFO - Started process (PID=34938) to work on /opt/airflow/dags/predict_daily.py
[2026-07-10T12:09:49.419+0000] {processor.py:829} INFO - Processing file /opt/airflow/dags/predict_daily.py for tasks to queue
[2026-07-10T12:09:49.424+0000] {logging_mixin.py:151} INFO - [2026-07-10T12:09:49.423+0000] {dagbag.py:539} INFO - Filling up the DagBag from /opt/airflow/dags/predict_daily.py
[2026-07-10T12:09:54.090+0000] {processor.py:841} WARNING - No viable dags retrieved from /opt/airflow/dags/predict_daily.py
[2026-07-10T12:09:54.114+0000] {processor.py:179} INFO - Processing /opt/airflow/dags/predict_daily.py took 4.708 seconds
[2026-07-10T12:10:24.361+0000] {processor.py:157} INFO - Started process (PID=34972) to work on /opt/airflow/dags/predict_daily.py
[2026-07-10T12:10:24.364+0000] {processor.py:829} INFO - Processing file /opt/airflow/dags/predict_daily.py for tasks to queue
[2026-07-10T12:10:24.366+0000] {logging_mixin.py:151} INFO - [2026-07-10T12:10:24.365+0000] {dagbag.py:539} INFO - Filling up the DagBag from /opt/airflow/dags/predict_daily.py
[2026-07-10T12:10:29.277+0000] {processor.py:841} WARNING - No viable dags retrieved from /opt/airflow/dags/predict_daily.py
[2026-07-10T12:10:29.312+0000] {processor.py:179} INFO - Processing /opt/airflow/dags/predict_daily.py took 4.958 seconds
[2026-07-10T12:11:00.277+0000] {processor.py:157} INFO - Started process (PID=35012) to work on /opt/airflow/dags/predict_daily.py
[2026-07-10T12:11:00.279+0000] {processor.py:829} INFO - Processing file /opt/airflow/dags/predict_daily.py for tasks to queue
[2026-07-10T12:11:00.280+0000] {logging_mixin.py:151} INFO - [2026-07-10T12:11:00.280+0000] {dagbag.py:539} INFO - Filling up the DagBag from /opt/airflow/dags/predict_daily.py
[2026-07-10T12:11:03.794+0000] {processor.py:841} WARNING - No viable dags retrieved from /opt/airflow/dags/predict_daily.py
[2026-07-10T12:11:03.813+0000] {processor.py:179} INFO - Processing /opt/airflow/dags/predict_daily.py took 3.540 seconds
[2026-07-10T12:11:34.263+0000] {processor.py:157} INFO - Started process (PID=35045) to work on /opt/airflow/dags/predict_daily.py
[2026-07-10T12:11:34.268+0000] {processor.py:829} INFO - Processing file /opt/airflow/dags/predict_daily.py for tasks to queue
[2026-07-10T12:11:34.271+0000] {logging_mixin.py:151} INFO - [2026-07-10T12:11:34.270+0000] {dagbag.py:539} INFO - Filling up the DagBag from /opt/airflow/dags/predict_daily.py
[2026-07-10T12:11:39.045+0000] {processor.py:841} WARNING - No viable dags retrieved from /opt/airflow/dags/predict_daily.py
[2026-07-10T12:11:39.079+0000] {processor.py:179} INFO - Processing /opt/airflow/dags/predict_daily.py took 4.823 seconds
[2026-07-10T12:12:09.518+0000] {processor.py:157} INFO - Started process (PID=35079) to work on /opt/airflow/dags/predict_daily.py
[2026-07-10T12:12:09.520+0000] {processor.py:829} INFO - Processing file /opt/airflow/dags/predict_daily.py for tasks to queue
[2026-07-10T12:12:09.523+0000] {logging_mixin.py:151} INFO - [2026-07-10T12:12:09.522+0000] {dagbag.py:539} INFO - Filling up the DagBag from /opt/airflow/dags/predict_daily.py
[2026-07-10T12:12:14.367+0000] {processor.py:841} WARNING - No viable dags retrieved from /opt/airflow/dags/predict_daily.py
[2026-07-10T12:12:14.390+0000] {processor.py:179} INFO - Processing /opt/airflow/dags/predict_daily.py took 4.879 seconds
[2026-07-10T12:12:44.993+0000] {processor.py:157} INFO - Started process (PID=35117) to work on /opt/airflow/dags/predict_daily.py
[2026-07-10T12:12:44.996+0000] {processor.py:829} INFO - Processing file /opt/airflow/dags/predict_daily.py for tasks to queue
[2026-07-10T12:12:44.997+0000] {logging_mixin.py:151} INFO - [2026-07-10T12:12:44.997+0000] {dagbag.py:539} INFO - Filling up the DagBag from /opt/airflow/dags/predict_daily.py
[2026-07-10T12:12:49.546+0000] {processor.py:841} WARNING - No viable dags retrieved from /opt/airflow/dags/predict_daily.py
[2026-07-10T12:12:49.567+0000] {processor.py:179} INFO - Processing /opt/airflow/dags/predict_daily.py took 4.583 seconds
[2026-07-10T12:13:20.465+0000] {processor.py:157} INFO - Started process (PID=35150) to work on /opt/airflow/dags/predict_daily.py
[2026-07-10T12:13:20.468+0000] {processor.py:829} INFO - Processing file /opt/airflow/dags/predict_daily.py for tasks to queue
[2026-07-10T12:13:20.470+0000] {logging_mixin.py:151} INFO - [2026-07-10T12:13:20.469+0000] {dagbag.py:539} INFO - Filling up the DagBag from /opt/airflow/dags/predict_daily.py
[2026-07-10T12:13:25.080+0000] {processor.py:841} WARNING - No viable dags retrieved from /opt/airflow/dags/predict_daily.py
[2026-07-10T12:13:25.108+0000] {processor.py:179} INFO - Processing /opt/airflow/dags/predict_daily.py took 4.650 seconds
[2026-07-10T12:13:55.612+0000] {processor.py:157} INFO - Started process (PID=35183) to work on /opt/airflow/dags/predict_daily.py
[2026-07-10T12:13:55.613+0000] {processor.py:829} INFO - Processing file /opt/airflow/dags/predict_daily.py for tasks to queue
[2026-07-10T12:13:55.614+0000] {logging_mixin.py:151} INFO - [2026-07-10T12:13:55.614+0000] {dagbag.py:539} INFO - Filling up the DagBag from /opt/airflow/dags/predict_daily.py
[2026-07-10T12:13:59.971+0000] {processor.py:841} WARNING - No viable dags retrieved from /opt/airflow/dags/predict_daily.py
[2026-07-10T12:13:59.993+0000] {processor.py:179} INFO - Processing /opt/airflow/dags/predict_daily.py took 4.385 seconds
[2026-07-10T12:14:31.005+0000] {processor.py:157} INFO - Started process (PID=35223) to work on /opt/airflow/dags/predict_daily.py
[2026-07-10T12:14:31.007+0000] {processor.py:829} INFO - Processing file /opt/airflow/dags/predict_daily.py for tasks to queue
[2026-07-10T12:14:31.009+0000] {logging_mixin.py:151} INFO - [2026-07-10T12:14:31.008+0000] {dagbag.py:539} INFO - Filling up the DagBag from /opt/airflow/dags/predict_daily.py
[2026-07-10T12:14:34.065+0000] {processor.py:841} WARNING - No viable dags retrieved from /opt/airflow/dags/predict_daily.py
[2026-07-10T12:14:34.083+0000] {processor.py:179} INFO - Processing /opt/airflow/dags/predict_daily.py took 3.082 seconds
[2026-07-10T12:15:04.647+0000] {processor.py:157} INFO - Started process (PID=35255) to work on /opt/airflow/dags/predict_daily.py
[2026-07-10T12:15:04.650+0000] {processor.py:829} INFO - Processing file /opt/airflow/dags/predict_daily.py for tasks to queue
[2026-07-10T12:15:04.651+0000] {logging_mixin.py:151} INFO - [2026-07-10T12:15:04.651+0000] {dagbag.py:539} INFO - Filling up the DagBag from /opt/airflow/dags/predict_daily.py
[2026-07-10T12:15:11.138+0000] {processor.py:841} WARNING - No viable dags retrieved from /opt/airflow/dags/predict_daily.py
[2026-07-10T12:15:11.239+0000] {processor.py:179} INFO - Processing /opt/airflow/dags/predict_daily.py took 6.598 seconds
[2026-07-10T12:15:41.626+0000] {processor.py:157} INFO - Started process (PID=35288) to work on /opt/airflow/dags/predict_daily.py
[2026-07-10T12:15:41.629+0000] {processor.py:829} INFO - Processing file /opt/airflow/dags/predict_daily.py for tasks to queue
[2026-07-10T12:15:41.630+0000] {logging_mixin.py:151} INFO - [2026-07-10T12:15:41.629+0000] {dagbag.py:539} INFO - Filling up the DagBag from /opt/airflow/dags/predict_daily.py
[2026-07-10T12:15:46.468+0000] {processor.py:841} WARNING - No viable dags retrieved from /opt/airflow/dags/predict_daily.py
[2026-07-10T12:15:46.487+0000] {processor.py:179} INFO - Processing /opt/airflow/dags/predict_daily.py took 4.871 seconds
[2026-07-10T12:16:16.742+0000] {processor.py:157} INFO - Started process (PID=35326) to work on /opt/airflow/dags/predict_daily.py
[2026-07-10T12:16:16.744+0000] {processor.py:829} INFO - Processing file /opt/airflow/dags/predict_daily.py for tasks to queue
[2026-07-10T12:16:16.746+0000] {logging_mixin.py:151} INFO - [2026-07-10T12:16:16.745+0000] {dagbag.py:539} INFO - Filling up the DagBag from /opt/airflow/dags/predict_daily.py
[2026-07-10T12:16:20.872+0000] {processor.py:841} WARNING - No viable dags retrieved from /opt/airflow/dags/predict_daily.py
[2026-07-10T12:16:20.898+0000] {processor.py:179} INFO - Processing /opt/airflow/dags/predict_daily.py took 4.161 seconds
[2026-07-10T12:16:51.099+0000] {processor.py:157} INFO - Started process (PID=35359) to work on /opt/airflow/dags/predict_daily.py
[2026-07-10T12:16:51.101+0000] {processor.py:829} INFO - Processing file /opt/airflow/dags/predict_daily.py for tasks to queue
[2026-07-10T12:16:51.103+0000] {logging_mixin.py:151} INFO - [2026-07-10T12:16:51.102+0000] {dagbag.py:539} INFO - Filling up the DagBag from /opt/airflow/dags/predict_daily.py
[2026-07-10T12:16:55.596+0000] {processor.py:841} WARNING - No viable dags retrieved from /opt/airflow/dags/predict_daily.py
[2026-07-10T12:16:55.626+0000] {processor.py:179} INFO - Processing /opt/airflow/dags/predict_daily.py took 4.533 seconds
[2026-07-10T12:17:26.585+0000] {processor.py:157} INFO - Started process (PID=35393) to work on /opt/airflow/dags/predict_daily.py
[2026-07-10T12:17:26.586+0000] {processor.py:829} INFO - Processing file /opt/airflow/dags/predict_daily.py for tasks to queue
[2026-07-10T12:17:26.588+0000] {logging_mixin.py:151} INFO - [2026-07-10T12:17:26.588+0000] {dagbag.py:539} INFO - Filling up the DagBag from /opt/airflow/dags/predict_daily.py
[2026-07-10T12:17:30.927+0000] {processor.py:841} WARNING - No viable dags retrieved from /opt/airflow/dags/predict_daily.py
[2026-07-10T12:17:30.952+0000] {processor.py:179} INFO - Processing /opt/airflow/dags/predict_daily.py took 4.373 seconds
[2026-07-10T12:18:01.259+0000] {processor.py:157} INFO - Started process (PID=35426) to work on /opt/airflow/dags/predict_daily.py
[2026-07-10T12:18:01.262+0000] {processor.py:829} INFO - Processing file /opt/airflow/dags/predict_daily.py for tasks to queue
[2026-07-10T12:18:01.266+0000] {logging_mixin.py:151} INFO - [2026-07-10T12:18:01.264+0000] {dagbag.py:539} INFO - Filling up the DagBag from /opt/airflow/dags/predict_daily.py
[2026-07-10T12:18:05.419+0000] {processor.py:841} WARNING - No viable dags retrieved from /opt/airflow/dags/predict_daily.py
[2026-07-10T12:18:05.432+0000] {processor.py:179} INFO - Processing /opt/airflow/dags/predict_daily.py took 4.183 seconds
[2026-07-10T12:18:36.563+0000] {processor.py:157} INFO - Started process (PID=35466) to work on /opt/airflow/dags/predict_daily.py
[2026-07-10T12:18:36.564+0000] {processor.py:829} INFO - Processing file /opt/airflow/dags/predict_daily.py for tasks to queue
[2026-07-10T12:18:36.565+0000] {logging_mixin.py:151} INFO - [2026-07-10T12:18:36.565+0000] {dagbag.py:539} INFO - Filling up the DagBag from /opt/airflow/dags/predict_daily.py
[2026-07-10T12:18:41.950+0000] {processor.py:841} WARNING - No viable dags retrieved from /opt/airflow/dags/predict_daily.py
[2026-07-10T12:18:42.014+0000] {processor.py:179} INFO - Processing /opt/airflow/dags/predict_daily.py took 5.456 seconds
[2026-07-10T12:19:12.997+0000] {processor.py:157} INFO - Started process (PID=35499) to work on /opt/airflow/dags/predict_daily.py
[2026-07-10T12:19:12.999+0000] {processor.py:829} INFO - Processing file /opt/airflow/dags/predict_daily.py for tasks to queue
[2026-07-10T12:19:13.001+0000] {logging_mixin.py:151} INFO - [2026-07-10T12:19:13.000+0000] {dagbag.py:539} INFO - Filling up the DagBag from /opt/airflow/dags/predict_daily.py
[2026-07-10T12:19:17.406+0000] {processor.py:841} WARNING - No viable dags retrieved from /opt/airflow/dags/predict_daily.py
[2026-07-10T12:19:17.426+0000] {processor.py:179} INFO - Processing /opt/airflow/dags/predict_daily.py took 4.441 seconds
[2026-07-10T12:19:47.762+0000] {processor.py:157} INFO - Started process (PID=35532) to work on /opt/airflow/dags/predict_daily.py
[2026-07-10T12:19:47.763+0000] {processor.py:829} INFO - Processing file /opt/airflow/dags/predict_daily.py for tasks to queue
[2026-07-10T12:19:47.764+0000] {logging_mixin.py:151} INFO - [2026-07-10T12:19:47.764+0000] {dagbag.py:539} INFO - Filling up the DagBag from /opt/airflow/dags/predict_daily.py
[2026-07-10T12:19:51.798+0000] {processor.py:841} WARNING - No viable dags retrieved from /opt/airflow/dags/predict_daily.py
[2026-07-10T12:19:51.813+0000] {processor.py:179} INFO - Processing /opt/airflow/dags/predict_daily.py took 4.055 seconds
[2026-07-10T12:20:22.154+0000] {processor.py:157} INFO - Started process (PID=35565) to work on /opt/airflow/dags/predict_daily.py
[2026-07-10T12:20:22.156+0000] {processor.py:829} INFO - Processing file /opt/airflow/dags/predict_daily.py for tasks to queue
[2026-07-10T12:20:22.158+0000] {logging_mixin.py:151} INFO - [2026-07-10T12:20:22.157+0000] {dagbag.py:539} INFO - Filling up the DagBag from /opt/airflow/dags/predict_daily.py
[2026-07-10T12:20:26.464+0000] {processor.py:841} WARNING - No viable dags retrieved from /opt/airflow/dags/predict_daily.py
[2026-07-10T12:20:26.494+0000] {processor.py:179} INFO - Processing /opt/airflow/dags/predict_daily.py took 4.351 seconds
[2026-07-10T12:20:57.122+0000] {processor.py:157} INFO - Started process (PID=35598) to work on /opt/airflow/dags/predict_daily.py
[2026-07-10T12:20:57.134+0000] {processor.py:829} INFO - Processing file /opt/airflow/dags/predict_daily.py for tasks to queue
[2026-07-10T12:20:57.135+0000] {logging_mixin.py:151} INFO - [2026-07-10T12:20:57.135+0000] {dagbag.py:539} INFO - Filling up the DagBag from /opt/airflow/dags/predict_daily.py
[2026-07-10T12:21:02.398+0000] {processor.py:841} WARNING - No viable dags retrieved from /opt/airflow/dags/predict_daily.py
[2026-07-10T12:21:02.413+0000] {processor.py:179} INFO - Processing /opt/airflow/dags/predict_daily.py took 5.298 seconds
[2026-07-10T12:21:32.863+0000] {processor.py:157} INFO - Started process (PID=35641) to work on /opt/airflow/dags/predict_daily.py
[2026-07-10T12:21:32.866+0000] {processor.py:829} INFO - Processing file /opt/airflow/dags/predict_daily.py for tasks to queue
[2026-07-10T12:21:32.868+0000] {logging_mixin.py:151} INFO - [2026-07-10T12:21:32.868+0000] {dagbag.py:539} INFO - Filling up the DagBag from /opt/airflow/dags/predict_daily.py
[2026-07-10T12:21:38.178+0000] {processor.py:841} WARNING - No viable dags retrieved from /opt/airflow/dags/predict_daily.py
[2026-07-10T12:21:38.219+0000] {processor.py:179} INFO - Processing /opt/airflow/dags/predict_daily.py took 5.364 seconds
[2026-07-10T12:22:08.688+0000] {processor.py:157} INFO - Started process (PID=35671) to work on /opt/airflow/dags/predict_daily.py
[2026-07-10T12:22:08.689+0000] {processor.py:829} INFO - Processing file /opt/airflow/dags/predict_daily.py for tasks to queue
[2026-07-10T12:22:08.690+0000] {logging_mixin.py:151} INFO - [2026-07-10T12:22:08.690+0000] {dagbag.py:539} INFO - Filling up the DagBag from /opt/airflow/dags/predict_daily.py
[2026-07-10T12:22:13.540+0000] {processor.py:841} WARNING - No viable dags retrieved from /opt/airflow/dags/predict_daily.py
[2026-07-10T12:22:13.648+0000] {processor.py:179} INFO - Processing /opt/airflow/dags/predict_daily.py took 4.964 seconds
[2026-07-10T12:22:44.196+0000] {processor.py:157} INFO - Started process (PID=35704) to work on /opt/airflow/dags/predict_daily.py
[2026-07-10T12:22:44.199+0000] {processor.py:829} INFO - Processing file /opt/airflow/dags/predict_daily.py for tasks to queue
[2026-07-10T12:22:44.201+0000] {logging_mixin.py:151} INFO - [2026-07-10T12:22:44.200+0000] {dagbag.py:539} INFO - Filling up the DagBag from /opt/airflow/dags/predict_daily.py
[2026-07-10T12:22:48.475+0000] {processor.py:841} WARNING - No viable dags retrieved from /opt/airflow/dags/predict_daily.py
[2026-07-10T12:22:48.507+0000] {processor.py:179} INFO - Processing /opt/airflow/dags/predict_daily.py took 4.319 seconds
[2026-07-10T12:23:19.540+0000] {processor.py:157} INFO - Started process (PID=35742) to work on /opt/airflow/dags/predict_daily.py
[2026-07-10T12:23:19.542+0000] {processor.py:829} INFO - Processing file /opt/airflow/dags/predict_daily.py for tasks to queue
[2026-07-10T12:23:19.544+0000] {logging_mixin.py:151} INFO - [2026-07-10T12:23:19.544+0000] {dagbag.py:539} INFO - Filling up the DagBag from /opt/airflow/dags/predict_daily.py
[2026-07-10T12:23:23.912+0000] {processor.py:841} WARNING - No viable dags retrieved from /opt/airflow/dags/predict_daily.py
[2026-07-10T12:23:23.933+0000] {processor.py:179} INFO - Processing /opt/airflow/dags/predict_daily.py took 4.400 seconds
[2026-07-10T12:23:54.762+0000] {processor.py:157} INFO - Started process (PID=35775) to work on /opt/airflow/dags/predict_daily.py
[2026-07-10T12:23:54.764+0000] {processor.py:829} INFO - Processing file /opt/airflow/dags/predict_daily.py for tasks to queue
[2026-07-10T12:23:54.766+0000] {logging_mixin.py:151} INFO - [2026-07-10T12:23:54.765+0000] {dagbag.py:539} INFO - Filling up the DagBag from /opt/airflow/dags/predict_daily.py
[2026-07-10T12:23:58.951+0000] {processor.py:841} WARNING - No viable dags retrieved from /opt/airflow/dags/predict_daily.py
[2026-07-10T12:23:58.970+0000] {processor.py:179} INFO - Processing /opt/airflow/dags/predict_daily.py took 4.216 seconds
[2026-07-10T12:24:29.488+0000] {processor.py:157} INFO - Started process (PID=35809) to work on /opt/airflow/dags/predict_daily.py
[2026-07-10T12:24:29.490+0000] {processor.py:829} INFO - Processing file /opt/airflow/dags/predict_daily.py for tasks to queue
[2026-07-10T12:24:29.491+0000] {logging_mixin.py:151} INFO - [2026-07-10T12:24:29.490+0000] {dagbag.py:539} INFO - Filling up the DagBag from /opt/airflow/dags/predict_daily.py
[2026-07-10T12:24:33.594+0000] {processor.py:841} WARNING - No viable dags retrieved from /opt/airflow/dags/predict_daily.py
[2026-07-10T12:24:33.624+0000] {processor.py:179} INFO - Processing /opt/airflow/dags/predict_daily.py took 4.140 seconds
[2026-07-10T12:25:04.024+0000] {processor.py:157} INFO - Started process (PID=35849) to work on /opt/airflow/dags/predict_daily.py
[2026-07-10T12:25:04.026+0000] {processor.py:829} INFO - Processing file /opt/airflow/dags/predict_daily.py for tasks to queue
[2026-07-10T12:25:04.028+0000] {logging_mixin.py:151} INFO - [2026-07-10T12:25:04.028+0000] {dagbag.py:539} INFO - Filling up the DagBag from /opt/airflow/dags/predict_daily.py
[2026-07-10T12:25:06.705+0000] {processor.py:841} WARNING - No viable dags retrieved from /opt/airflow/dags/predict_daily.py
[2026-07-10T12:25:06.718+0000] {processor.py:179} INFO - Processing /opt/airflow/dags/predict_daily.py took 2.699 seconds
[2026-07-10T12:25:37.440+0000] {processor.py:157} INFO - Started process (PID=35882) to work on /opt/airflow/dags/predict_daily.py
[2026-07-10T12:25:37.442+0000] {processor.py:829} INFO - Processing file /opt/airflow/dags/predict_daily.py for tasks to queue
[2026-07-10T12:25:37.444+0000] {logging_mixin.py:151} INFO - [2026-07-10T12:25:37.444+0000] {dagbag.py:539} INFO - Filling up the DagBag from /opt/airflow/dags/predict_daily.py
[2026-07-10T12:25:42.852+0000] {processor.py:841} WARNING - No viable dags retrieved from /opt/airflow/dags/predict_daily.py
[2026-07-10T12:25:42.906+0000] {processor.py:179} INFO - Processing /opt/airflow/dags/predict_daily.py took 5.473 seconds
[2026-07-10T12:26:13.169+0000] {processor.py:157} INFO - Started process (PID=35915) to work on /opt/airflow/dags/predict_daily.py
[2026-07-10T12:26:13.170+0000] {processor.py:829} INFO - Processing file /opt/airflow/dags/predict_daily.py for tasks to queue
[2026-07-10T12:26:13.172+0000] {logging_mixin.py:151} INFO - [2026-07-10T12:26:13.171+0000] {dagbag.py:539} INFO - Filling up the DagBag from /opt/airflow/dags/predict_daily.py
[2026-07-10T12:26:17.271+0000] {processor.py:841} WARNING - No viable dags retrieved from /opt/airflow/dags/predict_daily.py
[2026-07-10T12:26:17.293+0000] {processor.py:179} INFO - Processing /opt/airflow/dags/predict_daily.py took 4.132 seconds
[2026-07-10T12:26:47.831+0000] {processor.py:157} INFO - Started process (PID=35948) to work on /opt/airflow/dags/predict_daily.py
[2026-07-10T12:26:47.833+0000] {processor.py:829} INFO - Processing file /opt/airflow/dags/predict_daily.py for tasks to queue
[2026-07-10T12:26:47.835+0000] {logging_mixin.py:151} INFO - [2026-07-10T12:26:47.834+0000] {dagbag.py:539} INFO - Filling up the DagBag from /opt/airflow/dags/predict_daily.py
[2026-07-10T12:26:51.567+0000] {processor.py:841} WARNING - No viable dags retrieved from /opt/airflow/dags/predict_daily.py
[2026-07-10T12:26:51.595+0000] {processor.py:179} INFO - Processing /opt/airflow/dags/predict_daily.py took 3.770 seconds
[2026-07-10T12:27:22.096+0000] {processor.py:157} INFO - Started process (PID=35986) to work on /opt/airflow/dags/predict_daily.py
[2026-07-10T12:27:22.098+0000] {processor.py:829} INFO - Processing file /opt/airflow/dags/predict_daily.py for tasks to queue
[2026-07-10T12:27:22.100+0000] {logging_mixin.py:151} INFO - [2026-07-10T12:27:22.099+0000] {dagbag.py:539} INFO - Filling up the DagBag from /opt/airflow/dags/predict_daily.py
[2026-07-10T12:27:26.721+0000] {processor.py:841} WARNING - No viable dags retrieved from /opt/airflow/dags/predict_daily.py
[2026-07-10T12:27:26.746+0000] {processor.py:179} INFO - Processing /opt/airflow/dags/predict_daily.py took 4.658 seconds
[2026-07-10T12:27:57.822+0000] {processor.py:157} INFO - Started process (PID=36018) to work on /opt/airflow/dags/predict_daily.py
[2026-07-10T12:27:57.824+0000] {processor.py:829} INFO - Processing file /opt/airflow/dags/predict_daily.py for tasks to queue
[2026-07-10T12:27:57.826+0000] {logging_mixin.py:151} INFO - [2026-07-10T12:27:57.825+0000] {dagbag.py:539} INFO - Filling up the DagBag from /opt/airflow/dags/predict_daily.py
[2026-07-10T12:28:01.615+0000] {processor.py:841} WARNING - No viable dags retrieved from /opt/airflow/dags/predict_daily.py
[2026-07-10T12:28:01.637+0000] {processor.py:179} INFO - Processing /opt/airflow/dags/predict_daily.py took 3.821 seconds
[2026-07-10T12:28:32.035+0000] {processor.py:157} INFO - Started process (PID=36051) to work on /opt/airflow/dags/predict_daily.py
[2026-07-10T12:28:32.038+0000] {processor.py:829} INFO - Processing file /opt/airflow/dags/predict_daily.py for tasks to queue
[2026-07-10T12:28:32.039+0000] {logging_mixin.py:151} INFO - [2026-07-10T12:28:32.039+0000] {dagbag.py:539} INFO - Filling up the DagBag from /opt/airflow/dags/predict_daily.py
[2026-07-10T12:28:36.186+0000] {processor.py:841} WARNING - No viable dags retrieved from /opt/airflow/dags/predict_daily.py
[2026-07-10T12:28:36.260+0000] {processor.py:179} INFO - Processing /opt/airflow/dags/predict_daily.py took 4.230 seconds
[2026-07-10T12:29:06.562+0000] {processor.py:157} INFO - Started process (PID=36091) to work on /opt/airflow/dags/predict_daily.py
[2026-07-10T12:29:06.564+0000] {processor.py:829} INFO - Processing file /opt/airflow/dags/predict_daily.py for tasks to queue
[2026-07-10T12:29:06.566+0000] {logging_mixin.py:151} INFO - [2026-07-10T12:29:06.565+0000] {dagbag.py:539} INFO - Filling up the DagBag from /opt/airflow/dags/predict_daily.py
[2026-07-10T12:29:10.563+0000] {processor.py:841} WARNING - No viable dags retrieved from /opt/airflow/dags/predict_daily.py
[2026-07-10T12:29:10.586+0000] {processor.py:179} INFO - Processing /opt/airflow/dags/predict_daily.py took 4.031 seconds
[2026-07-10T12:29:41.129+0000] {processor.py:157} INFO - Started process (PID=36125) to work on /opt/airflow/dags/predict_daily.py
[2026-07-10T12:29:41.130+0000] {processor.py:829} INFO - Processing file /opt/airflow/dags/predict_daily.py for tasks to queue
[2026-07-10T12:29:41.131+0000] {logging_mixin.py:151} INFO - [2026-07-10T12:29:41.131+0000] {dagbag.py:539} INFO - Filling up the DagBag from /opt/airflow/dags/predict_daily.py
[2026-07-10T12:29:45.090+0000] {processor.py:841} WARNING - No viable dags retrieved from /opt/airflow/dags/predict_daily.py
[2026-07-10T12:29:45.124+0000] {processor.py:179} INFO - Processing /opt/airflow/dags/predict_daily.py took 3.999 seconds
[2026-07-10T12:30:15.576+0000] {processor.py:157} INFO - Started process (PID=36159) to work on /opt/airflow/dags/predict_daily.py
[2026-07-10T12:30:15.578+0000] {processor.py:829} INFO - Processing file /opt/airflow/dags/predict_daily.py for tasks to queue
[2026-07-10T12:30:15.580+0000] {logging_mixin.py:151} INFO - [2026-07-10T12:30:15.579+0000] {dagbag.py:539} INFO - Filling up the DagBag from /opt/airflow/dags/predict_daily.py
[2026-07-10T12:30:19.228+0000] {processor.py:841} WARNING - No viable dags retrieved from /opt/airflow/dags/predict_daily.py
[2026-07-10T12:30:19.242+0000] {processor.py:179} INFO - Processing /opt/airflow/dags/predict_daily.py took 3.674 seconds
[2026-07-10T12:30:49.706+0000] {processor.py:157} INFO - Started process (PID=36192) to work on /opt/airflow/dags/predict_daily.py
[2026-07-10T12:30:49.708+0000] {processor.py:829} INFO - Processing file /opt/airflow/dags/predict_daily.py for tasks to queue
[2026-07-10T12:30:49.710+0000] {logging_mixin.py:151} INFO - [2026-07-10T12:30:49.710+0000] {dagbag.py:539} INFO - Filling up the DagBag from /opt/airflow/dags/predict_daily.py
[2026-07-10T12:30:53.968+0000] {processor.py:841} WARNING - No viable dags retrieved from /opt/airflow/dags/predict_daily.py
[2026-07-10T12:30:53.991+0000] {processor.py:179} INFO - Processing /opt/airflow/dags/predict_daily.py took 4.297 seconds
[2026-07-10T12:31:24.685+0000] {processor.py:157} INFO - Started process (PID=36225) to work on /opt/airflow/dags/predict_daily.py
[2026-07-10T12:31:24.687+0000] {processor.py:829} INFO - Processing file /opt/airflow/dags/predict_daily.py for tasks to queue
[2026-07-10T12:31:24.689+0000] {logging_mixin.py:151} INFO - [2026-07-10T12:31:24.689+0000] {dagbag.py:539} INFO - Filling up the DagBag from /opt/airflow/dags/predict_daily.py
[2026-07-10T12:31:28.928+0000] {processor.py:841} WARNING - No viable dags retrieved from /opt/airflow/dags/predict_daily.py
[2026-07-10T12:31:28.962+0000] {processor.py:179} INFO - Processing /opt/airflow/dags/predict_daily.py took 4.283 seconds
[2026-07-10T12:32:00.009+0000] {processor.py:157} INFO - Started process (PID=36263) to work on /opt/airflow/dags/predict_daily.py
[2026-07-10T12:32:00.011+0000] {processor.py:829} INFO - Processing file /opt/airflow/dags/predict_daily.py for tasks to queue
[2026-07-10T12:32:00.013+0000] {logging_mixin.py:151} INFO - [2026-07-10T12:32:00.012+0000] {dagbag.py:539} INFO - Filling up the DagBag from /opt/airflow/dags/predict_daily.py
[2026-07-10T12:32:05.998+0000] {processor.py:841} WARNING - No viable dags retrieved from /opt/airflow/dags/predict_daily.py
[2026-07-10T12:32:06.056+0000] {processor.py:179} INFO - Processing /opt/airflow/dags/predict_daily.py took 6.054 seconds
[2026-07-10T12:32:36.550+0000] {processor.py:157} INFO - Started process (PID=36303) to work on /opt/airflow/dags/predict_daily.py
[2026-07-10T12:32:36.552+0000] {processor.py:829} INFO - Processing file /opt/airflow/dags/predict_daily.py for tasks to queue
[2026-07-10T12:32:36.553+0000] {logging_mixin.py:151} INFO - [2026-07-10T12:32:36.553+0000] {dagbag.py:539} INFO - Filling up the DagBag from /opt/airflow/dags/predict_daily.py
[2026-07-10T12:32:40.705+0000] {processor.py:841} WARNING - No viable dags retrieved from /opt/airflow/dags/predict_daily.py
[2026-07-10T12:32:40.723+0000] {processor.py:179} INFO - Processing /opt/airflow/dags/predict_daily.py took 4.178 seconds
[2026-07-10T12:33:11.191+0000] {processor.py:157} INFO - Started process (PID=36336) to work on /opt/airflow/dags/predict_daily.py
[2026-07-10T12:33:11.193+0000] {processor.py:829} INFO - Processing file /opt/airflow/dags/predict_daily.py for tasks to queue
[2026-07-10T12:33:11.194+0000] {logging_mixin.py:151} INFO - [2026-07-10T12:33:11.194+0000] {dagbag.py:539} INFO - Filling up the DagBag from /opt/airflow/dags/predict_daily.py
[2026-07-10T12:33:15.404+0000] {processor.py:841} WARNING - No viable dags retrieved from /opt/airflow/dags/predict_daily.py
[2026-07-10T12:33:15.437+0000] {processor.py:179} INFO - Processing /opt/airflow/dags/predict_daily.py took 4.252 seconds
[2026-07-10T12:33:45.677+0000] {processor.py:157} INFO - Started process (PID=36369) to work on /opt/airflow/dags/predict_daily.py
[2026-07-10T12:33:45.679+0000] {processor.py:829} INFO - Processing file /opt/airflow/dags/predict_daily.py for tasks to queue
[2026-07-10T12:33:45.682+0000] {logging_mixin.py:151} INFO - [2026-07-10T12:33:45.681+0000] {dagbag.py:539} INFO - Filling up the DagBag from /opt/airflow/dags/predict_daily.py
[2026-07-10T12:33:49.724+0000] {processor.py:841} WARNING - No viable dags retrieved from /opt/airflow/dags/predict_daily.py
[2026-07-10T12:33:49.745+0000] {processor.py:179} INFO - Processing /opt/airflow/dags/predict_daily.py took 4.078 seconds
[2026-07-10T12:34:20.177+0000] {processor.py:157} INFO - Started process (PID=36402) to work on /opt/airflow/dags/predict_daily.py
[2026-07-10T12:34:20.178+0000] {processor.py:829} INFO - Processing file /opt/airflow/dags/predict_daily.py for tasks to queue
[2026-07-10T12:34:20.179+0000] {logging_mixin.py:151} INFO - [2026-07-10T12:34:20.179+0000] {dagbag.py:539} INFO - Filling up the DagBag from /opt/airflow/dags/predict_daily.py
[2026-07-10T12:34:24.079+0000] {processor.py:841} WARNING - No viable dags retrieved from /opt/airflow/dags/predict_daily.py
[2026-07-10T12:34:24.104+0000] {processor.py:179} INFO - Processing /opt/airflow/dags/predict_daily.py took 3.930 seconds
[2026-07-10T12:34:54.735+0000] {processor.py:157} INFO - Started process (PID=36435) to work on /opt/airflow/dags/predict_daily.py
[2026-07-10T12:34:54.737+0000] {processor.py:829} INFO - Processing file /opt/airflow/dags/predict_daily.py for tasks to queue
[2026-07-10T12:34:54.739+0000] {logging_mixin.py:151} INFO - [2026-07-10T12:34:54.738+0000] {dagbag.py:539} INFO - Filling up the DagBag from /opt/airflow/dags/predict_daily.py
[2026-07-10T12:34:59.058+0000] {processor.py:841} WARNING - No viable dags retrieved from /opt/airflow/dags/predict_daily.py
[2026-07-10T12:34:59.079+0000] {processor.py:179} INFO - Processing /opt/airflow/dags/predict_daily.py took 4.351 seconds
[2026-07-10T12:35:29.374+0000] {processor.py:157} INFO - Started process (PID=36468) to work on /opt/airflow/dags/predict_daily.py
[2026-07-10T12:35:29.377+0000] {processor.py:829} INFO - Processing file /opt/airflow/dags/predict_daily.py for tasks to queue
[2026-07-10T12:35:29.378+0000] {logging_mixin.py:151} INFO - [2026-07-10T12:35:29.378+0000] {dagbag.py:539} INFO - Filling up the DagBag from /opt/airflow/dags/predict_daily.py
[2026-07-10T12:35:35.043+0000] {processor.py:841} WARNING - No viable dags retrieved from /opt/airflow/dags/predict_daily.py
[2026-07-10T12:35:35.075+0000] {processor.py:179} INFO - Processing /opt/airflow/dags/predict_daily.py took 5.707 seconds
[2026-07-10T12:36:06.019+0000] {processor.py:157} INFO - Started process (PID=36506) to work on /opt/airflow/dags/predict_daily.py
[2026-07-10T12:36:06.022+0000] {processor.py:829} INFO - Processing file /opt/airflow/dags/predict_daily.py for tasks to queue
[2026-07-10T12:36:06.024+0000] {logging_mixin.py:151} INFO - [2026-07-10T12:36:06.023+0000] {dagbag.py:539} INFO - Filling up the DagBag from /opt/airflow/dags/predict_daily.py
[2026-07-10T12:36:10.046+0000] {processor.py:841} WARNING - No viable dags retrieved from /opt/airflow/dags/predict_daily.py
[2026-07-10T12:36:10.106+0000] {processor.py:179} INFO - Processing /opt/airflow/dags/predict_daily.py took 4.092 seconds
[2026-07-10T12:36:40.287+0000] {processor.py:157} INFO - Started process (PID=36546) to work on /opt/airflow/dags/predict_daily.py
[2026-07-10T12:36:40.288+0000] {processor.py:829} INFO - Processing file /opt/airflow/dags/predict_daily.py for tasks to queue
[2026-07-10T12:36:40.289+0000] {logging_mixin.py:151} INFO - [2026-07-10T12:36:40.288+0000] {dagbag.py:539} INFO - Filling up the DagBag from /opt/airflow/dags/predict_daily.py
[2026-07-10T12:36:44.477+0000] {processor.py:841} WARNING - No viable dags retrieved from /opt/airflow/dags/predict_daily.py
[2026-07-10T12:36:44.495+0000] {processor.py:179} INFO - Processing /opt/airflow/dags/predict_daily.py took 4.213 seconds
[2026-07-10T12:37:14.949+0000] {processor.py:157} INFO - Started process (PID=36579) to work on /opt/airflow/dags/predict_daily.py
[2026-07-10T12:37:14.951+0000] {processor.py:829} INFO - Processing file /opt/airflow/dags/predict_daily.py for tasks to queue
[2026-07-10T12:37:14.953+0000] {logging_mixin.py:151} INFO - [2026-07-10T12:37:14.952+0000] {dagbag.py:539} INFO - Filling up the DagBag from /opt/airflow/dags/predict_daily.py
[2026-07-10T12:37:18.900+0000] {processor.py:841} WARNING - No viable dags retrieved from /opt/airflow/dags/predict_daily.py
[2026-07-10T12:37:18.920+0000] {processor.py:179} INFO - Processing /opt/airflow/dags/predict_daily.py took 3.981 seconds
[2026-07-10T12:37:49.377+0000] {processor.py:157} INFO - Started process (PID=36612) to work on /opt/airflow/dags/predict_daily.py
[2026-07-10T12:37:49.380+0000] {processor.py:829} INFO - Processing file /opt/airflow/dags/predict_daily.py for tasks to queue
[2026-07-10T12:37:49.382+0000] {logging_mixin.py:151} INFO - [2026-07-10T12:37:49.381+0000] {dagbag.py:539} INFO - Filling up the DagBag from /opt/airflow/dags/predict_daily.py
[2026-07-10T12:37:53.545+0000] {processor.py:841} WARNING - No viable dags retrieved from /opt/airflow/dags/predict_daily.py
[2026-07-10T12:37:53.558+0000] {processor.py:179} INFO - Processing /opt/airflow/dags/predict_daily.py took 4.188 seconds
[2026-07-10T12:38:24.088+0000] {processor.py:157} INFO - Started process (PID=36645) to work on /opt/airflow/dags/predict_daily.py
[2026-07-10T12:38:24.090+0000] {processor.py:829} INFO - Processing file /opt/airflow/dags/predict_daily.py for tasks to queue
[2026-07-10T12:38:24.092+0000] {logging_mixin.py:151} INFO - [2026-07-10T12:38:24.091+0000] {dagbag.py:539} INFO - Filling up the DagBag from /opt/airflow/dags/predict_daily.py
[2026-07-10T12:38:29.578+0000] {processor.py:841} WARNING - No viable dags retrieved from /opt/airflow/dags/predict_daily.py
[2026-07-10T12:38:29.616+0000] {processor.py:179} INFO - Processing /opt/airflow/dags/predict_daily.py took 5.532 seconds
[2026-07-10T12:38:59.855+0000] {processor.py:157} INFO - Started process (PID=36678) to work on /opt/airflow/dags/predict_daily.py
[2026-07-10T12:38:59.856+0000] {processor.py:829} INFO - Processing file /opt/airflow/dags/predict_daily.py for tasks to queue
[2026-07-10T12:38:59.857+0000] {logging_mixin.py:151} INFO - [2026-07-10T12:38:59.857+0000] {dagbag.py:539} INFO - Filling up the DagBag from /opt/airflow/dags/predict_daily.py
[2026-07-10T12:39:06.122+0000] {processor.py:841} WARNING - No viable dags retrieved from /opt/airflow/dags/predict_daily.py
[2026-07-10T12:39:06.195+0000] {processor.py:179} INFO - Processing /opt/airflow/dags/predict_daily.py took 6.344 seconds
[2026-07-10T12:39:36.468+0000] {processor.py:157} INFO - Started process (PID=36711) to work on /opt/airflow/dags/predict_daily.py
[2026-07-10T12:39:36.469+0000] {processor.py:829} INFO - Processing file /opt/airflow/dags/predict_daily.py for tasks to queue
[2026-07-10T12:39:36.471+0000] {logging_mixin.py:151} INFO - [2026-07-10T12:39:36.470+0000] {dagbag.py:539} INFO - Filling up the DagBag from /opt/airflow/dags/predict_daily.py
[2026-07-10T12:39:41.297+0000] {processor.py:841} WARNING - No viable dags retrieved from /opt/airflow/dags/predict_daily.py
[2026-07-10T12:39:41.312+0000] {processor.py:179} INFO - Processing /opt/airflow/dags/predict_daily.py took 4.850 seconds
[2026-07-10T12:40:12.091+0000] {processor.py:157} INFO - Started process (PID=36757) to work on /opt/airflow/dags/predict_daily.py
[2026-07-10T12:40:12.093+0000] {processor.py:829} INFO - Processing file /opt/airflow/dags/predict_daily.py for tasks to queue
[2026-07-10T12:40:12.094+0000] {logging_mixin.py:151} INFO - [2026-07-10T12:40:12.094+0000] {dagbag.py:539} INFO - Filling up the DagBag from /opt/airflow/dags/predict_daily.py
[2026-07-10T12:40:16.038+0000] {processor.py:841} WARNING - No viable dags retrieved from /opt/airflow/dags/predict_daily.py
[2026-07-10T12:40:16.055+0000] {processor.py:179} INFO - Processing /opt/airflow/dags/predict_daily.py took 3.973 seconds
[2026-07-10T12:40:46.620+0000] {processor.py:157} INFO - Started process (PID=36790) to work on /opt/airflow/dags/predict_daily.py
[2026-07-10T12:40:46.622+0000] {processor.py:829} INFO - Processing file /opt/airflow/dags/predict_daily.py for tasks to queue
[2026-07-10T12:40:46.624+0000] {logging_mixin.py:151} INFO - [2026-07-10T12:40:46.624+0000] {dagbag.py:539} INFO - Filling up the DagBag from /opt/airflow/dags/predict_daily.py
[2026-07-10T12:40:51.028+0000] {processor.py:841} WARNING - No viable dags retrieved from /opt/airflow/dags/predict_daily.py
[2026-07-10T12:40:51.059+0000] {processor.py:179} INFO - Processing /opt/airflow/dags/predict_daily.py took 4.444 seconds
[2026-07-10T12:41:21.414+0000] {processor.py:157} INFO - Started process (PID=36823) to work on /opt/airflow/dags/predict_daily.py
[2026-07-10T12:41:21.417+0000] {processor.py:829} INFO - Processing file /opt/airflow/dags/predict_daily.py for tasks to queue
[2026-07-10T12:41:21.419+0000] {logging_mixin.py:151} INFO - [2026-07-10T12:41:21.419+0000] {dagbag.py:539} INFO - Filling up the DagBag from /opt/airflow/dags/predict_daily.py
[2026-07-10T12:41:25.624+0000] {processor.py:841} WARNING - No viable dags retrieved from /opt/airflow/dags/predict_daily.py
[2026-07-10T12:41:25.644+0000] {processor.py:179} INFO - Processing /opt/airflow/dags/predict_daily.py took 4.237 seconds
[2026-07-10T12:41:56.202+0000] {processor.py:157} INFO - Started process (PID=36856) to work on /opt/airflow/dags/predict_daily.py
[2026-07-10T12:41:56.204+0000] {processor.py:829} INFO - Processing file /opt/airflow/dags/predict_daily.py for tasks to queue
[2026-07-10T12:41:56.206+0000] {logging_mixin.py:151} INFO - [2026-07-10T12:41:56.205+0000] {dagbag.py:539} INFO - Filling up the DagBag from /opt/airflow/dags/predict_daily.py
[2026-07-10T12:42:00.272+0000] {processor.py:841} WARNING - No viable dags retrieved from /opt/airflow/dags/predict_daily.py
[2026-07-10T12:42:00.291+0000] {processor.py:179} INFO - Processing /opt/airflow/dags/predict_daily.py took 4.094 seconds
[2026-07-10T12:42:30.626+0000] {processor.py:157} INFO - Started process (PID=36889) to work on /opt/airflow/dags/predict_daily.py
[2026-07-10T12:42:30.628+0000] {processor.py:829} INFO - Processing file /opt/airflow/dags/predict_daily.py for tasks to queue
[2026-07-10T12:42:30.629+0000] {logging_mixin.py:151} INFO - [2026-07-10T12:42:30.629+0000] {dagbag.py:539} INFO - Filling up the DagBag from /opt/airflow/dags/predict_daily.py
[2026-07-10T12:42:36.540+0000] {processor.py:841} WARNING - No viable dags retrieved from /opt/airflow/dags/predict_daily.py
[2026-07-10T12:42:36.583+0000] {processor.py:179} INFO - Processing /opt/airflow/dags/predict_daily.py took 5.963 seconds
[2026-07-10T12:43:07.228+0000] {processor.py:157} INFO - Started process (PID=36922) to work on /opt/airflow/dags/predict_daily.py
[2026-07-10T12:43:07.230+0000] {processor.py:829} INFO - Processing file /opt/airflow/dags/predict_daily.py for tasks to queue
[2026-07-10T12:43:07.232+0000] {logging_mixin.py:151} INFO - [2026-07-10T12:43:07.232+0000] {dagbag.py:539} INFO - Filling up the DagBag from /opt/airflow/dags/predict_daily.py
[2026-07-10T12:43:11.346+0000] {processor.py:841} WARNING - No viable dags retrieved from /opt/airflow/dags/predict_daily.py
[2026-07-10T12:43:11.370+0000] {processor.py:179} INFO - Processing /opt/airflow/dags/predict_daily.py took 4.150 seconds
[2026-07-10T12:43:42.323+0000] {processor.py:157} INFO - Started process (PID=36962) to work on /opt/airflow/dags/predict_daily.py
[2026-07-10T12:43:42.326+0000] {processor.py:829} INFO - Processing file /opt/airflow/dags/predict_daily.py for tasks to queue
[2026-07-10T12:43:42.328+0000] {logging_mixin.py:151} INFO - [2026-07-10T12:43:42.327+0000] {dagbag.py:539} INFO - Filling up the DagBag from /opt/airflow/dags/predict_daily.py
[2026-07-10T12:43:46.592+0000] {processor.py:841} WARNING - No viable dags retrieved from /opt/airflow/dags/predict_daily.py
[2026-07-10T12:43:46.612+0000] {processor.py:179} INFO - Processing /opt/airflow/dags/predict_daily.py took 4.303 seconds
[2026-07-10T12:44:17.095+0000] {processor.py:157} INFO - Started process (PID=36995) to work on /opt/airflow/dags/predict_daily.py
[2026-07-10T12:44:17.097+0000] {processor.py:829} INFO - Processing file /opt/airflow/dags/predict_daily.py for tasks to queue
[2026-07-10T12:44:17.098+0000] {logging_mixin.py:151} INFO - [2026-07-10T12:44:17.098+0000] {dagbag.py:539} INFO - Filling up the DagBag from /opt/airflow/dags/predict_daily.py
[2026-07-10T12:44:21.253+0000] {processor.py:841} WARNING - No viable dags retrieved from /opt/airflow/dags/predict_daily.py
[2026-07-10T12:44:21.278+0000] {processor.py:179} INFO - Processing /opt/airflow/dags/predict_daily.py took 4.188 seconds
[2026-07-10T12:44:51.706+0000] {processor.py:157} INFO - Started process (PID=37028) to work on /opt/airflow/dags/predict_daily.py
[2026-07-10T12:44:51.710+0000] {processor.py:829} INFO - Processing file /opt/airflow/dags/predict_daily.py for tasks to queue
[2026-07-10T12:44:51.712+0000] {logging_mixin.py:151} INFO - [2026-07-10T12:44:51.711+0000] {dagbag.py:539} INFO - Filling up the DagBag from /opt/airflow/dags/predict_daily.py
[2026-07-10T12:44:56.376+0000] {processor.py:841} WARNING - No viable dags retrieved from /opt/airflow/dags/predict_daily.py
[2026-07-10T12:44:56.392+0000] {processor.py:179} INFO - Processing /opt/airflow/dags/predict_daily.py took 4.695 seconds
[2026-07-10T12:45:26.930+0000] {processor.py:157} INFO - Started process (PID=37061) to work on /opt/airflow/dags/predict_daily.py
[2026-07-10T12:45:26.932+0000] {processor.py:829} INFO - Processing file /opt/airflow/dags/predict_daily.py for tasks to queue
[2026-07-10T12:45:26.934+0000] {logging_mixin.py:151} INFO - [2026-07-10T12:45:26.933+0000] {dagbag.py:539} INFO - Filling up the DagBag from /opt/airflow/dags/predict_daily.py
[2026-07-10T12:45:30.731+0000] {processor.py:841} WARNING - No viable dags retrieved from /opt/airflow/dags/predict_daily.py
[2026-07-10T12:45:30.746+0000] {processor.py:179} INFO - Processing /opt/airflow/dags/predict_daily.py took 3.821 seconds
[2026-07-10T12:46:01.201+0000] {processor.py:157} INFO - Started process (PID=37094) to work on /opt/airflow/dags/predict_daily.py
[2026-07-10T12:46:01.203+0000] {processor.py:829} INFO - Processing file /opt/airflow/dags/predict_daily.py for tasks to queue
[2026-07-10T12:46:01.205+0000] {logging_mixin.py:151} INFO - [2026-07-10T12:46:01.204+0000] {dagbag.py:539} INFO - Filling up the DagBag from /opt/airflow/dags/predict_daily.py
[2026-07-10T12:46:05.962+0000] {processor.py:841} WARNING - No viable dags retrieved from /opt/airflow/dags/predict_daily.py
[2026-07-10T12:46:06.022+0000] {processor.py:179} INFO - Processing /opt/airflow/dags/predict_daily.py took 4.827 seconds
[2026-07-10T12:46:36.692+0000] {processor.py:157} INFO - Started process (PID=37128) to work on /opt/airflow/dags/predict_daily.py
[2026-07-10T12:46:36.696+0000] {processor.py:829} INFO - Processing file /opt/airflow/dags/predict_daily.py for tasks to queue
[2026-07-10T12:46:36.698+0000] {logging_mixin.py:151} INFO - [2026-07-10T12:46:36.697+0000] {dagbag.py:539} INFO - Filling up the DagBag from /opt/airflow/dags/predict_daily.py
[2026-07-10T12:46:40.645+0000] {processor.py:841} WARNING - No viable dags retrieved from /opt/airflow/dags/predict_daily.py
[2026-07-10T12:46:40.680+0000] {processor.py:179} INFO - Processing /opt/airflow/dags/predict_daily.py took 3.995 seconds
[2026-07-10T12:47:11.521+0000] {processor.py:157} INFO - Started process (PID=37174) to work on /opt/airflow/dags/predict_daily.py
[2026-07-10T12:47:11.523+0000] {processor.py:829} INFO - Processing file /opt/airflow/dags/predict_daily.py for tasks to queue
[2026-07-10T12:47:11.525+0000] {logging_mixin.py:151} INFO - [2026-07-10T12:47:11.525+0000] {dagbag.py:539} INFO - Filling up the DagBag from /opt/airflow/dags/predict_daily.py
[2026-07-10T12:47:15.593+0000] {processor.py:841} WARNING - No viable dags retrieved from /opt/airflow/dags/predict_daily.py
[2026-07-10T12:47:15.611+0000] {processor.py:179} INFO - Processing /opt/airflow/dags/predict_daily.py took 4.096 seconds
[2026-07-10T12:47:46.007+0000] {processor.py:157} INFO - Started process (PID=37207) to work on /opt/airflow/dags/predict_daily.py
[2026-07-10T12:47:46.010+0000] {processor.py:829} INFO - Processing file /opt/airflow/dags/predict_daily.py for tasks to queue
[2026-07-10T12:47:46.012+0000] {logging_mixin.py:151} INFO - [2026-07-10T12:47:46.011+0000] {dagbag.py:539} INFO - Filling up the DagBag from /opt/airflow/dags/predict_daily.py
[2026-07-10T12:47:50.102+0000] {processor.py:841} WARNING - No viable dags retrieved from /opt/airflow/dags/predict_daily.py
[2026-07-10T12:47:50.122+0000] {processor.py:179} INFO - Processing /opt/airflow/dags/predict_daily.py took 4.121 seconds
[2026-07-10T12:48:20.545+0000] {processor.py:157} INFO - Started process (PID=37240) to work on /opt/airflow/dags/predict_daily.py
[2026-07-10T12:48:20.547+0000] {processor.py:829} INFO - Processing file /opt/airflow/dags/predict_daily.py for tasks to queue
[2026-07-10T12:48:20.547+0000] {logging_mixin.py:151} INFO - [2026-07-10T12:48:20.547+0000] {dagbag.py:539} INFO - Filling up the DagBag from /opt/airflow/dags/predict_daily.py
[2026-07-10T12:48:24.749+0000] {processor.py:841} WARNING - No viable dags retrieved from /opt/airflow/dags/predict_daily.py
[2026-07-10T12:48:24.764+0000] {processor.py:179} INFO - Processing /opt/airflow/dags/predict_daily.py took 4.222 seconds
[2026-07-10T12:48:55.290+0000] {processor.py:157} INFO - Started process (PID=37273) to work on /opt/airflow/dags/predict_daily.py
[2026-07-10T12:48:55.292+0000] {processor.py:829} INFO - Processing file /opt/airflow/dags/predict_daily.py for tasks to queue
[2026-07-10T12:48:55.293+0000] {logging_mixin.py:151} INFO - [2026-07-10T12:48:55.293+0000] {dagbag.py:539} INFO - Filling up the DagBag from /opt/airflow/dags/predict_daily.py
[2026-07-10T12:48:58.027+0000] {processor.py:841} WARNING - No viable dags retrieved from /opt/airflow/dags/predict_daily.py
[2026-07-10T12:48:58.043+0000] {processor.py:179} INFO - Processing /opt/airflow/dags/predict_daily.py took 2.757 seconds
[2026-07-10T12:49:28.597+0000] {processor.py:157} INFO - Started process (PID=37306) to work on /opt/airflow/dags/predict_daily.py
[2026-07-10T12:49:28.599+0000] {processor.py:829} INFO - Processing file /opt/airflow/dags/predict_daily.py for tasks to queue
[2026-07-10T12:49:28.600+0000] {logging_mixin.py:151} INFO - [2026-07-10T12:49:28.600+0000] {dagbag.py:539} INFO - Filling up the DagBag from /opt/airflow/dags/predict_daily.py
[2026-07-10T12:49:33.689+0000] {processor.py:841} WARNING - No viable dags retrieved from /opt/airflow/dags/predict_daily.py
[2026-07-10T12:49:33.735+0000] {processor.py:179} INFO - Processing /opt/airflow/dags/predict_daily.py took 5.145 seconds
[2026-07-10T12:50:04.771+0000] {processor.py:157} INFO - Started process (PID=37339) to work on /opt/airflow/dags/predict_daily.py
[2026-07-10T12:50:04.776+0000] {processor.py:829} INFO - Processing file /opt/airflow/dags/predict_daily.py for tasks to queue
[2026-07-10T12:50:04.778+0000] {logging_mixin.py:151} INFO - [2026-07-10T12:50:04.777+0000] {dagbag.py:539} INFO - Filling up the DagBag from /opt/airflow/dags/predict_daily.py
[2026-07-10T12:50:08.833+0000] {processor.py:841} WARNING - No viable dags retrieved from /opt/airflow/dags/predict_daily.py
[2026-07-10T12:50:08.846+0000] {processor.py:179} INFO - Processing /opt/airflow/dags/predict_daily.py took 4.085 seconds
[2026-07-10T12:50:39.242+0000] {processor.py:157} INFO - Started process (PID=37372) to work on /opt/airflow/dags/predict_daily.py
[2026-07-10T12:50:39.243+0000] {processor.py:829} INFO - Processing file /opt/airflow/dags/predict_daily.py for tasks to queue
[2026-07-10T12:50:39.245+0000] {logging_mixin.py:151} INFO - [2026-07-10T12:50:39.244+0000] {dagbag.py:539} INFO - Filling up the DagBag from /opt/airflow/dags/predict_daily.py
[2026-07-10T12:50:43.071+0000] {processor.py:841} WARNING - No viable dags retrieved from /opt/airflow/dags/predict_daily.py
[2026-07-10T12:50:43.094+0000] {processor.py:179} INFO - Processing /opt/airflow/dags/predict_daily.py took 3.858 seconds
[2026-07-10T12:51:13.876+0000] {processor.py:157} INFO - Started process (PID=37414) to work on /opt/airflow/dags/predict_daily.py
[2026-07-10T12:51:13.879+0000] {processor.py:829} INFO - Processing file /opt/airflow/dags/predict_daily.py for tasks to queue
[2026-07-10T12:51:13.881+0000] {logging_mixin.py:151} INFO - [2026-07-10T12:51:13.881+0000] {dagbag.py:539} INFO - Filling up the DagBag from /opt/airflow/dags/predict_daily.py
[2026-07-10T12:51:18.027+0000] {processor.py:841} WARNING - No viable dags retrieved from /opt/airflow/dags/predict_daily.py
[2026-07-10T12:51:18.065+0000] {processor.py:179} INFO - Processing /opt/airflow/dags/predict_daily.py took 4.197 seconds
[2026-07-10T12:51:48.618+0000] {processor.py:157} INFO - Started process (PID=37447) to work on /opt/airflow/dags/predict_daily.py
[2026-07-10T12:51:48.619+0000] {processor.py:829} INFO - Processing file /opt/airflow/dags/predict_daily.py for tasks to queue
[2026-07-10T12:51:48.620+0000] {logging_mixin.py:151} INFO - [2026-07-10T12:51:48.620+0000] {dagbag.py:539} INFO - Filling up the DagBag from /opt/airflow/dags/predict_daily.py
[2026-07-10T12:51:52.838+0000] {processor.py:841} WARNING - No viable dags retrieved from /opt/airflow/dags/predict_daily.py
[2026-07-10T12:51:52.858+0000] {processor.py:179} INFO - Processing /opt/airflow/dags/predict_daily.py took 4.246 seconds
[2026-07-10T12:52:23.347+0000] {processor.py:157} INFO - Started process (PID=37481) to work on /opt/airflow/dags/predict_daily.py
[2026-07-10T12:52:23.350+0000] {processor.py:829} INFO - Processing file /opt/airflow/dags/predict_daily.py for tasks to queue
[2026-07-10T12:52:23.352+0000] {logging_mixin.py:151} INFO - [2026-07-10T12:52:23.352+0000] {dagbag.py:539} INFO - Filling up the DagBag from /opt/airflow/dags/predict_daily.py
[2026-07-10T12:52:29.733+0000] {processor.py:841} WARNING - No viable dags retrieved from /opt/airflow/dags/predict_daily.py
[2026-07-10T12:52:29.762+0000] {processor.py:179} INFO - Processing /opt/airflow/dags/predict_daily.py took 6.422 seconds
[2026-07-10T12:53:00.323+0000] {processor.py:157} INFO - Started process (PID=37514) to work on /opt/airflow/dags/predict_daily.py
[2026-07-10T12:53:00.324+0000] {processor.py:829} INFO - Processing file /opt/airflow/dags/predict_daily.py for tasks to queue
[2026-07-10T12:53:00.325+0000] {logging_mixin.py:151} INFO - [2026-07-10T12:53:00.324+0000] {dagbag.py:539} INFO - Filling up the DagBag from /opt/airflow/dags/predict_daily.py
[2026-07-10T12:53:04.711+0000] {processor.py:841} WARNING - No viable dags retrieved from /opt/airflow/dags/predict_daily.py
[2026-07-10T12:53:04.776+0000] {processor.py:179} INFO - Processing /opt/airflow/dags/predict_daily.py took 4.457 seconds
[2026-07-10T12:53:35.663+0000] {processor.py:157} INFO - Started process (PID=37552) to work on /opt/airflow/dags/predict_daily.py
[2026-07-10T12:53:35.665+0000] {processor.py:829} INFO - Processing file /opt/airflow/dags/predict_daily.py for tasks to queue
[2026-07-10T12:53:35.666+0000] {logging_mixin.py:151} INFO - [2026-07-10T12:53:35.666+0000] {dagbag.py:539} INFO - Filling up the DagBag from /opt/airflow/dags/predict_daily.py
[2026-07-10T12:53:39.755+0000] {processor.py:841} WARNING - No viable dags retrieved from /opt/airflow/dags/predict_daily.py
[2026-07-10T12:53:39.802+0000] {processor.py:179} INFO - Processing /opt/airflow/dags/predict_daily.py took 4.145 seconds
[2026-07-10T12:54:10.265+0000] {processor.py:157} INFO - Started process (PID=37585) to work on /opt/airflow/dags/predict_daily.py
[2026-07-10T12:54:10.267+0000] {processor.py:829} INFO - Processing file /opt/airflow/dags/predict_daily.py for tasks to queue
[2026-07-10T12:54:10.269+0000] {logging_mixin.py:151} INFO - [2026-07-10T12:54:10.268+0000] {dagbag.py:539} INFO - Filling up the DagBag from /opt/airflow/dags/predict_daily.py
[2026-07-10T12:54:14.353+0000] {processor.py:841} WARNING - No viable dags retrieved from /opt/airflow/dags/predict_daily.py
[2026-07-10T12:54:14.386+0000] {processor.py:179} INFO - Processing /opt/airflow/dags/predict_daily.py took 4.127 seconds
[2026-07-10T12:54:45.038+0000] {processor.py:157} INFO - Started process (PID=37626) to work on /opt/airflow/dags/predict_daily.py
[2026-07-10T12:54:45.041+0000] {processor.py:829} INFO - Processing file /opt/airflow/dags/predict_daily.py for tasks to queue
[2026-07-10T12:54:45.044+0000] {logging_mixin.py:151} INFO - [2026-07-10T12:54:45.043+0000] {dagbag.py:539} INFO - Filling up the DagBag from /opt/airflow/dags/predict_daily.py
[2026-07-10T12:54:49.249+0000] {processor.py:841} WARNING - No viable dags retrieved from /opt/airflow/dags/predict_daily.py
[2026-07-10T12:54:49.272+0000] {processor.py:179} INFO - Processing /opt/airflow/dags/predict_daily.py took 4.242 seconds
[2026-07-10T12:55:20.009+0000] {processor.py:157} INFO - Started process (PID=37659) to work on /opt/airflow/dags/predict_daily.py
[2026-07-10T12:55:20.011+0000] {processor.py:829} INFO - Processing file /opt/airflow/dags/predict_daily.py for tasks to queue
[2026-07-10T12:55:20.014+0000] {logging_mixin.py:151} INFO - [2026-07-10T12:55:20.013+0000] {dagbag.py:539} INFO - Filling up the DagBag from /opt/airflow/dags/predict_daily.py
[2026-07-10T12:55:24.570+0000] {processor.py:841} WARNING - No viable dags retrieved from /opt/airflow/dags/predict_daily.py
[2026-07-10T12:55:24.584+0000] {processor.py:179} INFO - Processing /opt/airflow/dags/predict_daily.py took 4.582 seconds
[2026-07-10T12:55:55.389+0000] {processor.py:157} INFO - Started process (PID=37692) to work on /opt/airflow/dags/predict_daily.py
[2026-07-10T12:55:55.392+0000] {processor.py:829} INFO - Processing file /opt/airflow/dags/predict_daily.py for tasks to queue
[2026-07-10T12:55:55.394+0000] {logging_mixin.py:151} INFO - [2026-07-10T12:55:55.393+0000] {dagbag.py:539} INFO - Filling up the DagBag from /opt/airflow/dags/predict_daily.py
[2026-07-10T12:56:02.112+0000] {processor.py:841} WARNING - No viable dags retrieved from /opt/airflow/dags/predict_daily.py
[2026-07-10T12:56:02.236+0000] {processor.py:179} INFO - Processing /opt/airflow/dags/predict_daily.py took 6.856 seconds
[2026-07-10T12:56:32.449+0000] {processor.py:157} INFO - Started process (PID=37725) to work on /opt/airflow/dags/predict_daily.py
[2026-07-10T12:56:32.451+0000] {processor.py:829} INFO - Processing file /opt/airflow/dags/predict_daily.py for tasks to queue
[2026-07-10T12:56:32.452+0000] {logging_mixin.py:151} INFO - [2026-07-10T12:56:32.452+0000] {dagbag.py:539} INFO - Filling up the DagBag from /opt/airflow/dags/predict_daily.py
[2026-07-10T12:56:40.320+0000] {processor.py:841} WARNING - No viable dags retrieved from /opt/airflow/dags/predict_daily.py
[2026-07-10T12:56:40.405+0000] {processor.py:179} INFO - Processing /opt/airflow/dags/predict_daily.py took 7.962 seconds
[2026-07-10T12:57:11.013+0000] {processor.py:157} INFO - Started process (PID=37758) to work on /opt/airflow/dags/predict_daily.py
[2026-07-10T12:57:11.016+0000] {processor.py:829} INFO - Processing file /opt/airflow/dags/predict_daily.py for tasks to queue
[2026-07-10T12:57:11.022+0000] {logging_mixin.py:151} INFO - [2026-07-10T12:57:11.021+0000] {dagbag.py:539} INFO - Filling up the DagBag from /opt/airflow/dags/predict_daily.py
[2026-07-10T12:57:16.075+0000] {processor.py:841} WARNING - No viable dags retrieved from /opt/airflow/dags/predict_daily.py
[2026-07-10T12:57:16.102+0000] {processor.py:179} INFO - Processing /opt/airflow/dags/predict_daily.py took 5.096 seconds
[2026-07-10T12:57:46.681+0000] {processor.py:157} INFO - Started process (PID=37803) to work on /opt/airflow/dags/predict_daily.py
[2026-07-10T12:57:46.683+0000] {processor.py:829} INFO - Processing file /opt/airflow/dags/predict_daily.py for tasks to queue
[2026-07-10T12:57:46.688+0000] {logging_mixin.py:151} INFO - [2026-07-10T12:57:46.686+0000] {dagbag.py:539} INFO - Filling up the DagBag from /opt/airflow/dags/predict_daily.py
[2026-07-10T12:57:52.585+0000] {processor.py:841} WARNING - No viable dags retrieved from /opt/airflow/dags/predict_daily.py
[2026-07-10T12:57:52.624+0000] {processor.py:179} INFO - Processing /opt/airflow/dags/predict_daily.py took 5.950 seconds
[2026-07-10T12:58:23.052+0000] {processor.py:157} INFO - Started process (PID=37836) to work on /opt/airflow/dags/predict_daily.py
[2026-07-10T12:58:23.054+0000] {processor.py:829} INFO - Processing file /opt/airflow/dags/predict_daily.py for tasks to queue
[2026-07-10T12:58:23.055+0000] {logging_mixin.py:151} INFO - [2026-07-10T12:58:23.055+0000] {dagbag.py:539} INFO - Filling up the DagBag from /opt/airflow/dags/predict_daily.py
[2026-07-10T12:58:27.852+0000] {processor.py:841} WARNING - No viable dags retrieved from /opt/airflow/dags/predict_daily.py
[2026-07-10T12:58:27.877+0000] {processor.py:179} INFO - Processing /opt/airflow/dags/predict_daily.py took 4.834 seconds
[2026-07-10T12:58:58.263+0000] {processor.py:157} INFO - Started process (PID=37869) to work on /opt/airflow/dags/predict_daily.py
[2026-07-10T12:58:58.282+0000] {processor.py:829} INFO - Processing file /opt/airflow/dags/predict_daily.py for tasks to queue
[2026-07-10T12:58:58.296+0000] {logging_mixin.py:151} INFO - [2026-07-10T12:58:58.293+0000] {dagbag.py:539} INFO - Filling up the DagBag from /opt/airflow/dags/predict_daily.py
[2026-07-10T12:59:02.794+0000] {processor.py:841} WARNING - No viable dags retrieved from /opt/airflow/dags/predict_daily.py
[2026-07-10T12:59:02.813+0000] {processor.py:179} INFO - Processing /opt/airflow/dags/predict_daily.py took 4.558 seconds
[2026-07-10T12:59:33.471+0000] {processor.py:157} INFO - Started process (PID=37902) to work on /opt/airflow/dags/predict_daily.py
[2026-07-10T12:59:33.473+0000] {processor.py:829} INFO - Processing file /opt/airflow/dags/predict_daily.py for tasks to queue
[2026-07-10T12:59:33.476+0000] {logging_mixin.py:151} INFO - [2026-07-10T12:59:33.475+0000] {dagbag.py:539} INFO - Filling up the DagBag from /opt/airflow/dags/predict_daily.py
[2026-07-10T12:59:37.589+0000] {processor.py:841} WARNING - No viable dags retrieved from /opt/airflow/dags/predict_daily.py
[2026-07-10T12:59:37.634+0000] {processor.py:179} INFO - Processing /opt/airflow/dags/predict_daily.py took 4.174 seconds
[2026-07-10T13:00:07.868+0000] {processor.py:157} INFO - Started process (PID=37935) to work on /opt/airflow/dags/predict_daily.py
[2026-07-10T13:00:07.870+0000] {processor.py:829} INFO - Processing file /opt/airflow/dags/predict_daily.py for tasks to queue
[2026-07-10T13:00:07.872+0000] {logging_mixin.py:151} INFO - [2026-07-10T13:00:07.871+0000] {dagbag.py:539} INFO - Filling up the DagBag from /opt/airflow/dags/predict_daily.py
[2026-07-10T13:00:18.399+0000] {processor.py:841} WARNING - No viable dags retrieved from /opt/airflow/dags/predict_daily.py
[2026-07-10T13:00:18.522+0000] {processor.py:179} INFO - Processing /opt/airflow/dags/predict_daily.py took 10.668 seconds
[2026-07-10T13:00:48.750+0000] {processor.py:157} INFO - Started process (PID=37974) to work on /opt/airflow/dags/predict_daily.py
[2026-07-10T13:00:48.751+0000] {processor.py:829} INFO - Processing file /opt/airflow/dags/predict_daily.py for tasks to queue
[2026-07-10T13:00:48.753+0000] {logging_mixin.py:151} INFO - [2026-07-10T13:00:48.753+0000] {dagbag.py:539} INFO - Filling up the DagBag from /opt/airflow/dags/predict_daily.py
[2026-07-10T13:00:53.253+0000] {processor.py:841} WARNING - No viable dags retrieved from /opt/airflow/dags/predict_daily.py
[2026-07-10T13:00:53.292+0000] {processor.py:179} INFO - Processing /opt/airflow/dags/predict_daily.py took 4.547 seconds
[2026-07-10T13:01:24.053+0000] {processor.py:157} INFO - Started process (PID=38007) to work on /opt/airflow/dags/predict_daily.py
[2026-07-10T13:01:24.056+0000] {processor.py:829} INFO - Processing file /opt/airflow/dags/predict_daily.py for tasks to queue
[2026-07-10T13:01:24.058+0000] {logging_mixin.py:151} INFO - [2026-07-10T13:01:24.057+0000] {dagbag.py:539} INFO - Filling up the DagBag from /opt/airflow/dags/predict_daily.py
[2026-07-10T13:01:28.754+0000] {processor.py:841} WARNING - No viable dags retrieved from /opt/airflow/dags/predict_daily.py
[2026-07-10T13:01:28.774+0000] {processor.py:179} INFO - Processing /opt/airflow/dags/predict_daily.py took 4.729 seconds
[2026-07-10T13:01:59.385+0000] {processor.py:157} INFO - Started process (PID=38045) to work on /opt/airflow/dags/predict_daily.py
[2026-07-10T13:01:59.387+0000] {processor.py:829} INFO - Processing file /opt/airflow/dags/predict_daily.py for tasks to queue
[2026-07-10T13:01:59.389+0000] {logging_mixin.py:151} INFO - [2026-07-10T13:01:59.388+0000] {dagbag.py:539} INFO - Filling up the DagBag from /opt/airflow/dags/predict_daily.py
[2026-07-10T13:02:03.285+0000] {processor.py:841} WARNING - No viable dags retrieved from /opt/airflow/dags/predict_daily.py
[2026-07-10T13:02:03.324+0000] {processor.py:179} INFO - Processing /opt/airflow/dags/predict_daily.py took 3.944 seconds
[2026-07-10T13:02:33.916+0000] {processor.py:157} INFO - Started process (PID=38078) to work on /opt/airflow/dags/predict_daily.py
[2026-07-10T13:02:33.918+0000] {processor.py:829} INFO - Processing file /opt/airflow/dags/predict_daily.py for tasks to queue
[2026-07-10T13:02:33.921+0000] {logging_mixin.py:151} INFO - [2026-07-10T13:02:33.920+0000] {dagbag.py:539} INFO - Filling up the DagBag from /opt/airflow/dags/predict_daily.py
[2026-07-10T13:02:37.885+0000] {processor.py:841} WARNING - No viable dags retrieved from /opt/airflow/dags/predict_daily.py
[2026-07-10T13:02:37.905+0000] {processor.py:179} INFO - Processing /opt/airflow/dags/predict_daily.py took 3.995 seconds
[2026-07-10T13:03:08.389+0000] {processor.py:157} INFO - Started process (PID=38111) to work on /opt/airflow/dags/predict_daily.py
[2026-07-10T13:03:08.391+0000] {processor.py:829} INFO - Processing file /opt/airflow/dags/predict_daily.py for tasks to queue
[2026-07-10T13:03:08.392+0000] {logging_mixin.py:151} INFO - [2026-07-10T13:03:08.391+0000] {dagbag.py:539} INFO - Filling up the DagBag from /opt/airflow/dags/predict_daily.py
[2026-07-10T13:03:12.226+0000] {processor.py:841} WARNING - No viable dags retrieved from /opt/airflow/dags/predict_daily.py
[2026-07-10T13:03:12.251+0000] {processor.py:179} INFO - Processing /opt/airflow/dags/predict_daily.py took 3.865 seconds
[2026-07-10T13:03:42.802+0000] {processor.py:157} INFO - Started process (PID=38144) to work on /opt/airflow/dags/predict_daily.py
[2026-07-10T13:03:42.803+0000] {processor.py:829} INFO - Processing file /opt/airflow/dags/predict_daily.py for tasks to queue
[2026-07-10T13:03:42.805+0000] {logging_mixin.py:151} INFO - [2026-07-10T13:03:42.804+0000] {dagbag.py:539} INFO - Filling up the DagBag from /opt/airflow/dags/predict_daily.py
[2026-07-10T13:03:46.449+0000] {processor.py:841} WARNING - No viable dags retrieved from /opt/airflow/dags/predict_daily.py
[2026-07-10T13:03:46.510+0000] {processor.py:179} INFO - Processing /opt/airflow/dags/predict_daily.py took 3.717 seconds
[2026-07-10T13:04:17.458+0000] {processor.py:157} INFO - Started process (PID=38184) to work on /opt/airflow/dags/predict_daily.py
[2026-07-10T13:04:17.459+0000] {processor.py:829} INFO - Processing file /opt/airflow/dags/predict_daily.py for tasks to queue
[2026-07-10T13:04:17.460+0000] {logging_mixin.py:151} INFO - [2026-07-10T13:04:17.460+0000] {dagbag.py:539} INFO - Filling up the DagBag from /opt/airflow/dags/predict_daily.py
[2026-07-10T13:04:21.363+0000] {processor.py:841} WARNING - No viable dags retrieved from /opt/airflow/dags/predict_daily.py
[2026-07-10T13:04:21.382+0000] {processor.py:179} INFO - Processing /opt/airflow/dags/predict_daily.py took 3.929 seconds
[2026-07-10T13:04:52.228+0000] {processor.py:157} INFO - Started process (PID=38217) to work on /opt/airflow/dags/predict_daily.py
[2026-07-10T13:04:52.238+0000] {processor.py:829} INFO - Processing file /opt/airflow/dags/predict_daily.py for tasks to queue
[2026-07-10T13:04:52.241+0000] {logging_mixin.py:151} INFO - [2026-07-10T13:04:52.240+0000] {dagbag.py:539} INFO - Filling up the DagBag from /opt/airflow/dags/predict_daily.py
[2026-07-10T13:04:56.553+0000] {processor.py:841} WARNING - No viable dags retrieved from /opt/airflow/dags/predict_daily.py
[2026-07-10T13:04:56.574+0000] {processor.py:179} INFO - Processing /opt/airflow/dags/predict_daily.py took 4.353 seconds
[2026-07-10T13:05:26.957+0000] {processor.py:157} INFO - Started process (PID=38250) to work on /opt/airflow/dags/predict_daily.py
[2026-07-10T13:05:26.961+0000] {processor.py:829} INFO - Processing file /opt/airflow/dags/predict_daily.py for tasks to queue
[2026-07-10T13:05:26.964+0000] {logging_mixin.py:151} INFO - [2026-07-10T13:05:26.963+0000] {dagbag.py:539} INFO - Filling up the DagBag from /opt/airflow/dags/predict_daily.py
[2026-07-10T13:05:31.719+0000] {processor.py:841} WARNING - No viable dags retrieved from /opt/airflow/dags/predict_daily.py
[2026-07-10T13:05:31.733+0000] {processor.py:179} INFO - Processing /opt/airflow/dags/predict_daily.py took 4.785 seconds
[2026-07-10T13:06:02.532+0000] {processor.py:157} INFO - Started process (PID=38288) to work on /opt/airflow/dags/predict_daily.py
[2026-07-10T13:06:02.534+0000] {processor.py:829} INFO - Processing file /opt/airflow/dags/predict_daily.py for tasks to queue
[2026-07-10T13:06:02.536+0000] {logging_mixin.py:151} INFO - [2026-07-10T13:06:02.535+0000] {dagbag.py:539} INFO - Filling up the DagBag from /opt/airflow/dags/predict_daily.py
[2026-07-10T13:06:06.580+0000] {processor.py:841} WARNING - No viable dags retrieved from /opt/airflow/dags/predict_daily.py
[2026-07-10T13:06:06.596+0000] {processor.py:179} INFO - Processing /opt/airflow/dags/predict_daily.py took 4.070 seconds
[2026-07-10T13:06:36.952+0000] {processor.py:157} INFO - Started process (PID=38321) to work on /opt/airflow/dags/predict_daily.py
[2026-07-10T13:06:36.953+0000] {processor.py:829} INFO - Processing file /opt/airflow/dags/predict_daily.py for tasks to queue
[2026-07-10T13:06:36.954+0000] {logging_mixin.py:151} INFO - [2026-07-10T13:06:36.954+0000] {dagbag.py:539} INFO - Filling up the DagBag from /opt/airflow/dags/predict_daily.py
[2026-07-10T13:06:40.811+0000] {processor.py:841} WARNING - No viable dags retrieved from /opt/airflow/dags/predict_daily.py
[2026-07-10T13:06:40.831+0000] {processor.py:179} INFO - Processing /opt/airflow/dags/predict_daily.py took 3.883 seconds
[2026-07-10T13:07:11.445+0000] {processor.py:157} INFO - Started process (PID=38354) to work on /opt/airflow/dags/predict_daily.py
[2026-07-10T13:07:11.447+0000] {processor.py:829} INFO - Processing file /opt/airflow/dags/predict_daily.py for tasks to queue
[2026-07-10T13:07:11.448+0000] {logging_mixin.py:151} INFO - [2026-07-10T13:07:11.448+0000] {dagbag.py:539} INFO - Filling up the DagBag from /opt/airflow/dags/predict_daily.py
[2026-07-10T13:07:14.586+0000] {processor.py:841} WARNING - No viable dags retrieved from /opt/airflow/dags/predict_daily.py
[2026-07-10T13:07:14.597+0000] {processor.py:179} INFO - Processing /opt/airflow/dags/predict_daily.py took 3.157 seconds
[2026-07-10T13:07:45.200+0000] {processor.py:157} INFO - Started process (PID=38387) to work on /opt/airflow/dags/predict_daily.py
[2026-07-10T13:07:45.209+0000] {processor.py:829} INFO - Processing file /opt/airflow/dags/predict_daily.py for tasks to queue
[2026-07-10T13:07:45.214+0000] {logging_mixin.py:151} INFO - [2026-07-10T13:07:45.213+0000] {dagbag.py:539} INFO - Filling up the DagBag from /opt/airflow/dags/predict_daily.py
[2026-07-10T13:08:00.951+0000] {processor.py:841} WARNING - No viable dags retrieved from /opt/airflow/dags/predict_daily.py
[2026-07-10T13:08:01.101+0000] {processor.py:179} INFO - Processing /opt/airflow/dags/predict_daily.py took 15.924 seconds
[2026-07-10T13:08:31.946+0000] {processor.py:157} INFO - Started process (PID=38427) to work on /opt/airflow/dags/predict_daily.py
[2026-07-10T13:08:31.949+0000] {processor.py:829} INFO - Processing file /opt/airflow/dags/predict_daily.py for tasks to queue
[2026-07-10T13:08:31.957+0000] {logging_mixin.py:151} INFO - [2026-07-10T13:08:31.956+0000] {dagbag.py:539} INFO - Filling up the DagBag from /opt/airflow/dags/predict_daily.py
[2026-07-10T13:08:38.474+0000] {processor.py:841} WARNING - No viable dags retrieved from /opt/airflow/dags/predict_daily.py
[2026-07-10T13:08:38.491+0000] {processor.py:179} INFO - Processing /opt/airflow/dags/predict_daily.py took 6.554 seconds
[2026-07-10T13:09:08.894+0000] {processor.py:157} INFO - Started process (PID=38465) to work on /opt/airflow/dags/predict_daily.py
[2026-07-10T13:09:08.896+0000] {processor.py:829} INFO - Processing file /opt/airflow/dags/predict_daily.py for tasks to queue
[2026-07-10T13:09:08.898+0000] {logging_mixin.py:151} INFO - [2026-07-10T13:09:08.897+0000] {dagbag.py:539} INFO - Filling up the DagBag from /opt/airflow/dags/predict_daily.py
[2026-07-10T13:09:14.996+0000] {processor.py:841} WARNING - No viable dags retrieved from /opt/airflow/dags/predict_daily.py
[2026-07-10T13:09:15.052+0000] {processor.py:179} INFO - Processing /opt/airflow/dags/predict_daily.py took 6.163 seconds
[2026-07-10T13:09:45.327+0000] {processor.py:157} INFO - Started process (PID=38498) to work on /opt/airflow/dags/predict_daily.py
[2026-07-10T13:09:45.329+0000] {processor.py:829} INFO - Processing file /opt/airflow/dags/predict_daily.py for tasks to queue
[2026-07-10T13:09:45.332+0000] {logging_mixin.py:151} INFO - [2026-07-10T13:09:45.331+0000] {dagbag.py:539} INFO - Filling up the DagBag from /opt/airflow/dags/predict_daily.py
[2026-07-10T13:09:51.258+0000] {processor.py:841} WARNING - No viable dags retrieved from /opt/airflow/dags/predict_daily.py
[2026-07-10T13:09:51.292+0000] {processor.py:179} INFO - Processing /opt/airflow/dags/predict_daily.py took 5.973 seconds
[2026-07-10T13:10:22.139+0000] {processor.py:157} INFO - Started process (PID=38538) to work on /opt/airflow/dags/predict_daily.py
[2026-07-10T13:10:22.143+0000] {processor.py:829} INFO - Processing file /opt/airflow/dags/predict_daily.py for tasks to queue
[2026-07-10T13:10:22.146+0000] {logging_mixin.py:151} INFO - [2026-07-10T13:10:22.145+0000] {dagbag.py:539} INFO - Filling up the DagBag from /opt/airflow/dags/predict_daily.py
[2026-07-10T13:10:28.179+0000] {processor.py:841} WARNING - No viable dags retrieved from /opt/airflow/dags/predict_daily.py
[2026-07-10T13:10:28.207+0000] {processor.py:179} INFO - Processing /opt/airflow/dags/predict_daily.py took 6.074 seconds
[2026-07-10T13:10:59.077+0000] {processor.py:157} INFO - Started process (PID=38570) to work on /opt/airflow/dags/predict_daily.py
[2026-07-10T13:10:59.081+0000] {processor.py:829} INFO - Processing file /opt/airflow/dags/predict_daily.py for tasks to queue
[2026-07-10T13:10:59.086+0000] {logging_mixin.py:151} INFO - [2026-07-10T13:10:59.085+0000] {dagbag.py:539} INFO - Filling up the DagBag from /opt/airflow/dags/predict_daily.py
[2026-07-10T13:11:04.632+0000] {processor.py:841} WARNING - No viable dags retrieved from /opt/airflow/dags/predict_daily.py
[2026-07-10T13:11:04.663+0000] {processor.py:179} INFO - Processing /opt/airflow/dags/predict_daily.py took 5.594 seconds
[2026-07-10T13:11:35.259+0000] {processor.py:157} INFO - Started process (PID=38603) to work on /opt/airflow/dags/predict_daily.py
[2026-07-10T13:11:35.261+0000] {processor.py:829} INFO - Processing file /opt/airflow/dags/predict_daily.py for tasks to queue
[2026-07-10T13:11:35.262+0000] {logging_mixin.py:151} INFO - [2026-07-10T13:11:35.262+0000] {dagbag.py:539} INFO - Filling up the DagBag from /opt/airflow/dags/predict_daily.py
[2026-07-10T13:11:39.964+0000] {processor.py:841} WARNING - No viable dags retrieved from /opt/airflow/dags/predict_daily.py
[2026-07-10T13:11:40.016+0000] {processor.py:179} INFO - Processing /opt/airflow/dags/predict_daily.py took 4.763 seconds
[2026-07-10T13:12:10.723+0000] {processor.py:157} INFO - Started process (PID=38641) to work on /opt/airflow/dags/predict_daily.py
[2026-07-10T13:12:10.725+0000] {processor.py:829} INFO - Processing file /opt/airflow/dags/predict_daily.py for tasks to queue
[2026-07-10T13:12:10.726+0000] {logging_mixin.py:151} INFO - [2026-07-10T13:12:10.726+0000] {dagbag.py:539} INFO - Filling up the DagBag from /opt/airflow/dags/predict_daily.py
[2026-07-10T13:12:14.514+0000] {processor.py:841} WARNING - No viable dags retrieved from /opt/airflow/dags/predict_daily.py
[2026-07-10T13:12:14.531+0000] {processor.py:179} INFO - Processing /opt/airflow/dags/predict_daily.py took 3.812 seconds
[2026-07-10T13:12:45.262+0000] {processor.py:157} INFO - Started process (PID=38674) to work on /opt/airflow/dags/predict_daily.py
[2026-07-10T13:12:45.264+0000] {processor.py:829} INFO - Processing file /opt/airflow/dags/predict_daily.py for tasks to queue
[2026-07-10T13:12:45.267+0000] {logging_mixin.py:151} INFO - [2026-07-10T13:12:45.266+0000] {dagbag.py:539} INFO - Filling up the DagBag from /opt/airflow/dags/predict_daily.py
[2026-07-10T13:12:53.861+0000] {processor.py:841} WARNING - No viable dags retrieved from /opt/airflow/dags/predict_daily.py
[2026-07-10T13:12:54.018+0000] {processor.py:179} INFO - Processing /opt/airflow/dags/predict_daily.py took 8.775 seconds
[2026-07-10T13:13:24.765+0000] {processor.py:157} INFO - Started process (PID=38714) to work on /opt/airflow/dags/predict_daily.py
[2026-07-10T13:13:24.768+0000] {processor.py:829} INFO - Processing file /opt/airflow/dags/predict_daily.py for tasks to queue
[2026-07-10T13:13:24.771+0000] {logging_mixin.py:151} INFO - [2026-07-10T13:13:24.770+0000] {dagbag.py:539} INFO - Filling up the DagBag from /opt/airflow/dags/predict_daily.py
[2026-07-10T13:13:30.584+0000] {processor.py:841} WARNING - No viable dags retrieved from /opt/airflow/dags/predict_daily.py
[2026-07-10T13:13:30.641+0000] {processor.py:179} INFO - Processing /opt/airflow/dags/predict_daily.py took 5.883 seconds
[2026-07-10T13:14:01.361+0000] {processor.py:157} INFO - Started process (PID=38747) to work on /opt/airflow/dags/predict_daily.py
[2026-07-10T13:14:01.365+0000] {processor.py:829} INFO - Processing file /opt/airflow/dags/predict_daily.py for tasks to queue
[2026-07-10T13:14:01.367+0000] {logging_mixin.py:151} INFO - [2026-07-10T13:14:01.366+0000] {dagbag.py:539} INFO - Filling up the DagBag from /opt/airflow/dags/predict_daily.py
[2026-07-10T13:14:06.656+0000] {processor.py:841} WARNING - No viable dags retrieved from /opt/airflow/dags/predict_daily.py
[2026-07-10T13:14:06.690+0000] {processor.py:179} INFO - Processing /opt/airflow/dags/predict_daily.py took 5.339 seconds
[2026-07-10T13:14:36.923+0000] {processor.py:157} INFO - Started process (PID=38780) to work on /opt/airflow/dags/predict_daily.py
[2026-07-10T13:14:36.924+0000] {processor.py:829} INFO - Processing file /opt/airflow/dags/predict_daily.py for tasks to queue
[2026-07-10T13:14:36.927+0000] {logging_mixin.py:151} INFO - [2026-07-10T13:14:36.926+0000] {dagbag.py:539} INFO - Filling up the DagBag from /opt/airflow/dags/predict_daily.py
[2026-07-10T13:14:43.096+0000] {processor.py:841} WARNING - No viable dags retrieved from /opt/airflow/dags/predict_daily.py
[2026-07-10T13:14:43.138+0000] {processor.py:179} INFO - Processing /opt/airflow/dags/predict_daily.py took 6.221 seconds
[2026-07-10T13:15:13.787+0000] {processor.py:157} INFO - Started process (PID=38813) to work on /opt/airflow/dags/predict_daily.py
[2026-07-10T13:15:13.789+0000] {processor.py:829} INFO - Processing file /opt/airflow/dags/predict_daily.py for tasks to queue
[2026-07-10T13:15:13.791+0000] {logging_mixin.py:151} INFO - [2026-07-10T13:15:13.790+0000] {dagbag.py:539} INFO - Filling up the DagBag from /opt/airflow/dags/predict_daily.py
[2026-07-10T13:15:19.392+0000] {processor.py:841} WARNING - No viable dags retrieved from /opt/airflow/dags/predict_daily.py
[2026-07-10T13:15:19.407+0000] {processor.py:179} INFO - Processing /opt/airflow/dags/predict_daily.py took 5.630 seconds
[2026-07-10T13:15:50.194+0000] {processor.py:157} INFO - Started process (PID=38858) to work on /opt/airflow/dags/predict_daily.py
[2026-07-10T13:15:50.197+0000] {processor.py:829} INFO - Processing file /opt/airflow/dags/predict_daily.py for tasks to queue
[2026-07-10T13:15:50.202+0000] {logging_mixin.py:151} INFO - [2026-07-10T13:15:50.201+0000] {dagbag.py:539} INFO - Filling up the DagBag from /opt/airflow/dags/predict_daily.py
[2026-07-10T13:15:56.249+0000] {processor.py:841} WARNING - No viable dags retrieved from /opt/airflow/dags/predict_daily.py
[2026-07-10T13:15:56.284+0000] {processor.py:179} INFO - Processing /opt/airflow/dags/predict_daily.py took 6.105 seconds
[2026-07-10T13:16:26.663+0000] {processor.py:157} INFO - Started process (PID=38890) to work on /opt/airflow/dags/predict_daily.py
[2026-07-10T13:16:26.666+0000] {processor.py:829} INFO - Processing file /opt/airflow/dags/predict_daily.py for tasks to queue
[2026-07-10T13:16:26.667+0000] {logging_mixin.py:151} INFO - [2026-07-10T13:16:26.667+0000] {dagbag.py:539} INFO - Filling up the DagBag from /opt/airflow/dags/predict_daily.py
[2026-07-10T13:16:31.801+0000] {processor.py:841} WARNING - No viable dags retrieved from /opt/airflow/dags/predict_daily.py
[2026-07-10T13:16:31.839+0000] {processor.py:179} INFO - Processing /opt/airflow/dags/predict_daily.py took 5.190 seconds
[2026-07-10T13:17:02.847+0000] {processor.py:157} INFO - Started process (PID=38923) to work on /opt/airflow/dags/predict_daily.py
[2026-07-10T13:17:02.849+0000] {processor.py:829} INFO - Processing file /opt/airflow/dags/predict_daily.py for tasks to queue
[2026-07-10T13:17:02.852+0000] {logging_mixin.py:151} INFO - [2026-07-10T13:17:02.851+0000] {dagbag.py:539} INFO - Filling up the DagBag from /opt/airflow/dags/predict_daily.py
[2026-07-10T13:17:10.363+0000] {processor.py:841} WARNING - No viable dags retrieved from /opt/airflow/dags/predict_daily.py
[2026-07-10T13:17:10.468+0000] {processor.py:179} INFO - Processing /opt/airflow/dags/predict_daily.py took 7.628 seconds
[2026-07-10T13:17:41.188+0000] {processor.py:157} INFO - Started process (PID=38956) to work on /opt/airflow/dags/predict_daily.py
[2026-07-10T13:17:41.191+0000] {processor.py:829} INFO - Processing file /opt/airflow/dags/predict_daily.py for tasks to queue
[2026-07-10T13:17:41.195+0000] {logging_mixin.py:151} INFO - [2026-07-10T13:17:41.193+0000] {dagbag.py:539} INFO - Filling up the DagBag from /opt/airflow/dags/predict_daily.py
[2026-07-10T13:17:46.765+0000] {processor.py:841} WARNING - No viable dags retrieved from /opt/airflow/dags/predict_daily.py
[2026-07-10T13:17:46.801+0000] {processor.py:179} INFO - Processing /opt/airflow/dags/predict_daily.py took 5.558 seconds
[2026-07-10T13:18:17.463+0000] {processor.py:157} INFO - Started process (PID=38989) to work on /opt/airflow/dags/predict_daily.py
[2026-07-10T13:18:17.465+0000] {processor.py:829} INFO - Processing file /opt/airflow/dags/predict_daily.py for tasks to queue
[2026-07-10T13:18:17.467+0000] {logging_mixin.py:151} INFO - [2026-07-10T13:18:17.466+0000] {dagbag.py:539} INFO - Filling up the DagBag from /opt/airflow/dags/predict_daily.py
[2026-07-10T13:18:22.696+0000] {processor.py:841} WARNING - No viable dags retrieved from /opt/airflow/dags/predict_daily.py
[2026-07-10T13:18:22.734+0000] {processor.py:179} INFO - Processing /opt/airflow/dags/predict_daily.py took 5.276 seconds
[2026-07-10T13:18:53.736+0000] {processor.py:157} INFO - Started process (PID=39034) to work on /opt/airflow/dags/predict_daily.py
[2026-07-10T13:18:53.738+0000] {processor.py:829} INFO - Processing file /opt/airflow/dags/predict_daily.py for tasks to queue
[2026-07-10T13:18:53.740+0000] {logging_mixin.py:151} INFO - [2026-07-10T13:18:53.739+0000] {dagbag.py:539} INFO - Filling up the DagBag from /opt/airflow/dags/predict_daily.py
[2026-07-10T13:18:59.011+0000] {processor.py:841} WARNING - No viable dags retrieved from /opt/airflow/dags/predict_daily.py
[2026-07-10T13:18:59.043+0000] {processor.py:179} INFO - Processing /opt/airflow/dags/predict_daily.py took 5.314 seconds
[2026-07-10T13:19:29.483+0000] {processor.py:157} INFO - Started process (PID=39067) to work on /opt/airflow/dags/predict_daily.py
[2026-07-10T13:19:29.486+0000] {processor.py:829} INFO - Processing file /opt/airflow/dags/predict_daily.py for tasks to queue
[2026-07-10T13:19:29.489+0000] {logging_mixin.py:151} INFO - [2026-07-10T13:19:29.488+0000] {dagbag.py:539} INFO - Filling up the DagBag from /opt/airflow/dags/predict_daily.py
[2026-07-10T13:19:34.451+0000] {processor.py:841} WARNING - No viable dags retrieved from /opt/airflow/dags/predict_daily.py
[2026-07-10T13:19:34.495+0000] {processor.py:179} INFO - Processing /opt/airflow/dags/predict_daily.py took 5.020 seconds
[2026-07-10T13:20:05.252+0000] {processor.py:157} INFO - Started process (PID=39100) to work on /opt/airflow/dags/predict_daily.py
[2026-07-10T13:20:05.256+0000] {processor.py:829} INFO - Processing file /opt/airflow/dags/predict_daily.py for tasks to queue
[2026-07-10T13:20:05.259+0000] {logging_mixin.py:151} INFO - [2026-07-10T13:20:05.258+0000] {dagbag.py:539} INFO - Filling up the DagBag from /opt/airflow/dags/predict_daily.py
[2026-07-10T13:20:10.356+0000] {processor.py:841} WARNING - No viable dags retrieved from /opt/airflow/dags/predict_daily.py
[2026-07-10T13:20:10.388+0000] {processor.py:179} INFO - Processing /opt/airflow/dags/predict_daily.py took 5.145 seconds
[2026-07-10T13:20:41.111+0000] {processor.py:157} INFO - Started process (PID=39134) to work on /opt/airflow/dags/predict_daily.py
[2026-07-10T13:20:41.114+0000] {processor.py:829} INFO - Processing file /opt/airflow/dags/predict_daily.py for tasks to queue
[2026-07-10T13:20:41.117+0000] {logging_mixin.py:151} INFO - [2026-07-10T13:20:41.117+0000] {dagbag.py:539} INFO - Filling up the DagBag from /opt/airflow/dags/predict_daily.py
[2026-07-10T13:20:46.369+0000] {processor.py:841} WARNING - No viable dags retrieved from /opt/airflow/dags/predict_daily.py
[2026-07-10T13:20:46.401+0000] {processor.py:179} INFO - Processing /opt/airflow/dags/predict_daily.py took 5.298 seconds
[2026-07-10T13:21:16.929+0000] {processor.py:157} INFO - Started process (PID=39167) to work on /opt/airflow/dags/predict_daily.py
[2026-07-10T13:21:16.931+0000] {processor.py:829} INFO - Processing file /opt/airflow/dags/predict_daily.py for tasks to queue
[2026-07-10T13:21:16.933+0000] {logging_mixin.py:151} INFO - [2026-07-10T13:21:16.933+0000] {dagbag.py:539} INFO - Filling up the DagBag from /opt/airflow/dags/predict_daily.py
[2026-07-10T13:21:24.783+0000] {processor.py:841} WARNING - No viable dags retrieved from /opt/airflow/dags/predict_daily.py
[2026-07-10T13:21:24.870+0000] {processor.py:179} INFO - Processing /opt/airflow/dags/predict_daily.py took 7.947 seconds
[2026-07-10T13:21:55.082+0000] {processor.py:157} INFO - Started process (PID=39209) to work on /opt/airflow/dags/predict_daily.py
[2026-07-10T13:21:55.085+0000] {processor.py:829} INFO - Processing file /opt/airflow/dags/predict_daily.py for tasks to queue
[2026-07-10T13:21:55.087+0000] {logging_mixin.py:151} INFO - [2026-07-10T13:21:55.086+0000] {dagbag.py:539} INFO - Filling up the DagBag from /opt/airflow/dags/predict_daily.py
[2026-07-10T13:22:00.852+0000] {processor.py:841} WARNING - No viable dags retrieved from /opt/airflow/dags/predict_daily.py
[2026-07-10T13:22:00.873+0000] {processor.py:179} INFO - Processing /opt/airflow/dags/predict_daily.py took 5.798 seconds
[2026-07-10T13:22:31.437+0000] {processor.py:157} INFO - Started process (PID=39247) to work on /opt/airflow/dags/predict_daily.py
[2026-07-10T13:22:31.439+0000] {processor.py:829} INFO - Processing file /opt/airflow/dags/predict_daily.py for tasks to queue
[2026-07-10T13:22:31.441+0000] {logging_mixin.py:151} INFO - [2026-07-10T13:22:31.440+0000] {dagbag.py:539} INFO - Filling up the DagBag from /opt/airflow/dags/predict_daily.py
[2026-07-10T13:22:36.744+0000] {processor.py:841} WARNING - No viable dags retrieved from /opt/airflow/dags/predict_daily.py
[2026-07-10T13:22:36.768+0000] {processor.py:179} INFO - Processing /opt/airflow/dags/predict_daily.py took 5.339 seconds
[2026-07-10T13:23:07.258+0000] {processor.py:157} INFO - Started process (PID=39280) to work on /opt/airflow/dags/predict_daily.py
[2026-07-10T13:23:07.259+0000] {processor.py:829} INFO - Processing file /opt/airflow/dags/predict_daily.py for tasks to queue
[2026-07-10T13:23:07.260+0000] {logging_mixin.py:151} INFO - [2026-07-10T13:23:07.260+0000] {dagbag.py:539} INFO - Filling up the DagBag from /opt/airflow/dags/predict_daily.py
[2026-07-10T13:23:12.521+0000] {processor.py:841} WARNING - No viable dags retrieved from /opt/airflow/dags/predict_daily.py
[2026-07-10T13:23:12.543+0000] {processor.py:179} INFO - Processing /opt/airflow/dags/predict_daily.py took 5.291 seconds
[2026-07-10T13:23:42.856+0000] {processor.py:157} INFO - Started process (PID=39313) to work on /opt/airflow/dags/predict_daily.py
[2026-07-10T13:23:42.858+0000] {processor.py:829} INFO - Processing file /opt/airflow/dags/predict_daily.py for tasks to queue
[2026-07-10T13:23:42.861+0000] {logging_mixin.py:151} INFO - [2026-07-10T13:23:42.860+0000] {dagbag.py:539} INFO - Filling up the DagBag from /opt/airflow/dags/predict_daily.py
[2026-07-10T13:23:48.317+0000] {processor.py:841} WARNING - No viable dags retrieved from /opt/airflow/dags/predict_daily.py
[2026-07-10T13:23:48.347+0000] {processor.py:179} INFO - Processing /opt/airflow/dags/predict_daily.py took 5.501 seconds
[2026-07-10T13:24:18.629+0000] {processor.py:157} INFO - Started process (PID=39347) to work on /opt/airflow/dags/predict_daily.py
[2026-07-10T13:24:18.635+0000] {processor.py:829} INFO - Processing file /opt/airflow/dags/predict_daily.py for tasks to queue
[2026-07-10T13:24:18.637+0000] {logging_mixin.py:151} INFO - [2026-07-10T13:24:18.636+0000] {dagbag.py:539} INFO - Filling up the DagBag from /opt/airflow/dags/predict_daily.py
[2026-07-10T13:24:23.812+0000] {processor.py:841} WARNING - No viable dags retrieved from /opt/airflow/dags/predict_daily.py
[2026-07-10T13:24:23.840+0000] {processor.py:179} INFO - Processing /opt/airflow/dags/predict_daily.py took 5.221 seconds
[2026-07-10T13:24:54.562+0000] {processor.py:157} INFO - Started process (PID=39387) to work on /opt/airflow/dags/predict_daily.py
[2026-07-10T13:24:54.570+0000] {processor.py:829} INFO - Processing file /opt/airflow/dags/predict_daily.py for tasks to queue
[2026-07-10T13:24:54.575+0000] {logging_mixin.py:151} INFO - [2026-07-10T13:24:54.574+0000] {dagbag.py:539} INFO - Filling up the DagBag from /opt/airflow/dags/predict_daily.py
[2026-07-10T13:24:58.841+0000] {processor.py:841} WARNING - No viable dags retrieved from /opt/airflow/dags/predict_daily.py
[2026-07-10T13:24:58.855+0000] {processor.py:179} INFO - Processing /opt/airflow/dags/predict_daily.py took 4.303 seconds
[2026-07-10T13:25:29.402+0000] {processor.py:157} INFO - Started process (PID=39420) to work on /opt/airflow/dags/predict_daily.py
[2026-07-10T13:25:29.403+0000] {processor.py:829} INFO - Processing file /opt/airflow/dags/predict_daily.py for tasks to queue
[2026-07-10T13:25:29.404+0000] {logging_mixin.py:151} INFO - [2026-07-10T13:25:29.404+0000] {dagbag.py:539} INFO - Filling up the DagBag from /opt/airflow/dags/predict_daily.py
[2026-07-10T13:25:36.624+0000] {processor.py:841} WARNING - No viable dags retrieved from /opt/airflow/dags/predict_daily.py
[2026-07-10T13:25:36.700+0000] {processor.py:179} INFO - Processing /opt/airflow/dags/predict_daily.py took 7.303 seconds
[2026-07-10T13:26:06.963+0000] {processor.py:157} INFO - Started process (PID=39453) to work on /opt/airflow/dags/predict_daily.py
[2026-07-10T13:26:06.966+0000] {processor.py:829} INFO - Processing file /opt/airflow/dags/predict_daily.py for tasks to queue
[2026-07-10T13:26:06.969+0000] {logging_mixin.py:151} INFO - [2026-07-10T13:26:06.968+0000] {dagbag.py:539} INFO - Filling up the DagBag from /opt/airflow/dags/predict_daily.py
[2026-07-10T13:26:11.804+0000] {processor.py:841} WARNING - No viable dags retrieved from /opt/airflow/dags/predict_daily.py
[2026-07-10T13:26:11.831+0000] {processor.py:179} INFO - Processing /opt/airflow/dags/predict_daily.py took 4.875 seconds
[2026-07-10T13:26:42.839+0000] {processor.py:157} INFO - Started process (PID=39491) to work on /opt/airflow/dags/predict_daily.py
[2026-07-10T13:26:42.841+0000] {processor.py:829} INFO - Processing file /opt/airflow/dags/predict_daily.py for tasks to queue
[2026-07-10T13:26:42.845+0000] {logging_mixin.py:151} INFO - [2026-07-10T13:26:42.843+0000] {dagbag.py:539} INFO - Filling up the DagBag from /opt/airflow/dags/predict_daily.py
[2026-07-10T13:26:50.363+0000] {processor.py:841} WARNING - No viable dags retrieved from /opt/airflow/dags/predict_daily.py
[2026-07-10T13:26:50.383+0000] {processor.py:179} INFO - Processing /opt/airflow/dags/predict_daily.py took 7.552 seconds
[2026-07-10T13:27:20.900+0000] {processor.py:157} INFO - Started process (PID=39524) to work on /opt/airflow/dags/predict_daily.py
[2026-07-10T13:27:20.901+0000] {processor.py:829} INFO - Processing file /opt/airflow/dags/predict_daily.py for tasks to queue
[2026-07-10T13:27:20.903+0000] {logging_mixin.py:151} INFO - [2026-07-10T13:27:20.903+0000] {dagbag.py:539} INFO - Filling up the DagBag from /opt/airflow/dags/predict_daily.py
[2026-07-10T13:27:26.596+0000] {processor.py:841} WARNING - No viable dags retrieved from /opt/airflow/dags/predict_daily.py
[2026-07-10T13:27:26.634+0000] {processor.py:179} INFO - Processing /opt/airflow/dags/predict_daily.py took 5.741 seconds
[2026-07-10T13:27:57.757+0000] {processor.py:157} INFO - Started process (PID=39564) to work on /opt/airflow/dags/predict_daily.py
[2026-07-10T13:27:57.761+0000] {processor.py:829} INFO - Processing file /opt/airflow/dags/predict_daily.py for tasks to queue
[2026-07-10T13:27:57.764+0000] {logging_mixin.py:151} INFO - [2026-07-10T13:27:57.763+0000] {dagbag.py:539} INFO - Filling up the DagBag from /opt/airflow/dags/predict_daily.py
[2026-07-10T13:28:02.755+0000] {processor.py:841} WARNING - No viable dags retrieved from /opt/airflow/dags/predict_daily.py
[2026-07-10T13:28:02.777+0000] {processor.py:179} INFO - Processing /opt/airflow/dags/predict_daily.py took 5.029 seconds
[2026-07-10T13:28:33.467+0000] {processor.py:157} INFO - Started process (PID=39597) to work on /opt/airflow/dags/predict_daily.py
[2026-07-10T13:28:33.470+0000] {processor.py:829} INFO - Processing file /opt/airflow/dags/predict_daily.py for tasks to queue
[2026-07-10T13:28:33.474+0000] {logging_mixin.py:151} INFO - [2026-07-10T13:28:33.473+0000] {dagbag.py:539} INFO - Filling up the DagBag from /opt/airflow/dags/predict_daily.py
[2026-07-10T13:28:38.750+0000] {processor.py:841} WARNING - No viable dags retrieved from /opt/airflow/dags/predict_daily.py
[2026-07-10T13:28:38.785+0000] {processor.py:179} INFO - Processing /opt/airflow/dags/predict_daily.py took 5.324 seconds
[2026-07-10T13:29:09.289+0000] {processor.py:157} INFO - Started process (PID=39630) to work on /opt/airflow/dags/predict_daily.py
[2026-07-10T13:29:09.291+0000] {processor.py:829} INFO - Processing file /opt/airflow/dags/predict_daily.py for tasks to queue
[2026-07-10T13:29:09.292+0000] {logging_mixin.py:151} INFO - [2026-07-10T13:29:09.292+0000] {dagbag.py:539} INFO - Filling up the DagBag from /opt/airflow/dags/predict_daily.py
[2026-07-10T13:29:12.422+0000] {processor.py:841} WARNING - No viable dags retrieved from /opt/airflow/dags/predict_daily.py
[2026-07-10T13:29:12.439+0000] {processor.py:179} INFO - Processing /opt/airflow/dags/predict_daily.py took 3.156 seconds
[2026-07-10T13:29:43.159+0000] {processor.py:157} INFO - Started process (PID=39663) to work on /opt/airflow/dags/predict_daily.py
[2026-07-10T13:29:43.179+0000] {processor.py:829} INFO - Processing file /opt/airflow/dags/predict_daily.py for tasks to queue
[2026-07-10T13:29:43.181+0000] {logging_mixin.py:151} INFO - [2026-07-10T13:29:43.180+0000] {dagbag.py:539} INFO - Filling up the DagBag from /opt/airflow/dags/predict_daily.py
[2026-07-10T13:29:51.907+0000] {processor.py:841} WARNING - No viable dags retrieved from /opt/airflow/dags/predict_daily.py
[2026-07-10T13:29:52.079+0000] {processor.py:179} INFO - Processing /opt/airflow/dags/predict_daily.py took 8.942 seconds
[2026-07-10T13:30:22.403+0000] {processor.py:157} INFO - Started process (PID=39701) to work on /opt/airflow/dags/predict_daily.py
[2026-07-10T13:30:22.405+0000] {processor.py:829} INFO - Processing file /opt/airflow/dags/predict_daily.py for tasks to queue
[2026-07-10T13:30:22.408+0000] {logging_mixin.py:151} INFO - [2026-07-10T13:30:22.407+0000] {dagbag.py:539} INFO - Filling up the DagBag from /opt/airflow/dags/predict_daily.py
[2026-07-10T13:30:27.734+0000] {processor.py:841} WARNING - No viable dags retrieved from /opt/airflow/dags/predict_daily.py
[2026-07-10T13:30:27.792+0000] {processor.py:179} INFO - Processing /opt/airflow/dags/predict_daily.py took 5.396 seconds
[2026-07-10T13:30:58.218+0000] {processor.py:157} INFO - Started process (PID=39741) to work on /opt/airflow/dags/predict_daily.py
[2026-07-10T13:30:58.225+0000] {processor.py:829} INFO - Processing file /opt/airflow/dags/predict_daily.py for tasks to queue
[2026-07-10T13:30:58.230+0000] {logging_mixin.py:151} INFO - [2026-07-10T13:30:58.228+0000] {dagbag.py:539} INFO - Filling up the DagBag from /opt/airflow/dags/predict_daily.py
[2026-07-10T13:31:04.005+0000] {processor.py:841} WARNING - No viable dags retrieved from /opt/airflow/dags/predict_daily.py
[2026-07-10T13:31:04.050+0000] {processor.py:179} INFO - Processing /opt/airflow/dags/predict_daily.py took 5.840 seconds
[2026-07-10T13:31:35.025+0000] {processor.py:157} INFO - Started process (PID=39774) to work on /opt/airflow/dags/predict_daily.py
[2026-07-10T13:31:35.029+0000] {processor.py:829} INFO - Processing file /opt/airflow/dags/predict_daily.py for tasks to queue
[2026-07-10T13:31:35.031+0000] {logging_mixin.py:151} INFO - [2026-07-10T13:31:35.030+0000] {dagbag.py:539} INFO - Filling up the DagBag from /opt/airflow/dags/predict_daily.py
[2026-07-10T13:31:39.894+0000] {processor.py:841} WARNING - No viable dags retrieved from /opt/airflow/dags/predict_daily.py
[2026-07-10T13:31:39.932+0000] {processor.py:179} INFO - Processing /opt/airflow/dags/predict_daily.py took 4.913 seconds
[2026-07-10T13:32:10.745+0000] {processor.py:157} INFO - Started process (PID=39807) to work on /opt/airflow/dags/predict_daily.py
[2026-07-10T13:32:10.747+0000] {processor.py:829} INFO - Processing file /opt/airflow/dags/predict_daily.py for tasks to queue
[2026-07-10T13:32:10.750+0000] {logging_mixin.py:151} INFO - [2026-07-10T13:32:10.749+0000] {dagbag.py:539} INFO - Filling up the DagBag from /opt/airflow/dags/predict_daily.py
[2026-07-10T13:32:16.283+0000] {processor.py:841} WARNING - No viable dags retrieved from /opt/airflow/dags/predict_daily.py
[2026-07-10T13:32:16.307+0000] {processor.py:179} INFO - Processing /opt/airflow/dags/predict_daily.py took 5.569 seconds
[2026-07-10T13:32:47.198+0000] {processor.py:157} INFO - Started process (PID=39840) to work on /opt/airflow/dags/predict_daily.py
[2026-07-10T13:32:47.201+0000] {processor.py:829} INFO - Processing file /opt/airflow/dags/predict_daily.py for tasks to queue
[2026-07-10T13:32:47.204+0000] {logging_mixin.py:151} INFO - [2026-07-10T13:32:47.203+0000] {dagbag.py:539} INFO - Filling up the DagBag from /opt/airflow/dags/predict_daily.py
[2026-07-10T13:32:52.278+0000] {processor.py:841} WARNING - No viable dags retrieved from /opt/airflow/dags/predict_daily.py
[2026-07-10T13:32:52.308+0000] {processor.py:179} INFO - Processing /opt/airflow/dags/predict_daily.py took 5.118 seconds
[2026-07-10T13:33:23.111+0000] {processor.py:157} INFO - Started process (PID=39872) to work on /opt/airflow/dags/predict_daily.py
[2026-07-10T13:33:23.112+0000] {processor.py:829} INFO - Processing file /opt/airflow/dags/predict_daily.py for tasks to queue
[2026-07-10T13:33:23.114+0000] {logging_mixin.py:151} INFO - [2026-07-10T13:33:23.113+0000] {dagbag.py:539} INFO - Filling up the DagBag from /opt/airflow/dags/predict_daily.py
[2026-07-10T13:33:26.882+0000] {processor.py:841} WARNING - No viable dags retrieved from /opt/airflow/dags/predict_daily.py
[2026-07-10T13:33:26.900+0000] {processor.py:179} INFO - Processing /opt/airflow/dags/predict_daily.py took 3.793 seconds
[2026-07-10T13:33:57.521+0000] {processor.py:157} INFO - Started process (PID=39916) to work on /opt/airflow/dags/predict_daily.py
[2026-07-10T13:33:57.524+0000] {processor.py:829} INFO - Processing file /opt/airflow/dags/predict_daily.py for tasks to queue
[2026-07-10T13:33:57.525+0000] {logging_mixin.py:151} INFO - [2026-07-10T13:33:57.525+0000] {dagbag.py:539} INFO - Filling up the DagBag from /opt/airflow/dags/predict_daily.py
[2026-07-10T13:34:05.947+0000] {processor.py:841} WARNING - No viable dags retrieved from /opt/airflow/dags/predict_daily.py
[2026-07-10T13:34:06.008+0000] {processor.py:179} INFO - Processing /opt/airflow/dags/predict_daily.py took 8.492 seconds
[2026-07-10T13:34:36.951+0000] {processor.py:157} INFO - Started process (PID=39949) to work on /opt/airflow/dags/predict_daily.py
[2026-07-10T13:34:36.954+0000] {processor.py:829} INFO - Processing file /opt/airflow/dags/predict_daily.py for tasks to queue
[2026-07-10T13:34:36.959+0000] {logging_mixin.py:151} INFO - [2026-07-10T13:34:36.958+0000] {dagbag.py:539} INFO - Filling up the DagBag from /opt/airflow/dags/predict_daily.py
[2026-07-10T13:34:42.565+0000] {processor.py:841} WARNING - No viable dags retrieved from /opt/airflow/dags/predict_daily.py
[2026-07-10T13:34:42.598+0000] {processor.py:179} INFO - Processing /opt/airflow/dags/predict_daily.py took 5.656 seconds
[2026-07-10T13:35:13.305+0000] {processor.py:157} INFO - Started process (PID=39982) to work on /opt/airflow/dags/predict_daily.py
[2026-07-10T13:35:13.306+0000] {processor.py:829} INFO - Processing file /opt/airflow/dags/predict_daily.py for tasks to queue
[2026-07-10T13:35:13.308+0000] {logging_mixin.py:151} INFO - [2026-07-10T13:35:13.307+0000] {dagbag.py:539} INFO - Filling up the DagBag from /opt/airflow/dags/predict_daily.py
[2026-07-10T13:35:19.011+0000] {processor.py:841} WARNING - No viable dags retrieved from /opt/airflow/dags/predict_daily.py
[2026-07-10T13:35:19.025+0000] {processor.py:179} INFO - Processing /opt/airflow/dags/predict_daily.py took 5.730 seconds
[2026-07-10T13:35:49.855+0000] {processor.py:157} INFO - Started process (PID=40015) to work on /opt/airflow/dags/predict_daily.py
[2026-07-10T13:35:49.858+0000] {processor.py:829} INFO - Processing file /opt/airflow/dags/predict_daily.py for tasks to queue
[2026-07-10T13:35:49.860+0000] {logging_mixin.py:151} INFO - [2026-07-10T13:35:49.859+0000] {dagbag.py:539} INFO - Filling up the DagBag from /opt/airflow/dags/predict_daily.py
[2026-07-10T13:35:55.096+0000] {processor.py:841} WARNING - No viable dags retrieved from /opt/airflow/dags/predict_daily.py
[2026-07-10T13:35:55.143+0000] {processor.py:179} INFO - Processing /opt/airflow/dags/predict_daily.py took 5.297 seconds
[2026-07-10T13:36:25.412+0000] {processor.py:157} INFO - Started process (PID=40056) to work on /opt/airflow/dags/predict_daily.py
[2026-07-10T13:36:25.416+0000] {processor.py:829} INFO - Processing file /opt/airflow/dags/predict_daily.py for tasks to queue
[2026-07-10T13:36:25.417+0000] {logging_mixin.py:151} INFO - [2026-07-10T13:36:25.417+0000] {dagbag.py:539} INFO - Filling up the DagBag from /opt/airflow/dags/predict_daily.py
[2026-07-10T13:36:31.208+0000] {processor.py:841} WARNING - No viable dags retrieved from /opt/airflow/dags/predict_daily.py
[2026-07-10T13:36:31.237+0000] {processor.py:179} INFO - Processing /opt/airflow/dags/predict_daily.py took 5.839 seconds
[2026-07-10T13:37:01.958+0000] {processor.py:157} INFO - Started process (PID=40089) to work on /opt/airflow/dags/predict_daily.py
[2026-07-10T13:37:01.960+0000] {processor.py:829} INFO - Processing file /opt/airflow/dags/predict_daily.py for tasks to queue
[2026-07-10T13:37:01.963+0000] {logging_mixin.py:151} INFO - [2026-07-10T13:37:01.962+0000] {dagbag.py:539} INFO - Filling up the DagBag from /opt/airflow/dags/predict_daily.py
[2026-07-10T13:37:07.141+0000] {processor.py:841} WARNING - No viable dags retrieved from /opt/airflow/dags/predict_daily.py
[2026-07-10T13:37:07.168+0000] {processor.py:179} INFO - Processing /opt/airflow/dags/predict_daily.py took 5.219 seconds
[2026-07-10T13:37:37.552+0000] {processor.py:157} INFO - Started process (PID=40127) to work on /opt/airflow/dags/predict_daily.py
[2026-07-10T13:37:37.554+0000] {processor.py:829} INFO - Processing file /opt/airflow/dags/predict_daily.py for tasks to queue
[2026-07-10T13:37:37.555+0000] {logging_mixin.py:151} INFO - [2026-07-10T13:37:37.555+0000] {dagbag.py:539} INFO - Filling up the DagBag from /opt/airflow/dags/predict_daily.py
[2026-07-10T13:37:40.686+0000] {processor.py:841} WARNING - No viable dags retrieved from /opt/airflow/dags/predict_daily.py
[2026-07-10T13:37:40.702+0000] {processor.py:179} INFO - Processing /opt/airflow/dags/predict_daily.py took 3.154 seconds
[2026-07-10T13:38:11.282+0000] {processor.py:157} INFO - Started process (PID=40160) to work on /opt/airflow/dags/predict_daily.py
[2026-07-10T13:38:11.284+0000] {processor.py:829} INFO - Processing file /opt/airflow/dags/predict_daily.py for tasks to queue
[2026-07-10T13:38:11.286+0000] {logging_mixin.py:151} INFO - [2026-07-10T13:38:11.285+0000] {dagbag.py:539} INFO - Filling up the DagBag from /opt/airflow/dags/predict_daily.py
[2026-07-10T13:38:19.141+0000] {processor.py:841} WARNING - No viable dags retrieved from /opt/airflow/dags/predict_daily.py
[2026-07-10T13:38:19.211+0000] {processor.py:179} INFO - Processing /opt/airflow/dags/predict_daily.py took 7.946 seconds
[2026-07-10T13:38:50.154+0000] {processor.py:157} INFO - Started process (PID=40193) to work on /opt/airflow/dags/predict_daily.py
[2026-07-10T13:38:50.165+0000] {processor.py:829} INFO - Processing file /opt/airflow/dags/predict_daily.py for tasks to queue
[2026-07-10T13:38:50.168+0000] {logging_mixin.py:151} INFO - [2026-07-10T13:38:50.167+0000] {dagbag.py:539} INFO - Filling up the DagBag from /opt/airflow/dags/predict_daily.py
[2026-07-10T13:38:55.787+0000] {processor.py:841} WARNING - No viable dags retrieved from /opt/airflow/dags/predict_daily.py
[2026-07-10T13:38:55.823+0000] {processor.py:179} INFO - Processing /opt/airflow/dags/predict_daily.py took 5.676 seconds
[2026-07-10T13:39:26.264+0000] {processor.py:157} INFO - Started process (PID=40233) to work on /opt/airflow/dags/predict_daily.py
[2026-07-10T13:39:26.267+0000] {processor.py:829} INFO - Processing file /opt/airflow/dags/predict_daily.py for tasks to queue
[2026-07-10T13:39:26.270+0000] {logging_mixin.py:151} INFO - [2026-07-10T13:39:26.269+0000] {dagbag.py:539} INFO - Filling up the DagBag from /opt/airflow/dags/predict_daily.py
[2026-07-10T13:39:31.698+0000] {processor.py:841} WARNING - No viable dags retrieved from /opt/airflow/dags/predict_daily.py
[2026-07-10T13:39:31.725+0000] {processor.py:179} INFO - Processing /opt/airflow/dags/predict_daily.py took 5.474 seconds
[2026-07-10T13:40:01.965+0000] {processor.py:157} INFO - Started process (PID=40266) to work on /opt/airflow/dags/predict_daily.py
[2026-07-10T13:40:01.968+0000] {processor.py:829} INFO - Processing file /opt/airflow/dags/predict_daily.py for tasks to queue
[2026-07-10T13:40:01.971+0000] {logging_mixin.py:151} INFO - [2026-07-10T13:40:01.970+0000] {dagbag.py:539} INFO - Filling up the DagBag from /opt/airflow/dags/predict_daily.py
[2026-07-10T13:40:07.407+0000] {processor.py:841} WARNING - No viable dags retrieved from /opt/airflow/dags/predict_daily.py
[2026-07-10T13:40:07.440+0000] {processor.py:179} INFO - Processing /opt/airflow/dags/predict_daily.py took 5.482 seconds
[2026-07-10T13:40:38.132+0000] {processor.py:157} INFO - Started process (PID=40299) to work on /opt/airflow/dags/predict_daily.py
[2026-07-10T13:40:38.136+0000] {processor.py:829} INFO - Processing file /opt/airflow/dags/predict_daily.py for tasks to queue
[2026-07-10T13:40:38.139+0000] {logging_mixin.py:151} INFO - [2026-07-10T13:40:38.138+0000] {dagbag.py:539} INFO - Filling up the DagBag from /opt/airflow/dags/predict_daily.py
[2026-07-10T13:40:43.830+0000] {processor.py:841} WARNING - No viable dags retrieved from /opt/airflow/dags/predict_daily.py
[2026-07-10T13:40:43.866+0000] {processor.py:179} INFO - Processing /opt/airflow/dags/predict_daily.py took 5.754 seconds
[2026-07-10T13:41:14.425+0000] {processor.py:157} INFO - Started process (PID=40337) to work on /opt/airflow/dags/predict_daily.py
[2026-07-10T13:41:14.428+0000] {processor.py:829} INFO - Processing file /opt/airflow/dags/predict_daily.py for tasks to queue
[2026-07-10T13:41:14.430+0000] {logging_mixin.py:151} INFO - [2026-07-10T13:41:14.430+0000] {dagbag.py:539} INFO - Filling up the DagBag from /opt/airflow/dags/predict_daily.py
[2026-07-10T13:41:20.503+0000] {processor.py:841} WARNING - No viable dags retrieved from /opt/airflow/dags/predict_daily.py
[2026-07-10T13:41:20.532+0000] {processor.py:179} INFO - Processing /opt/airflow/dags/predict_daily.py took 6.118 seconds
[2026-07-10T13:41:50.777+0000] {processor.py:157} INFO - Started process (PID=40369) to work on /opt/airflow/dags/predict_daily.py
[2026-07-10T13:41:50.779+0000] {processor.py:829} INFO - Processing file /opt/airflow/dags/predict_daily.py for tasks to queue
[2026-07-10T13:41:50.780+0000] {logging_mixin.py:151} INFO - [2026-07-10T13:41:50.779+0000] {dagbag.py:539} INFO - Filling up the DagBag from /opt/airflow/dags/predict_daily.py
[2026-07-10T13:41:54.062+0000] {processor.py:841} WARNING - No viable dags retrieved from /opt/airflow/dags/predict_daily.py
[2026-07-10T13:41:54.080+0000] {processor.py:179} INFO - Processing /opt/airflow/dags/predict_daily.py took 3.306 seconds
[2026-07-10T13:42:24.453+0000] {processor.py:157} INFO - Started process (PID=40402) to work on /opt/airflow/dags/predict_daily.py
[2026-07-10T13:42:24.455+0000] {processor.py:829} INFO - Processing file /opt/airflow/dags/predict_daily.py for tasks to queue
[2026-07-10T13:42:24.457+0000] {logging_mixin.py:151} INFO - [2026-07-10T13:42:24.456+0000] {dagbag.py:539} INFO - Filling up the DagBag from /opt/airflow/dags/predict_daily.py
[2026-07-10T13:42:33.374+0000] {processor.py:841} WARNING - No viable dags retrieved from /opt/airflow/dags/predict_daily.py
[2026-07-10T13:42:33.434+0000] {processor.py:179} INFO - Processing /opt/airflow/dags/predict_daily.py took 8.988 seconds
[2026-07-10T13:43:04.078+0000] {processor.py:157} INFO - Started process (PID=40442) to work on /opt/airflow/dags/predict_daily.py
[2026-07-10T13:43:04.084+0000] {processor.py:829} INFO - Processing file /opt/airflow/dags/predict_daily.py for tasks to queue
[2026-07-10T13:43:04.089+0000] {logging_mixin.py:151} INFO - [2026-07-10T13:43:04.088+0000] {dagbag.py:539} INFO - Filling up the DagBag from /opt/airflow/dags/predict_daily.py
[2026-07-10T13:43:10.096+0000] {processor.py:841} WARNING - No viable dags retrieved from /opt/airflow/dags/predict_daily.py
[2026-07-10T13:43:10.121+0000] {processor.py:179} INFO - Processing /opt/airflow/dags/predict_daily.py took 6.048 seconds
[2026-07-10T13:43:41.031+0000] {processor.py:157} INFO - Started process (PID=40475) to work on /opt/airflow/dags/predict_daily.py
[2026-07-10T13:43:41.033+0000] {processor.py:829} INFO - Processing file /opt/airflow/dags/predict_daily.py for tasks to queue
[2026-07-10T13:43:41.034+0000] {logging_mixin.py:151} INFO - [2026-07-10T13:43:41.033+0000] {dagbag.py:539} INFO - Filling up the DagBag from /opt/airflow/dags/predict_daily.py
[2026-07-10T13:43:46.036+0000] {processor.py:841} WARNING - No viable dags retrieved from /opt/airflow/dags/predict_daily.py
[2026-07-10T13:43:46.061+0000] {processor.py:179} INFO - Processing /opt/airflow/dags/predict_daily.py took 5.034 seconds
[2026-07-10T13:44:16.824+0000] {processor.py:157} INFO - Started process (PID=40508) to work on /opt/airflow/dags/predict_daily.py
[2026-07-10T13:44:16.825+0000] {processor.py:829} INFO - Processing file /opt/airflow/dags/predict_daily.py for tasks to queue
[2026-07-10T13:44:16.827+0000] {logging_mixin.py:151} INFO - [2026-07-10T13:44:16.826+0000] {dagbag.py:539} INFO - Filling up the DagBag from /opt/airflow/dags/predict_daily.py
[2026-07-10T13:44:22.524+0000] {processor.py:841} WARNING - No viable dags retrieved from /opt/airflow/dags/predict_daily.py
[2026-07-10T13:44:22.554+0000] {processor.py:179} INFO - Processing /opt/airflow/dags/predict_daily.py took 5.735 seconds
[2026-07-10T13:44:53.045+0000] {processor.py:157} INFO - Started process (PID=40546) to work on /opt/airflow/dags/predict_daily.py
[2026-07-10T13:44:53.051+0000] {processor.py:829} INFO - Processing file /opt/airflow/dags/predict_daily.py for tasks to queue
[2026-07-10T13:44:53.054+0000] {logging_mixin.py:151} INFO - [2026-07-10T13:44:53.053+0000] {dagbag.py:539} INFO - Filling up the DagBag from /opt/airflow/dags/predict_daily.py
[2026-07-10T13:45:01.345+0000] {processor.py:841} WARNING - No viable dags retrieved from /opt/airflow/dags/predict_daily.py
[2026-07-10T13:45:01.376+0000] {processor.py:179} INFO - Processing /opt/airflow/dags/predict_daily.py took 8.345 seconds
[2026-07-10T13:45:32.159+0000] {processor.py:157} INFO - Started process (PID=40586) to work on /opt/airflow/dags/predict_daily.py
[2026-07-10T13:45:32.164+0000] {processor.py:829} INFO - Processing file /opt/airflow/dags/predict_daily.py for tasks to queue
[2026-07-10T13:45:32.166+0000] {logging_mixin.py:151} INFO - [2026-07-10T13:45:32.165+0000] {dagbag.py:539} INFO - Filling up the DagBag from /opt/airflow/dags/predict_daily.py
[2026-07-10T13:45:37.875+0000] {processor.py:841} WARNING - No viable dags retrieved from /opt/airflow/dags/predict_daily.py
[2026-07-10T13:45:37.901+0000] {processor.py:179} INFO - Processing /opt/airflow/dags/predict_daily.py took 5.751 seconds
[2026-07-10T13:46:08.727+0000] {processor.py:157} INFO - Started process (PID=40619) to work on /opt/airflow/dags/predict_daily.py
[2026-07-10T13:46:08.728+0000] {processor.py:829} INFO - Processing file /opt/airflow/dags/predict_daily.py for tasks to queue
[2026-07-10T13:46:08.729+0000] {logging_mixin.py:151} INFO - [2026-07-10T13:46:08.729+0000] {dagbag.py:539} INFO - Filling up the DagBag from /opt/airflow/dags/predict_daily.py
[2026-07-10T13:46:12.333+0000] {processor.py:841} WARNING - No viable dags retrieved from /opt/airflow/dags/predict_daily.py
[2026-07-10T13:46:12.347+0000] {processor.py:179} INFO - Processing /opt/airflow/dags/predict_daily.py took 3.625 seconds
[2026-07-10T13:46:43.018+0000] {processor.py:157} INFO - Started process (PID=40652) to work on /opt/airflow/dags/predict_daily.py
[2026-07-10T13:46:43.020+0000] {processor.py:829} INFO - Processing file /opt/airflow/dags/predict_daily.py for tasks to queue
[2026-07-10T13:46:43.021+0000] {logging_mixin.py:151} INFO - [2026-07-10T13:46:43.021+0000] {dagbag.py:539} INFO - Filling up the DagBag from /opt/airflow/dags/predict_daily.py
[2026-07-10T13:46:51.471+0000] {processor.py:841} WARNING - No viable dags retrieved from /opt/airflow/dags/predict_daily.py
[2026-07-10T13:46:51.629+0000] {processor.py:179} INFO - Processing /opt/airflow/dags/predict_daily.py took 8.648 seconds
[2026-07-10T13:47:22.462+0000] {processor.py:157} INFO - Started process (PID=40686) to work on /opt/airflow/dags/predict_daily.py
[2026-07-10T13:47:22.465+0000] {processor.py:829} INFO - Processing file /opt/airflow/dags/predict_daily.py for tasks to queue
[2026-07-10T13:47:22.468+0000] {logging_mixin.py:151} INFO - [2026-07-10T13:47:22.467+0000] {dagbag.py:539} INFO - Filling up the DagBag from /opt/airflow/dags/predict_daily.py
[2026-07-10T13:47:27.754+0000] {processor.py:841} WARNING - No viable dags retrieved from /opt/airflow/dags/predict_daily.py
[2026-07-10T13:47:27.779+0000] {processor.py:179} INFO - Processing /opt/airflow/dags/predict_daily.py took 5.325 seconds
[2026-07-10T13:47:58.187+0000] {processor.py:157} INFO - Started process (PID=40719) to work on /opt/airflow/dags/predict_daily.py
[2026-07-10T13:47:58.190+0000] {processor.py:829} INFO - Processing file /opt/airflow/dags/predict_daily.py for tasks to queue
[2026-07-10T13:47:58.196+0000] {logging_mixin.py:151} INFO - [2026-07-10T13:47:58.195+0000] {dagbag.py:539} INFO - Filling up the DagBag from /opt/airflow/dags/predict_daily.py
[2026-07-10T13:48:04.239+0000] {processor.py:841} WARNING - No viable dags retrieved from /opt/airflow/dags/predict_daily.py
[2026-07-10T13:48:04.280+0000] {processor.py:179} INFO - Processing /opt/airflow/dags/predict_daily.py took 6.101 seconds
[2026-07-10T13:48:35.194+0000] {processor.py:157} INFO - Started process (PID=40764) to work on /opt/airflow/dags/predict_daily.py
[2026-07-10T13:48:35.195+0000] {processor.py:829} INFO - Processing file /opt/airflow/dags/predict_daily.py for tasks to queue
[2026-07-10T13:48:35.196+0000] {logging_mixin.py:151} INFO - [2026-07-10T13:48:35.196+0000] {dagbag.py:539} INFO - Filling up the DagBag from /opt/airflow/dags/predict_daily.py
[2026-07-10T13:48:40.322+0000] {processor.py:841} WARNING - No viable dags retrieved from /opt/airflow/dags/predict_daily.py
[2026-07-10T13:48:40.345+0000] {processor.py:179} INFO - Processing /opt/airflow/dags/predict_daily.py took 5.158 seconds
[2026-07-10T13:49:10.981+0000] {processor.py:157} INFO - Started process (PID=40797) to work on /opt/airflow/dags/predict_daily.py
[2026-07-10T13:49:10.982+0000] {processor.py:829} INFO - Processing file /opt/airflow/dags/predict_daily.py for tasks to queue
[2026-07-10T13:49:10.983+0000] {logging_mixin.py:151} INFO - [2026-07-10T13:49:10.983+0000] {dagbag.py:539} INFO - Filling up the DagBag from /opt/airflow/dags/predict_daily.py
[2026-07-10T13:49:16.282+0000] {processor.py:841} WARNING - No viable dags retrieved from /opt/airflow/dags/predict_daily.py
[2026-07-10T13:49:16.308+0000] {processor.py:179} INFO - Processing /opt/airflow/dags/predict_daily.py took 5.332 seconds
[2026-07-10T13:49:47.033+0000] {processor.py:157} INFO - Started process (PID=40830) to work on /opt/airflow/dags/predict_daily.py
[2026-07-10T13:49:47.035+0000] {processor.py:829} INFO - Processing file /opt/airflow/dags/predict_daily.py for tasks to queue
[2026-07-10T13:49:47.038+0000] {logging_mixin.py:151} INFO - [2026-07-10T13:49:47.037+0000] {dagbag.py:539} INFO - Filling up the DagBag from /opt/airflow/dags/predict_daily.py
[2026-07-10T13:49:53.200+0000] {processor.py:841} WARNING - No viable dags retrieved from /opt/airflow/dags/predict_daily.py
[2026-07-10T13:49:53.220+0000] {processor.py:179} INFO - Processing /opt/airflow/dags/predict_daily.py took 6.196 seconds
[2026-07-10T13:50:23.406+0000] {processor.py:157} INFO - Started process (PID=40863) to work on /opt/airflow/dags/predict_daily.py
[2026-07-10T13:50:23.407+0000] {processor.py:829} INFO - Processing file /opt/airflow/dags/predict_daily.py for tasks to queue
[2026-07-10T13:50:23.409+0000] {logging_mixin.py:151} INFO - [2026-07-10T13:50:23.408+0000] {dagbag.py:539} INFO - Filling up the DagBag from /opt/airflow/dags/predict_daily.py
[2026-07-10T13:50:26.869+0000] {processor.py:841} WARNING - No viable dags retrieved from /opt/airflow/dags/predict_daily.py
[2026-07-10T13:50:26.884+0000] {processor.py:179} INFO - Processing /opt/airflow/dags/predict_daily.py took 3.483 seconds
[2026-07-10T13:50:57.384+0000] {processor.py:157} INFO - Started process (PID=40896) to work on /opt/airflow/dags/predict_daily.py
[2026-07-10T13:50:57.394+0000] {processor.py:829} INFO - Processing file /opt/airflow/dags/predict_daily.py for tasks to queue
[2026-07-10T13:50:57.403+0000] {logging_mixin.py:151} INFO - [2026-07-10T13:50:57.400+0000] {dagbag.py:539} INFO - Filling up the DagBag from /opt/airflow/dags/predict_daily.py
[2026-07-10T13:51:07.924+0000] {processor.py:841} WARNING - No viable dags retrieved from /opt/airflow/dags/predict_daily.py
[2026-07-10T13:51:07.971+0000] {processor.py:179} INFO - Processing /opt/airflow/dags/predict_daily.py took 10.600 seconds
[2026-07-10T13:51:38.328+0000] {processor.py:157} INFO - Started process (PID=40936) to work on /opt/airflow/dags/predict_daily.py
[2026-07-10T13:51:38.331+0000] {processor.py:829} INFO - Processing file /opt/airflow/dags/predict_daily.py for tasks to queue
[2026-07-10T13:51:38.339+0000] {logging_mixin.py:151} INFO - [2026-07-10T13:51:38.337+0000] {dagbag.py:539} INFO - Filling up the DagBag from /opt/airflow/dags/predict_daily.py
[2026-07-10T13:51:44.277+0000] {processor.py:841} WARNING - No viable dags retrieved from /opt/airflow/dags/predict_daily.py
[2026-07-10T13:51:44.322+0000] {processor.py:179} INFO - Processing /opt/airflow/dags/predict_daily.py took 6.002 seconds
[2026-07-10T13:52:14.609+0000] {processor.py:157} INFO - Started process (PID=40974) to work on /opt/airflow/dags/predict_daily.py
[2026-07-10T13:52:14.611+0000] {processor.py:829} INFO - Processing file /opt/airflow/dags/predict_daily.py for tasks to queue
[2026-07-10T13:52:14.613+0000] {logging_mixin.py:151} INFO - [2026-07-10T13:52:14.612+0000] {dagbag.py:539} INFO - Filling up the DagBag from /opt/airflow/dags/predict_daily.py
[2026-07-10T13:52:20.999+0000] {processor.py:841} WARNING - No viable dags retrieved from /opt/airflow/dags/predict_daily.py
[2026-07-10T13:52:21.018+0000] {processor.py:179} INFO - Processing /opt/airflow/dags/predict_daily.py took 6.419 seconds
[2026-07-10T13:52:51.440+0000] {processor.py:157} INFO - Started process (PID=41007) to work on /opt/airflow/dags/predict_daily.py
[2026-07-10T13:52:51.443+0000] {processor.py:829} INFO - Processing file /opt/airflow/dags/predict_daily.py for tasks to queue
[2026-07-10T13:52:51.447+0000] {logging_mixin.py:151} INFO - [2026-07-10T13:52:51.446+0000] {dagbag.py:539} INFO - Filling up the DagBag from /opt/airflow/dags/predict_daily.py
[2026-07-10T13:52:57.558+0000] {processor.py:841} WARNING - No viable dags retrieved from /opt/airflow/dags/predict_daily.py
[2026-07-10T13:52:57.582+0000] {processor.py:179} INFO - Processing /opt/airflow/dags/predict_daily.py took 6.151 seconds
[2026-07-10T13:53:28.369+0000] {processor.py:157} INFO - Started process (PID=41040) to work on /opt/airflow/dags/predict_daily.py
[2026-07-10T13:53:28.377+0000] {processor.py:829} INFO - Processing file /opt/airflow/dags/predict_daily.py for tasks to queue
[2026-07-10T13:53:28.380+0000] {logging_mixin.py:151} INFO - [2026-07-10T13:53:28.379+0000] {dagbag.py:539} INFO - Filling up the DagBag from /opt/airflow/dags/predict_daily.py
[2026-07-10T13:53:34.615+0000] {processor.py:841} WARNING - No viable dags retrieved from /opt/airflow/dags/predict_daily.py
[2026-07-10T13:53:34.644+0000] {processor.py:179} INFO - Processing /opt/airflow/dags/predict_daily.py took 6.282 seconds
[2026-07-10T13:54:05.691+0000] {processor.py:157} INFO - Started process (PID=41080) to work on /opt/airflow/dags/predict_daily.py
[2026-07-10T13:54:05.693+0000] {processor.py:829} INFO - Processing file /opt/airflow/dags/predict_daily.py for tasks to queue
[2026-07-10T13:54:05.696+0000] {logging_mixin.py:151} INFO - [2026-07-10T13:54:05.695+0000] {dagbag.py:539} INFO - Filling up the DagBag from /opt/airflow/dags/predict_daily.py
[2026-07-10T13:54:11.388+0000] {processor.py:841} WARNING - No viable dags retrieved from /opt/airflow/dags/predict_daily.py
[2026-07-10T13:54:11.414+0000] {processor.py:179} INFO - Processing /opt/airflow/dags/predict_daily.py took 5.732 seconds
[2026-07-10T13:54:41.868+0000] {processor.py:157} INFO - Started process (PID=41113) to work on /opt/airflow/dags/predict_daily.py
[2026-07-10T13:54:41.869+0000] {processor.py:829} INFO - Processing file /opt/airflow/dags/predict_daily.py for tasks to queue
[2026-07-10T13:54:41.871+0000] {logging_mixin.py:151} INFO - [2026-07-10T13:54:41.871+0000] {dagbag.py:539} INFO - Filling up the DagBag from /opt/airflow/dags/predict_daily.py
[2026-07-10T13:54:47.535+0000] {processor.py:841} WARNING - No viable dags retrieved from /opt/airflow/dags/predict_daily.py
[2026-07-10T13:54:47.552+0000] {processor.py:179} INFO - Processing /opt/airflow/dags/predict_daily.py took 5.692 seconds
[2026-07-10T13:55:18.112+0000] {processor.py:157} INFO - Started process (PID=41149) to work on /opt/airflow/dags/predict_daily.py
[2026-07-10T13:55:18.114+0000] {processor.py:829} INFO - Processing file /opt/airflow/dags/predict_daily.py for tasks to queue
[2026-07-10T13:55:18.116+0000] {logging_mixin.py:151} INFO - [2026-07-10T13:55:18.115+0000] {dagbag.py:539} INFO - Filling up the DagBag from /opt/airflow/dags/predict_daily.py
[2026-07-10T13:55:26.154+0000] {processor.py:841} WARNING - No viable dags retrieved from /opt/airflow/dags/predict_daily.py
[2026-07-10T13:55:26.601+0000] {processor.py:179} INFO - Processing /opt/airflow/dags/predict_daily.py took 8.494 seconds
[2026-07-10T13:55:57.423+0000] {processor.py:157} INFO - Started process (PID=41179) to work on /opt/airflow/dags/predict_daily.py
[2026-07-10T13:55:57.426+0000] {processor.py:829} INFO - Processing file /opt/airflow/dags/predict_daily.py for tasks to queue
[2026-07-10T13:55:57.428+0000] {logging_mixin.py:151} INFO - [2026-07-10T13:55:57.428+0000] {dagbag.py:539} INFO - Filling up the DagBag from /opt/airflow/dags/predict_daily.py
[2026-07-10T13:56:03.230+0000] {processor.py:841} WARNING - No viable dags retrieved from /opt/airflow/dags/predict_daily.py
[2026-07-10T13:56:03.274+0000] {processor.py:179} INFO - Processing /opt/airflow/dags/predict_daily.py took 5.866 seconds
[2026-07-10T13:56:34.109+0000] {processor.py:157} INFO - Started process (PID=41224) to work on /opt/airflow/dags/predict_daily.py
[2026-07-10T13:56:34.114+0000] {processor.py:829} INFO - Processing file /opt/airflow/dags/predict_daily.py for tasks to queue
[2026-07-10T13:56:34.120+0000] {logging_mixin.py:151} INFO - [2026-07-10T13:56:34.118+0000] {dagbag.py:539} INFO - Filling up the DagBag from /opt/airflow/dags/predict_daily.py
[2026-07-10T13:56:39.268+0000] {processor.py:841} WARNING - No viable dags retrieved from /opt/airflow/dags/predict_daily.py
[2026-07-10T13:56:39.299+0000] {processor.py:179} INFO - Processing /opt/airflow/dags/predict_daily.py took 5.199 seconds
[2026-07-10T13:57:09.712+0000] {processor.py:157} INFO - Started process (PID=41257) to work on /opt/airflow/dags/predict_daily.py
[2026-07-10T13:57:09.718+0000] {processor.py:829} INFO - Processing file /opt/airflow/dags/predict_daily.py for tasks to queue
[2026-07-10T13:57:09.720+0000] {logging_mixin.py:151} INFO - [2026-07-10T13:57:09.719+0000] {dagbag.py:539} INFO - Filling up the DagBag from /opt/airflow/dags/predict_daily.py
[2026-07-10T13:57:14.855+0000] {processor.py:841} WARNING - No viable dags retrieved from /opt/airflow/dags/predict_daily.py
[2026-07-10T13:57:14.889+0000] {processor.py:179} INFO - Processing /opt/airflow/dags/predict_daily.py took 5.184 seconds
[2026-07-10T13:57:45.386+0000] {processor.py:157} INFO - Started process (PID=41290) to work on /opt/airflow/dags/predict_daily.py
[2026-07-10T13:57:45.390+0000] {processor.py:829} INFO - Processing file /opt/airflow/dags/predict_daily.py for tasks to queue
[2026-07-10T13:57:45.392+0000] {logging_mixin.py:151} INFO - [2026-07-10T13:57:45.391+0000] {dagbag.py:539} INFO - Filling up the DagBag from /opt/airflow/dags/predict_daily.py
[2026-07-10T13:57:50.552+0000] {processor.py:841} WARNING - No viable dags retrieved from /opt/airflow/dags/predict_daily.py
[2026-07-10T13:57:50.584+0000] {processor.py:179} INFO - Processing /opt/airflow/dags/predict_daily.py took 5.209 seconds
[2026-07-10T13:58:21.267+0000] {processor.py:157} INFO - Started process (PID=41323) to work on /opt/airflow/dags/predict_daily.py
[2026-07-10T13:58:21.270+0000] {processor.py:829} INFO - Processing file /opt/airflow/dags/predict_daily.py for tasks to queue
[2026-07-10T13:58:21.272+0000] {logging_mixin.py:151} INFO - [2026-07-10T13:58:21.272+0000] {dagbag.py:539} INFO - Filling up the DagBag from /opt/airflow/dags/predict_daily.py
[2026-07-10T13:58:26.818+0000] {processor.py:841} WARNING - No viable dags retrieved from /opt/airflow/dags/predict_daily.py
[2026-07-10T13:58:26.847+0000] {processor.py:179} INFO - Processing /opt/airflow/dags/predict_daily.py took 5.588 seconds
[2026-07-10T13:58:57.612+0000] {processor.py:157} INFO - Started process (PID=41356) to work on /opt/airflow/dags/predict_daily.py
[2026-07-10T13:58:57.614+0000] {processor.py:829} INFO - Processing file /opt/airflow/dags/predict_daily.py for tasks to queue
[2026-07-10T13:58:57.616+0000] {logging_mixin.py:151} INFO - [2026-07-10T13:58:57.615+0000] {dagbag.py:539} INFO - Filling up the DagBag from /opt/airflow/dags/predict_daily.py
[2026-07-10T13:59:03.313+0000] {processor.py:841} WARNING - No viable dags retrieved from /opt/airflow/dags/predict_daily.py
[2026-07-10T13:59:03.349+0000] {processor.py:179} INFO - Processing /opt/airflow/dags/predict_daily.py took 5.745 seconds
[2026-07-10T13:59:34.044+0000] {processor.py:157} INFO - Started process (PID=41395) to work on /opt/airflow/dags/predict_daily.py
[2026-07-10T13:59:34.046+0000] {processor.py:829} INFO - Processing file /opt/airflow/dags/predict_daily.py for tasks to queue
[2026-07-10T13:59:34.049+0000] {logging_mixin.py:151} INFO - [2026-07-10T13:59:34.048+0000] {dagbag.py:539} INFO - Filling up the DagBag from /opt/airflow/dags/predict_daily.py
[2026-07-10T13:59:42.598+0000] {processor.py:841} WARNING - No viable dags retrieved from /opt/airflow/dags/predict_daily.py
[2026-07-10T13:59:42.664+0000] {processor.py:179} INFO - Processing /opt/airflow/dags/predict_daily.py took 8.627 seconds
[2026-07-10T14:00:13.443+0000] {processor.py:157} INFO - Started process (PID=41433) to work on /opt/airflow/dags/predict_daily.py
[2026-07-10T14:00:13.446+0000] {processor.py:829} INFO - Processing file /opt/airflow/dags/predict_daily.py for tasks to queue
[2026-07-10T14:00:13.447+0000] {logging_mixin.py:151} INFO - [2026-07-10T14:00:13.447+0000] {dagbag.py:539} INFO - Filling up the DagBag from /opt/airflow/dags/predict_daily.py
[2026-07-10T14:00:19.370+0000] {processor.py:841} WARNING - No viable dags retrieved from /opt/airflow/dags/predict_daily.py
[2026-07-10T14:00:19.399+0000] {processor.py:179} INFO - Processing /opt/airflow/dags/predict_daily.py took 5.964 seconds
[2026-07-10T14:00:49.869+0000] {processor.py:157} INFO - Started process (PID=41466) to work on /opt/airflow/dags/predict_daily.py
[2026-07-10T14:00:49.872+0000] {processor.py:829} INFO - Processing file /opt/airflow/dags/predict_daily.py for tasks to queue
[2026-07-10T14:00:49.874+0000] {logging_mixin.py:151} INFO - [2026-07-10T14:00:49.873+0000] {dagbag.py:539} INFO - Filling up the DagBag from /opt/airflow/dags/predict_daily.py
[2026-07-10T14:00:55.250+0000] {processor.py:841} WARNING - No viable dags retrieved from /opt/airflow/dags/predict_daily.py
[2026-07-10T14:00:55.270+0000] {processor.py:179} INFO - Processing /opt/airflow/dags/predict_daily.py took 5.407 seconds
[2026-07-10T14:01:25.656+0000] {processor.py:157} INFO - Started process (PID=41499) to work on /opt/airflow/dags/predict_daily.py
[2026-07-10T14:01:25.661+0000] {processor.py:829} INFO - Processing file /opt/airflow/dags/predict_daily.py for tasks to queue
[2026-07-10T14:01:25.664+0000] {logging_mixin.py:151} INFO - [2026-07-10T14:01:25.663+0000] {dagbag.py:539} INFO - Filling up the DagBag from /opt/airflow/dags/predict_daily.py
[2026-07-10T14:01:31.345+0000] {processor.py:841} WARNING - No viable dags retrieved from /opt/airflow/dags/predict_daily.py
[2026-07-10T14:01:31.371+0000] {processor.py:179} INFO - Processing /opt/airflow/dags/predict_daily.py took 5.722 seconds
[2026-07-10T14:02:01.789+0000] {processor.py:157} INFO - Started process (PID=41532) to work on /opt/airflow/dags/predict_daily.py
[2026-07-10T14:02:01.791+0000] {processor.py:829} INFO - Processing file /opt/airflow/dags/predict_daily.py for tasks to queue
[2026-07-10T14:02:01.793+0000] {logging_mixin.py:151} INFO - [2026-07-10T14:02:01.792+0000] {dagbag.py:539} INFO - Filling up the DagBag from /opt/airflow/dags/predict_daily.py
[2026-07-10T14:02:06.991+0000] {processor.py:841} WARNING - No viable dags retrieved from /opt/airflow/dags/predict_daily.py
[2026-07-10T14:02:07.020+0000] {processor.py:179} INFO - Processing /opt/airflow/dags/predict_daily.py took 5.238 seconds
[2026-07-10T14:02:37.812+0000] {processor.py:157} INFO - Started process (PID=41573) to work on /opt/airflow/dags/predict_daily.py
[2026-07-10T14:02:37.821+0000] {processor.py:829} INFO - Processing file /opt/airflow/dags/predict_daily.py for tasks to queue
[2026-07-10T14:02:37.824+0000] {logging_mixin.py:151} INFO - [2026-07-10T14:02:37.823+0000] {dagbag.py:539} INFO - Filling up the DagBag from /opt/airflow/dags/predict_daily.py
[2026-07-10T14:02:42.902+0000] {processor.py:841} WARNING - No viable dags retrieved from /opt/airflow/dags/predict_daily.py
[2026-07-10T14:02:42.917+0000] {processor.py:179} INFO - Processing /opt/airflow/dags/predict_daily.py took 5.117 seconds
[2026-07-10T14:03:13.184+0000] {processor.py:157} INFO - Started process (PID=41611) to work on /opt/airflow/dags/predict_daily.py
[2026-07-10T14:03:13.186+0000] {processor.py:829} INFO - Processing file /opt/airflow/dags/predict_daily.py for tasks to queue
[2026-07-10T14:03:13.188+0000] {logging_mixin.py:151} INFO - [2026-07-10T14:03:13.187+0000] {dagbag.py:539} INFO - Filling up the DagBag from /opt/airflow/dags/predict_daily.py
[2026-07-10T14:03:16.167+0000] {processor.py:841} WARNING - No viable dags retrieved from /opt/airflow/dags/predict_daily.py
[2026-07-10T14:03:16.184+0000] {processor.py:179} INFO - Processing /opt/airflow/dags/predict_daily.py took 3.004 seconds
[2026-07-10T14:03:46.747+0000] {processor.py:157} INFO - Started process (PID=41645) to work on /opt/airflow/dags/predict_daily.py
[2026-07-10T14:03:46.753+0000] {processor.py:829} INFO - Processing file /opt/airflow/dags/predict_daily.py for tasks to queue
[2026-07-10T14:03:46.757+0000] {logging_mixin.py:151} INFO - [2026-07-10T14:03:46.756+0000] {dagbag.py:539} INFO - Filling up the DagBag from /opt/airflow/dags/predict_daily.py
[2026-07-10T14:03:53.956+0000] {processor.py:841} WARNING - No viable dags retrieved from /opt/airflow/dags/predict_daily.py
[2026-07-10T14:03:54.019+0000] {processor.py:179} INFO - Processing /opt/airflow/dags/predict_daily.py took 7.286 seconds
[2026-07-10T14:04:24.347+0000] {processor.py:157} INFO - Started process (PID=41678) to work on /opt/airflow/dags/predict_daily.py
[2026-07-10T14:04:24.349+0000] {processor.py:829} INFO - Processing file /opt/airflow/dags/predict_daily.py for tasks to queue
[2026-07-10T14:04:24.350+0000] {logging_mixin.py:151} INFO - [2026-07-10T14:04:24.349+0000] {dagbag.py:539} INFO - Filling up the DagBag from /opt/airflow/dags/predict_daily.py
[2026-07-10T14:04:30.093+0000] {processor.py:841} WARNING - No viable dags retrieved from /opt/airflow/dags/predict_daily.py
[2026-07-10T14:04:30.119+0000] {processor.py:179} INFO - Processing /opt/airflow/dags/predict_daily.py took 5.775 seconds
[2026-07-10T14:05:00.965+0000] {processor.py:157} INFO - Started process (PID=41711) to work on /opt/airflow/dags/predict_daily.py
[2026-07-10T14:05:00.970+0000] {processor.py:829} INFO - Processing file /opt/airflow/dags/predict_daily.py for tasks to queue
[2026-07-10T14:05:00.973+0000] {logging_mixin.py:151} INFO - [2026-07-10T14:05:00.972+0000] {dagbag.py:539} INFO - Filling up the DagBag from /opt/airflow/dags/predict_daily.py
[2026-07-10T14:05:05.817+0000] {processor.py:841} WARNING - No viable dags retrieved from /opt/airflow/dags/predict_daily.py
[2026-07-10T14:05:05.834+0000] {processor.py:179} INFO - Processing /opt/airflow/dags/predict_daily.py took 4.877 seconds
[2026-07-10T14:05:36.044+0000] {processor.py:157} INFO - Started process (PID=41751) to work on /opt/airflow/dags/predict_daily.py
[2026-07-10T14:05:36.046+0000] {processor.py:829} INFO - Processing file /opt/airflow/dags/predict_daily.py for tasks to queue
[2026-07-10T14:05:36.049+0000] {logging_mixin.py:151} INFO - [2026-07-10T14:05:36.048+0000] {dagbag.py:539} INFO - Filling up the DagBag from /opt/airflow/dags/predict_daily.py
[2026-07-10T14:05:41.183+0000] {processor.py:841} WARNING - No viable dags retrieved from /opt/airflow/dags/predict_daily.py
[2026-07-10T14:05:41.209+0000] {processor.py:179} INFO - Processing /opt/airflow/dags/predict_daily.py took 5.173 seconds
[2026-07-10T14:06:12.210+0000] {processor.py:157} INFO - Started process (PID=41785) to work on /opt/airflow/dags/predict_daily.py
[2026-07-10T14:06:12.214+0000] {processor.py:829} INFO - Processing file /opt/airflow/dags/predict_daily.py for tasks to queue
[2026-07-10T14:06:12.219+0000] {logging_mixin.py:151} INFO - [2026-07-10T14:06:12.217+0000] {dagbag.py:539} INFO - Filling up the DagBag from /opt/airflow/dags/predict_daily.py
[2026-07-10T14:06:17.319+0000] {processor.py:841} WARNING - No viable dags retrieved from /opt/airflow/dags/predict_daily.py
[2026-07-10T14:06:17.349+0000] {processor.py:179} INFO - Processing /opt/airflow/dags/predict_daily.py took 5.147 seconds
[2026-07-10T14:06:47.878+0000] {processor.py:157} INFO - Started process (PID=41823) to work on /opt/airflow/dags/predict_daily.py
[2026-07-10T14:06:47.880+0000] {processor.py:829} INFO - Processing file /opt/airflow/dags/predict_daily.py for tasks to queue
[2026-07-10T14:06:47.882+0000] {logging_mixin.py:151} INFO - [2026-07-10T14:06:47.881+0000] {dagbag.py:539} INFO - Filling up the DagBag from /opt/airflow/dags/predict_daily.py
[2026-07-10T14:06:52.742+0000] {processor.py:841} WARNING - No viable dags retrieved from /opt/airflow/dags/predict_daily.py
[2026-07-10T14:06:52.764+0000] {processor.py:179} INFO - Processing /opt/airflow/dags/predict_daily.py took 4.893 seconds
[2026-07-10T14:07:23.136+0000] {processor.py:157} INFO - Started process (PID=41856) to work on /opt/airflow/dags/predict_daily.py
[2026-07-10T14:07:23.138+0000] {processor.py:829} INFO - Processing file /opt/airflow/dags/predict_daily.py for tasks to queue
[2026-07-10T14:07:23.139+0000] {logging_mixin.py:151} INFO - [2026-07-10T14:07:23.139+0000] {dagbag.py:539} INFO - Filling up the DagBag from /opt/airflow/dags/predict_daily.py
[2026-07-10T14:07:30.794+0000] {processor.py:841} WARNING - No viable dags retrieved from /opt/airflow/dags/predict_daily.py
[2026-07-10T14:07:30.832+0000] {processor.py:179} INFO - Processing /opt/airflow/dags/predict_daily.py took 7.702 seconds
[2026-07-10T14:08:01.585+0000] {processor.py:157} INFO - Started process (PID=41888) to work on /opt/airflow/dags/predict_daily.py
[2026-07-10T14:08:01.587+0000] {processor.py:829} INFO - Processing file /opt/airflow/dags/predict_daily.py for tasks to queue
[2026-07-10T14:08:01.589+0000] {logging_mixin.py:151} INFO - [2026-07-10T14:08:01.588+0000] {dagbag.py:539} INFO - Filling up the DagBag from /opt/airflow/dags/predict_daily.py
[2026-07-10T14:08:07.244+0000] {processor.py:841} WARNING - No viable dags retrieved from /opt/airflow/dags/predict_daily.py
[2026-07-10T14:08:07.304+0000] {processor.py:179} INFO - Processing /opt/airflow/dags/predict_daily.py took 5.726 seconds
[2026-07-10T14:08:38.023+0000] {processor.py:157} INFO - Started process (PID=41929) to work on /opt/airflow/dags/predict_daily.py
[2026-07-10T14:08:38.025+0000] {processor.py:829} INFO - Processing file /opt/airflow/dags/predict_daily.py for tasks to queue
[2026-07-10T14:08:38.028+0000] {logging_mixin.py:151} INFO - [2026-07-10T14:08:38.027+0000] {dagbag.py:539} INFO - Filling up the DagBag from /opt/airflow/dags/predict_daily.py
[2026-07-10T14:08:42.738+0000] {processor.py:841} WARNING - No viable dags retrieved from /opt/airflow/dags/predict_daily.py
[2026-07-10T14:08:42.773+0000] {processor.py:179} INFO - Processing /opt/airflow/dags/predict_daily.py took 4.757 seconds
[2026-07-10T14:09:13.624+0000] {processor.py:157} INFO - Started process (PID=41962) to work on /opt/airflow/dags/predict_daily.py
[2026-07-10T14:09:13.626+0000] {processor.py:829} INFO - Processing file /opt/airflow/dags/predict_daily.py for tasks to queue
[2026-07-10T14:09:13.629+0000] {logging_mixin.py:151} INFO - [2026-07-10T14:09:13.628+0000] {dagbag.py:539} INFO - Filling up the DagBag from /opt/airflow/dags/predict_daily.py
[2026-07-10T14:09:18.392+0000] {processor.py:841} WARNING - No viable dags retrieved from /opt/airflow/dags/predict_daily.py
[2026-07-10T14:09:18.412+0000] {processor.py:179} INFO - Processing /opt/airflow/dags/predict_daily.py took 4.796 seconds
[2026-07-10T14:09:48.939+0000] {processor.py:157} INFO - Started process (PID=41995) to work on /opt/airflow/dags/predict_daily.py
[2026-07-10T14:09:48.940+0000] {processor.py:829} INFO - Processing file /opt/airflow/dags/predict_daily.py for tasks to queue
[2026-07-10T14:09:48.941+0000] {logging_mixin.py:151} INFO - [2026-07-10T14:09:48.941+0000] {dagbag.py:539} INFO - Filling up the DagBag from /opt/airflow/dags/predict_daily.py
[2026-07-10T14:09:54.227+0000] {processor.py:841} WARNING - No viable dags retrieved from /opt/airflow/dags/predict_daily.py
[2026-07-10T14:09:54.249+0000] {processor.py:179} INFO - Processing /opt/airflow/dags/predict_daily.py took 5.316 seconds
[2026-07-10T14:10:24.865+0000] {processor.py:157} INFO - Started process (PID=42033) to work on /opt/airflow/dags/predict_daily.py
[2026-07-10T14:10:24.867+0000] {processor.py:829} INFO - Processing file /opt/airflow/dags/predict_daily.py for tasks to queue
[2026-07-10T14:10:24.871+0000] {logging_mixin.py:151} INFO - [2026-07-10T14:10:24.870+0000] {dagbag.py:539} INFO - Filling up the DagBag from /opt/airflow/dags/predict_daily.py
[2026-07-10T14:10:30.258+0000] {processor.py:841} WARNING - No viable dags retrieved from /opt/airflow/dags/predict_daily.py
[2026-07-10T14:10:30.290+0000] {processor.py:179} INFO - Processing /opt/airflow/dags/predict_daily.py took 5.434 seconds
[2026-07-10T14:11:00.494+0000] {processor.py:157} INFO - Started process (PID=42066) to work on /opt/airflow/dags/predict_daily.py
[2026-07-10T14:11:00.496+0000] {processor.py:829} INFO - Processing file /opt/airflow/dags/predict_daily.py for tasks to queue
[2026-07-10T14:11:00.497+0000] {logging_mixin.py:151} INFO - [2026-07-10T14:11:00.497+0000] {dagbag.py:539} INFO - Filling up the DagBag from /opt/airflow/dags/predict_daily.py
[2026-07-10T14:11:06.034+0000] {processor.py:841} WARNING - No viable dags retrieved from /opt/airflow/dags/predict_daily.py
[2026-07-10T14:11:06.064+0000] {processor.py:179} INFO - Processing /opt/airflow/dags/predict_daily.py took 5.574 seconds
[2026-07-10T14:11:36.896+0000] {processor.py:157} INFO - Started process (PID=42107) to work on /opt/airflow/dags/predict_daily.py
[2026-07-10T14:11:36.898+0000] {processor.py:829} INFO - Processing file /opt/airflow/dags/predict_daily.py for tasks to queue
[2026-07-10T14:11:36.900+0000] {logging_mixin.py:151} INFO - [2026-07-10T14:11:36.899+0000] {dagbag.py:539} INFO - Filling up the DagBag from /opt/airflow/dags/predict_daily.py
[2026-07-10T14:11:44.498+0000] {processor.py:841} WARNING - No viable dags retrieved from /opt/airflow/dags/predict_daily.py
[2026-07-10T14:11:44.613+0000] {processor.py:179} INFO - Processing /opt/airflow/dags/predict_daily.py took 7.730 seconds
[2026-07-10T14:12:15.033+0000] {processor.py:157} INFO - Started process (PID=42140) to work on /opt/airflow/dags/predict_daily.py
[2026-07-10T14:12:15.036+0000] {processor.py:829} INFO - Processing file /opt/airflow/dags/predict_daily.py for tasks to queue
[2026-07-10T14:12:15.038+0000] {logging_mixin.py:151} INFO - [2026-07-10T14:12:15.037+0000] {dagbag.py:539} INFO - Filling up the DagBag from /opt/airflow/dags/predict_daily.py
[2026-07-10T14:12:21.280+0000] {processor.py:841} WARNING - No viable dags retrieved from /opt/airflow/dags/predict_daily.py
[2026-07-10T14:12:21.335+0000] {processor.py:179} INFO - Processing /opt/airflow/dags/predict_daily.py took 6.311 seconds
[2026-07-10T14:12:52.159+0000] {processor.py:157} INFO - Started process (PID=42174) to work on /opt/airflow/dags/predict_daily.py
[2026-07-10T14:12:52.163+0000] {processor.py:829} INFO - Processing file /opt/airflow/dags/predict_daily.py for tasks to queue
[2026-07-10T14:12:52.168+0000] {logging_mixin.py:151} INFO - [2026-07-10T14:12:52.167+0000] {dagbag.py:539} INFO - Filling up the DagBag from /opt/airflow/dags/predict_daily.py
[2026-07-10T14:12:57.529+0000] {processor.py:841} WARNING - No viable dags retrieved from /opt/airflow/dags/predict_daily.py
[2026-07-10T14:12:57.557+0000] {processor.py:179} INFO - Processing /opt/airflow/dags/predict_daily.py took 5.407 seconds
[2026-07-10T14:13:28.053+0000] {processor.py:157} INFO - Started process (PID=42212) to work on /opt/airflow/dags/predict_daily.py
[2026-07-10T14:13:28.057+0000] {processor.py:829} INFO - Processing file /opt/airflow/dags/predict_daily.py for tasks to queue
[2026-07-10T14:13:28.060+0000] {logging_mixin.py:151} INFO - [2026-07-10T14:13:28.059+0000] {dagbag.py:539} INFO - Filling up the DagBag from /opt/airflow/dags/predict_daily.py
[2026-07-10T14:13:33.962+0000] {processor.py:841} WARNING - No viable dags retrieved from /opt/airflow/dags/predict_daily.py
[2026-07-10T14:13:34.003+0000] {processor.py:179} INFO - Processing /opt/airflow/dags/predict_daily.py took 5.959 seconds
[2026-07-10T14:14:04.726+0000] {processor.py:157} INFO - Started process (PID=42244) to work on /opt/airflow/dags/predict_daily.py
[2026-07-10T14:14:04.728+0000] {processor.py:829} INFO - Processing file /opt/airflow/dags/predict_daily.py for tasks to queue
[2026-07-10T14:14:04.730+0000] {logging_mixin.py:151} INFO - [2026-07-10T14:14:04.729+0000] {dagbag.py:539} INFO - Filling up the DagBag from /opt/airflow/dags/predict_daily.py
[2026-07-10T14:14:09.745+0000] {processor.py:841} WARNING - No viable dags retrieved from /opt/airflow/dags/predict_daily.py
[2026-07-10T14:14:09.792+0000] {processor.py:179} INFO - Processing /opt/airflow/dags/predict_daily.py took 5.073 seconds
[2026-07-10T14:14:40.398+0000] {processor.py:157} INFO - Started process (PID=42283) to work on /opt/airflow/dags/predict_daily.py
[2026-07-10T14:14:40.401+0000] {processor.py:829} INFO - Processing file /opt/airflow/dags/predict_daily.py for tasks to queue
[2026-07-10T14:14:40.403+0000] {logging_mixin.py:151} INFO - [2026-07-10T14:14:40.403+0000] {dagbag.py:539} INFO - Filling up the DagBag from /opt/airflow/dags/predict_daily.py
[2026-07-10T14:14:45.528+0000] {processor.py:841} WARNING - No viable dags retrieved from /opt/airflow/dags/predict_daily.py
[2026-07-10T14:14:45.553+0000] {processor.py:179} INFO - Processing /opt/airflow/dags/predict_daily.py took 5.168 seconds
[2026-07-10T14:15:16.110+0000] {processor.py:157} INFO - Started process (PID=42317) to work on /opt/airflow/dags/predict_daily.py
[2026-07-10T14:15:16.113+0000] {processor.py:829} INFO - Processing file /opt/airflow/dags/predict_daily.py for tasks to queue
[2026-07-10T14:15:16.116+0000] {logging_mixin.py:151} INFO - [2026-07-10T14:15:16.115+0000] {dagbag.py:539} INFO - Filling up the DagBag from /opt/airflow/dags/predict_daily.py
[2026-07-10T14:15:19.861+0000] {processor.py:841} WARNING - No viable dags retrieved from /opt/airflow/dags/predict_daily.py
[2026-07-10T14:15:19.876+0000] {processor.py:179} INFO - Processing /opt/airflow/dags/predict_daily.py took 3.774 seconds
[2026-07-10T14:15:50.761+0000] {processor.py:157} INFO - Started process (PID=42351) to work on /opt/airflow/dags/predict_daily.py
[2026-07-10T14:15:50.764+0000] {processor.py:829} INFO - Processing file /opt/airflow/dags/predict_daily.py for tasks to queue
[2026-07-10T14:15:50.766+0000] {logging_mixin.py:151} INFO - [2026-07-10T14:15:50.765+0000] {dagbag.py:539} INFO - Filling up the DagBag from /opt/airflow/dags/predict_daily.py
[2026-07-10T14:15:59.235+0000] {processor.py:841} WARNING - No viable dags retrieved from /opt/airflow/dags/predict_daily.py
[2026-07-10T14:15:59.348+0000] {processor.py:179} INFO - Processing /opt/airflow/dags/predict_daily.py took 8.595 seconds
[2026-07-10T14:16:29.979+0000] {processor.py:157} INFO - Started process (PID=42384) to work on /opt/airflow/dags/predict_daily.py
[2026-07-10T14:16:29.984+0000] {processor.py:829} INFO - Processing file /opt/airflow/dags/predict_daily.py for tasks to queue
[2026-07-10T14:16:29.988+0000] {logging_mixin.py:151} INFO - [2026-07-10T14:16:29.987+0000] {dagbag.py:539} INFO - Filling up the DagBag from /opt/airflow/dags/predict_daily.py
[2026-07-10T14:16:35.046+0000] {processor.py:841} WARNING - No viable dags retrieved from /opt/airflow/dags/predict_daily.py
[2026-07-10T14:16:35.073+0000] {processor.py:179} INFO - Processing /opt/airflow/dags/predict_daily.py took 5.103 seconds
[2026-07-10T14:17:05.740+0000] {processor.py:157} INFO - Started process (PID=42417) to work on /opt/airflow/dags/predict_daily.py
[2026-07-10T14:17:05.742+0000] {processor.py:829} INFO - Processing file /opt/airflow/dags/predict_daily.py for tasks to queue
[2026-07-10T14:17:05.744+0000] {logging_mixin.py:151} INFO - [2026-07-10T14:17:05.743+0000] {dagbag.py:539} INFO - Filling up the DagBag from /opt/airflow/dags/predict_daily.py
[2026-07-10T14:17:10.738+0000] {processor.py:841} WARNING - No viable dags retrieved from /opt/airflow/dags/predict_daily.py
[2026-07-10T14:17:10.763+0000] {processor.py:179} INFO - Processing /opt/airflow/dags/predict_daily.py took 5.034 seconds
[2026-07-10T14:17:41.345+0000] {processor.py:157} INFO - Started process (PID=42462) to work on /opt/airflow/dags/predict_daily.py
[2026-07-10T14:17:41.347+0000] {processor.py:829} INFO - Processing file /opt/airflow/dags/predict_daily.py for tasks to queue
[2026-07-10T14:17:41.350+0000] {logging_mixin.py:151} INFO - [2026-07-10T14:17:41.349+0000] {dagbag.py:539} INFO - Filling up the DagBag from /opt/airflow/dags/predict_daily.py
[2026-07-10T14:17:46.431+0000] {processor.py:841} WARNING - No viable dags retrieved from /opt/airflow/dags/predict_daily.py
[2026-07-10T14:17:46.461+0000] {processor.py:179} INFO - Processing /opt/airflow/dags/predict_daily.py took 5.123 seconds
[2026-07-10T14:18:16.945+0000] {processor.py:157} INFO - Started process (PID=42495) to work on /opt/airflow/dags/predict_daily.py
[2026-07-10T14:18:16.948+0000] {processor.py:829} INFO - Processing file /opt/airflow/dags/predict_daily.py for tasks to queue
[2026-07-10T14:18:16.950+0000] {logging_mixin.py:151} INFO - [2026-07-10T14:18:16.949+0000] {dagbag.py:539} INFO - Filling up the DagBag from /opt/airflow/dags/predict_daily.py
[2026-07-10T14:18:22.267+0000] {processor.py:841} WARNING - No viable dags retrieved from /opt/airflow/dags/predict_daily.py
[2026-07-10T14:18:22.292+0000] {processor.py:179} INFO - Processing /opt/airflow/dags/predict_daily.py took 5.361 seconds
[2026-07-10T14:18:52.874+0000] {processor.py:157} INFO - Started process (PID=42528) to work on /opt/airflow/dags/predict_daily.py
[2026-07-10T14:18:52.876+0000] {processor.py:829} INFO - Processing file /opt/airflow/dags/predict_daily.py for tasks to queue
[2026-07-10T14:18:52.878+0000] {logging_mixin.py:151} INFO - [2026-07-10T14:18:52.878+0000] {dagbag.py:539} INFO - Filling up the DagBag from /opt/airflow/dags/predict_daily.py
[2026-07-10T14:18:57.843+0000] {processor.py:841} WARNING - No viable dags retrieved from /opt/airflow/dags/predict_daily.py
[2026-07-10T14:18:57.859+0000] {processor.py:179} INFO - Processing /opt/airflow/dags/predict_daily.py took 4.993 seconds
[2026-07-10T14:19:28.470+0000] {processor.py:157} INFO - Started process (PID=42561) to work on /opt/airflow/dags/predict_daily.py
[2026-07-10T14:19:28.471+0000] {processor.py:829} INFO - Processing file /opt/airflow/dags/predict_daily.py for tasks to queue
[2026-07-10T14:19:28.472+0000] {logging_mixin.py:151} INFO - [2026-07-10T14:19:28.472+0000] {dagbag.py:539} INFO - Filling up the DagBag from /opt/airflow/dags/predict_daily.py
[2026-07-10T14:19:31.500+0000] {processor.py:841} WARNING - No viable dags retrieved from /opt/airflow/dags/predict_daily.py
[2026-07-10T14:19:31.519+0000] {processor.py:179} INFO - Processing /opt/airflow/dags/predict_daily.py took 3.055 seconds
[2026-07-10T14:20:01.764+0000] {processor.py:157} INFO - Started process (PID=42593) to work on /opt/airflow/dags/predict_daily.py
[2026-07-10T14:20:01.766+0000] {processor.py:829} INFO - Processing file /opt/airflow/dags/predict_daily.py for tasks to queue
[2026-07-10T14:20:01.768+0000] {logging_mixin.py:151} INFO - [2026-07-10T14:20:01.768+0000] {dagbag.py:539} INFO - Filling up the DagBag from /opt/airflow/dags/predict_daily.py
[2026-07-10T14:20:08.252+0000] {processor.py:841} WARNING - No viable dags retrieved from /opt/airflow/dags/predict_daily.py
[2026-07-10T14:20:08.299+0000] {processor.py:179} INFO - Processing /opt/airflow/dags/predict_daily.py took 6.543 seconds
[2026-07-10T14:20:38.613+0000] {processor.py:157} INFO - Started process (PID=42626) to work on /opt/airflow/dags/predict_daily.py
[2026-07-10T14:20:38.614+0000] {processor.py:829} INFO - Processing file /opt/airflow/dags/predict_daily.py for tasks to queue
[2026-07-10T14:20:38.616+0000] {logging_mixin.py:151} INFO - [2026-07-10T14:20:38.615+0000] {dagbag.py:539} INFO - Filling up the DagBag from /opt/airflow/dags/predict_daily.py
[2026-07-10T14:20:43.889+0000] {processor.py:841} WARNING - No viable dags retrieved from /opt/airflow/dags/predict_daily.py
[2026-07-10T14:20:43.935+0000] {processor.py:179} INFO - Processing /opt/airflow/dags/predict_daily.py took 5.328 seconds
[2026-07-10T14:21:14.140+0000] {processor.py:157} INFO - Started process (PID=42666) to work on /opt/airflow/dags/predict_daily.py
[2026-07-10T14:21:14.142+0000] {processor.py:829} INFO - Processing file /opt/airflow/dags/predict_daily.py for tasks to queue
[2026-07-10T14:21:14.145+0000] {logging_mixin.py:151} INFO - [2026-07-10T14:21:14.144+0000] {dagbag.py:539} INFO - Filling up the DagBag from /opt/airflow/dags/predict_daily.py
[2026-07-10T14:21:19.504+0000] {processor.py:841} WARNING - No viable dags retrieved from /opt/airflow/dags/predict_daily.py
[2026-07-10T14:21:19.546+0000] {processor.py:179} INFO - Processing /opt/airflow/dags/predict_daily.py took 5.414 seconds
[2026-07-10T14:21:50.213+0000] {processor.py:157} INFO - Started process (PID=42704) to work on /opt/airflow/dags/predict_daily.py
[2026-07-10T14:21:50.217+0000] {processor.py:829} INFO - Processing file /opt/airflow/dags/predict_daily.py for tasks to queue
[2026-07-10T14:21:50.219+0000] {logging_mixin.py:151} INFO - [2026-07-10T14:21:50.218+0000] {dagbag.py:539} INFO - Filling up the DagBag from /opt/airflow/dags/predict_daily.py
[2026-07-10T14:21:55.314+0000] {processor.py:841} WARNING - No viable dags retrieved from /opt/airflow/dags/predict_daily.py
[2026-07-10T14:21:55.330+0000] {processor.py:179} INFO - Processing /opt/airflow/dags/predict_daily.py took 5.126 seconds
[2026-07-10T14:22:25.528+0000] {processor.py:157} INFO - Started process (PID=42737) to work on /opt/airflow/dags/predict_daily.py
[2026-07-10T14:22:25.530+0000] {processor.py:829} INFO - Processing file /opt/airflow/dags/predict_daily.py for tasks to queue
[2026-07-10T14:22:25.533+0000] {logging_mixin.py:151} INFO - [2026-07-10T14:22:25.532+0000] {dagbag.py:539} INFO - Filling up the DagBag from /opt/airflow/dags/predict_daily.py
[2026-07-10T14:22:30.552+0000] {processor.py:841} WARNING - No viable dags retrieved from /opt/airflow/dags/predict_daily.py
[2026-07-10T14:22:30.578+0000] {processor.py:179} INFO - Processing /opt/airflow/dags/predict_daily.py took 5.058 seconds
[2026-07-10T14:23:01.225+0000] {processor.py:157} INFO - Started process (PID=42770) to work on /opt/airflow/dags/predict_daily.py
[2026-07-10T14:23:01.227+0000] {processor.py:829} INFO - Processing file /opt/airflow/dags/predict_daily.py for tasks to queue
[2026-07-10T14:23:01.230+0000] {logging_mixin.py:151} INFO - [2026-07-10T14:23:01.229+0000] {dagbag.py:539} INFO - Filling up the DagBag from /opt/airflow/dags/predict_daily.py
[2026-07-10T14:23:07.088+0000] {processor.py:841} WARNING - No viable dags retrieved from /opt/airflow/dags/predict_daily.py
[2026-07-10T14:23:07.120+0000] {processor.py:179} INFO - Processing /opt/airflow/dags/predict_daily.py took 5.903 seconds
[2026-07-10T14:23:37.883+0000] {processor.py:157} INFO - Started process (PID=42804) to work on /opt/airflow/dags/predict_daily.py
[2026-07-10T14:23:37.888+0000] {processor.py:829} INFO - Processing file /opt/airflow/dags/predict_daily.py for tasks to queue
[2026-07-10T14:23:37.893+0000] {logging_mixin.py:151} INFO - [2026-07-10T14:23:37.892+0000] {dagbag.py:539} INFO - Filling up the DagBag from /opt/airflow/dags/predict_daily.py
[2026-07-10T14:23:45.550+0000] {processor.py:841} WARNING - No viable dags retrieved from /opt/airflow/dags/predict_daily.py
[2026-07-10T14:23:45.631+0000] {processor.py:179} INFO - Processing /opt/airflow/dags/predict_daily.py took 7.755 seconds
[2026-07-10T14:24:16.052+0000] {processor.py:157} INFO - Started process (PID=42843) to work on /opt/airflow/dags/predict_daily.py
[2026-07-10T14:24:16.056+0000] {processor.py:829} INFO - Processing file /opt/airflow/dags/predict_daily.py for tasks to queue
[2026-07-10T14:24:16.059+0000] {logging_mixin.py:151} INFO - [2026-07-10T14:24:16.058+0000] {dagbag.py:539} INFO - Filling up the DagBag from /opt/airflow/dags/predict_daily.py
[2026-07-10T14:24:21.509+0000] {processor.py:841} WARNING - No viable dags retrieved from /opt/airflow/dags/predict_daily.py
[2026-07-10T14:24:21.556+0000] {processor.py:179} INFO - Processing /opt/airflow/dags/predict_daily.py took 5.502 seconds
[2026-07-10T14:24:51.900+0000] {processor.py:157} INFO - Started process (PID=42876) to work on /opt/airflow/dags/predict_daily.py
[2026-07-10T14:24:51.903+0000] {processor.py:829} INFO - Processing file /opt/airflow/dags/predict_daily.py for tasks to queue
[2026-07-10T14:24:51.905+0000] {logging_mixin.py:151} INFO - [2026-07-10T14:24:51.904+0000] {dagbag.py:539} INFO - Filling up the DagBag from /opt/airflow/dags/predict_daily.py
[2026-07-10T14:24:57.260+0000] {processor.py:841} WARNING - No viable dags retrieved from /opt/airflow/dags/predict_daily.py
[2026-07-10T14:24:57.301+0000] {processor.py:179} INFO - Processing /opt/airflow/dags/predict_daily.py took 5.408 seconds
[2026-07-10T14:25:28.443+0000] {processor.py:157} INFO - Started process (PID=42914) to work on /opt/airflow/dags/predict_daily.py
[2026-07-10T14:25:28.445+0000] {processor.py:829} INFO - Processing file /opt/airflow/dags/predict_daily.py for tasks to queue
[2026-07-10T14:25:28.446+0000] {logging_mixin.py:151} INFO - [2026-07-10T14:25:28.446+0000] {dagbag.py:539} INFO - Filling up the DagBag from /opt/airflow/dags/predict_daily.py
[2026-07-10T14:25:33.795+0000] {processor.py:841} WARNING - No viable dags retrieved from /opt/airflow/dags/predict_daily.py
[2026-07-10T14:25:33.817+0000] {processor.py:179} INFO - Processing /opt/airflow/dags/predict_daily.py took 5.381 seconds
[2026-07-10T14:26:04.700+0000] {processor.py:157} INFO - Started process (PID=42947) to work on /opt/airflow/dags/predict_daily.py
[2026-07-10T14:26:04.704+0000] {processor.py:829} INFO - Processing file /opt/airflow/dags/predict_daily.py for tasks to queue
[2026-07-10T14:26:04.706+0000] {logging_mixin.py:151} INFO - [2026-07-10T14:26:04.705+0000] {dagbag.py:539} INFO - Filling up the DagBag from /opt/airflow/dags/predict_daily.py
[2026-07-10T14:26:09.811+0000] {processor.py:841} WARNING - No viable dags retrieved from /opt/airflow/dags/predict_daily.py
[2026-07-10T14:26:09.845+0000] {processor.py:179} INFO - Processing /opt/airflow/dags/predict_daily.py took 5.156 seconds
[2026-07-10T14:26:40.680+0000] {processor.py:157} INFO - Started process (PID=42980) to work on /opt/airflow/dags/predict_daily.py
[2026-07-10T14:26:40.685+0000] {processor.py:829} INFO - Processing file /opt/airflow/dags/predict_daily.py for tasks to queue
[2026-07-10T14:26:40.687+0000] {logging_mixin.py:151} INFO - [2026-07-10T14:26:40.686+0000] {dagbag.py:539} INFO - Filling up the DagBag from /opt/airflow/dags/predict_daily.py
[2026-07-10T14:26:45.922+0000] {processor.py:841} WARNING - No viable dags retrieved from /opt/airflow/dags/predict_daily.py
[2026-07-10T14:26:45.948+0000] {processor.py:179} INFO - Processing /opt/airflow/dags/predict_daily.py took 5.280 seconds
[2026-07-10T14:27:16.664+0000] {processor.py:157} INFO - Started process (PID=43020) to work on /opt/airflow/dags/predict_daily.py
[2026-07-10T14:27:16.667+0000] {processor.py:829} INFO - Processing file /opt/airflow/dags/predict_daily.py for tasks to queue
[2026-07-10T14:27:16.670+0000] {logging_mixin.py:151} INFO - [2026-07-10T14:27:16.669+0000] {dagbag.py:539} INFO - Filling up the DagBag from /opt/airflow/dags/predict_daily.py
[2026-07-10T14:27:21.852+0000] {processor.py:841} WARNING - No viable dags retrieved from /opt/airflow/dags/predict_daily.py
[2026-07-10T14:27:21.880+0000] {processor.py:179} INFO - Processing /opt/airflow/dags/predict_daily.py took 5.232 seconds
[2026-07-10T14:27:52.457+0000] {processor.py:157} INFO - Started process (PID=43053) to work on /opt/airflow/dags/predict_daily.py
[2026-07-10T14:27:52.463+0000] {processor.py:829} INFO - Processing file /opt/airflow/dags/predict_daily.py for tasks to queue
[2026-07-10T14:27:52.467+0000] {logging_mixin.py:151} INFO - [2026-07-10T14:27:52.466+0000] {dagbag.py:539} INFO - Filling up the DagBag from /opt/airflow/dags/predict_daily.py
[2026-07-10T14:27:59.551+0000] {processor.py:841} WARNING - No viable dags retrieved from /opt/airflow/dags/predict_daily.py
[2026-07-10T14:27:59.691+0000] {processor.py:179} INFO - Processing /opt/airflow/dags/predict_daily.py took 7.249 seconds
[2026-07-10T14:28:30.340+0000] {processor.py:157} INFO - Started process (PID=43086) to work on /opt/airflow/dags/predict_daily.py
[2026-07-10T14:28:30.346+0000] {processor.py:829} INFO - Processing file /opt/airflow/dags/predict_daily.py for tasks to queue
[2026-07-10T14:28:30.348+0000] {logging_mixin.py:151} INFO - [2026-07-10T14:28:30.348+0000] {dagbag.py:539} INFO - Filling up the DagBag from /opt/airflow/dags/predict_daily.py
[2026-07-10T14:28:35.289+0000] {processor.py:841} WARNING - No viable dags retrieved from /opt/airflow/dags/predict_daily.py
[2026-07-10T14:28:35.314+0000] {processor.py:179} INFO - Processing /opt/airflow/dags/predict_daily.py took 4.984 seconds
[2026-07-10T14:29:05.920+0000] {processor.py:157} INFO - Started process (PID=43125) to work on /opt/airflow/dags/predict_daily.py
[2026-07-10T14:29:05.923+0000] {processor.py:829} INFO - Processing file /opt/airflow/dags/predict_daily.py for tasks to queue
[2026-07-10T14:29:05.926+0000] {logging_mixin.py:151} INFO - [2026-07-10T14:29:05.925+0000] {dagbag.py:539} INFO - Filling up the DagBag from /opt/airflow/dags/predict_daily.py
[2026-07-10T14:29:10.903+0000] {processor.py:841} WARNING - No viable dags retrieved from /opt/airflow/dags/predict_daily.py
[2026-07-10T14:29:10.932+0000] {processor.py:179} INFO - Processing /opt/airflow/dags/predict_daily.py took 5.021 seconds
[2026-07-10T14:29:41.698+0000] {processor.py:157} INFO - Started process (PID=43158) to work on /opt/airflow/dags/predict_daily.py
[2026-07-10T14:29:41.701+0000] {processor.py:829} INFO - Processing file /opt/airflow/dags/predict_daily.py for tasks to queue
[2026-07-10T14:29:41.705+0000] {logging_mixin.py:151} INFO - [2026-07-10T14:29:41.704+0000] {dagbag.py:539} INFO - Filling up the DagBag from /opt/airflow/dags/predict_daily.py
[2026-07-10T14:29:47.144+0000] {processor.py:841} WARNING - No viable dags retrieved from /opt/airflow/dags/predict_daily.py
[2026-07-10T14:29:47.180+0000] {processor.py:179} INFO - Processing /opt/airflow/dags/predict_daily.py took 5.489 seconds
[2026-07-10T14:30:17.335+0000] {processor.py:157} INFO - Started process (PID=43199) to work on /opt/airflow/dags/predict_daily.py
[2026-07-10T14:30:17.337+0000] {processor.py:829} INFO - Processing file /opt/airflow/dags/predict_daily.py for tasks to queue
[2026-07-10T14:30:17.344+0000] {logging_mixin.py:151} INFO - [2026-07-10T14:30:17.343+0000] {dagbag.py:539} INFO - Filling up the DagBag from /opt/airflow/dags/predict_daily.py
[2026-07-10T14:30:22.486+0000] {processor.py:841} WARNING - No viable dags retrieved from /opt/airflow/dags/predict_daily.py
[2026-07-10T14:30:22.533+0000] {processor.py:179} INFO - Processing /opt/airflow/dags/predict_daily.py took 5.206 seconds
[2026-07-10T14:30:52.897+0000] {processor.py:157} INFO - Started process (PID=43232) to work on /opt/airflow/dags/predict_daily.py
[2026-07-10T14:30:52.899+0000] {processor.py:829} INFO - Processing file /opt/airflow/dags/predict_daily.py for tasks to queue
[2026-07-10T14:30:52.900+0000] {logging_mixin.py:151} INFO - [2026-07-10T14:30:52.899+0000] {dagbag.py:539} INFO - Filling up the DagBag from /opt/airflow/dags/predict_daily.py
[2026-07-10T14:30:58.513+0000] {processor.py:841} WARNING - No viable dags retrieved from /opt/airflow/dags/predict_daily.py
[2026-07-10T14:30:58.542+0000] {processor.py:179} INFO - Processing /opt/airflow/dags/predict_daily.py took 5.648 seconds
[2026-07-10T14:31:29.686+0000] {processor.py:157} INFO - Started process (PID=43265) to work on /opt/airflow/dags/predict_daily.py
[2026-07-10T14:31:29.688+0000] {processor.py:829} INFO - Processing file /opt/airflow/dags/predict_daily.py for tasks to queue
[2026-07-10T14:31:29.689+0000] {logging_mixin.py:151} INFO - [2026-07-10T14:31:29.689+0000] {dagbag.py:539} INFO - Filling up the DagBag from /opt/airflow/dags/predict_daily.py
[2026-07-10T14:31:35.054+0000] {processor.py:841} WARNING - No viable dags retrieved from /opt/airflow/dags/predict_daily.py
[2026-07-10T14:31:35.073+0000] {processor.py:179} INFO - Processing /opt/airflow/dags/predict_daily.py took 5.394 seconds
[2026-07-10T14:32:05.666+0000] {processor.py:157} INFO - Started process (PID=43298) to work on /opt/airflow/dags/predict_daily.py
[2026-07-10T14:32:05.668+0000] {processor.py:829} INFO - Processing file /opt/airflow/dags/predict_daily.py for tasks to queue
[2026-07-10T14:32:05.671+0000] {logging_mixin.py:151} INFO - [2026-07-10T14:32:05.670+0000] {dagbag.py:539} INFO - Filling up the DagBag from /opt/airflow/dags/predict_daily.py
[2026-07-10T14:32:12.016+0000] {processor.py:841} WARNING - No viable dags retrieved from /opt/airflow/dags/predict_daily.py
[2026-07-10T14:32:12.097+0000] {processor.py:179} INFO - Processing /opt/airflow/dags/predict_daily.py took 6.439 seconds
[2026-07-10T14:32:42.544+0000] {processor.py:157} INFO - Started process (PID=43331) to work on /opt/airflow/dags/predict_daily.py
[2026-07-10T14:32:42.546+0000] {processor.py:829} INFO - Processing file /opt/airflow/dags/predict_daily.py for tasks to queue
[2026-07-10T14:32:42.548+0000] {logging_mixin.py:151} INFO - [2026-07-10T14:32:42.547+0000] {dagbag.py:539} INFO - Filling up the DagBag from /opt/airflow/dags/predict_daily.py
[2026-07-10T14:32:47.905+0000] {processor.py:841} WARNING - No viable dags retrieved from /opt/airflow/dags/predict_daily.py
[2026-07-10T14:32:47.927+0000] {processor.py:179} INFO - Processing /opt/airflow/dags/predict_daily.py took 5.389 seconds
[2026-07-10T14:33:18.651+0000] {processor.py:157} INFO - Started process (PID=43376) to work on /opt/airflow/dags/predict_daily.py
[2026-07-10T14:33:18.656+0000] {processor.py:829} INFO - Processing file /opt/airflow/dags/predict_daily.py for tasks to queue
[2026-07-10T14:33:18.662+0000] {logging_mixin.py:151} INFO - [2026-07-10T14:33:18.661+0000] {dagbag.py:539} INFO - Filling up the DagBag from /opt/airflow/dags/predict_daily.py
[2026-07-10T14:33:24.322+0000] {processor.py:841} WARNING - No viable dags retrieved from /opt/airflow/dags/predict_daily.py
[2026-07-10T14:33:24.351+0000] {processor.py:179} INFO - Processing /opt/airflow/dags/predict_daily.py took 5.711 seconds
[2026-07-10T14:33:55.268+0000] {processor.py:157} INFO - Started process (PID=43409) to work on /opt/airflow/dags/predict_daily.py
[2026-07-10T14:33:55.273+0000] {processor.py:829} INFO - Processing file /opt/airflow/dags/predict_daily.py for tasks to queue
[2026-07-10T14:33:55.276+0000] {logging_mixin.py:151} INFO - [2026-07-10T14:33:55.275+0000] {dagbag.py:539} INFO - Filling up the DagBag from /opt/airflow/dags/predict_daily.py
[2026-07-10T14:34:00.816+0000] {processor.py:841} WARNING - No viable dags retrieved from /opt/airflow/dags/predict_daily.py
[2026-07-10T14:34:00.843+0000] {processor.py:179} INFO - Processing /opt/airflow/dags/predict_daily.py took 5.586 seconds
[2026-07-10T14:34:31.929+0000] {processor.py:157} INFO - Started process (PID=43442) to work on /opt/airflow/dags/predict_daily.py
[2026-07-10T14:34:31.931+0000] {processor.py:829} INFO - Processing file /opt/airflow/dags/predict_daily.py for tasks to queue
[2026-07-10T14:34:31.933+0000] {logging_mixin.py:151} INFO - [2026-07-10T14:34:31.933+0000] {dagbag.py:539} INFO - Filling up the DagBag from /opt/airflow/dags/predict_daily.py
[2026-07-10T14:34:37.015+0000] {processor.py:841} WARNING - No viable dags retrieved from /opt/airflow/dags/predict_daily.py
[2026-07-10T14:34:37.041+0000] {processor.py:179} INFO - Processing /opt/airflow/dags/predict_daily.py took 5.121 seconds
[2026-07-10T14:35:07.795+0000] {processor.py:157} INFO - Started process (PID=43475) to work on /opt/airflow/dags/predict_daily.py
[2026-07-10T14:35:07.797+0000] {processor.py:829} INFO - Processing file /opt/airflow/dags/predict_daily.py for tasks to queue
[2026-07-10T14:35:07.800+0000] {logging_mixin.py:151} INFO - [2026-07-10T14:35:07.799+0000] {dagbag.py:539} INFO - Filling up the DagBag from /opt/airflow/dags/predict_daily.py
[2026-07-10T14:35:13.401+0000] {processor.py:841} WARNING - No viable dags retrieved from /opt/airflow/dags/predict_daily.py
[2026-07-10T14:35:13.431+0000] {processor.py:179} INFO - Processing /opt/airflow/dags/predict_daily.py took 5.644 seconds
[2026-07-10T14:35:44.259+0000] {processor.py:157} INFO - Started process (PID=43515) to work on /opt/airflow/dags/predict_daily.py
[2026-07-10T14:35:44.262+0000] {processor.py:829} INFO - Processing file /opt/airflow/dags/predict_daily.py for tasks to queue
[2026-07-10T14:35:44.265+0000] {logging_mixin.py:151} INFO - [2026-07-10T14:35:44.264+0000] {dagbag.py:539} INFO - Filling up the DagBag from /opt/airflow/dags/predict_daily.py
[2026-07-10T14:35:49.882+0000] {processor.py:841} WARNING - No viable dags retrieved from /opt/airflow/dags/predict_daily.py
[2026-07-10T14:35:49.911+0000] {processor.py:179} INFO - Processing /opt/airflow/dags/predict_daily.py took 5.662 seconds
[2026-07-10T14:36:20.216+0000] {processor.py:157} INFO - Started process (PID=43548) to work on /opt/airflow/dags/predict_daily.py
[2026-07-10T14:36:20.226+0000] {processor.py:829} INFO - Processing file /opt/airflow/dags/predict_daily.py for tasks to queue
[2026-07-10T14:36:20.229+0000] {logging_mixin.py:151} INFO - [2026-07-10T14:36:20.228+0000] {dagbag.py:539} INFO - Filling up the DagBag from /opt/airflow/dags/predict_daily.py
[2026-07-10T14:36:27.446+0000] {processor.py:841} WARNING - No viable dags retrieved from /opt/airflow/dags/predict_daily.py
[2026-07-10T14:36:27.537+0000] {processor.py:179} INFO - Processing /opt/airflow/dags/predict_daily.py took 7.329 seconds
[2026-07-10T14:36:57.726+0000] {processor.py:157} INFO - Started process (PID=43586) to work on /opt/airflow/dags/predict_daily.py
[2026-07-10T14:36:57.728+0000] {processor.py:829} INFO - Processing file /opt/airflow/dags/predict_daily.py for tasks to queue
[2026-07-10T14:36:57.729+0000] {logging_mixin.py:151} INFO - [2026-07-10T14:36:57.728+0000] {dagbag.py:539} INFO - Filling up the DagBag from /opt/airflow/dags/predict_daily.py
[2026-07-10T14:37:02.786+0000] {processor.py:841} WARNING - No viable dags retrieved from /opt/airflow/dags/predict_daily.py
[2026-07-10T14:37:02.815+0000] {processor.py:179} INFO - Processing /opt/airflow/dags/predict_daily.py took 5.093 seconds
[2026-07-10T14:37:33.735+0000] {processor.py:157} INFO - Started process (PID=43619) to work on /opt/airflow/dags/predict_daily.py
[2026-07-10T14:37:33.740+0000] {processor.py:829} INFO - Processing file /opt/airflow/dags/predict_daily.py for tasks to queue
[2026-07-10T14:37:33.743+0000] {logging_mixin.py:151} INFO - [2026-07-10T14:37:33.742+0000] {dagbag.py:539} INFO - Filling up the DagBag from /opt/airflow/dags/predict_daily.py
[2026-07-10T14:37:39.105+0000] {processor.py:841} WARNING - No viable dags retrieved from /opt/airflow/dags/predict_daily.py
[2026-07-10T14:37:39.123+0000] {processor.py:179} INFO - Processing /opt/airflow/dags/predict_daily.py took 5.394 seconds
[2026-07-10T14:38:09.990+0000] {processor.py:157} INFO - Started process (PID=43652) to work on /opt/airflow/dags/predict_daily.py
[2026-07-10T14:38:09.993+0000] {processor.py:829} INFO - Processing file /opt/airflow/dags/predict_daily.py for tasks to queue
[2026-07-10T14:38:09.995+0000] {logging_mixin.py:151} INFO - [2026-07-10T14:38:09.995+0000] {dagbag.py:539} INFO - Filling up the DagBag from /opt/airflow/dags/predict_daily.py
[2026-07-10T14:38:15.960+0000] {processor.py:841} WARNING - No viable dags retrieved from /opt/airflow/dags/predict_daily.py
[2026-07-10T14:38:15.999+0000] {processor.py:179} INFO - Processing /opt/airflow/dags/predict_daily.py took 6.015 seconds
[2026-07-10T14:38:46.770+0000] {processor.py:157} INFO - Started process (PID=43692) to work on /opt/airflow/dags/predict_daily.py
[2026-07-10T14:38:46.773+0000] {processor.py:829} INFO - Processing file /opt/airflow/dags/predict_daily.py for tasks to queue
[2026-07-10T14:38:46.781+0000] {logging_mixin.py:151} INFO - [2026-07-10T14:38:46.780+0000] {dagbag.py:539} INFO - Filling up the DagBag from /opt/airflow/dags/predict_daily.py
[2026-07-10T14:38:51.895+0000] {processor.py:841} WARNING - No viable dags retrieved from /opt/airflow/dags/predict_daily.py
[2026-07-10T14:38:51.919+0000] {processor.py:179} INFO - Processing /opt/airflow/dags/predict_daily.py took 5.160 seconds
[2026-07-10T14:39:22.399+0000] {processor.py:157} INFO - Started process (PID=43726) to work on /opt/airflow/dags/predict_daily.py
[2026-07-10T14:39:22.402+0000] {processor.py:829} INFO - Processing file /opt/airflow/dags/predict_daily.py for tasks to queue
[2026-07-10T14:39:22.408+0000] {logging_mixin.py:151} INFO - [2026-07-10T14:39:22.403+0000] {dagbag.py:539} INFO - Filling up the DagBag from /opt/airflow/dags/predict_daily.py
[2026-07-10T14:39:28.441+0000] {processor.py:841} WARNING - No viable dags retrieved from /opt/airflow/dags/predict_daily.py
[2026-07-10T14:39:28.474+0000] {processor.py:179} INFO - Processing /opt/airflow/dags/predict_daily.py took 6.082 seconds
[2026-07-10T14:39:58.911+0000] {processor.py:157} INFO - Started process (PID=43759) to work on /opt/airflow/dags/predict_daily.py
[2026-07-10T14:39:58.912+0000] {processor.py:829} INFO - Processing file /opt/airflow/dags/predict_daily.py for tasks to queue
[2026-07-10T14:39:58.914+0000] {logging_mixin.py:151} INFO - [2026-07-10T14:39:58.913+0000] {dagbag.py:539} INFO - Filling up the DagBag from /opt/airflow/dags/predict_daily.py
[2026-07-10T14:40:01.925+0000] {processor.py:841} WARNING - No viable dags retrieved from /opt/airflow/dags/predict_daily.py
[2026-07-10T14:40:01.946+0000] {processor.py:179} INFO - Processing /opt/airflow/dags/predict_daily.py took 3.039 seconds
[2026-07-10T14:40:32.667+0000] {processor.py:157} INFO - Started process (PID=43797) to work on /opt/airflow/dags/predict_daily.py
[2026-07-10T14:40:32.677+0000] {processor.py:829} INFO - Processing file /opt/airflow/dags/predict_daily.py for tasks to queue
[2026-07-10T14:40:32.680+0000] {logging_mixin.py:151} INFO - [2026-07-10T14:40:32.679+0000] {dagbag.py:539} INFO - Filling up the DagBag from /opt/airflow/dags/predict_daily.py
[2026-07-10T14:40:41.464+0000] {processor.py:841} WARNING - No viable dags retrieved from /opt/airflow/dags/predict_daily.py
[2026-07-10T14:40:41.513+0000] {processor.py:179} INFO - Processing /opt/airflow/dags/predict_daily.py took 8.852 seconds
[2026-07-10T14:41:12.445+0000] {processor.py:157} INFO - Started process (PID=43830) to work on /opt/airflow/dags/predict_daily.py
[2026-07-10T14:41:12.447+0000] {processor.py:829} INFO - Processing file /opt/airflow/dags/predict_daily.py for tasks to queue
[2026-07-10T14:41:12.449+0000] {logging_mixin.py:151} INFO - [2026-07-10T14:41:12.448+0000] {dagbag.py:539} INFO - Filling up the DagBag from /opt/airflow/dags/predict_daily.py
[2026-07-10T14:41:18.511+0000] {processor.py:841} WARNING - No viable dags retrieved from /opt/airflow/dags/predict_daily.py
[2026-07-10T14:41:18.533+0000] {processor.py:179} INFO - Processing /opt/airflow/dags/predict_daily.py took 6.093 seconds
[2026-07-10T14:41:49.189+0000] {processor.py:157} INFO - Started process (PID=43870) to work on /opt/airflow/dags/predict_daily.py
[2026-07-10T14:41:49.190+0000] {processor.py:829} INFO - Processing file /opt/airflow/dags/predict_daily.py for tasks to queue
[2026-07-10T14:41:49.191+0000] {logging_mixin.py:151} INFO - [2026-07-10T14:41:49.190+0000] {dagbag.py:539} INFO - Filling up the DagBag from /opt/airflow/dags/predict_daily.py
[2026-07-10T14:41:54.441+0000] {processor.py:841} WARNING - No viable dags retrieved from /opt/airflow/dags/predict_daily.py
[2026-07-10T14:41:54.470+0000] {processor.py:179} INFO - Processing /opt/airflow/dags/predict_daily.py took 5.285 seconds
[2026-07-10T14:42:25.229+0000] {processor.py:157} INFO - Started process (PID=43903) to work on /opt/airflow/dags/predict_daily.py
[2026-07-10T14:42:25.233+0000] {processor.py:829} INFO - Processing file /opt/airflow/dags/predict_daily.py for tasks to queue
[2026-07-10T14:42:25.237+0000] {logging_mixin.py:151} INFO - [2026-07-10T14:42:25.236+0000] {dagbag.py:539} INFO - Filling up the DagBag from /opt/airflow/dags/predict_daily.py
[2026-07-10T14:42:30.562+0000] {processor.py:841} WARNING - No viable dags retrieved from /opt/airflow/dags/predict_daily.py
[2026-07-10T14:42:30.597+0000] {processor.py:179} INFO - Processing /opt/airflow/dags/predict_daily.py took 5.377 seconds
[2026-07-10T14:43:01.255+0000] {processor.py:157} INFO - Started process (PID=43937) to work on /opt/airflow/dags/predict_daily.py
[2026-07-10T14:43:01.257+0000] {processor.py:829} INFO - Processing file /opt/airflow/dags/predict_daily.py for tasks to queue
[2026-07-10T14:43:01.259+0000] {logging_mixin.py:151} INFO - [2026-07-10T14:43:01.258+0000] {dagbag.py:539} INFO - Filling up the DagBag from /opt/airflow/dags/predict_daily.py
[2026-07-10T14:43:06.636+0000] {processor.py:841} WARNING - No viable dags retrieved from /opt/airflow/dags/predict_daily.py
[2026-07-10T14:43:06.666+0000] {processor.py:179} INFO - Processing /opt/airflow/dags/predict_daily.py took 5.419 seconds
[2026-07-10T14:43:37.326+0000] {processor.py:157} INFO - Started process (PID=43970) to work on /opt/airflow/dags/predict_daily.py
[2026-07-10T14:43:37.328+0000] {processor.py:829} INFO - Processing file /opt/airflow/dags/predict_daily.py for tasks to queue
[2026-07-10T14:43:37.329+0000] {logging_mixin.py:151} INFO - [2026-07-10T14:43:37.328+0000] {dagbag.py:539} INFO - Filling up the DagBag from /opt/airflow/dags/predict_daily.py
[2026-07-10T14:43:42.318+0000] {processor.py:841} WARNING - No viable dags retrieved from /opt/airflow/dags/predict_daily.py
[2026-07-10T14:43:42.337+0000] {processor.py:179} INFO - Processing /opt/airflow/dags/predict_daily.py took 5.016 seconds
[2026-07-10T14:44:12.996+0000] {processor.py:157} INFO - Started process (PID=44003) to work on /opt/airflow/dags/predict_daily.py
[2026-07-10T14:44:12.999+0000] {processor.py:829} INFO - Processing file /opt/airflow/dags/predict_daily.py for tasks to queue
[2026-07-10T14:44:13.002+0000] {logging_mixin.py:151} INFO - [2026-07-10T14:44:13.001+0000] {dagbag.py:539} INFO - Filling up the DagBag from /opt/airflow/dags/predict_daily.py
[2026-07-10T14:44:18.200+0000] {processor.py:841} WARNING - No viable dags retrieved from /opt/airflow/dags/predict_daily.py
[2026-07-10T14:44:18.219+0000] {processor.py:179} INFO - Processing /opt/airflow/dags/predict_daily.py took 5.229 seconds
[2026-07-10T14:44:48.709+0000] {processor.py:157} INFO - Started process (PID=44044) to work on /opt/airflow/dags/predict_daily.py
[2026-07-10T14:44:48.718+0000] {processor.py:829} INFO - Processing file /opt/airflow/dags/predict_daily.py for tasks to queue
[2026-07-10T14:44:48.720+0000] {logging_mixin.py:151} INFO - [2026-07-10T14:44:48.719+0000] {dagbag.py:539} INFO - Filling up the DagBag from /opt/airflow/dags/predict_daily.py
[2026-07-10T14:44:55.843+0000] {processor.py:841} WARNING - No viable dags retrieved from /opt/airflow/dags/predict_daily.py
[2026-07-10T14:44:55.941+0000] {processor.py:179} INFO - Processing /opt/airflow/dags/predict_daily.py took 7.240 seconds
[2026-07-10T14:45:26.721+0000] {processor.py:157} INFO - Started process (PID=44077) to work on /opt/airflow/dags/predict_daily.py
[2026-07-10T14:45:26.723+0000] {processor.py:829} INFO - Processing file /opt/airflow/dags/predict_daily.py for tasks to queue
[2026-07-10T14:45:26.740+0000] {logging_mixin.py:151} INFO - [2026-07-10T14:45:26.739+0000] {dagbag.py:539} INFO - Filling up the DagBag from /opt/airflow/dags/predict_daily.py
[2026-07-10T14:45:31.877+0000] {processor.py:841} WARNING - No viable dags retrieved from /opt/airflow/dags/predict_daily.py
[2026-07-10T14:45:31.891+0000] {processor.py:179} INFO - Processing /opt/airflow/dags/predict_daily.py took 5.181 seconds
[2026-07-10T14:46:02.398+0000] {processor.py:157} INFO - Started process (PID=44115) to work on /opt/airflow/dags/predict_daily.py
[2026-07-10T14:46:02.405+0000] {processor.py:829} INFO - Processing file /opt/airflow/dags/predict_daily.py for tasks to queue
[2026-07-10T14:46:02.409+0000] {logging_mixin.py:151} INFO - [2026-07-10T14:46:02.408+0000] {dagbag.py:539} INFO - Filling up the DagBag from /opt/airflow/dags/predict_daily.py
[2026-07-10T14:46:07.406+0000] {processor.py:841} WARNING - No viable dags retrieved from /opt/airflow/dags/predict_daily.py
[2026-07-10T14:46:07.432+0000] {processor.py:179} INFO - Processing /opt/airflow/dags/predict_daily.py took 5.040 seconds
[2026-07-10T14:46:37.693+0000] {processor.py:157} INFO - Started process (PID=44148) to work on /opt/airflow/dags/predict_daily.py
[2026-07-10T14:46:37.695+0000] {processor.py:829} INFO - Processing file /opt/airflow/dags/predict_daily.py for tasks to queue
[2026-07-10T14:46:37.697+0000] {logging_mixin.py:151} INFO - [2026-07-10T14:46:37.697+0000] {dagbag.py:539} INFO - Filling up the DagBag from /opt/airflow/dags/predict_daily.py
[2026-07-10T14:46:43.100+0000] {processor.py:841} WARNING - No viable dags retrieved from /opt/airflow/dags/predict_daily.py
[2026-07-10T14:46:43.118+0000] {processor.py:179} INFO - Processing /opt/airflow/dags/predict_daily.py took 5.431 seconds
[2026-07-10T14:47:13.321+0000] {processor.py:157} INFO - Started process (PID=44181) to work on /opt/airflow/dags/predict_daily.py
[2026-07-10T14:47:13.324+0000] {processor.py:829} INFO - Processing file /opt/airflow/dags/predict_daily.py for tasks to queue
[2026-07-10T14:47:13.327+0000] {logging_mixin.py:151} INFO - [2026-07-10T14:47:13.327+0000] {dagbag.py:539} INFO - Filling up the DagBag from /opt/airflow/dags/predict_daily.py
[2026-07-10T14:47:18.693+0000] {processor.py:841} WARNING - No viable dags retrieved from /opt/airflow/dags/predict_daily.py
[2026-07-10T14:47:18.739+0000] {processor.py:179} INFO - Processing /opt/airflow/dags/predict_daily.py took 5.431 seconds
[2026-07-10T14:47:49.762+0000] {processor.py:157} INFO - Started process (PID=44221) to work on /opt/airflow/dags/predict_daily.py
[2026-07-10T14:47:49.765+0000] {processor.py:829} INFO - Processing file /opt/airflow/dags/predict_daily.py for tasks to queue
[2026-07-10T14:47:49.767+0000] {logging_mixin.py:151} INFO - [2026-07-10T14:47:49.766+0000] {dagbag.py:539} INFO - Filling up the DagBag from /opt/airflow/dags/predict_daily.py
[2026-07-10T14:47:54.890+0000] {processor.py:841} WARNING - No viable dags retrieved from /opt/airflow/dags/predict_daily.py
[2026-07-10T14:47:54.918+0000] {processor.py:179} INFO - Processing /opt/airflow/dags/predict_daily.py took 5.164 seconds
[2026-07-10T14:48:25.478+0000] {processor.py:157} INFO - Started process (PID=44254) to work on /opt/airflow/dags/predict_daily.py
[2026-07-10T14:48:25.480+0000] {processor.py:829} INFO - Processing file /opt/airflow/dags/predict_daily.py for tasks to queue
[2026-07-10T14:48:25.482+0000] {logging_mixin.py:151} INFO - [2026-07-10T14:48:25.481+0000] {dagbag.py:539} INFO - Filling up the DagBag from /opt/airflow/dags/predict_daily.py
[2026-07-10T14:48:28.905+0000] {processor.py:841} WARNING - No viable dags retrieved from /opt/airflow/dags/predict_daily.py
[2026-07-10T14:48:28.918+0000] {processor.py:179} INFO - Processing /opt/airflow/dags/predict_daily.py took 3.446 seconds
[2026-07-10T14:48:59.078+0000] {processor.py:157} INFO - Started process (PID=44287) to work on /opt/airflow/dags/predict_daily.py
[2026-07-10T14:48:59.082+0000] {processor.py:829} INFO - Processing file /opt/airflow/dags/predict_daily.py for tasks to queue
[2026-07-10T14:48:59.085+0000] {logging_mixin.py:151} INFO - [2026-07-10T14:48:59.084+0000] {dagbag.py:539} INFO - Filling up the DagBag from /opt/airflow/dags/predict_daily.py
[2026-07-10T14:49:06.991+0000] {processor.py:841} WARNING - No viable dags retrieved from /opt/airflow/dags/predict_daily.py
[2026-07-10T14:49:07.101+0000] {processor.py:179} INFO - Processing /opt/airflow/dags/predict_daily.py took 8.032 seconds
[2026-07-10T14:49:37.401+0000] {processor.py:157} INFO - Started process (PID=44320) to work on /opt/airflow/dags/predict_daily.py
[2026-07-10T14:49:37.404+0000] {processor.py:829} INFO - Processing file /opt/airflow/dags/predict_daily.py for tasks to queue
[2026-07-10T14:49:37.405+0000] {logging_mixin.py:151} INFO - [2026-07-10T14:49:37.405+0000] {dagbag.py:539} INFO - Filling up the DagBag from /opt/airflow/dags/predict_daily.py
[2026-07-10T14:49:42.811+0000] {processor.py:841} WARNING - No viable dags retrieved from /opt/airflow/dags/predict_daily.py
[2026-07-10T14:49:42.854+0000] {processor.py:179} INFO - Processing /opt/airflow/dags/predict_daily.py took 5.462 seconds
[2026-07-10T14:50:13.734+0000] {processor.py:157} INFO - Started process (PID=44357) to work on /opt/airflow/dags/predict_daily.py
[2026-07-10T14:50:13.737+0000] {processor.py:829} INFO - Processing file /opt/airflow/dags/predict_daily.py for tasks to queue
[2026-07-10T14:50:13.740+0000] {logging_mixin.py:151} INFO - [2026-07-10T14:50:13.739+0000] {dagbag.py:539} INFO - Filling up the DagBag from /opt/airflow/dags/predict_daily.py
[2026-07-10T14:50:18.676+0000] {processor.py:841} WARNING - No viable dags retrieved from /opt/airflow/dags/predict_daily.py
[2026-07-10T14:50:18.748+0000] {processor.py:179} INFO - Processing /opt/airflow/dags/predict_daily.py took 5.026 seconds
[2026-07-10T14:50:49.434+0000] {processor.py:157} INFO - Started process (PID=44396) to work on /opt/airflow/dags/predict_daily.py
[2026-07-10T14:50:49.442+0000] {processor.py:829} INFO - Processing file /opt/airflow/dags/predict_daily.py for tasks to queue
[2026-07-10T14:50:49.447+0000] {logging_mixin.py:151} INFO - [2026-07-10T14:50:49.447+0000] {dagbag.py:539} INFO - Filling up the DagBag from /opt/airflow/dags/predict_daily.py
[2026-07-10T14:50:55.497+0000] {processor.py:841} WARNING - No viable dags retrieved from /opt/airflow/dags/predict_daily.py
[2026-07-10T14:50:55.525+0000] {processor.py:179} INFO - Processing /opt/airflow/dags/predict_daily.py took 6.097 seconds
[2026-07-10T14:51:26.569+0000] {processor.py:157} INFO - Started process (PID=44429) to work on /opt/airflow/dags/predict_daily.py
[2026-07-10T14:51:26.572+0000] {processor.py:829} INFO - Processing file /opt/airflow/dags/predict_daily.py for tasks to queue
[2026-07-10T14:51:26.574+0000] {logging_mixin.py:151} INFO - [2026-07-10T14:51:26.573+0000] {dagbag.py:539} INFO - Filling up the DagBag from /opt/airflow/dags/predict_daily.py
[2026-07-10T14:51:31.918+0000] {processor.py:841} WARNING - No viable dags retrieved from /opt/airflow/dags/predict_daily.py
[2026-07-10T14:51:31.959+0000] {processor.py:179} INFO - Processing /opt/airflow/dags/predict_daily.py took 5.397 seconds
[2026-07-10T14:52:02.840+0000] {processor.py:157} INFO - Started process (PID=44462) to work on /opt/airflow/dags/predict_daily.py
[2026-07-10T14:52:02.842+0000] {processor.py:829} INFO - Processing file /opt/airflow/dags/predict_daily.py for tasks to queue
[2026-07-10T14:52:02.844+0000] {logging_mixin.py:151} INFO - [2026-07-10T14:52:02.843+0000] {dagbag.py:539} INFO - Filling up the DagBag from /opt/airflow/dags/predict_daily.py
[2026-07-10T14:52:08.076+0000] {processor.py:841} WARNING - No viable dags retrieved from /opt/airflow/dags/predict_daily.py
[2026-07-10T14:52:08.108+0000] {processor.py:179} INFO - Processing /opt/airflow/dags/predict_daily.py took 5.277 seconds
[2026-07-10T14:52:38.621+0000] {processor.py:157} INFO - Started process (PID=44495) to work on /opt/airflow/dags/predict_daily.py
[2026-07-10T14:52:38.623+0000] {processor.py:829} INFO - Processing file /opt/airflow/dags/predict_daily.py for tasks to queue
[2026-07-10T14:52:38.625+0000] {logging_mixin.py:151} INFO - [2026-07-10T14:52:38.624+0000] {dagbag.py:539} INFO - Filling up the DagBag from /opt/airflow/dags/predict_daily.py
[2026-07-10T14:52:42.366+0000] {processor.py:841} WARNING - No viable dags retrieved from /opt/airflow/dags/predict_daily.py
[2026-07-10T14:52:42.386+0000] {processor.py:179} INFO - Processing /opt/airflow/dags/predict_daily.py took 3.770 seconds
[2026-07-10T14:53:12.996+0000] {processor.py:157} INFO - Started process (PID=44528) to work on /opt/airflow/dags/predict_daily.py
[2026-07-10T14:53:12.999+0000] {processor.py:829} INFO - Processing file /opt/airflow/dags/predict_daily.py for tasks to queue
[2026-07-10T14:53:13.001+0000] {logging_mixin.py:151} INFO - [2026-07-10T14:53:13.000+0000] {dagbag.py:539} INFO - Filling up the DagBag from /opt/airflow/dags/predict_daily.py
[2026-07-10T14:53:20.498+0000] {processor.py:841} WARNING - No viable dags retrieved from /opt/airflow/dags/predict_daily.py
[2026-07-10T14:53:20.561+0000] {processor.py:179} INFO - Processing /opt/airflow/dags/predict_daily.py took 7.578 seconds
[2026-07-10T14:53:51.435+0000] {processor.py:157} INFO - Started process (PID=44571) to work on /opt/airflow/dags/predict_daily.py
[2026-07-10T14:53:51.437+0000] {processor.py:829} INFO - Processing file /opt/airflow/dags/predict_daily.py for tasks to queue
[2026-07-10T14:53:51.439+0000] {logging_mixin.py:151} INFO - [2026-07-10T14:53:51.438+0000] {dagbag.py:539} INFO - Filling up the DagBag from /opt/airflow/dags/predict_daily.py
[2026-07-10T14:53:56.627+0000] {processor.py:841} WARNING - No viable dags retrieved from /opt/airflow/dags/predict_daily.py
[2026-07-10T14:53:56.649+0000] {processor.py:179} INFO - Processing /opt/airflow/dags/predict_daily.py took 5.218 seconds
[2026-07-10T14:54:27.079+0000] {processor.py:157} INFO - Started process (PID=44603) to work on /opt/airflow/dags/predict_daily.py
[2026-07-10T14:54:27.082+0000] {processor.py:829} INFO - Processing file /opt/airflow/dags/predict_daily.py for tasks to queue
[2026-07-10T14:54:27.084+0000] {logging_mixin.py:151} INFO - [2026-07-10T14:54:27.083+0000] {dagbag.py:539} INFO - Filling up the DagBag from /opt/airflow/dags/predict_daily.py
[2026-07-10T14:54:32.004+0000] {processor.py:841} WARNING - No viable dags retrieved from /opt/airflow/dags/predict_daily.py
[2026-07-10T14:54:32.042+0000] {processor.py:179} INFO - Processing /opt/airflow/dags/predict_daily.py took 4.973 seconds
[2026-07-10T14:55:02.510+0000] {processor.py:157} INFO - Started process (PID=44636) to work on /opt/airflow/dags/predict_daily.py
[2026-07-10T14:55:02.514+0000] {processor.py:829} INFO - Processing file /opt/airflow/dags/predict_daily.py for tasks to queue
[2026-07-10T14:55:02.517+0000] {logging_mixin.py:151} INFO - [2026-07-10T14:55:02.516+0000] {dagbag.py:539} INFO - Filling up the DagBag from /opt/airflow/dags/predict_daily.py
[2026-07-10T14:55:08.144+0000] {processor.py:841} WARNING - No viable dags retrieved from /opt/airflow/dags/predict_daily.py
[2026-07-10T14:55:08.160+0000] {processor.py:179} INFO - Processing /opt/airflow/dags/predict_daily.py took 5.657 seconds
[2026-07-10T14:55:39.271+0000] {processor.py:157} INFO - Started process (PID=44669) to work on /opt/airflow/dags/predict_daily.py
[2026-07-10T14:55:39.273+0000] {processor.py:829} INFO - Processing file /opt/airflow/dags/predict_daily.py for tasks to queue
[2026-07-10T14:55:39.276+0000] {logging_mixin.py:151} INFO - [2026-07-10T14:55:39.275+0000] {dagbag.py:539} INFO - Filling up the DagBag from /opt/airflow/dags/predict_daily.py
[2026-07-10T14:55:44.594+0000] {processor.py:841} WARNING - No viable dags retrieved from /opt/airflow/dags/predict_daily.py
[2026-07-10T14:55:44.622+0000] {processor.py:179} INFO - Processing /opt/airflow/dags/predict_daily.py took 5.357 seconds
[2026-07-10T14:56:15.796+0000] {processor.py:157} INFO - Started process (PID=44702) to work on /opt/airflow/dags/predict_daily.py
[2026-07-10T14:56:15.799+0000] {processor.py:829} INFO - Processing file /opt/airflow/dags/predict_daily.py for tasks to queue
[2026-07-10T14:56:15.800+0000] {logging_mixin.py:151} INFO - [2026-07-10T14:56:15.800+0000] {dagbag.py:539} INFO - Filling up the DagBag from /opt/airflow/dags/predict_daily.py
[2026-07-10T14:56:21.278+0000] {processor.py:841} WARNING - No viable dags retrieved from /opt/airflow/dags/predict_daily.py
[2026-07-10T14:56:21.313+0000] {processor.py:179} INFO - Processing /opt/airflow/dags/predict_daily.py took 5.528 seconds
[2026-07-10T14:56:51.574+0000] {processor.py:157} INFO - Started process (PID=44742) to work on /opt/airflow/dags/predict_daily.py
[2026-07-10T14:56:51.576+0000] {processor.py:829} INFO - Processing file /opt/airflow/dags/predict_daily.py for tasks to queue
[2026-07-10T14:56:51.577+0000] {logging_mixin.py:151} INFO - [2026-07-10T14:56:51.576+0000] {dagbag.py:539} INFO - Filling up the DagBag from /opt/airflow/dags/predict_daily.py
[2026-07-10T14:56:55.345+0000] {processor.py:841} WARNING - No viable dags retrieved from /opt/airflow/dags/predict_daily.py
[2026-07-10T14:56:55.419+0000] {processor.py:179} INFO - Processing /opt/airflow/dags/predict_daily.py took 3.848 seconds
[2026-07-10T14:57:25.630+0000] {processor.py:157} INFO - Started process (PID=44780) to work on /opt/airflow/dags/predict_daily.py
[2026-07-10T14:57:25.632+0000] {processor.py:829} INFO - Processing file /opt/airflow/dags/predict_daily.py for tasks to queue
[2026-07-10T14:57:25.634+0000] {logging_mixin.py:151} INFO - [2026-07-10T14:57:25.633+0000] {dagbag.py:539} INFO - Filling up the DagBag from /opt/airflow/dags/predict_daily.py
[2026-07-10T14:57:30.868+0000] {processor.py:841} WARNING - No viable dags retrieved from /opt/airflow/dags/predict_daily.py
[2026-07-10T14:57:30.893+0000] {processor.py:179} INFO - Processing /opt/airflow/dags/predict_daily.py took 5.270 seconds
[2026-07-10T14:58:01.753+0000] {processor.py:157} INFO - Started process (PID=44813) to work on /opt/airflow/dags/predict_daily.py
[2026-07-10T14:58:01.756+0000] {processor.py:829} INFO - Processing file /opt/airflow/dags/predict_daily.py for tasks to queue
[2026-07-10T14:58:01.758+0000] {logging_mixin.py:151} INFO - [2026-07-10T14:58:01.758+0000] {dagbag.py:539} INFO - Filling up the DagBag from /opt/airflow/dags/predict_daily.py
[2026-07-10T14:58:06.851+0000] {processor.py:841} WARNING - No viable dags retrieved from /opt/airflow/dags/predict_daily.py
[2026-07-10T14:58:06.876+0000] {processor.py:179} INFO - Processing /opt/airflow/dags/predict_daily.py took 5.129 seconds
[2026-07-10T14:58:37.507+0000] {processor.py:157} INFO - Started process (PID=44846) to work on /opt/airflow/dags/predict_daily.py
[2026-07-10T14:58:37.512+0000] {processor.py:829} INFO - Processing file /opt/airflow/dags/predict_daily.py for tasks to queue
[2026-07-10T14:58:37.514+0000] {logging_mixin.py:151} INFO - [2026-07-10T14:58:37.513+0000] {dagbag.py:539} INFO - Filling up the DagBag from /opt/airflow/dags/predict_daily.py
[2026-07-10T14:58:42.808+0000] {processor.py:841} WARNING - No viable dags retrieved from /opt/airflow/dags/predict_daily.py
[2026-07-10T14:58:42.833+0000] {processor.py:179} INFO - Processing /opt/airflow/dags/predict_daily.py took 5.332 seconds
[2026-07-10T14:59:13.201+0000] {processor.py:157} INFO - Started process (PID=44879) to work on /opt/airflow/dags/predict_daily.py
[2026-07-10T14:59:13.204+0000] {processor.py:829} INFO - Processing file /opt/airflow/dags/predict_daily.py for tasks to queue
[2026-07-10T14:59:13.207+0000] {logging_mixin.py:151} INFO - [2026-07-10T14:59:13.207+0000] {dagbag.py:539} INFO - Filling up the DagBag from /opt/airflow/dags/predict_daily.py
[2026-07-10T14:59:18.520+0000] {processor.py:841} WARNING - No viable dags retrieved from /opt/airflow/dags/predict_daily.py
[2026-07-10T14:59:18.544+0000] {processor.py:179} INFO - Processing /opt/airflow/dags/predict_daily.py took 5.355 seconds
[2026-07-10T14:59:48.973+0000] {processor.py:157} INFO - Started process (PID=44912) to work on /opt/airflow/dags/predict_daily.py
[2026-07-10T14:59:48.977+0000] {processor.py:829} INFO - Processing file /opt/airflow/dags/predict_daily.py for tasks to queue
[2026-07-10T14:59:48.980+0000] {logging_mixin.py:151} INFO - [2026-07-10T14:59:48.978+0000] {dagbag.py:539} INFO - Filling up the DagBag from /opt/airflow/dags/predict_daily.py
[2026-07-10T14:59:54.069+0000] {processor.py:841} WARNING - No viable dags retrieved from /opt/airflow/dags/predict_daily.py
[2026-07-10T14:59:54.088+0000] {processor.py:179} INFO - Processing /opt/airflow/dags/predict_daily.py took 5.124 seconds
[2026-07-10T15:00:24.742+0000] {processor.py:157} INFO - Started process (PID=44952) to work on /opt/airflow/dags/predict_daily.py
[2026-07-10T15:00:24.745+0000] {processor.py:829} INFO - Processing file /opt/airflow/dags/predict_daily.py for tasks to queue
[2026-07-10T15:00:24.748+0000] {logging_mixin.py:151} INFO - [2026-07-10T15:00:24.747+0000] {dagbag.py:539} INFO - Filling up the DagBag from /opt/airflow/dags/predict_daily.py
[2026-07-10T15:00:30.090+0000] {processor.py:841} WARNING - No viable dags retrieved from /opt/airflow/dags/predict_daily.py
[2026-07-10T15:00:30.115+0000] {processor.py:179} INFO - Processing /opt/airflow/dags/predict_daily.py took 5.384 seconds
[2026-07-10T15:01:00.295+0000] {processor.py:157} INFO - Started process (PID=44990) to work on /opt/airflow/dags/predict_daily.py
[2026-07-10T15:01:00.296+0000] {processor.py:829} INFO - Processing file /opt/airflow/dags/predict_daily.py for tasks to queue
[2026-07-10T15:01:00.297+0000] {logging_mixin.py:151} INFO - [2026-07-10T15:01:00.297+0000] {dagbag.py:539} INFO - Filling up the DagBag from /opt/airflow/dags/predict_daily.py
[2026-07-10T15:01:03.367+0000] {processor.py:841} WARNING - No viable dags retrieved from /opt/airflow/dags/predict_daily.py
[2026-07-10T15:01:03.415+0000] {processor.py:179} INFO - Processing /opt/airflow/dags/predict_daily.py took 3.125 seconds
[2026-07-10T15:01:33.812+0000] {processor.py:157} INFO - Started process (PID=45023) to work on /opt/airflow/dags/predict_daily.py
[2026-07-10T15:01:33.813+0000] {processor.py:829} INFO - Processing file /opt/airflow/dags/predict_daily.py for tasks to queue
[2026-07-10T15:01:33.815+0000] {logging_mixin.py:151} INFO - [2026-07-10T15:01:33.814+0000] {dagbag.py:539} INFO - Filling up the DagBag from /opt/airflow/dags/predict_daily.py
[2026-07-10T15:01:38.294+0000] {processor.py:841} WARNING - No viable dags retrieved from /opt/airflow/dags/predict_daily.py
[2026-07-10T15:01:38.310+0000] {processor.py:179} INFO - Processing /opt/airflow/dags/predict_daily.py took 4.504 seconds
[2026-07-10T15:02:08.748+0000] {processor.py:157} INFO - Started process (PID=45057) to work on /opt/airflow/dags/predict_daily.py
[2026-07-10T15:02:08.749+0000] {processor.py:829} INFO - Processing file /opt/airflow/dags/predict_daily.py for tasks to queue
[2026-07-10T15:02:08.751+0000] {logging_mixin.py:151} INFO - [2026-07-10T15:02:08.750+0000] {dagbag.py:539} INFO - Filling up the DagBag from /opt/airflow/dags/predict_daily.py
[2026-07-10T15:02:13.584+0000] {processor.py:841} WARNING - No viable dags retrieved from /opt/airflow/dags/predict_daily.py
[2026-07-10T15:02:13.604+0000] {processor.py:179} INFO - Processing /opt/airflow/dags/predict_daily.py took 4.861 seconds
[2026-07-10T15:02:44.341+0000] {processor.py:157} INFO - Started process (PID=45090) to work on /opt/airflow/dags/predict_daily.py
[2026-07-10T15:02:44.344+0000] {processor.py:829} INFO - Processing file /opt/airflow/dags/predict_daily.py for tasks to queue
[2026-07-10T15:02:44.347+0000] {logging_mixin.py:151} INFO - [2026-07-10T15:02:44.346+0000] {dagbag.py:539} INFO - Filling up the DagBag from /opt/airflow/dags/predict_daily.py
[2026-07-10T15:02:48.838+0000] {processor.py:841} WARNING - No viable dags retrieved from /opt/airflow/dags/predict_daily.py
[2026-07-10T15:02:48.872+0000] {processor.py:179} INFO - Processing /opt/airflow/dags/predict_daily.py took 4.542 seconds
[2026-07-10T15:03:19.959+0000] {processor.py:157} INFO - Started process (PID=45124) to work on /opt/airflow/dags/predict_daily.py
[2026-07-10T15:03:19.961+0000] {processor.py:829} INFO - Processing file /opt/airflow/dags/predict_daily.py for tasks to queue
[2026-07-10T15:03:19.962+0000] {logging_mixin.py:151} INFO - [2026-07-10T15:03:19.961+0000] {dagbag.py:539} INFO - Filling up the DagBag from /opt/airflow/dags/predict_daily.py
[2026-07-10T15:03:24.818+0000] {processor.py:841} WARNING - No viable dags retrieved from /opt/airflow/dags/predict_daily.py
[2026-07-10T15:03:24.841+0000] {processor.py:179} INFO - Processing /opt/airflow/dags/predict_daily.py took 4.886 seconds
[2026-07-10T15:03:55.244+0000] {processor.py:157} INFO - Started process (PID=45164) to work on /opt/airflow/dags/predict_daily.py
[2026-07-10T15:03:55.248+0000] {processor.py:829} INFO - Processing file /opt/airflow/dags/predict_daily.py for tasks to queue
[2026-07-10T15:03:55.249+0000] {logging_mixin.py:151} INFO - [2026-07-10T15:03:55.249+0000] {dagbag.py:539} INFO - Filling up the DagBag from /opt/airflow/dags/predict_daily.py
[2026-07-10T15:03:59.922+0000] {processor.py:841} WARNING - No viable dags retrieved from /opt/airflow/dags/predict_daily.py
[2026-07-10T15:03:59.954+0000] {processor.py:179} INFO - Processing /opt/airflow/dags/predict_daily.py took 4.720 seconds
[2026-07-10T15:04:30.431+0000] {processor.py:157} INFO - Started process (PID=45197) to work on /opt/airflow/dags/predict_daily.py
[2026-07-10T15:04:30.433+0000] {processor.py:829} INFO - Processing file /opt/airflow/dags/predict_daily.py for tasks to queue
[2026-07-10T15:04:30.435+0000] {logging_mixin.py:151} INFO - [2026-07-10T15:04:30.434+0000] {dagbag.py:539} INFO - Filling up the DagBag from /opt/airflow/dags/predict_daily.py
[2026-07-10T15:04:35.664+0000] {processor.py:841} WARNING - No viable dags retrieved from /opt/airflow/dags/predict_daily.py
[2026-07-10T15:04:35.695+0000] {processor.py:179} INFO - Processing /opt/airflow/dags/predict_daily.py took 5.270 seconds
[2026-07-10T15:05:06.726+0000] {processor.py:157} INFO - Started process (PID=45235) to work on /opt/airflow/dags/predict_daily.py
[2026-07-10T15:05:06.728+0000] {processor.py:829} INFO - Processing file /opt/airflow/dags/predict_daily.py for tasks to queue
[2026-07-10T15:05:06.729+0000] {logging_mixin.py:151} INFO - [2026-07-10T15:05:06.729+0000] {dagbag.py:539} INFO - Filling up the DagBag from /opt/airflow/dags/predict_daily.py
[2026-07-10T15:05:10.993+0000] {processor.py:841} WARNING - No viable dags retrieved from /opt/airflow/dags/predict_daily.py
[2026-07-10T15:05:11.075+0000] {processor.py:179} INFO - Processing /opt/airflow/dags/predict_daily.py took 4.353 seconds
[2026-07-10T15:05:41.966+0000] {processor.py:157} INFO - Started process (PID=45268) to work on /opt/airflow/dags/predict_daily.py
[2026-07-10T15:05:41.968+0000] {processor.py:829} INFO - Processing file /opt/airflow/dags/predict_daily.py for tasks to queue
[2026-07-10T15:05:41.970+0000] {logging_mixin.py:151} INFO - [2026-07-10T15:05:41.969+0000] {dagbag.py:539} INFO - Filling up the DagBag from /opt/airflow/dags/predict_daily.py
[2026-07-10T15:05:46.693+0000] {processor.py:841} WARNING - No viable dags retrieved from /opt/airflow/dags/predict_daily.py
[2026-07-10T15:05:46.731+0000] {processor.py:179} INFO - Processing /opt/airflow/dags/predict_daily.py took 4.769 seconds
[2026-07-10T15:06:17.418+0000] {processor.py:157} INFO - Started process (PID=45301) to work on /opt/airflow/dags/predict_daily.py
[2026-07-10T15:06:17.419+0000] {processor.py:829} INFO - Processing file /opt/airflow/dags/predict_daily.py for tasks to queue
[2026-07-10T15:06:17.422+0000] {logging_mixin.py:151} INFO - [2026-07-10T15:06:17.421+0000] {dagbag.py:539} INFO - Filling up the DagBag from /opt/airflow/dags/predict_daily.py
[2026-07-10T15:06:22.253+0000] {processor.py:841} WARNING - No viable dags retrieved from /opt/airflow/dags/predict_daily.py
[2026-07-10T15:06:22.278+0000] {processor.py:179} INFO - Processing /opt/airflow/dags/predict_daily.py took 4.873 seconds
[2026-07-10T15:06:52.698+0000] {processor.py:157} INFO - Started process (PID=45334) to work on /opt/airflow/dags/predict_daily.py
[2026-07-10T15:06:52.701+0000] {processor.py:829} INFO - Processing file /opt/airflow/dags/predict_daily.py for tasks to queue
[2026-07-10T15:06:52.704+0000] {logging_mixin.py:151} INFO - [2026-07-10T15:06:52.703+0000] {dagbag.py:539} INFO - Filling up the DagBag from /opt/airflow/dags/predict_daily.py
[2026-07-10T15:06:57.165+0000] {processor.py:841} WARNING - No viable dags retrieved from /opt/airflow/dags/predict_daily.py
[2026-07-10T15:06:57.192+0000] {processor.py:179} INFO - Processing /opt/airflow/dags/predict_daily.py took 4.507 seconds
[2026-07-10T15:07:27.508+0000] {processor.py:157} INFO - Started process (PID=45372) to work on /opt/airflow/dags/predict_daily.py
[2026-07-10T15:07:27.511+0000] {processor.py:829} INFO - Processing file /opt/airflow/dags/predict_daily.py for tasks to queue
[2026-07-10T15:07:27.519+0000] {logging_mixin.py:151} INFO - [2026-07-10T15:07:27.515+0000] {dagbag.py:539} INFO - Filling up the DagBag from /opt/airflow/dags/predict_daily.py
[2026-07-10T15:07:32.190+0000] {processor.py:841} WARNING - No viable dags retrieved from /opt/airflow/dags/predict_daily.py
[2026-07-10T15:07:32.203+0000] {processor.py:179} INFO - Processing /opt/airflow/dags/predict_daily.py took 4.702 seconds
[2026-07-10T15:08:02.987+0000] {processor.py:157} INFO - Started process (PID=45405) to work on /opt/airflow/dags/predict_daily.py
[2026-07-10T15:08:02.990+0000] {processor.py:829} INFO - Processing file /opt/airflow/dags/predict_daily.py for tasks to queue
[2026-07-10T15:08:02.993+0000] {logging_mixin.py:151} INFO - [2026-07-10T15:08:02.991+0000] {dagbag.py:539} INFO - Filling up the DagBag from /opt/airflow/dags/predict_daily.py
[2026-07-10T15:08:07.533+0000] {processor.py:841} WARNING - No viable dags retrieved from /opt/airflow/dags/predict_daily.py
[2026-07-10T15:08:07.562+0000] {processor.py:179} INFO - Processing /opt/airflow/dags/predict_daily.py took 4.582 seconds
[2026-07-10T15:08:38.342+0000] {processor.py:157} INFO - Started process (PID=45443) to work on /opt/airflow/dags/predict_daily.py
[2026-07-10T15:08:38.343+0000] {processor.py:829} INFO - Processing file /opt/airflow/dags/predict_daily.py for tasks to queue
[2026-07-10T15:08:38.344+0000] {logging_mixin.py:151} INFO - [2026-07-10T15:08:38.344+0000] {dagbag.py:539} INFO - Filling up the DagBag from /opt/airflow/dags/predict_daily.py
[2026-07-10T15:08:42.916+0000] {processor.py:841} WARNING - No viable dags retrieved from /opt/airflow/dags/predict_daily.py
[2026-07-10T15:08:42.940+0000] {processor.py:179} INFO - Processing /opt/airflow/dags/predict_daily.py took 4.603 seconds
[2026-07-10T15:09:13.761+0000] {processor.py:157} INFO - Started process (PID=45476) to work on /opt/airflow/dags/predict_daily.py
[2026-07-10T15:09:13.763+0000] {processor.py:829} INFO - Processing file /opt/airflow/dags/predict_daily.py for tasks to queue
[2026-07-10T15:09:13.765+0000] {logging_mixin.py:151} INFO - [2026-07-10T15:09:13.764+0000] {dagbag.py:539} INFO - Filling up the DagBag from /opt/airflow/dags/predict_daily.py
[2026-07-10T15:09:19.818+0000] {processor.py:841} WARNING - No viable dags retrieved from /opt/airflow/dags/predict_daily.py
[2026-07-10T15:09:19.938+0000] {processor.py:179} INFO - Processing /opt/airflow/dags/predict_daily.py took 6.187 seconds
[2026-07-10T15:09:50.528+0000] {processor.py:157} INFO - Started process (PID=45509) to work on /opt/airflow/dags/predict_daily.py
[2026-07-10T15:09:50.529+0000] {processor.py:829} INFO - Processing file /opt/airflow/dags/predict_daily.py for tasks to queue
[2026-07-10T15:09:50.530+0000] {logging_mixin.py:151} INFO - [2026-07-10T15:09:50.530+0000] {dagbag.py:539} INFO - Filling up the DagBag from /opt/airflow/dags/predict_daily.py
[2026-07-10T15:09:55.341+0000] {processor.py:841} WARNING - No viable dags retrieved from /opt/airflow/dags/predict_daily.py
[2026-07-10T15:09:55.362+0000] {processor.py:179} INFO - Processing /opt/airflow/dags/predict_daily.py took 4.838 seconds
[2026-07-10T15:10:25.602+0000] {processor.py:157} INFO - Started process (PID=45549) to work on /opt/airflow/dags/predict_daily.py
[2026-07-10T15:10:25.604+0000] {processor.py:829} INFO - Processing file /opt/airflow/dags/predict_daily.py for tasks to queue
[2026-07-10T15:10:25.606+0000] {logging_mixin.py:151} INFO - [2026-07-10T15:10:25.605+0000] {dagbag.py:539} INFO - Filling up the DagBag from /opt/airflow/dags/predict_daily.py
[2026-07-10T15:10:30.363+0000] {processor.py:841} WARNING - No viable dags retrieved from /opt/airflow/dags/predict_daily.py
[2026-07-10T15:10:30.387+0000] {processor.py:179} INFO - Processing /opt/airflow/dags/predict_daily.py took 4.794 seconds
[2026-07-10T15:11:00.856+0000] {processor.py:157} INFO - Started process (PID=45582) to work on /opt/airflow/dags/predict_daily.py
[2026-07-10T15:11:00.859+0000] {processor.py:829} INFO - Processing file /opt/airflow/dags/predict_daily.py for tasks to queue
[2026-07-10T15:11:00.863+0000] {logging_mixin.py:151} INFO - [2026-07-10T15:11:00.862+0000] {dagbag.py:539} INFO - Filling up the DagBag from /opt/airflow/dags/predict_daily.py
[2026-07-10T15:11:06.188+0000] {processor.py:841} WARNING - No viable dags retrieved from /opt/airflow/dags/predict_daily.py
[2026-07-10T15:11:06.214+0000] {processor.py:179} INFO - Processing /opt/airflow/dags/predict_daily.py took 5.371 seconds
[2026-07-10T15:11:36.592+0000] {processor.py:157} INFO - Started process (PID=45615) to work on /opt/airflow/dags/predict_daily.py
[2026-07-10T15:11:36.594+0000] {processor.py:829} INFO - Processing file /opt/airflow/dags/predict_daily.py for tasks to queue
[2026-07-10T15:11:36.595+0000] {logging_mixin.py:151} INFO - [2026-07-10T15:11:36.595+0000] {dagbag.py:539} INFO - Filling up the DagBag from /opt/airflow/dags/predict_daily.py
[2026-07-10T15:11:41.096+0000] {processor.py:841} WARNING - No viable dags retrieved from /opt/airflow/dags/predict_daily.py
[2026-07-10T15:11:41.117+0000] {processor.py:179} INFO - Processing /opt/airflow/dags/predict_daily.py took 4.533 seconds
[2026-07-10T15:12:11.830+0000] {processor.py:157} INFO - Started process (PID=45653) to work on /opt/airflow/dags/predict_daily.py
[2026-07-10T15:12:11.834+0000] {processor.py:829} INFO - Processing file /opt/airflow/dags/predict_daily.py for tasks to queue
[2026-07-10T15:12:11.837+0000] {logging_mixin.py:151} INFO - [2026-07-10T15:12:11.836+0000] {dagbag.py:539} INFO - Filling up the DagBag from /opt/airflow/dags/predict_daily.py
[2026-07-10T15:12:16.462+0000] {processor.py:841} WARNING - No viable dags retrieved from /opt/airflow/dags/predict_daily.py
[2026-07-10T15:12:16.489+0000] {processor.py:179} INFO - Processing /opt/airflow/dags/predict_daily.py took 4.665 seconds
[2026-07-10T15:12:47.374+0000] {processor.py:157} INFO - Started process (PID=45687) to work on /opt/airflow/dags/predict_daily.py
[2026-07-10T15:12:47.375+0000] {processor.py:829} INFO - Processing file /opt/airflow/dags/predict_daily.py for tasks to queue
[2026-07-10T15:12:47.377+0000] {logging_mixin.py:151} INFO - [2026-07-10T15:12:47.376+0000] {dagbag.py:539} INFO - Filling up the DagBag from /opt/airflow/dags/predict_daily.py
[2026-07-10T15:12:52.129+0000] {processor.py:841} WARNING - No viable dags retrieved from /opt/airflow/dags/predict_daily.py
[2026-07-10T15:12:52.160+0000] {processor.py:179} INFO - Processing /opt/airflow/dags/predict_daily.py took 4.794 seconds
[2026-07-10T15:13:22.855+0000] {processor.py:157} INFO - Started process (PID=45720) to work on /opt/airflow/dags/predict_daily.py
[2026-07-10T15:13:22.858+0000] {processor.py:829} INFO - Processing file /opt/airflow/dags/predict_daily.py for tasks to queue
[2026-07-10T15:13:22.860+0000] {logging_mixin.py:151} INFO - [2026-07-10T15:13:22.859+0000] {dagbag.py:539} INFO - Filling up the DagBag from /opt/airflow/dags/predict_daily.py
[2026-07-10T15:13:30.691+0000] {processor.py:841} WARNING - No viable dags retrieved from /opt/airflow/dags/predict_daily.py
[2026-07-10T15:13:30.818+0000] {processor.py:179} INFO - Processing /opt/airflow/dags/predict_daily.py took 7.970 seconds
[2026-07-10T15:14:01.395+0000] {processor.py:157} INFO - Started process (PID=45759) to work on /opt/airflow/dags/predict_daily.py
[2026-07-10T15:14:01.398+0000] {processor.py:829} INFO - Processing file /opt/airflow/dags/predict_daily.py for tasks to queue
[2026-07-10T15:14:01.400+0000] {logging_mixin.py:151} INFO - [2026-07-10T15:14:01.400+0000] {dagbag.py:539} INFO - Filling up the DagBag from /opt/airflow/dags/predict_daily.py
[2026-07-10T15:14:06.354+0000] {processor.py:841} WARNING - No viable dags retrieved from /opt/airflow/dags/predict_daily.py
[2026-07-10T15:14:06.406+0000] {processor.py:179} INFO - Processing /opt/airflow/dags/predict_daily.py took 5.018 seconds
[2026-07-10T15:14:37.288+0000] {processor.py:157} INFO - Started process (PID=45793) to work on /opt/airflow/dags/predict_daily.py
[2026-07-10T15:14:37.290+0000] {processor.py:829} INFO - Processing file /opt/airflow/dags/predict_daily.py for tasks to queue
[2026-07-10T15:14:37.293+0000] {logging_mixin.py:151} INFO - [2026-07-10T15:14:37.292+0000] {dagbag.py:539} INFO - Filling up the DagBag from /opt/airflow/dags/predict_daily.py
[2026-07-10T15:14:42.983+0000] {processor.py:841} WARNING - No viable dags retrieved from /opt/airflow/dags/predict_daily.py
[2026-07-10T15:14:43.011+0000] {processor.py:179} INFO - Processing /opt/airflow/dags/predict_daily.py took 5.733 seconds
[2026-07-10T15:15:13.681+0000] {processor.py:157} INFO - Started process (PID=45826) to work on /opt/airflow/dags/predict_daily.py
[2026-07-10T15:15:13.683+0000] {processor.py:829} INFO - Processing file /opt/airflow/dags/predict_daily.py for tasks to queue
[2026-07-10T15:15:13.685+0000] {logging_mixin.py:151} INFO - [2026-07-10T15:15:13.685+0000] {dagbag.py:539} INFO - Filling up the DagBag from /opt/airflow/dags/predict_daily.py
[2026-07-10T15:15:18.752+0000] {processor.py:841} WARNING - No viable dags retrieved from /opt/airflow/dags/predict_daily.py
[2026-07-10T15:15:18.778+0000] {processor.py:179} INFO - Processing /opt/airflow/dags/predict_daily.py took 5.103 seconds
[2026-07-10T15:15:49.168+0000] {processor.py:157} INFO - Started process (PID=45864) to work on /opt/airflow/dags/predict_daily.py
[2026-07-10T15:15:49.171+0000] {processor.py:829} INFO - Processing file /opt/airflow/dags/predict_daily.py for tasks to queue
[2026-07-10T15:15:49.175+0000] {logging_mixin.py:151} INFO - [2026-07-10T15:15:49.174+0000] {dagbag.py:539} INFO - Filling up the DagBag from /opt/airflow/dags/predict_daily.py
[2026-07-10T15:15:54.213+0000] {processor.py:841} WARNING - No viable dags retrieved from /opt/airflow/dags/predict_daily.py
[2026-07-10T15:15:54.234+0000] {processor.py:179} INFO - Processing /opt/airflow/dags/predict_daily.py took 5.075 seconds
[2026-07-10T15:16:25.120+0000] {processor.py:157} INFO - Started process (PID=45897) to work on /opt/airflow/dags/predict_daily.py
[2026-07-10T15:16:25.123+0000] {processor.py:829} INFO - Processing file /opt/airflow/dags/predict_daily.py for tasks to queue
[2026-07-10T15:16:25.126+0000] {logging_mixin.py:151} INFO - [2026-07-10T15:16:25.125+0000] {dagbag.py:539} INFO - Filling up the DagBag from /opt/airflow/dags/predict_daily.py
[2026-07-10T15:16:30.301+0000] {processor.py:841} WARNING - No viable dags retrieved from /opt/airflow/dags/predict_daily.py
[2026-07-10T15:16:30.337+0000] {processor.py:179} INFO - Processing /opt/airflow/dags/predict_daily.py took 5.224 seconds
[2026-07-10T15:17:00.954+0000] {processor.py:157} INFO - Started process (PID=45937) to work on /opt/airflow/dags/predict_daily.py
[2026-07-10T15:17:00.957+0000] {processor.py:829} INFO - Processing file /opt/airflow/dags/predict_daily.py for tasks to queue
[2026-07-10T15:17:00.959+0000] {logging_mixin.py:151} INFO - [2026-07-10T15:17:00.958+0000] {dagbag.py:539} INFO - Filling up the DagBag from /opt/airflow/dags/predict_daily.py
[2026-07-10T15:17:06.205+0000] {processor.py:841} WARNING - No viable dags retrieved from /opt/airflow/dags/predict_daily.py
[2026-07-10T15:17:06.223+0000] {processor.py:179} INFO - Processing /opt/airflow/dags/predict_daily.py took 5.277 seconds
[2026-07-10T15:17:36.709+0000] {processor.py:157} INFO - Started process (PID=45970) to work on /opt/airflow/dags/predict_daily.py
[2026-07-10T15:17:36.711+0000] {processor.py:829} INFO - Processing file /opt/airflow/dags/predict_daily.py for tasks to queue
[2026-07-10T15:17:36.712+0000] {logging_mixin.py:151} INFO - [2026-07-10T15:17:36.711+0000] {dagbag.py:539} INFO - Filling up the DagBag from /opt/airflow/dags/predict_daily.py
[2026-07-10T15:17:44.452+0000] {processor.py:841} WARNING - No viable dags retrieved from /opt/airflow/dags/predict_daily.py
[2026-07-10T15:17:44.668+0000] {processor.py:179} INFO - Processing /opt/airflow/dags/predict_daily.py took 7.963 seconds
[2026-07-10T15:18:15.467+0000] {processor.py:157} INFO - Started process (PID=46003) to work on /opt/airflow/dags/predict_daily.py
[2026-07-10T15:18:15.469+0000] {processor.py:829} INFO - Processing file /opt/airflow/dags/predict_daily.py for tasks to queue
[2026-07-10T15:18:15.472+0000] {logging_mixin.py:151} INFO - [2026-07-10T15:18:15.471+0000] {dagbag.py:539} INFO - Filling up the DagBag from /opt/airflow/dags/predict_daily.py
[2026-07-10T15:18:20.452+0000] {processor.py:841} WARNING - No viable dags retrieved from /opt/airflow/dags/predict_daily.py
[2026-07-10T15:18:20.521+0000] {processor.py:179} INFO - Processing /opt/airflow/dags/predict_daily.py took 5.062 seconds
[2026-07-10T15:18:51.269+0000] {processor.py:157} INFO - Started process (PID=46036) to work on /opt/airflow/dags/predict_daily.py
[2026-07-10T15:18:51.272+0000] {processor.py:829} INFO - Processing file /opt/airflow/dags/predict_daily.py for tasks to queue
[2026-07-10T15:18:51.277+0000] {logging_mixin.py:151} INFO - [2026-07-10T15:18:51.274+0000] {dagbag.py:539} INFO - Filling up the DagBag from /opt/airflow/dags/predict_daily.py
[2026-07-10T15:18:56.060+0000] {processor.py:841} WARNING - No viable dags retrieved from /opt/airflow/dags/predict_daily.py
[2026-07-10T15:18:56.079+0000] {processor.py:179} INFO - Processing /opt/airflow/dags/predict_daily.py took 4.817 seconds
[2026-07-10T15:19:26.644+0000] {processor.py:157} INFO - Started process (PID=46074) to work on /opt/airflow/dags/predict_daily.py
[2026-07-10T15:19:26.650+0000] {processor.py:829} INFO - Processing file /opt/airflow/dags/predict_daily.py for tasks to queue
[2026-07-10T15:19:26.653+0000] {logging_mixin.py:151} INFO - [2026-07-10T15:19:26.652+0000] {dagbag.py:539} INFO - Filling up the DagBag from /opt/airflow/dags/predict_daily.py
[2026-07-10T15:19:31.624+0000] {processor.py:841} WARNING - No viable dags retrieved from /opt/airflow/dags/predict_daily.py
[2026-07-10T15:19:31.648+0000] {processor.py:179} INFO - Processing /opt/airflow/dags/predict_daily.py took 5.013 seconds
[2026-07-10T15:20:02.238+0000] {processor.py:157} INFO - Started process (PID=46114) to work on /opt/airflow/dags/predict_daily.py
[2026-07-10T15:20:02.242+0000] {processor.py:829} INFO - Processing file /opt/airflow/dags/predict_daily.py for tasks to queue
[2026-07-10T15:20:02.245+0000] {logging_mixin.py:151} INFO - [2026-07-10T15:20:02.244+0000] {dagbag.py:539} INFO - Filling up the DagBag from /opt/airflow/dags/predict_daily.py
[2026-07-10T15:20:06.917+0000] {processor.py:841} WARNING - No viable dags retrieved from /opt/airflow/dags/predict_daily.py
[2026-07-10T15:20:06.955+0000] {processor.py:179} INFO - Processing /opt/airflow/dags/predict_daily.py took 4.728 seconds
[2026-07-10T15:20:37.802+0000] {processor.py:157} INFO - Started process (PID=46148) to work on /opt/airflow/dags/predict_daily.py
[2026-07-10T15:20:37.804+0000] {processor.py:829} INFO - Processing file /opt/airflow/dags/predict_daily.py for tasks to queue
[2026-07-10T15:20:37.807+0000] {logging_mixin.py:151} INFO - [2026-07-10T15:20:37.806+0000] {dagbag.py:539} INFO - Filling up the DagBag from /opt/airflow/dags/predict_daily.py
[2026-07-10T15:20:42.649+0000] {processor.py:841} WARNING - No viable dags retrieved from /opt/airflow/dags/predict_daily.py
[2026-07-10T15:20:42.684+0000] {processor.py:179} INFO - Processing /opt/airflow/dags/predict_daily.py took 4.889 seconds
[2026-07-10T15:21:13.468+0000] {processor.py:157} INFO - Started process (PID=46181) to work on /opt/airflow/dags/predict_daily.py
[2026-07-10T15:21:13.471+0000] {processor.py:829} INFO - Processing file /opt/airflow/dags/predict_daily.py for tasks to queue
[2026-07-10T15:21:13.472+0000] {logging_mixin.py:151} INFO - [2026-07-10T15:21:13.472+0000] {dagbag.py:539} INFO - Filling up the DagBag from /opt/airflow/dags/predict_daily.py
[2026-07-10T15:21:18.233+0000] {processor.py:841} WARNING - No viable dags retrieved from /opt/airflow/dags/predict_daily.py
[2026-07-10T15:21:18.246+0000] {processor.py:179} INFO - Processing /opt/airflow/dags/predict_daily.py took 4.786 seconds
[2026-07-10T15:21:48.861+0000] {processor.py:157} INFO - Started process (PID=46214) to work on /opt/airflow/dags/predict_daily.py
[2026-07-10T15:21:48.865+0000] {processor.py:829} INFO - Processing file /opt/airflow/dags/predict_daily.py for tasks to queue
[2026-07-10T15:21:48.869+0000] {logging_mixin.py:151} INFO - [2026-07-10T15:21:48.868+0000] {dagbag.py:539} INFO - Filling up the DagBag from /opt/airflow/dags/predict_daily.py
[2026-07-10T15:21:55.940+0000] {processor.py:841} WARNING - No viable dags retrieved from /opt/airflow/dags/predict_daily.py
[2026-07-10T15:21:56.022+0000] {processor.py:179} INFO - Processing /opt/airflow/dags/predict_daily.py took 7.179 seconds
[2026-07-10T15:22:26.667+0000] {processor.py:157} INFO - Started process (PID=46247) to work on /opt/airflow/dags/predict_daily.py
[2026-07-10T15:22:26.670+0000] {processor.py:829} INFO - Processing file /opt/airflow/dags/predict_daily.py for tasks to queue
[2026-07-10T15:22:26.673+0000] {logging_mixin.py:151} INFO - [2026-07-10T15:22:26.672+0000] {dagbag.py:539} INFO - Filling up the DagBag from /opt/airflow/dags/predict_daily.py
[2026-07-10T15:22:31.564+0000] {processor.py:841} WARNING - No viable dags retrieved from /opt/airflow/dags/predict_daily.py
[2026-07-10T15:22:31.587+0000] {processor.py:179} INFO - Processing /opt/airflow/dags/predict_daily.py took 4.927 seconds
[2026-07-10T15:23:01.984+0000] {processor.py:157} INFO - Started process (PID=46287) to work on /opt/airflow/dags/predict_daily.py
[2026-07-10T15:23:01.988+0000] {processor.py:829} INFO - Processing file /opt/airflow/dags/predict_daily.py for tasks to queue
[2026-07-10T15:23:01.991+0000] {logging_mixin.py:151} INFO - [2026-07-10T15:23:01.990+0000] {dagbag.py:539} INFO - Filling up the DagBag from /opt/airflow/dags/predict_daily.py
[2026-07-10T15:23:06.955+0000] {processor.py:841} WARNING - No viable dags retrieved from /opt/airflow/dags/predict_daily.py
[2026-07-10T15:23:06.978+0000] {processor.py:179} INFO - Processing /opt/airflow/dags/predict_daily.py took 5.001 seconds
[2026-07-10T15:23:37.769+0000] {processor.py:157} INFO - Started process (PID=46320) to work on /opt/airflow/dags/predict_daily.py
[2026-07-10T15:23:37.772+0000] {processor.py:829} INFO - Processing file /opt/airflow/dags/predict_daily.py for tasks to queue
[2026-07-10T15:23:37.777+0000] {logging_mixin.py:151} INFO - [2026-07-10T15:23:37.774+0000] {dagbag.py:539} INFO - Filling up the DagBag from /opt/airflow/dags/predict_daily.py
[2026-07-10T15:23:42.731+0000] {processor.py:841} WARNING - No viable dags retrieved from /opt/airflow/dags/predict_daily.py
[2026-07-10T15:23:42.768+0000] {processor.py:179} INFO - Processing /opt/airflow/dags/predict_daily.py took 5.006 seconds
[2026-07-10T15:24:13.249+0000] {processor.py:157} INFO - Started process (PID=46358) to work on /opt/airflow/dags/predict_daily.py
[2026-07-10T15:24:13.251+0000] {processor.py:829} INFO - Processing file /opt/airflow/dags/predict_daily.py for tasks to queue
[2026-07-10T15:24:13.252+0000] {logging_mixin.py:151} INFO - [2026-07-10T15:24:13.252+0000] {dagbag.py:539} INFO - Filling up the DagBag from /opt/airflow/dags/predict_daily.py
[2026-07-10T15:24:18.017+0000] {processor.py:841} WARNING - No viable dags retrieved from /opt/airflow/dags/predict_daily.py
[2026-07-10T15:24:18.039+0000] {processor.py:179} INFO - Processing /opt/airflow/dags/predict_daily.py took 4.795 seconds
[2026-07-10T15:24:48.651+0000] {processor.py:157} INFO - Started process (PID=46391) to work on /opt/airflow/dags/predict_daily.py
[2026-07-10T15:24:48.653+0000] {processor.py:829} INFO - Processing file /opt/airflow/dags/predict_daily.py for tasks to queue
[2026-07-10T15:24:48.656+0000] {logging_mixin.py:151} INFO - [2026-07-10T15:24:48.655+0000] {dagbag.py:539} INFO - Filling up the DagBag from /opt/airflow/dags/predict_daily.py
[2026-07-10T15:24:53.911+0000] {processor.py:841} WARNING - No viable dags retrieved from /opt/airflow/dags/predict_daily.py
[2026-07-10T15:24:53.937+0000] {processor.py:179} INFO - Processing /opt/airflow/dags/predict_daily.py took 5.295 seconds
[2026-07-10T15:25:24.956+0000] {processor.py:157} INFO - Started process (PID=46424) to work on /opt/airflow/dags/predict_daily.py
[2026-07-10T15:25:24.958+0000] {processor.py:829} INFO - Processing file /opt/airflow/dags/predict_daily.py for tasks to queue
[2026-07-10T15:25:24.959+0000] {logging_mixin.py:151} INFO - [2026-07-10T15:25:24.958+0000] {dagbag.py:539} INFO - Filling up the DagBag from /opt/airflow/dags/predict_daily.py
[2026-07-10T15:25:28.026+0000] {processor.py:841} WARNING - No viable dags retrieved from /opt/airflow/dags/predict_daily.py
[2026-07-10T15:25:28.043+0000] {processor.py:179} INFO - Processing /opt/airflow/dags/predict_daily.py took 3.092 seconds
[2026-07-10T15:25:58.658+0000] {processor.py:157} INFO - Started process (PID=46457) to work on /opt/airflow/dags/predict_daily.py
[2026-07-10T15:25:58.661+0000] {processor.py:829} INFO - Processing file /opt/airflow/dags/predict_daily.py for tasks to queue
[2026-07-10T15:25:58.664+0000] {logging_mixin.py:151} INFO - [2026-07-10T15:25:58.663+0000] {dagbag.py:539} INFO - Filling up the DagBag from /opt/airflow/dags/predict_daily.py
[2026-07-10T15:26:04.771+0000] {processor.py:841} WARNING - No viable dags retrieved from /opt/airflow/dags/predict_daily.py
[2026-07-10T15:26:04.831+0000] {processor.py:179} INFO - Processing /opt/airflow/dags/predict_daily.py took 6.179 seconds
[2026-07-10T15:26:35.314+0000] {processor.py:157} INFO - Started process (PID=46498) to work on /opt/airflow/dags/predict_daily.py
[2026-07-10T15:26:35.316+0000] {processor.py:829} INFO - Processing file /opt/airflow/dags/predict_daily.py for tasks to queue
[2026-07-10T15:26:35.323+0000] {logging_mixin.py:151} INFO - [2026-07-10T15:26:35.321+0000] {dagbag.py:539} INFO - Filling up the DagBag from /opt/airflow/dags/predict_daily.py
[2026-07-10T15:26:39.905+0000] {processor.py:841} WARNING - No viable dags retrieved from /opt/airflow/dags/predict_daily.py
[2026-07-10T15:26:39.929+0000] {processor.py:179} INFO - Processing /opt/airflow/dags/predict_daily.py took 4.622 seconds
[2026-07-10T15:27:10.593+0000] {processor.py:157} INFO - Started process (PID=46531) to work on /opt/airflow/dags/predict_daily.py
[2026-07-10T15:27:10.598+0000] {processor.py:829} INFO - Processing file /opt/airflow/dags/predict_daily.py for tasks to queue
[2026-07-10T15:27:10.600+0000] {logging_mixin.py:151} INFO - [2026-07-10T15:27:10.600+0000] {dagbag.py:539} INFO - Filling up the DagBag from /opt/airflow/dags/predict_daily.py
[2026-07-10T15:27:15.872+0000] {processor.py:841} WARNING - No viable dags retrieved from /opt/airflow/dags/predict_daily.py
[2026-07-10T15:27:15.899+0000] {processor.py:179} INFO - Processing /opt/airflow/dags/predict_daily.py took 5.314 seconds
[2026-07-10T15:27:46.631+0000] {processor.py:157} INFO - Started process (PID=46565) to work on /opt/airflow/dags/predict_daily.py
[2026-07-10T15:27:46.634+0000] {processor.py:829} INFO - Processing file /opt/airflow/dags/predict_daily.py for tasks to queue
[2026-07-10T15:27:46.637+0000] {logging_mixin.py:151} INFO - [2026-07-10T15:27:46.636+0000] {dagbag.py:539} INFO - Filling up the DagBag from /opt/airflow/dags/predict_daily.py
[2026-07-10T15:27:51.442+0000] {processor.py:841} WARNING - No viable dags retrieved from /opt/airflow/dags/predict_daily.py
[2026-07-10T15:27:51.493+0000] {processor.py:179} INFO - Processing /opt/airflow/dags/predict_daily.py took 4.877 seconds
[2026-07-10T15:28:21.937+0000] {processor.py:157} INFO - Started process (PID=46603) to work on /opt/airflow/dags/predict_daily.py
[2026-07-10T15:28:21.939+0000] {processor.py:829} INFO - Processing file /opt/airflow/dags/predict_daily.py for tasks to queue
[2026-07-10T15:28:21.942+0000] {logging_mixin.py:151} INFO - [2026-07-10T15:28:21.941+0000] {dagbag.py:539} INFO - Filling up the DagBag from /opt/airflow/dags/predict_daily.py
[2026-07-10T15:28:27.117+0000] {processor.py:841} WARNING - No viable dags retrieved from /opt/airflow/dags/predict_daily.py
[2026-07-10T15:28:27.155+0000] {processor.py:179} INFO - Processing /opt/airflow/dags/predict_daily.py took 5.225 seconds
[2026-07-10T15:28:57.512+0000] {processor.py:157} INFO - Started process (PID=46636) to work on /opt/airflow/dags/predict_daily.py
[2026-07-10T15:28:57.514+0000] {processor.py:829} INFO - Processing file /opt/airflow/dags/predict_daily.py for tasks to queue
[2026-07-10T15:28:57.520+0000] {logging_mixin.py:151} INFO - [2026-07-10T15:28:57.517+0000] {dagbag.py:539} INFO - Filling up the DagBag from /opt/airflow/dags/predict_daily.py
[2026-07-10T15:29:02.353+0000] {processor.py:841} WARNING - No viable dags retrieved from /opt/airflow/dags/predict_daily.py
[2026-07-10T15:29:02.380+0000] {processor.py:179} INFO - Processing /opt/airflow/dags/predict_daily.py took 4.880 seconds
[2026-07-10T15:29:33.089+0000] {processor.py:157} INFO - Started process (PID=46676) to work on /opt/airflow/dags/predict_daily.py
[2026-07-10T15:29:33.091+0000] {processor.py:829} INFO - Processing file /opt/airflow/dags/predict_daily.py for tasks to queue
[2026-07-10T15:29:33.094+0000] {logging_mixin.py:151} INFO - [2026-07-10T15:29:33.093+0000] {dagbag.py:539} INFO - Filling up the DagBag from /opt/airflow/dags/predict_daily.py
[2026-07-10T15:29:39.594+0000] {processor.py:841} WARNING - No viable dags retrieved from /opt/airflow/dags/predict_daily.py
[2026-07-10T15:29:39.666+0000] {processor.py:179} INFO - Processing /opt/airflow/dags/predict_daily.py took 6.584 seconds
[2026-07-10T15:30:10.721+0000] {processor.py:157} INFO - Started process (PID=46709) to work on /opt/airflow/dags/predict_daily.py
[2026-07-10T15:30:10.729+0000] {processor.py:829} INFO - Processing file /opt/airflow/dags/predict_daily.py for tasks to queue
[2026-07-10T15:30:10.731+0000] {logging_mixin.py:151} INFO - [2026-07-10T15:30:10.731+0000] {dagbag.py:539} INFO - Filling up the DagBag from /opt/airflow/dags/predict_daily.py
[2026-07-10T15:30:15.955+0000] {processor.py:841} WARNING - No viable dags retrieved from /opt/airflow/dags/predict_daily.py
[2026-07-10T15:30:16.014+0000] {processor.py:179} INFO - Processing /opt/airflow/dags/predict_daily.py took 5.300 seconds
[2026-07-10T15:30:46.348+0000] {processor.py:157} INFO - Started process (PID=46742) to work on /opt/airflow/dags/predict_daily.py
[2026-07-10T15:30:46.350+0000] {processor.py:829} INFO - Processing file /opt/airflow/dags/predict_daily.py for tasks to queue
[2026-07-10T15:30:46.352+0000] {logging_mixin.py:151} INFO - [2026-07-10T15:30:46.351+0000] {dagbag.py:539} INFO - Filling up the DagBag from /opt/airflow/dags/predict_daily.py
[2026-07-10T15:30:51.589+0000] {processor.py:841} WARNING - No viable dags retrieved from /opt/airflow/dags/predict_daily.py
[2026-07-10T15:30:51.615+0000] {processor.py:179} INFO - Processing /opt/airflow/dags/predict_daily.py took 5.283 seconds
[2026-07-10T15:31:21.860+0000] {processor.py:157} INFO - Started process (PID=46774) to work on /opt/airflow/dags/predict_daily.py
[2026-07-10T15:31:21.862+0000] {processor.py:829} INFO - Processing file /opt/airflow/dags/predict_daily.py for tasks to queue
[2026-07-10T15:31:21.864+0000] {logging_mixin.py:151} INFO - [2026-07-10T15:31:21.863+0000] {dagbag.py:539} INFO - Filling up the DagBag from /opt/airflow/dags/predict_daily.py
[2026-07-10T15:31:26.731+0000] {processor.py:841} WARNING - No viable dags retrieved from /opt/airflow/dags/predict_daily.py
[2026-07-10T15:31:26.774+0000] {processor.py:179} INFO - Processing /opt/airflow/dags/predict_daily.py took 4.920 seconds
[2026-07-10T15:31:57.206+0000] {processor.py:157} INFO - Started process (PID=46807) to work on /opt/airflow/dags/predict_daily.py
[2026-07-10T15:31:57.211+0000] {processor.py:829} INFO - Processing file /opt/airflow/dags/predict_daily.py for tasks to queue
[2026-07-10T15:31:57.212+0000] {logging_mixin.py:151} INFO - [2026-07-10T15:31:57.212+0000] {dagbag.py:539} INFO - Filling up the DagBag from /opt/airflow/dags/predict_daily.py
[2026-07-10T15:32:01.862+0000] {processor.py:841} WARNING - No viable dags retrieved from /opt/airflow/dags/predict_daily.py
[2026-07-10T15:32:01.890+0000] {processor.py:179} INFO - Processing /opt/airflow/dags/predict_daily.py took 4.689 seconds
[2026-07-10T15:32:32.203+0000] {processor.py:157} INFO - Started process (PID=46851) to work on /opt/airflow/dags/predict_daily.py
[2026-07-10T15:32:32.204+0000] {processor.py:829} INFO - Processing file /opt/airflow/dags/predict_daily.py for tasks to queue
[2026-07-10T15:32:32.206+0000] {logging_mixin.py:151} INFO - [2026-07-10T15:32:32.205+0000] {dagbag.py:539} INFO - Filling up the DagBag from /opt/airflow/dags/predict_daily.py
[2026-07-10T15:32:37.034+0000] {processor.py:841} WARNING - No viable dags retrieved from /opt/airflow/dags/predict_daily.py
[2026-07-10T15:32:37.056+0000] {processor.py:179} INFO - Processing /opt/airflow/dags/predict_daily.py took 4.861 seconds
[2026-07-10T15:33:07.816+0000] {processor.py:157} INFO - Started process (PID=46884) to work on /opt/airflow/dags/predict_daily.py
[2026-07-10T15:33:07.819+0000] {processor.py:829} INFO - Processing file /opt/airflow/dags/predict_daily.py for tasks to queue
[2026-07-10T15:33:07.823+0000] {logging_mixin.py:151} INFO - [2026-07-10T15:33:07.820+0000] {dagbag.py:539} INFO - Filling up the DagBag from /opt/airflow/dags/predict_daily.py
[2026-07-10T15:33:12.379+0000] {processor.py:841} WARNING - No viable dags retrieved from /opt/airflow/dags/predict_daily.py
[2026-07-10T15:33:12.403+0000] {processor.py:179} INFO - Processing /opt/airflow/dags/predict_daily.py took 4.594 seconds
[2026-07-10T15:33:43.101+0000] {processor.py:157} INFO - Started process (PID=46917) to work on /opt/airflow/dags/predict_daily.py
[2026-07-10T15:33:43.103+0000] {processor.py:829} INFO - Processing file /opt/airflow/dags/predict_daily.py for tasks to queue
[2026-07-10T15:33:43.106+0000] {logging_mixin.py:151} INFO - [2026-07-10T15:33:43.105+0000] {dagbag.py:539} INFO - Filling up the DagBag from /opt/airflow/dags/predict_daily.py
[2026-07-10T15:33:49.914+0000] {processor.py:841} WARNING - No viable dags retrieved from /opt/airflow/dags/predict_daily.py
[2026-07-10T15:33:50.012+0000] {processor.py:179} INFO - Processing /opt/airflow/dags/predict_daily.py took 6.932 seconds
[2026-07-10T15:34:20.499+0000] {processor.py:157} INFO - Started process (PID=46950) to work on /opt/airflow/dags/predict_daily.py
[2026-07-10T15:34:20.502+0000] {processor.py:829} INFO - Processing file /opt/airflow/dags/predict_daily.py for tasks to queue
[2026-07-10T15:34:20.503+0000] {logging_mixin.py:151} INFO - [2026-07-10T15:34:20.503+0000] {dagbag.py:539} INFO - Filling up the DagBag from /opt/airflow/dags/predict_daily.py
[2026-07-10T15:34:26.198+0000] {processor.py:841} WARNING - No viable dags retrieved from /opt/airflow/dags/predict_daily.py
[2026-07-10T15:34:26.268+0000] {processor.py:179} INFO - Processing /opt/airflow/dags/predict_daily.py took 5.775 seconds
[2026-07-10T15:34:56.769+0000] {processor.py:157} INFO - Started process (PID=46983) to work on /opt/airflow/dags/predict_daily.py
[2026-07-10T15:34:56.772+0000] {processor.py:829} INFO - Processing file /opt/airflow/dags/predict_daily.py for tasks to queue
[2026-07-10T15:34:56.774+0000] {logging_mixin.py:151} INFO - [2026-07-10T15:34:56.774+0000] {dagbag.py:539} INFO - Filling up the DagBag from /opt/airflow/dags/predict_daily.py
[2026-07-10T15:35:01.894+0000] {processor.py:841} WARNING - No viable dags retrieved from /opt/airflow/dags/predict_daily.py
[2026-07-10T15:35:01.912+0000] {processor.py:179} INFO - Processing /opt/airflow/dags/predict_daily.py took 5.151 seconds
[2026-07-10T15:35:32.492+0000] {processor.py:157} INFO - Started process (PID=47022) to work on /opt/airflow/dags/predict_daily.py
[2026-07-10T15:35:32.493+0000] {processor.py:829} INFO - Processing file /opt/airflow/dags/predict_daily.py for tasks to queue
[2026-07-10T15:35:32.495+0000] {logging_mixin.py:151} INFO - [2026-07-10T15:35:32.495+0000] {dagbag.py:539} INFO - Filling up the DagBag from /opt/airflow/dags/predict_daily.py
[2026-07-10T15:35:37.427+0000] {processor.py:841} WARNING - No viable dags retrieved from /opt/airflow/dags/predict_daily.py
[2026-07-10T15:35:37.456+0000] {processor.py:179} INFO - Processing /opt/airflow/dags/predict_daily.py took 4.970 seconds
[2026-07-10T15:36:07.841+0000] {processor.py:157} INFO - Started process (PID=47060) to work on /opt/airflow/dags/predict_daily.py
[2026-07-10T15:36:07.843+0000] {processor.py:829} INFO - Processing file /opt/airflow/dags/predict_daily.py for tasks to queue
[2026-07-10T15:36:07.845+0000] {logging_mixin.py:151} INFO - [2026-07-10T15:36:07.844+0000] {dagbag.py:539} INFO - Filling up the DagBag from /opt/airflow/dags/predict_daily.py
[2026-07-10T15:36:12.543+0000] {processor.py:841} WARNING - No viable dags retrieved from /opt/airflow/dags/predict_daily.py
[2026-07-10T15:36:12.578+0000] {processor.py:179} INFO - Processing /opt/airflow/dags/predict_daily.py took 4.744 seconds
[2026-07-10T15:36:43.158+0000] {processor.py:157} INFO - Started process (PID=47093) to work on /opt/airflow/dags/predict_daily.py
[2026-07-10T15:36:43.160+0000] {processor.py:829} INFO - Processing file /opt/airflow/dags/predict_daily.py for tasks to queue
[2026-07-10T15:36:43.162+0000] {logging_mixin.py:151} INFO - [2026-07-10T15:36:43.161+0000] {dagbag.py:539} INFO - Filling up the DagBag from /opt/airflow/dags/predict_daily.py
[2026-07-10T15:36:47.651+0000] {processor.py:841} WARNING - No viable dags retrieved from /opt/airflow/dags/predict_daily.py
[2026-07-10T15:36:47.682+0000] {processor.py:179} INFO - Processing /opt/airflow/dags/predict_daily.py took 4.531 seconds
[2026-07-10T15:37:18.421+0000] {processor.py:157} INFO - Started process (PID=47126) to work on /opt/airflow/dags/predict_daily.py
[2026-07-10T15:37:18.424+0000] {processor.py:829} INFO - Processing file /opt/airflow/dags/predict_daily.py for tasks to queue
[2026-07-10T15:37:18.426+0000] {logging_mixin.py:151} INFO - [2026-07-10T15:37:18.426+0000] {dagbag.py:539} INFO - Filling up the DagBag from /opt/airflow/dags/predict_daily.py
[2026-07-10T15:37:22.594+0000] {processor.py:841} WARNING - No viable dags retrieved from /opt/airflow/dags/predict_daily.py
[2026-07-10T15:37:22.620+0000] {processor.py:179} INFO - Processing /opt/airflow/dags/predict_daily.py took 4.209 seconds
[2026-07-10T15:37:53.007+0000] {processor.py:157} INFO - Started process (PID=47159) to work on /opt/airflow/dags/predict_daily.py
[2026-07-10T15:37:53.012+0000] {processor.py:829} INFO - Processing file /opt/airflow/dags/predict_daily.py for tasks to queue
[2026-07-10T15:37:53.015+0000] {logging_mixin.py:151} INFO - [2026-07-10T15:37:53.014+0000] {dagbag.py:539} INFO - Filling up the DagBag from /opt/airflow/dags/predict_daily.py
[2026-07-10T15:37:59.985+0000] {processor.py:841} WARNING - No viable dags retrieved from /opt/airflow/dags/predict_daily.py
[2026-07-10T15:38:00.092+0000] {processor.py:179} INFO - Processing /opt/airflow/dags/predict_daily.py took 7.094 seconds
[2026-07-10T15:38:30.777+0000] {processor.py:157} INFO - Started process (PID=47192) to work on /opt/airflow/dags/predict_daily.py
[2026-07-10T15:38:30.783+0000] {processor.py:829} INFO - Processing file /opt/airflow/dags/predict_daily.py for tasks to queue
[2026-07-10T15:38:30.786+0000] {logging_mixin.py:151} INFO - [2026-07-10T15:38:30.785+0000] {dagbag.py:539} INFO - Filling up the DagBag from /opt/airflow/dags/predict_daily.py
[2026-07-10T15:38:35.850+0000] {processor.py:841} WARNING - No viable dags retrieved from /opt/airflow/dags/predict_daily.py
[2026-07-10T15:38:35.903+0000] {processor.py:179} INFO - Processing /opt/airflow/dags/predict_daily.py took 5.135 seconds
[2026-07-10T15:39:06.510+0000] {processor.py:157} INFO - Started process (PID=47232) to work on /opt/airflow/dags/predict_daily.py
[2026-07-10T15:39:06.512+0000] {processor.py:829} INFO - Processing file /opt/airflow/dags/predict_daily.py for tasks to queue
[2026-07-10T15:39:06.515+0000] {logging_mixin.py:151} INFO - [2026-07-10T15:39:06.514+0000] {dagbag.py:539} INFO - Filling up the DagBag from /opt/airflow/dags/predict_daily.py
[2026-07-10T15:39:11.318+0000] {processor.py:841} WARNING - No viable dags retrieved from /opt/airflow/dags/predict_daily.py
[2026-07-10T15:39:11.345+0000] {processor.py:179} INFO - Processing /opt/airflow/dags/predict_daily.py took 4.843 seconds
[2026-07-10T15:39:42.184+0000] {processor.py:157} INFO - Started process (PID=47270) to work on /opt/airflow/dags/predict_daily.py
[2026-07-10T15:39:42.186+0000] {processor.py:829} INFO - Processing file /opt/airflow/dags/predict_daily.py for tasks to queue
[2026-07-10T15:39:42.187+0000] {logging_mixin.py:151} INFO - [2026-07-10T15:39:42.187+0000] {dagbag.py:539} INFO - Filling up the DagBag from /opt/airflow/dags/predict_daily.py
[2026-07-10T15:39:46.987+0000] {processor.py:841} WARNING - No viable dags retrieved from /opt/airflow/dags/predict_daily.py
[2026-07-10T15:39:47.027+0000] {processor.py:179} INFO - Processing /opt/airflow/dags/predict_daily.py took 4.850 seconds
[2026-07-10T15:40:17.502+0000] {processor.py:157} INFO - Started process (PID=47303) to work on /opt/airflow/dags/predict_daily.py
[2026-07-10T15:40:17.508+0000] {processor.py:829} INFO - Processing file /opt/airflow/dags/predict_daily.py for tasks to queue
[2026-07-10T15:40:17.513+0000] {logging_mixin.py:151} INFO - [2026-07-10T15:40:17.512+0000] {dagbag.py:539} INFO - Filling up the DagBag from /opt/airflow/dags/predict_daily.py
[2026-07-10T15:40:22.615+0000] {processor.py:841} WARNING - No viable dags retrieved from /opt/airflow/dags/predict_daily.py
[2026-07-10T15:40:22.638+0000] {processor.py:179} INFO - Processing /opt/airflow/dags/predict_daily.py took 5.149 seconds
[2026-07-10T15:40:53.205+0000] {processor.py:157} INFO - Started process (PID=47336) to work on /opt/airflow/dags/predict_daily.py
[2026-07-10T15:40:53.209+0000] {processor.py:829} INFO - Processing file /opt/airflow/dags/predict_daily.py for tasks to queue
[2026-07-10T15:40:53.212+0000] {logging_mixin.py:151} INFO - [2026-07-10T15:40:53.211+0000] {dagbag.py:539} INFO - Filling up the DagBag from /opt/airflow/dags/predict_daily.py
[2026-07-10T15:41:00.056+0000] {processor.py:841} WARNING - No viable dags retrieved from /opt/airflow/dags/predict_daily.py
[2026-07-10T15:41:00.099+0000] {processor.py:179} INFO - Processing /opt/airflow/dags/predict_daily.py took 6.899 seconds
[2026-07-10T15:41:30.700+0000] {processor.py:157} INFO - Started process (PID=47368) to work on /opt/airflow/dags/predict_daily.py
[2026-07-10T15:41:30.704+0000] {processor.py:829} INFO - Processing file /opt/airflow/dags/predict_daily.py for tasks to queue
[2026-07-10T15:41:30.705+0000] {logging_mixin.py:151} INFO - [2026-07-10T15:41:30.705+0000] {dagbag.py:539} INFO - Filling up the DagBag from /opt/airflow/dags/predict_daily.py
[2026-07-10T15:41:33.975+0000] {processor.py:841} WARNING - No viable dags retrieved from /opt/airflow/dags/predict_daily.py
[2026-07-10T15:41:33.991+0000] {processor.py:179} INFO - Processing /opt/airflow/dags/predict_daily.py took 3.296 seconds
[2026-07-10T15:42:04.249+0000] {processor.py:157} INFO - Started process (PID=47408) to work on /opt/airflow/dags/predict_daily.py
[2026-07-10T15:42:04.250+0000] {processor.py:829} INFO - Processing file /opt/airflow/dags/predict_daily.py for tasks to queue
[2026-07-10T15:42:04.251+0000] {logging_mixin.py:151} INFO - [2026-07-10T15:42:04.251+0000] {dagbag.py:539} INFO - Filling up the DagBag from /opt/airflow/dags/predict_daily.py
[2026-07-10T15:42:10.484+0000] {processor.py:841} WARNING - No viable dags retrieved from /opt/airflow/dags/predict_daily.py
[2026-07-10T15:42:10.575+0000] {processor.py:179} INFO - Processing /opt/airflow/dags/predict_daily.py took 6.329 seconds
[2026-07-10T15:42:40.951+0000] {processor.py:157} INFO - Started process (PID=47442) to work on /opt/airflow/dags/predict_daily.py
[2026-07-10T15:42:40.955+0000] {processor.py:829} INFO - Processing file /opt/airflow/dags/predict_daily.py for tasks to queue
[2026-07-10T15:42:40.961+0000] {logging_mixin.py:151} INFO - [2026-07-10T15:42:40.960+0000] {dagbag.py:539} INFO - Filling up the DagBag from /opt/airflow/dags/predict_daily.py
[2026-07-10T15:42:46.411+0000] {processor.py:841} WARNING - No viable dags retrieved from /opt/airflow/dags/predict_daily.py
[2026-07-10T15:42:46.446+0000] {processor.py:179} INFO - Processing /opt/airflow/dags/predict_daily.py took 5.502 seconds
[2026-07-10T15:43:16.804+0000] {processor.py:157} INFO - Started process (PID=47480) to work on /opt/airflow/dags/predict_daily.py
[2026-07-10T15:43:16.806+0000] {processor.py:829} INFO - Processing file /opt/airflow/dags/predict_daily.py for tasks to queue
[2026-07-10T15:43:16.808+0000] {logging_mixin.py:151} INFO - [2026-07-10T15:43:16.807+0000] {dagbag.py:539} INFO - Filling up the DagBag from /opt/airflow/dags/predict_daily.py
[2026-07-10T15:43:22.441+0000] {processor.py:841} WARNING - No viable dags retrieved from /opt/airflow/dags/predict_daily.py
[2026-07-10T15:43:22.470+0000] {processor.py:179} INFO - Processing /opt/airflow/dags/predict_daily.py took 5.677 seconds
[2026-07-10T15:43:52.685+0000] {processor.py:157} INFO - Started process (PID=47513) to work on /opt/airflow/dags/predict_daily.py
[2026-07-10T15:43:52.688+0000] {processor.py:829} INFO - Processing file /opt/airflow/dags/predict_daily.py for tasks to queue
[2026-07-10T15:43:52.690+0000] {logging_mixin.py:151} INFO - [2026-07-10T15:43:52.689+0000] {dagbag.py:539} INFO - Filling up the DagBag from /opt/airflow/dags/predict_daily.py
[2026-07-10T15:43:57.790+0000] {processor.py:841} WARNING - No viable dags retrieved from /opt/airflow/dags/predict_daily.py
[2026-07-10T15:43:57.824+0000] {processor.py:179} INFO - Processing /opt/airflow/dags/predict_daily.py took 5.147 seconds
[2026-07-10T15:44:28.641+0000] {processor.py:157} INFO - Started process (PID=47546) to work on /opt/airflow/dags/predict_daily.py
[2026-07-10T15:44:28.651+0000] {processor.py:829} INFO - Processing file /opt/airflow/dags/predict_daily.py for tasks to queue
[2026-07-10T15:44:28.657+0000] {logging_mixin.py:151} INFO - [2026-07-10T15:44:28.656+0000] {dagbag.py:539} INFO - Filling up the DagBag from /opt/airflow/dags/predict_daily.py
[2026-07-10T15:44:33.498+0000] {processor.py:841} WARNING - No viable dags retrieved from /opt/airflow/dags/predict_daily.py
[2026-07-10T15:44:33.517+0000] {processor.py:179} INFO - Processing /opt/airflow/dags/predict_daily.py took 4.881 seconds
[2026-07-10T15:45:03.843+0000] {processor.py:157} INFO - Started process (PID=47579) to work on /opt/airflow/dags/predict_daily.py
[2026-07-10T15:45:03.847+0000] {processor.py:829} INFO - Processing file /opt/airflow/dags/predict_daily.py for tasks to queue
[2026-07-10T15:45:03.853+0000] {logging_mixin.py:151} INFO - [2026-07-10T15:45:03.852+0000] {dagbag.py:539} INFO - Filling up the DagBag from /opt/airflow/dags/predict_daily.py
[2026-07-10T15:45:08.550+0000] {processor.py:841} WARNING - No viable dags retrieved from /opt/airflow/dags/predict_daily.py
[2026-07-10T15:45:08.576+0000] {processor.py:179} INFO - Processing /opt/airflow/dags/predict_daily.py took 4.740 seconds
[2026-07-10T15:45:39.205+0000] {processor.py:157} INFO - Started process (PID=47619) to work on /opt/airflow/dags/predict_daily.py
[2026-07-10T15:45:39.208+0000] {processor.py:829} INFO - Processing file /opt/airflow/dags/predict_daily.py for tasks to queue
[2026-07-10T15:45:39.209+0000] {logging_mixin.py:151} INFO - [2026-07-10T15:45:39.209+0000] {dagbag.py:539} INFO - Filling up the DagBag from /opt/airflow/dags/predict_daily.py
[2026-07-10T15:45:42.864+0000] {processor.py:841} WARNING - No viable dags retrieved from /opt/airflow/dags/predict_daily.py
[2026-07-10T15:45:42.882+0000] {processor.py:179} INFO - Processing /opt/airflow/dags/predict_daily.py took 3.682 seconds
[2026-07-10T15:46:13.322+0000] {processor.py:157} INFO - Started process (PID=47652) to work on /opt/airflow/dags/predict_daily.py
[2026-07-10T15:46:13.332+0000] {processor.py:829} INFO - Processing file /opt/airflow/dags/predict_daily.py for tasks to queue
[2026-07-10T15:46:13.337+0000] {logging_mixin.py:151} INFO - [2026-07-10T15:46:13.336+0000] {dagbag.py:539} INFO - Filling up the DagBag from /opt/airflow/dags/predict_daily.py
[2026-07-10T15:46:19.967+0000] {processor.py:841} WARNING - No viable dags retrieved from /opt/airflow/dags/predict_daily.py
[2026-07-10T15:46:20.016+0000] {processor.py:179} INFO - Processing /opt/airflow/dags/predict_daily.py took 6.695 seconds
[2026-07-10T15:46:50.823+0000] {processor.py:157} INFO - Started process (PID=47685) to work on /opt/airflow/dags/predict_daily.py
[2026-07-10T15:46:50.825+0000] {processor.py:829} INFO - Processing file /opt/airflow/dags/predict_daily.py for tasks to queue
[2026-07-10T15:46:50.827+0000] {logging_mixin.py:151} INFO - [2026-07-10T15:46:50.826+0000] {dagbag.py:539} INFO - Filling up the DagBag from /opt/airflow/dags/predict_daily.py
[2026-07-10T15:46:55.425+0000] {processor.py:841} WARNING - No viable dags retrieved from /opt/airflow/dags/predict_daily.py
[2026-07-10T15:46:55.439+0000] {processor.py:179} INFO - Processing /opt/airflow/dags/predict_daily.py took 4.628 seconds
[2026-07-10T15:47:26.121+0000] {processor.py:157} INFO - Started process (PID=47723) to work on /opt/airflow/dags/predict_daily.py
[2026-07-10T15:47:26.124+0000] {processor.py:829} INFO - Processing file /opt/airflow/dags/predict_daily.py for tasks to queue
[2026-07-10T15:47:26.126+0000] {logging_mixin.py:151} INFO - [2026-07-10T15:47:26.125+0000] {dagbag.py:539} INFO - Filling up the DagBag from /opt/airflow/dags/predict_daily.py
[2026-07-10T15:47:31.585+0000] {processor.py:841} WARNING - No viable dags retrieved from /opt/airflow/dags/predict_daily.py
[2026-07-10T15:47:31.629+0000] {processor.py:179} INFO - Processing /opt/airflow/dags/predict_daily.py took 5.515 seconds
[2026-07-10T15:48:01.897+0000] {processor.py:157} INFO - Started process (PID=47756) to work on /opt/airflow/dags/predict_daily.py
[2026-07-10T15:48:01.901+0000] {processor.py:829} INFO - Processing file /opt/airflow/dags/predict_daily.py for tasks to queue
[2026-07-10T15:48:01.905+0000] {logging_mixin.py:151} INFO - [2026-07-10T15:48:01.904+0000] {dagbag.py:539} INFO - Filling up the DagBag from /opt/airflow/dags/predict_daily.py
[2026-07-10T15:48:07.037+0000] {processor.py:841} WARNING - No viable dags retrieved from /opt/airflow/dags/predict_daily.py
[2026-07-10T15:48:07.054+0000] {processor.py:179} INFO - Processing /opt/airflow/dags/predict_daily.py took 5.166 seconds
[2026-07-10T15:48:37.400+0000] {processor.py:157} INFO - Started process (PID=47795) to work on /opt/airflow/dags/predict_daily.py
[2026-07-10T15:48:37.403+0000] {processor.py:829} INFO - Processing file /opt/airflow/dags/predict_daily.py for tasks to queue
[2026-07-10T15:48:37.405+0000] {logging_mixin.py:151} INFO - [2026-07-10T15:48:37.404+0000] {dagbag.py:539} INFO - Filling up the DagBag from /opt/airflow/dags/predict_daily.py
[2026-07-10T15:48:42.063+0000] {processor.py:841} WARNING - No viable dags retrieved from /opt/airflow/dags/predict_daily.py
[2026-07-10T15:48:42.081+0000] {processor.py:179} INFO - Processing /opt/airflow/dags/predict_daily.py took 4.693 seconds
[2026-07-10T15:49:12.726+0000] {processor.py:157} INFO - Started process (PID=47828) to work on /opt/airflow/dags/predict_daily.py
[2026-07-10T15:49:12.728+0000] {processor.py:829} INFO - Processing file /opt/airflow/dags/predict_daily.py for tasks to queue
[2026-07-10T15:49:12.730+0000] {logging_mixin.py:151} INFO - [2026-07-10T15:49:12.729+0000] {dagbag.py:539} INFO - Filling up the DagBag from /opt/airflow/dags/predict_daily.py
[2026-07-10T15:49:17.375+0000] {processor.py:841} WARNING - No viable dags retrieved from /opt/airflow/dags/predict_daily.py
[2026-07-10T15:49:17.393+0000] {processor.py:179} INFO - Processing /opt/airflow/dags/predict_daily.py took 4.675 seconds
[2026-07-10T15:49:47.973+0000] {processor.py:157} INFO - Started process (PID=47861) to work on /opt/airflow/dags/predict_daily.py
[2026-07-10T15:49:47.976+0000] {processor.py:829} INFO - Processing file /opt/airflow/dags/predict_daily.py for tasks to queue
[2026-07-10T15:49:47.978+0000] {logging_mixin.py:151} INFO - [2026-07-10T15:49:47.977+0000] {dagbag.py:539} INFO - Filling up the DagBag from /opt/airflow/dags/predict_daily.py
[2026-07-10T15:49:50.735+0000] {processor.py:841} WARNING - No viable dags retrieved from /opt/airflow/dags/predict_daily.py
[2026-07-10T15:49:50.747+0000] {processor.py:179} INFO - Processing /opt/airflow/dags/predict_daily.py took 2.785 seconds
[2026-07-10T15:50:21.366+0000] {processor.py:157} INFO - Started process (PID=47894) to work on /opt/airflow/dags/predict_daily.py
[2026-07-10T15:50:21.369+0000] {processor.py:829} INFO - Processing file /opt/airflow/dags/predict_daily.py for tasks to queue
[2026-07-10T15:50:21.371+0000] {logging_mixin.py:151} INFO - [2026-07-10T15:50:21.371+0000] {dagbag.py:539} INFO - Filling up the DagBag from /opt/airflow/dags/predict_daily.py
[2026-07-10T15:50:27.128+0000] {processor.py:841} WARNING - No viable dags retrieved from /opt/airflow/dags/predict_daily.py
[2026-07-10T15:50:27.187+0000] {processor.py:179} INFO - Processing /opt/airflow/dags/predict_daily.py took 5.827 seconds
[2026-07-10T15:50:57.736+0000] {processor.py:157} INFO - Started process (PID=47926) to work on /opt/airflow/dags/predict_daily.py
[2026-07-10T15:50:57.739+0000] {processor.py:829} INFO - Processing file /opt/airflow/dags/predict_daily.py for tasks to queue
[2026-07-10T15:50:57.741+0000] {logging_mixin.py:151} INFO - [2026-07-10T15:50:57.740+0000] {dagbag.py:539} INFO - Filling up the DagBag from /opt/airflow/dags/predict_daily.py
[2026-07-10T15:51:03.210+0000] {processor.py:841} WARNING - No viable dags retrieved from /opt/airflow/dags/predict_daily.py
[2026-07-10T15:51:03.231+0000] {processor.py:179} INFO - Processing /opt/airflow/dags/predict_daily.py took 5.501 seconds
[2026-07-10T15:51:34.124+0000] {processor.py:157} INFO - Started process (PID=47964) to work on /opt/airflow/dags/predict_daily.py
[2026-07-10T15:51:34.126+0000] {processor.py:829} INFO - Processing file /opt/airflow/dags/predict_daily.py for tasks to queue
[2026-07-10T15:51:34.127+0000] {logging_mixin.py:151} INFO - [2026-07-10T15:51:34.126+0000] {dagbag.py:539} INFO - Filling up the DagBag from /opt/airflow/dags/predict_daily.py
[2026-07-10T15:51:38.786+0000] {processor.py:841} WARNING - No viable dags retrieved from /opt/airflow/dags/predict_daily.py
[2026-07-10T15:51:38.808+0000] {processor.py:179} INFO - Processing /opt/airflow/dags/predict_daily.py took 4.688 seconds
[2026-07-10T15:52:09.365+0000] {processor.py:157} INFO - Started process (PID=48004) to work on /opt/airflow/dags/predict_daily.py
[2026-07-10T15:52:09.368+0000] {processor.py:829} INFO - Processing file /opt/airflow/dags/predict_daily.py for tasks to queue
[2026-07-10T15:52:09.371+0000] {logging_mixin.py:151} INFO - [2026-07-10T15:52:09.371+0000] {dagbag.py:539} INFO - Filling up the DagBag from /opt/airflow/dags/predict_daily.py
[2026-07-10T15:52:14.047+0000] {processor.py:841} WARNING - No viable dags retrieved from /opt/airflow/dags/predict_daily.py
[2026-07-10T15:52:14.075+0000] {processor.py:179} INFO - Processing /opt/airflow/dags/predict_daily.py took 4.720 seconds
[2026-07-10T15:52:44.993+0000] {processor.py:157} INFO - Started process (PID=48037) to work on /opt/airflow/dags/predict_daily.py
[2026-07-10T15:52:44.996+0000] {processor.py:829} INFO - Processing file /opt/airflow/dags/predict_daily.py for tasks to queue
[2026-07-10T15:52:44.998+0000] {logging_mixin.py:151} INFO - [2026-07-10T15:52:44.997+0000] {dagbag.py:539} INFO - Filling up the DagBag from /opt/airflow/dags/predict_daily.py
[2026-07-10T15:52:49.765+0000] {processor.py:841} WARNING - No viable dags retrieved from /opt/airflow/dags/predict_daily.py
[2026-07-10T15:52:49.798+0000] {processor.py:179} INFO - Processing /opt/airflow/dags/predict_daily.py took 4.816 seconds
[2026-07-10T15:53:20.415+0000] {processor.py:157} INFO - Started process (PID=48070) to work on /opt/airflow/dags/predict_daily.py
[2026-07-10T15:53:20.423+0000] {processor.py:829} INFO - Processing file /opt/airflow/dags/predict_daily.py for tasks to queue
[2026-07-10T15:53:20.426+0000] {logging_mixin.py:151} INFO - [2026-07-10T15:53:20.425+0000] {dagbag.py:539} INFO - Filling up the DagBag from /opt/airflow/dags/predict_daily.py
[2026-07-10T15:53:25.398+0000] {processor.py:841} WARNING - No viable dags retrieved from /opt/airflow/dags/predict_daily.py
[2026-07-10T15:53:25.428+0000] {processor.py:179} INFO - Processing /opt/airflow/dags/predict_daily.py took 5.019 seconds
[2026-07-10T15:53:55.707+0000] {processor.py:157} INFO - Started process (PID=48103) to work on /opt/airflow/dags/predict_daily.py
[2026-07-10T15:53:55.712+0000] {processor.py:829} INFO - Processing file /opt/airflow/dags/predict_daily.py for tasks to queue
[2026-07-10T15:53:55.715+0000] {logging_mixin.py:151} INFO - [2026-07-10T15:53:55.714+0000] {dagbag.py:539} INFO - Filling up the DagBag from /opt/airflow/dags/predict_daily.py
[2026-07-10T15:54:00.761+0000] {processor.py:841} WARNING - No viable dags retrieved from /opt/airflow/dags/predict_daily.py
[2026-07-10T15:54:00.867+0000] {processor.py:179} INFO - Processing /opt/airflow/dags/predict_daily.py took 5.167 seconds
[2026-07-10T15:54:31.108+0000] {processor.py:157} INFO - Started process (PID=48136) to work on /opt/airflow/dags/predict_daily.py
[2026-07-10T15:54:31.110+0000] {processor.py:829} INFO - Processing file /opt/airflow/dags/predict_daily.py for tasks to queue
[2026-07-10T15:54:31.111+0000] {logging_mixin.py:151} INFO - [2026-07-10T15:54:31.111+0000] {dagbag.py:539} INFO - Filling up the DagBag from /opt/airflow/dags/predict_daily.py
[2026-07-10T15:54:37.224+0000] {processor.py:841} WARNING - No viable dags retrieved from /opt/airflow/dags/predict_daily.py
[2026-07-10T15:54:37.281+0000] {processor.py:179} INFO - Processing /opt/airflow/dags/predict_daily.py took 6.177 seconds
[2026-07-10T15:55:07.955+0000] {processor.py:157} INFO - Started process (PID=48181) to work on /opt/airflow/dags/predict_daily.py
[2026-07-10T15:55:07.958+0000] {processor.py:829} INFO - Processing file /opt/airflow/dags/predict_daily.py for tasks to queue
[2026-07-10T15:55:07.959+0000] {logging_mixin.py:151} INFO - [2026-07-10T15:55:07.959+0000] {dagbag.py:539} INFO - Filling up the DagBag from /opt/airflow/dags/predict_daily.py
[2026-07-10T15:55:12.681+0000] {processor.py:841} WARNING - No viable dags retrieved from /opt/airflow/dags/predict_daily.py
[2026-07-10T15:55:12.710+0000] {processor.py:179} INFO - Processing /opt/airflow/dags/predict_daily.py took 4.764 seconds
[2026-07-10T15:55:43.461+0000] {processor.py:157} INFO - Started process (PID=48214) to work on /opt/airflow/dags/predict_daily.py
[2026-07-10T15:55:43.464+0000] {processor.py:829} INFO - Processing file /opt/airflow/dags/predict_daily.py for tasks to queue
[2026-07-10T15:55:43.466+0000] {logging_mixin.py:151} INFO - [2026-07-10T15:55:43.466+0000] {dagbag.py:539} INFO - Filling up the DagBag from /opt/airflow/dags/predict_daily.py
[2026-07-10T15:55:48.264+0000] {processor.py:841} WARNING - No viable dags retrieved from /opt/airflow/dags/predict_daily.py
[2026-07-10T15:55:48.286+0000] {processor.py:179} INFO - Processing /opt/airflow/dags/predict_daily.py took 4.832 seconds
[2026-07-10T15:56:19.137+0000] {processor.py:157} INFO - Started process (PID=48247) to work on /opt/airflow/dags/predict_daily.py
[2026-07-10T15:56:19.138+0000] {processor.py:829} INFO - Processing file /opt/airflow/dags/predict_daily.py for tasks to queue
[2026-07-10T15:56:19.139+0000] {logging_mixin.py:151} INFO - [2026-07-10T15:56:19.139+0000] {dagbag.py:539} INFO - Filling up the DagBag from /opt/airflow/dags/predict_daily.py
[2026-07-10T15:56:24.557+0000] {processor.py:841} WARNING - No viable dags retrieved from /opt/airflow/dags/predict_daily.py
[2026-07-10T15:56:24.585+0000] {processor.py:179} INFO - Processing /opt/airflow/dags/predict_daily.py took 5.455 seconds
[2026-07-10T15:56:54.864+0000] {processor.py:157} INFO - Started process (PID=48280) to work on /opt/airflow/dags/predict_daily.py
[2026-07-10T15:56:54.869+0000] {processor.py:829} INFO - Processing file /opt/airflow/dags/predict_daily.py for tasks to queue
[2026-07-10T15:56:54.872+0000] {logging_mixin.py:151} INFO - [2026-07-10T15:56:54.871+0000] {dagbag.py:539} INFO - Filling up the DagBag from /opt/airflow/dags/predict_daily.py
[2026-07-10T15:56:59.414+0000] {processor.py:841} WARNING - No viable dags retrieved from /opt/airflow/dags/predict_daily.py
[2026-07-10T15:56:59.438+0000] {processor.py:179} INFO - Processing /opt/airflow/dags/predict_daily.py took 4.582 seconds
[2026-07-10T15:57:30.304+0000] {processor.py:157} INFO - Started process (PID=48313) to work on /opt/airflow/dags/predict_daily.py
[2026-07-10T15:57:30.306+0000] {processor.py:829} INFO - Processing file /opt/airflow/dags/predict_daily.py for tasks to queue
[2026-07-10T15:57:30.309+0000] {logging_mixin.py:151} INFO - [2026-07-10T15:57:30.308+0000] {dagbag.py:539} INFO - Filling up the DagBag from /opt/airflow/dags/predict_daily.py
[2026-07-10T15:57:35.088+0000] {processor.py:841} WARNING - No viable dags retrieved from /opt/airflow/dags/predict_daily.py
[2026-07-10T15:57:35.114+0000] {processor.py:179} INFO - Processing /opt/airflow/dags/predict_daily.py took 4.817 seconds
[2026-07-10T15:58:05.921+0000] {processor.py:157} INFO - Started process (PID=48346) to work on /opt/airflow/dags/predict_daily.py
[2026-07-10T15:58:05.926+0000] {processor.py:829} INFO - Processing file /opt/airflow/dags/predict_daily.py for tasks to queue
[2026-07-10T15:58:05.928+0000] {logging_mixin.py:151} INFO - [2026-07-10T15:58:05.928+0000] {dagbag.py:539} INFO - Filling up the DagBag from /opt/airflow/dags/predict_daily.py
[2026-07-10T15:58:12.924+0000] {processor.py:841} WARNING - No viable dags retrieved from /opt/airflow/dags/predict_daily.py
[2026-07-10T15:58:13.041+0000] {processor.py:179} INFO - Processing /opt/airflow/dags/predict_daily.py took 7.137 seconds
[2026-07-10T15:58:43.347+0000] {processor.py:157} INFO - Started process (PID=48385) to work on /opt/airflow/dags/predict_daily.py
[2026-07-10T15:58:43.349+0000] {processor.py:829} INFO - Processing file /opt/airflow/dags/predict_daily.py for tasks to queue
[2026-07-10T15:58:43.351+0000] {logging_mixin.py:151} INFO - [2026-07-10T15:58:43.351+0000] {dagbag.py:539} INFO - Filling up the DagBag from /opt/airflow/dags/predict_daily.py
[2026-07-10T15:58:48.311+0000] {processor.py:841} WARNING - No viable dags retrieved from /opt/airflow/dags/predict_daily.py
[2026-07-10T15:58:48.350+0000] {processor.py:179} INFO - Processing /opt/airflow/dags/predict_daily.py took 5.010 seconds
[2026-07-10T15:59:19.090+0000] {processor.py:157} INFO - Started process (PID=48423) to work on /opt/airflow/dags/predict_daily.py
[2026-07-10T15:59:19.092+0000] {processor.py:829} INFO - Processing file /opt/airflow/dags/predict_daily.py for tasks to queue
[2026-07-10T15:59:19.095+0000] {logging_mixin.py:151} INFO - [2026-07-10T15:59:19.094+0000] {dagbag.py:539} INFO - Filling up the DagBag from /opt/airflow/dags/predict_daily.py
[2026-07-10T15:59:24.056+0000] {processor.py:841} WARNING - No viable dags retrieved from /opt/airflow/dags/predict_daily.py
[2026-07-10T15:59:24.075+0000] {processor.py:179} INFO - Processing /opt/airflow/dags/predict_daily.py took 5.001 seconds
[2026-07-10T15:59:54.534+0000] {processor.py:157} INFO - Started process (PID=48456) to work on /opt/airflow/dags/predict_daily.py
[2026-07-10T15:59:54.537+0000] {processor.py:829} INFO - Processing file /opt/airflow/dags/predict_daily.py for tasks to queue
[2026-07-10T15:59:54.539+0000] {logging_mixin.py:151} INFO - [2026-07-10T15:59:54.538+0000] {dagbag.py:539} INFO - Filling up the DagBag from /opt/airflow/dags/predict_daily.py
[2026-07-10T15:59:59.375+0000] {processor.py:841} WARNING - No viable dags retrieved from /opt/airflow/dags/predict_daily.py
[2026-07-10T15:59:59.399+0000] {processor.py:179} INFO - Processing /opt/airflow/dags/predict_daily.py took 4.872 seconds
[2026-07-10T16:00:29.947+0000] {processor.py:157} INFO - Started process (PID=48490) to work on /opt/airflow/dags/predict_daily.py
[2026-07-10T16:00:29.949+0000] {processor.py:829} INFO - Processing file /opt/airflow/dags/predict_daily.py for tasks to queue
[2026-07-10T16:00:29.949+0000] {logging_mixin.py:151} INFO - [2026-07-10T16:00:29.949+0000] {dagbag.py:539} INFO - Filling up the DagBag from /opt/airflow/dags/predict_daily.py
[2026-07-10T16:00:34.950+0000] {processor.py:841} WARNING - No viable dags retrieved from /opt/airflow/dags/predict_daily.py
[2026-07-10T16:00:34.974+0000] {processor.py:179} INFO - Processing /opt/airflow/dags/predict_daily.py took 5.030 seconds
[2026-07-10T16:01:05.269+0000] {processor.py:157} INFO - Started process (PID=48523) to work on /opt/airflow/dags/predict_daily.py
[2026-07-10T16:01:05.272+0000] {processor.py:829} INFO - Processing file /opt/airflow/dags/predict_daily.py for tasks to queue
[2026-07-10T16:01:05.274+0000] {logging_mixin.py:151} INFO - [2026-07-10T16:01:05.273+0000] {dagbag.py:539} INFO - Filling up the DagBag from /opt/airflow/dags/predict_daily.py
[2026-07-10T16:01:10.202+0000] {processor.py:841} WARNING - No viable dags retrieved from /opt/airflow/dags/predict_daily.py
[2026-07-10T16:01:10.227+0000] {processor.py:179} INFO - Processing /opt/airflow/dags/predict_daily.py took 4.966 seconds
[2026-07-10T16:01:40.819+0000] {processor.py:157} INFO - Started process (PID=48562) to work on /opt/airflow/dags/predict_daily.py
[2026-07-10T16:01:40.827+0000] {processor.py:829} INFO - Processing file /opt/airflow/dags/predict_daily.py for tasks to queue
[2026-07-10T16:01:40.831+0000] {logging_mixin.py:151} INFO - [2026-07-10T16:01:40.830+0000] {dagbag.py:539} INFO - Filling up the DagBag from /opt/airflow/dags/predict_daily.py
[2026-07-10T16:01:45.557+0000] {processor.py:841} WARNING - No viable dags retrieved from /opt/airflow/dags/predict_daily.py
[2026-07-10T16:01:45.575+0000] {processor.py:179} INFO - Processing /opt/airflow/dags/predict_daily.py took 4.763 seconds
[2026-07-10T16:02:16.174+0000] {processor.py:157} INFO - Started process (PID=48595) to work on /opt/airflow/dags/predict_daily.py
[2026-07-10T16:02:16.178+0000] {processor.py:829} INFO - Processing file /opt/airflow/dags/predict_daily.py for tasks to queue
[2026-07-10T16:02:16.180+0000] {logging_mixin.py:151} INFO - [2026-07-10T16:02:16.179+0000] {dagbag.py:539} INFO - Filling up the DagBag from /opt/airflow/dags/predict_daily.py
[2026-07-10T16:02:22.976+0000] {processor.py:841} WARNING - No viable dags retrieved from /opt/airflow/dags/predict_daily.py
[2026-07-10T16:02:23.049+0000] {processor.py:179} INFO - Processing /opt/airflow/dags/predict_daily.py took 6.886 seconds
[2026-07-10T16:02:53.896+0000] {processor.py:157} INFO - Started process (PID=48633) to work on /opt/airflow/dags/predict_daily.py
[2026-07-10T16:02:53.898+0000] {processor.py:829} INFO - Processing file /opt/airflow/dags/predict_daily.py for tasks to queue
[2026-07-10T16:02:53.900+0000] {logging_mixin.py:151} INFO - [2026-07-10T16:02:53.899+0000] {dagbag.py:539} INFO - Filling up the DagBag from /opt/airflow/dags/predict_daily.py
[2026-07-10T16:02:58.742+0000] {processor.py:841} WARNING - No viable dags retrieved from /opt/airflow/dags/predict_daily.py
[2026-07-10T16:02:58.767+0000] {processor.py:179} INFO - Processing /opt/airflow/dags/predict_daily.py took 4.877 seconds
[2026-07-10T16:03:29.627+0000] {processor.py:157} INFO - Started process (PID=48666) to work on /opt/airflow/dags/predict_daily.py
[2026-07-10T16:03:29.629+0000] {processor.py:829} INFO - Processing file /opt/airflow/dags/predict_daily.py for tasks to queue
[2026-07-10T16:03:29.630+0000] {logging_mixin.py:151} INFO - [2026-07-10T16:03:29.630+0000] {dagbag.py:539} INFO - Filling up the DagBag from /opt/airflow/dags/predict_daily.py
[2026-07-10T16:03:34.346+0000] {processor.py:841} WARNING - No viable dags retrieved from /opt/airflow/dags/predict_daily.py
[2026-07-10T16:03:34.390+0000] {processor.py:179} INFO - Processing /opt/airflow/dags/predict_daily.py took 4.770 seconds
[2026-07-10T16:04:05.012+0000] {processor.py:157} INFO - Started process (PID=48699) to work on /opt/airflow/dags/predict_daily.py
[2026-07-10T16:04:05.014+0000] {processor.py:829} INFO - Processing file /opt/airflow/dags/predict_daily.py for tasks to queue
[2026-07-10T16:04:05.016+0000] {logging_mixin.py:151} INFO - [2026-07-10T16:04:05.015+0000] {dagbag.py:539} INFO - Filling up the DagBag from /opt/airflow/dags/predict_daily.py
[2026-07-10T16:04:09.621+0000] {processor.py:841} WARNING - No viable dags retrieved from /opt/airflow/dags/predict_daily.py
[2026-07-10T16:04:09.647+0000] {processor.py:179} INFO - Processing /opt/airflow/dags/predict_daily.py took 4.642 seconds
[2026-07-10T16:04:40.225+0000] {processor.py:157} INFO - Started process (PID=48732) to work on /opt/airflow/dags/predict_daily.py
[2026-07-10T16:04:40.227+0000] {processor.py:829} INFO - Processing file /opt/airflow/dags/predict_daily.py for tasks to queue
[2026-07-10T16:04:40.229+0000] {logging_mixin.py:151} INFO - [2026-07-10T16:04:40.228+0000] {dagbag.py:539} INFO - Filling up the DagBag from /opt/airflow/dags/predict_daily.py
[2026-07-10T16:04:45.191+0000] {processor.py:841} WARNING - No viable dags retrieved from /opt/airflow/dags/predict_daily.py
[2026-07-10T16:04:45.223+0000] {processor.py:179} INFO - Processing /opt/airflow/dags/predict_daily.py took 5.004 seconds
[2026-07-10T16:05:15.785+0000] {processor.py:157} INFO - Started process (PID=48772) to work on /opt/airflow/dags/predict_daily.py
[2026-07-10T16:05:15.787+0000] {processor.py:829} INFO - Processing file /opt/airflow/dags/predict_daily.py for tasks to queue
[2026-07-10T16:05:15.789+0000] {logging_mixin.py:151} INFO - [2026-07-10T16:05:15.788+0000] {dagbag.py:539} INFO - Filling up the DagBag from /opt/airflow/dags/predict_daily.py
[2026-07-10T16:05:20.453+0000] {processor.py:841} WARNING - No viable dags retrieved from /opt/airflow/dags/predict_daily.py
[2026-07-10T16:05:20.483+0000] {processor.py:179} INFO - Processing /opt/airflow/dags/predict_daily.py took 4.709 seconds
[2026-07-10T16:05:51.632+0000] {processor.py:157} INFO - Started process (PID=48805) to work on /opt/airflow/dags/predict_daily.py
[2026-07-10T16:05:51.634+0000] {processor.py:829} INFO - Processing file /opt/airflow/dags/predict_daily.py for tasks to queue
[2026-07-10T16:05:51.635+0000] {logging_mixin.py:151} INFO - [2026-07-10T16:05:51.635+0000] {dagbag.py:539} INFO - Filling up the DagBag from /opt/airflow/dags/predict_daily.py
[2026-07-10T16:05:54.412+0000] {processor.py:841} WARNING - No viable dags retrieved from /opt/airflow/dags/predict_daily.py
[2026-07-10T16:05:54.429+0000] {processor.py:179} INFO - Processing /opt/airflow/dags/predict_daily.py took 2.802 seconds
[2026-07-10T16:06:25.310+0000] {processor.py:157} INFO - Started process (PID=48838) to work on /opt/airflow/dags/predict_daily.py
[2026-07-10T16:06:25.314+0000] {processor.py:829} INFO - Processing file /opt/airflow/dags/predict_daily.py for tasks to queue
[2026-07-10T16:06:25.316+0000] {logging_mixin.py:151} INFO - [2026-07-10T16:06:25.315+0000] {dagbag.py:539} INFO - Filling up the DagBag from /opt/airflow/dags/predict_daily.py
[2026-07-10T16:06:31.194+0000] {processor.py:841} WARNING - No viable dags retrieved from /opt/airflow/dags/predict_daily.py
[2026-07-10T16:06:31.243+0000] {processor.py:179} INFO - Processing /opt/airflow/dags/predict_daily.py took 5.943 seconds
[2026-07-10T16:07:01.578+0000] {processor.py:157} INFO - Started process (PID=48871) to work on /opt/airflow/dags/predict_daily.py
[2026-07-10T16:07:01.580+0000] {processor.py:829} INFO - Processing file /opt/airflow/dags/predict_daily.py for tasks to queue
[2026-07-10T16:07:01.582+0000] {logging_mixin.py:151} INFO - [2026-07-10T16:07:01.581+0000] {dagbag.py:539} INFO - Filling up the DagBag from /opt/airflow/dags/predict_daily.py
[2026-07-10T16:07:06.709+0000] {processor.py:841} WARNING - No viable dags retrieved from /opt/airflow/dags/predict_daily.py
[2026-07-10T16:07:06.734+0000] {processor.py:179} INFO - Processing /opt/airflow/dags/predict_daily.py took 5.165 seconds
[2026-07-10T16:07:37.415+0000] {processor.py:157} INFO - Started process (PID=48909) to work on /opt/airflow/dags/predict_daily.py
[2026-07-10T16:07:37.418+0000] {processor.py:829} INFO - Processing file /opt/airflow/dags/predict_daily.py for tasks to queue
[2026-07-10T16:07:37.420+0000] {logging_mixin.py:151} INFO - [2026-07-10T16:07:37.420+0000] {dagbag.py:539} INFO - Filling up the DagBag from /opt/airflow/dags/predict_daily.py
[2026-07-10T16:07:42.152+0000] {processor.py:841} WARNING - No viable dags retrieved from /opt/airflow/dags/predict_daily.py
[2026-07-10T16:07:42.183+0000] {processor.py:179} INFO - Processing /opt/airflow/dags/predict_daily.py took 4.776 seconds
[2026-07-10T16:08:13.149+0000] {processor.py:157} INFO - Started process (PID=48949) to work on /opt/airflow/dags/predict_daily.py
[2026-07-10T16:08:13.152+0000] {processor.py:829} INFO - Processing file /opt/airflow/dags/predict_daily.py for tasks to queue
[2026-07-10T16:08:13.154+0000] {logging_mixin.py:151} INFO - [2026-07-10T16:08:13.154+0000] {dagbag.py:539} INFO - Filling up the DagBag from /opt/airflow/dags/predict_daily.py
[2026-07-10T16:08:17.956+0000] {processor.py:841} WARNING - No viable dags retrieved from /opt/airflow/dags/predict_daily.py
[2026-07-10T16:08:17.990+0000] {processor.py:179} INFO - Processing /opt/airflow/dags/predict_daily.py took 4.845 seconds
[2026-07-10T16:08:48.757+0000] {processor.py:157} INFO - Started process (PID=48982) to work on /opt/airflow/dags/predict_daily.py
[2026-07-10T16:08:48.759+0000] {processor.py:829} INFO - Processing file /opt/airflow/dags/predict_daily.py for tasks to queue
[2026-07-10T16:08:48.761+0000] {logging_mixin.py:151} INFO - [2026-07-10T16:08:48.761+0000] {dagbag.py:539} INFO - Filling up the DagBag from /opt/airflow/dags/predict_daily.py
[2026-07-10T16:08:53.876+0000] {processor.py:841} WARNING - No viable dags retrieved from /opt/airflow/dags/predict_daily.py
[2026-07-10T16:08:53.910+0000] {processor.py:179} INFO - Processing /opt/airflow/dags/predict_daily.py took 5.162 seconds
[2026-07-10T16:09:24.267+0000] {processor.py:157} INFO - Started process (PID=49015) to work on /opt/airflow/dags/predict_daily.py
[2026-07-10T16:09:24.270+0000] {processor.py:829} INFO - Processing file /opt/airflow/dags/predict_daily.py for tasks to queue
[2026-07-10T16:09:24.272+0000] {logging_mixin.py:151} INFO - [2026-07-10T16:09:24.271+0000] {dagbag.py:539} INFO - Filling up the DagBag from /opt/airflow/dags/predict_daily.py
[2026-07-10T16:09:29.233+0000] {processor.py:841} WARNING - No viable dags retrieved from /opt/airflow/dags/predict_daily.py
[2026-07-10T16:09:29.252+0000] {processor.py:179} INFO - Processing /opt/airflow/dags/predict_daily.py took 4.998 seconds
[2026-07-10T16:09:59.581+0000] {processor.py:157} INFO - Started process (PID=49047) to work on /opt/airflow/dags/predict_daily.py
[2026-07-10T16:09:59.583+0000] {processor.py:829} INFO - Processing file /opt/airflow/dags/predict_daily.py for tasks to queue
[2026-07-10T16:09:59.584+0000] {logging_mixin.py:151} INFO - [2026-07-10T16:09:59.584+0000] {dagbag.py:539} INFO - Filling up the DagBag from /opt/airflow/dags/predict_daily.py
[2026-07-10T16:10:03.287+0000] {processor.py:841} WARNING - No viable dags retrieved from /opt/airflow/dags/predict_daily.py
[2026-07-10T16:10:03.343+0000] {processor.py:179} INFO - Processing /opt/airflow/dags/predict_daily.py took 3.766 seconds
[2026-07-10T16:10:33.871+0000] {processor.py:157} INFO - Started process (PID=49079) to work on /opt/airflow/dags/predict_daily.py
[2026-07-10T16:10:33.873+0000] {processor.py:829} INFO - Processing file /opt/airflow/dags/predict_daily.py for tasks to queue
[2026-07-10T16:10:33.875+0000] {logging_mixin.py:151} INFO - [2026-07-10T16:10:33.874+0000] {dagbag.py:539} INFO - Filling up the DagBag from /opt/airflow/dags/predict_daily.py
[2026-07-10T16:10:39.122+0000] {processor.py:841} WARNING - No viable dags retrieved from /opt/airflow/dags/predict_daily.py
[2026-07-10T16:10:39.167+0000] {processor.py:179} INFO - Processing /opt/airflow/dags/predict_daily.py took 5.303 seconds
[2026-07-10T16:11:09.923+0000] {processor.py:157} INFO - Started process (PID=49117) to work on /opt/airflow/dags/predict_daily.py
[2026-07-10T16:11:09.925+0000] {processor.py:829} INFO - Processing file /opt/airflow/dags/predict_daily.py for tasks to queue
[2026-07-10T16:11:09.927+0000] {logging_mixin.py:151} INFO - [2026-07-10T16:11:09.926+0000] {dagbag.py:539} INFO - Filling up the DagBag from /opt/airflow/dags/predict_daily.py
[2026-07-10T16:11:14.600+0000] {processor.py:841} WARNING - No viable dags retrieved from /opt/airflow/dags/predict_daily.py
[2026-07-10T16:11:14.643+0000] {processor.py:179} INFO - Processing /opt/airflow/dags/predict_daily.py took 4.724 seconds
[2026-07-10T16:11:45.660+0000] {processor.py:157} INFO - Started process (PID=49158) to work on /opt/airflow/dags/predict_daily.py
[2026-07-10T16:11:45.663+0000] {processor.py:829} INFO - Processing file /opt/airflow/dags/predict_daily.py for tasks to queue
[2026-07-10T16:11:45.666+0000] {logging_mixin.py:151} INFO - [2026-07-10T16:11:45.665+0000] {dagbag.py:539} INFO - Filling up the DagBag from /opt/airflow/dags/predict_daily.py
[2026-07-10T16:11:50.823+0000] {processor.py:841} WARNING - No viable dags retrieved from /opt/airflow/dags/predict_daily.py
[2026-07-10T16:11:50.850+0000] {processor.py:179} INFO - Processing /opt/airflow/dags/predict_daily.py took 5.200 seconds
[2026-07-10T16:12:21.891+0000] {processor.py:157} INFO - Started process (PID=49191) to work on /opt/airflow/dags/predict_daily.py
[2026-07-10T16:12:21.896+0000] {processor.py:829} INFO - Processing file /opt/airflow/dags/predict_daily.py for tasks to queue
[2026-07-10T16:12:21.899+0000] {logging_mixin.py:151} INFO - [2026-07-10T16:12:21.898+0000] {dagbag.py:539} INFO - Filling up the DagBag from /opt/airflow/dags/predict_daily.py
[2026-07-10T16:12:28.811+0000] {processor.py:841} WARNING - No viable dags retrieved from /opt/airflow/dags/predict_daily.py
[2026-07-10T16:12:28.834+0000] {processor.py:179} INFO - Processing /opt/airflow/dags/predict_daily.py took 6.952 seconds
[2026-07-10T16:12:59.521+0000] {processor.py:157} INFO - Started process (PID=49224) to work on /opt/airflow/dags/predict_daily.py
[2026-07-10T16:12:59.527+0000] {processor.py:829} INFO - Processing file /opt/airflow/dags/predict_daily.py for tasks to queue
[2026-07-10T16:12:59.531+0000] {logging_mixin.py:151} INFO - [2026-07-10T16:12:59.531+0000] {dagbag.py:539} INFO - Filling up the DagBag from /opt/airflow/dags/predict_daily.py
[2026-07-10T16:13:05.199+0000] {processor.py:841} WARNING - No viable dags retrieved from /opt/airflow/dags/predict_daily.py
[2026-07-10T16:13:05.229+0000] {processor.py:179} INFO - Processing /opt/airflow/dags/predict_daily.py took 5.715 seconds
[2026-07-10T16:13:35.857+0000] {processor.py:157} INFO - Started process (PID=49257) to work on /opt/airflow/dags/predict_daily.py
[2026-07-10T16:13:35.859+0000] {processor.py:829} INFO - Processing file /opt/airflow/dags/predict_daily.py for tasks to queue
[2026-07-10T16:13:35.861+0000] {logging_mixin.py:151} INFO - [2026-07-10T16:13:35.860+0000] {dagbag.py:539} INFO - Filling up the DagBag from /opt/airflow/dags/predict_daily.py
[2026-07-10T16:13:41.971+0000] {processor.py:841} WARNING - No viable dags retrieved from /opt/airflow/dags/predict_daily.py
[2026-07-10T16:13:42.023+0000] {processor.py:179} INFO - Processing /opt/airflow/dags/predict_daily.py took 6.171 seconds
[2026-07-10T16:14:12.246+0000] {processor.py:157} INFO - Started process (PID=49290) to work on /opt/airflow/dags/predict_daily.py
[2026-07-10T16:14:12.254+0000] {processor.py:829} INFO - Processing file /opt/airflow/dags/predict_daily.py for tasks to queue
[2026-07-10T16:14:12.256+0000] {logging_mixin.py:151} INFO - [2026-07-10T16:14:12.255+0000] {dagbag.py:539} INFO - Filling up the DagBag from /opt/airflow/dags/predict_daily.py
