[2026-07-09T07:06:05.749+0000] {processor.py:157} INFO - Started process (PID=12014) to work on /opt/airflow/dags/binance_daily_dag.py
[2026-07-09T07:06:05.758+0000] {processor.py:829} INFO - Processing file /opt/airflow/dags/binance_daily_dag.py for tasks to queue
[2026-07-09T07:06:05.764+0000] {logging_mixin.py:151} INFO - [2026-07-09T07:06:05.763+0000] {dagbag.py:539} INFO - Filling up the DagBag from /opt/airflow/dags/binance_daily_dag.py
[2026-07-09T07:06:13.063+0000] {processor.py:839} INFO - DAG(s) dict_keys(['daily_crypto_lstm_pipeline']) retrieved from /opt/airflow/dags/binance_daily_dag.py
[2026-07-09T07:06:13.139+0000] {logging_mixin.py:151} INFO - [2026-07-09T07:06:13.138+0000] {dag.py:2915} INFO - Sync 1 DAGs
[2026-07-09T07:06:13.217+0000] {logging_mixin.py:151} INFO - [2026-07-09T07:06:13.217+0000] {dag.py:3696} INFO - Setting next_dagrun for daily_crypto_lstm_pipeline to 2026-07-09T00:02:00+00:00, run_after=2026-07-10T00:02:00+00:00
[2026-07-09T07:06:13.262+0000] {processor.py:179} INFO - Processing /opt/airflow/dags/binance_daily_dag.py took 7.517 seconds
[2026-07-09T07:06:43.681+0000] {processor.py:157} INFO - Started process (PID=12071) to work on /opt/airflow/dags/binance_daily_dag.py
[2026-07-09T07:06:43.685+0000] {processor.py:829} INFO - Processing file /opt/airflow/dags/binance_daily_dag.py for tasks to queue
[2026-07-09T07:06:43.687+0000] {logging_mixin.py:151} INFO - [2026-07-09T07:06:43.687+0000] {dagbag.py:539} INFO - Filling up the DagBag from /opt/airflow/dags/binance_daily_dag.py
[2026-07-09T07:06:46.453+0000] {processor.py:839} INFO - DAG(s) dict_keys(['daily_crypto_lstm_pipeline']) retrieved from /opt/airflow/dags/binance_daily_dag.py
[2026-07-09T07:06:46.481+0000] {logging_mixin.py:151} INFO - [2026-07-09T07:06:46.480+0000] {dag.py:2915} INFO - Sync 1 DAGs
[2026-07-09T07:06:46.502+0000] {logging_mixin.py:151} INFO - [2026-07-09T07:06:46.502+0000] {dag.py:3696} INFO - Setting next_dagrun for daily_crypto_lstm_pipeline to 2026-07-09T00:02:00+00:00, run_after=2026-07-10T00:02:00+00:00
[2026-07-09T07:06:46.534+0000] {processor.py:179} INFO - Processing /opt/airflow/dags/binance_daily_dag.py took 2.859 seconds
[2026-07-09T07:07:16.963+0000] {processor.py:157} INFO - Started process (PID=12104) to work on /opt/airflow/dags/binance_daily_dag.py
[2026-07-09T07:07:16.964+0000] {processor.py:829} INFO - Processing file /opt/airflow/dags/binance_daily_dag.py for tasks to queue
[2026-07-09T07:07:16.966+0000] {logging_mixin.py:151} INFO - [2026-07-09T07:07:16.965+0000] {dagbag.py:539} INFO - Filling up the DagBag from /opt/airflow/dags/binance_daily_dag.py
[2026-07-09T07:07:20.591+0000] {processor.py:839} INFO - DAG(s) dict_keys(['daily_crypto_lstm_pipeline']) retrieved from /opt/airflow/dags/binance_daily_dag.py
[2026-07-09T07:07:20.616+0000] {logging_mixin.py:151} INFO - [2026-07-09T07:07:20.616+0000] {dag.py:2915} INFO - Sync 1 DAGs
[2026-07-09T07:07:20.645+0000] {logging_mixin.py:151} INFO - [2026-07-09T07:07:20.645+0000] {dag.py:3696} INFO - Setting next_dagrun for daily_crypto_lstm_pipeline to 2026-07-09T00:02:00+00:00, run_after=2026-07-10T00:02:00+00:00
[2026-07-09T07:07:20.668+0000] {processor.py:179} INFO - Processing /opt/airflow/dags/binance_daily_dag.py took 3.710 seconds
[2026-07-09T07:07:51.219+0000] {processor.py:157} INFO - Started process (PID=12142) to work on /opt/airflow/dags/binance_daily_dag.py
[2026-07-09T07:07:51.220+0000] {processor.py:829} INFO - Processing file /opt/airflow/dags/binance_daily_dag.py for tasks to queue
[2026-07-09T07:07:51.221+0000] {logging_mixin.py:151} INFO - [2026-07-09T07:07:51.221+0000] {dagbag.py:539} INFO - Filling up the DagBag from /opt/airflow/dags/binance_daily_dag.py
[2026-07-09T07:07:54.003+0000] {processor.py:839} INFO - DAG(s) dict_keys(['daily_crypto_lstm_pipeline']) retrieved from /opt/airflow/dags/binance_daily_dag.py
[2026-07-09T07:07:54.034+0000] {logging_mixin.py:151} INFO - [2026-07-09T07:07:54.033+0000] {dag.py:2915} INFO - Sync 1 DAGs
[2026-07-09T07:07:54.056+0000] {logging_mixin.py:151} INFO - [2026-07-09T07:07:54.056+0000] {dag.py:3696} INFO - Setting next_dagrun for daily_crypto_lstm_pipeline to 2026-07-09T00:02:00+00:00, run_after=2026-07-10T00:02:00+00:00
[2026-07-09T07:07:54.077+0000] {processor.py:179} INFO - Processing /opt/airflow/dags/binance_daily_dag.py took 2.862 seconds
[2026-07-09T07:08:24.845+0000] {processor.py:157} INFO - Started process (PID=12182) to work on /opt/airflow/dags/binance_daily_dag.py
[2026-07-09T07:08:24.846+0000] {processor.py:829} INFO - Processing file /opt/airflow/dags/binance_daily_dag.py for tasks to queue
[2026-07-09T07:08:24.847+0000] {logging_mixin.py:151} INFO - [2026-07-09T07:08:24.847+0000] {dagbag.py:539} INFO - Filling up the DagBag from /opt/airflow/dags/binance_daily_dag.py
[2026-07-09T07:08:27.297+0000] {processor.py:839} INFO - DAG(s) dict_keys(['daily_crypto_lstm_pipeline']) retrieved from /opt/airflow/dags/binance_daily_dag.py
[2026-07-09T07:08:27.316+0000] {logging_mixin.py:151} INFO - [2026-07-09T07:08:27.315+0000] {dag.py:2915} INFO - Sync 1 DAGs
[2026-07-09T07:08:27.334+0000] {logging_mixin.py:151} INFO - [2026-07-09T07:08:27.334+0000] {dag.py:3696} INFO - Setting next_dagrun for daily_crypto_lstm_pipeline to 2026-07-09T00:02:00+00:00, run_after=2026-07-10T00:02:00+00:00
[2026-07-09T07:08:27.352+0000] {processor.py:179} INFO - Processing /opt/airflow/dags/binance_daily_dag.py took 2.511 seconds
[2026-07-09T07:08:58.288+0000] {processor.py:157} INFO - Started process (PID=12215) to work on /opt/airflow/dags/binance_daily_dag.py
[2026-07-09T07:08:58.290+0000] {processor.py:829} INFO - Processing file /opt/airflow/dags/binance_daily_dag.py for tasks to queue
[2026-07-09T07:08:58.290+0000] {logging_mixin.py:151} INFO - [2026-07-09T07:08:58.290+0000] {dagbag.py:539} INFO - Filling up the DagBag from /opt/airflow/dags/binance_daily_dag.py
[2026-07-09T07:09:01.117+0000] {processor.py:839} INFO - DAG(s) dict_keys(['daily_crypto_lstm_pipeline']) retrieved from /opt/airflow/dags/binance_daily_dag.py
[2026-07-09T07:09:01.138+0000] {logging_mixin.py:151} INFO - [2026-07-09T07:09:01.137+0000] {dag.py:2915} INFO - Sync 1 DAGs
[2026-07-09T07:09:01.157+0000] {logging_mixin.py:151} INFO - [2026-07-09T07:09:01.156+0000] {dag.py:3696} INFO - Setting next_dagrun for daily_crypto_lstm_pipeline to 2026-07-09T00:02:00+00:00, run_after=2026-07-10T00:02:00+00:00
[2026-07-09T07:09:01.177+0000] {processor.py:179} INFO - Processing /opt/airflow/dags/binance_daily_dag.py took 2.892 seconds
[2026-07-09T07:09:31.490+0000] {processor.py:157} INFO - Started process (PID=12248) to work on /opt/airflow/dags/binance_daily_dag.py
[2026-07-09T07:09:31.493+0000] {processor.py:829} INFO - Processing file /opt/airflow/dags/binance_daily_dag.py for tasks to queue
[2026-07-09T07:09:31.494+0000] {logging_mixin.py:151} INFO - [2026-07-09T07:09:31.494+0000] {dagbag.py:539} INFO - Filling up the DagBag from /opt/airflow/dags/binance_daily_dag.py
[2026-07-09T07:09:35.018+0000] {processor.py:839} INFO - DAG(s) dict_keys(['daily_crypto_lstm_pipeline']) retrieved from /opt/airflow/dags/binance_daily_dag.py
[2026-07-09T07:09:35.055+0000] {logging_mixin.py:151} INFO - [2026-07-09T07:09:35.054+0000] {dag.py:2915} INFO - Sync 1 DAGs
[2026-07-09T07:09:35.099+0000] {logging_mixin.py:151} INFO - [2026-07-09T07:09:35.099+0000] {dag.py:3696} INFO - Setting next_dagrun for daily_crypto_lstm_pipeline to 2026-07-09T00:02:00+00:00, run_after=2026-07-10T00:02:00+00:00
[2026-07-09T07:09:35.127+0000] {processor.py:179} INFO - Processing /opt/airflow/dags/binance_daily_dag.py took 3.641 seconds
[2026-07-09T07:10:06.117+0000] {processor.py:157} INFO - Started process (PID=12281) to work on /opt/airflow/dags/binance_daily_dag.py
[2026-07-09T07:10:06.120+0000] {processor.py:829} INFO - Processing file /opt/airflow/dags/binance_daily_dag.py for tasks to queue
[2026-07-09T07:10:06.121+0000] {logging_mixin.py:151} INFO - [2026-07-09T07:10:06.121+0000] {dagbag.py:539} INFO - Filling up the DagBag from /opt/airflow/dags/binance_daily_dag.py
[2026-07-09T07:10:11.130+0000] {processor.py:839} INFO - DAG(s) dict_keys(['daily_crypto_lstm_pipeline']) retrieved from /opt/airflow/dags/binance_daily_dag.py
[2026-07-09T07:10:11.304+0000] {logging_mixin.py:151} INFO - [2026-07-09T07:10:11.298+0000] {dag.py:2915} INFO - Sync 1 DAGs
[2026-07-09T07:10:11.421+0000] {logging_mixin.py:151} INFO - [2026-07-09T07:10:11.421+0000] {dag.py:3696} INFO - Setting next_dagrun for daily_crypto_lstm_pipeline to 2026-07-09T00:02:00+00:00, run_after=2026-07-10T00:02:00+00:00
[2026-07-09T07:10:11.517+0000] {processor.py:179} INFO - Processing /opt/airflow/dags/binance_daily_dag.py took 5.405 seconds
[2026-07-09T07:10:42.417+0000] {processor.py:157} INFO - Started process (PID=12314) to work on /opt/airflow/dags/binance_daily_dag.py
[2026-07-09T07:10:42.418+0000] {processor.py:829} INFO - Processing file /opt/airflow/dags/binance_daily_dag.py for tasks to queue
[2026-07-09T07:10:42.419+0000] {logging_mixin.py:151} INFO - [2026-07-09T07:10:42.419+0000] {dagbag.py:539} INFO - Filling up the DagBag from /opt/airflow/dags/binance_daily_dag.py
[2026-07-09T07:10:45.935+0000] {processor.py:839} INFO - DAG(s) dict_keys(['daily_crypto_lstm_pipeline']) retrieved from /opt/airflow/dags/binance_daily_dag.py
[2026-07-09T07:10:45.995+0000] {logging_mixin.py:151} INFO - [2026-07-09T07:10:45.994+0000] {dag.py:2915} INFO - Sync 1 DAGs
[2026-07-09T07:10:46.036+0000] {logging_mixin.py:151} INFO - [2026-07-09T07:10:46.036+0000] {dag.py:3696} INFO - Setting next_dagrun for daily_crypto_lstm_pipeline to 2026-07-09T00:02:00+00:00, run_after=2026-07-10T00:02:00+00:00
[2026-07-09T07:10:46.073+0000] {processor.py:179} INFO - Processing /opt/airflow/dags/binance_daily_dag.py took 3.660 seconds
[2026-07-09T07:11:16.214+0000] {processor.py:157} INFO - Started process (PID=12347) to work on /opt/airflow/dags/binance_daily_dag.py
[2026-07-09T07:11:16.215+0000] {processor.py:829} INFO - Processing file /opt/airflow/dags/binance_daily_dag.py for tasks to queue
[2026-07-09T07:11:16.216+0000] {logging_mixin.py:151} INFO - [2026-07-09T07:11:16.216+0000] {dagbag.py:539} INFO - Filling up the DagBag from /opt/airflow/dags/binance_daily_dag.py
[2026-07-09T07:11:18.662+0000] {processor.py:839} INFO - DAG(s) dict_keys(['daily_crypto_lstm_pipeline']) retrieved from /opt/airflow/dags/binance_daily_dag.py
[2026-07-09T07:11:18.684+0000] {logging_mixin.py:151} INFO - [2026-07-09T07:11:18.683+0000] {dag.py:2915} INFO - Sync 1 DAGs
[2026-07-09T07:11:18.702+0000] {logging_mixin.py:151} INFO - [2026-07-09T07:11:18.702+0000] {dag.py:3696} INFO - Setting next_dagrun for daily_crypto_lstm_pipeline to 2026-07-09T00:02:00+00:00, run_after=2026-07-10T00:02:00+00:00
[2026-07-09T07:11:18.722+0000] {processor.py:179} INFO - Processing /opt/airflow/dags/binance_daily_dag.py took 2.512 seconds
[2026-07-09T07:11:49.506+0000] {processor.py:157} INFO - Started process (PID=12380) to work on /opt/airflow/dags/binance_daily_dag.py
[2026-07-09T07:11:49.507+0000] {processor.py:829} INFO - Processing file /opt/airflow/dags/binance_daily_dag.py for tasks to queue
[2026-07-09T07:11:49.509+0000] {logging_mixin.py:151} INFO - [2026-07-09T07:11:49.508+0000] {dagbag.py:539} INFO - Filling up the DagBag from /opt/airflow/dags/binance_daily_dag.py
[2026-07-09T07:11:51.864+0000] {processor.py:839} INFO - DAG(s) dict_keys(['daily_crypto_lstm_pipeline']) retrieved from /opt/airflow/dags/binance_daily_dag.py
[2026-07-09T07:11:51.889+0000] {logging_mixin.py:151} INFO - [2026-07-09T07:11:51.888+0000] {dag.py:2915} INFO - Sync 1 DAGs
[2026-07-09T07:11:51.911+0000] {logging_mixin.py:151} INFO - [2026-07-09T07:11:51.911+0000] {dag.py:3696} INFO - Setting next_dagrun for daily_crypto_lstm_pipeline to 2026-07-09T00:02:00+00:00, run_after=2026-07-10T00:02:00+00:00
[2026-07-09T07:11:51.931+0000] {processor.py:179} INFO - Processing /opt/airflow/dags/binance_daily_dag.py took 2.428 seconds
[2026-07-09T07:12:22.717+0000] {processor.py:157} INFO - Started process (PID=12418) to work on /opt/airflow/dags/binance_daily_dag.py
[2026-07-09T07:12:22.718+0000] {processor.py:829} INFO - Processing file /opt/airflow/dags/binance_daily_dag.py for tasks to queue
[2026-07-09T07:12:22.718+0000] {logging_mixin.py:151} INFO - [2026-07-09T07:12:22.718+0000] {dagbag.py:539} INFO - Filling up the DagBag from /opt/airflow/dags/binance_daily_dag.py
[2026-07-09T07:12:25.587+0000] {processor.py:839} INFO - DAG(s) dict_keys(['daily_crypto_lstm_pipeline']) retrieved from /opt/airflow/dags/binance_daily_dag.py
[2026-07-09T07:12:25.617+0000] {logging_mixin.py:151} INFO - [2026-07-09T07:12:25.617+0000] {dag.py:2915} INFO - Sync 1 DAGs
[2026-07-09T07:12:25.639+0000] {logging_mixin.py:151} INFO - [2026-07-09T07:12:25.639+0000] {dag.py:3696} INFO - Setting next_dagrun for daily_crypto_lstm_pipeline to 2026-07-09T00:02:00+00:00, run_after=2026-07-10T00:02:00+00:00
[2026-07-09T07:12:25.659+0000] {processor.py:179} INFO - Processing /opt/airflow/dags/binance_daily_dag.py took 2.946 seconds
[2026-07-09T07:12:56.563+0000] {processor.py:157} INFO - Started process (PID=12458) to work on /opt/airflow/dags/binance_daily_dag.py
[2026-07-09T07:12:56.564+0000] {processor.py:829} INFO - Processing file /opt/airflow/dags/binance_daily_dag.py for tasks to queue
[2026-07-09T07:12:56.565+0000] {logging_mixin.py:151} INFO - [2026-07-09T07:12:56.565+0000] {dagbag.py:539} INFO - Filling up the DagBag from /opt/airflow/dags/binance_daily_dag.py
[2026-07-09T07:12:59.548+0000] {processor.py:839} INFO - DAG(s) dict_keys(['daily_crypto_lstm_pipeline']) retrieved from /opt/airflow/dags/binance_daily_dag.py
[2026-07-09T07:12:59.572+0000] {logging_mixin.py:151} INFO - [2026-07-09T07:12:59.571+0000] {dag.py:2915} INFO - Sync 1 DAGs
[2026-07-09T07:12:59.598+0000] {logging_mixin.py:151} INFO - [2026-07-09T07:12:59.598+0000] {dag.py:3696} INFO - Setting next_dagrun for daily_crypto_lstm_pipeline to 2026-07-09T00:02:00+00:00, run_after=2026-07-10T00:02:00+00:00
[2026-07-09T07:12:59.624+0000] {processor.py:179} INFO - Processing /opt/airflow/dags/binance_daily_dag.py took 3.064 seconds
[2026-07-09T07:13:29.889+0000] {processor.py:157} INFO - Started process (PID=12491) to work on /opt/airflow/dags/binance_daily_dag.py
[2026-07-09T07:13:29.890+0000] {processor.py:829} INFO - Processing file /opt/airflow/dags/binance_daily_dag.py for tasks to queue
[2026-07-09T07:13:29.890+0000] {logging_mixin.py:151} INFO - [2026-07-09T07:13:29.890+0000] {dagbag.py:539} INFO - Filling up the DagBag from /opt/airflow/dags/binance_daily_dag.py
[2026-07-09T07:13:32.823+0000] {processor.py:839} INFO - DAG(s) dict_keys(['daily_crypto_lstm_pipeline']) retrieved from /opt/airflow/dags/binance_daily_dag.py
[2026-07-09T07:13:32.848+0000] {logging_mixin.py:151} INFO - [2026-07-09T07:13:32.847+0000] {dag.py:2915} INFO - Sync 1 DAGs
[2026-07-09T07:13:32.872+0000] {logging_mixin.py:151} INFO - [2026-07-09T07:13:32.871+0000] {dag.py:3696} INFO - Setting next_dagrun for daily_crypto_lstm_pipeline to 2026-07-09T00:02:00+00:00, run_after=2026-07-10T00:02:00+00:00
[2026-07-09T07:13:32.898+0000] {processor.py:179} INFO - Processing /opt/airflow/dags/binance_daily_dag.py took 3.012 seconds
[2026-07-09T07:14:03.015+0000] {processor.py:157} INFO - Started process (PID=12524) to work on /opt/airflow/dags/binance_daily_dag.py
[2026-07-09T07:14:03.016+0000] {processor.py:829} INFO - Processing file /opt/airflow/dags/binance_daily_dag.py for tasks to queue
[2026-07-09T07:14:03.017+0000] {logging_mixin.py:151} INFO - [2026-07-09T07:14:03.017+0000] {dagbag.py:539} INFO - Filling up the DagBag from /opt/airflow/dags/binance_daily_dag.py
[2026-07-09T07:14:05.682+0000] {processor.py:839} INFO - DAG(s) dict_keys(['daily_crypto_lstm_pipeline']) retrieved from /opt/airflow/dags/binance_daily_dag.py
[2026-07-09T07:14:05.704+0000] {logging_mixin.py:151} INFO - [2026-07-09T07:14:05.704+0000] {dag.py:2915} INFO - Sync 1 DAGs
[2026-07-09T07:14:05.724+0000] {logging_mixin.py:151} INFO - [2026-07-09T07:14:05.724+0000] {dag.py:3696} INFO - Setting next_dagrun for daily_crypto_lstm_pipeline to 2026-07-09T00:02:00+00:00, run_after=2026-07-10T00:02:00+00:00
[2026-07-09T07:14:05.762+0000] {processor.py:179} INFO - Processing /opt/airflow/dags/binance_daily_dag.py took 2.750 seconds
[2026-07-09T07:14:36.335+0000] {processor.py:157} INFO - Started process (PID=12557) to work on /opt/airflow/dags/binance_daily_dag.py
[2026-07-09T07:14:36.336+0000] {processor.py:829} INFO - Processing file /opt/airflow/dags/binance_daily_dag.py for tasks to queue
[2026-07-09T07:14:36.337+0000] {logging_mixin.py:151} INFO - [2026-07-09T07:14:36.337+0000] {dagbag.py:539} INFO - Filling up the DagBag from /opt/airflow/dags/binance_daily_dag.py
[2026-07-09T07:14:39.061+0000] {processor.py:839} INFO - DAG(s) dict_keys(['daily_crypto_lstm_pipeline']) retrieved from /opt/airflow/dags/binance_daily_dag.py
[2026-07-09T07:14:39.085+0000] {logging_mixin.py:151} INFO - [2026-07-09T07:14:39.084+0000] {dag.py:2915} INFO - Sync 1 DAGs
[2026-07-09T07:14:39.105+0000] {logging_mixin.py:151} INFO - [2026-07-09T07:14:39.104+0000] {dag.py:3696} INFO - Setting next_dagrun for daily_crypto_lstm_pipeline to 2026-07-09T00:02:00+00:00, run_after=2026-07-10T00:02:00+00:00
[2026-07-09T07:14:39.125+0000] {processor.py:179} INFO - Processing /opt/airflow/dags/binance_daily_dag.py took 2.794 seconds
[2026-07-09T07:15:09.636+0000] {processor.py:157} INFO - Started process (PID=12590) to work on /opt/airflow/dags/binance_daily_dag.py
[2026-07-09T07:15:09.638+0000] {processor.py:829} INFO - Processing file /opt/airflow/dags/binance_daily_dag.py for tasks to queue
[2026-07-09T07:15:09.639+0000] {logging_mixin.py:151} INFO - [2026-07-09T07:15:09.639+0000] {dagbag.py:539} INFO - Filling up the DagBag from /opt/airflow/dags/binance_daily_dag.py
[2026-07-09T07:15:12.120+0000] {processor.py:839} INFO - DAG(s) dict_keys(['daily_crypto_lstm_pipeline']) retrieved from /opt/airflow/dags/binance_daily_dag.py
[2026-07-09T07:15:12.147+0000] {logging_mixin.py:151} INFO - [2026-07-09T07:15:12.147+0000] {dag.py:2915} INFO - Sync 1 DAGs
[2026-07-09T07:15:12.172+0000] {logging_mixin.py:151} INFO - [2026-07-09T07:15:12.172+0000] {dag.py:3696} INFO - Setting next_dagrun for daily_crypto_lstm_pipeline to 2026-07-09T00:02:00+00:00, run_after=2026-07-10T00:02:00+00:00
[2026-07-09T07:15:12.235+0000] {processor.py:179} INFO - Processing /opt/airflow/dags/binance_daily_dag.py took 2.604 seconds
[2026-07-09T07:15:42.348+0000] {processor.py:157} INFO - Started process (PID=12623) to work on /opt/airflow/dags/binance_daily_dag.py
[2026-07-09T07:15:42.350+0000] {processor.py:829} INFO - Processing file /opt/airflow/dags/binance_daily_dag.py for tasks to queue
[2026-07-09T07:15:42.351+0000] {logging_mixin.py:151} INFO - [2026-07-09T07:15:42.351+0000] {dagbag.py:539} INFO - Filling up the DagBag from /opt/airflow/dags/binance_daily_dag.py
[2026-07-09T07:15:45.553+0000] {processor.py:839} INFO - DAG(s) dict_keys(['daily_crypto_lstm_pipeline']) retrieved from /opt/airflow/dags/binance_daily_dag.py
[2026-07-09T07:15:45.582+0000] {logging_mixin.py:151} INFO - [2026-07-09T07:15:45.581+0000] {dag.py:2915} INFO - Sync 1 DAGs
[2026-07-09T07:15:45.610+0000] {logging_mixin.py:151} INFO - [2026-07-09T07:15:45.610+0000] {dag.py:3696} INFO - Setting next_dagrun for daily_crypto_lstm_pipeline to 2026-07-09T00:02:00+00:00, run_after=2026-07-10T00:02:00+00:00
[2026-07-09T07:15:45.634+0000] {processor.py:179} INFO - Processing /opt/airflow/dags/binance_daily_dag.py took 3.292 seconds
[2026-07-09T07:16:16.640+0000] {processor.py:157} INFO - Started process (PID=12656) to work on /opt/airflow/dags/binance_daily_dag.py
[2026-07-09T07:16:16.642+0000] {processor.py:829} INFO - Processing file /opt/airflow/dags/binance_daily_dag.py for tasks to queue
[2026-07-09T07:16:16.642+0000] {logging_mixin.py:151} INFO - [2026-07-09T07:16:16.642+0000] {dagbag.py:539} INFO - Filling up the DagBag from /opt/airflow/dags/binance_daily_dag.py
[2026-07-09T07:16:19.622+0000] {processor.py:839} INFO - DAG(s) dict_keys(['daily_crypto_lstm_pipeline']) retrieved from /opt/airflow/dags/binance_daily_dag.py
[2026-07-09T07:16:19.640+0000] {logging_mixin.py:151} INFO - [2026-07-09T07:16:19.640+0000] {dag.py:2915} INFO - Sync 1 DAGs
[2026-07-09T07:16:19.657+0000] {logging_mixin.py:151} INFO - [2026-07-09T07:16:19.657+0000] {dag.py:3696} INFO - Setting next_dagrun for daily_crypto_lstm_pipeline to 2026-07-09T00:02:00+00:00, run_after=2026-07-10T00:02:00+00:00
[2026-07-09T07:16:19.716+0000] {processor.py:179} INFO - Processing /opt/airflow/dags/binance_daily_dag.py took 3.079 seconds
[2026-07-09T07:16:50.092+0000] {processor.py:157} INFO - Started process (PID=12689) to work on /opt/airflow/dags/binance_daily_dag.py
[2026-07-09T07:16:50.094+0000] {processor.py:829} INFO - Processing file /opt/airflow/dags/binance_daily_dag.py for tasks to queue
[2026-07-09T07:16:50.095+0000] {logging_mixin.py:151} INFO - [2026-07-09T07:16:50.095+0000] {dagbag.py:539} INFO - Filling up the DagBag from /opt/airflow/dags/binance_daily_dag.py
[2026-07-09T07:16:52.603+0000] {processor.py:839} INFO - DAG(s) dict_keys(['daily_crypto_lstm_pipeline']) retrieved from /opt/airflow/dags/binance_daily_dag.py
[2026-07-09T07:16:52.632+0000] {logging_mixin.py:151} INFO - [2026-07-09T07:16:52.632+0000] {dag.py:2915} INFO - Sync 1 DAGs
[2026-07-09T07:16:52.667+0000] {logging_mixin.py:151} INFO - [2026-07-09T07:16:52.667+0000] {dag.py:3696} INFO - Setting next_dagrun for daily_crypto_lstm_pipeline to 2026-07-09T00:02:00+00:00, run_after=2026-07-10T00:02:00+00:00
[2026-07-09T07:16:52.696+0000] {processor.py:179} INFO - Processing /opt/airflow/dags/binance_daily_dag.py took 2.608 seconds
[2026-07-09T07:17:22.806+0000] {processor.py:157} INFO - Started process (PID=12722) to work on /opt/airflow/dags/binance_daily_dag.py
[2026-07-09T07:17:22.808+0000] {processor.py:829} INFO - Processing file /opt/airflow/dags/binance_daily_dag.py for tasks to queue
[2026-07-09T07:17:22.810+0000] {logging_mixin.py:151} INFO - [2026-07-09T07:17:22.809+0000] {dagbag.py:539} INFO - Filling up the DagBag from /opt/airflow/dags/binance_daily_dag.py
[2026-07-09T07:17:25.537+0000] {processor.py:839} INFO - DAG(s) dict_keys(['daily_crypto_lstm_pipeline']) retrieved from /opt/airflow/dags/binance_daily_dag.py
[2026-07-09T07:17:25.564+0000] {logging_mixin.py:151} INFO - [2026-07-09T07:17:25.563+0000] {dag.py:2915} INFO - Sync 1 DAGs
[2026-07-09T07:17:25.594+0000] {logging_mixin.py:151} INFO - [2026-07-09T07:17:25.594+0000] {dag.py:3696} INFO - Setting next_dagrun for daily_crypto_lstm_pipeline to 2026-07-09T00:02:00+00:00, run_after=2026-07-10T00:02:00+00:00
[2026-07-09T07:17:25.625+0000] {processor.py:179} INFO - Processing /opt/airflow/dags/binance_daily_dag.py took 2.822 seconds
[2026-07-09T07:17:56.086+0000] {processor.py:157} INFO - Started process (PID=12755) to work on /opt/airflow/dags/binance_daily_dag.py
[2026-07-09T07:17:56.088+0000] {processor.py:829} INFO - Processing file /opt/airflow/dags/binance_daily_dag.py for tasks to queue
[2026-07-09T07:17:56.089+0000] {logging_mixin.py:151} INFO - [2026-07-09T07:17:56.088+0000] {dagbag.py:539} INFO - Filling up the DagBag from /opt/airflow/dags/binance_daily_dag.py
[2026-07-09T07:17:58.423+0000] {processor.py:839} INFO - DAG(s) dict_keys(['daily_crypto_lstm_pipeline']) retrieved from /opt/airflow/dags/binance_daily_dag.py
[2026-07-09T07:17:58.453+0000] {logging_mixin.py:151} INFO - [2026-07-09T07:17:58.452+0000] {dag.py:2915} INFO - Sync 1 DAGs
[2026-07-09T07:17:58.481+0000] {logging_mixin.py:151} INFO - [2026-07-09T07:17:58.481+0000] {dag.py:3696} INFO - Setting next_dagrun for daily_crypto_lstm_pipeline to 2026-07-09T00:02:00+00:00, run_after=2026-07-10T00:02:00+00:00
[2026-07-09T07:17:58.546+0000] {processor.py:179} INFO - Processing /opt/airflow/dags/binance_daily_dag.py took 2.463 seconds
[2026-07-09T07:18:28.880+0000] {processor.py:157} INFO - Started process (PID=12800) to work on /opt/airflow/dags/binance_daily_dag.py
[2026-07-09T07:18:28.881+0000] {processor.py:829} INFO - Processing file /opt/airflow/dags/binance_daily_dag.py for tasks to queue
[2026-07-09T07:18:28.882+0000] {logging_mixin.py:151} INFO - [2026-07-09T07:18:28.882+0000] {dagbag.py:539} INFO - Filling up the DagBag from /opt/airflow/dags/binance_daily_dag.py
[2026-07-09T07:18:31.463+0000] {processor.py:839} INFO - DAG(s) dict_keys(['daily_crypto_lstm_pipeline']) retrieved from /opt/airflow/dags/binance_daily_dag.py
[2026-07-09T07:18:31.494+0000] {logging_mixin.py:151} INFO - [2026-07-09T07:18:31.493+0000] {dag.py:2915} INFO - Sync 1 DAGs
[2026-07-09T07:18:31.526+0000] {logging_mixin.py:151} INFO - [2026-07-09T07:18:31.526+0000] {dag.py:3696} INFO - Setting next_dagrun for daily_crypto_lstm_pipeline to 2026-07-09T00:02:00+00:00, run_after=2026-07-10T00:02:00+00:00
[2026-07-09T07:18:31.592+0000] {processor.py:179} INFO - Processing /opt/airflow/dags/binance_daily_dag.py took 2.715 seconds
[2026-07-09T07:19:02.610+0000] {processor.py:157} INFO - Started process (PID=12833) to work on /opt/airflow/dags/binance_daily_dag.py
[2026-07-09T07:19:02.612+0000] {processor.py:829} INFO - Processing file /opt/airflow/dags/binance_daily_dag.py for tasks to queue
[2026-07-09T07:19:02.614+0000] {logging_mixin.py:151} INFO - [2026-07-09T07:19:02.613+0000] {dagbag.py:539} INFO - Filling up the DagBag from /opt/airflow/dags/binance_daily_dag.py
[2026-07-09T07:19:05.294+0000] {processor.py:839} INFO - DAG(s) dict_keys(['daily_crypto_lstm_pipeline']) retrieved from /opt/airflow/dags/binance_daily_dag.py
[2026-07-09T07:19:05.317+0000] {logging_mixin.py:151} INFO - [2026-07-09T07:19:05.316+0000] {dag.py:2915} INFO - Sync 1 DAGs
[2026-07-09T07:19:05.339+0000] {logging_mixin.py:151} INFO - [2026-07-09T07:19:05.339+0000] {dag.py:3696} INFO - Setting next_dagrun for daily_crypto_lstm_pipeline to 2026-07-09T00:02:00+00:00, run_after=2026-07-10T00:02:00+00:00
[2026-07-09T07:19:05.387+0000] {processor.py:179} INFO - Processing /opt/airflow/dags/binance_daily_dag.py took 2.781 seconds
[2026-07-09T07:19:35.925+0000] {processor.py:157} INFO - Started process (PID=12866) to work on /opt/airflow/dags/binance_daily_dag.py
[2026-07-09T07:19:35.927+0000] {processor.py:829} INFO - Processing file /opt/airflow/dags/binance_daily_dag.py for tasks to queue
[2026-07-09T07:19:35.928+0000] {logging_mixin.py:151} INFO - [2026-07-09T07:19:35.928+0000] {dagbag.py:539} INFO - Filling up the DagBag from /opt/airflow/dags/binance_daily_dag.py
[2026-07-09T07:19:38.397+0000] {processor.py:839} INFO - DAG(s) dict_keys(['daily_crypto_lstm_pipeline']) retrieved from /opt/airflow/dags/binance_daily_dag.py
[2026-07-09T07:19:38.416+0000] {logging_mixin.py:151} INFO - [2026-07-09T07:19:38.415+0000] {dag.py:2915} INFO - Sync 1 DAGs
[2026-07-09T07:19:38.436+0000] {logging_mixin.py:151} INFO - [2026-07-09T07:19:38.436+0000] {dag.py:3696} INFO - Setting next_dagrun for daily_crypto_lstm_pipeline to 2026-07-09T00:02:00+00:00, run_after=2026-07-10T00:02:00+00:00
[2026-07-09T07:19:38.459+0000] {processor.py:179} INFO - Processing /opt/airflow/dags/binance_daily_dag.py took 2.538 seconds
[2026-07-09T07:20:09.319+0000] {processor.py:157} INFO - Started process (PID=12899) to work on /opt/airflow/dags/binance_daily_dag.py
[2026-07-09T07:20:09.320+0000] {processor.py:829} INFO - Processing file /opt/airflow/dags/binance_daily_dag.py for tasks to queue
[2026-07-09T07:20:09.321+0000] {logging_mixin.py:151} INFO - [2026-07-09T07:20:09.321+0000] {dagbag.py:539} INFO - Filling up the DagBag from /opt/airflow/dags/binance_daily_dag.py
[2026-07-09T07:20:11.893+0000] {processor.py:839} INFO - DAG(s) dict_keys(['daily_crypto_lstm_pipeline']) retrieved from /opt/airflow/dags/binance_daily_dag.py
[2026-07-09T07:20:11.914+0000] {logging_mixin.py:151} INFO - [2026-07-09T07:20:11.914+0000] {dag.py:2915} INFO - Sync 1 DAGs
[2026-07-09T07:20:11.935+0000] {logging_mixin.py:151} INFO - [2026-07-09T07:20:11.935+0000] {dag.py:3696} INFO - Setting next_dagrun for daily_crypto_lstm_pipeline to 2026-07-09T00:02:00+00:00, run_after=2026-07-10T00:02:00+00:00
[2026-07-09T07:20:11.956+0000] {processor.py:179} INFO - Processing /opt/airflow/dags/binance_daily_dag.py took 2.641 seconds
[2026-07-09T07:20:42.654+0000] {processor.py:157} INFO - Started process (PID=12932) to work on /opt/airflow/dags/binance_daily_dag.py
[2026-07-09T07:20:42.655+0000] {processor.py:829} INFO - Processing file /opt/airflow/dags/binance_daily_dag.py for tasks to queue
[2026-07-09T07:20:42.657+0000] {logging_mixin.py:151} INFO - [2026-07-09T07:20:42.656+0000] {dagbag.py:539} INFO - Filling up the DagBag from /opt/airflow/dags/binance_daily_dag.py
[2026-07-09T07:20:45.819+0000] {processor.py:839} INFO - DAG(s) dict_keys(['daily_crypto_lstm_pipeline']) retrieved from /opt/airflow/dags/binance_daily_dag.py
[2026-07-09T07:20:45.842+0000] {logging_mixin.py:151} INFO - [2026-07-09T07:20:45.842+0000] {dag.py:2915} INFO - Sync 1 DAGs
[2026-07-09T07:20:45.868+0000] {logging_mixin.py:151} INFO - [2026-07-09T07:20:45.868+0000] {dag.py:3696} INFO - Setting next_dagrun for daily_crypto_lstm_pipeline to 2026-07-09T00:02:00+00:00, run_after=2026-07-10T00:02:00+00:00
[2026-07-09T07:20:45.910+0000] {processor.py:179} INFO - Processing /opt/airflow/dags/binance_daily_dag.py took 3.263 seconds
[2026-07-09T07:21:16.403+0000] {processor.py:157} INFO - Started process (PID=12965) to work on /opt/airflow/dags/binance_daily_dag.py
[2026-07-09T07:21:16.404+0000] {processor.py:829} INFO - Processing file /opt/airflow/dags/binance_daily_dag.py for tasks to queue
[2026-07-09T07:21:16.405+0000] {logging_mixin.py:151} INFO - [2026-07-09T07:21:16.405+0000] {dagbag.py:539} INFO - Filling up the DagBag from /opt/airflow/dags/binance_daily_dag.py
[2026-07-09T07:21:19.170+0000] {processor.py:839} INFO - DAG(s) dict_keys(['daily_crypto_lstm_pipeline']) retrieved from /opt/airflow/dags/binance_daily_dag.py
[2026-07-09T07:21:19.205+0000] {logging_mixin.py:151} INFO - [2026-07-09T07:21:19.204+0000] {dag.py:2915} INFO - Sync 1 DAGs
[2026-07-09T07:21:19.234+0000] {logging_mixin.py:151} INFO - [2026-07-09T07:21:19.234+0000] {dag.py:3696} INFO - Setting next_dagrun for daily_crypto_lstm_pipeline to 2026-07-09T00:02:00+00:00, run_after=2026-07-10T00:02:00+00:00
[2026-07-09T07:21:19.301+0000] {processor.py:179} INFO - Processing /opt/airflow/dags/binance_daily_dag.py took 2.900 seconds
[2026-07-09T07:21:49.821+0000] {processor.py:157} INFO - Started process (PID=12998) to work on /opt/airflow/dags/binance_daily_dag.py
[2026-07-09T07:21:49.823+0000] {processor.py:829} INFO - Processing file /opt/airflow/dags/binance_daily_dag.py for tasks to queue
[2026-07-09T07:21:49.825+0000] {logging_mixin.py:151} INFO - [2026-07-09T07:21:49.825+0000] {dagbag.py:539} INFO - Filling up the DagBag from /opt/airflow/dags/binance_daily_dag.py
[2026-07-09T07:21:53.381+0000] {processor.py:839} INFO - DAG(s) dict_keys(['daily_crypto_lstm_pipeline']) retrieved from /opt/airflow/dags/binance_daily_dag.py
[2026-07-09T07:21:53.406+0000] {logging_mixin.py:151} INFO - [2026-07-09T07:21:53.406+0000] {dag.py:2915} INFO - Sync 1 DAGs
[2026-07-09T07:21:53.429+0000] {logging_mixin.py:151} INFO - [2026-07-09T07:21:53.429+0000] {dag.py:3696} INFO - Setting next_dagrun for daily_crypto_lstm_pipeline to 2026-07-09T00:02:00+00:00, run_after=2026-07-10T00:02:00+00:00
[2026-07-09T07:21:53.452+0000] {processor.py:179} INFO - Processing /opt/airflow/dags/binance_daily_dag.py took 3.637 seconds
[2026-07-09T07:22:24.291+0000] {processor.py:157} INFO - Started process (PID=13031) to work on /opt/airflow/dags/binance_daily_dag.py
[2026-07-09T07:22:24.296+0000] {processor.py:829} INFO - Processing file /opt/airflow/dags/binance_daily_dag.py for tasks to queue
[2026-07-09T07:22:24.298+0000] {logging_mixin.py:151} INFO - [2026-07-09T07:22:24.297+0000] {dagbag.py:539} INFO - Filling up the DagBag from /opt/airflow/dags/binance_daily_dag.py
[2026-07-09T07:22:26.967+0000] {processor.py:839} INFO - DAG(s) dict_keys(['daily_crypto_lstm_pipeline']) retrieved from /opt/airflow/dags/binance_daily_dag.py
[2026-07-09T07:22:26.992+0000] {logging_mixin.py:151} INFO - [2026-07-09T07:22:26.992+0000] {dag.py:2915} INFO - Sync 1 DAGs
[2026-07-09T07:22:27.017+0000] {logging_mixin.py:151} INFO - [2026-07-09T07:22:27.017+0000] {dag.py:3696} INFO - Setting next_dagrun for daily_crypto_lstm_pipeline to 2026-07-09T00:02:00+00:00, run_after=2026-07-10T00:02:00+00:00
[2026-07-09T07:22:27.041+0000] {processor.py:179} INFO - Processing /opt/airflow/dags/binance_daily_dag.py took 2.755 seconds
[2026-07-09T07:22:57.491+0000] {processor.py:157} INFO - Started process (PID=13071) to work on /opt/airflow/dags/binance_daily_dag.py
[2026-07-09T07:22:57.493+0000] {processor.py:829} INFO - Processing file /opt/airflow/dags/binance_daily_dag.py for tasks to queue
[2026-07-09T07:22:57.494+0000] {logging_mixin.py:151} INFO - [2026-07-09T07:22:57.494+0000] {dagbag.py:539} INFO - Filling up the DagBag from /opt/airflow/dags/binance_daily_dag.py
[2026-07-09T07:22:59.721+0000] {processor.py:839} INFO - DAG(s) dict_keys(['daily_crypto_lstm_pipeline']) retrieved from /opt/airflow/dags/binance_daily_dag.py
[2026-07-09T07:22:59.742+0000] {logging_mixin.py:151} INFO - [2026-07-09T07:22:59.741+0000] {dag.py:2915} INFO - Sync 1 DAGs
[2026-07-09T07:22:59.760+0000] {logging_mixin.py:151} INFO - [2026-07-09T07:22:59.760+0000] {dag.py:3696} INFO - Setting next_dagrun for daily_crypto_lstm_pipeline to 2026-07-09T00:02:00+00:00, run_after=2026-07-10T00:02:00+00:00
[2026-07-09T07:22:59.814+0000] {processor.py:179} INFO - Processing /opt/airflow/dags/binance_daily_dag.py took 2.328 seconds
[2026-07-09T07:23:30.344+0000] {processor.py:157} INFO - Started process (PID=13104) to work on /opt/airflow/dags/binance_daily_dag.py
[2026-07-09T07:23:30.346+0000] {processor.py:829} INFO - Processing file /opt/airflow/dags/binance_daily_dag.py for tasks to queue
[2026-07-09T07:23:30.347+0000] {logging_mixin.py:151} INFO - [2026-07-09T07:23:30.346+0000] {dagbag.py:539} INFO - Filling up the DagBag from /opt/airflow/dags/binance_daily_dag.py
[2026-07-09T07:23:33.195+0000] {processor.py:839} INFO - DAG(s) dict_keys(['daily_crypto_lstm_pipeline']) retrieved from /opt/airflow/dags/binance_daily_dag.py
[2026-07-09T07:23:33.217+0000] {logging_mixin.py:151} INFO - [2026-07-09T07:23:33.216+0000] {dag.py:2915} INFO - Sync 1 DAGs
[2026-07-09T07:23:33.238+0000] {logging_mixin.py:151} INFO - [2026-07-09T07:23:33.237+0000] {dag.py:3696} INFO - Setting next_dagrun for daily_crypto_lstm_pipeline to 2026-07-09T00:02:00+00:00, run_after=2026-07-10T00:02:00+00:00
[2026-07-09T07:23:33.256+0000] {processor.py:179} INFO - Processing /opt/airflow/dags/binance_daily_dag.py took 2.915 seconds
[2026-07-09T07:24:03.600+0000] {processor.py:157} INFO - Started process (PID=13137) to work on /opt/airflow/dags/binance_daily_dag.py
[2026-07-09T07:24:03.602+0000] {processor.py:829} INFO - Processing file /opt/airflow/dags/binance_daily_dag.py for tasks to queue
[2026-07-09T07:24:03.603+0000] {logging_mixin.py:151} INFO - [2026-07-09T07:24:03.602+0000] {dagbag.py:539} INFO - Filling up the DagBag from /opt/airflow/dags/binance_daily_dag.py
[2026-07-09T07:24:06.357+0000] {processor.py:839} INFO - DAG(s) dict_keys(['daily_crypto_lstm_pipeline']) retrieved from /opt/airflow/dags/binance_daily_dag.py
[2026-07-09T07:24:06.379+0000] {logging_mixin.py:151} INFO - [2026-07-09T07:24:06.378+0000] {dag.py:2915} INFO - Sync 1 DAGs
[2026-07-09T07:24:06.406+0000] {logging_mixin.py:151} INFO - [2026-07-09T07:24:06.406+0000] {dag.py:3696} INFO - Setting next_dagrun for daily_crypto_lstm_pipeline to 2026-07-09T00:02:00+00:00, run_after=2026-07-10T00:02:00+00:00
[2026-07-09T07:24:06.428+0000] {processor.py:179} INFO - Processing /opt/airflow/dags/binance_daily_dag.py took 2.832 seconds
[2026-07-09T07:24:36.924+0000] {processor.py:157} INFO - Started process (PID=13175) to work on /opt/airflow/dags/binance_daily_dag.py
[2026-07-09T07:24:36.925+0000] {processor.py:829} INFO - Processing file /opt/airflow/dags/binance_daily_dag.py for tasks to queue
[2026-07-09T07:24:36.926+0000] {logging_mixin.py:151} INFO - [2026-07-09T07:24:36.925+0000] {dagbag.py:539} INFO - Filling up the DagBag from /opt/airflow/dags/binance_daily_dag.py
[2026-07-09T07:24:39.111+0000] {processor.py:839} INFO - DAG(s) dict_keys(['daily_crypto_lstm_pipeline']) retrieved from /opt/airflow/dags/binance_daily_dag.py
[2026-07-09T07:24:39.137+0000] {logging_mixin.py:151} INFO - [2026-07-09T07:24:39.136+0000] {dag.py:2915} INFO - Sync 1 DAGs
[2026-07-09T07:24:39.159+0000] {logging_mixin.py:151} INFO - [2026-07-09T07:24:39.159+0000] {dag.py:3696} INFO - Setting next_dagrun for daily_crypto_lstm_pipeline to 2026-07-09T00:02:00+00:00, run_after=2026-07-10T00:02:00+00:00
[2026-07-09T07:24:39.179+0000] {processor.py:179} INFO - Processing /opt/airflow/dags/binance_daily_dag.py took 2.258 seconds
[2026-07-09T07:25:09.687+0000] {processor.py:157} INFO - Started process (PID=13207) to work on /opt/airflow/dags/binance_daily_dag.py
[2026-07-09T07:25:09.688+0000] {processor.py:829} INFO - Processing file /opt/airflow/dags/binance_daily_dag.py for tasks to queue
[2026-07-09T07:25:09.689+0000] {logging_mixin.py:151} INFO - [2026-07-09T07:25:09.689+0000] {dagbag.py:539} INFO - Filling up the DagBag from /opt/airflow/dags/binance_daily_dag.py
[2026-07-09T07:25:11.993+0000] {processor.py:839} INFO - DAG(s) dict_keys(['daily_crypto_lstm_pipeline']) retrieved from /opt/airflow/dags/binance_daily_dag.py
[2026-07-09T07:25:12.016+0000] {logging_mixin.py:151} INFO - [2026-07-09T07:25:12.015+0000] {dag.py:2915} INFO - Sync 1 DAGs
[2026-07-09T07:25:12.039+0000] {logging_mixin.py:151} INFO - [2026-07-09T07:25:12.038+0000] {dag.py:3696} INFO - Setting next_dagrun for daily_crypto_lstm_pipeline to 2026-07-09T00:02:00+00:00, run_after=2026-07-10T00:02:00+00:00
[2026-07-09T07:25:12.058+0000] {processor.py:179} INFO - Processing /opt/airflow/dags/binance_daily_dag.py took 2.374 seconds
[2026-07-09T07:25:43.032+0000] {processor.py:157} INFO - Started process (PID=13240) to work on /opt/airflow/dags/binance_daily_dag.py
[2026-07-09T07:25:43.033+0000] {processor.py:829} INFO - Processing file /opt/airflow/dags/binance_daily_dag.py for tasks to queue
[2026-07-09T07:25:43.034+0000] {logging_mixin.py:151} INFO - [2026-07-09T07:25:43.034+0000] {dagbag.py:539} INFO - Filling up the DagBag from /opt/airflow/dags/binance_daily_dag.py
[2026-07-09T07:25:45.620+0000] {processor.py:839} INFO - DAG(s) dict_keys(['daily_crypto_lstm_pipeline']) retrieved from /opt/airflow/dags/binance_daily_dag.py
[2026-07-09T07:25:45.644+0000] {logging_mixin.py:151} INFO - [2026-07-09T07:25:45.643+0000] {dag.py:2915} INFO - Sync 1 DAGs
[2026-07-09T07:25:45.665+0000] {logging_mixin.py:151} INFO - [2026-07-09T07:25:45.665+0000] {dag.py:3696} INFO - Setting next_dagrun for daily_crypto_lstm_pipeline to 2026-07-09T00:02:00+00:00, run_after=2026-07-10T00:02:00+00:00
[2026-07-09T07:25:45.726+0000] {processor.py:179} INFO - Processing /opt/airflow/dags/binance_daily_dag.py took 2.696 seconds
[2026-07-09T07:26:16.674+0000] {processor.py:157} INFO - Started process (PID=13273) to work on /opt/airflow/dags/binance_daily_dag.py
[2026-07-09T07:26:16.675+0000] {processor.py:829} INFO - Processing file /opt/airflow/dags/binance_daily_dag.py for tasks to queue
[2026-07-09T07:26:16.676+0000] {logging_mixin.py:151} INFO - [2026-07-09T07:26:16.676+0000] {dagbag.py:539} INFO - Filling up the DagBag from /opt/airflow/dags/binance_daily_dag.py
[2026-07-09T07:26:19.150+0000] {processor.py:839} INFO - DAG(s) dict_keys(['daily_crypto_lstm_pipeline']) retrieved from /opt/airflow/dags/binance_daily_dag.py
[2026-07-09T07:26:19.178+0000] {logging_mixin.py:151} INFO - [2026-07-09T07:26:19.178+0000] {dag.py:2915} INFO - Sync 1 DAGs
[2026-07-09T07:26:19.213+0000] {logging_mixin.py:151} INFO - [2026-07-09T07:26:19.213+0000] {dag.py:3696} INFO - Setting next_dagrun for daily_crypto_lstm_pipeline to 2026-07-09T00:02:00+00:00, run_after=2026-07-10T00:02:00+00:00
[2026-07-09T07:26:19.239+0000] {processor.py:179} INFO - Processing /opt/airflow/dags/binance_daily_dag.py took 2.568 seconds
[2026-07-09T07:26:49.896+0000] {processor.py:157} INFO - Started process (PID=13306) to work on /opt/airflow/dags/binance_daily_dag.py
[2026-07-09T07:26:49.897+0000] {processor.py:829} INFO - Processing file /opt/airflow/dags/binance_daily_dag.py for tasks to queue
[2026-07-09T07:26:49.899+0000] {logging_mixin.py:151} INFO - [2026-07-09T07:26:49.899+0000] {dagbag.py:539} INFO - Filling up the DagBag from /opt/airflow/dags/binance_daily_dag.py
[2026-07-09T07:26:52.821+0000] {processor.py:839} INFO - DAG(s) dict_keys(['daily_crypto_lstm_pipeline']) retrieved from /opt/airflow/dags/binance_daily_dag.py
[2026-07-09T07:26:52.847+0000] {logging_mixin.py:151} INFO - [2026-07-09T07:26:52.847+0000] {dag.py:2915} INFO - Sync 1 DAGs
[2026-07-09T07:26:52.873+0000] {logging_mixin.py:151} INFO - [2026-07-09T07:26:52.873+0000] {dag.py:3696} INFO - Setting next_dagrun for daily_crypto_lstm_pipeline to 2026-07-09T00:02:00+00:00, run_after=2026-07-10T00:02:00+00:00
[2026-07-09T07:26:52.902+0000] {processor.py:179} INFO - Processing /opt/airflow/dags/binance_daily_dag.py took 3.011 seconds
[2026-07-09T07:27:23.175+0000] {processor.py:157} INFO - Started process (PID=13339) to work on /opt/airflow/dags/binance_daily_dag.py
[2026-07-09T07:27:23.176+0000] {processor.py:829} INFO - Processing file /opt/airflow/dags/binance_daily_dag.py for tasks to queue
[2026-07-09T07:27:23.177+0000] {logging_mixin.py:151} INFO - [2026-07-09T07:27:23.176+0000] {dagbag.py:539} INFO - Filling up the DagBag from /opt/airflow/dags/binance_daily_dag.py
[2026-07-09T07:27:26.151+0000] {processor.py:839} INFO - DAG(s) dict_keys(['daily_crypto_lstm_pipeline']) retrieved from /opt/airflow/dags/binance_daily_dag.py
[2026-07-09T07:27:26.176+0000] {logging_mixin.py:151} INFO - [2026-07-09T07:27:26.175+0000] {dag.py:2915} INFO - Sync 1 DAGs
[2026-07-09T07:27:26.200+0000] {logging_mixin.py:151} INFO - [2026-07-09T07:27:26.200+0000] {dag.py:3696} INFO - Setting next_dagrun for daily_crypto_lstm_pipeline to 2026-07-09T00:02:00+00:00, run_after=2026-07-10T00:02:00+00:00
[2026-07-09T07:27:26.262+0000] {processor.py:179} INFO - Processing /opt/airflow/dags/binance_daily_dag.py took 3.090 seconds
[2026-07-09T07:27:57.308+0000] {processor.py:157} INFO - Started process (PID=13372) to work on /opt/airflow/dags/binance_daily_dag.py
[2026-07-09T07:27:57.309+0000] {processor.py:829} INFO - Processing file /opt/airflow/dags/binance_daily_dag.py for tasks to queue
[2026-07-09T07:27:57.309+0000] {logging_mixin.py:151} INFO - [2026-07-09T07:27:57.309+0000] {dagbag.py:539} INFO - Filling up the DagBag from /opt/airflow/dags/binance_daily_dag.py
[2026-07-09T07:27:59.747+0000] {processor.py:839} INFO - DAG(s) dict_keys(['daily_crypto_lstm_pipeline']) retrieved from /opt/airflow/dags/binance_daily_dag.py
[2026-07-09T07:27:59.769+0000] {logging_mixin.py:151} INFO - [2026-07-09T07:27:59.768+0000] {dag.py:2915} INFO - Sync 1 DAGs
[2026-07-09T07:27:59.788+0000] {logging_mixin.py:151} INFO - [2026-07-09T07:27:59.788+0000] {dag.py:3696} INFO - Setting next_dagrun for daily_crypto_lstm_pipeline to 2026-07-09T00:02:00+00:00, run_after=2026-07-10T00:02:00+00:00
[2026-07-09T07:27:59.849+0000] {processor.py:179} INFO - Processing /opt/airflow/dags/binance_daily_dag.py took 2.544 seconds
[2026-07-09T07:28:30.043+0000] {processor.py:157} INFO - Started process (PID=13412) to work on /opt/airflow/dags/binance_daily_dag.py
[2026-07-09T07:28:30.044+0000] {processor.py:829} INFO - Processing file /opt/airflow/dags/binance_daily_dag.py for tasks to queue
[2026-07-09T07:28:30.045+0000] {logging_mixin.py:151} INFO - [2026-07-09T07:28:30.045+0000] {dagbag.py:539} INFO - Filling up the DagBag from /opt/airflow/dags/binance_daily_dag.py
[2026-07-09T07:28:32.929+0000] {processor.py:839} INFO - DAG(s) dict_keys(['daily_crypto_lstm_pipeline']) retrieved from /opt/airflow/dags/binance_daily_dag.py
[2026-07-09T07:28:32.954+0000] {logging_mixin.py:151} INFO - [2026-07-09T07:28:32.953+0000] {dag.py:2915} INFO - Sync 1 DAGs
[2026-07-09T07:28:32.978+0000] {logging_mixin.py:151} INFO - [2026-07-09T07:28:32.978+0000] {dag.py:3696} INFO - Setting next_dagrun for daily_crypto_lstm_pipeline to 2026-07-09T00:02:00+00:00, run_after=2026-07-10T00:02:00+00:00
[2026-07-09T07:28:33.003+0000] {processor.py:179} INFO - Processing /opt/airflow/dags/binance_daily_dag.py took 2.964 seconds
[2026-07-09T07:29:03.336+0000] {processor.py:157} INFO - Started process (PID=13445) to work on /opt/airflow/dags/binance_daily_dag.py
[2026-07-09T07:29:03.337+0000] {processor.py:829} INFO - Processing file /opt/airflow/dags/binance_daily_dag.py for tasks to queue
[2026-07-09T07:29:03.338+0000] {logging_mixin.py:151} INFO - [2026-07-09T07:29:03.338+0000] {dagbag.py:539} INFO - Filling up the DagBag from /opt/airflow/dags/binance_daily_dag.py
[2026-07-09T07:29:06.304+0000] {processor.py:839} INFO - DAG(s) dict_keys(['daily_crypto_lstm_pipeline']) retrieved from /opt/airflow/dags/binance_daily_dag.py
[2026-07-09T07:29:06.337+0000] {logging_mixin.py:151} INFO - [2026-07-09T07:29:06.336+0000] {dag.py:2915} INFO - Sync 1 DAGs
[2026-07-09T07:29:06.369+0000] {logging_mixin.py:151} INFO - [2026-07-09T07:29:06.369+0000] {dag.py:3696} INFO - Setting next_dagrun for daily_crypto_lstm_pipeline to 2026-07-09T00:02:00+00:00, run_after=2026-07-10T00:02:00+00:00
[2026-07-09T07:29:06.396+0000] {processor.py:179} INFO - Processing /opt/airflow/dags/binance_daily_dag.py took 3.063 seconds
[2026-07-09T07:29:36.758+0000] {processor.py:157} INFO - Started process (PID=13478) to work on /opt/airflow/dags/binance_daily_dag.py
[2026-07-09T07:29:36.759+0000] {processor.py:829} INFO - Processing file /opt/airflow/dags/binance_daily_dag.py for tasks to queue
[2026-07-09T07:29:36.760+0000] {logging_mixin.py:151} INFO - [2026-07-09T07:29:36.760+0000] {dagbag.py:539} INFO - Filling up the DagBag from /opt/airflow/dags/binance_daily_dag.py
[2026-07-09T07:29:39.296+0000] {processor.py:839} INFO - DAG(s) dict_keys(['daily_crypto_lstm_pipeline']) retrieved from /opt/airflow/dags/binance_daily_dag.py
[2026-07-09T07:29:39.319+0000] {logging_mixin.py:151} INFO - [2026-07-09T07:29:39.319+0000] {dag.py:2915} INFO - Sync 1 DAGs
[2026-07-09T07:29:39.336+0000] {logging_mixin.py:151} INFO - [2026-07-09T07:29:39.336+0000] {dag.py:3696} INFO - Setting next_dagrun for daily_crypto_lstm_pipeline to 2026-07-09T00:02:00+00:00, run_after=2026-07-10T00:02:00+00:00
[2026-07-09T07:29:39.357+0000] {processor.py:179} INFO - Processing /opt/airflow/dags/binance_daily_dag.py took 2.603 seconds
[2026-07-09T07:30:09.842+0000] {processor.py:157} INFO - Started process (PID=13511) to work on /opt/airflow/dags/binance_daily_dag.py
[2026-07-09T07:30:09.844+0000] {processor.py:829} INFO - Processing file /opt/airflow/dags/binance_daily_dag.py for tasks to queue
[2026-07-09T07:30:09.845+0000] {logging_mixin.py:151} INFO - [2026-07-09T07:30:09.845+0000] {dagbag.py:539} INFO - Filling up the DagBag from /opt/airflow/dags/binance_daily_dag.py
[2026-07-09T07:30:12.364+0000] {processor.py:839} INFO - DAG(s) dict_keys(['daily_crypto_lstm_pipeline']) retrieved from /opt/airflow/dags/binance_daily_dag.py
[2026-07-09T07:30:12.394+0000] {logging_mixin.py:151} INFO - [2026-07-09T07:30:12.393+0000] {dag.py:2915} INFO - Sync 1 DAGs
[2026-07-09T07:30:12.422+0000] {logging_mixin.py:151} INFO - [2026-07-09T07:30:12.422+0000] {dag.py:3696} INFO - Setting next_dagrun for daily_crypto_lstm_pipeline to 2026-07-09T00:02:00+00:00, run_after=2026-07-10T00:02:00+00:00
[2026-07-09T07:30:12.465+0000] {processor.py:179} INFO - Processing /opt/airflow/dags/binance_daily_dag.py took 2.627 seconds
[2026-07-09T07:30:43.282+0000] {processor.py:157} INFO - Started process (PID=13549) to work on /opt/airflow/dags/binance_daily_dag.py
[2026-07-09T07:30:43.283+0000] {processor.py:829} INFO - Processing file /opt/airflow/dags/binance_daily_dag.py for tasks to queue
[2026-07-09T07:30:43.284+0000] {logging_mixin.py:151} INFO - [2026-07-09T07:30:43.283+0000] {dagbag.py:539} INFO - Filling up the DagBag from /opt/airflow/dags/binance_daily_dag.py
[2026-07-09T07:30:46.139+0000] {processor.py:839} INFO - DAG(s) dict_keys(['daily_crypto_lstm_pipeline']) retrieved from /opt/airflow/dags/binance_daily_dag.py
[2026-07-09T07:30:46.168+0000] {logging_mixin.py:151} INFO - [2026-07-09T07:30:46.168+0000] {dag.py:2915} INFO - Sync 1 DAGs
[2026-07-09T07:30:46.198+0000] {logging_mixin.py:151} INFO - [2026-07-09T07:30:46.198+0000] {dag.py:3696} INFO - Setting next_dagrun for daily_crypto_lstm_pipeline to 2026-07-09T00:02:00+00:00, run_after=2026-07-10T00:02:00+00:00
[2026-07-09T07:30:46.262+0000] {processor.py:179} INFO - Processing /opt/airflow/dags/binance_daily_dag.py took 2.983 seconds
[2026-07-09T07:31:16.713+0000] {processor.py:157} INFO - Started process (PID=13582) to work on /opt/airflow/dags/binance_daily_dag.py
[2026-07-09T07:31:16.715+0000] {processor.py:829} INFO - Processing file /opt/airflow/dags/binance_daily_dag.py for tasks to queue
[2026-07-09T07:31:16.716+0000] {logging_mixin.py:151} INFO - [2026-07-09T07:31:16.716+0000] {dagbag.py:539} INFO - Filling up the DagBag from /opt/airflow/dags/binance_daily_dag.py
[2026-07-09T07:31:19.303+0000] {processor.py:839} INFO - DAG(s) dict_keys(['daily_crypto_lstm_pipeline']) retrieved from /opt/airflow/dags/binance_daily_dag.py
[2026-07-09T07:31:19.329+0000] {logging_mixin.py:151} INFO - [2026-07-09T07:31:19.328+0000] {dag.py:2915} INFO - Sync 1 DAGs
[2026-07-09T07:31:19.353+0000] {logging_mixin.py:151} INFO - [2026-07-09T07:31:19.353+0000] {dag.py:3696} INFO - Setting next_dagrun for daily_crypto_lstm_pipeline to 2026-07-09T00:02:00+00:00, run_after=2026-07-10T00:02:00+00:00
[2026-07-09T07:31:19.374+0000] {processor.py:179} INFO - Processing /opt/airflow/dags/binance_daily_dag.py took 2.666 seconds
[2026-07-09T07:31:50.081+0000] {processor.py:157} INFO - Started process (PID=13615) to work on /opt/airflow/dags/binance_daily_dag.py
[2026-07-09T07:31:50.082+0000] {processor.py:829} INFO - Processing file /opt/airflow/dags/binance_daily_dag.py for tasks to queue
[2026-07-09T07:31:50.083+0000] {logging_mixin.py:151} INFO - [2026-07-09T07:31:50.083+0000] {dagbag.py:539} INFO - Filling up the DagBag from /opt/airflow/dags/binance_daily_dag.py
[2026-07-09T07:31:52.432+0000] {processor.py:839} INFO - DAG(s) dict_keys(['daily_crypto_lstm_pipeline']) retrieved from /opt/airflow/dags/binance_daily_dag.py
[2026-07-09T07:31:52.454+0000] {logging_mixin.py:151} INFO - [2026-07-09T07:31:52.454+0000] {dag.py:2915} INFO - Sync 1 DAGs
[2026-07-09T07:31:52.477+0000] {logging_mixin.py:151} INFO - [2026-07-09T07:31:52.477+0000] {dag.py:3696} INFO - Setting next_dagrun for daily_crypto_lstm_pipeline to 2026-07-09T00:02:00+00:00, run_after=2026-07-10T00:02:00+00:00
[2026-07-09T07:31:52.498+0000] {processor.py:179} INFO - Processing /opt/airflow/dags/binance_daily_dag.py took 2.422 seconds
[2026-07-09T07:32:23.418+0000] {processor.py:157} INFO - Started process (PID=13648) to work on /opt/airflow/dags/binance_daily_dag.py
[2026-07-09T07:32:23.419+0000] {processor.py:829} INFO - Processing file /opt/airflow/dags/binance_daily_dag.py for tasks to queue
[2026-07-09T07:32:23.420+0000] {logging_mixin.py:151} INFO - [2026-07-09T07:32:23.420+0000] {dagbag.py:539} INFO - Filling up the DagBag from /opt/airflow/dags/binance_daily_dag.py
[2026-07-09T07:32:26.186+0000] {processor.py:839} INFO - DAG(s) dict_keys(['daily_crypto_lstm_pipeline']) retrieved from /opt/airflow/dags/binance_daily_dag.py
[2026-07-09T07:32:26.208+0000] {logging_mixin.py:151} INFO - [2026-07-09T07:32:26.208+0000] {dag.py:2915} INFO - Sync 1 DAGs
[2026-07-09T07:32:26.227+0000] {logging_mixin.py:151} INFO - [2026-07-09T07:32:26.227+0000] {dag.py:3696} INFO - Setting next_dagrun for daily_crypto_lstm_pipeline to 2026-07-09T00:02:00+00:00, run_after=2026-07-10T00:02:00+00:00
[2026-07-09T07:32:26.284+0000] {processor.py:179} INFO - Processing /opt/airflow/dags/binance_daily_dag.py took 2.870 seconds
[2026-07-09T07:32:56.813+0000] {processor.py:157} INFO - Started process (PID=13681) to work on /opt/airflow/dags/binance_daily_dag.py
[2026-07-09T07:32:56.815+0000] {processor.py:829} INFO - Processing file /opt/airflow/dags/binance_daily_dag.py for tasks to queue
[2026-07-09T07:32:56.816+0000] {logging_mixin.py:151} INFO - [2026-07-09T07:32:56.816+0000] {dagbag.py:539} INFO - Filling up the DagBag from /opt/airflow/dags/binance_daily_dag.py
[2026-07-09T07:32:59.595+0000] {processor.py:839} INFO - DAG(s) dict_keys(['daily_crypto_lstm_pipeline']) retrieved from /opt/airflow/dags/binance_daily_dag.py
[2026-07-09T07:32:59.614+0000] {logging_mixin.py:151} INFO - [2026-07-09T07:32:59.614+0000] {dag.py:2915} INFO - Sync 1 DAGs
[2026-07-09T07:32:59.639+0000] {logging_mixin.py:151} INFO - [2026-07-09T07:32:59.639+0000] {dag.py:3696} INFO - Setting next_dagrun for daily_crypto_lstm_pipeline to 2026-07-09T00:02:00+00:00, run_after=2026-07-10T00:02:00+00:00
[2026-07-09T07:32:59.696+0000] {processor.py:179} INFO - Processing /opt/airflow/dags/binance_daily_dag.py took 2.887 seconds
[2026-07-09T07:33:30.170+0000] {processor.py:157} INFO - Started process (PID=13721) to work on /opt/airflow/dags/binance_daily_dag.py
[2026-07-09T07:33:30.171+0000] {processor.py:829} INFO - Processing file /opt/airflow/dags/binance_daily_dag.py for tasks to queue
[2026-07-09T07:33:30.173+0000] {logging_mixin.py:151} INFO - [2026-07-09T07:33:30.172+0000] {dagbag.py:539} INFO - Filling up the DagBag from /opt/airflow/dags/binance_daily_dag.py
[2026-07-09T07:33:33.083+0000] {processor.py:839} INFO - DAG(s) dict_keys(['daily_crypto_lstm_pipeline']) retrieved from /opt/airflow/dags/binance_daily_dag.py
[2026-07-09T07:33:33.103+0000] {logging_mixin.py:151} INFO - [2026-07-09T07:33:33.103+0000] {dag.py:2915} INFO - Sync 1 DAGs
[2026-07-09T07:33:33.126+0000] {logging_mixin.py:151} INFO - [2026-07-09T07:33:33.126+0000] {dag.py:3696} INFO - Setting next_dagrun for daily_crypto_lstm_pipeline to 2026-07-09T00:02:00+00:00, run_after=2026-07-10T00:02:00+00:00
[2026-07-09T07:33:33.143+0000] {processor.py:179} INFO - Processing /opt/airflow/dags/binance_daily_dag.py took 2.978 seconds
[2026-07-09T07:34:03.464+0000] {processor.py:157} INFO - Started process (PID=13754) to work on /opt/airflow/dags/binance_daily_dag.py
[2026-07-09T07:34:03.466+0000] {processor.py:829} INFO - Processing file /opt/airflow/dags/binance_daily_dag.py for tasks to queue
[2026-07-09T07:34:03.467+0000] {logging_mixin.py:151} INFO - [2026-07-09T07:34:03.467+0000] {dagbag.py:539} INFO - Filling up the DagBag from /opt/airflow/dags/binance_daily_dag.py
[2026-07-09T07:34:06.042+0000] {processor.py:839} INFO - DAG(s) dict_keys(['daily_crypto_lstm_pipeline']) retrieved from /opt/airflow/dags/binance_daily_dag.py
[2026-07-09T07:34:06.070+0000] {logging_mixin.py:151} INFO - [2026-07-09T07:34:06.070+0000] {dag.py:2915} INFO - Sync 1 DAGs
[2026-07-09T07:34:06.096+0000] {logging_mixin.py:151} INFO - [2026-07-09T07:34:06.096+0000] {dag.py:3696} INFO - Setting next_dagrun for daily_crypto_lstm_pipeline to 2026-07-09T00:02:00+00:00, run_after=2026-07-10T00:02:00+00:00
[2026-07-09T07:34:06.122+0000] {processor.py:179} INFO - Processing /opt/airflow/dags/binance_daily_dag.py took 2.663 seconds
[2026-07-09T07:34:37.083+0000] {processor.py:157} INFO - Started process (PID=13787) to work on /opt/airflow/dags/binance_daily_dag.py
[2026-07-09T07:34:37.114+0000] {processor.py:829} INFO - Processing file /opt/airflow/dags/binance_daily_dag.py for tasks to queue
[2026-07-09T07:34:37.133+0000] {logging_mixin.py:151} INFO - [2026-07-09T07:34:37.132+0000] {dagbag.py:539} INFO - Filling up the DagBag from /opt/airflow/dags/binance_daily_dag.py
[2026-07-09T07:34:39.845+0000] {processor.py:839} INFO - DAG(s) dict_keys(['daily_crypto_lstm_pipeline']) retrieved from /opt/airflow/dags/binance_daily_dag.py
[2026-07-09T07:34:39.872+0000] {logging_mixin.py:151} INFO - [2026-07-09T07:34:39.871+0000] {dag.py:2915} INFO - Sync 1 DAGs
[2026-07-09T07:34:39.900+0000] {logging_mixin.py:151} INFO - [2026-07-09T07:34:39.900+0000] {dag.py:3696} INFO - Setting next_dagrun for daily_crypto_lstm_pipeline to 2026-07-09T00:02:00+00:00, run_after=2026-07-10T00:02:00+00:00
[2026-07-09T07:34:39.923+0000] {processor.py:179} INFO - Processing /opt/airflow/dags/binance_daily_dag.py took 2.844 seconds
[2026-07-09T07:35:10.413+0000] {processor.py:157} INFO - Started process (PID=13821) to work on /opt/airflow/dags/binance_daily_dag.py
[2026-07-09T07:35:10.414+0000] {processor.py:829} INFO - Processing file /opt/airflow/dags/binance_daily_dag.py for tasks to queue
[2026-07-09T07:35:10.415+0000] {logging_mixin.py:151} INFO - [2026-07-09T07:35:10.415+0000] {dagbag.py:539} INFO - Filling up the DagBag from /opt/airflow/dags/binance_daily_dag.py
[2026-07-09T07:35:12.939+0000] {processor.py:839} INFO - DAG(s) dict_keys(['daily_crypto_lstm_pipeline']) retrieved from /opt/airflow/dags/binance_daily_dag.py
[2026-07-09T07:35:12.972+0000] {logging_mixin.py:151} INFO - [2026-07-09T07:35:12.971+0000] {dag.py:2915} INFO - Sync 1 DAGs
[2026-07-09T07:35:13.006+0000] {logging_mixin.py:151} INFO - [2026-07-09T07:35:13.005+0000] {dag.py:3696} INFO - Setting next_dagrun for daily_crypto_lstm_pipeline to 2026-07-09T00:02:00+00:00, run_after=2026-07-10T00:02:00+00:00
[2026-07-09T07:35:13.034+0000] {processor.py:179} INFO - Processing /opt/airflow/dags/binance_daily_dag.py took 2.624 seconds
[2026-07-09T07:35:43.546+0000] {processor.py:157} INFO - Started process (PID=13854) to work on /opt/airflow/dags/binance_daily_dag.py
[2026-07-09T07:35:43.547+0000] {processor.py:829} INFO - Processing file /opt/airflow/dags/binance_daily_dag.py for tasks to queue
[2026-07-09T07:35:43.548+0000] {logging_mixin.py:151} INFO - [2026-07-09T07:35:43.548+0000] {dagbag.py:539} INFO - Filling up the DagBag from /opt/airflow/dags/binance_daily_dag.py
[2026-07-09T07:35:46.153+0000] {processor.py:839} INFO - DAG(s) dict_keys(['daily_crypto_lstm_pipeline']) retrieved from /opt/airflow/dags/binance_daily_dag.py
[2026-07-09T07:35:46.183+0000] {logging_mixin.py:151} INFO - [2026-07-09T07:35:46.182+0000] {dag.py:2915} INFO - Sync 1 DAGs
[2026-07-09T07:35:46.207+0000] {logging_mixin.py:151} INFO - [2026-07-09T07:35:46.206+0000] {dag.py:3696} INFO - Setting next_dagrun for daily_crypto_lstm_pipeline to 2026-07-09T00:02:00+00:00, run_after=2026-07-10T00:02:00+00:00
[2026-07-09T07:35:46.226+0000] {processor.py:179} INFO - Processing /opt/airflow/dags/binance_daily_dag.py took 2.684 seconds
[2026-07-09T07:36:16.602+0000] {processor.py:157} INFO - Started process (PID=13887) to work on /opt/airflow/dags/binance_daily_dag.py
[2026-07-09T07:36:16.604+0000] {processor.py:829} INFO - Processing file /opt/airflow/dags/binance_daily_dag.py for tasks to queue
[2026-07-09T07:36:16.606+0000] {logging_mixin.py:151} INFO - [2026-07-09T07:36:16.606+0000] {dagbag.py:539} INFO - Filling up the DagBag from /opt/airflow/dags/binance_daily_dag.py
[2026-07-09T07:36:19.257+0000] {processor.py:839} INFO - DAG(s) dict_keys(['daily_crypto_lstm_pipeline']) retrieved from /opt/airflow/dags/binance_daily_dag.py
[2026-07-09T07:36:19.281+0000] {logging_mixin.py:151} INFO - [2026-07-09T07:36:19.280+0000] {dag.py:2915} INFO - Sync 1 DAGs
[2026-07-09T07:36:19.311+0000] {logging_mixin.py:151} INFO - [2026-07-09T07:36:19.310+0000] {dag.py:3696} INFO - Setting next_dagrun for daily_crypto_lstm_pipeline to 2026-07-09T00:02:00+00:00, run_after=2026-07-10T00:02:00+00:00
[2026-07-09T07:36:19.337+0000] {processor.py:179} INFO - Processing /opt/airflow/dags/binance_daily_dag.py took 2.740 seconds
[2026-07-09T07:36:50.315+0000] {processor.py:157} INFO - Started process (PID=13925) to work on /opt/airflow/dags/binance_daily_dag.py
[2026-07-09T07:36:50.317+0000] {processor.py:829} INFO - Processing file /opt/airflow/dags/binance_daily_dag.py for tasks to queue
[2026-07-09T07:36:50.317+0000] {logging_mixin.py:151} INFO - [2026-07-09T07:36:50.317+0000] {dagbag.py:539} INFO - Filling up the DagBag from /opt/airflow/dags/binance_daily_dag.py
[2026-07-09T07:36:52.710+0000] {processor.py:839} INFO - DAG(s) dict_keys(['daily_crypto_lstm_pipeline']) retrieved from /opt/airflow/dags/binance_daily_dag.py
[2026-07-09T07:36:52.732+0000] {logging_mixin.py:151} INFO - [2026-07-09T07:36:52.732+0000] {dag.py:2915} INFO - Sync 1 DAGs
[2026-07-09T07:36:52.754+0000] {logging_mixin.py:151} INFO - [2026-07-09T07:36:52.754+0000] {dag.py:3696} INFO - Setting next_dagrun for daily_crypto_lstm_pipeline to 2026-07-09T00:02:00+00:00, run_after=2026-07-10T00:02:00+00:00
[2026-07-09T07:36:52.773+0000] {processor.py:179} INFO - Processing /opt/airflow/dags/binance_daily_dag.py took 2.462 seconds
[2026-07-09T07:37:23.758+0000] {processor.py:157} INFO - Started process (PID=13958) to work on /opt/airflow/dags/binance_daily_dag.py
[2026-07-09T07:37:23.759+0000] {processor.py:829} INFO - Processing file /opt/airflow/dags/binance_daily_dag.py for tasks to queue
[2026-07-09T07:37:23.760+0000] {logging_mixin.py:151} INFO - [2026-07-09T07:37:23.760+0000] {dagbag.py:539} INFO - Filling up the DagBag from /opt/airflow/dags/binance_daily_dag.py
[2026-07-09T07:37:26.404+0000] {processor.py:839} INFO - DAG(s) dict_keys(['daily_crypto_lstm_pipeline']) retrieved from /opt/airflow/dags/binance_daily_dag.py
[2026-07-09T07:37:26.431+0000] {logging_mixin.py:151} INFO - [2026-07-09T07:37:26.431+0000] {dag.py:2915} INFO - Sync 1 DAGs
[2026-07-09T07:37:26.458+0000] {logging_mixin.py:151} INFO - [2026-07-09T07:37:26.458+0000] {dag.py:3696} INFO - Setting next_dagrun for daily_crypto_lstm_pipeline to 2026-07-09T00:02:00+00:00, run_after=2026-07-10T00:02:00+00:00
[2026-07-09T07:37:26.478+0000] {processor.py:179} INFO - Processing /opt/airflow/dags/binance_daily_dag.py took 2.724 seconds
[2026-07-09T07:37:57.066+0000] {processor.py:157} INFO - Started process (PID=13991) to work on /opt/airflow/dags/binance_daily_dag.py
[2026-07-09T07:37:57.067+0000] {processor.py:829} INFO - Processing file /opt/airflow/dags/binance_daily_dag.py for tasks to queue
[2026-07-09T07:37:57.068+0000] {logging_mixin.py:151} INFO - [2026-07-09T07:37:57.068+0000] {dagbag.py:539} INFO - Filling up the DagBag from /opt/airflow/dags/binance_daily_dag.py
[2026-07-09T07:37:59.816+0000] {processor.py:839} INFO - DAG(s) dict_keys(['daily_crypto_lstm_pipeline']) retrieved from /opt/airflow/dags/binance_daily_dag.py
[2026-07-09T07:37:59.836+0000] {logging_mixin.py:151} INFO - [2026-07-09T07:37:59.835+0000] {dag.py:2915} INFO - Sync 1 DAGs
[2026-07-09T07:37:59.856+0000] {logging_mixin.py:151} INFO - [2026-07-09T07:37:59.856+0000] {dag.py:3696} INFO - Setting next_dagrun for daily_crypto_lstm_pipeline to 2026-07-09T00:02:00+00:00, run_after=2026-07-10T00:02:00+00:00
[2026-07-09T07:37:59.915+0000] {processor.py:179} INFO - Processing /opt/airflow/dags/binance_daily_dag.py took 2.854 seconds
[2026-07-09T07:38:30.368+0000] {processor.py:157} INFO - Started process (PID=14031) to work on /opt/airflow/dags/binance_daily_dag.py
[2026-07-09T07:38:30.369+0000] {processor.py:829} INFO - Processing file /opt/airflow/dags/binance_daily_dag.py for tasks to queue
[2026-07-09T07:38:30.370+0000] {logging_mixin.py:151} INFO - [2026-07-09T07:38:30.370+0000] {dagbag.py:539} INFO - Filling up the DagBag from /opt/airflow/dags/binance_daily_dag.py
[2026-07-09T07:38:32.765+0000] {processor.py:839} INFO - DAG(s) dict_keys(['daily_crypto_lstm_pipeline']) retrieved from /opt/airflow/dags/binance_daily_dag.py
[2026-07-09T07:38:32.783+0000] {logging_mixin.py:151} INFO - [2026-07-09T07:38:32.783+0000] {dag.py:2915} INFO - Sync 1 DAGs
[2026-07-09T07:38:32.802+0000] {logging_mixin.py:151} INFO - [2026-07-09T07:38:32.801+0000] {dag.py:3696} INFO - Setting next_dagrun for daily_crypto_lstm_pipeline to 2026-07-09T00:02:00+00:00, run_after=2026-07-10T00:02:00+00:00
[2026-07-09T07:38:32.860+0000] {processor.py:179} INFO - Processing /opt/airflow/dags/binance_daily_dag.py took 2.495 seconds
[2026-07-09T07:39:03.510+0000] {processor.py:157} INFO - Started process (PID=14064) to work on /opt/airflow/dags/binance_daily_dag.py
[2026-07-09T07:39:03.512+0000] {processor.py:829} INFO - Processing file /opt/airflow/dags/binance_daily_dag.py for tasks to queue
[2026-07-09T07:39:03.514+0000] {logging_mixin.py:151} INFO - [2026-07-09T07:39:03.514+0000] {dagbag.py:539} INFO - Filling up the DagBag from /opt/airflow/dags/binance_daily_dag.py
[2026-07-09T07:39:06.259+0000] {processor.py:839} INFO - DAG(s) dict_keys(['daily_crypto_lstm_pipeline']) retrieved from /opt/airflow/dags/binance_daily_dag.py
[2026-07-09T07:39:06.321+0000] {logging_mixin.py:151} INFO - [2026-07-09T07:39:06.319+0000] {dag.py:2915} INFO - Sync 1 DAGs
[2026-07-09T07:39:06.345+0000] {logging_mixin.py:151} INFO - [2026-07-09T07:39:06.345+0000] {dag.py:3696} INFO - Setting next_dagrun for daily_crypto_lstm_pipeline to 2026-07-09T00:02:00+00:00, run_after=2026-07-10T00:02:00+00:00
[2026-07-09T07:39:06.398+0000] {processor.py:179} INFO - Processing /opt/airflow/dags/binance_daily_dag.py took 2.892 seconds
[2026-07-09T07:39:36.798+0000] {processor.py:157} INFO - Started process (PID=14097) to work on /opt/airflow/dags/binance_daily_dag.py
[2026-07-09T07:39:36.799+0000] {processor.py:829} INFO - Processing file /opt/airflow/dags/binance_daily_dag.py for tasks to queue
[2026-07-09T07:39:36.800+0000] {logging_mixin.py:151} INFO - [2026-07-09T07:39:36.800+0000] {dagbag.py:539} INFO - Filling up the DagBag from /opt/airflow/dags/binance_daily_dag.py
[2026-07-09T07:39:39.077+0000] {processor.py:839} INFO - DAG(s) dict_keys(['daily_crypto_lstm_pipeline']) retrieved from /opt/airflow/dags/binance_daily_dag.py
[2026-07-09T07:39:39.098+0000] {logging_mixin.py:151} INFO - [2026-07-09T07:39:39.098+0000] {dag.py:2915} INFO - Sync 1 DAGs
[2026-07-09T07:39:39.118+0000] {logging_mixin.py:151} INFO - [2026-07-09T07:39:39.118+0000] {dag.py:3696} INFO - Setting next_dagrun for daily_crypto_lstm_pipeline to 2026-07-09T00:02:00+00:00, run_after=2026-07-10T00:02:00+00:00
[2026-07-09T07:39:39.139+0000] {processor.py:179} INFO - Processing /opt/airflow/dags/binance_daily_dag.py took 2.344 seconds
[2026-07-09T07:40:09.965+0000] {processor.py:157} INFO - Started process (PID=14130) to work on /opt/airflow/dags/binance_daily_dag.py
[2026-07-09T07:40:09.966+0000] {processor.py:829} INFO - Processing file /opt/airflow/dags/binance_daily_dag.py for tasks to queue
[2026-07-09T07:40:09.967+0000] {logging_mixin.py:151} INFO - [2026-07-09T07:40:09.967+0000] {dagbag.py:539} INFO - Filling up the DagBag from /opt/airflow/dags/binance_daily_dag.py
[2026-07-09T07:40:12.187+0000] {processor.py:839} INFO - DAG(s) dict_keys(['daily_crypto_lstm_pipeline']) retrieved from /opt/airflow/dags/binance_daily_dag.py
[2026-07-09T07:40:12.210+0000] {logging_mixin.py:151} INFO - [2026-07-09T07:40:12.209+0000] {dag.py:2915} INFO - Sync 1 DAGs
[2026-07-09T07:40:12.232+0000] {logging_mixin.py:151} INFO - [2026-07-09T07:40:12.232+0000] {dag.py:3696} INFO - Setting next_dagrun for daily_crypto_lstm_pipeline to 2026-07-09T00:02:00+00:00, run_after=2026-07-10T00:02:00+00:00
[2026-07-09T07:40:12.251+0000] {processor.py:179} INFO - Processing /opt/airflow/dags/binance_daily_dag.py took 2.289 seconds
[2026-07-09T07:40:42.998+0000] {processor.py:157} INFO - Started process (PID=14163) to work on /opt/airflow/dags/binance_daily_dag.py
[2026-07-09T07:40:42.999+0000] {processor.py:829} INFO - Processing file /opt/airflow/dags/binance_daily_dag.py for tasks to queue
[2026-07-09T07:40:43.000+0000] {logging_mixin.py:151} INFO - [2026-07-09T07:40:43.000+0000] {dagbag.py:539} INFO - Filling up the DagBag from /opt/airflow/dags/binance_daily_dag.py
[2026-07-09T07:40:45.851+0000] {processor.py:839} INFO - DAG(s) dict_keys(['daily_crypto_lstm_pipeline']) retrieved from /opt/airflow/dags/binance_daily_dag.py
[2026-07-09T07:40:45.876+0000] {logging_mixin.py:151} INFO - [2026-07-09T07:40:45.876+0000] {dag.py:2915} INFO - Sync 1 DAGs
[2026-07-09T07:40:45.901+0000] {logging_mixin.py:151} INFO - [2026-07-09T07:40:45.901+0000] {dag.py:3696} INFO - Setting next_dagrun for daily_crypto_lstm_pipeline to 2026-07-09T00:02:00+00:00, run_after=2026-07-10T00:02:00+00:00
[2026-07-09T07:40:45.963+0000] {processor.py:179} INFO - Processing /opt/airflow/dags/binance_daily_dag.py took 2.969 seconds
[2026-07-09T07:41:16.457+0000] {processor.py:157} INFO - Started process (PID=14196) to work on /opt/airflow/dags/binance_daily_dag.py
[2026-07-09T07:41:16.458+0000] {processor.py:829} INFO - Processing file /opt/airflow/dags/binance_daily_dag.py for tasks to queue
[2026-07-09T07:41:16.458+0000] {logging_mixin.py:151} INFO - [2026-07-09T07:41:16.458+0000] {dagbag.py:539} INFO - Filling up the DagBag from /opt/airflow/dags/binance_daily_dag.py
[2026-07-09T07:41:18.838+0000] {processor.py:839} INFO - DAG(s) dict_keys(['daily_crypto_lstm_pipeline']) retrieved from /opt/airflow/dags/binance_daily_dag.py
[2026-07-09T07:41:18.860+0000] {logging_mixin.py:151} INFO - [2026-07-09T07:41:18.859+0000] {dag.py:2915} INFO - Sync 1 DAGs
[2026-07-09T07:41:18.887+0000] {logging_mixin.py:151} INFO - [2026-07-09T07:41:18.887+0000] {dag.py:3696} INFO - Setting next_dagrun for daily_crypto_lstm_pipeline to 2026-07-09T00:02:00+00:00, run_after=2026-07-10T00:02:00+00:00
[2026-07-09T07:41:18.955+0000] {processor.py:179} INFO - Processing /opt/airflow/dags/binance_daily_dag.py took 2.501 seconds
[2026-07-09T07:41:49.448+0000] {processor.py:157} INFO - Started process (PID=14229) to work on /opt/airflow/dags/binance_daily_dag.py
[2026-07-09T07:41:49.449+0000] {processor.py:829} INFO - Processing file /opt/airflow/dags/binance_daily_dag.py for tasks to queue
[2026-07-09T07:41:49.450+0000] {logging_mixin.py:151} INFO - [2026-07-09T07:41:49.450+0000] {dagbag.py:539} INFO - Filling up the DagBag from /opt/airflow/dags/binance_daily_dag.py
[2026-07-09T07:41:52.131+0000] {processor.py:839} INFO - DAG(s) dict_keys(['daily_crypto_lstm_pipeline']) retrieved from /opt/airflow/dags/binance_daily_dag.py
[2026-07-09T07:41:52.165+0000] {logging_mixin.py:151} INFO - [2026-07-09T07:41:52.164+0000] {dag.py:2915} INFO - Sync 1 DAGs
[2026-07-09T07:41:52.188+0000] {logging_mixin.py:151} INFO - [2026-07-09T07:41:52.188+0000] {dag.py:3696} INFO - Setting next_dagrun for daily_crypto_lstm_pipeline to 2026-07-09T00:02:00+00:00, run_after=2026-07-10T00:02:00+00:00
[2026-07-09T07:41:52.214+0000] {processor.py:179} INFO - Processing /opt/airflow/dags/binance_daily_dag.py took 2.770 seconds
[2026-07-09T07:42:22.609+0000] {processor.py:157} INFO - Started process (PID=14262) to work on /opt/airflow/dags/binance_daily_dag.py
[2026-07-09T07:42:22.610+0000] {processor.py:829} INFO - Processing file /opt/airflow/dags/binance_daily_dag.py for tasks to queue
[2026-07-09T07:42:22.611+0000] {logging_mixin.py:151} INFO - [2026-07-09T07:42:22.611+0000] {dagbag.py:539} INFO - Filling up the DagBag from /opt/airflow/dags/binance_daily_dag.py
[2026-07-09T07:42:25.315+0000] {processor.py:839} INFO - DAG(s) dict_keys(['daily_crypto_lstm_pipeline']) retrieved from /opt/airflow/dags/binance_daily_dag.py
[2026-07-09T07:42:25.335+0000] {logging_mixin.py:151} INFO - [2026-07-09T07:42:25.334+0000] {dag.py:2915} INFO - Sync 1 DAGs
[2026-07-09T07:42:25.354+0000] {logging_mixin.py:151} INFO - [2026-07-09T07:42:25.353+0000] {dag.py:3696} INFO - Setting next_dagrun for daily_crypto_lstm_pipeline to 2026-07-09T00:02:00+00:00, run_after=2026-07-10T00:02:00+00:00
[2026-07-09T07:42:25.418+0000] {processor.py:179} INFO - Processing /opt/airflow/dags/binance_daily_dag.py took 2.813 seconds
[2026-07-09T07:42:55.999+0000] {processor.py:157} INFO - Started process (PID=14300) to work on /opt/airflow/dags/binance_daily_dag.py
[2026-07-09T07:42:56.002+0000] {processor.py:829} INFO - Processing file /opt/airflow/dags/binance_daily_dag.py for tasks to queue
[2026-07-09T07:42:56.004+0000] {logging_mixin.py:151} INFO - [2026-07-09T07:42:56.004+0000] {dagbag.py:539} INFO - Filling up the DagBag from /opt/airflow/dags/binance_daily_dag.py
[2026-07-09T07:43:02.255+0000] {processor.py:839} INFO - DAG(s) dict_keys(['daily_crypto_lstm_pipeline']) retrieved from /opt/airflow/dags/binance_daily_dag.py
[2026-07-09T07:43:02.561+0000] {logging_mixin.py:151} INFO - [2026-07-09T07:43:02.559+0000] {dag.py:2915} INFO - Sync 1 DAGs
[2026-07-09T07:43:02.635+0000] {logging_mixin.py:151} INFO - [2026-07-09T07:43:02.635+0000] {dag.py:3696} INFO - Setting next_dagrun for daily_crypto_lstm_pipeline to 2026-07-09T00:02:00+00:00, run_after=2026-07-10T00:02:00+00:00
[2026-07-09T07:43:03.827+0000] {processor.py:179} INFO - Processing /opt/airflow/dags/binance_daily_dag.py took 7.834 seconds
[2026-07-09T07:43:34.436+0000] {processor.py:157} INFO - Started process (PID=14341) to work on /opt/airflow/dags/binance_daily_dag.py
[2026-07-09T07:43:34.439+0000] {processor.py:829} INFO - Processing file /opt/airflow/dags/binance_daily_dag.py for tasks to queue
[2026-07-09T07:43:34.440+0000] {logging_mixin.py:151} INFO - [2026-07-09T07:43:34.440+0000] {dagbag.py:539} INFO - Filling up the DagBag from /opt/airflow/dags/binance_daily_dag.py
[2026-07-09T07:43:46.749+0000] {processor.py:839} INFO - DAG(s) dict_keys(['daily_crypto_lstm_pipeline']) retrieved from /opt/airflow/dags/binance_daily_dag.py
[2026-07-09T07:43:46.797+0000] {logging_mixin.py:151} INFO - [2026-07-09T07:43:46.794+0000] {dag.py:2915} INFO - Sync 1 DAGs
[2026-07-09T07:43:46.853+0000] {logging_mixin.py:151} INFO - [2026-07-09T07:43:46.853+0000] {dag.py:3696} INFO - Setting next_dagrun for daily_crypto_lstm_pipeline to 2026-07-09T00:02:00+00:00, run_after=2026-07-10T00:02:00+00:00
[2026-07-09T07:43:46.902+0000] {processor.py:179} INFO - Processing /opt/airflow/dags/binance_daily_dag.py took 12.493 seconds
[2026-07-09T07:44:17.790+0000] {processor.py:157} INFO - Started process (PID=14377) to work on /opt/airflow/dags/binance_daily_dag.py
[2026-07-09T07:44:17.793+0000] {processor.py:829} INFO - Processing file /opt/airflow/dags/binance_daily_dag.py for tasks to queue
[2026-07-09T07:44:17.796+0000] {logging_mixin.py:151} INFO - [2026-07-09T07:44:17.795+0000] {dagbag.py:539} INFO - Filling up the DagBag from /opt/airflow/dags/binance_daily_dag.py
[2026-07-09T07:44:24.581+0000] {processor.py:839} INFO - DAG(s) dict_keys(['daily_crypto_lstm_pipeline']) retrieved from /opt/airflow/dags/binance_daily_dag.py
[2026-07-09T07:44:24.867+0000] {logging_mixin.py:151} INFO - [2026-07-09T07:44:24.865+0000] {dag.py:2915} INFO - Sync 1 DAGs
[2026-07-09T07:44:24.973+0000] {logging_mixin.py:151} INFO - [2026-07-09T07:44:24.973+0000] {dag.py:3696} INFO - Setting next_dagrun for daily_crypto_lstm_pipeline to 2026-07-09T00:02:00+00:00, run_after=2026-07-10T00:02:00+00:00
[2026-07-09T07:44:25.061+0000] {processor.py:179} INFO - Processing /opt/airflow/dags/binance_daily_dag.py took 7.276 seconds
[2026-07-09T07:44:55.932+0000] {processor.py:157} INFO - Started process (PID=14412) to work on /opt/airflow/dags/binance_daily_dag.py
[2026-07-09T07:44:55.936+0000] {processor.py:829} INFO - Processing file /opt/airflow/dags/binance_daily_dag.py for tasks to queue
[2026-07-09T07:44:55.937+0000] {logging_mixin.py:151} INFO - [2026-07-09T07:44:55.937+0000] {dagbag.py:539} INFO - Filling up the DagBag from /opt/airflow/dags/binance_daily_dag.py
[2026-07-09T07:45:02.568+0000] {processor.py:839} INFO - DAG(s) dict_keys(['daily_crypto_lstm_pipeline']) retrieved from /opt/airflow/dags/binance_daily_dag.py
[2026-07-09T07:45:02.616+0000] {logging_mixin.py:151} INFO - [2026-07-09T07:45:02.616+0000] {dag.py:2915} INFO - Sync 1 DAGs
[2026-07-09T07:45:02.666+0000] {logging_mixin.py:151} INFO - [2026-07-09T07:45:02.666+0000] {dag.py:3696} INFO - Setting next_dagrun for daily_crypto_lstm_pipeline to 2026-07-09T00:02:00+00:00, run_after=2026-07-10T00:02:00+00:00
[2026-07-09T07:45:02.714+0000] {processor.py:179} INFO - Processing /opt/airflow/dags/binance_daily_dag.py took 6.797 seconds
[2026-07-09T07:45:33.183+0000] {processor.py:157} INFO - Started process (PID=14457) to work on /opt/airflow/dags/binance_daily_dag.py
[2026-07-09T07:45:33.187+0000] {processor.py:829} INFO - Processing file /opt/airflow/dags/binance_daily_dag.py for tasks to queue
[2026-07-09T07:45:33.191+0000] {logging_mixin.py:151} INFO - [2026-07-09T07:45:33.190+0000] {dagbag.py:539} INFO - Filling up the DagBag from /opt/airflow/dags/binance_daily_dag.py
[2026-07-09T07:45:41.369+0000] {processor.py:839} INFO - DAG(s) dict_keys(['daily_crypto_lstm_pipeline']) retrieved from /opt/airflow/dags/binance_daily_dag.py
[2026-07-09T07:45:41.427+0000] {logging_mixin.py:151} INFO - [2026-07-09T07:45:41.424+0000] {dag.py:2915} INFO - Sync 1 DAGs
[2026-07-09T07:45:41.486+0000] {logging_mixin.py:151} INFO - [2026-07-09T07:45:41.486+0000] {dag.py:3696} INFO - Setting next_dagrun for daily_crypto_lstm_pipeline to 2026-07-09T00:02:00+00:00, run_after=2026-07-10T00:02:00+00:00
[2026-07-09T07:45:41.587+0000] {processor.py:179} INFO - Processing /opt/airflow/dags/binance_daily_dag.py took 8.409 seconds
[2026-07-09T07:46:12.284+0000] {processor.py:157} INFO - Started process (PID=14490) to work on /opt/airflow/dags/binance_daily_dag.py
[2026-07-09T07:46:12.288+0000] {processor.py:829} INFO - Processing file /opt/airflow/dags/binance_daily_dag.py for tasks to queue
[2026-07-09T07:46:12.292+0000] {logging_mixin.py:151} INFO - [2026-07-09T07:46:12.291+0000] {dagbag.py:539} INFO - Filling up the DagBag from /opt/airflow/dags/binance_daily_dag.py
[2026-07-09T07:46:19.397+0000] {processor.py:839} INFO - DAG(s) dict_keys(['daily_crypto_lstm_pipeline']) retrieved from /opt/airflow/dags/binance_daily_dag.py
[2026-07-09T07:46:19.474+0000] {logging_mixin.py:151} INFO - [2026-07-09T07:46:19.472+0000] {dag.py:2915} INFO - Sync 1 DAGs
[2026-07-09T07:46:19.546+0000] {logging_mixin.py:151} INFO - [2026-07-09T07:46:19.543+0000] {dag.py:3696} INFO - Setting next_dagrun for daily_crypto_lstm_pipeline to 2026-07-09T00:02:00+00:00, run_after=2026-07-10T00:02:00+00:00
[2026-07-09T07:46:19.617+0000] {processor.py:179} INFO - Processing /opt/airflow/dags/binance_daily_dag.py took 7.354 seconds
[2026-07-09T07:46:50.731+0000] {processor.py:157} INFO - Started process (PID=14523) to work on /opt/airflow/dags/binance_daily_dag.py
[2026-07-09T07:46:50.733+0000] {processor.py:829} INFO - Processing file /opt/airflow/dags/binance_daily_dag.py for tasks to queue
[2026-07-09T07:46:50.735+0000] {logging_mixin.py:151} INFO - [2026-07-09T07:46:50.734+0000] {dagbag.py:539} INFO - Filling up the DagBag from /opt/airflow/dags/binance_daily_dag.py
[2026-07-09T07:46:55.083+0000] {processor.py:839} INFO - DAG(s) dict_keys(['daily_crypto_lstm_pipeline']) retrieved from /opt/airflow/dags/binance_daily_dag.py
[2026-07-09T07:46:55.115+0000] {logging_mixin.py:151} INFO - [2026-07-09T07:46:55.114+0000] {dag.py:2915} INFO - Sync 1 DAGs
[2026-07-09T07:46:55.141+0000] {logging_mixin.py:151} INFO - [2026-07-09T07:46:55.141+0000] {dag.py:3696} INFO - Setting next_dagrun for daily_crypto_lstm_pipeline to 2026-07-09T00:02:00+00:00, run_after=2026-07-10T00:02:00+00:00
[2026-07-09T07:47:00.732+0000] {processor.py:179} INFO - Processing /opt/airflow/dags/binance_daily_dag.py took 10.010 seconds
[2026-07-09T07:47:31.639+0000] {processor.py:157} INFO - Started process (PID=14562) to work on /opt/airflow/dags/binance_daily_dag.py
[2026-07-09T07:47:31.642+0000] {processor.py:829} INFO - Processing file /opt/airflow/dags/binance_daily_dag.py for tasks to queue
[2026-07-09T07:47:31.643+0000] {logging_mixin.py:151} INFO - [2026-07-09T07:47:31.643+0000] {dagbag.py:539} INFO - Filling up the DagBag from /opt/airflow/dags/binance_daily_dag.py
[2026-07-09T07:47:36.771+0000] {processor.py:839} INFO - DAG(s) dict_keys(['daily_crypto_lstm_pipeline']) retrieved from /opt/airflow/dags/binance_daily_dag.py
[2026-07-09T07:47:36.814+0000] {logging_mixin.py:151} INFO - [2026-07-09T07:47:36.813+0000] {dag.py:2915} INFO - Sync 1 DAGs
[2026-07-09T07:47:36.865+0000] {logging_mixin.py:151} INFO - [2026-07-09T07:47:36.864+0000] {dag.py:3696} INFO - Setting next_dagrun for daily_crypto_lstm_pipeline to 2026-07-09T00:02:00+00:00, run_after=2026-07-10T00:02:00+00:00
[2026-07-09T07:47:36.946+0000] {processor.py:179} INFO - Processing /opt/airflow/dags/binance_daily_dag.py took 5.315 seconds
[2026-07-09T07:48:07.488+0000] {processor.py:157} INFO - Started process (PID=14607) to work on /opt/airflow/dags/binance_daily_dag.py
[2026-07-09T07:48:07.500+0000] {processor.py:829} INFO - Processing file /opt/airflow/dags/binance_daily_dag.py for tasks to queue
[2026-07-09T07:48:07.503+0000] {logging_mixin.py:151} INFO - [2026-07-09T07:48:07.503+0000] {dagbag.py:539} INFO - Filling up the DagBag from /opt/airflow/dags/binance_daily_dag.py
[2026-07-09T07:48:12.941+0000] {processor.py:839} INFO - DAG(s) dict_keys(['daily_crypto_lstm_pipeline']) retrieved from /opt/airflow/dags/binance_daily_dag.py
[2026-07-09T07:48:12.986+0000] {logging_mixin.py:151} INFO - [2026-07-09T07:48:12.985+0000] {dag.py:2915} INFO - Sync 1 DAGs
[2026-07-09T07:48:13.027+0000] {logging_mixin.py:151} INFO - [2026-07-09T07:48:13.027+0000] {dag.py:3696} INFO - Setting next_dagrun for daily_crypto_lstm_pipeline to 2026-07-09T00:02:00+00:00, run_after=2026-07-10T00:02:00+00:00
[2026-07-09T07:48:13.564+0000] {processor.py:179} INFO - Processing /opt/airflow/dags/binance_daily_dag.py took 6.083 seconds
[2026-07-09T07:48:44.694+0000] {processor.py:157} INFO - Started process (PID=14640) to work on /opt/airflow/dags/binance_daily_dag.py
[2026-07-09T07:48:44.697+0000] {processor.py:829} INFO - Processing file /opt/airflow/dags/binance_daily_dag.py for tasks to queue
[2026-07-09T07:48:44.699+0000] {logging_mixin.py:151} INFO - [2026-07-09T07:48:44.699+0000] {dagbag.py:539} INFO - Filling up the DagBag from /opt/airflow/dags/binance_daily_dag.py
[2026-07-09T07:48:49.492+0000] {processor.py:839} INFO - DAG(s) dict_keys(['daily_crypto_lstm_pipeline']) retrieved from /opt/airflow/dags/binance_daily_dag.py
[2026-07-09T07:48:49.542+0000] {logging_mixin.py:151} INFO - [2026-07-09T07:48:49.541+0000] {dag.py:2915} INFO - Sync 1 DAGs
[2026-07-09T07:48:49.597+0000] {logging_mixin.py:151} INFO - [2026-07-09T07:48:49.597+0000] {dag.py:3696} INFO - Setting next_dagrun for daily_crypto_lstm_pipeline to 2026-07-09T00:02:00+00:00, run_after=2026-07-10T00:02:00+00:00
[2026-07-09T07:48:50.068+0000] {processor.py:179} INFO - Processing /opt/airflow/dags/binance_daily_dag.py took 5.384 seconds
[2026-07-09T07:49:20.802+0000] {processor.py:157} INFO - Started process (PID=14672) to work on /opt/airflow/dags/binance_daily_dag.py
[2026-07-09T07:49:20.805+0000] {processor.py:829} INFO - Processing file /opt/airflow/dags/binance_daily_dag.py for tasks to queue
[2026-07-09T07:49:20.809+0000] {logging_mixin.py:151} INFO - [2026-07-09T07:49:20.808+0000] {dagbag.py:539} INFO - Filling up the DagBag from /opt/airflow/dags/binance_daily_dag.py
[2026-07-09T07:49:24.471+0000] {processor.py:839} INFO - DAG(s) dict_keys(['daily_crypto_lstm_pipeline']) retrieved from /opt/airflow/dags/binance_daily_dag.py
[2026-07-09T07:49:24.502+0000] {logging_mixin.py:151} INFO - [2026-07-09T07:49:24.501+0000] {dag.py:2915} INFO - Sync 1 DAGs
[2026-07-09T07:49:24.542+0000] {logging_mixin.py:151} INFO - [2026-07-09T07:49:24.541+0000] {dag.py:3696} INFO - Setting next_dagrun for daily_crypto_lstm_pipeline to 2026-07-09T00:02:00+00:00, run_after=2026-07-10T00:02:00+00:00
[2026-07-09T07:49:24.576+0000] {processor.py:179} INFO - Processing /opt/airflow/dags/binance_daily_dag.py took 3.784 seconds
[2026-07-09T07:49:55.117+0000] {processor.py:157} INFO - Started process (PID=14702) to work on /opt/airflow/dags/binance_daily_dag.py
[2026-07-09T07:49:55.119+0000] {processor.py:829} INFO - Processing file /opt/airflow/dags/binance_daily_dag.py for tasks to queue
[2026-07-09T07:49:55.121+0000] {logging_mixin.py:151} INFO - [2026-07-09T07:49:55.120+0000] {dagbag.py:539} INFO - Filling up the DagBag from /opt/airflow/dags/binance_daily_dag.py
[2026-07-09T07:50:00.512+0000] {processor.py:839} INFO - DAG(s) dict_keys(['daily_crypto_lstm_pipeline']) retrieved from /opt/airflow/dags/binance_daily_dag.py
[2026-07-09T07:50:00.583+0000] {logging_mixin.py:151} INFO - [2026-07-09T07:50:00.582+0000] {dag.py:2915} INFO - Sync 1 DAGs
[2026-07-09T07:50:00.634+0000] {logging_mixin.py:151} INFO - [2026-07-09T07:50:00.634+0000] {dag.py:3696} INFO - Setting next_dagrun for daily_crypto_lstm_pipeline to 2026-07-09T00:02:00+00:00, run_after=2026-07-10T00:02:00+00:00
[2026-07-09T07:50:00.703+0000] {processor.py:179} INFO - Processing /opt/airflow/dags/binance_daily_dag.py took 5.592 seconds
[2026-07-09T07:50:30.975+0000] {processor.py:157} INFO - Started process (PID=14735) to work on /opt/airflow/dags/binance_daily_dag.py
[2026-07-09T07:50:30.978+0000] {processor.py:829} INFO - Processing file /opt/airflow/dags/binance_daily_dag.py for tasks to queue
[2026-07-09T07:50:30.980+0000] {logging_mixin.py:151} INFO - [2026-07-09T07:50:30.980+0000] {dagbag.py:539} INFO - Filling up the DagBag from /opt/airflow/dags/binance_daily_dag.py
[2026-07-09T07:50:37.670+0000] {processor.py:839} INFO - DAG(s) dict_keys(['daily_crypto_lstm_pipeline']) retrieved from /opt/airflow/dags/binance_daily_dag.py
[2026-07-09T07:50:37.724+0000] {logging_mixin.py:151} INFO - [2026-07-09T07:50:37.722+0000] {dag.py:2915} INFO - Sync 1 DAGs
[2026-07-09T07:50:37.787+0000] {logging_mixin.py:151} INFO - [2026-07-09T07:50:37.786+0000] {dag.py:3696} INFO - Setting next_dagrun for daily_crypto_lstm_pipeline to 2026-07-09T00:02:00+00:00, run_after=2026-07-10T00:02:00+00:00
[2026-07-09T07:50:37.877+0000] {processor.py:179} INFO - Processing /opt/airflow/dags/binance_daily_dag.py took 6.907 seconds
[2026-07-09T07:51:08.295+0000] {processor.py:157} INFO - Started process (PID=14775) to work on /opt/airflow/dags/binance_daily_dag.py
[2026-07-09T07:51:08.297+0000] {processor.py:829} INFO - Processing file /opt/airflow/dags/binance_daily_dag.py for tasks to queue
[2026-07-09T07:51:08.298+0000] {logging_mixin.py:151} INFO - [2026-07-09T07:51:08.298+0000] {dagbag.py:539} INFO - Filling up the DagBag from /opt/airflow/dags/binance_daily_dag.py
[2026-07-09T07:51:14.027+0000] {processor.py:839} INFO - DAG(s) dict_keys(['daily_crypto_lstm_pipeline']) retrieved from /opt/airflow/dags/binance_daily_dag.py
[2026-07-09T07:51:14.068+0000] {logging_mixin.py:151} INFO - [2026-07-09T07:51:14.066+0000] {dag.py:2915} INFO - Sync 1 DAGs
[2026-07-09T07:51:14.128+0000] {logging_mixin.py:151} INFO - [2026-07-09T07:51:14.127+0000] {dag.py:3696} INFO - Setting next_dagrun for daily_crypto_lstm_pipeline to 2026-07-09T00:02:00+00:00, run_after=2026-07-10T00:02:00+00:00
[2026-07-09T07:51:14.174+0000] {processor.py:179} INFO - Processing /opt/airflow/dags/binance_daily_dag.py took 5.891 seconds
[2026-07-09T07:51:44.625+0000] {processor.py:157} INFO - Started process (PID=14813) to work on /opt/airflow/dags/binance_daily_dag.py
[2026-07-09T07:51:44.627+0000] {processor.py:829} INFO - Processing file /opt/airflow/dags/binance_daily_dag.py for tasks to queue
[2026-07-09T07:51:44.628+0000] {logging_mixin.py:151} INFO - [2026-07-09T07:51:44.628+0000] {dagbag.py:539} INFO - Filling up the DagBag from /opt/airflow/dags/binance_daily_dag.py
[2026-07-09T07:51:50.448+0000] {processor.py:839} INFO - DAG(s) dict_keys(['daily_crypto_lstm_pipeline']) retrieved from /opt/airflow/dags/binance_daily_dag.py
[2026-07-09T07:51:50.494+0000] {logging_mixin.py:151} INFO - [2026-07-09T07:51:50.493+0000] {dag.py:2915} INFO - Sync 1 DAGs
[2026-07-09T07:51:50.536+0000] {logging_mixin.py:151} INFO - [2026-07-09T07:51:50.536+0000] {dag.py:3696} INFO - Setting next_dagrun for daily_crypto_lstm_pipeline to 2026-07-09T00:02:00+00:00, run_after=2026-07-10T00:02:00+00:00
[2026-07-09T07:51:50.579+0000] {processor.py:179} INFO - Processing /opt/airflow/dags/binance_daily_dag.py took 5.960 seconds
[2026-07-09T07:52:21.383+0000] {processor.py:157} INFO - Started process (PID=14846) to work on /opt/airflow/dags/binance_daily_dag.py
[2026-07-09T07:52:21.386+0000] {processor.py:829} INFO - Processing file /opt/airflow/dags/binance_daily_dag.py for tasks to queue
[2026-07-09T07:52:21.388+0000] {logging_mixin.py:151} INFO - [2026-07-09T07:52:21.388+0000] {dagbag.py:539} INFO - Filling up the DagBag from /opt/airflow/dags/binance_daily_dag.py
[2026-07-09T07:52:26.621+0000] {processor.py:839} INFO - DAG(s) dict_keys(['daily_crypto_lstm_pipeline']) retrieved from /opt/airflow/dags/binance_daily_dag.py
[2026-07-09T07:52:26.663+0000] {logging_mixin.py:151} INFO - [2026-07-09T07:52:26.662+0000] {dag.py:2915} INFO - Sync 1 DAGs
[2026-07-09T07:52:26.715+0000] {logging_mixin.py:151} INFO - [2026-07-09T07:52:26.714+0000] {dag.py:3696} INFO - Setting next_dagrun for daily_crypto_lstm_pipeline to 2026-07-09T00:02:00+00:00, run_after=2026-07-10T00:02:00+00:00
[2026-07-09T07:52:26.755+0000] {processor.py:179} INFO - Processing /opt/airflow/dags/binance_daily_dag.py took 5.383 seconds
[2026-07-09T07:52:57.174+0000] {processor.py:157} INFO - Started process (PID=14882) to work on /opt/airflow/dags/binance_daily_dag.py
[2026-07-09T07:52:57.177+0000] {processor.py:829} INFO - Processing file /opt/airflow/dags/binance_daily_dag.py for tasks to queue
[2026-07-09T07:52:57.178+0000] {logging_mixin.py:151} INFO - [2026-07-09T07:52:57.178+0000] {dagbag.py:539} INFO - Filling up the DagBag from /opt/airflow/dags/binance_daily_dag.py
[2026-07-09T07:53:02.200+0000] {processor.py:839} INFO - DAG(s) dict_keys(['daily_crypto_lstm_pipeline']) retrieved from /opt/airflow/dags/binance_daily_dag.py
[2026-07-09T07:53:02.250+0000] {logging_mixin.py:151} INFO - [2026-07-09T07:53:02.248+0000] {dag.py:2915} INFO - Sync 1 DAGs
[2026-07-09T07:53:02.291+0000] {logging_mixin.py:151} INFO - [2026-07-09T07:53:02.290+0000] {dag.py:3696} INFO - Setting next_dagrun for daily_crypto_lstm_pipeline to 2026-07-09T00:02:00+00:00, run_after=2026-07-10T00:02:00+00:00
[2026-07-09T07:53:02.397+0000] {processor.py:179} INFO - Processing /opt/airflow/dags/binance_daily_dag.py took 5.231 seconds
[2026-07-09T07:53:32.792+0000] {processor.py:157} INFO - Started process (PID=14915) to work on /opt/airflow/dags/binance_daily_dag.py
[2026-07-09T07:53:32.799+0000] {processor.py:829} INFO - Processing file /opt/airflow/dags/binance_daily_dag.py for tasks to queue
[2026-07-09T07:53:32.803+0000] {logging_mixin.py:151} INFO - [2026-07-09T07:53:32.803+0000] {dagbag.py:539} INFO - Filling up the DagBag from /opt/airflow/dags/binance_daily_dag.py
[2026-07-09T07:53:38.399+0000] {processor.py:839} INFO - DAG(s) dict_keys(['daily_crypto_lstm_pipeline']) retrieved from /opt/airflow/dags/binance_daily_dag.py
[2026-07-09T07:53:38.439+0000] {logging_mixin.py:151} INFO - [2026-07-09T07:53:38.438+0000] {dag.py:2915} INFO - Sync 1 DAGs
[2026-07-09T07:53:38.493+0000] {logging_mixin.py:151} INFO - [2026-07-09T07:53:38.493+0000] {dag.py:3696} INFO - Setting next_dagrun for daily_crypto_lstm_pipeline to 2026-07-09T00:02:00+00:00, run_after=2026-07-10T00:02:00+00:00
[2026-07-09T07:53:38.535+0000] {processor.py:179} INFO - Processing /opt/airflow/dags/binance_daily_dag.py took 5.750 seconds
[2026-07-09T07:54:09.060+0000] {processor.py:157} INFO - Started process (PID=14955) to work on /opt/airflow/dags/binance_daily_dag.py
[2026-07-09T07:54:09.063+0000] {processor.py:829} INFO - Processing file /opt/airflow/dags/binance_daily_dag.py for tasks to queue
[2026-07-09T07:54:09.065+0000] {logging_mixin.py:151} INFO - [2026-07-09T07:54:09.064+0000] {dagbag.py:539} INFO - Filling up the DagBag from /opt/airflow/dags/binance_daily_dag.py
[2026-07-09T07:54:14.482+0000] {processor.py:839} INFO - DAG(s) dict_keys(['daily_crypto_lstm_pipeline']) retrieved from /opt/airflow/dags/binance_daily_dag.py
[2026-07-09T07:54:14.522+0000] {logging_mixin.py:151} INFO - [2026-07-09T07:54:14.521+0000] {dag.py:2915} INFO - Sync 1 DAGs
[2026-07-09T07:54:14.564+0000] {logging_mixin.py:151} INFO - [2026-07-09T07:54:14.563+0000] {dag.py:3696} INFO - Setting next_dagrun for daily_crypto_lstm_pipeline to 2026-07-09T00:02:00+00:00, run_after=2026-07-10T00:02:00+00:00
[2026-07-09T07:54:14.599+0000] {processor.py:179} INFO - Processing /opt/airflow/dags/binance_daily_dag.py took 5.545 seconds
[2026-07-09T07:54:44.902+0000] {processor.py:157} INFO - Started process (PID=14993) to work on /opt/airflow/dags/binance_daily_dag.py
[2026-07-09T07:54:44.907+0000] {processor.py:829} INFO - Processing file /opt/airflow/dags/binance_daily_dag.py for tasks to queue
[2026-07-09T07:54:44.911+0000] {logging_mixin.py:151} INFO - [2026-07-09T07:54:44.910+0000] {dagbag.py:539} INFO - Filling up the DagBag from /opt/airflow/dags/binance_daily_dag.py
[2026-07-09T07:54:49.946+0000] {processor.py:839} INFO - DAG(s) dict_keys(['daily_crypto_lstm_pipeline']) retrieved from /opt/airflow/dags/binance_daily_dag.py
[2026-07-09T07:54:49.999+0000] {logging_mixin.py:151} INFO - [2026-07-09T07:54:49.998+0000] {dag.py:2915} INFO - Sync 1 DAGs
[2026-07-09T07:54:50.048+0000] {logging_mixin.py:151} INFO - [2026-07-09T07:54:50.048+0000] {dag.py:3696} INFO - Setting next_dagrun for daily_crypto_lstm_pipeline to 2026-07-09T00:02:00+00:00, run_after=2026-07-10T00:02:00+00:00
[2026-07-09T07:54:50.091+0000] {processor.py:179} INFO - Processing /opt/airflow/dags/binance_daily_dag.py took 5.195 seconds
[2026-07-09T07:55:20.659+0000] {processor.py:157} INFO - Started process (PID=15027) to work on /opt/airflow/dags/binance_daily_dag.py
[2026-07-09T07:55:20.676+0000] {processor.py:829} INFO - Processing file /opt/airflow/dags/binance_daily_dag.py for tasks to queue
[2026-07-09T07:55:20.681+0000] {logging_mixin.py:151} INFO - [2026-07-09T07:55:20.680+0000] {dagbag.py:539} INFO - Filling up the DagBag from /opt/airflow/dags/binance_daily_dag.py
[2026-07-09T07:55:24.842+0000] {processor.py:839} INFO - DAG(s) dict_keys(['daily_crypto_lstm_pipeline']) retrieved from /opt/airflow/dags/binance_daily_dag.py
[2026-07-09T07:55:24.877+0000] {logging_mixin.py:151} INFO - [2026-07-09T07:55:24.877+0000] {dag.py:2915} INFO - Sync 1 DAGs
[2026-07-09T07:55:24.902+0000] {logging_mixin.py:151} INFO - [2026-07-09T07:55:24.902+0000] {dag.py:3696} INFO - Setting next_dagrun for daily_crypto_lstm_pipeline to 2026-07-09T00:02:00+00:00, run_after=2026-07-10T00:02:00+00:00
[2026-07-09T07:55:24.932+0000] {processor.py:179} INFO - Processing /opt/airflow/dags/binance_daily_dag.py took 4.284 seconds
[2026-07-09T07:55:55.184+0000] {processor.py:157} INFO - Started process (PID=15060) to work on /opt/airflow/dags/binance_daily_dag.py
[2026-07-09T07:55:55.186+0000] {processor.py:829} INFO - Processing file /opt/airflow/dags/binance_daily_dag.py for tasks to queue
[2026-07-09T07:55:55.187+0000] {logging_mixin.py:151} INFO - [2026-07-09T07:55:55.186+0000] {dagbag.py:539} INFO - Filling up the DagBag from /opt/airflow/dags/binance_daily_dag.py
[2026-07-09T07:55:58.170+0000] {processor.py:839} INFO - DAG(s) dict_keys(['daily_crypto_lstm_pipeline']) retrieved from /opt/airflow/dags/binance_daily_dag.py
[2026-07-09T07:55:58.234+0000] {logging_mixin.py:151} INFO - [2026-07-09T07:55:58.234+0000] {dag.py:2915} INFO - Sync 1 DAGs
[2026-07-09T07:55:58.260+0000] {logging_mixin.py:151} INFO - [2026-07-09T07:55:58.260+0000] {dag.py:3696} INFO - Setting next_dagrun for daily_crypto_lstm_pipeline to 2026-07-09T00:02:00+00:00, run_after=2026-07-10T00:02:00+00:00
[2026-07-09T07:55:58.370+0000] {processor.py:179} INFO - Processing /opt/airflow/dags/binance_daily_dag.py took 3.190 seconds
[2026-07-09T07:56:32.131+0000] {processor.py:157} INFO - Started process (PID=15092) to work on /opt/airflow/dags/binance_daily_dag.py
[2026-07-09T07:56:32.135+0000] {processor.py:829} INFO - Processing file /opt/airflow/dags/binance_daily_dag.py for tasks to queue
[2026-07-09T07:56:32.137+0000] {logging_mixin.py:151} INFO - [2026-07-09T07:56:32.137+0000] {dagbag.py:539} INFO - Filling up the DagBag from /opt/airflow/dags/binance_daily_dag.py
[2026-07-09T07:56:36.576+0000] {processor.py:839} INFO - DAG(s) dict_keys(['daily_crypto_lstm_pipeline']) retrieved from /opt/airflow/dags/binance_daily_dag.py
[2026-07-09T07:56:36.614+0000] {logging_mixin.py:151} INFO - [2026-07-09T07:56:36.613+0000] {dag.py:2915} INFO - Sync 1 DAGs
[2026-07-09T07:56:36.643+0000] {logging_mixin.py:151} INFO - [2026-07-09T07:56:36.643+0000] {dag.py:3696} INFO - Setting next_dagrun for daily_crypto_lstm_pipeline to 2026-07-09T00:02:00+00:00, run_after=2026-07-10T00:02:00+00:00
[2026-07-09T07:56:36.677+0000] {processor.py:179} INFO - Processing /opt/airflow/dags/binance_daily_dag.py took 4.552 seconds
[2026-07-09T07:57:07.158+0000] {processor.py:157} INFO - Started process (PID=15118) to work on /opt/airflow/dags/binance_daily_dag.py
[2026-07-09T07:57:07.160+0000] {processor.py:829} INFO - Processing file /opt/airflow/dags/binance_daily_dag.py for tasks to queue
[2026-07-09T07:57:07.161+0000] {logging_mixin.py:151} INFO - [2026-07-09T07:57:07.161+0000] {dagbag.py:539} INFO - Filling up the DagBag from /opt/airflow/dags/binance_daily_dag.py
[2026-07-09T07:57:17.299+0000] {processor.py:839} INFO - DAG(s) dict_keys(['daily_crypto_lstm_pipeline']) retrieved from /opt/airflow/dags/binance_daily_dag.py
[2026-07-09T07:57:17.328+0000] {logging_mixin.py:151} INFO - [2026-07-09T07:57:17.327+0000] {dag.py:2915} INFO - Sync 1 DAGs
[2026-07-09T07:57:17.356+0000] {logging_mixin.py:151} INFO - [2026-07-09T07:57:17.355+0000] {dag.py:3696} INFO - Setting next_dagrun for daily_crypto_lstm_pipeline to 2026-07-09T00:02:00+00:00, run_after=2026-07-10T00:02:00+00:00
[2026-07-09T07:57:17.383+0000] {processor.py:179} INFO - Processing /opt/airflow/dags/binance_daily_dag.py took 10.230 seconds
[2026-07-09T07:57:48.352+0000] {processor.py:157} INFO - Started process (PID=15158) to work on /opt/airflow/dags/binance_daily_dag.py
[2026-07-09T07:57:48.355+0000] {processor.py:829} INFO - Processing file /opt/airflow/dags/binance_daily_dag.py for tasks to queue
[2026-07-09T07:57:48.358+0000] {logging_mixin.py:151} INFO - [2026-07-09T07:57:48.357+0000] {dagbag.py:539} INFO - Filling up the DagBag from /opt/airflow/dags/binance_daily_dag.py
[2026-07-09T07:57:55.812+0000] {processor.py:839} INFO - DAG(s) dict_keys(['daily_crypto_lstm_pipeline']) retrieved from /opt/airflow/dags/binance_daily_dag.py
[2026-07-09T07:57:55.844+0000] {logging_mixin.py:151} INFO - [2026-07-09T07:57:55.843+0000] {dag.py:2915} INFO - Sync 1 DAGs
[2026-07-09T07:57:55.873+0000] {logging_mixin.py:151} INFO - [2026-07-09T07:57:55.873+0000] {dag.py:3696} INFO - Setting next_dagrun for daily_crypto_lstm_pipeline to 2026-07-09T00:02:00+00:00, run_after=2026-07-10T00:02:00+00:00
[2026-07-09T07:57:55.904+0000] {processor.py:179} INFO - Processing /opt/airflow/dags/binance_daily_dag.py took 7.561 seconds
[2026-07-09T07:58:26.697+0000] {processor.py:157} INFO - Started process (PID=15191) to work on /opt/airflow/dags/binance_daily_dag.py
[2026-07-09T07:58:26.700+0000] {processor.py:829} INFO - Processing file /opt/airflow/dags/binance_daily_dag.py for tasks to queue
[2026-07-09T07:58:26.702+0000] {logging_mixin.py:151} INFO - [2026-07-09T07:58:26.701+0000] {dagbag.py:539} INFO - Filling up the DagBag from /opt/airflow/dags/binance_daily_dag.py
[2026-07-09T07:58:33.108+0000] {processor.py:839} INFO - DAG(s) dict_keys(['daily_crypto_lstm_pipeline']) retrieved from /opt/airflow/dags/binance_daily_dag.py
[2026-07-09T07:58:33.152+0000] {logging_mixin.py:151} INFO - [2026-07-09T07:58:33.151+0000] {dag.py:2915} INFO - Sync 1 DAGs
[2026-07-09T07:58:33.187+0000] {logging_mixin.py:151} INFO - [2026-07-09T07:58:33.186+0000] {dag.py:3696} INFO - Setting next_dagrun for daily_crypto_lstm_pipeline to 2026-07-09T00:02:00+00:00, run_after=2026-07-10T00:02:00+00:00
[2026-07-09T07:58:33.224+0000] {processor.py:179} INFO - Processing /opt/airflow/dags/binance_daily_dag.py took 6.535 seconds
[2026-07-09T07:59:03.726+0000] {processor.py:157} INFO - Started process (PID=15224) to work on /opt/airflow/dags/binance_daily_dag.py
[2026-07-09T07:59:03.766+0000] {processor.py:829} INFO - Processing file /opt/airflow/dags/binance_daily_dag.py for tasks to queue
[2026-07-09T07:59:03.768+0000] {logging_mixin.py:151} INFO - [2026-07-09T07:59:03.767+0000] {dagbag.py:539} INFO - Filling up the DagBag from /opt/airflow/dags/binance_daily_dag.py
[2026-07-09T07:59:08.235+0000] {processor.py:839} INFO - DAG(s) dict_keys(['daily_crypto_lstm_pipeline']) retrieved from /opt/airflow/dags/binance_daily_dag.py
[2026-07-09T07:59:08.256+0000] {logging_mixin.py:151} INFO - [2026-07-09T07:59:08.255+0000] {dag.py:2915} INFO - Sync 1 DAGs
[2026-07-09T07:59:08.278+0000] {logging_mixin.py:151} INFO - [2026-07-09T07:59:08.278+0000] {dag.py:3696} INFO - Setting next_dagrun for daily_crypto_lstm_pipeline to 2026-07-09T00:02:00+00:00, run_after=2026-07-10T00:02:00+00:00
[2026-07-09T07:59:08.755+0000] {processor.py:179} INFO - Processing /opt/airflow/dags/binance_daily_dag.py took 5.035 seconds
[2026-07-09T07:59:44.877+0000] {processor.py:157} INFO - Started process (PID=15264) to work on /opt/airflow/dags/binance_daily_dag.py
[2026-07-09T07:59:44.884+0000] {processor.py:829} INFO - Processing file /opt/airflow/dags/binance_daily_dag.py for tasks to queue
[2026-07-09T07:59:44.887+0000] {logging_mixin.py:151} INFO - [2026-07-09T07:59:44.886+0000] {dagbag.py:539} INFO - Filling up the DagBag from /opt/airflow/dags/binance_daily_dag.py
[2026-07-09T08:00:04.537+0000] {processor.py:839} INFO - DAG(s) dict_keys(['daily_crypto_lstm_pipeline']) retrieved from /opt/airflow/dags/binance_daily_dag.py
[2026-07-09T08:00:04.667+0000] {logging_mixin.py:151} INFO - [2026-07-09T08:00:04.666+0000] {dag.py:2915} INFO - Sync 1 DAGs
[2026-07-09T08:00:04.720+0000] {logging_mixin.py:151} INFO - [2026-07-09T08:00:04.720+0000] {dag.py:3696} INFO - Setting next_dagrun for daily_crypto_lstm_pipeline to 2026-07-09T00:02:00+00:00, run_after=2026-07-10T00:02:00+00:00
[2026-07-09T08:00:04.762+0000] {processor.py:179} INFO - Processing /opt/airflow/dags/binance_daily_dag.py took 19.898 seconds
[2026-07-09T08:22:12.140+0000] {processor.py:157} INFO - Started process (PID=194) to work on /opt/airflow/dags/binance_daily_dag.py
[2026-07-09T08:22:12.143+0000] {processor.py:829} INFO - Processing file /opt/airflow/dags/binance_daily_dag.py for tasks to queue
[2026-07-09T08:22:12.146+0000] {logging_mixin.py:151} INFO - [2026-07-09T08:22:12.145+0000] {dagbag.py:539} INFO - Filling up the DagBag from /opt/airflow/dags/binance_daily_dag.py
[2026-07-09T08:22:18.536+0000] {processor.py:839} INFO - DAG(s) dict_keys(['daily_crypto_lstm_pipeline']) retrieved from /opt/airflow/dags/binance_daily_dag.py
[2026-07-09T08:22:18.576+0000] {logging_mixin.py:151} INFO - [2026-07-09T08:22:18.576+0000] {dag.py:2915} INFO - Sync 1 DAGs
[2026-07-09T08:22:18.601+0000] {logging_mixin.py:151} INFO - [2026-07-09T08:22:18.600+0000] {dag.py:3696} INFO - Setting next_dagrun for daily_crypto_lstm_pipeline to 2026-07-09T00:02:00+00:00, run_after=2026-07-10T00:02:00+00:00
[2026-07-09T08:22:18.621+0000] {processor.py:179} INFO - Processing /opt/airflow/dags/binance_daily_dag.py took 6.488 seconds
[2026-07-09T08:22:49.019+0000] {processor.py:157} INFO - Started process (PID=242) to work on /opt/airflow/dags/binance_daily_dag.py
[2026-07-09T08:22:49.020+0000] {processor.py:829} INFO - Processing file /opt/airflow/dags/binance_daily_dag.py for tasks to queue
[2026-07-09T08:22:49.022+0000] {logging_mixin.py:151} INFO - [2026-07-09T08:22:49.021+0000] {dagbag.py:539} INFO - Filling up the DagBag from /opt/airflow/dags/binance_daily_dag.py
[2026-07-09T08:22:51.971+0000] {processor.py:839} INFO - DAG(s) dict_keys(['daily_crypto_lstm_pipeline']) retrieved from /opt/airflow/dags/binance_daily_dag.py
[2026-07-09T08:22:51.997+0000] {logging_mixin.py:151} INFO - [2026-07-09T08:22:51.996+0000] {dag.py:2915} INFO - Sync 1 DAGs
[2026-07-09T08:22:52.018+0000] {logging_mixin.py:151} INFO - [2026-07-09T08:22:52.018+0000] {dag.py:3696} INFO - Setting next_dagrun for daily_crypto_lstm_pipeline to 2026-07-09T00:02:00+00:00, run_after=2026-07-10T00:02:00+00:00
[2026-07-09T08:22:52.038+0000] {processor.py:179} INFO - Processing /opt/airflow/dags/binance_daily_dag.py took 3.023 seconds
[2026-07-09T08:23:22.333+0000] {processor.py:157} INFO - Started process (PID=274) to work on /opt/airflow/dags/binance_daily_dag.py
[2026-07-09T08:23:22.335+0000] {processor.py:829} INFO - Processing file /opt/airflow/dags/binance_daily_dag.py for tasks to queue
[2026-07-09T08:23:22.336+0000] {logging_mixin.py:151} INFO - [2026-07-09T08:23:22.336+0000] {dagbag.py:539} INFO - Filling up the DagBag from /opt/airflow/dags/binance_daily_dag.py
[2026-07-09T08:23:25.134+0000] {processor.py:839} INFO - DAG(s) dict_keys(['daily_crypto_lstm_pipeline']) retrieved from /opt/airflow/dags/binance_daily_dag.py
[2026-07-09T08:23:25.156+0000] {logging_mixin.py:151} INFO - [2026-07-09T08:23:25.155+0000] {dag.py:2915} INFO - Sync 1 DAGs
[2026-07-09T08:23:25.182+0000] {logging_mixin.py:151} INFO - [2026-07-09T08:23:25.181+0000] {dag.py:3696} INFO - Setting next_dagrun for daily_crypto_lstm_pipeline to 2026-07-09T00:02:00+00:00, run_after=2026-07-10T00:02:00+00:00
[2026-07-09T08:23:25.204+0000] {processor.py:179} INFO - Processing /opt/airflow/dags/binance_daily_dag.py took 2.875 seconds
[2026-07-09T08:23:55.524+0000] {processor.py:157} INFO - Started process (PID=315) to work on /opt/airflow/dags/binance_daily_dag.py
[2026-07-09T08:23:55.526+0000] {processor.py:829} INFO - Processing file /opt/airflow/dags/binance_daily_dag.py for tasks to queue
[2026-07-09T08:23:55.527+0000] {logging_mixin.py:151} INFO - [2026-07-09T08:23:55.527+0000] {dagbag.py:539} INFO - Filling up the DagBag from /opt/airflow/dags/binance_daily_dag.py
[2026-07-09T08:23:58.537+0000] {processor.py:839} INFO - DAG(s) dict_keys(['daily_crypto_lstm_pipeline']) retrieved from /opt/airflow/dags/binance_daily_dag.py
[2026-07-09T08:23:58.564+0000] {logging_mixin.py:151} INFO - [2026-07-09T08:23:58.564+0000] {dag.py:2915} INFO - Sync 1 DAGs
[2026-07-09T08:23:58.588+0000] {logging_mixin.py:151} INFO - [2026-07-09T08:23:58.588+0000] {dag.py:3696} INFO - Setting next_dagrun for daily_crypto_lstm_pipeline to 2026-07-09T00:02:00+00:00, run_after=2026-07-10T00:02:00+00:00
[2026-07-09T08:23:58.616+0000] {processor.py:179} INFO - Processing /opt/airflow/dags/binance_daily_dag.py took 3.096 seconds
[2026-07-09T08:24:28.736+0000] {processor.py:157} INFO - Started process (PID=353) to work on /opt/airflow/dags/binance_daily_dag.py
[2026-07-09T08:24:28.738+0000] {processor.py:829} INFO - Processing file /opt/airflow/dags/binance_daily_dag.py for tasks to queue
[2026-07-09T08:24:28.739+0000] {logging_mixin.py:151} INFO - [2026-07-09T08:24:28.739+0000] {dagbag.py:539} INFO - Filling up the DagBag from /opt/airflow/dags/binance_daily_dag.py
[2026-07-09T08:24:31.924+0000] {processor.py:839} INFO - DAG(s) dict_keys(['daily_crypto_lstm_pipeline']) retrieved from /opt/airflow/dags/binance_daily_dag.py
[2026-07-09T08:24:31.950+0000] {logging_mixin.py:151} INFO - [2026-07-09T08:24:31.949+0000] {dag.py:2915} INFO - Sync 1 DAGs
[2026-07-09T08:24:31.973+0000] {logging_mixin.py:151} INFO - [2026-07-09T08:24:31.972+0000] {dag.py:3696} INFO - Setting next_dagrun for daily_crypto_lstm_pipeline to 2026-07-09T00:02:00+00:00, run_after=2026-07-10T00:02:00+00:00
[2026-07-09T08:24:32.015+0000] {processor.py:179} INFO - Processing /opt/airflow/dags/binance_daily_dag.py took 3.283 seconds
[2026-07-09T08:25:02.354+0000] {processor.py:157} INFO - Started process (PID=385) to work on /opt/airflow/dags/binance_daily_dag.py
[2026-07-09T08:25:02.356+0000] {processor.py:829} INFO - Processing file /opt/airflow/dags/binance_daily_dag.py for tasks to queue
[2026-07-09T08:25:02.357+0000] {logging_mixin.py:151} INFO - [2026-07-09T08:25:02.356+0000] {dagbag.py:539} INFO - Filling up the DagBag from /opt/airflow/dags/binance_daily_dag.py
[2026-07-09T08:25:05.225+0000] {processor.py:839} INFO - DAG(s) dict_keys(['daily_crypto_lstm_pipeline']) retrieved from /opt/airflow/dags/binance_daily_dag.py
[2026-07-09T08:25:05.248+0000] {logging_mixin.py:151} INFO - [2026-07-09T08:25:05.247+0000] {dag.py:2915} INFO - Sync 1 DAGs
[2026-07-09T08:25:05.278+0000] {logging_mixin.py:151} INFO - [2026-07-09T08:25:05.278+0000] {dag.py:3696} INFO - Setting next_dagrun for daily_crypto_lstm_pipeline to 2026-07-09T00:02:00+00:00, run_after=2026-07-10T00:02:00+00:00
[2026-07-09T08:25:05.346+0000] {processor.py:179} INFO - Processing /opt/airflow/dags/binance_daily_dag.py took 2.998 seconds
[2026-07-09T08:25:35.957+0000] {processor.py:157} INFO - Started process (PID=418) to work on /opt/airflow/dags/binance_daily_dag.py
[2026-07-09T08:25:35.959+0000] {processor.py:829} INFO - Processing file /opt/airflow/dags/binance_daily_dag.py for tasks to queue
[2026-07-09T08:25:35.960+0000] {logging_mixin.py:151} INFO - [2026-07-09T08:25:35.960+0000] {dagbag.py:539} INFO - Filling up the DagBag from /opt/airflow/dags/binance_daily_dag.py
[2026-07-09T08:25:38.722+0000] {processor.py:839} INFO - DAG(s) dict_keys(['daily_crypto_lstm_pipeline']) retrieved from /opt/airflow/dags/binance_daily_dag.py
[2026-07-09T08:25:38.744+0000] {logging_mixin.py:151} INFO - [2026-07-09T08:25:38.743+0000] {dag.py:2915} INFO - Sync 1 DAGs
[2026-07-09T08:25:38.771+0000] {logging_mixin.py:151} INFO - [2026-07-09T08:25:38.771+0000] {dag.py:3696} INFO - Setting next_dagrun for daily_crypto_lstm_pipeline to 2026-07-09T00:02:00+00:00, run_after=2026-07-10T00:02:00+00:00
[2026-07-09T08:25:38.818+0000] {processor.py:179} INFO - Processing /opt/airflow/dags/binance_daily_dag.py took 2.869 seconds
[2026-07-09T08:39:47.687+0000] {processor.py:157} INFO - Started process (PID=185) to work on /opt/airflow/dags/binance_daily_dag.py
[2026-07-09T08:39:47.693+0000] {processor.py:829} INFO - Processing file /opt/airflow/dags/binance_daily_dag.py for tasks to queue
[2026-07-09T08:39:47.695+0000] {logging_mixin.py:151} INFO - [2026-07-09T08:39:47.694+0000] {dagbag.py:539} INFO - Filling up the DagBag from /opt/airflow/dags/binance_daily_dag.py
[2026-07-09T08:39:57.590+0000] {processor.py:839} INFO - DAG(s) dict_keys(['daily_crypto_lstm_pipeline']) retrieved from /opt/airflow/dags/binance_daily_dag.py
[2026-07-09T08:39:57.674+0000] {logging_mixin.py:151} INFO - [2026-07-09T08:39:57.674+0000] {dag.py:2915} INFO - Sync 1 DAGs
[2026-07-09T08:39:57.732+0000] {logging_mixin.py:151} INFO - [2026-07-09T08:39:57.732+0000] {dag.py:3696} INFO - Setting next_dagrun for daily_crypto_lstm_pipeline to 2026-07-09T00:02:00+00:00, run_after=2026-07-10T00:02:00+00:00
[2026-07-09T08:39:57.784+0000] {processor.py:179} INFO - Processing /opt/airflow/dags/binance_daily_dag.py took 10.108 seconds
[2026-07-09T08:40:28.129+0000] {processor.py:157} INFO - Started process (PID=239) to work on /opt/airflow/dags/binance_daily_dag.py
[2026-07-09T08:40:28.130+0000] {processor.py:829} INFO - Processing file /opt/airflow/dags/binance_daily_dag.py for tasks to queue
[2026-07-09T08:40:28.132+0000] {logging_mixin.py:151} INFO - [2026-07-09T08:40:28.132+0000] {dagbag.py:539} INFO - Filling up the DagBag from /opt/airflow/dags/binance_daily_dag.py
[2026-07-09T08:40:34.164+0000] {processor.py:839} INFO - DAG(s) dict_keys(['daily_crypto_lstm_pipeline']) retrieved from /opt/airflow/dags/binance_daily_dag.py
[2026-07-09T08:40:34.207+0000] {logging_mixin.py:151} INFO - [2026-07-09T08:40:34.206+0000] {dag.py:2915} INFO - Sync 1 DAGs
[2026-07-09T08:40:34.257+0000] {logging_mixin.py:151} INFO - [2026-07-09T08:40:34.257+0000] {dag.py:3696} INFO - Setting next_dagrun for daily_crypto_lstm_pipeline to 2026-07-09T00:02:00+00:00, run_after=2026-07-10T00:02:00+00:00
[2026-07-09T08:40:34.337+0000] {processor.py:179} INFO - Processing /opt/airflow/dags/binance_daily_dag.py took 6.211 seconds
[2026-07-09T08:41:04.756+0000] {processor.py:157} INFO - Started process (PID=279) to work on /opt/airflow/dags/binance_daily_dag.py
[2026-07-09T08:41:04.758+0000] {processor.py:829} INFO - Processing file /opt/airflow/dags/binance_daily_dag.py for tasks to queue
[2026-07-09T08:41:04.761+0000] {logging_mixin.py:151} INFO - [2026-07-09T08:41:04.759+0000] {dagbag.py:539} INFO - Filling up the DagBag from /opt/airflow/dags/binance_daily_dag.py
[2026-07-09T08:41:09.357+0000] {processor.py:839} INFO - DAG(s) dict_keys(['daily_crypto_lstm_pipeline']) retrieved from /opt/airflow/dags/binance_daily_dag.py
[2026-07-09T08:41:09.388+0000] {logging_mixin.py:151} INFO - [2026-07-09T08:41:09.387+0000] {dag.py:2915} INFO - Sync 1 DAGs
[2026-07-09T08:41:09.418+0000] {logging_mixin.py:151} INFO - [2026-07-09T08:41:09.417+0000] {dag.py:3696} INFO - Setting next_dagrun for daily_crypto_lstm_pipeline to 2026-07-09T00:02:00+00:00, run_after=2026-07-10T00:02:00+00:00
[2026-07-09T08:41:09.447+0000] {processor.py:179} INFO - Processing /opt/airflow/dags/binance_daily_dag.py took 4.701 seconds
[2026-07-09T08:41:40.065+0000] {processor.py:157} INFO - Started process (PID=312) to work on /opt/airflow/dags/binance_daily_dag.py
[2026-07-09T08:41:40.067+0000] {processor.py:829} INFO - Processing file /opt/airflow/dags/binance_daily_dag.py for tasks to queue
[2026-07-09T08:41:40.067+0000] {logging_mixin.py:151} INFO - [2026-07-09T08:41:40.067+0000] {dagbag.py:539} INFO - Filling up the DagBag from /opt/airflow/dags/binance_daily_dag.py
[2026-07-09T08:41:44.397+0000] {processor.py:839} INFO - DAG(s) dict_keys(['daily_crypto_lstm_pipeline']) retrieved from /opt/airflow/dags/binance_daily_dag.py
[2026-07-09T08:41:44.451+0000] {logging_mixin.py:151} INFO - [2026-07-09T08:41:44.450+0000] {dag.py:2915} INFO - Sync 1 DAGs
[2026-07-09T08:41:44.490+0000] {logging_mixin.py:151} INFO - [2026-07-09T08:41:44.490+0000] {dag.py:3696} INFO - Setting next_dagrun for daily_crypto_lstm_pipeline to 2026-07-09T00:02:00+00:00, run_after=2026-07-10T00:02:00+00:00
[2026-07-09T08:41:44.517+0000] {processor.py:179} INFO - Processing /opt/airflow/dags/binance_daily_dag.py took 4.454 seconds
[2026-07-09T08:42:14.973+0000] {processor.py:157} INFO - Started process (PID=345) to work on /opt/airflow/dags/binance_daily_dag.py
[2026-07-09T08:42:14.976+0000] {processor.py:829} INFO - Processing file /opt/airflow/dags/binance_daily_dag.py for tasks to queue
[2026-07-09T08:42:14.985+0000] {logging_mixin.py:151} INFO - [2026-07-09T08:42:14.982+0000] {dagbag.py:539} INFO - Filling up the DagBag from /opt/airflow/dags/binance_daily_dag.py
[2026-07-09T08:42:21.124+0000] {processor.py:839} INFO - DAG(s) dict_keys(['daily_crypto_lstm_pipeline']) retrieved from /opt/airflow/dags/binance_daily_dag.py
[2026-07-09T08:42:21.179+0000] {logging_mixin.py:151} INFO - [2026-07-09T08:42:21.179+0000] {dag.py:2915} INFO - Sync 1 DAGs
[2026-07-09T08:42:21.216+0000] {logging_mixin.py:151} INFO - [2026-07-09T08:42:21.216+0000] {dag.py:3696} INFO - Setting next_dagrun for daily_crypto_lstm_pipeline to 2026-07-09T00:02:00+00:00, run_after=2026-07-10T00:02:00+00:00
[2026-07-09T08:42:21.237+0000] {processor.py:179} INFO - Processing /opt/airflow/dags/binance_daily_dag.py took 6.269 seconds
[2026-07-09T08:42:51.902+0000] {processor.py:157} INFO - Started process (PID=378) to work on /opt/airflow/dags/binance_daily_dag.py
[2026-07-09T08:42:51.904+0000] {processor.py:829} INFO - Processing file /opt/airflow/dags/binance_daily_dag.py for tasks to queue
[2026-07-09T08:42:51.905+0000] {logging_mixin.py:151} INFO - [2026-07-09T08:42:51.905+0000] {dagbag.py:539} INFO - Filling up the DagBag from /opt/airflow/dags/binance_daily_dag.py
[2026-07-09T08:42:58.476+0000] {processor.py:839} INFO - DAG(s) dict_keys(['daily_crypto_lstm_pipeline']) retrieved from /opt/airflow/dags/binance_daily_dag.py
[2026-07-09T08:42:58.526+0000] {logging_mixin.py:151} INFO - [2026-07-09T08:42:58.525+0000] {dag.py:2915} INFO - Sync 1 DAGs
[2026-07-09T08:42:58.584+0000] {logging_mixin.py:151} INFO - [2026-07-09T08:42:58.583+0000] {dag.py:3696} INFO - Setting next_dagrun for daily_crypto_lstm_pipeline to 2026-07-09T00:02:00+00:00, run_after=2026-07-10T00:02:00+00:00
[2026-07-09T08:42:58.671+0000] {processor.py:179} INFO - Processing /opt/airflow/dags/binance_daily_dag.py took 6.776 seconds
[2026-07-09T08:43:29.072+0000] {processor.py:157} INFO - Started process (PID=411) to work on /opt/airflow/dags/binance_daily_dag.py
[2026-07-09T08:43:29.077+0000] {processor.py:829} INFO - Processing file /opt/airflow/dags/binance_daily_dag.py for tasks to queue
[2026-07-09T08:43:29.079+0000] {logging_mixin.py:151} INFO - [2026-07-09T08:43:29.078+0000] {dagbag.py:539} INFO - Filling up the DagBag from /opt/airflow/dags/binance_daily_dag.py
[2026-07-09T08:43:35.371+0000] {processor.py:839} INFO - DAG(s) dict_keys(['daily_crypto_lstm_pipeline']) retrieved from /opt/airflow/dags/binance_daily_dag.py
[2026-07-09T08:43:35.426+0000] {logging_mixin.py:151} INFO - [2026-07-09T08:43:35.424+0000] {dag.py:2915} INFO - Sync 1 DAGs
[2026-07-09T08:43:35.478+0000] {logging_mixin.py:151} INFO - [2026-07-09T08:43:35.478+0000] {dag.py:3696} INFO - Setting next_dagrun for daily_crypto_lstm_pipeline to 2026-07-09T00:02:00+00:00, run_after=2026-07-10T00:02:00+00:00
[2026-07-09T08:43:35.551+0000] {processor.py:179} INFO - Processing /opt/airflow/dags/binance_daily_dag.py took 6.492 seconds
[2026-07-09T08:44:05.804+0000] {processor.py:157} INFO - Started process (PID=452) to work on /opt/airflow/dags/binance_daily_dag.py
[2026-07-09T08:44:05.807+0000] {processor.py:829} INFO - Processing file /opt/airflow/dags/binance_daily_dag.py for tasks to queue
[2026-07-09T08:44:05.810+0000] {logging_mixin.py:151} INFO - [2026-07-09T08:44:05.809+0000] {dagbag.py:539} INFO - Filling up the DagBag from /opt/airflow/dags/binance_daily_dag.py
[2026-07-09T08:44:12.379+0000] {processor.py:839} INFO - DAG(s) dict_keys(['daily_crypto_lstm_pipeline']) retrieved from /opt/airflow/dags/binance_daily_dag.py
[2026-07-09T08:44:12.445+0000] {logging_mixin.py:151} INFO - [2026-07-09T08:44:12.444+0000] {dag.py:2915} INFO - Sync 1 DAGs
[2026-07-09T08:44:12.495+0000] {logging_mixin.py:151} INFO - [2026-07-09T08:44:12.495+0000] {dag.py:3696} INFO - Setting next_dagrun for daily_crypto_lstm_pipeline to 2026-07-09T00:02:00+00:00, run_after=2026-07-10T00:02:00+00:00
[2026-07-09T08:44:12.551+0000] {processor.py:179} INFO - Processing /opt/airflow/dags/binance_daily_dag.py took 6.755 seconds
[2026-07-09T08:44:43.188+0000] {processor.py:157} INFO - Started process (PID=485) to work on /opt/airflow/dags/binance_daily_dag.py
[2026-07-09T08:44:43.190+0000] {processor.py:829} INFO - Processing file /opt/airflow/dags/binance_daily_dag.py for tasks to queue
[2026-07-09T08:44:43.194+0000] {logging_mixin.py:151} INFO - [2026-07-09T08:44:43.193+0000] {dagbag.py:539} INFO - Filling up the DagBag from /opt/airflow/dags/binance_daily_dag.py
[2026-07-09T08:44:49.469+0000] {processor.py:839} INFO - DAG(s) dict_keys(['daily_crypto_lstm_pipeline']) retrieved from /opt/airflow/dags/binance_daily_dag.py
[2026-07-09T08:44:49.513+0000] {logging_mixin.py:151} INFO - [2026-07-09T08:44:49.512+0000] {dag.py:2915} INFO - Sync 1 DAGs
[2026-07-09T08:44:49.545+0000] {logging_mixin.py:151} INFO - [2026-07-09T08:44:49.545+0000] {dag.py:3696} INFO - Setting next_dagrun for daily_crypto_lstm_pipeline to 2026-07-09T00:02:00+00:00, run_after=2026-07-10T00:02:00+00:00
[2026-07-09T08:44:49.582+0000] {processor.py:179} INFO - Processing /opt/airflow/dags/binance_daily_dag.py took 6.400 seconds
[2026-07-09T08:45:20.172+0000] {processor.py:157} INFO - Started process (PID=519) to work on /opt/airflow/dags/binance_daily_dag.py
[2026-07-09T08:45:20.176+0000] {processor.py:829} INFO - Processing file /opt/airflow/dags/binance_daily_dag.py for tasks to queue
[2026-07-09T08:45:20.183+0000] {logging_mixin.py:151} INFO - [2026-07-09T08:45:20.183+0000] {dagbag.py:539} INFO - Filling up the DagBag from /opt/airflow/dags/binance_daily_dag.py
[2026-07-09T08:45:26.212+0000] {processor.py:839} INFO - DAG(s) dict_keys(['daily_crypto_lstm_pipeline']) retrieved from /opt/airflow/dags/binance_daily_dag.py
[2026-07-09T08:45:26.265+0000] {logging_mixin.py:151} INFO - [2026-07-09T08:45:26.264+0000] {dag.py:2915} INFO - Sync 1 DAGs
[2026-07-09T08:45:26.323+0000] {logging_mixin.py:151} INFO - [2026-07-09T08:45:26.322+0000] {dag.py:3696} INFO - Setting next_dagrun for daily_crypto_lstm_pipeline to 2026-07-09T00:02:00+00:00, run_after=2026-07-10T00:02:00+00:00
[2026-07-09T08:45:26.376+0000] {processor.py:179} INFO - Processing /opt/airflow/dags/binance_daily_dag.py took 6.209 seconds
[2026-07-09T08:45:56.959+0000] {processor.py:157} INFO - Started process (PID=552) to work on /opt/airflow/dags/binance_daily_dag.py
[2026-07-09T08:45:56.961+0000] {processor.py:829} INFO - Processing file /opt/airflow/dags/binance_daily_dag.py for tasks to queue
[2026-07-09T08:45:56.962+0000] {logging_mixin.py:151} INFO - [2026-07-09T08:45:56.962+0000] {dagbag.py:539} INFO - Filling up the DagBag from /opt/airflow/dags/binance_daily_dag.py
[2026-07-09T08:46:02.398+0000] {processor.py:839} INFO - DAG(s) dict_keys(['daily_crypto_lstm_pipeline']) retrieved from /opt/airflow/dags/binance_daily_dag.py
[2026-07-09T08:46:02.449+0000] {logging_mixin.py:151} INFO - [2026-07-09T08:46:02.445+0000] {dag.py:2915} INFO - Sync 1 DAGs
[2026-07-09T08:46:02.479+0000] {logging_mixin.py:151} INFO - [2026-07-09T08:46:02.478+0000] {dag.py:3696} INFO - Setting next_dagrun for daily_crypto_lstm_pipeline to 2026-07-09T00:02:00+00:00, run_after=2026-07-10T00:02:00+00:00
[2026-07-09T08:46:02.518+0000] {processor.py:179} INFO - Processing /opt/airflow/dags/binance_daily_dag.py took 5.568 seconds
[2026-07-09T08:46:33.280+0000] {processor.py:157} INFO - Started process (PID=585) to work on /opt/airflow/dags/binance_daily_dag.py
[2026-07-09T08:46:33.282+0000] {processor.py:829} INFO - Processing file /opt/airflow/dags/binance_daily_dag.py for tasks to queue
[2026-07-09T08:46:33.284+0000] {logging_mixin.py:151} INFO - [2026-07-09T08:46:33.284+0000] {dagbag.py:539} INFO - Filling up the DagBag from /opt/airflow/dags/binance_daily_dag.py
[2026-07-09T08:46:41.135+0000] {processor.py:839} INFO - DAG(s) dict_keys(['daily_crypto_lstm_pipeline']) retrieved from /opt/airflow/dags/binance_daily_dag.py
[2026-07-09T08:46:41.172+0000] {logging_mixin.py:151} INFO - [2026-07-09T08:46:41.172+0000] {dag.py:2915} INFO - Sync 1 DAGs
[2026-07-09T08:46:41.203+0000] {logging_mixin.py:151} INFO - [2026-07-09T08:46:41.202+0000] {dag.py:3696} INFO - Setting next_dagrun for daily_crypto_lstm_pipeline to 2026-07-09T00:02:00+00:00, run_after=2026-07-10T00:02:00+00:00
[2026-07-09T08:46:41.237+0000] {processor.py:179} INFO - Processing /opt/airflow/dags/binance_daily_dag.py took 7.961 seconds
[2026-07-09T08:47:11.773+0000] {processor.py:157} INFO - Started process (PID=625) to work on /opt/airflow/dags/binance_daily_dag.py
[2026-07-09T08:47:11.775+0000] {processor.py:829} INFO - Processing file /opt/airflow/dags/binance_daily_dag.py for tasks to queue
[2026-07-09T08:47:11.777+0000] {logging_mixin.py:151} INFO - [2026-07-09T08:47:11.776+0000] {dagbag.py:539} INFO - Filling up the DagBag from /opt/airflow/dags/binance_daily_dag.py
[2026-07-09T08:47:17.288+0000] {processor.py:839} INFO - DAG(s) dict_keys(['daily_crypto_lstm_pipeline']) retrieved from /opt/airflow/dags/binance_daily_dag.py
[2026-07-09T08:47:17.322+0000] {logging_mixin.py:151} INFO - [2026-07-09T08:47:17.321+0000] {dag.py:2915} INFO - Sync 1 DAGs
[2026-07-09T08:47:17.350+0000] {logging_mixin.py:151} INFO - [2026-07-09T08:47:17.350+0000] {dag.py:3696} INFO - Setting next_dagrun for daily_crypto_lstm_pipeline to 2026-07-09T00:02:00+00:00, run_after=2026-07-10T00:02:00+00:00
[2026-07-09T08:47:17.384+0000] {processor.py:179} INFO - Processing /opt/airflow/dags/binance_daily_dag.py took 5.619 seconds
[2026-07-09T08:47:47.585+0000] {processor.py:157} INFO - Started process (PID=658) to work on /opt/airflow/dags/binance_daily_dag.py
[2026-07-09T08:47:47.587+0000] {processor.py:829} INFO - Processing file /opt/airflow/dags/binance_daily_dag.py for tasks to queue
[2026-07-09T08:47:47.589+0000] {logging_mixin.py:151} INFO - [2026-07-09T08:47:47.588+0000] {dagbag.py:539} INFO - Filling up the DagBag from /opt/airflow/dags/binance_daily_dag.py
[2026-07-09T08:47:51.378+0000] {processor.py:839} INFO - DAG(s) dict_keys(['daily_crypto_lstm_pipeline']) retrieved from /opt/airflow/dags/binance_daily_dag.py
[2026-07-09T08:47:51.406+0000] {logging_mixin.py:151} INFO - [2026-07-09T08:47:51.405+0000] {dag.py:2915} INFO - Sync 1 DAGs
[2026-07-09T08:47:51.433+0000] {logging_mixin.py:151} INFO - [2026-07-09T08:47:51.433+0000] {dag.py:3696} INFO - Setting next_dagrun for daily_crypto_lstm_pipeline to 2026-07-09T00:02:00+00:00, run_after=2026-07-10T00:02:00+00:00
[2026-07-09T08:47:51.462+0000] {processor.py:179} INFO - Processing /opt/airflow/dags/binance_daily_dag.py took 3.881 seconds
[2026-07-09T08:48:21.858+0000] {processor.py:157} INFO - Started process (PID=691) to work on /opt/airflow/dags/binance_daily_dag.py
[2026-07-09T08:48:21.859+0000] {processor.py:829} INFO - Processing file /opt/airflow/dags/binance_daily_dag.py for tasks to queue
[2026-07-09T08:48:21.861+0000] {logging_mixin.py:151} INFO - [2026-07-09T08:48:21.860+0000] {dagbag.py:539} INFO - Filling up the DagBag from /opt/airflow/dags/binance_daily_dag.py
[2026-07-09T08:48:25.371+0000] {processor.py:839} INFO - DAG(s) dict_keys(['daily_crypto_lstm_pipeline']) retrieved from /opt/airflow/dags/binance_daily_dag.py
[2026-07-09T08:48:25.395+0000] {logging_mixin.py:151} INFO - [2026-07-09T08:48:25.395+0000] {dag.py:2915} INFO - Sync 1 DAGs
[2026-07-09T08:48:25.420+0000] {logging_mixin.py:151} INFO - [2026-07-09T08:48:25.420+0000] {dag.py:3696} INFO - Setting next_dagrun for daily_crypto_lstm_pipeline to 2026-07-09T00:02:00+00:00, run_after=2026-07-10T00:02:00+00:00
[2026-07-09T08:48:25.448+0000] {processor.py:179} INFO - Processing /opt/airflow/dags/binance_daily_dag.py took 3.595 seconds
[2026-07-09T08:48:55.874+0000] {processor.py:157} INFO - Started process (PID=724) to work on /opt/airflow/dags/binance_daily_dag.py
[2026-07-09T08:48:55.880+0000] {processor.py:829} INFO - Processing file /opt/airflow/dags/binance_daily_dag.py for tasks to queue
[2026-07-09T08:48:55.885+0000] {logging_mixin.py:151} INFO - [2026-07-09T08:48:55.885+0000] {dagbag.py:539} INFO - Filling up the DagBag from /opt/airflow/dags/binance_daily_dag.py
[2026-07-09T08:48:59.808+0000] {processor.py:839} INFO - DAG(s) dict_keys(['daily_crypto_lstm_pipeline']) retrieved from /opt/airflow/dags/binance_daily_dag.py
[2026-07-09T08:48:59.841+0000] {logging_mixin.py:151} INFO - [2026-07-09T08:48:59.840+0000] {dag.py:2915} INFO - Sync 1 DAGs
[2026-07-09T08:48:59.883+0000] {logging_mixin.py:151} INFO - [2026-07-09T08:48:59.883+0000] {dag.py:3696} INFO - Setting next_dagrun for daily_crypto_lstm_pipeline to 2026-07-09T00:02:00+00:00, run_after=2026-07-10T00:02:00+00:00
[2026-07-09T08:48:59.917+0000] {processor.py:179} INFO - Processing /opt/airflow/dags/binance_daily_dag.py took 4.052 seconds
[2026-07-09T08:49:30.305+0000] {processor.py:157} INFO - Started process (PID=757) to work on /opt/airflow/dags/binance_daily_dag.py
[2026-07-09T08:49:30.307+0000] {processor.py:829} INFO - Processing file /opt/airflow/dags/binance_daily_dag.py for tasks to queue
[2026-07-09T08:49:30.308+0000] {logging_mixin.py:151} INFO - [2026-07-09T08:49:30.308+0000] {dagbag.py:539} INFO - Filling up the DagBag from /opt/airflow/dags/binance_daily_dag.py
[2026-07-09T08:49:34.174+0000] {processor.py:839} INFO - DAG(s) dict_keys(['daily_crypto_lstm_pipeline']) retrieved from /opt/airflow/dags/binance_daily_dag.py
[2026-07-09T08:49:34.218+0000] {logging_mixin.py:151} INFO - [2026-07-09T08:49:34.217+0000] {dag.py:2915} INFO - Sync 1 DAGs
[2026-07-09T08:49:34.245+0000] {logging_mixin.py:151} INFO - [2026-07-09T08:49:34.244+0000] {dag.py:3696} INFO - Setting next_dagrun for daily_crypto_lstm_pipeline to 2026-07-09T00:02:00+00:00, run_after=2026-07-10T00:02:00+00:00
[2026-07-09T08:49:34.280+0000] {processor.py:179} INFO - Processing /opt/airflow/dags/binance_daily_dag.py took 3.982 seconds
[2026-07-09T08:50:05.006+0000] {processor.py:157} INFO - Started process (PID=790) to work on /opt/airflow/dags/binance_daily_dag.py
[2026-07-09T08:50:05.008+0000] {processor.py:829} INFO - Processing file /opt/airflow/dags/binance_daily_dag.py for tasks to queue
[2026-07-09T08:50:05.010+0000] {logging_mixin.py:151} INFO - [2026-07-09T08:50:05.009+0000] {dagbag.py:539} INFO - Filling up the DagBag from /opt/airflow/dags/binance_daily_dag.py
[2026-07-09T08:50:08.172+0000] {processor.py:839} INFO - DAG(s) dict_keys(['daily_crypto_lstm_pipeline']) retrieved from /opt/airflow/dags/binance_daily_dag.py
[2026-07-09T08:50:08.195+0000] {logging_mixin.py:151} INFO - [2026-07-09T08:50:08.195+0000] {dag.py:2915} INFO - Sync 1 DAGs
[2026-07-09T08:50:08.217+0000] {logging_mixin.py:151} INFO - [2026-07-09T08:50:08.216+0000] {dag.py:3696} INFO - Setting next_dagrun for daily_crypto_lstm_pipeline to 2026-07-09T00:02:00+00:00, run_after=2026-07-10T00:02:00+00:00
[2026-07-09T08:50:08.859+0000] {processor.py:179} INFO - Processing /opt/airflow/dags/binance_daily_dag.py took 3.858 seconds
[2026-07-09T08:50:39.686+0000] {processor.py:157} INFO - Started process (PID=835) to work on /opt/airflow/dags/binance_daily_dag.py
[2026-07-09T08:50:39.688+0000] {processor.py:829} INFO - Processing file /opt/airflow/dags/binance_daily_dag.py for tasks to queue
[2026-07-09T08:50:39.690+0000] {logging_mixin.py:151} INFO - [2026-07-09T08:50:39.689+0000] {dagbag.py:539} INFO - Filling up the DagBag from /opt/airflow/dags/binance_daily_dag.py
[2026-07-09T08:50:43.526+0000] {processor.py:839} INFO - DAG(s) dict_keys(['daily_crypto_lstm_pipeline']) retrieved from /opt/airflow/dags/binance_daily_dag.py
[2026-07-09T08:50:43.562+0000] {logging_mixin.py:151} INFO - [2026-07-09T08:50:43.561+0000] {dag.py:2915} INFO - Sync 1 DAGs
[2026-07-09T08:50:43.604+0000] {logging_mixin.py:151} INFO - [2026-07-09T08:50:43.604+0000] {dag.py:3696} INFO - Setting next_dagrun for daily_crypto_lstm_pipeline to 2026-07-09T00:02:00+00:00, run_after=2026-07-10T00:02:00+00:00
[2026-07-09T08:50:43.647+0000] {processor.py:179} INFO - Processing /opt/airflow/dags/binance_daily_dag.py took 3.967 seconds
[2026-07-09T08:51:14.114+0000] {processor.py:157} INFO - Started process (PID=868) to work on /opt/airflow/dags/binance_daily_dag.py
[2026-07-09T08:51:14.116+0000] {processor.py:829} INFO - Processing file /opt/airflow/dags/binance_daily_dag.py for tasks to queue
[2026-07-09T08:51:14.117+0000] {logging_mixin.py:151} INFO - [2026-07-09T08:51:14.117+0000] {dagbag.py:539} INFO - Filling up the DagBag from /opt/airflow/dags/binance_daily_dag.py
[2026-07-09T08:51:18.882+0000] {processor.py:839} INFO - DAG(s) dict_keys(['daily_crypto_lstm_pipeline']) retrieved from /opt/airflow/dags/binance_daily_dag.py
[2026-07-09T08:51:18.920+0000] {logging_mixin.py:151} INFO - [2026-07-09T08:51:18.919+0000] {dag.py:2915} INFO - Sync 1 DAGs
[2026-07-09T08:51:18.959+0000] {logging_mixin.py:151} INFO - [2026-07-09T08:51:18.959+0000] {dag.py:3696} INFO - Setting next_dagrun for daily_crypto_lstm_pipeline to 2026-07-09T00:02:00+00:00, run_after=2026-07-10T00:02:00+00:00
[2026-07-09T08:51:18.990+0000] {processor.py:179} INFO - Processing /opt/airflow/dags/binance_daily_dag.py took 4.880 seconds
[2026-07-09T08:51:49.469+0000] {processor.py:157} INFO - Started process (PID=900) to work on /opt/airflow/dags/binance_daily_dag.py
[2026-07-09T08:51:49.470+0000] {processor.py:829} INFO - Processing file /opt/airflow/dags/binance_daily_dag.py for tasks to queue
[2026-07-09T08:51:49.472+0000] {logging_mixin.py:151} INFO - [2026-07-09T08:51:49.471+0000] {dagbag.py:539} INFO - Filling up the DagBag from /opt/airflow/dags/binance_daily_dag.py
[2026-07-09T08:51:52.858+0000] {processor.py:839} INFO - DAG(s) dict_keys(['daily_crypto_lstm_pipeline']) retrieved from /opt/airflow/dags/binance_daily_dag.py
[2026-07-09T08:51:52.887+0000] {logging_mixin.py:151} INFO - [2026-07-09T08:51:52.887+0000] {dag.py:2915} INFO - Sync 1 DAGs
[2026-07-09T08:51:52.912+0000] {logging_mixin.py:151} INFO - [2026-07-09T08:51:52.912+0000] {dag.py:3696} INFO - Setting next_dagrun for daily_crypto_lstm_pipeline to 2026-07-09T00:02:00+00:00, run_after=2026-07-10T00:02:00+00:00
[2026-07-09T08:51:52.947+0000] {processor.py:179} INFO - Processing /opt/airflow/dags/binance_daily_dag.py took 3.483 seconds
[2026-07-09T08:52:23.791+0000] {processor.py:157} INFO - Started process (PID=933) to work on /opt/airflow/dags/binance_daily_dag.py
[2026-07-09T08:52:23.792+0000] {processor.py:829} INFO - Processing file /opt/airflow/dags/binance_daily_dag.py for tasks to queue
[2026-07-09T08:52:23.793+0000] {logging_mixin.py:151} INFO - [2026-07-09T08:52:23.793+0000] {dagbag.py:539} INFO - Filling up the DagBag from /opt/airflow/dags/binance_daily_dag.py
[2026-07-09T08:52:27.202+0000] {processor.py:839} INFO - DAG(s) dict_keys(['daily_crypto_lstm_pipeline']) retrieved from /opt/airflow/dags/binance_daily_dag.py
[2026-07-09T08:52:27.240+0000] {logging_mixin.py:151} INFO - [2026-07-09T08:52:27.240+0000] {dag.py:2915} INFO - Sync 1 DAGs
[2026-07-09T08:52:27.274+0000] {logging_mixin.py:151} INFO - [2026-07-09T08:52:27.273+0000] {dag.py:3696} INFO - Setting next_dagrun for daily_crypto_lstm_pipeline to 2026-07-09T00:02:00+00:00, run_after=2026-07-10T00:02:00+00:00
[2026-07-09T08:52:27.315+0000] {processor.py:179} INFO - Processing /opt/airflow/dags/binance_daily_dag.py took 3.531 seconds
[2026-07-09T08:52:58.032+0000] {processor.py:157} INFO - Started process (PID=966) to work on /opt/airflow/dags/binance_daily_dag.py
[2026-07-09T08:52:58.035+0000] {processor.py:829} INFO - Processing file /opt/airflow/dags/binance_daily_dag.py for tasks to queue
[2026-07-09T08:52:58.049+0000] {logging_mixin.py:151} INFO - [2026-07-09T08:52:58.036+0000] {dagbag.py:539} INFO - Filling up the DagBag from /opt/airflow/dags/binance_daily_dag.py
[2026-07-09T08:53:04.779+0000] {processor.py:839} INFO - DAG(s) dict_keys(['daily_crypto_lstm_pipeline']) retrieved from /opt/airflow/dags/binance_daily_dag.py
[2026-07-09T08:53:04.821+0000] {logging_mixin.py:151} INFO - [2026-07-09T08:53:04.821+0000] {dag.py:2915} INFO - Sync 1 DAGs
[2026-07-09T08:53:04.864+0000] {logging_mixin.py:151} INFO - [2026-07-09T08:53:04.864+0000] {dag.py:3696} INFO - Setting next_dagrun for daily_crypto_lstm_pipeline to 2026-07-09T00:02:00+00:00, run_after=2026-07-10T00:02:00+00:00
[2026-07-09T08:53:04.905+0000] {processor.py:179} INFO - Processing /opt/airflow/dags/binance_daily_dag.py took 6.889 seconds
[2026-07-09T08:53:35.167+0000] {processor.py:157} INFO - Started process (PID=997) to work on /opt/airflow/dags/binance_daily_dag.py
[2026-07-09T08:53:35.169+0000] {processor.py:829} INFO - Processing file /opt/airflow/dags/binance_daily_dag.py for tasks to queue
[2026-07-09T08:53:35.172+0000] {logging_mixin.py:151} INFO - [2026-07-09T08:53:35.171+0000] {dagbag.py:539} INFO - Filling up the DagBag from /opt/airflow/dags/binance_daily_dag.py
[2026-07-09T08:53:48.463+0000] {processor.py:839} INFO - DAG(s) dict_keys(['daily_crypto_lstm_pipeline']) retrieved from /opt/airflow/dags/binance_daily_dag.py
[2026-07-09T08:53:48.504+0000] {logging_mixin.py:151} INFO - [2026-07-09T08:53:48.504+0000] {dag.py:2915} INFO - Sync 1 DAGs
[2026-07-09T08:53:48.542+0000] {logging_mixin.py:151} INFO - [2026-07-09T08:53:48.542+0000] {dag.py:3696} INFO - Setting next_dagrun for daily_crypto_lstm_pipeline to 2026-07-09T00:02:00+00:00, run_after=2026-07-10T00:02:00+00:00
[2026-07-09T08:53:48.587+0000] {processor.py:179} INFO - Processing /opt/airflow/dags/binance_daily_dag.py took 13.443 seconds
[2026-07-09T08:54:19.013+0000] {processor.py:157} INFO - Started process (PID=1040) to work on /opt/airflow/dags/binance_daily_dag.py
[2026-07-09T08:54:19.015+0000] {processor.py:829} INFO - Processing file /opt/airflow/dags/binance_daily_dag.py for tasks to queue
[2026-07-09T08:54:19.017+0000] {logging_mixin.py:151} INFO - [2026-07-09T08:54:19.016+0000] {dagbag.py:539} INFO - Filling up the DagBag from /opt/airflow/dags/binance_daily_dag.py
[2026-07-09T08:54:24.744+0000] {processor.py:839} INFO - DAG(s) dict_keys(['daily_crypto_lstm_pipeline']) retrieved from /opt/airflow/dags/binance_daily_dag.py
[2026-07-09T08:54:24.775+0000] {logging_mixin.py:151} INFO - [2026-07-09T08:54:24.774+0000] {dag.py:2915} INFO - Sync 1 DAGs
[2026-07-09T08:54:24.819+0000] {logging_mixin.py:151} INFO - [2026-07-09T08:54:24.818+0000] {dag.py:3696} INFO - Setting next_dagrun for daily_crypto_lstm_pipeline to 2026-07-09T00:02:00+00:00, run_after=2026-07-10T00:02:00+00:00
[2026-07-09T08:54:24.858+0000] {processor.py:179} INFO - Processing /opt/airflow/dags/binance_daily_dag.py took 5.869 seconds
[2026-07-09T08:54:55.379+0000] {processor.py:157} INFO - Started process (PID=1073) to work on /opt/airflow/dags/binance_daily_dag.py
[2026-07-09T08:54:55.382+0000] {processor.py:829} INFO - Processing file /opt/airflow/dags/binance_daily_dag.py for tasks to queue
[2026-07-09T08:54:55.384+0000] {logging_mixin.py:151} INFO - [2026-07-09T08:54:55.384+0000] {dagbag.py:539} INFO - Filling up the DagBag from /opt/airflow/dags/binance_daily_dag.py
[2026-07-09T08:54:59.042+0000] {processor.py:839} INFO - DAG(s) dict_keys(['daily_crypto_lstm_pipeline']) retrieved from /opt/airflow/dags/binance_daily_dag.py
[2026-07-09T08:54:59.084+0000] {logging_mixin.py:151} INFO - [2026-07-09T08:54:59.083+0000] {dag.py:2915} INFO - Sync 1 DAGs
[2026-07-09T08:54:59.117+0000] {logging_mixin.py:151} INFO - [2026-07-09T08:54:59.117+0000] {dag.py:3696} INFO - Setting next_dagrun for daily_crypto_lstm_pipeline to 2026-07-09T00:02:00+00:00, run_after=2026-07-10T00:02:00+00:00
[2026-07-09T08:54:59.151+0000] {processor.py:179} INFO - Processing /opt/airflow/dags/binance_daily_dag.py took 3.785 seconds
[2026-07-09T08:55:29.349+0000] {processor.py:157} INFO - Started process (PID=1106) to work on /opt/airflow/dags/binance_daily_dag.py
[2026-07-09T08:55:29.350+0000] {processor.py:829} INFO - Processing file /opt/airflow/dags/binance_daily_dag.py for tasks to queue
[2026-07-09T08:55:29.352+0000] {logging_mixin.py:151} INFO - [2026-07-09T08:55:29.351+0000] {dagbag.py:539} INFO - Filling up the DagBag from /opt/airflow/dags/binance_daily_dag.py
[2026-07-09T08:55:31.996+0000] {processor.py:839} INFO - DAG(s) dict_keys(['daily_crypto_lstm_pipeline']) retrieved from /opt/airflow/dags/binance_daily_dag.py
[2026-07-09T08:55:32.021+0000] {logging_mixin.py:151} INFO - [2026-07-09T08:55:32.020+0000] {dag.py:2915} INFO - Sync 1 DAGs
[2026-07-09T08:55:32.044+0000] {logging_mixin.py:151} INFO - [2026-07-09T08:55:32.044+0000] {dag.py:3696} INFO - Setting next_dagrun for daily_crypto_lstm_pipeline to 2026-07-09T00:02:00+00:00, run_after=2026-07-10T00:02:00+00:00
[2026-07-09T08:55:32.106+0000] {processor.py:179} INFO - Processing /opt/airflow/dags/binance_daily_dag.py took 2.763 seconds
[2026-07-09T08:56:02.468+0000] {processor.py:157} INFO - Started process (PID=1139) to work on /opt/airflow/dags/binance_daily_dag.py
[2026-07-09T08:56:02.470+0000] {processor.py:829} INFO - Processing file /opt/airflow/dags/binance_daily_dag.py for tasks to queue
[2026-07-09T08:56:02.472+0000] {logging_mixin.py:151} INFO - [2026-07-09T08:56:02.471+0000] {dagbag.py:539} INFO - Filling up the DagBag from /opt/airflow/dags/binance_daily_dag.py
[2026-07-09T08:56:06.056+0000] {processor.py:839} INFO - DAG(s) dict_keys(['daily_crypto_lstm_pipeline']) retrieved from /opt/airflow/dags/binance_daily_dag.py
[2026-07-09T08:56:06.081+0000] {logging_mixin.py:151} INFO - [2026-07-09T08:56:06.081+0000] {dag.py:2915} INFO - Sync 1 DAGs
[2026-07-09T08:56:06.103+0000] {logging_mixin.py:151} INFO - [2026-07-09T08:56:06.103+0000] {dag.py:3696} INFO - Setting next_dagrun for daily_crypto_lstm_pipeline to 2026-07-09T00:02:00+00:00, run_after=2026-07-10T00:02:00+00:00
[2026-07-09T08:56:06.128+0000] {processor.py:179} INFO - Processing /opt/airflow/dags/binance_daily_dag.py took 3.668 seconds
[2026-07-09T08:56:36.489+0000] {processor.py:157} INFO - Started process (PID=1172) to work on /opt/airflow/dags/binance_daily_dag.py
[2026-07-09T08:56:36.490+0000] {processor.py:829} INFO - Processing file /opt/airflow/dags/binance_daily_dag.py for tasks to queue
[2026-07-09T08:56:36.491+0000] {logging_mixin.py:151} INFO - [2026-07-09T08:56:36.491+0000] {dagbag.py:539} INFO - Filling up the DagBag from /opt/airflow/dags/binance_daily_dag.py
[2026-07-09T08:56:39.901+0000] {processor.py:839} INFO - DAG(s) dict_keys(['daily_crypto_lstm_pipeline']) retrieved from /opt/airflow/dags/binance_daily_dag.py
[2026-07-09T08:56:39.930+0000] {logging_mixin.py:151} INFO - [2026-07-09T08:56:39.929+0000] {dag.py:2915} INFO - Sync 1 DAGs
[2026-07-09T08:56:39.957+0000] {logging_mixin.py:151} INFO - [2026-07-09T08:56:39.957+0000] {dag.py:3696} INFO - Setting next_dagrun for daily_crypto_lstm_pipeline to 2026-07-09T00:02:00+00:00, run_after=2026-07-10T00:02:00+00:00
[2026-07-09T08:56:39.992+0000] {processor.py:179} INFO - Processing /opt/airflow/dags/binance_daily_dag.py took 3.508 seconds
[2026-07-09T08:57:10.251+0000] {processor.py:157} INFO - Started process (PID=1211) to work on /opt/airflow/dags/binance_daily_dag.py
[2026-07-09T08:57:10.252+0000] {processor.py:829} INFO - Processing file /opt/airflow/dags/binance_daily_dag.py for tasks to queue
[2026-07-09T08:57:10.254+0000] {logging_mixin.py:151} INFO - [2026-07-09T08:57:10.253+0000] {dagbag.py:539} INFO - Filling up the DagBag from /opt/airflow/dags/binance_daily_dag.py
[2026-07-09T08:57:13.118+0000] {processor.py:839} INFO - DAG(s) dict_keys(['daily_crypto_lstm_pipeline']) retrieved from /opt/airflow/dags/binance_daily_dag.py
[2026-07-09T08:57:13.159+0000] {logging_mixin.py:151} INFO - [2026-07-09T08:57:13.158+0000] {dag.py:2915} INFO - Sync 1 DAGs
[2026-07-09T08:57:13.189+0000] {logging_mixin.py:151} INFO - [2026-07-09T08:57:13.189+0000] {dag.py:3696} INFO - Setting next_dagrun for daily_crypto_lstm_pipeline to 2026-07-09T00:02:00+00:00, run_after=2026-07-10T00:02:00+00:00
[2026-07-09T08:57:13.219+0000] {processor.py:179} INFO - Processing /opt/airflow/dags/binance_daily_dag.py took 2.973 seconds
[2026-07-09T08:57:43.592+0000] {processor.py:157} INFO - Started process (PID=1244) to work on /opt/airflow/dags/binance_daily_dag.py
[2026-07-09T08:57:43.594+0000] {processor.py:829} INFO - Processing file /opt/airflow/dags/binance_daily_dag.py for tasks to queue
[2026-07-09T08:57:43.597+0000] {logging_mixin.py:151} INFO - [2026-07-09T08:57:43.596+0000] {dagbag.py:539} INFO - Filling up the DagBag from /opt/airflow/dags/binance_daily_dag.py
[2026-07-09T08:57:46.544+0000] {processor.py:839} INFO - DAG(s) dict_keys(['daily_crypto_lstm_pipeline']) retrieved from /opt/airflow/dags/binance_daily_dag.py
[2026-07-09T08:57:46.573+0000] {logging_mixin.py:151} INFO - [2026-07-09T08:57:46.572+0000] {dag.py:2915} INFO - Sync 1 DAGs
[2026-07-09T08:57:46.602+0000] {logging_mixin.py:151} INFO - [2026-07-09T08:57:46.602+0000] {dag.py:3696} INFO - Setting next_dagrun for daily_crypto_lstm_pipeline to 2026-07-09T00:02:00+00:00, run_after=2026-07-10T00:02:00+00:00
[2026-07-09T08:57:46.632+0000] {processor.py:179} INFO - Processing /opt/airflow/dags/binance_daily_dag.py took 3.046 seconds
[2026-07-09T08:58:16.946+0000] {processor.py:157} INFO - Started process (PID=1277) to work on /opt/airflow/dags/binance_daily_dag.py
[2026-07-09T08:58:16.947+0000] {processor.py:829} INFO - Processing file /opt/airflow/dags/binance_daily_dag.py for tasks to queue
[2026-07-09T08:58:16.949+0000] {logging_mixin.py:151} INFO - [2026-07-09T08:58:16.948+0000] {dagbag.py:539} INFO - Filling up the DagBag from /opt/airflow/dags/binance_daily_dag.py
[2026-07-09T08:58:20.004+0000] {processor.py:839} INFO - DAG(s) dict_keys(['daily_crypto_lstm_pipeline']) retrieved from /opt/airflow/dags/binance_daily_dag.py
[2026-07-09T08:58:20.048+0000] {logging_mixin.py:151} INFO - [2026-07-09T08:58:20.048+0000] {dag.py:2915} INFO - Sync 1 DAGs
[2026-07-09T08:58:20.098+0000] {logging_mixin.py:151} INFO - [2026-07-09T08:58:20.097+0000] {dag.py:3696} INFO - Setting next_dagrun for daily_crypto_lstm_pipeline to 2026-07-09T00:02:00+00:00, run_after=2026-07-10T00:02:00+00:00
[2026-07-09T08:58:20.144+0000] {processor.py:179} INFO - Processing /opt/airflow/dags/binance_daily_dag.py took 3.204 seconds
[2026-07-09T08:58:50.401+0000] {processor.py:157} INFO - Started process (PID=1310) to work on /opt/airflow/dags/binance_daily_dag.py
[2026-07-09T08:58:50.403+0000] {processor.py:829} INFO - Processing file /opt/airflow/dags/binance_daily_dag.py for tasks to queue
[2026-07-09T08:58:50.404+0000] {logging_mixin.py:151} INFO - [2026-07-09T08:58:50.404+0000] {dagbag.py:539} INFO - Filling up the DagBag from /opt/airflow/dags/binance_daily_dag.py
[2026-07-09T08:58:52.860+0000] {processor.py:839} INFO - DAG(s) dict_keys(['daily_crypto_lstm_pipeline']) retrieved from /opt/airflow/dags/binance_daily_dag.py
[2026-07-09T08:58:52.892+0000] {logging_mixin.py:151} INFO - [2026-07-09T08:58:52.891+0000] {dag.py:2915} INFO - Sync 1 DAGs
[2026-07-09T08:58:52.919+0000] {logging_mixin.py:151} INFO - [2026-07-09T08:58:52.919+0000] {dag.py:3696} INFO - Setting next_dagrun for daily_crypto_lstm_pipeline to 2026-07-09T00:02:00+00:00, run_after=2026-07-10T00:02:00+00:00
[2026-07-09T08:58:52.943+0000] {processor.py:179} INFO - Processing /opt/airflow/dags/binance_daily_dag.py took 2.547 seconds
[2026-07-09T08:59:23.252+0000] {processor.py:157} INFO - Started process (PID=1343) to work on /opt/airflow/dags/binance_daily_dag.py
[2026-07-09T08:59:23.253+0000] {processor.py:829} INFO - Processing file /opt/airflow/dags/binance_daily_dag.py for tasks to queue
[2026-07-09T08:59:23.255+0000] {logging_mixin.py:151} INFO - [2026-07-09T08:59:23.254+0000] {dagbag.py:539} INFO - Filling up the DagBag from /opt/airflow/dags/binance_daily_dag.py
[2026-07-09T08:59:25.919+0000] {processor.py:839} INFO - DAG(s) dict_keys(['daily_crypto_lstm_pipeline']) retrieved from /opt/airflow/dags/binance_daily_dag.py
[2026-07-09T08:59:25.947+0000] {logging_mixin.py:151} INFO - [2026-07-09T08:59:25.946+0000] {dag.py:2915} INFO - Sync 1 DAGs
[2026-07-09T08:59:25.975+0000] {logging_mixin.py:151} INFO - [2026-07-09T08:59:25.975+0000] {dag.py:3696} INFO - Setting next_dagrun for daily_crypto_lstm_pipeline to 2026-07-09T00:02:00+00:00, run_after=2026-07-10T00:02:00+00:00
[2026-07-09T08:59:26.000+0000] {processor.py:179} INFO - Processing /opt/airflow/dags/binance_daily_dag.py took 2.753 seconds
[2026-07-09T08:59:56.564+0000] {processor.py:157} INFO - Started process (PID=1375) to work on /opt/airflow/dags/binance_daily_dag.py
[2026-07-09T08:59:56.565+0000] {processor.py:829} INFO - Processing file /opt/airflow/dags/binance_daily_dag.py for tasks to queue
[2026-07-09T08:59:56.566+0000] {logging_mixin.py:151} INFO - [2026-07-09T08:59:56.566+0000] {dagbag.py:539} INFO - Filling up the DagBag from /opt/airflow/dags/binance_daily_dag.py
[2026-07-09T08:59:59.210+0000] {processor.py:839} INFO - DAG(s) dict_keys(['daily_crypto_lstm_pipeline']) retrieved from /opt/airflow/dags/binance_daily_dag.py
[2026-07-09T08:59:59.233+0000] {logging_mixin.py:151} INFO - [2026-07-09T08:59:59.233+0000] {dag.py:2915} INFO - Sync 1 DAGs
[2026-07-09T08:59:59.257+0000] {logging_mixin.py:151} INFO - [2026-07-09T08:59:59.256+0000] {dag.py:3696} INFO - Setting next_dagrun for daily_crypto_lstm_pipeline to 2026-07-09T00:02:00+00:00, run_after=2026-07-10T00:02:00+00:00
[2026-07-09T08:59:59.301+0000] {processor.py:179} INFO - Processing /opt/airflow/dags/binance_daily_dag.py took 2.742 seconds
[2026-07-09T09:00:29.687+0000] {processor.py:157} INFO - Started process (PID=1409) to work on /opt/airflow/dags/binance_daily_dag.py
[2026-07-09T09:00:29.688+0000] {processor.py:829} INFO - Processing file /opt/airflow/dags/binance_daily_dag.py for tasks to queue
[2026-07-09T09:00:29.689+0000] {logging_mixin.py:151} INFO - [2026-07-09T09:00:29.689+0000] {dagbag.py:539} INFO - Filling up the DagBag from /opt/airflow/dags/binance_daily_dag.py
[2026-07-09T09:00:32.367+0000] {processor.py:839} INFO - DAG(s) dict_keys(['daily_crypto_lstm_pipeline']) retrieved from /opt/airflow/dags/binance_daily_dag.py
[2026-07-09T09:00:32.389+0000] {logging_mixin.py:151} INFO - [2026-07-09T09:00:32.388+0000] {dag.py:2915} INFO - Sync 1 DAGs
[2026-07-09T09:00:32.412+0000] {logging_mixin.py:151} INFO - [2026-07-09T09:00:32.412+0000] {dag.py:3696} INFO - Setting next_dagrun for daily_crypto_lstm_pipeline to 2026-07-09T00:02:00+00:00, run_after=2026-07-10T00:02:00+00:00
[2026-07-09T09:00:32.478+0000] {processor.py:179} INFO - Processing /opt/airflow/dags/binance_daily_dag.py took 2.795 seconds
[2026-07-09T09:01:02.884+0000] {processor.py:157} INFO - Started process (PID=1442) to work on /opt/airflow/dags/binance_daily_dag.py
[2026-07-09T09:01:02.886+0000] {processor.py:829} INFO - Processing file /opt/airflow/dags/binance_daily_dag.py for tasks to queue
[2026-07-09T09:01:02.888+0000] {logging_mixin.py:151} INFO - [2026-07-09T09:01:02.887+0000] {dagbag.py:539} INFO - Filling up the DagBag from /opt/airflow/dags/binance_daily_dag.py
[2026-07-09T09:01:05.570+0000] {processor.py:839} INFO - DAG(s) dict_keys(['daily_crypto_lstm_pipeline']) retrieved from /opt/airflow/dags/binance_daily_dag.py
[2026-07-09T09:01:05.600+0000] {logging_mixin.py:151} INFO - [2026-07-09T09:01:05.599+0000] {dag.py:2915} INFO - Sync 1 DAGs
[2026-07-09T09:01:05.628+0000] {logging_mixin.py:151} INFO - [2026-07-09T09:01:05.628+0000] {dag.py:3696} INFO - Setting next_dagrun for daily_crypto_lstm_pipeline to 2026-07-09T00:02:00+00:00, run_after=2026-07-10T00:02:00+00:00
[2026-07-09T09:01:05.694+0000] {processor.py:179} INFO - Processing /opt/airflow/dags/binance_daily_dag.py took 2.817 seconds
[2026-07-09T09:01:36.013+0000] {processor.py:157} INFO - Started process (PID=1475) to work on /opt/airflow/dags/binance_daily_dag.py
[2026-07-09T09:01:36.014+0000] {processor.py:829} INFO - Processing file /opt/airflow/dags/binance_daily_dag.py for tasks to queue
[2026-07-09T09:01:36.015+0000] {logging_mixin.py:151} INFO - [2026-07-09T09:01:36.015+0000] {dagbag.py:539} INFO - Filling up the DagBag from /opt/airflow/dags/binance_daily_dag.py
[2026-07-09T09:01:38.734+0000] {processor.py:839} INFO - DAG(s) dict_keys(['daily_crypto_lstm_pipeline']) retrieved from /opt/airflow/dags/binance_daily_dag.py
[2026-07-09T09:01:38.767+0000] {logging_mixin.py:151} INFO - [2026-07-09T09:01:38.766+0000] {dag.py:2915} INFO - Sync 1 DAGs
[2026-07-09T09:01:38.794+0000] {logging_mixin.py:151} INFO - [2026-07-09T09:01:38.793+0000] {dag.py:3696} INFO - Setting next_dagrun for daily_crypto_lstm_pipeline to 2026-07-09T00:02:00+00:00, run_after=2026-07-10T00:02:00+00:00
[2026-07-09T09:01:38.832+0000] {processor.py:179} INFO - Processing /opt/airflow/dags/binance_daily_dag.py took 2.823 seconds
[2026-07-09T09:02:09.039+0000] {processor.py:157} INFO - Started process (PID=1508) to work on /opt/airflow/dags/binance_daily_dag.py
[2026-07-09T09:02:09.040+0000] {processor.py:829} INFO - Processing file /opt/airflow/dags/binance_daily_dag.py for tasks to queue
[2026-07-09T09:02:09.042+0000] {logging_mixin.py:151} INFO - [2026-07-09T09:02:09.041+0000] {dagbag.py:539} INFO - Filling up the DagBag from /opt/airflow/dags/binance_daily_dag.py
[2026-07-09T09:02:11.759+0000] {processor.py:839} INFO - DAG(s) dict_keys(['daily_crypto_lstm_pipeline']) retrieved from /opt/airflow/dags/binance_daily_dag.py
[2026-07-09T09:02:11.781+0000] {logging_mixin.py:151} INFO - [2026-07-09T09:02:11.780+0000] {dag.py:2915} INFO - Sync 1 DAGs
[2026-07-09T09:02:11.802+0000] {logging_mixin.py:151} INFO - [2026-07-09T09:02:11.802+0000] {dag.py:3696} INFO - Setting next_dagrun for daily_crypto_lstm_pipeline to 2026-07-09T00:02:00+00:00, run_after=2026-07-10T00:02:00+00:00
[2026-07-09T09:02:11.825+0000] {processor.py:179} INFO - Processing /opt/airflow/dags/binance_daily_dag.py took 2.791 seconds
[2026-07-09T09:02:42.149+0000] {processor.py:157} INFO - Started process (PID=1548) to work on /opt/airflow/dags/binance_daily_dag.py
[2026-07-09T09:02:42.151+0000] {processor.py:829} INFO - Processing file /opt/airflow/dags/binance_daily_dag.py for tasks to queue
[2026-07-09T09:02:42.153+0000] {logging_mixin.py:151} INFO - [2026-07-09T09:02:42.152+0000] {dagbag.py:539} INFO - Filling up the DagBag from /opt/airflow/dags/binance_daily_dag.py
[2026-07-09T09:02:44.749+0000] {processor.py:839} INFO - DAG(s) dict_keys(['daily_crypto_lstm_pipeline']) retrieved from /opt/airflow/dags/binance_daily_dag.py
[2026-07-09T09:02:44.776+0000] {logging_mixin.py:151} INFO - [2026-07-09T09:02:44.776+0000] {dag.py:2915} INFO - Sync 1 DAGs
[2026-07-09T09:02:44.807+0000] {logging_mixin.py:151} INFO - [2026-07-09T09:02:44.806+0000] {dag.py:3696} INFO - Setting next_dagrun for daily_crypto_lstm_pipeline to 2026-07-09T00:02:00+00:00, run_after=2026-07-10T00:02:00+00:00
[2026-07-09T09:02:44.882+0000] {processor.py:179} INFO - Processing /opt/airflow/dags/binance_daily_dag.py took 2.738 seconds
[2026-07-09T09:03:15.219+0000] {processor.py:157} INFO - Started process (PID=1582) to work on /opt/airflow/dags/binance_daily_dag.py
[2026-07-09T09:03:15.221+0000] {processor.py:829} INFO - Processing file /opt/airflow/dags/binance_daily_dag.py for tasks to queue
[2026-07-09T09:03:15.227+0000] {logging_mixin.py:151} INFO - [2026-07-09T09:03:15.226+0000] {dagbag.py:539} INFO - Filling up the DagBag from /opt/airflow/dags/binance_daily_dag.py
[2026-07-09T09:03:17.709+0000] {processor.py:839} INFO - DAG(s) dict_keys(['daily_crypto_lstm_pipeline']) retrieved from /opt/airflow/dags/binance_daily_dag.py
[2026-07-09T09:03:17.729+0000] {logging_mixin.py:151} INFO - [2026-07-09T09:03:17.729+0000] {dag.py:2915} INFO - Sync 1 DAGs
[2026-07-09T09:03:17.751+0000] {logging_mixin.py:151} INFO - [2026-07-09T09:03:17.751+0000] {dag.py:3696} INFO - Setting next_dagrun for daily_crypto_lstm_pipeline to 2026-07-09T00:02:00+00:00, run_after=2026-07-10T00:02:00+00:00
[2026-07-09T09:03:17.790+0000] {processor.py:179} INFO - Processing /opt/airflow/dags/binance_daily_dag.py took 2.575 seconds
[2026-07-09T09:03:48.173+0000] {processor.py:157} INFO - Started process (PID=1614) to work on /opt/airflow/dags/binance_daily_dag.py
[2026-07-09T09:03:48.174+0000] {processor.py:829} INFO - Processing file /opt/airflow/dags/binance_daily_dag.py for tasks to queue
[2026-07-09T09:03:48.176+0000] {logging_mixin.py:151} INFO - [2026-07-09T09:03:48.175+0000] {dagbag.py:539} INFO - Filling up the DagBag from /opt/airflow/dags/binance_daily_dag.py
[2026-07-09T09:03:50.803+0000] {processor.py:839} INFO - DAG(s) dict_keys(['daily_crypto_lstm_pipeline']) retrieved from /opt/airflow/dags/binance_daily_dag.py
[2026-07-09T09:03:50.849+0000] {logging_mixin.py:151} INFO - [2026-07-09T09:03:50.848+0000] {dag.py:2915} INFO - Sync 1 DAGs
[2026-07-09T09:03:50.892+0000] {logging_mixin.py:151} INFO - [2026-07-09T09:03:50.890+0000] {dag.py:3696} INFO - Setting next_dagrun for daily_crypto_lstm_pipeline to 2026-07-09T00:02:00+00:00, run_after=2026-07-10T00:02:00+00:00
[2026-07-09T09:03:50.962+0000] {processor.py:179} INFO - Processing /opt/airflow/dags/binance_daily_dag.py took 2.796 seconds
[2026-07-09T09:04:21.298+0000] {processor.py:157} INFO - Started process (PID=1647) to work on /opt/airflow/dags/binance_daily_dag.py
[2026-07-09T09:04:21.300+0000] {processor.py:829} INFO - Processing file /opt/airflow/dags/binance_daily_dag.py for tasks to queue
[2026-07-09T09:04:21.301+0000] {logging_mixin.py:151} INFO - [2026-07-09T09:04:21.301+0000] {dagbag.py:539} INFO - Filling up the DagBag from /opt/airflow/dags/binance_daily_dag.py
[2026-07-09T09:04:23.917+0000] {processor.py:839} INFO - DAG(s) dict_keys(['daily_crypto_lstm_pipeline']) retrieved from /opt/airflow/dags/binance_daily_dag.py
[2026-07-09T09:04:23.940+0000] {logging_mixin.py:151} INFO - [2026-07-09T09:04:23.939+0000] {dag.py:2915} INFO - Sync 1 DAGs
[2026-07-09T09:04:23.960+0000] {logging_mixin.py:151} INFO - [2026-07-09T09:04:23.960+0000] {dag.py:3696} INFO - Setting next_dagrun for daily_crypto_lstm_pipeline to 2026-07-09T00:02:00+00:00, run_after=2026-07-10T00:02:00+00:00
[2026-07-09T09:04:23.984+0000] {processor.py:179} INFO - Processing /opt/airflow/dags/binance_daily_dag.py took 2.692 seconds
[2026-07-09T09:04:54.282+0000] {processor.py:157} INFO - Started process (PID=1680) to work on /opt/airflow/dags/binance_daily_dag.py
[2026-07-09T09:04:54.283+0000] {processor.py:829} INFO - Processing file /opt/airflow/dags/binance_daily_dag.py for tasks to queue
[2026-07-09T09:04:54.284+0000] {logging_mixin.py:151} INFO - [2026-07-09T09:04:54.284+0000] {dagbag.py:539} INFO - Filling up the DagBag from /opt/airflow/dags/binance_daily_dag.py
[2026-07-09T09:04:56.768+0000] {processor.py:839} INFO - DAG(s) dict_keys(['daily_crypto_lstm_pipeline']) retrieved from /opt/airflow/dags/binance_daily_dag.py
[2026-07-09T09:04:56.791+0000] {logging_mixin.py:151} INFO - [2026-07-09T09:04:56.791+0000] {dag.py:2915} INFO - Sync 1 DAGs
[2026-07-09T09:04:56.815+0000] {logging_mixin.py:151} INFO - [2026-07-09T09:04:56.814+0000] {dag.py:3696} INFO - Setting next_dagrun for daily_crypto_lstm_pipeline to 2026-07-09T00:02:00+00:00, run_after=2026-07-10T00:02:00+00:00
[2026-07-09T09:04:56.842+0000] {processor.py:179} INFO - Processing /opt/airflow/dags/binance_daily_dag.py took 2.564 seconds
[2026-07-09T09:05:27.199+0000] {processor.py:157} INFO - Started process (PID=1713) to work on /opt/airflow/dags/binance_daily_dag.py
[2026-07-09T09:05:27.203+0000] {processor.py:829} INFO - Processing file /opt/airflow/dags/binance_daily_dag.py for tasks to queue
[2026-07-09T09:05:27.207+0000] {logging_mixin.py:151} INFO - [2026-07-09T09:05:27.205+0000] {dagbag.py:539} INFO - Filling up the DagBag from /opt/airflow/dags/binance_daily_dag.py
[2026-07-09T09:05:29.942+0000] {processor.py:839} INFO - DAG(s) dict_keys(['daily_crypto_lstm_pipeline']) retrieved from /opt/airflow/dags/binance_daily_dag.py
[2026-07-09T09:05:29.964+0000] {logging_mixin.py:151} INFO - [2026-07-09T09:05:29.964+0000] {dag.py:2915} INFO - Sync 1 DAGs
[2026-07-09T09:05:29.985+0000] {logging_mixin.py:151} INFO - [2026-07-09T09:05:29.985+0000] {dag.py:3696} INFO - Setting next_dagrun for daily_crypto_lstm_pipeline to 2026-07-09T00:02:00+00:00, run_after=2026-07-10T00:02:00+00:00
[2026-07-09T09:05:30.021+0000] {processor.py:179} INFO - Processing /opt/airflow/dags/binance_daily_dag.py took 2.839 seconds
[2026-07-09T09:06:00.329+0000] {processor.py:157} INFO - Started process (PID=1746) to work on /opt/airflow/dags/binance_daily_dag.py
[2026-07-09T09:06:00.330+0000] {processor.py:829} INFO - Processing file /opt/airflow/dags/binance_daily_dag.py for tasks to queue
[2026-07-09T09:06:00.331+0000] {logging_mixin.py:151} INFO - [2026-07-09T09:06:00.331+0000] {dagbag.py:539} INFO - Filling up the DagBag from /opt/airflow/dags/binance_daily_dag.py
[2026-07-09T09:06:03.222+0000] {processor.py:839} INFO - DAG(s) dict_keys(['daily_crypto_lstm_pipeline']) retrieved from /opt/airflow/dags/binance_daily_dag.py
[2026-07-09T09:06:03.253+0000] {logging_mixin.py:151} INFO - [2026-07-09T09:06:03.252+0000] {dag.py:2915} INFO - Sync 1 DAGs
[2026-07-09T09:06:03.283+0000] {logging_mixin.py:151} INFO - [2026-07-09T09:06:03.283+0000] {dag.py:3696} INFO - Setting next_dagrun for daily_crypto_lstm_pipeline to 2026-07-09T00:02:00+00:00, run_after=2026-07-10T00:02:00+00:00
[2026-07-09T09:06:03.310+0000] {processor.py:179} INFO - Processing /opt/airflow/dags/binance_daily_dag.py took 2.985 seconds
[2026-07-09T09:06:33.627+0000] {processor.py:157} INFO - Started process (PID=1780) to work on /opt/airflow/dags/binance_daily_dag.py
[2026-07-09T09:06:33.629+0000] {processor.py:829} INFO - Processing file /opt/airflow/dags/binance_daily_dag.py for tasks to queue
[2026-07-09T09:06:33.630+0000] {logging_mixin.py:151} INFO - [2026-07-09T09:06:33.630+0000] {dagbag.py:539} INFO - Filling up the DagBag from /opt/airflow/dags/binance_daily_dag.py
[2026-07-09T09:06:36.426+0000] {processor.py:839} INFO - DAG(s) dict_keys(['daily_crypto_lstm_pipeline']) retrieved from /opt/airflow/dags/binance_daily_dag.py
[2026-07-09T09:06:36.445+0000] {logging_mixin.py:151} INFO - [2026-07-09T09:06:36.444+0000] {dag.py:2915} INFO - Sync 1 DAGs
[2026-07-09T09:06:36.462+0000] {logging_mixin.py:151} INFO - [2026-07-09T09:06:36.462+0000] {dag.py:3696} INFO - Setting next_dagrun for daily_crypto_lstm_pipeline to 2026-07-09T00:02:00+00:00, run_after=2026-07-10T00:02:00+00:00
[2026-07-09T09:06:36.526+0000] {processor.py:179} INFO - Processing /opt/airflow/dags/binance_daily_dag.py took 2.903 seconds
[2026-07-09T09:07:06.792+0000] {processor.py:157} INFO - Started process (PID=1813) to work on /opt/airflow/dags/binance_daily_dag.py
[2026-07-09T09:07:06.793+0000] {processor.py:829} INFO - Processing file /opt/airflow/dags/binance_daily_dag.py for tasks to queue
[2026-07-09T09:07:06.794+0000] {logging_mixin.py:151} INFO - [2026-07-09T09:07:06.794+0000] {dagbag.py:539} INFO - Filling up the DagBag from /opt/airflow/dags/binance_daily_dag.py
[2026-07-09T09:07:09.636+0000] {processor.py:839} INFO - DAG(s) dict_keys(['daily_crypto_lstm_pipeline']) retrieved from /opt/airflow/dags/binance_daily_dag.py
[2026-07-09T09:07:09.661+0000] {logging_mixin.py:151} INFO - [2026-07-09T09:07:09.660+0000] {dag.py:2915} INFO - Sync 1 DAGs
[2026-07-09T09:07:09.681+0000] {logging_mixin.py:151} INFO - [2026-07-09T09:07:09.681+0000] {dag.py:3696} INFO - Setting next_dagrun for daily_crypto_lstm_pipeline to 2026-07-09T00:02:00+00:00, run_after=2026-07-10T00:02:00+00:00
[2026-07-09T09:07:09.701+0000] {processor.py:179} INFO - Processing /opt/airflow/dags/binance_daily_dag.py took 2.913 seconds
[2026-07-09T09:07:40.003+0000] {processor.py:157} INFO - Started process (PID=1846) to work on /opt/airflow/dags/binance_daily_dag.py
[2026-07-09T09:07:40.004+0000] {processor.py:829} INFO - Processing file /opt/airflow/dags/binance_daily_dag.py for tasks to queue
[2026-07-09T09:07:40.005+0000] {logging_mixin.py:151} INFO - [2026-07-09T09:07:40.005+0000] {dagbag.py:539} INFO - Filling up the DagBag from /opt/airflow/dags/binance_daily_dag.py
[2026-07-09T09:07:42.667+0000] {processor.py:839} INFO - DAG(s) dict_keys(['daily_crypto_lstm_pipeline']) retrieved from /opt/airflow/dags/binance_daily_dag.py
[2026-07-09T09:07:42.693+0000] {logging_mixin.py:151} INFO - [2026-07-09T09:07:42.692+0000] {dag.py:2915} INFO - Sync 1 DAGs
[2026-07-09T09:07:42.716+0000] {logging_mixin.py:151} INFO - [2026-07-09T09:07:42.716+0000] {dag.py:3696} INFO - Setting next_dagrun for daily_crypto_lstm_pipeline to 2026-07-09T00:02:00+00:00, run_after=2026-07-10T00:02:00+00:00
[2026-07-09T09:07:42.775+0000] {processor.py:179} INFO - Processing /opt/airflow/dags/binance_daily_dag.py took 2.777 seconds
[2026-07-09T09:08:13.079+0000] {processor.py:157} INFO - Started process (PID=1887) to work on /opt/airflow/dags/binance_daily_dag.py
[2026-07-09T09:08:13.080+0000] {processor.py:829} INFO - Processing file /opt/airflow/dags/binance_daily_dag.py for tasks to queue
[2026-07-09T09:08:13.082+0000] {logging_mixin.py:151} INFO - [2026-07-09T09:08:13.081+0000] {dagbag.py:539} INFO - Filling up the DagBag from /opt/airflow/dags/binance_daily_dag.py
[2026-07-09T09:08:16.254+0000] {processor.py:839} INFO - DAG(s) dict_keys(['daily_crypto_lstm_pipeline']) retrieved from /opt/airflow/dags/binance_daily_dag.py
[2026-07-09T09:08:16.285+0000] {logging_mixin.py:151} INFO - [2026-07-09T09:08:16.285+0000] {dag.py:2915} INFO - Sync 1 DAGs
[2026-07-09T09:08:16.321+0000] {logging_mixin.py:151} INFO - [2026-07-09T09:08:16.321+0000] {dag.py:3696} INFO - Setting next_dagrun for daily_crypto_lstm_pipeline to 2026-07-09T00:02:00+00:00, run_after=2026-07-10T00:02:00+00:00
[2026-07-09T09:08:16.350+0000] {processor.py:179} INFO - Processing /opt/airflow/dags/binance_daily_dag.py took 3.276 seconds
[2026-07-09T09:08:46.704+0000] {processor.py:157} INFO - Started process (PID=1920) to work on /opt/airflow/dags/binance_daily_dag.py
[2026-07-09T09:08:46.705+0000] {processor.py:829} INFO - Processing file /opt/airflow/dags/binance_daily_dag.py for tasks to queue
[2026-07-09T09:08:46.706+0000] {logging_mixin.py:151} INFO - [2026-07-09T09:08:46.706+0000] {dagbag.py:539} INFO - Filling up the DagBag from /opt/airflow/dags/binance_daily_dag.py
[2026-07-09T09:08:49.323+0000] {processor.py:839} INFO - DAG(s) dict_keys(['daily_crypto_lstm_pipeline']) retrieved from /opt/airflow/dags/binance_daily_dag.py
[2026-07-09T09:08:49.350+0000] {logging_mixin.py:151} INFO - [2026-07-09T09:08:49.350+0000] {dag.py:2915} INFO - Sync 1 DAGs
[2026-07-09T09:08:49.375+0000] {logging_mixin.py:151} INFO - [2026-07-09T09:08:49.374+0000] {dag.py:3696} INFO - Setting next_dagrun for daily_crypto_lstm_pipeline to 2026-07-09T00:02:00+00:00, run_after=2026-07-10T00:02:00+00:00
[2026-07-09T09:08:49.398+0000] {processor.py:179} INFO - Processing /opt/airflow/dags/binance_daily_dag.py took 2.698 seconds
[2026-07-09T09:09:19.705+0000] {processor.py:157} INFO - Started process (PID=1953) to work on /opt/airflow/dags/binance_daily_dag.py
[2026-07-09T09:09:19.707+0000] {processor.py:829} INFO - Processing file /opt/airflow/dags/binance_daily_dag.py for tasks to queue
[2026-07-09T09:09:19.708+0000] {logging_mixin.py:151} INFO - [2026-07-09T09:09:19.708+0000] {dagbag.py:539} INFO - Filling up the DagBag from /opt/airflow/dags/binance_daily_dag.py
[2026-07-09T09:09:22.197+0000] {processor.py:839} INFO - DAG(s) dict_keys(['daily_crypto_lstm_pipeline']) retrieved from /opt/airflow/dags/binance_daily_dag.py
[2026-07-09T09:09:22.224+0000] {logging_mixin.py:151} INFO - [2026-07-09T09:09:22.224+0000] {dag.py:2915} INFO - Sync 1 DAGs
[2026-07-09T09:09:22.249+0000] {logging_mixin.py:151} INFO - [2026-07-09T09:09:22.249+0000] {dag.py:3696} INFO - Setting next_dagrun for daily_crypto_lstm_pipeline to 2026-07-09T00:02:00+00:00, run_after=2026-07-10T00:02:00+00:00
[2026-07-09T09:09:22.295+0000] {processor.py:179} INFO - Processing /opt/airflow/dags/binance_daily_dag.py took 2.595 seconds
[2026-07-09T09:09:52.632+0000] {processor.py:157} INFO - Started process (PID=1986) to work on /opt/airflow/dags/binance_daily_dag.py
[2026-07-09T09:09:52.634+0000] {processor.py:829} INFO - Processing file /opt/airflow/dags/binance_daily_dag.py for tasks to queue
[2026-07-09T09:09:52.635+0000] {logging_mixin.py:151} INFO - [2026-07-09T09:09:52.635+0000] {dagbag.py:539} INFO - Filling up the DagBag from /opt/airflow/dags/binance_daily_dag.py
[2026-07-09T09:09:55.467+0000] {processor.py:839} INFO - DAG(s) dict_keys(['daily_crypto_lstm_pipeline']) retrieved from /opt/airflow/dags/binance_daily_dag.py
[2026-07-09T09:09:55.497+0000] {logging_mixin.py:151} INFO - [2026-07-09T09:09:55.497+0000] {dag.py:2915} INFO - Sync 1 DAGs
[2026-07-09T09:09:55.521+0000] {logging_mixin.py:151} INFO - [2026-07-09T09:09:55.521+0000] {dag.py:3696} INFO - Setting next_dagrun for daily_crypto_lstm_pipeline to 2026-07-09T00:02:00+00:00, run_after=2026-07-10T00:02:00+00:00
[2026-07-09T09:09:55.547+0000] {processor.py:179} INFO - Processing /opt/airflow/dags/binance_daily_dag.py took 2.919 seconds
[2026-07-09T09:10:25.871+0000] {processor.py:157} INFO - Started process (PID=2019) to work on /opt/airflow/dags/binance_daily_dag.py
[2026-07-09T09:10:25.873+0000] {processor.py:829} INFO - Processing file /opt/airflow/dags/binance_daily_dag.py for tasks to queue
[2026-07-09T09:10:25.874+0000] {logging_mixin.py:151} INFO - [2026-07-09T09:10:25.873+0000] {dagbag.py:539} INFO - Filling up the DagBag from /opt/airflow/dags/binance_daily_dag.py
[2026-07-09T09:10:28.949+0000] {processor.py:839} INFO - DAG(s) dict_keys(['daily_crypto_lstm_pipeline']) retrieved from /opt/airflow/dags/binance_daily_dag.py
[2026-07-09T09:10:28.974+0000] {logging_mixin.py:151} INFO - [2026-07-09T09:10:28.973+0000] {dag.py:2915} INFO - Sync 1 DAGs
[2026-07-09T09:10:28.995+0000] {logging_mixin.py:151} INFO - [2026-07-09T09:10:28.995+0000] {dag.py:3696} INFO - Setting next_dagrun for daily_crypto_lstm_pipeline to 2026-07-09T00:02:00+00:00, run_after=2026-07-10T00:02:00+00:00
[2026-07-09T09:10:29.063+0000] {processor.py:179} INFO - Processing /opt/airflow/dags/binance_daily_dag.py took 3.198 seconds
[2026-07-09T09:10:59.382+0000] {processor.py:157} INFO - Started process (PID=2053) to work on /opt/airflow/dags/binance_daily_dag.py
[2026-07-09T09:10:59.384+0000] {processor.py:829} INFO - Processing file /opt/airflow/dags/binance_daily_dag.py for tasks to queue
[2026-07-09T09:10:59.385+0000] {logging_mixin.py:151} INFO - [2026-07-09T09:10:59.384+0000] {dagbag.py:539} INFO - Filling up the DagBag from /opt/airflow/dags/binance_daily_dag.py
[2026-07-09T09:11:02.043+0000] {processor.py:839} INFO - DAG(s) dict_keys(['daily_crypto_lstm_pipeline']) retrieved from /opt/airflow/dags/binance_daily_dag.py
[2026-07-09T09:11:02.071+0000] {logging_mixin.py:151} INFO - [2026-07-09T09:11:02.070+0000] {dag.py:2915} INFO - Sync 1 DAGs
[2026-07-09T09:11:02.101+0000] {logging_mixin.py:151} INFO - [2026-07-09T09:11:02.101+0000] {dag.py:3696} INFO - Setting next_dagrun for daily_crypto_lstm_pipeline to 2026-07-09T00:02:00+00:00, run_after=2026-07-10T00:02:00+00:00
[2026-07-09T09:11:02.131+0000] {processor.py:179} INFO - Processing /opt/airflow/dags/binance_daily_dag.py took 2.753 seconds
[2026-07-09T09:11:32.241+0000] {processor.py:157} INFO - Started process (PID=2091) to work on /opt/airflow/dags/binance_daily_dag.py
[2026-07-09T09:11:32.243+0000] {processor.py:829} INFO - Processing file /opt/airflow/dags/binance_daily_dag.py for tasks to queue
[2026-07-09T09:11:32.244+0000] {logging_mixin.py:151} INFO - [2026-07-09T09:11:32.244+0000] {dagbag.py:539} INFO - Filling up the DagBag from /opt/airflow/dags/binance_daily_dag.py
[2026-07-09T09:11:35.442+0000] {processor.py:839} INFO - DAG(s) dict_keys(['daily_crypto_lstm_pipeline']) retrieved from /opt/airflow/dags/binance_daily_dag.py
[2026-07-09T09:11:35.464+0000] {logging_mixin.py:151} INFO - [2026-07-09T09:11:35.464+0000] {dag.py:2915} INFO - Sync 1 DAGs
[2026-07-09T09:11:35.486+0000] {logging_mixin.py:151} INFO - [2026-07-09T09:11:35.486+0000] {dag.py:3696} INFO - Setting next_dagrun for daily_crypto_lstm_pipeline to 2026-07-09T00:02:00+00:00, run_after=2026-07-10T00:02:00+00:00
[2026-07-09T09:11:35.523+0000] {processor.py:179} INFO - Processing /opt/airflow/dags/binance_daily_dag.py took 3.286 seconds
[2026-07-09T09:12:06.583+0000] {processor.py:157} INFO - Started process (PID=2124) to work on /opt/airflow/dags/binance_daily_dag.py
[2026-07-09T09:12:06.585+0000] {processor.py:829} INFO - Processing file /opt/airflow/dags/binance_daily_dag.py for tasks to queue
[2026-07-09T09:12:06.587+0000] {logging_mixin.py:151} INFO - [2026-07-09T09:12:06.586+0000] {dagbag.py:539} INFO - Filling up the DagBag from /opt/airflow/dags/binance_daily_dag.py
[2026-07-09T09:12:09.638+0000] {processor.py:839} INFO - DAG(s) dict_keys(['daily_crypto_lstm_pipeline']) retrieved from /opt/airflow/dags/binance_daily_dag.py
[2026-07-09T09:12:09.667+0000] {logging_mixin.py:151} INFO - [2026-07-09T09:12:09.666+0000] {dag.py:2915} INFO - Sync 1 DAGs
[2026-07-09T09:12:09.694+0000] {logging_mixin.py:151} INFO - [2026-07-09T09:12:09.694+0000] {dag.py:3696} INFO - Setting next_dagrun for daily_crypto_lstm_pipeline to 2026-07-09T00:02:00+00:00, run_after=2026-07-10T00:02:00+00:00
[2026-07-09T09:12:09.758+0000] {processor.py:179} INFO - Processing /opt/airflow/dags/binance_daily_dag.py took 3.185 seconds
[2026-07-09T09:12:40.214+0000] {processor.py:157} INFO - Started process (PID=2157) to work on /opt/airflow/dags/binance_daily_dag.py
[2026-07-09T09:12:40.219+0000] {processor.py:829} INFO - Processing file /opt/airflow/dags/binance_daily_dag.py for tasks to queue
[2026-07-09T09:12:40.222+0000] {logging_mixin.py:151} INFO - [2026-07-09T09:12:40.221+0000] {dagbag.py:539} INFO - Filling up the DagBag from /opt/airflow/dags/binance_daily_dag.py
[2026-07-09T09:12:43.457+0000] {processor.py:839} INFO - DAG(s) dict_keys(['daily_crypto_lstm_pipeline']) retrieved from /opt/airflow/dags/binance_daily_dag.py
[2026-07-09T09:12:43.480+0000] {logging_mixin.py:151} INFO - [2026-07-09T09:12:43.480+0000] {dag.py:2915} INFO - Sync 1 DAGs
[2026-07-09T09:12:43.500+0000] {logging_mixin.py:151} INFO - [2026-07-09T09:12:43.500+0000] {dag.py:3696} INFO - Setting next_dagrun for daily_crypto_lstm_pipeline to 2026-07-09T00:02:00+00:00, run_after=2026-07-10T00:02:00+00:00
[2026-07-09T09:12:43.520+0000] {processor.py:179} INFO - Processing /opt/airflow/dags/binance_daily_dag.py took 3.320 seconds
[2026-07-09T09:13:13.882+0000] {processor.py:157} INFO - Started process (PID=2198) to work on /opt/airflow/dags/binance_daily_dag.py
[2026-07-09T09:13:13.884+0000] {processor.py:829} INFO - Processing file /opt/airflow/dags/binance_daily_dag.py for tasks to queue
[2026-07-09T09:13:13.886+0000] {logging_mixin.py:151} INFO - [2026-07-09T09:13:13.885+0000] {dagbag.py:539} INFO - Filling up the DagBag from /opt/airflow/dags/binance_daily_dag.py
[2026-07-09T09:13:17.345+0000] {processor.py:839} INFO - DAG(s) dict_keys(['daily_crypto_lstm_pipeline']) retrieved from /opt/airflow/dags/binance_daily_dag.py
[2026-07-09T09:13:17.375+0000] {logging_mixin.py:151} INFO - [2026-07-09T09:13:17.375+0000] {dag.py:2915} INFO - Sync 1 DAGs
[2026-07-09T09:13:17.411+0000] {logging_mixin.py:151} INFO - [2026-07-09T09:13:17.410+0000] {dag.py:3696} INFO - Setting next_dagrun for daily_crypto_lstm_pipeline to 2026-07-09T00:02:00+00:00, run_after=2026-07-10T00:02:00+00:00
[2026-07-09T09:13:17.436+0000] {processor.py:179} INFO - Processing /opt/airflow/dags/binance_daily_dag.py took 3.567 seconds
[2026-07-09T09:13:47.589+0000] {processor.py:157} INFO - Started process (PID=2231) to work on /opt/airflow/dags/binance_daily_dag.py
[2026-07-09T09:13:47.592+0000] {processor.py:829} INFO - Processing file /opt/airflow/dags/binance_daily_dag.py for tasks to queue
[2026-07-09T09:13:47.596+0000] {logging_mixin.py:151} INFO - [2026-07-09T09:13:47.595+0000] {dagbag.py:539} INFO - Filling up the DagBag from /opt/airflow/dags/binance_daily_dag.py
[2026-07-09T09:13:50.497+0000] {processor.py:839} INFO - DAG(s) dict_keys(['daily_crypto_lstm_pipeline']) retrieved from /opt/airflow/dags/binance_daily_dag.py
[2026-07-09T09:13:50.522+0000] {logging_mixin.py:151} INFO - [2026-07-09T09:13:50.522+0000] {dag.py:2915} INFO - Sync 1 DAGs
[2026-07-09T09:13:50.546+0000] {logging_mixin.py:151} INFO - [2026-07-09T09:13:50.546+0000] {dag.py:3696} INFO - Setting next_dagrun for daily_crypto_lstm_pipeline to 2026-07-09T00:02:00+00:00, run_after=2026-07-10T00:02:00+00:00
[2026-07-09T09:13:50.613+0000] {processor.py:179} INFO - Processing /opt/airflow/dags/binance_daily_dag.py took 3.036 seconds
[2026-07-09T09:14:20.960+0000] {processor.py:157} INFO - Started process (PID=2263) to work on /opt/airflow/dags/binance_daily_dag.py
[2026-07-09T09:14:20.962+0000] {processor.py:829} INFO - Processing file /opt/airflow/dags/binance_daily_dag.py for tasks to queue
[2026-07-09T09:14:20.963+0000] {logging_mixin.py:151} INFO - [2026-07-09T09:14:20.963+0000] {dagbag.py:539} INFO - Filling up the DagBag from /opt/airflow/dags/binance_daily_dag.py
[2026-07-09T09:14:24.128+0000] {processor.py:839} INFO - DAG(s) dict_keys(['daily_crypto_lstm_pipeline']) retrieved from /opt/airflow/dags/binance_daily_dag.py
[2026-07-09T09:14:24.175+0000] {logging_mixin.py:151} INFO - [2026-07-09T09:14:24.173+0000] {dag.py:2915} INFO - Sync 1 DAGs
[2026-07-09T09:14:24.207+0000] {logging_mixin.py:151} INFO - [2026-07-09T09:14:24.207+0000] {dag.py:3696} INFO - Setting next_dagrun for daily_crypto_lstm_pipeline to 2026-07-09T00:02:00+00:00, run_after=2026-07-10T00:02:00+00:00
[2026-07-09T09:14:24.242+0000] {processor.py:179} INFO - Processing /opt/airflow/dags/binance_daily_dag.py took 3.286 seconds
[2026-07-09T09:14:54.708+0000] {processor.py:157} INFO - Started process (PID=2296) to work on /opt/airflow/dags/binance_daily_dag.py
[2026-07-09T09:14:54.710+0000] {processor.py:829} INFO - Processing file /opt/airflow/dags/binance_daily_dag.py for tasks to queue
[2026-07-09T09:14:54.712+0000] {logging_mixin.py:151} INFO - [2026-07-09T09:14:54.711+0000] {dagbag.py:539} INFO - Filling up the DagBag from /opt/airflow/dags/binance_daily_dag.py
[2026-07-09T09:14:58.179+0000] {processor.py:839} INFO - DAG(s) dict_keys(['daily_crypto_lstm_pipeline']) retrieved from /opt/airflow/dags/binance_daily_dag.py
[2026-07-09T09:14:58.198+0000] {logging_mixin.py:151} INFO - [2026-07-09T09:14:58.198+0000] {dag.py:2915} INFO - Sync 1 DAGs
[2026-07-09T09:14:58.221+0000] {logging_mixin.py:151} INFO - [2026-07-09T09:14:58.221+0000] {dag.py:3696} INFO - Setting next_dagrun for daily_crypto_lstm_pipeline to 2026-07-09T00:02:00+00:00, run_after=2026-07-10T00:02:00+00:00
[2026-07-09T09:14:58.282+0000] {processor.py:179} INFO - Processing /opt/airflow/dags/binance_daily_dag.py took 3.578 seconds
[2026-07-09T09:15:29.104+0000] {processor.py:157} INFO - Started process (PID=2330) to work on /opt/airflow/dags/binance_daily_dag.py
[2026-07-09T09:15:29.105+0000] {processor.py:829} INFO - Processing file /opt/airflow/dags/binance_daily_dag.py for tasks to queue
[2026-07-09T09:15:29.107+0000] {logging_mixin.py:151} INFO - [2026-07-09T09:15:29.106+0000] {dagbag.py:539} INFO - Filling up the DagBag from /opt/airflow/dags/binance_daily_dag.py
[2026-07-09T09:15:31.849+0000] {processor.py:839} INFO - DAG(s) dict_keys(['daily_crypto_lstm_pipeline']) retrieved from /opt/airflow/dags/binance_daily_dag.py
[2026-07-09T09:15:31.873+0000] {logging_mixin.py:151} INFO - [2026-07-09T09:15:31.872+0000] {dag.py:2915} INFO - Sync 1 DAGs
[2026-07-09T09:15:31.898+0000] {logging_mixin.py:151} INFO - [2026-07-09T09:15:31.898+0000] {dag.py:3696} INFO - Setting next_dagrun for daily_crypto_lstm_pipeline to 2026-07-09T00:02:00+00:00, run_after=2026-07-10T00:02:00+00:00
[2026-07-09T09:15:31.922+0000] {processor.py:179} INFO - Processing /opt/airflow/dags/binance_daily_dag.py took 2.824 seconds
[2026-07-09T09:16:02.268+0000] {processor.py:157} INFO - Started process (PID=2363) to work on /opt/airflow/dags/binance_daily_dag.py
[2026-07-09T09:16:02.270+0000] {processor.py:829} INFO - Processing file /opt/airflow/dags/binance_daily_dag.py for tasks to queue
[2026-07-09T09:16:02.274+0000] {logging_mixin.py:151} INFO - [2026-07-09T09:16:02.273+0000] {dagbag.py:539} INFO - Filling up the DagBag from /opt/airflow/dags/binance_daily_dag.py
[2026-07-09T09:16:05.484+0000] {processor.py:839} INFO - DAG(s) dict_keys(['daily_crypto_lstm_pipeline']) retrieved from /opt/airflow/dags/binance_daily_dag.py
[2026-07-09T09:16:05.516+0000] {logging_mixin.py:151} INFO - [2026-07-09T09:16:05.514+0000] {dag.py:2915} INFO - Sync 1 DAGs
[2026-07-09T09:16:05.552+0000] {logging_mixin.py:151} INFO - [2026-07-09T09:16:05.552+0000] {dag.py:3696} INFO - Setting next_dagrun for daily_crypto_lstm_pipeline to 2026-07-09T00:02:00+00:00, run_after=2026-07-10T00:02:00+00:00
[2026-07-09T09:16:05.609+0000] {processor.py:179} INFO - Processing /opt/airflow/dags/binance_daily_dag.py took 3.346 seconds
[2026-07-09T09:16:36.307+0000] {processor.py:157} INFO - Started process (PID=2398) to work on /opt/airflow/dags/binance_daily_dag.py
[2026-07-09T09:16:36.308+0000] {processor.py:829} INFO - Processing file /opt/airflow/dags/binance_daily_dag.py for tasks to queue
[2026-07-09T09:16:36.310+0000] {logging_mixin.py:151} INFO - [2026-07-09T09:16:36.309+0000] {dagbag.py:539} INFO - Filling up the DagBag from /opt/airflow/dags/binance_daily_dag.py
[2026-07-09T09:16:39.173+0000] {processor.py:839} INFO - DAG(s) dict_keys(['daily_crypto_lstm_pipeline']) retrieved from /opt/airflow/dags/binance_daily_dag.py
[2026-07-09T09:16:39.206+0000] {logging_mixin.py:151} INFO - [2026-07-09T09:16:39.205+0000] {dag.py:2915} INFO - Sync 1 DAGs
[2026-07-09T09:16:39.244+0000] {logging_mixin.py:151} INFO - [2026-07-09T09:16:39.244+0000] {dag.py:3696} INFO - Setting next_dagrun for daily_crypto_lstm_pipeline to 2026-07-09T00:02:00+00:00, run_after=2026-07-10T00:02:00+00:00
[2026-07-09T09:16:39.286+0000] {processor.py:179} INFO - Processing /opt/airflow/dags/binance_daily_dag.py took 2.983 seconds
[2026-07-09T09:17:09.600+0000] {processor.py:157} INFO - Started process (PID=2431) to work on /opt/airflow/dags/binance_daily_dag.py
[2026-07-09T09:17:09.604+0000] {processor.py:829} INFO - Processing file /opt/airflow/dags/binance_daily_dag.py for tasks to queue
[2026-07-09T09:17:09.605+0000] {logging_mixin.py:151} INFO - [2026-07-09T09:17:09.604+0000] {dagbag.py:539} INFO - Filling up the DagBag from /opt/airflow/dags/binance_daily_dag.py
[2026-07-09T09:17:12.401+0000] {processor.py:839} INFO - DAG(s) dict_keys(['daily_crypto_lstm_pipeline']) retrieved from /opt/airflow/dags/binance_daily_dag.py
[2026-07-09T09:17:12.453+0000] {logging_mixin.py:151} INFO - [2026-07-09T09:17:12.451+0000] {dag.py:2915} INFO - Sync 1 DAGs
[2026-07-09T09:17:12.492+0000] {logging_mixin.py:151} INFO - [2026-07-09T09:17:12.491+0000] {dag.py:3696} INFO - Setting next_dagrun for daily_crypto_lstm_pipeline to 2026-07-09T00:02:00+00:00, run_after=2026-07-10T00:02:00+00:00
[2026-07-09T09:17:12.519+0000] {processor.py:179} INFO - Processing /opt/airflow/dags/binance_daily_dag.py took 2.924 seconds
[2026-07-09T09:17:42.860+0000] {processor.py:157} INFO - Started process (PID=2476) to work on /opt/airflow/dags/binance_daily_dag.py
[2026-07-09T09:17:42.862+0000] {processor.py:829} INFO - Processing file /opt/airflow/dags/binance_daily_dag.py for tasks to queue
[2026-07-09T09:17:42.863+0000] {logging_mixin.py:151} INFO - [2026-07-09T09:17:42.862+0000] {dagbag.py:539} INFO - Filling up the DagBag from /opt/airflow/dags/binance_daily_dag.py
[2026-07-09T09:17:45.403+0000] {processor.py:839} INFO - DAG(s) dict_keys(['daily_crypto_lstm_pipeline']) retrieved from /opt/airflow/dags/binance_daily_dag.py
[2026-07-09T09:17:45.427+0000] {logging_mixin.py:151} INFO - [2026-07-09T09:17:45.426+0000] {dag.py:2915} INFO - Sync 1 DAGs
[2026-07-09T09:17:45.452+0000] {logging_mixin.py:151} INFO - [2026-07-09T09:17:45.452+0000] {dag.py:3696} INFO - Setting next_dagrun for daily_crypto_lstm_pipeline to 2026-07-09T00:02:00+00:00, run_after=2026-07-10T00:02:00+00:00
[2026-07-09T09:17:45.477+0000] {processor.py:179} INFO - Processing /opt/airflow/dags/binance_daily_dag.py took 2.621 seconds
[2026-07-09T09:18:15.825+0000] {processor.py:157} INFO - Started process (PID=2509) to work on /opt/airflow/dags/binance_daily_dag.py
[2026-07-09T09:18:15.826+0000] {processor.py:829} INFO - Processing file /opt/airflow/dags/binance_daily_dag.py for tasks to queue
[2026-07-09T09:18:15.827+0000] {logging_mixin.py:151} INFO - [2026-07-09T09:18:15.827+0000] {dagbag.py:539} INFO - Filling up the DagBag from /opt/airflow/dags/binance_daily_dag.py
[2026-07-09T09:18:18.506+0000] {processor.py:839} INFO - DAG(s) dict_keys(['daily_crypto_lstm_pipeline']) retrieved from /opt/airflow/dags/binance_daily_dag.py
[2026-07-09T09:18:18.530+0000] {logging_mixin.py:151} INFO - [2026-07-09T09:18:18.530+0000] {dag.py:2915} INFO - Sync 1 DAGs
[2026-07-09T09:18:18.550+0000] {logging_mixin.py:151} INFO - [2026-07-09T09:18:18.549+0000] {dag.py:3696} INFO - Setting next_dagrun for daily_crypto_lstm_pipeline to 2026-07-09T00:02:00+00:00, run_after=2026-07-10T00:02:00+00:00
[2026-07-09T09:18:18.569+0000] {processor.py:179} INFO - Processing /opt/airflow/dags/binance_daily_dag.py took 2.749 seconds
[2026-07-09T09:18:48.937+0000] {processor.py:157} INFO - Started process (PID=2542) to work on /opt/airflow/dags/binance_daily_dag.py
[2026-07-09T09:18:48.938+0000] {processor.py:829} INFO - Processing file /opt/airflow/dags/binance_daily_dag.py for tasks to queue
[2026-07-09T09:18:48.939+0000] {logging_mixin.py:151} INFO - [2026-07-09T09:18:48.938+0000] {dagbag.py:539} INFO - Filling up the DagBag from /opt/airflow/dags/binance_daily_dag.py
[2026-07-09T09:18:51.587+0000] {processor.py:839} INFO - DAG(s) dict_keys(['daily_crypto_lstm_pipeline']) retrieved from /opt/airflow/dags/binance_daily_dag.py
[2026-07-09T09:18:51.611+0000] {logging_mixin.py:151} INFO - [2026-07-09T09:18:51.610+0000] {dag.py:2915} INFO - Sync 1 DAGs
[2026-07-09T09:18:51.630+0000] {logging_mixin.py:151} INFO - [2026-07-09T09:18:51.629+0000] {dag.py:3696} INFO - Setting next_dagrun for daily_crypto_lstm_pipeline to 2026-07-09T00:02:00+00:00, run_after=2026-07-10T00:02:00+00:00
[2026-07-09T09:18:51.691+0000] {processor.py:179} INFO - Processing /opt/airflow/dags/binance_daily_dag.py took 2.758 seconds
[2026-07-09T09:19:21.910+0000] {processor.py:157} INFO - Started process (PID=2575) to work on /opt/airflow/dags/binance_daily_dag.py
[2026-07-09T09:19:21.912+0000] {processor.py:829} INFO - Processing file /opt/airflow/dags/binance_daily_dag.py for tasks to queue
[2026-07-09T09:19:21.913+0000] {logging_mixin.py:151} INFO - [2026-07-09T09:19:21.913+0000] {dagbag.py:539} INFO - Filling up the DagBag from /opt/airflow/dags/binance_daily_dag.py
[2026-07-09T09:19:24.970+0000] {processor.py:839} INFO - DAG(s) dict_keys(['daily_crypto_lstm_pipeline']) retrieved from /opt/airflow/dags/binance_daily_dag.py
[2026-07-09T09:19:25.110+0000] {logging_mixin.py:151} INFO - [2026-07-09T09:19:25.107+0000] {dag.py:2915} INFO - Sync 1 DAGs
[2026-07-09T09:19:25.212+0000] {logging_mixin.py:151} INFO - [2026-07-09T09:19:25.212+0000] {dag.py:3696} INFO - Setting next_dagrun for daily_crypto_lstm_pipeline to 2026-07-09T00:02:00+00:00, run_after=2026-07-10T00:02:00+00:00
[2026-07-09T09:19:25.256+0000] {processor.py:179} INFO - Processing /opt/airflow/dags/binance_daily_dag.py took 3.351 seconds
[2026-07-09T09:19:55.525+0000] {processor.py:157} INFO - Started process (PID=2608) to work on /opt/airflow/dags/binance_daily_dag.py
[2026-07-09T09:19:55.526+0000] {processor.py:829} INFO - Processing file /opt/airflow/dags/binance_daily_dag.py for tasks to queue
[2026-07-09T09:19:55.528+0000] {logging_mixin.py:151} INFO - [2026-07-09T09:19:55.527+0000] {dagbag.py:539} INFO - Filling up the DagBag from /opt/airflow/dags/binance_daily_dag.py
[2026-07-09T09:19:58.368+0000] {processor.py:839} INFO - DAG(s) dict_keys(['daily_crypto_lstm_pipeline']) retrieved from /opt/airflow/dags/binance_daily_dag.py
[2026-07-09T09:19:58.396+0000] {logging_mixin.py:151} INFO - [2026-07-09T09:19:58.395+0000] {dag.py:2915} INFO - Sync 1 DAGs
[2026-07-09T09:19:58.424+0000] {logging_mixin.py:151} INFO - [2026-07-09T09:19:58.423+0000] {dag.py:3696} INFO - Setting next_dagrun for daily_crypto_lstm_pipeline to 2026-07-09T00:02:00+00:00, run_after=2026-07-10T00:02:00+00:00
[2026-07-09T09:19:58.491+0000] {processor.py:179} INFO - Processing /opt/airflow/dags/binance_daily_dag.py took 2.973 seconds
[2026-07-09T09:20:28.860+0000] {processor.py:157} INFO - Started process (PID=2641) to work on /opt/airflow/dags/binance_daily_dag.py
[2026-07-09T09:20:28.861+0000] {processor.py:829} INFO - Processing file /opt/airflow/dags/binance_daily_dag.py for tasks to queue
[2026-07-09T09:20:28.862+0000] {logging_mixin.py:151} INFO - [2026-07-09T09:20:28.862+0000] {dagbag.py:539} INFO - Filling up the DagBag from /opt/airflow/dags/binance_daily_dag.py
[2026-07-09T09:20:31.362+0000] {processor.py:839} INFO - DAG(s) dict_keys(['daily_crypto_lstm_pipeline']) retrieved from /opt/airflow/dags/binance_daily_dag.py
[2026-07-09T09:20:31.396+0000] {logging_mixin.py:151} INFO - [2026-07-09T09:20:31.395+0000] {dag.py:2915} INFO - Sync 1 DAGs
[2026-07-09T09:20:31.432+0000] {logging_mixin.py:151} INFO - [2026-07-09T09:20:31.432+0000] {dag.py:3696} INFO - Setting next_dagrun for daily_crypto_lstm_pipeline to 2026-07-09T00:02:00+00:00, run_after=2026-07-10T00:02:00+00:00
[2026-07-09T09:20:31.462+0000] {processor.py:179} INFO - Processing /opt/airflow/dags/binance_daily_dag.py took 2.606 seconds
[2026-07-09T09:21:01.686+0000] {processor.py:157} INFO - Started process (PID=2674) to work on /opt/airflow/dags/binance_daily_dag.py
[2026-07-09T09:21:01.687+0000] {processor.py:829} INFO - Processing file /opt/airflow/dags/binance_daily_dag.py for tasks to queue
[2026-07-09T09:21:01.688+0000] {logging_mixin.py:151} INFO - [2026-07-09T09:21:01.688+0000] {dagbag.py:539} INFO - Filling up the DagBag from /opt/airflow/dags/binance_daily_dag.py
[2026-07-09T09:21:04.255+0000] {processor.py:839} INFO - DAG(s) dict_keys(['daily_crypto_lstm_pipeline']) retrieved from /opt/airflow/dags/binance_daily_dag.py
[2026-07-09T09:21:04.283+0000] {logging_mixin.py:151} INFO - [2026-07-09T09:21:04.282+0000] {dag.py:2915} INFO - Sync 1 DAGs
[2026-07-09T09:21:04.305+0000] {logging_mixin.py:151} INFO - [2026-07-09T09:21:04.305+0000] {dag.py:3696} INFO - Setting next_dagrun for daily_crypto_lstm_pipeline to 2026-07-09T00:02:00+00:00, run_after=2026-07-10T00:02:00+00:00
[2026-07-09T09:21:04.345+0000] {processor.py:179} INFO - Processing /opt/airflow/dags/binance_daily_dag.py took 2.664 seconds
[2026-07-09T09:21:34.747+0000] {processor.py:157} INFO - Started process (PID=2707) to work on /opt/airflow/dags/binance_daily_dag.py
[2026-07-09T09:21:34.748+0000] {processor.py:829} INFO - Processing file /opt/airflow/dags/binance_daily_dag.py for tasks to queue
[2026-07-09T09:21:34.749+0000] {logging_mixin.py:151} INFO - [2026-07-09T09:21:34.749+0000] {dagbag.py:539} INFO - Filling up the DagBag from /opt/airflow/dags/binance_daily_dag.py
[2026-07-09T09:21:37.388+0000] {processor.py:839} INFO - DAG(s) dict_keys(['daily_crypto_lstm_pipeline']) retrieved from /opt/airflow/dags/binance_daily_dag.py
[2026-07-09T09:21:37.425+0000] {logging_mixin.py:151} INFO - [2026-07-09T09:21:37.424+0000] {dag.py:2915} INFO - Sync 1 DAGs
[2026-07-09T09:21:37.461+0000] {logging_mixin.py:151} INFO - [2026-07-09T09:21:37.460+0000] {dag.py:3696} INFO - Setting next_dagrun for daily_crypto_lstm_pipeline to 2026-07-09T00:02:00+00:00, run_after=2026-07-10T00:02:00+00:00
[2026-07-09T09:21:37.498+0000] {processor.py:179} INFO - Processing /opt/airflow/dags/binance_daily_dag.py took 2.756 seconds
[2026-07-09T09:22:07.863+0000] {processor.py:157} INFO - Started process (PID=2741) to work on /opt/airflow/dags/binance_daily_dag.py
[2026-07-09T09:22:07.865+0000] {processor.py:829} INFO - Processing file /opt/airflow/dags/binance_daily_dag.py for tasks to queue
[2026-07-09T09:22:07.867+0000] {logging_mixin.py:151} INFO - [2026-07-09T09:22:07.866+0000] {dagbag.py:539} INFO - Filling up the DagBag from /opt/airflow/dags/binance_daily_dag.py
[2026-07-09T09:22:10.710+0000] {processor.py:839} INFO - DAG(s) dict_keys(['daily_crypto_lstm_pipeline']) retrieved from /opt/airflow/dags/binance_daily_dag.py
[2026-07-09T09:22:10.734+0000] {logging_mixin.py:151} INFO - [2026-07-09T09:22:10.733+0000] {dag.py:2915} INFO - Sync 1 DAGs
[2026-07-09T09:22:10.756+0000] {logging_mixin.py:151} INFO - [2026-07-09T09:22:10.756+0000] {dag.py:3696} INFO - Setting next_dagrun for daily_crypto_lstm_pipeline to 2026-07-09T00:02:00+00:00, run_after=2026-07-10T00:02:00+00:00
[2026-07-09T09:22:10.779+0000] {processor.py:179} INFO - Processing /opt/airflow/dags/binance_daily_dag.py took 2.922 seconds
[2026-07-09T09:22:41.136+0000] {processor.py:157} INFO - Started process (PID=2774) to work on /opt/airflow/dags/binance_daily_dag.py
[2026-07-09T09:22:41.137+0000] {processor.py:829} INFO - Processing file /opt/airflow/dags/binance_daily_dag.py for tasks to queue
[2026-07-09T09:22:41.138+0000] {logging_mixin.py:151} INFO - [2026-07-09T09:22:41.138+0000] {dagbag.py:539} INFO - Filling up the DagBag from /opt/airflow/dags/binance_daily_dag.py
[2026-07-09T09:22:43.804+0000] {processor.py:839} INFO - DAG(s) dict_keys(['daily_crypto_lstm_pipeline']) retrieved from /opt/airflow/dags/binance_daily_dag.py
[2026-07-09T09:22:43.825+0000] {logging_mixin.py:151} INFO - [2026-07-09T09:22:43.825+0000] {dag.py:2915} INFO - Sync 1 DAGs
[2026-07-09T09:22:43.847+0000] {logging_mixin.py:151} INFO - [2026-07-09T09:22:43.847+0000] {dag.py:3696} INFO - Setting next_dagrun for daily_crypto_lstm_pipeline to 2026-07-09T00:02:00+00:00, run_after=2026-07-10T00:02:00+00:00
[2026-07-09T09:22:44.061+0000] {processor.py:179} INFO - Processing /opt/airflow/dags/binance_daily_dag.py took 2.929 seconds
[2026-07-09T09:23:14.578+0000] {processor.py:157} INFO - Started process (PID=2814) to work on /opt/airflow/dags/binance_daily_dag.py
[2026-07-09T09:23:14.579+0000] {processor.py:829} INFO - Processing file /opt/airflow/dags/binance_daily_dag.py for tasks to queue
[2026-07-09T09:23:14.580+0000] {logging_mixin.py:151} INFO - [2026-07-09T09:23:14.580+0000] {dagbag.py:539} INFO - Filling up the DagBag from /opt/airflow/dags/binance_daily_dag.py
[2026-07-09T09:23:17.243+0000] {processor.py:839} INFO - DAG(s) dict_keys(['daily_crypto_lstm_pipeline']) retrieved from /opt/airflow/dags/binance_daily_dag.py
[2026-07-09T09:23:17.269+0000] {logging_mixin.py:151} INFO - [2026-07-09T09:23:17.268+0000] {dag.py:2915} INFO - Sync 1 DAGs
[2026-07-09T09:23:17.296+0000] {logging_mixin.py:151} INFO - [2026-07-09T09:23:17.296+0000] {dag.py:3696} INFO - Setting next_dagrun for daily_crypto_lstm_pipeline to 2026-07-09T00:02:00+00:00, run_after=2026-07-10T00:02:00+00:00
[2026-07-09T09:23:17.319+0000] {processor.py:179} INFO - Processing /opt/airflow/dags/binance_daily_dag.py took 2.745 seconds
[2026-07-09T09:23:47.465+0000] {processor.py:157} INFO - Started process (PID=2852) to work on /opt/airflow/dags/binance_daily_dag.py
[2026-07-09T09:23:47.466+0000] {processor.py:829} INFO - Processing file /opt/airflow/dags/binance_daily_dag.py for tasks to queue
[2026-07-09T09:23:47.467+0000] {logging_mixin.py:151} INFO - [2026-07-09T09:23:47.467+0000] {dagbag.py:539} INFO - Filling up the DagBag from /opt/airflow/dags/binance_daily_dag.py
[2026-07-09T09:23:50.077+0000] {processor.py:839} INFO - DAG(s) dict_keys(['daily_crypto_lstm_pipeline']) retrieved from /opt/airflow/dags/binance_daily_dag.py
[2026-07-09T09:23:50.104+0000] {logging_mixin.py:151} INFO - [2026-07-09T09:23:50.103+0000] {dag.py:2915} INFO - Sync 1 DAGs
[2026-07-09T09:23:50.129+0000] {logging_mixin.py:151} INFO - [2026-07-09T09:23:50.129+0000] {dag.py:3696} INFO - Setting next_dagrun for daily_crypto_lstm_pipeline to 2026-07-09T00:02:00+00:00, run_after=2026-07-10T00:02:00+00:00
[2026-07-09T09:23:50.192+0000] {processor.py:179} INFO - Processing /opt/airflow/dags/binance_daily_dag.py took 2.731 seconds
[2026-07-09T09:24:20.333+0000] {processor.py:157} INFO - Started process (PID=2885) to work on /opt/airflow/dags/binance_daily_dag.py
[2026-07-09T09:24:20.334+0000] {processor.py:829} INFO - Processing file /opt/airflow/dags/binance_daily_dag.py for tasks to queue
[2026-07-09T09:24:20.335+0000] {logging_mixin.py:151} INFO - [2026-07-09T09:24:20.334+0000] {dagbag.py:539} INFO - Filling up the DagBag from /opt/airflow/dags/binance_daily_dag.py
[2026-07-09T09:24:23.042+0000] {processor.py:839} INFO - DAG(s) dict_keys(['daily_crypto_lstm_pipeline']) retrieved from /opt/airflow/dags/binance_daily_dag.py
[2026-07-09T09:24:23.066+0000] {logging_mixin.py:151} INFO - [2026-07-09T09:24:23.065+0000] {dag.py:2915} INFO - Sync 1 DAGs
[2026-07-09T09:24:23.089+0000] {logging_mixin.py:151} INFO - [2026-07-09T09:24:23.089+0000] {dag.py:3696} INFO - Setting next_dagrun for daily_crypto_lstm_pipeline to 2026-07-09T00:02:00+00:00, run_after=2026-07-10T00:02:00+00:00
[2026-07-09T09:24:23.150+0000] {processor.py:179} INFO - Processing /opt/airflow/dags/binance_daily_dag.py took 2.821 seconds
[2026-07-09T09:24:53.565+0000] {processor.py:157} INFO - Started process (PID=2918) to work on /opt/airflow/dags/binance_daily_dag.py
[2026-07-09T09:24:53.566+0000] {processor.py:829} INFO - Processing file /opt/airflow/dags/binance_daily_dag.py for tasks to queue
[2026-07-09T09:24:53.567+0000] {logging_mixin.py:151} INFO - [2026-07-09T09:24:53.567+0000] {dagbag.py:539} INFO - Filling up the DagBag from /opt/airflow/dags/binance_daily_dag.py
[2026-07-09T09:24:56.406+0000] {processor.py:839} INFO - DAG(s) dict_keys(['daily_crypto_lstm_pipeline']) retrieved from /opt/airflow/dags/binance_daily_dag.py
[2026-07-09T09:24:56.432+0000] {logging_mixin.py:151} INFO - [2026-07-09T09:24:56.431+0000] {dag.py:2915} INFO - Sync 1 DAGs
[2026-07-09T09:24:56.452+0000] {logging_mixin.py:151} INFO - [2026-07-09T09:24:56.451+0000] {dag.py:3696} INFO - Setting next_dagrun for daily_crypto_lstm_pipeline to 2026-07-09T00:02:00+00:00, run_after=2026-07-10T00:02:00+00:00
[2026-07-09T09:24:56.513+0000] {processor.py:179} INFO - Processing /opt/airflow/dags/binance_daily_dag.py took 2.953 seconds
[2026-07-09T09:25:26.697+0000] {processor.py:157} INFO - Started process (PID=2951) to work on /opt/airflow/dags/binance_daily_dag.py
[2026-07-09T09:25:26.698+0000] {processor.py:829} INFO - Processing file /opt/airflow/dags/binance_daily_dag.py for tasks to queue
[2026-07-09T09:25:26.699+0000] {logging_mixin.py:151} INFO - [2026-07-09T09:25:26.699+0000] {dagbag.py:539} INFO - Filling up the DagBag from /opt/airflow/dags/binance_daily_dag.py
[2026-07-09T09:25:30.756+0000] {processor.py:839} INFO - DAG(s) dict_keys(['daily_crypto_lstm_pipeline']) retrieved from /opt/airflow/dags/binance_daily_dag.py
[2026-07-09T09:25:30.781+0000] {logging_mixin.py:151} INFO - [2026-07-09T09:25:30.781+0000] {dag.py:2915} INFO - Sync 1 DAGs
[2026-07-09T09:25:30.851+0000] {logging_mixin.py:151} INFO - [2026-07-09T09:25:30.851+0000] {dag.py:3696} INFO - Setting next_dagrun for daily_crypto_lstm_pipeline to 2026-07-09T00:02:00+00:00, run_after=2026-07-10T00:02:00+00:00
[2026-07-09T09:25:31.080+0000] {processor.py:179} INFO - Processing /opt/airflow/dags/binance_daily_dag.py took 4.390 seconds
[2026-07-09T09:26:01.777+0000] {processor.py:157} INFO - Started process (PID=2984) to work on /opt/airflow/dags/binance_daily_dag.py
[2026-07-09T09:26:01.778+0000] {processor.py:829} INFO - Processing file /opt/airflow/dags/binance_daily_dag.py for tasks to queue
[2026-07-09T09:26:01.780+0000] {logging_mixin.py:151} INFO - [2026-07-09T09:26:01.779+0000] {dagbag.py:539} INFO - Filling up the DagBag from /opt/airflow/dags/binance_daily_dag.py
[2026-07-09T09:26:04.321+0000] {processor.py:839} INFO - DAG(s) dict_keys(['daily_crypto_lstm_pipeline']) retrieved from /opt/airflow/dags/binance_daily_dag.py
[2026-07-09T09:26:04.344+0000] {logging_mixin.py:151} INFO - [2026-07-09T09:26:04.343+0000] {dag.py:2915} INFO - Sync 1 DAGs
[2026-07-09T09:26:04.366+0000] {logging_mixin.py:151} INFO - [2026-07-09T09:26:04.366+0000] {dag.py:3696} INFO - Setting next_dagrun for daily_crypto_lstm_pipeline to 2026-07-09T00:02:00+00:00, run_after=2026-07-10T00:02:00+00:00
[2026-07-09T09:26:04.386+0000] {processor.py:179} INFO - Processing /opt/airflow/dags/binance_daily_dag.py took 2.617 seconds
[2026-07-09T09:26:34.554+0000] {processor.py:157} INFO - Started process (PID=3017) to work on /opt/airflow/dags/binance_daily_dag.py
[2026-07-09T09:26:34.555+0000] {processor.py:829} INFO - Processing file /opt/airflow/dags/binance_daily_dag.py for tasks to queue
[2026-07-09T09:26:34.557+0000] {logging_mixin.py:151} INFO - [2026-07-09T09:26:34.556+0000] {dagbag.py:539} INFO - Filling up the DagBag from /opt/airflow/dags/binance_daily_dag.py
[2026-07-09T09:26:37.346+0000] {processor.py:839} INFO - DAG(s) dict_keys(['daily_crypto_lstm_pipeline']) retrieved from /opt/airflow/dags/binance_daily_dag.py
[2026-07-09T09:26:37.374+0000] {logging_mixin.py:151} INFO - [2026-07-09T09:26:37.373+0000] {dag.py:2915} INFO - Sync 1 DAGs
[2026-07-09T09:26:37.402+0000] {logging_mixin.py:151} INFO - [2026-07-09T09:26:37.402+0000] {dag.py:3696} INFO - Setting next_dagrun for daily_crypto_lstm_pipeline to 2026-07-09T00:02:00+00:00, run_after=2026-07-10T00:02:00+00:00
[2026-07-09T09:26:37.428+0000] {processor.py:179} INFO - Processing /opt/airflow/dags/binance_daily_dag.py took 2.879 seconds
[2026-07-09T09:27:07.531+0000] {processor.py:157} INFO - Started process (PID=3050) to work on /opt/airflow/dags/binance_daily_dag.py
[2026-07-09T09:27:07.533+0000] {processor.py:829} INFO - Processing file /opt/airflow/dags/binance_daily_dag.py for tasks to queue
[2026-07-09T09:27:07.534+0000] {logging_mixin.py:151} INFO - [2026-07-09T09:27:07.534+0000] {dagbag.py:539} INFO - Filling up the DagBag from /opt/airflow/dags/binance_daily_dag.py
[2026-07-09T09:27:10.360+0000] {processor.py:839} INFO - DAG(s) dict_keys(['daily_crypto_lstm_pipeline']) retrieved from /opt/airflow/dags/binance_daily_dag.py
[2026-07-09T09:27:10.390+0000] {logging_mixin.py:151} INFO - [2026-07-09T09:27:10.389+0000] {dag.py:2915} INFO - Sync 1 DAGs
[2026-07-09T09:27:10.569+0000] {logging_mixin.py:151} INFO - [2026-07-09T09:27:10.569+0000] {dag.py:3696} INFO - Setting next_dagrun for daily_crypto_lstm_pipeline to 2026-07-09T00:02:00+00:00, run_after=2026-07-10T00:02:00+00:00
[2026-07-09T09:27:10.636+0000] {processor.py:179} INFO - Processing /opt/airflow/dags/binance_daily_dag.py took 3.110 seconds
[2026-07-09T09:27:40.970+0000] {processor.py:157} INFO - Started process (PID=3086) to work on /opt/airflow/dags/binance_daily_dag.py
[2026-07-09T09:27:40.971+0000] {processor.py:829} INFO - Processing file /opt/airflow/dags/binance_daily_dag.py for tasks to queue
[2026-07-09T09:27:40.972+0000] {logging_mixin.py:151} INFO - [2026-07-09T09:27:40.972+0000] {dagbag.py:539} INFO - Filling up the DagBag from /opt/airflow/dags/binance_daily_dag.py
[2026-07-09T09:27:43.520+0000] {processor.py:839} INFO - DAG(s) dict_keys(['daily_crypto_lstm_pipeline']) retrieved from /opt/airflow/dags/binance_daily_dag.py
[2026-07-09T09:27:43.541+0000] {logging_mixin.py:151} INFO - [2026-07-09T09:27:43.541+0000] {dag.py:2915} INFO - Sync 1 DAGs
[2026-07-09T09:27:43.560+0000] {logging_mixin.py:151} INFO - [2026-07-09T09:27:43.560+0000] {dag.py:3696} INFO - Setting next_dagrun for daily_crypto_lstm_pipeline to 2026-07-09T00:02:00+00:00, run_after=2026-07-10T00:02:00+00:00
[2026-07-09T09:27:43.619+0000] {processor.py:179} INFO - Processing /opt/airflow/dags/binance_daily_dag.py took 2.652 seconds
[2026-07-09T09:28:14.221+0000] {processor.py:157} INFO - Started process (PID=3120) to work on /opt/airflow/dags/binance_daily_dag.py
[2026-07-09T09:28:14.222+0000] {processor.py:829} INFO - Processing file /opt/airflow/dags/binance_daily_dag.py for tasks to queue
[2026-07-09T09:28:14.223+0000] {logging_mixin.py:151} INFO - [2026-07-09T09:28:14.223+0000] {dagbag.py:539} INFO - Filling up the DagBag from /opt/airflow/dags/binance_daily_dag.py
[2026-07-09T09:28:17.263+0000] {processor.py:839} INFO - DAG(s) dict_keys(['daily_crypto_lstm_pipeline']) retrieved from /opt/airflow/dags/binance_daily_dag.py
[2026-07-09T09:28:17.302+0000] {logging_mixin.py:151} INFO - [2026-07-09T09:28:17.301+0000] {dag.py:2915} INFO - Sync 1 DAGs
[2026-07-09T09:28:17.330+0000] {logging_mixin.py:151} INFO - [2026-07-09T09:28:17.330+0000] {dag.py:3696} INFO - Setting next_dagrun for daily_crypto_lstm_pipeline to 2026-07-09T00:02:00+00:00, run_after=2026-07-10T00:02:00+00:00
[2026-07-09T09:28:17.561+0000] {processor.py:179} INFO - Processing /opt/airflow/dags/binance_daily_dag.py took 3.345 seconds
[2026-07-09T09:28:47.982+0000] {processor.py:157} INFO - Started process (PID=3159) to work on /opt/airflow/dags/binance_daily_dag.py
[2026-07-09T09:28:47.984+0000] {processor.py:829} INFO - Processing file /opt/airflow/dags/binance_daily_dag.py for tasks to queue
[2026-07-09T09:28:47.985+0000] {logging_mixin.py:151} INFO - [2026-07-09T09:28:47.985+0000] {dagbag.py:539} INFO - Filling up the DagBag from /opt/airflow/dags/binance_daily_dag.py
[2026-07-09T09:28:50.784+0000] {processor.py:839} INFO - DAG(s) dict_keys(['daily_crypto_lstm_pipeline']) retrieved from /opt/airflow/dags/binance_daily_dag.py
[2026-07-09T09:28:50.807+0000] {logging_mixin.py:151} INFO - [2026-07-09T09:28:50.807+0000] {dag.py:2915} INFO - Sync 1 DAGs
[2026-07-09T09:28:50.829+0000] {logging_mixin.py:151} INFO - [2026-07-09T09:28:50.829+0000] {dag.py:3696} INFO - Setting next_dagrun for daily_crypto_lstm_pipeline to 2026-07-09T00:02:00+00:00, run_after=2026-07-10T00:02:00+00:00
[2026-07-09T09:28:50.888+0000] {processor.py:179} INFO - Processing /opt/airflow/dags/binance_daily_dag.py took 2.911 seconds
[2026-07-09T09:29:21.866+0000] {processor.py:157} INFO - Started process (PID=3197) to work on /opt/airflow/dags/binance_daily_dag.py
[2026-07-09T09:29:21.868+0000] {processor.py:829} INFO - Processing file /opt/airflow/dags/binance_daily_dag.py for tasks to queue
[2026-07-09T09:29:21.869+0000] {logging_mixin.py:151} INFO - [2026-07-09T09:29:21.869+0000] {dagbag.py:539} INFO - Filling up the DagBag from /opt/airflow/dags/binance_daily_dag.py
[2026-07-09T09:29:24.149+0000] {processor.py:839} INFO - DAG(s) dict_keys(['daily_crypto_lstm_pipeline']) retrieved from /opt/airflow/dags/binance_daily_dag.py
[2026-07-09T09:29:24.174+0000] {logging_mixin.py:151} INFO - [2026-07-09T09:29:24.173+0000] {dag.py:2915} INFO - Sync 1 DAGs
[2026-07-09T09:29:24.200+0000] {logging_mixin.py:151} INFO - [2026-07-09T09:29:24.200+0000] {dag.py:3696} INFO - Setting next_dagrun for daily_crypto_lstm_pipeline to 2026-07-09T00:02:00+00:00, run_after=2026-07-10T00:02:00+00:00
[2026-07-09T09:29:24.229+0000] {processor.py:179} INFO - Processing /opt/airflow/dags/binance_daily_dag.py took 2.369 seconds
[2026-07-09T09:29:54.349+0000] {processor.py:157} INFO - Started process (PID=3230) to work on /opt/airflow/dags/binance_daily_dag.py
[2026-07-09T09:29:54.351+0000] {processor.py:829} INFO - Processing file /opt/airflow/dags/binance_daily_dag.py for tasks to queue
[2026-07-09T09:29:54.352+0000] {logging_mixin.py:151} INFO - [2026-07-09T09:29:54.352+0000] {dagbag.py:539} INFO - Filling up the DagBag from /opt/airflow/dags/binance_daily_dag.py
[2026-07-09T09:29:56.858+0000] {processor.py:839} INFO - DAG(s) dict_keys(['daily_crypto_lstm_pipeline']) retrieved from /opt/airflow/dags/binance_daily_dag.py
[2026-07-09T09:29:56.888+0000] {logging_mixin.py:151} INFO - [2026-07-09T09:29:56.887+0000] {dag.py:2915} INFO - Sync 1 DAGs
[2026-07-09T09:29:57.103+0000] {logging_mixin.py:151} INFO - [2026-07-09T09:29:57.102+0000] {dag.py:3696} INFO - Setting next_dagrun for daily_crypto_lstm_pipeline to 2026-07-09T00:02:00+00:00, run_after=2026-07-10T00:02:00+00:00
[2026-07-09T09:29:57.121+0000] {processor.py:179} INFO - Processing /opt/airflow/dags/binance_daily_dag.py took 2.776 seconds
[2026-07-09T09:30:27.255+0000] {processor.py:157} INFO - Started process (PID=3263) to work on /opt/airflow/dags/binance_daily_dag.py
[2026-07-09T09:30:27.256+0000] {processor.py:829} INFO - Processing file /opt/airflow/dags/binance_daily_dag.py for tasks to queue
[2026-07-09T09:30:27.258+0000] {logging_mixin.py:151} INFO - [2026-07-09T09:30:27.257+0000] {dagbag.py:539} INFO - Filling up the DagBag from /opt/airflow/dags/binance_daily_dag.py
[2026-07-09T09:30:29.889+0000] {processor.py:839} INFO - DAG(s) dict_keys(['daily_crypto_lstm_pipeline']) retrieved from /opt/airflow/dags/binance_daily_dag.py
[2026-07-09T09:30:29.917+0000] {logging_mixin.py:151} INFO - [2026-07-09T09:30:29.916+0000] {dag.py:2915} INFO - Sync 1 DAGs
[2026-07-09T09:30:29.941+0000] {logging_mixin.py:151} INFO - [2026-07-09T09:30:29.941+0000] {dag.py:3696} INFO - Setting next_dagrun for daily_crypto_lstm_pipeline to 2026-07-09T00:02:00+00:00, run_after=2026-07-10T00:02:00+00:00
[2026-07-09T09:30:30.004+0000] {processor.py:179} INFO - Processing /opt/airflow/dags/binance_daily_dag.py took 2.757 seconds
[2026-07-09T09:31:00.125+0000] {processor.py:157} INFO - Started process (PID=3296) to work on /opt/airflow/dags/binance_daily_dag.py
[2026-07-09T09:31:00.127+0000] {processor.py:829} INFO - Processing file /opt/airflow/dags/binance_daily_dag.py for tasks to queue
[2026-07-09T09:31:00.128+0000] {logging_mixin.py:151} INFO - [2026-07-09T09:31:00.128+0000] {dagbag.py:539} INFO - Filling up the DagBag from /opt/airflow/dags/binance_daily_dag.py
[2026-07-09T09:31:03.892+0000] {processor.py:839} INFO - DAG(s) dict_keys(['daily_crypto_lstm_pipeline']) retrieved from /opt/airflow/dags/binance_daily_dag.py
[2026-07-09T09:31:03.915+0000] {logging_mixin.py:151} INFO - [2026-07-09T09:31:03.915+0000] {dag.py:2915} INFO - Sync 1 DAGs
[2026-07-09T09:31:03.937+0000] {logging_mixin.py:151} INFO - [2026-07-09T09:31:03.937+0000] {dag.py:3696} INFO - Setting next_dagrun for daily_crypto_lstm_pipeline to 2026-07-09T00:02:00+00:00, run_after=2026-07-10T00:02:00+00:00
[2026-07-09T09:31:03.998+0000] {processor.py:179} INFO - Processing /opt/airflow/dags/binance_daily_dag.py took 3.879 seconds
[2026-07-09T09:31:34.382+0000] {processor.py:157} INFO - Started process (PID=3328) to work on /opt/airflow/dags/binance_daily_dag.py
[2026-07-09T09:31:34.384+0000] {processor.py:829} INFO - Processing file /opt/airflow/dags/binance_daily_dag.py for tasks to queue
[2026-07-09T09:31:34.385+0000] {logging_mixin.py:151} INFO - [2026-07-09T09:31:34.385+0000] {dagbag.py:539} INFO - Filling up the DagBag from /opt/airflow/dags/binance_daily_dag.py
[2026-07-09T09:31:37.134+0000] {processor.py:839} INFO - DAG(s) dict_keys(['daily_crypto_lstm_pipeline']) retrieved from /opt/airflow/dags/binance_daily_dag.py
[2026-07-09T09:31:37.161+0000] {logging_mixin.py:151} INFO - [2026-07-09T09:31:37.160+0000] {dag.py:2915} INFO - Sync 1 DAGs
[2026-07-09T09:31:37.379+0000] {logging_mixin.py:151} INFO - [2026-07-09T09:31:37.379+0000] {dag.py:3696} INFO - Setting next_dagrun for daily_crypto_lstm_pipeline to 2026-07-09T00:02:00+00:00, run_after=2026-07-10T00:02:00+00:00
[2026-07-09T09:31:37.408+0000] {processor.py:179} INFO - Processing /opt/airflow/dags/binance_daily_dag.py took 3.030 seconds
[2026-07-09T09:32:07.715+0000] {processor.py:157} INFO - Started process (PID=3362) to work on /opt/airflow/dags/binance_daily_dag.py
[2026-07-09T09:32:07.716+0000] {processor.py:829} INFO - Processing file /opt/airflow/dags/binance_daily_dag.py for tasks to queue
[2026-07-09T09:32:07.718+0000] {logging_mixin.py:151} INFO - [2026-07-09T09:32:07.717+0000] {dagbag.py:539} INFO - Filling up the DagBag from /opt/airflow/dags/binance_daily_dag.py
[2026-07-09T09:32:10.540+0000] {processor.py:839} INFO - DAG(s) dict_keys(['daily_crypto_lstm_pipeline']) retrieved from /opt/airflow/dags/binance_daily_dag.py
[2026-07-09T09:32:10.562+0000] {logging_mixin.py:151} INFO - [2026-07-09T09:32:10.561+0000] {dag.py:2915} INFO - Sync 1 DAGs
[2026-07-09T09:32:10.582+0000] {logging_mixin.py:151} INFO - [2026-07-09T09:32:10.582+0000] {dag.py:3696} INFO - Setting next_dagrun for daily_crypto_lstm_pipeline to 2026-07-09T00:02:00+00:00, run_after=2026-07-10T00:02:00+00:00
[2026-07-09T09:32:10.645+0000] {processor.py:179} INFO - Processing /opt/airflow/dags/binance_daily_dag.py took 2.934 seconds
[2026-07-09T09:32:40.851+0000] {processor.py:157} INFO - Started process (PID=3394) to work on /opt/airflow/dags/binance_daily_dag.py
[2026-07-09T09:32:40.853+0000] {processor.py:829} INFO - Processing file /opt/airflow/dags/binance_daily_dag.py for tasks to queue
[2026-07-09T09:32:40.854+0000] {logging_mixin.py:151} INFO - [2026-07-09T09:32:40.854+0000] {dagbag.py:539} INFO - Filling up the DagBag from /opt/airflow/dags/binance_daily_dag.py
[2026-07-09T09:32:43.623+0000] {processor.py:839} INFO - DAG(s) dict_keys(['daily_crypto_lstm_pipeline']) retrieved from /opt/airflow/dags/binance_daily_dag.py
[2026-07-09T09:32:43.646+0000] {logging_mixin.py:151} INFO - [2026-07-09T09:32:43.645+0000] {dag.py:2915} INFO - Sync 1 DAGs
[2026-07-09T09:32:43.666+0000] {logging_mixin.py:151} INFO - [2026-07-09T09:32:43.666+0000] {dag.py:3696} INFO - Setting next_dagrun for daily_crypto_lstm_pipeline to 2026-07-09T00:02:00+00:00, run_after=2026-07-10T00:02:00+00:00
[2026-07-09T09:32:43.689+0000] {processor.py:179} INFO - Processing /opt/airflow/dags/binance_daily_dag.py took 2.842 seconds
[2026-07-09T09:33:13.950+0000] {processor.py:157} INFO - Started process (PID=3427) to work on /opt/airflow/dags/binance_daily_dag.py
[2026-07-09T09:33:13.952+0000] {processor.py:829} INFO - Processing file /opt/airflow/dags/binance_daily_dag.py for tasks to queue
[2026-07-09T09:33:13.953+0000] {logging_mixin.py:151} INFO - [2026-07-09T09:33:13.953+0000] {dagbag.py:539} INFO - Filling up the DagBag from /opt/airflow/dags/binance_daily_dag.py
[2026-07-09T09:33:17.097+0000] {processor.py:839} INFO - DAG(s) dict_keys(['daily_crypto_lstm_pipeline']) retrieved from /opt/airflow/dags/binance_daily_dag.py
[2026-07-09T09:33:17.133+0000] {logging_mixin.py:151} INFO - [2026-07-09T09:33:17.132+0000] {dag.py:2915} INFO - Sync 1 DAGs
[2026-07-09T09:33:17.369+0000] {logging_mixin.py:151} INFO - [2026-07-09T09:33:17.369+0000] {dag.py:3696} INFO - Setting next_dagrun for daily_crypto_lstm_pipeline to 2026-07-09T00:02:00+00:00, run_after=2026-07-10T00:02:00+00:00
[2026-07-09T09:33:17.407+0000] {processor.py:179} INFO - Processing /opt/airflow/dags/binance_daily_dag.py took 3.464 seconds
[2026-07-09T09:33:47.637+0000] {processor.py:157} INFO - Started process (PID=3468) to work on /opt/airflow/dags/binance_daily_dag.py
[2026-07-09T09:33:47.638+0000] {processor.py:829} INFO - Processing file /opt/airflow/dags/binance_daily_dag.py for tasks to queue
[2026-07-09T09:33:47.640+0000] {logging_mixin.py:151} INFO - [2026-07-09T09:33:47.639+0000] {dagbag.py:539} INFO - Filling up the DagBag from /opt/airflow/dags/binance_daily_dag.py
[2026-07-09T09:33:50.568+0000] {processor.py:839} INFO - DAG(s) dict_keys(['daily_crypto_lstm_pipeline']) retrieved from /opt/airflow/dags/binance_daily_dag.py
[2026-07-09T09:33:50.598+0000] {logging_mixin.py:151} INFO - [2026-07-09T09:33:50.597+0000] {dag.py:2915} INFO - Sync 1 DAGs
[2026-07-09T09:33:50.619+0000] {logging_mixin.py:151} INFO - [2026-07-09T09:33:50.619+0000] {dag.py:3696} INFO - Setting next_dagrun for daily_crypto_lstm_pipeline to 2026-07-09T00:02:00+00:00, run_after=2026-07-10T00:02:00+00:00
[2026-07-09T09:33:50.646+0000] {processor.py:179} INFO - Processing /opt/airflow/dags/binance_daily_dag.py took 3.013 seconds
[2026-07-09T09:34:21.106+0000] {processor.py:157} INFO - Started process (PID=3501) to work on /opt/airflow/dags/binance_daily_dag.py
[2026-07-09T09:34:21.110+0000] {processor.py:829} INFO - Processing file /opt/airflow/dags/binance_daily_dag.py for tasks to queue
[2026-07-09T09:34:21.112+0000] {logging_mixin.py:151} INFO - [2026-07-09T09:34:21.111+0000] {dagbag.py:539} INFO - Filling up the DagBag from /opt/airflow/dags/binance_daily_dag.py
[2026-07-09T09:34:23.754+0000] {processor.py:839} INFO - DAG(s) dict_keys(['daily_crypto_lstm_pipeline']) retrieved from /opt/airflow/dags/binance_daily_dag.py
[2026-07-09T09:34:23.777+0000] {logging_mixin.py:151} INFO - [2026-07-09T09:34:23.776+0000] {dag.py:2915} INFO - Sync 1 DAGs
[2026-07-09T09:34:23.799+0000] {logging_mixin.py:151} INFO - [2026-07-09T09:34:23.799+0000] {dag.py:3696} INFO - Setting next_dagrun for daily_crypto_lstm_pipeline to 2026-07-09T00:02:00+00:00, run_after=2026-07-10T00:02:00+00:00
[2026-07-09T09:34:23.862+0000] {processor.py:179} INFO - Processing /opt/airflow/dags/binance_daily_dag.py took 2.762 seconds
[2026-07-09T09:34:54.289+0000] {processor.py:157} INFO - Started process (PID=3539) to work on /opt/airflow/dags/binance_daily_dag.py
[2026-07-09T09:34:54.290+0000] {processor.py:829} INFO - Processing file /opt/airflow/dags/binance_daily_dag.py for tasks to queue
[2026-07-09T09:34:54.292+0000] {logging_mixin.py:151} INFO - [2026-07-09T09:34:54.291+0000] {dagbag.py:539} INFO - Filling up the DagBag from /opt/airflow/dags/binance_daily_dag.py
[2026-07-09T09:34:57.291+0000] {processor.py:839} INFO - DAG(s) dict_keys(['daily_crypto_lstm_pipeline']) retrieved from /opt/airflow/dags/binance_daily_dag.py
[2026-07-09T09:34:57.316+0000] {logging_mixin.py:151} INFO - [2026-07-09T09:34:57.316+0000] {dag.py:2915} INFO - Sync 1 DAGs
[2026-07-09T09:34:57.516+0000] {logging_mixin.py:151} INFO - [2026-07-09T09:34:57.516+0000] {dag.py:3696} INFO - Setting next_dagrun for daily_crypto_lstm_pipeline to 2026-07-09T00:02:00+00:00, run_after=2026-07-10T00:02:00+00:00
[2026-07-09T09:34:57.578+0000] {processor.py:179} INFO - Processing /opt/airflow/dags/binance_daily_dag.py took 3.294 seconds
[2026-07-09T09:35:27.774+0000] {processor.py:157} INFO - Started process (PID=3572) to work on /opt/airflow/dags/binance_daily_dag.py
[2026-07-09T09:35:27.776+0000] {processor.py:829} INFO - Processing file /opt/airflow/dags/binance_daily_dag.py for tasks to queue
[2026-07-09T09:35:27.777+0000] {logging_mixin.py:151} INFO - [2026-07-09T09:35:27.777+0000] {dagbag.py:539} INFO - Filling up the DagBag from /opt/airflow/dags/binance_daily_dag.py
[2026-07-09T09:35:30.832+0000] {processor.py:839} INFO - DAG(s) dict_keys(['daily_crypto_lstm_pipeline']) retrieved from /opt/airflow/dags/binance_daily_dag.py
[2026-07-09T09:35:30.858+0000] {logging_mixin.py:151} INFO - [2026-07-09T09:35:30.858+0000] {dag.py:2915} INFO - Sync 1 DAGs
[2026-07-09T09:35:30.880+0000] {logging_mixin.py:151} INFO - [2026-07-09T09:35:30.880+0000] {dag.py:3696} INFO - Setting next_dagrun for daily_crypto_lstm_pipeline to 2026-07-09T00:02:00+00:00, run_after=2026-07-10T00:02:00+00:00
[2026-07-09T09:35:30.906+0000] {processor.py:179} INFO - Processing /opt/airflow/dags/binance_daily_dag.py took 3.140 seconds
[2026-07-09T09:36:01.012+0000] {processor.py:157} INFO - Started process (PID=3605) to work on /opt/airflow/dags/binance_daily_dag.py
[2026-07-09T09:36:01.014+0000] {processor.py:829} INFO - Processing file /opt/airflow/dags/binance_daily_dag.py for tasks to queue
[2026-07-09T09:36:01.015+0000] {logging_mixin.py:151} INFO - [2026-07-09T09:36:01.014+0000] {dagbag.py:539} INFO - Filling up the DagBag from /opt/airflow/dags/binance_daily_dag.py
[2026-07-09T09:36:04.202+0000] {processor.py:839} INFO - DAG(s) dict_keys(['daily_crypto_lstm_pipeline']) retrieved from /opt/airflow/dags/binance_daily_dag.py
[2026-07-09T09:36:04.229+0000] {logging_mixin.py:151} INFO - [2026-07-09T09:36:04.228+0000] {dag.py:2915} INFO - Sync 1 DAGs
[2026-07-09T09:36:04.255+0000] {logging_mixin.py:151} INFO - [2026-07-09T09:36:04.254+0000] {dag.py:3696} INFO - Setting next_dagrun for daily_crypto_lstm_pipeline to 2026-07-09T00:02:00+00:00, run_after=2026-07-10T00:02:00+00:00
[2026-07-09T09:36:04.323+0000] {processor.py:179} INFO - Processing /opt/airflow/dags/binance_daily_dag.py took 3.315 seconds
[2026-07-09T09:36:34.485+0000] {processor.py:157} INFO - Started process (PID=3639) to work on /opt/airflow/dags/binance_daily_dag.py
[2026-07-09T09:36:34.487+0000] {processor.py:829} INFO - Processing file /opt/airflow/dags/binance_daily_dag.py for tasks to queue
[2026-07-09T09:36:34.488+0000] {logging_mixin.py:151} INFO - [2026-07-09T09:36:34.487+0000] {dagbag.py:539} INFO - Filling up the DagBag from /opt/airflow/dags/binance_daily_dag.py
[2026-07-09T09:36:36.864+0000] {processor.py:839} INFO - DAG(s) dict_keys(['daily_crypto_lstm_pipeline']) retrieved from /opt/airflow/dags/binance_daily_dag.py
[2026-07-09T09:36:36.886+0000] {logging_mixin.py:151} INFO - [2026-07-09T09:36:36.886+0000] {dag.py:2915} INFO - Sync 1 DAGs
[2026-07-09T09:36:37.052+0000] {logging_mixin.py:151} INFO - [2026-07-09T09:36:37.052+0000] {dag.py:3696} INFO - Setting next_dagrun for daily_crypto_lstm_pipeline to 2026-07-09T00:02:00+00:00, run_after=2026-07-10T00:02:00+00:00
[2026-07-09T09:36:37.118+0000] {processor.py:179} INFO - Processing /opt/airflow/dags/binance_daily_dag.py took 2.637 seconds
[2026-07-09T09:37:07.256+0000] {processor.py:157} INFO - Started process (PID=3672) to work on /opt/airflow/dags/binance_daily_dag.py
[2026-07-09T09:37:07.258+0000] {processor.py:829} INFO - Processing file /opt/airflow/dags/binance_daily_dag.py for tasks to queue
[2026-07-09T09:37:07.259+0000] {logging_mixin.py:151} INFO - [2026-07-09T09:37:07.258+0000] {dagbag.py:539} INFO - Filling up the DagBag from /opt/airflow/dags/binance_daily_dag.py
[2026-07-09T09:37:09.937+0000] {processor.py:839} INFO - DAG(s) dict_keys(['daily_crypto_lstm_pipeline']) retrieved from /opt/airflow/dags/binance_daily_dag.py
[2026-07-09T09:37:09.959+0000] {logging_mixin.py:151} INFO - [2026-07-09T09:37:09.958+0000] {dag.py:2915} INFO - Sync 1 DAGs
[2026-07-09T09:37:09.978+0000] {logging_mixin.py:151} INFO - [2026-07-09T09:37:09.978+0000] {dag.py:3696} INFO - Setting next_dagrun for daily_crypto_lstm_pipeline to 2026-07-09T00:02:00+00:00, run_after=2026-07-10T00:02:00+00:00
[2026-07-09T09:37:10.037+0000] {processor.py:179} INFO - Processing /opt/airflow/dags/binance_daily_dag.py took 2.786 seconds
[2026-07-09T09:37:40.198+0000] {processor.py:157} INFO - Started process (PID=3705) to work on /opt/airflow/dags/binance_daily_dag.py
[2026-07-09T09:37:40.200+0000] {processor.py:829} INFO - Processing file /opt/airflow/dags/binance_daily_dag.py for tasks to queue
[2026-07-09T09:37:40.201+0000] {logging_mixin.py:151} INFO - [2026-07-09T09:37:40.200+0000] {dagbag.py:539} INFO - Filling up the DagBag from /opt/airflow/dags/binance_daily_dag.py
[2026-07-09T09:37:42.581+0000] {processor.py:839} INFO - DAG(s) dict_keys(['daily_crypto_lstm_pipeline']) retrieved from /opt/airflow/dags/binance_daily_dag.py
[2026-07-09T09:37:42.603+0000] {logging_mixin.py:151} INFO - [2026-07-09T09:37:42.602+0000] {dag.py:2915} INFO - Sync 1 DAGs
[2026-07-09T09:37:42.623+0000] {logging_mixin.py:151} INFO - [2026-07-09T09:37:42.622+0000] {dag.py:3696} INFO - Setting next_dagrun for daily_crypto_lstm_pipeline to 2026-07-09T00:02:00+00:00, run_after=2026-07-10T00:02:00+00:00
[2026-07-09T09:37:42.648+0000] {processor.py:179} INFO - Processing /opt/airflow/dags/binance_daily_dag.py took 2.454 seconds
[2026-07-09T09:38:13.098+0000] {processor.py:157} INFO - Started process (PID=3738) to work on /opt/airflow/dags/binance_daily_dag.py
[2026-07-09T09:38:13.099+0000] {processor.py:829} INFO - Processing file /opt/airflow/dags/binance_daily_dag.py for tasks to queue
[2026-07-09T09:38:13.100+0000] {logging_mixin.py:151} INFO - [2026-07-09T09:38:13.100+0000] {dagbag.py:539} INFO - Filling up the DagBag from /opt/airflow/dags/binance_daily_dag.py
[2026-07-09T09:38:15.585+0000] {processor.py:839} INFO - DAG(s) dict_keys(['daily_crypto_lstm_pipeline']) retrieved from /opt/airflow/dags/binance_daily_dag.py
[2026-07-09T09:38:15.611+0000] {logging_mixin.py:151} INFO - [2026-07-09T09:38:15.611+0000] {dag.py:2915} INFO - Sync 1 DAGs
[2026-07-09T09:38:15.801+0000] {logging_mixin.py:151} INFO - [2026-07-09T09:38:15.800+0000] {dag.py:3696} INFO - Setting next_dagrun for daily_crypto_lstm_pipeline to 2026-07-09T00:02:00+00:00, run_after=2026-07-10T00:02:00+00:00
[2026-07-09T09:38:15.823+0000] {processor.py:179} INFO - Processing /opt/airflow/dags/binance_daily_dag.py took 2.729 seconds
[2026-07-09T09:38:46.398+0000] {processor.py:157} INFO - Started process (PID=3779) to work on /opt/airflow/dags/binance_daily_dag.py
[2026-07-09T09:38:46.399+0000] {processor.py:829} INFO - Processing file /opt/airflow/dags/binance_daily_dag.py for tasks to queue
[2026-07-09T09:38:46.401+0000] {logging_mixin.py:151} INFO - [2026-07-09T09:38:46.400+0000] {dagbag.py:539} INFO - Filling up the DagBag from /opt/airflow/dags/binance_daily_dag.py
[2026-07-09T09:38:49.203+0000] {processor.py:839} INFO - DAG(s) dict_keys(['daily_crypto_lstm_pipeline']) retrieved from /opt/airflow/dags/binance_daily_dag.py
[2026-07-09T09:38:49.236+0000] {logging_mixin.py:151} INFO - [2026-07-09T09:38:49.235+0000] {dag.py:2915} INFO - Sync 1 DAGs
[2026-07-09T09:38:49.262+0000] {logging_mixin.py:151} INFO - [2026-07-09T09:38:49.262+0000] {dag.py:3696} INFO - Setting next_dagrun for daily_crypto_lstm_pipeline to 2026-07-09T00:02:00+00:00, run_after=2026-07-10T00:02:00+00:00
[2026-07-09T09:38:49.287+0000] {processor.py:179} INFO - Processing /opt/airflow/dags/binance_daily_dag.py took 2.895 seconds
[2026-07-09T09:39:19.644+0000] {processor.py:157} INFO - Started process (PID=3811) to work on /opt/airflow/dags/binance_daily_dag.py
[2026-07-09T09:39:19.645+0000] {processor.py:829} INFO - Processing file /opt/airflow/dags/binance_daily_dag.py for tasks to queue
[2026-07-09T09:39:19.646+0000] {logging_mixin.py:151} INFO - [2026-07-09T09:39:19.646+0000] {dagbag.py:539} INFO - Filling up the DagBag from /opt/airflow/dags/binance_daily_dag.py
[2026-07-09T09:39:21.985+0000] {processor.py:839} INFO - DAG(s) dict_keys(['daily_crypto_lstm_pipeline']) retrieved from /opt/airflow/dags/binance_daily_dag.py
[2026-07-09T09:39:22.015+0000] {logging_mixin.py:151} INFO - [2026-07-09T09:39:22.014+0000] {dag.py:2915} INFO - Sync 1 DAGs
[2026-07-09T09:39:22.042+0000] {logging_mixin.py:151} INFO - [2026-07-09T09:39:22.041+0000] {dag.py:3696} INFO - Setting next_dagrun for daily_crypto_lstm_pipeline to 2026-07-09T00:02:00+00:00, run_after=2026-07-10T00:02:00+00:00
[2026-07-09T09:39:22.105+0000] {processor.py:179} INFO - Processing /opt/airflow/dags/binance_daily_dag.py took 2.464 seconds
[2026-07-09T09:39:52.580+0000] {processor.py:157} INFO - Started process (PID=3845) to work on /opt/airflow/dags/binance_daily_dag.py
[2026-07-09T09:39:52.582+0000] {processor.py:829} INFO - Processing file /opt/airflow/dags/binance_daily_dag.py for tasks to queue
[2026-07-09T09:39:52.583+0000] {logging_mixin.py:151} INFO - [2026-07-09T09:39:52.583+0000] {dagbag.py:539} INFO - Filling up the DagBag from /opt/airflow/dags/binance_daily_dag.py
[2026-07-09T09:39:55.505+0000] {processor.py:839} INFO - DAG(s) dict_keys(['daily_crypto_lstm_pipeline']) retrieved from /opt/airflow/dags/binance_daily_dag.py
[2026-07-09T09:39:55.531+0000] {logging_mixin.py:151} INFO - [2026-07-09T09:39:55.530+0000] {dag.py:2915} INFO - Sync 1 DAGs
[2026-07-09T09:39:55.585+0000] {logging_mixin.py:151} INFO - [2026-07-09T09:39:55.584+0000] {dag.py:3696} INFO - Setting next_dagrun for daily_crypto_lstm_pipeline to 2026-07-09T00:02:00+00:00, run_after=2026-07-10T00:02:00+00:00
[2026-07-09T09:39:55.621+0000] {processor.py:179} INFO - Processing /opt/airflow/dags/binance_daily_dag.py took 3.044 seconds
[2026-07-09T09:40:26.084+0000] {processor.py:157} INFO - Started process (PID=3879) to work on /opt/airflow/dags/binance_daily_dag.py
[2026-07-09T09:40:26.091+0000] {processor.py:829} INFO - Processing file /opt/airflow/dags/binance_daily_dag.py for tasks to queue
[2026-07-09T09:40:26.096+0000] {logging_mixin.py:151} INFO - [2026-07-09T09:40:26.093+0000] {dagbag.py:539} INFO - Filling up the DagBag from /opt/airflow/dags/binance_daily_dag.py
[2026-07-09T09:40:28.676+0000] {processor.py:839} INFO - DAG(s) dict_keys(['daily_crypto_lstm_pipeline']) retrieved from /opt/airflow/dags/binance_daily_dag.py
[2026-07-09T09:40:28.718+0000] {logging_mixin.py:151} INFO - [2026-07-09T09:40:28.717+0000] {dag.py:2915} INFO - Sync 1 DAGs
[2026-07-09T09:40:28.756+0000] {logging_mixin.py:151} INFO - [2026-07-09T09:40:28.755+0000] {dag.py:3696} INFO - Setting next_dagrun for daily_crypto_lstm_pipeline to 2026-07-09T00:02:00+00:00, run_after=2026-07-10T00:02:00+00:00
[2026-07-09T09:40:28.815+0000] {processor.py:179} INFO - Processing /opt/airflow/dags/binance_daily_dag.py took 2.738 seconds
[2026-07-09T09:40:59.396+0000] {processor.py:157} INFO - Started process (PID=3917) to work on /opt/airflow/dags/binance_daily_dag.py
[2026-07-09T09:40:59.398+0000] {processor.py:829} INFO - Processing file /opt/airflow/dags/binance_daily_dag.py for tasks to queue
[2026-07-09T09:40:59.400+0000] {logging_mixin.py:151} INFO - [2026-07-09T09:40:59.399+0000] {dagbag.py:539} INFO - Filling up the DagBag from /opt/airflow/dags/binance_daily_dag.py
[2026-07-09T09:41:02.248+0000] {processor.py:839} INFO - DAG(s) dict_keys(['daily_crypto_lstm_pipeline']) retrieved from /opt/airflow/dags/binance_daily_dag.py
[2026-07-09T09:41:02.267+0000] {logging_mixin.py:151} INFO - [2026-07-09T09:41:02.267+0000] {dag.py:2915} INFO - Sync 1 DAGs
[2026-07-09T09:41:02.285+0000] {logging_mixin.py:151} INFO - [2026-07-09T09:41:02.285+0000] {dag.py:3696} INFO - Setting next_dagrun for daily_crypto_lstm_pipeline to 2026-07-09T00:02:00+00:00, run_after=2026-07-10T00:02:00+00:00
[2026-07-09T09:41:02.332+0000] {processor.py:179} INFO - Processing /opt/airflow/dags/binance_daily_dag.py took 2.940 seconds
[2026-07-09T09:41:32.708+0000] {processor.py:157} INFO - Started process (PID=3950) to work on /opt/airflow/dags/binance_daily_dag.py
[2026-07-09T09:41:32.709+0000] {processor.py:829} INFO - Processing file /opt/airflow/dags/binance_daily_dag.py for tasks to queue
[2026-07-09T09:41:32.711+0000] {logging_mixin.py:151} INFO - [2026-07-09T09:41:32.710+0000] {dagbag.py:539} INFO - Filling up the DagBag from /opt/airflow/dags/binance_daily_dag.py
[2026-07-09T09:41:35.393+0000] {processor.py:839} INFO - DAG(s) dict_keys(['daily_crypto_lstm_pipeline']) retrieved from /opt/airflow/dags/binance_daily_dag.py
[2026-07-09T09:41:35.414+0000] {logging_mixin.py:151} INFO - [2026-07-09T09:41:35.414+0000] {dag.py:2915} INFO - Sync 1 DAGs
[2026-07-09T09:41:35.433+0000] {logging_mixin.py:151} INFO - [2026-07-09T09:41:35.433+0000] {dag.py:3696} INFO - Setting next_dagrun for daily_crypto_lstm_pipeline to 2026-07-09T00:02:00+00:00, run_after=2026-07-10T00:02:00+00:00
[2026-07-09T09:41:35.452+0000] {processor.py:179} INFO - Processing /opt/airflow/dags/binance_daily_dag.py took 2.750 seconds
[2026-07-09T09:42:05.610+0000] {processor.py:157} INFO - Started process (PID=3982) to work on /opt/airflow/dags/binance_daily_dag.py
[2026-07-09T09:42:05.612+0000] {processor.py:829} INFO - Processing file /opt/airflow/dags/binance_daily_dag.py for tasks to queue
[2026-07-09T09:42:05.613+0000] {logging_mixin.py:151} INFO - [2026-07-09T09:42:05.612+0000] {dagbag.py:539} INFO - Filling up the DagBag from /opt/airflow/dags/binance_daily_dag.py
[2026-07-09T09:42:08.513+0000] {processor.py:839} INFO - DAG(s) dict_keys(['daily_crypto_lstm_pipeline']) retrieved from /opt/airflow/dags/binance_daily_dag.py
[2026-07-09T09:42:08.552+0000] {logging_mixin.py:151} INFO - [2026-07-09T09:42:08.551+0000] {dag.py:2915} INFO - Sync 1 DAGs
[2026-07-09T09:42:08.583+0000] {logging_mixin.py:151} INFO - [2026-07-09T09:42:08.583+0000] {dag.py:3696} INFO - Setting next_dagrun for daily_crypto_lstm_pipeline to 2026-07-09T00:02:00+00:00, run_after=2026-07-10T00:02:00+00:00
[2026-07-09T09:42:08.611+0000] {processor.py:179} INFO - Processing /opt/airflow/dags/binance_daily_dag.py took 3.005 seconds
[2026-07-09T09:42:38.866+0000] {processor.py:157} INFO - Started process (PID=4015) to work on /opt/airflow/dags/binance_daily_dag.py
[2026-07-09T09:42:38.867+0000] {processor.py:829} INFO - Processing file /opt/airflow/dags/binance_daily_dag.py for tasks to queue
[2026-07-09T09:42:38.868+0000] {logging_mixin.py:151} INFO - [2026-07-09T09:42:38.868+0000] {dagbag.py:539} INFO - Filling up the DagBag from /opt/airflow/dags/binance_daily_dag.py
[2026-07-09T09:42:41.469+0000] {processor.py:839} INFO - DAG(s) dict_keys(['daily_crypto_lstm_pipeline']) retrieved from /opt/airflow/dags/binance_daily_dag.py
[2026-07-09T09:42:41.488+0000] {logging_mixin.py:151} INFO - [2026-07-09T09:42:41.488+0000] {dag.py:2915} INFO - Sync 1 DAGs
[2026-07-09T09:42:41.508+0000] {logging_mixin.py:151} INFO - [2026-07-09T09:42:41.507+0000] {dag.py:3696} INFO - Setting next_dagrun for daily_crypto_lstm_pipeline to 2026-07-09T00:02:00+00:00, run_after=2026-07-10T00:02:00+00:00
[2026-07-09T09:42:41.570+0000] {processor.py:179} INFO - Processing /opt/airflow/dags/binance_daily_dag.py took 2.709 seconds
[2026-07-09T09:43:12.118+0000] {processor.py:157} INFO - Started process (PID=4049) to work on /opt/airflow/dags/binance_daily_dag.py
[2026-07-09T09:43:12.119+0000] {processor.py:829} INFO - Processing file /opt/airflow/dags/binance_daily_dag.py for tasks to queue
[2026-07-09T09:43:12.120+0000] {logging_mixin.py:151} INFO - [2026-07-09T09:43:12.120+0000] {dagbag.py:539} INFO - Filling up the DagBag from /opt/airflow/dags/binance_daily_dag.py
[2026-07-09T09:43:14.591+0000] {processor.py:839} INFO - DAG(s) dict_keys(['daily_crypto_lstm_pipeline']) retrieved from /opt/airflow/dags/binance_daily_dag.py
[2026-07-09T09:43:14.616+0000] {logging_mixin.py:151} INFO - [2026-07-09T09:43:14.615+0000] {dag.py:2915} INFO - Sync 1 DAGs
[2026-07-09T09:43:14.641+0000] {logging_mixin.py:151} INFO - [2026-07-09T09:43:14.641+0000] {dag.py:3696} INFO - Setting next_dagrun for daily_crypto_lstm_pipeline to 2026-07-09T00:02:00+00:00, run_after=2026-07-10T00:02:00+00:00
[2026-07-09T09:43:14.705+0000] {processor.py:179} INFO - Processing /opt/airflow/dags/binance_daily_dag.py took 2.591 seconds
[2026-07-09T09:43:45.432+0000] {processor.py:157} INFO - Started process (PID=4082) to work on /opt/airflow/dags/binance_daily_dag.py
[2026-07-09T09:43:45.434+0000] {processor.py:829} INFO - Processing file /opt/airflow/dags/binance_daily_dag.py for tasks to queue
[2026-07-09T09:43:45.435+0000] {logging_mixin.py:151} INFO - [2026-07-09T09:43:45.434+0000] {dagbag.py:539} INFO - Filling up the DagBag from /opt/airflow/dags/binance_daily_dag.py
[2026-07-09T09:43:47.962+0000] {processor.py:839} INFO - DAG(s) dict_keys(['daily_crypto_lstm_pipeline']) retrieved from /opt/airflow/dags/binance_daily_dag.py
[2026-07-09T09:43:47.986+0000] {logging_mixin.py:151} INFO - [2026-07-09T09:43:47.985+0000] {dag.py:2915} INFO - Sync 1 DAGs
[2026-07-09T09:43:48.007+0000] {logging_mixin.py:151} INFO - [2026-07-09T09:43:48.007+0000] {dag.py:3696} INFO - Setting next_dagrun for daily_crypto_lstm_pipeline to 2026-07-09T00:02:00+00:00, run_after=2026-07-10T00:02:00+00:00
[2026-07-09T09:43:48.072+0000] {processor.py:179} INFO - Processing /opt/airflow/dags/binance_daily_dag.py took 2.644 seconds
[2026-07-09T09:44:18.803+0000] {processor.py:157} INFO - Started process (PID=4122) to work on /opt/airflow/dags/binance_daily_dag.py
[2026-07-09T09:44:18.804+0000] {processor.py:829} INFO - Processing file /opt/airflow/dags/binance_daily_dag.py for tasks to queue
[2026-07-09T09:44:18.806+0000] {logging_mixin.py:151} INFO - [2026-07-09T09:44:18.805+0000] {dagbag.py:539} INFO - Filling up the DagBag from /opt/airflow/dags/binance_daily_dag.py
[2026-07-09T09:44:21.244+0000] {processor.py:839} INFO - DAG(s) dict_keys(['daily_crypto_lstm_pipeline']) retrieved from /opt/airflow/dags/binance_daily_dag.py
[2026-07-09T09:44:21.263+0000] {logging_mixin.py:151} INFO - [2026-07-09T09:44:21.263+0000] {dag.py:2915} INFO - Sync 1 DAGs
[2026-07-09T09:44:21.281+0000] {logging_mixin.py:151} INFO - [2026-07-09T09:44:21.281+0000] {dag.py:3696} INFO - Setting next_dagrun for daily_crypto_lstm_pipeline to 2026-07-09T00:02:00+00:00, run_after=2026-07-10T00:02:00+00:00
[2026-07-09T09:44:21.341+0000] {processor.py:179} INFO - Processing /opt/airflow/dags/binance_daily_dag.py took 2.543 seconds
[2026-07-09T09:44:52.087+0000] {processor.py:157} INFO - Started process (PID=4155) to work on /opt/airflow/dags/binance_daily_dag.py
[2026-07-09T09:44:52.088+0000] {processor.py:829} INFO - Processing file /opt/airflow/dags/binance_daily_dag.py for tasks to queue
[2026-07-09T09:44:52.090+0000] {logging_mixin.py:151} INFO - [2026-07-09T09:44:52.089+0000] {dagbag.py:539} INFO - Filling up the DagBag from /opt/airflow/dags/binance_daily_dag.py
[2026-07-09T09:44:54.488+0000] {processor.py:839} INFO - DAG(s) dict_keys(['daily_crypto_lstm_pipeline']) retrieved from /opt/airflow/dags/binance_daily_dag.py
[2026-07-09T09:44:54.508+0000] {logging_mixin.py:151} INFO - [2026-07-09T09:44:54.507+0000] {dag.py:2915} INFO - Sync 1 DAGs
[2026-07-09T09:44:54.529+0000] {logging_mixin.py:151} INFO - [2026-07-09T09:44:54.529+0000] {dag.py:3696} INFO - Setting next_dagrun for daily_crypto_lstm_pipeline to 2026-07-09T00:02:00+00:00, run_after=2026-07-10T00:02:00+00:00
[2026-07-09T09:44:54.551+0000] {processor.py:179} INFO - Processing /opt/airflow/dags/binance_daily_dag.py took 2.468 seconds
[2026-07-09T09:45:24.636+0000] {processor.py:157} INFO - Started process (PID=4188) to work on /opt/airflow/dags/binance_daily_dag.py
[2026-07-09T09:45:24.638+0000] {processor.py:829} INFO - Processing file /opt/airflow/dags/binance_daily_dag.py for tasks to queue
[2026-07-09T09:45:24.639+0000] {logging_mixin.py:151} INFO - [2026-07-09T09:45:24.638+0000] {dagbag.py:539} INFO - Filling up the DagBag from /opt/airflow/dags/binance_daily_dag.py
[2026-07-09T09:45:27.173+0000] {processor.py:839} INFO - DAG(s) dict_keys(['daily_crypto_lstm_pipeline']) retrieved from /opt/airflow/dags/binance_daily_dag.py
[2026-07-09T09:45:27.193+0000] {logging_mixin.py:151} INFO - [2026-07-09T09:45:27.193+0000] {dag.py:2915} INFO - Sync 1 DAGs
[2026-07-09T09:45:27.215+0000] {logging_mixin.py:151} INFO - [2026-07-09T09:45:27.215+0000] {dag.py:3696} INFO - Setting next_dagrun for daily_crypto_lstm_pipeline to 2026-07-09T00:02:00+00:00, run_after=2026-07-10T00:02:00+00:00
[2026-07-09T09:45:27.231+0000] {processor.py:179} INFO - Processing /opt/airflow/dags/binance_daily_dag.py took 2.599 seconds
[2026-07-09T09:45:57.456+0000] {processor.py:157} INFO - Started process (PID=4221) to work on /opt/airflow/dags/binance_daily_dag.py
[2026-07-09T09:45:57.457+0000] {processor.py:829} INFO - Processing file /opt/airflow/dags/binance_daily_dag.py for tasks to queue
[2026-07-09T09:45:57.459+0000] {logging_mixin.py:151} INFO - [2026-07-09T09:45:57.458+0000] {dagbag.py:539} INFO - Filling up the DagBag from /opt/airflow/dags/binance_daily_dag.py
[2026-07-09T09:45:59.959+0000] {processor.py:839} INFO - DAG(s) dict_keys(['daily_crypto_lstm_pipeline']) retrieved from /opt/airflow/dags/binance_daily_dag.py
[2026-07-09T09:45:59.980+0000] {logging_mixin.py:151} INFO - [2026-07-09T09:45:59.979+0000] {dag.py:2915} INFO - Sync 1 DAGs
[2026-07-09T09:46:00.000+0000] {logging_mixin.py:151} INFO - [2026-07-09T09:46:00.000+0000] {dag.py:3696} INFO - Setting next_dagrun for daily_crypto_lstm_pipeline to 2026-07-09T00:02:00+00:00, run_after=2026-07-10T00:02:00+00:00
[2026-07-09T09:46:00.066+0000] {processor.py:179} INFO - Processing /opt/airflow/dags/binance_daily_dag.py took 2.617 seconds
[2026-07-09T09:46:30.175+0000] {processor.py:157} INFO - Started process (PID=4254) to work on /opt/airflow/dags/binance_daily_dag.py
[2026-07-09T09:46:30.177+0000] {processor.py:829} INFO - Processing file /opt/airflow/dags/binance_daily_dag.py for tasks to queue
[2026-07-09T09:46:30.178+0000] {logging_mixin.py:151} INFO - [2026-07-09T09:46:30.178+0000] {dagbag.py:539} INFO - Filling up the DagBag from /opt/airflow/dags/binance_daily_dag.py
[2026-07-09T09:46:32.685+0000] {processor.py:839} INFO - DAG(s) dict_keys(['daily_crypto_lstm_pipeline']) retrieved from /opt/airflow/dags/binance_daily_dag.py
[2026-07-09T09:46:32.714+0000] {logging_mixin.py:151} INFO - [2026-07-09T09:46:32.713+0000] {dag.py:2915} INFO - Sync 1 DAGs
[2026-07-09T09:46:32.741+0000] {logging_mixin.py:151} INFO - [2026-07-09T09:46:32.740+0000] {dag.py:3696} INFO - Setting next_dagrun for daily_crypto_lstm_pipeline to 2026-07-09T00:02:00+00:00, run_after=2026-07-10T00:02:00+00:00
[2026-07-09T09:46:32.760+0000] {processor.py:179} INFO - Processing /opt/airflow/dags/binance_daily_dag.py took 2.589 seconds
[2026-07-09T09:47:03.209+0000] {processor.py:157} INFO - Started process (PID=4286) to work on /opt/airflow/dags/binance_daily_dag.py
[2026-07-09T09:47:03.211+0000] {processor.py:829} INFO - Processing file /opt/airflow/dags/binance_daily_dag.py for tasks to queue
[2026-07-09T09:47:03.212+0000] {logging_mixin.py:151} INFO - [2026-07-09T09:47:03.212+0000] {dagbag.py:539} INFO - Filling up the DagBag from /opt/airflow/dags/binance_daily_dag.py
[2026-07-09T09:47:05.830+0000] {processor.py:839} INFO - DAG(s) dict_keys(['daily_crypto_lstm_pipeline']) retrieved from /opt/airflow/dags/binance_daily_dag.py
[2026-07-09T09:47:05.852+0000] {logging_mixin.py:151} INFO - [2026-07-09T09:47:05.851+0000] {dag.py:2915} INFO - Sync 1 DAGs
[2026-07-09T09:47:05.872+0000] {logging_mixin.py:151} INFO - [2026-07-09T09:47:05.872+0000] {dag.py:3696} INFO - Setting next_dagrun for daily_crypto_lstm_pipeline to 2026-07-09T00:02:00+00:00, run_after=2026-07-10T00:02:00+00:00
[2026-07-09T09:47:05.908+0000] {processor.py:179} INFO - Processing /opt/airflow/dags/binance_daily_dag.py took 2.702 seconds
[2026-07-09T09:47:36.159+0000] {processor.py:157} INFO - Started process (PID=4324) to work on /opt/airflow/dags/binance_daily_dag.py
[2026-07-09T09:47:36.161+0000] {processor.py:829} INFO - Processing file /opt/airflow/dags/binance_daily_dag.py for tasks to queue
[2026-07-09T09:47:36.161+0000] {logging_mixin.py:151} INFO - [2026-07-09T09:47:36.161+0000] {dagbag.py:539} INFO - Filling up the DagBag from /opt/airflow/dags/binance_daily_dag.py
[2026-07-09T09:47:38.776+0000] {processor.py:839} INFO - DAG(s) dict_keys(['daily_crypto_lstm_pipeline']) retrieved from /opt/airflow/dags/binance_daily_dag.py
[2026-07-09T09:47:38.802+0000] {logging_mixin.py:151} INFO - [2026-07-09T09:47:38.801+0000] {dag.py:2915} INFO - Sync 1 DAGs
[2026-07-09T09:47:38.828+0000] {logging_mixin.py:151} INFO - [2026-07-09T09:47:38.827+0000] {dag.py:3696} INFO - Setting next_dagrun for daily_crypto_lstm_pipeline to 2026-07-09T00:02:00+00:00, run_after=2026-07-10T00:02:00+00:00
[2026-07-09T09:47:38.849+0000] {processor.py:179} INFO - Processing /opt/airflow/dags/binance_daily_dag.py took 2.695 seconds
[2026-07-09T09:48:09.305+0000] {processor.py:157} INFO - Started process (PID=4357) to work on /opt/airflow/dags/binance_daily_dag.py
[2026-07-09T09:48:09.307+0000] {processor.py:829} INFO - Processing file /opt/airflow/dags/binance_daily_dag.py for tasks to queue
[2026-07-09T09:48:09.308+0000] {logging_mixin.py:151} INFO - [2026-07-09T09:48:09.308+0000] {dagbag.py:539} INFO - Filling up the DagBag from /opt/airflow/dags/binance_daily_dag.py
[2026-07-09T09:48:11.856+0000] {processor.py:839} INFO - DAG(s) dict_keys(['daily_crypto_lstm_pipeline']) retrieved from /opt/airflow/dags/binance_daily_dag.py
[2026-07-09T09:48:11.877+0000] {logging_mixin.py:151} INFO - [2026-07-09T09:48:11.876+0000] {dag.py:2915} INFO - Sync 1 DAGs
[2026-07-09T09:48:11.899+0000] {logging_mixin.py:151} INFO - [2026-07-09T09:48:11.898+0000] {dag.py:3696} INFO - Setting next_dagrun for daily_crypto_lstm_pipeline to 2026-07-09T00:02:00+00:00, run_after=2026-07-10T00:02:00+00:00
[2026-07-09T09:48:11.921+0000] {processor.py:179} INFO - Processing /opt/airflow/dags/binance_daily_dag.py took 2.620 seconds
[2026-07-09T09:48:42.337+0000] {processor.py:157} INFO - Started process (PID=4390) to work on /opt/airflow/dags/binance_daily_dag.py
[2026-07-09T09:48:42.339+0000] {processor.py:829} INFO - Processing file /opt/airflow/dags/binance_daily_dag.py for tasks to queue
[2026-07-09T09:48:42.340+0000] {logging_mixin.py:151} INFO - [2026-07-09T09:48:42.340+0000] {dagbag.py:539} INFO - Filling up the DagBag from /opt/airflow/dags/binance_daily_dag.py
[2026-07-09T09:48:45.003+0000] {processor.py:839} INFO - DAG(s) dict_keys(['daily_crypto_lstm_pipeline']) retrieved from /opt/airflow/dags/binance_daily_dag.py
[2026-07-09T09:48:45.029+0000] {logging_mixin.py:151} INFO - [2026-07-09T09:48:45.028+0000] {dag.py:2915} INFO - Sync 1 DAGs
[2026-07-09T09:48:45.049+0000] {logging_mixin.py:151} INFO - [2026-07-09T09:48:45.049+0000] {dag.py:3696} INFO - Setting next_dagrun for daily_crypto_lstm_pipeline to 2026-07-09T00:02:00+00:00, run_after=2026-07-10T00:02:00+00:00
[2026-07-09T09:48:45.068+0000] {processor.py:179} INFO - Processing /opt/airflow/dags/binance_daily_dag.py took 2.735 seconds
[2026-07-09T09:49:16.297+0000] {processor.py:157} INFO - Started process (PID=4425) to work on /opt/airflow/dags/binance_daily_dag.py
[2026-07-09T09:49:16.299+0000] {processor.py:829} INFO - Processing file /opt/airflow/dags/binance_daily_dag.py for tasks to queue
[2026-07-09T09:49:16.300+0000] {logging_mixin.py:151} INFO - [2026-07-09T09:49:16.300+0000] {dagbag.py:539} INFO - Filling up the DagBag from /opt/airflow/dags/binance_daily_dag.py
[2026-07-09T09:49:19.155+0000] {processor.py:839} INFO - DAG(s) dict_keys(['daily_crypto_lstm_pipeline']) retrieved from /opt/airflow/dags/binance_daily_dag.py
[2026-07-09T09:49:19.178+0000] {logging_mixin.py:151} INFO - [2026-07-09T09:49:19.177+0000] {dag.py:2915} INFO - Sync 1 DAGs
[2026-07-09T09:49:19.206+0000] {logging_mixin.py:151} INFO - [2026-07-09T09:49:19.206+0000] {dag.py:3696} INFO - Setting next_dagrun for daily_crypto_lstm_pipeline to 2026-07-09T00:02:00+00:00, run_after=2026-07-10T00:02:00+00:00
[2026-07-09T09:49:19.234+0000] {processor.py:179} INFO - Processing /opt/airflow/dags/binance_daily_dag.py took 2.942 seconds
[2026-07-09T09:49:49.441+0000] {processor.py:157} INFO - Started process (PID=4465) to work on /opt/airflow/dags/binance_daily_dag.py
[2026-07-09T09:49:49.442+0000] {processor.py:829} INFO - Processing file /opt/airflow/dags/binance_daily_dag.py for tasks to queue
[2026-07-09T09:49:49.443+0000] {logging_mixin.py:151} INFO - [2026-07-09T09:49:49.443+0000] {dagbag.py:539} INFO - Filling up the DagBag from /opt/airflow/dags/binance_daily_dag.py
[2026-07-09T09:49:51.872+0000] {processor.py:839} INFO - DAG(s) dict_keys(['daily_crypto_lstm_pipeline']) retrieved from /opt/airflow/dags/binance_daily_dag.py
[2026-07-09T09:49:51.896+0000] {logging_mixin.py:151} INFO - [2026-07-09T09:49:51.895+0000] {dag.py:2915} INFO - Sync 1 DAGs
[2026-07-09T09:49:51.916+0000] {logging_mixin.py:151} INFO - [2026-07-09T09:49:51.916+0000] {dag.py:3696} INFO - Setting next_dagrun for daily_crypto_lstm_pipeline to 2026-07-09T00:02:00+00:00, run_after=2026-07-10T00:02:00+00:00
[2026-07-09T09:49:51.936+0000] {processor.py:179} INFO - Processing /opt/airflow/dags/binance_daily_dag.py took 2.499 seconds
[2026-07-09T09:50:22.304+0000] {processor.py:157} INFO - Started process (PID=4498) to work on /opt/airflow/dags/binance_daily_dag.py
[2026-07-09T09:50:22.306+0000] {processor.py:829} INFO - Processing file /opt/airflow/dags/binance_daily_dag.py for tasks to queue
[2026-07-09T09:50:22.307+0000] {logging_mixin.py:151} INFO - [2026-07-09T09:50:22.306+0000] {dagbag.py:539} INFO - Filling up the DagBag from /opt/airflow/dags/binance_daily_dag.py
[2026-07-09T09:50:25.083+0000] {processor.py:839} INFO - DAG(s) dict_keys(['daily_crypto_lstm_pipeline']) retrieved from /opt/airflow/dags/binance_daily_dag.py
[2026-07-09T09:50:25.105+0000] {logging_mixin.py:151} INFO - [2026-07-09T09:50:25.105+0000] {dag.py:2915} INFO - Sync 1 DAGs
[2026-07-09T09:50:25.125+0000] {logging_mixin.py:151} INFO - [2026-07-09T09:50:25.125+0000] {dag.py:3696} INFO - Setting next_dagrun for daily_crypto_lstm_pipeline to 2026-07-09T00:02:00+00:00, run_after=2026-07-10T00:02:00+00:00
[2026-07-09T09:50:25.188+0000] {processor.py:179} INFO - Processing /opt/airflow/dags/binance_daily_dag.py took 2.888 seconds
[2026-07-09T09:50:55.552+0000] {processor.py:157} INFO - Started process (PID=4531) to work on /opt/airflow/dags/binance_daily_dag.py
[2026-07-09T09:50:55.554+0000] {processor.py:829} INFO - Processing file /opt/airflow/dags/binance_daily_dag.py for tasks to queue
[2026-07-09T09:50:55.555+0000] {logging_mixin.py:151} INFO - [2026-07-09T09:50:55.555+0000] {dagbag.py:539} INFO - Filling up the DagBag from /opt/airflow/dags/binance_daily_dag.py
[2026-07-09T09:50:58.311+0000] {processor.py:839} INFO - DAG(s) dict_keys(['daily_crypto_lstm_pipeline']) retrieved from /opt/airflow/dags/binance_daily_dag.py
[2026-07-09T09:50:58.336+0000] {logging_mixin.py:151} INFO - [2026-07-09T09:50:58.335+0000] {dag.py:2915} INFO - Sync 1 DAGs
[2026-07-09T09:50:58.357+0000] {logging_mixin.py:151} INFO - [2026-07-09T09:50:58.357+0000] {dag.py:3696} INFO - Setting next_dagrun for daily_crypto_lstm_pipeline to 2026-07-09T00:02:00+00:00, run_after=2026-07-10T00:02:00+00:00
[2026-07-09T09:50:58.377+0000] {processor.py:179} INFO - Processing /opt/airflow/dags/binance_daily_dag.py took 2.834 seconds
[2026-07-09T09:51:29.045+0000] {processor.py:157} INFO - Started process (PID=4564) to work on /opt/airflow/dags/binance_daily_dag.py
[2026-07-09T09:51:29.047+0000] {processor.py:829} INFO - Processing file /opt/airflow/dags/binance_daily_dag.py for tasks to queue
[2026-07-09T09:51:29.048+0000] {logging_mixin.py:151} INFO - [2026-07-09T09:51:29.048+0000] {dagbag.py:539} INFO - Filling up the DagBag from /opt/airflow/dags/binance_daily_dag.py
[2026-07-09T09:51:31.807+0000] {processor.py:839} INFO - DAG(s) dict_keys(['daily_crypto_lstm_pipeline']) retrieved from /opt/airflow/dags/binance_daily_dag.py
[2026-07-09T09:51:31.829+0000] {logging_mixin.py:151} INFO - [2026-07-09T09:51:31.829+0000] {dag.py:2915} INFO - Sync 1 DAGs
[2026-07-09T09:51:31.850+0000] {logging_mixin.py:151} INFO - [2026-07-09T09:51:31.850+0000] {dag.py:3696} INFO - Setting next_dagrun for daily_crypto_lstm_pipeline to 2026-07-09T00:02:00+00:00, run_after=2026-07-10T00:02:00+00:00
[2026-07-09T09:51:31.869+0000] {processor.py:179} INFO - Processing /opt/airflow/dags/binance_daily_dag.py took 2.829 seconds
[2026-07-09T09:52:02.278+0000] {processor.py:157} INFO - Started process (PID=4597) to work on /opt/airflow/dags/binance_daily_dag.py
[2026-07-09T09:52:02.280+0000] {processor.py:829} INFO - Processing file /opt/airflow/dags/binance_daily_dag.py for tasks to queue
[2026-07-09T09:52:02.281+0000] {logging_mixin.py:151} INFO - [2026-07-09T09:52:02.280+0000] {dagbag.py:539} INFO - Filling up the DagBag from /opt/airflow/dags/binance_daily_dag.py
[2026-07-09T09:52:05.130+0000] {processor.py:839} INFO - DAG(s) dict_keys(['daily_crypto_lstm_pipeline']) retrieved from /opt/airflow/dags/binance_daily_dag.py
[2026-07-09T09:52:05.152+0000] {logging_mixin.py:151} INFO - [2026-07-09T09:52:05.152+0000] {dag.py:2915} INFO - Sync 1 DAGs
[2026-07-09T09:52:05.171+0000] {logging_mixin.py:151} INFO - [2026-07-09T09:52:05.170+0000] {dag.py:3696} INFO - Setting next_dagrun for daily_crypto_lstm_pipeline to 2026-07-09T00:02:00+00:00, run_after=2026-07-10T00:02:00+00:00
[2026-07-09T09:52:05.190+0000] {processor.py:179} INFO - Processing /opt/airflow/dags/binance_daily_dag.py took 2.916 seconds
[2026-07-09T09:52:35.813+0000] {processor.py:157} INFO - Started process (PID=4630) to work on /opt/airflow/dags/binance_daily_dag.py
[2026-07-09T09:52:35.815+0000] {processor.py:829} INFO - Processing file /opt/airflow/dags/binance_daily_dag.py for tasks to queue
[2026-07-09T09:52:35.816+0000] {logging_mixin.py:151} INFO - [2026-07-09T09:52:35.816+0000] {dagbag.py:539} INFO - Filling up the DagBag from /opt/airflow/dags/binance_daily_dag.py
[2026-07-09T09:52:39.012+0000] {processor.py:839} INFO - DAG(s) dict_keys(['daily_crypto_lstm_pipeline']) retrieved from /opt/airflow/dags/binance_daily_dag.py
[2026-07-09T09:52:39.035+0000] {logging_mixin.py:151} INFO - [2026-07-09T09:52:39.035+0000] {dag.py:2915} INFO - Sync 1 DAGs
[2026-07-09T09:52:39.059+0000] {logging_mixin.py:151} INFO - [2026-07-09T09:52:39.058+0000] {dag.py:3696} INFO - Setting next_dagrun for daily_crypto_lstm_pipeline to 2026-07-09T00:02:00+00:00, run_after=2026-07-10T00:02:00+00:00
[2026-07-09T09:52:39.123+0000] {processor.py:179} INFO - Processing /opt/airflow/dags/binance_daily_dag.py took 3.314 seconds
[2026-07-09T09:53:09.349+0000] {processor.py:157} INFO - Started process (PID=4660) to work on /opt/airflow/dags/binance_daily_dag.py
[2026-07-09T09:53:09.350+0000] {processor.py:829} INFO - Processing file /opt/airflow/dags/binance_daily_dag.py for tasks to queue
[2026-07-09T09:53:09.351+0000] {logging_mixin.py:151} INFO - [2026-07-09T09:53:09.351+0000] {dagbag.py:539} INFO - Filling up the DagBag from /opt/airflow/dags/binance_daily_dag.py
[2026-07-09T09:53:12.145+0000] {processor.py:839} INFO - DAG(s) dict_keys(['daily_crypto_lstm_pipeline']) retrieved from /opt/airflow/dags/binance_daily_dag.py
[2026-07-09T09:53:12.168+0000] {logging_mixin.py:151} INFO - [2026-07-09T09:53:12.167+0000] {dag.py:2915} INFO - Sync 1 DAGs
[2026-07-09T09:53:12.192+0000] {logging_mixin.py:151} INFO - [2026-07-09T09:53:12.192+0000] {dag.py:3696} INFO - Setting next_dagrun for daily_crypto_lstm_pipeline to 2026-07-09T00:02:00+00:00, run_after=2026-07-10T00:02:00+00:00
[2026-07-09T09:53:12.252+0000] {processor.py:179} INFO - Processing /opt/airflow/dags/binance_daily_dag.py took 2.907 seconds
[2026-07-09T09:53:42.379+0000] {processor.py:157} INFO - Started process (PID=4701) to work on /opt/airflow/dags/binance_daily_dag.py
[2026-07-09T09:53:42.382+0000] {processor.py:829} INFO - Processing file /opt/airflow/dags/binance_daily_dag.py for tasks to queue
[2026-07-09T09:53:42.384+0000] {logging_mixin.py:151} INFO - [2026-07-09T09:53:42.383+0000] {dagbag.py:539} INFO - Filling up the DagBag from /opt/airflow/dags/binance_daily_dag.py
[2026-07-09T09:53:45.138+0000] {processor.py:839} INFO - DAG(s) dict_keys(['daily_crypto_lstm_pipeline']) retrieved from /opt/airflow/dags/binance_daily_dag.py
[2026-07-09T09:53:45.163+0000] {logging_mixin.py:151} INFO - [2026-07-09T09:53:45.162+0000] {dag.py:2915} INFO - Sync 1 DAGs
[2026-07-09T09:53:45.181+0000] {logging_mixin.py:151} INFO - [2026-07-09T09:53:45.180+0000] {dag.py:3696} INFO - Setting next_dagrun for daily_crypto_lstm_pipeline to 2026-07-09T00:02:00+00:00, run_after=2026-07-10T00:02:00+00:00
[2026-07-09T09:53:45.241+0000] {processor.py:179} INFO - Processing /opt/airflow/dags/binance_daily_dag.py took 2.867 seconds
[2026-07-09T09:54:15.545+0000] {processor.py:157} INFO - Started process (PID=4731) to work on /opt/airflow/dags/binance_daily_dag.py
[2026-07-09T09:54:15.548+0000] {processor.py:829} INFO - Processing file /opt/airflow/dags/binance_daily_dag.py for tasks to queue
[2026-07-09T09:54:15.549+0000] {logging_mixin.py:151} INFO - [2026-07-09T09:54:15.549+0000] {dagbag.py:539} INFO - Filling up the DagBag from /opt/airflow/dags/binance_daily_dag.py
[2026-07-09T09:54:18.483+0000] {processor.py:839} INFO - DAG(s) dict_keys(['daily_crypto_lstm_pipeline']) retrieved from /opt/airflow/dags/binance_daily_dag.py
[2026-07-09T09:54:18.506+0000] {logging_mixin.py:151} INFO - [2026-07-09T09:54:18.505+0000] {dag.py:2915} INFO - Sync 1 DAGs
[2026-07-09T09:54:18.526+0000] {logging_mixin.py:151} INFO - [2026-07-09T09:54:18.526+0000] {dag.py:3696} INFO - Setting next_dagrun for daily_crypto_lstm_pipeline to 2026-07-09T00:02:00+00:00, run_after=2026-07-10T00:02:00+00:00
[2026-07-09T09:54:18.586+0000] {processor.py:179} INFO - Processing /opt/airflow/dags/binance_daily_dag.py took 3.049 seconds
[2026-07-09T09:54:48.853+0000] {processor.py:157} INFO - Started process (PID=4767) to work on /opt/airflow/dags/binance_daily_dag.py
[2026-07-09T09:54:48.857+0000] {processor.py:829} INFO - Processing file /opt/airflow/dags/binance_daily_dag.py for tasks to queue
[2026-07-09T09:54:48.860+0000] {logging_mixin.py:151} INFO - [2026-07-09T09:54:48.860+0000] {dagbag.py:539} INFO - Filling up the DagBag from /opt/airflow/dags/binance_daily_dag.py
[2026-07-09T09:54:52.601+0000] {processor.py:839} INFO - DAG(s) dict_keys(['daily_crypto_lstm_pipeline']) retrieved from /opt/airflow/dags/binance_daily_dag.py
[2026-07-09T09:54:52.621+0000] {logging_mixin.py:151} INFO - [2026-07-09T09:54:52.621+0000] {dag.py:2915} INFO - Sync 1 DAGs
[2026-07-09T09:54:52.644+0000] {logging_mixin.py:151} INFO - [2026-07-09T09:54:52.644+0000] {dag.py:3696} INFO - Setting next_dagrun for daily_crypto_lstm_pipeline to 2026-07-09T00:02:00+00:00, run_after=2026-07-10T00:02:00+00:00
[2026-07-09T09:54:52.666+0000] {processor.py:179} INFO - Processing /opt/airflow/dags/binance_daily_dag.py took 3.822 seconds
[2026-07-09T09:55:22.810+0000] {processor.py:157} INFO - Started process (PID=4804) to work on /opt/airflow/dags/binance_daily_dag.py
[2026-07-09T09:55:22.812+0000] {processor.py:829} INFO - Processing file /opt/airflow/dags/binance_daily_dag.py for tasks to queue
[2026-07-09T09:55:22.813+0000] {logging_mixin.py:151} INFO - [2026-07-09T09:55:22.813+0000] {dagbag.py:539} INFO - Filling up the DagBag from /opt/airflow/dags/binance_daily_dag.py
[2026-07-09T09:55:25.589+0000] {processor.py:839} INFO - DAG(s) dict_keys(['daily_crypto_lstm_pipeline']) retrieved from /opt/airflow/dags/binance_daily_dag.py
[2026-07-09T09:55:25.616+0000] {logging_mixin.py:151} INFO - [2026-07-09T09:55:25.616+0000] {dag.py:2915} INFO - Sync 1 DAGs
[2026-07-09T09:55:25.639+0000] {logging_mixin.py:151} INFO - [2026-07-09T09:55:25.639+0000] {dag.py:3696} INFO - Setting next_dagrun for daily_crypto_lstm_pipeline to 2026-07-09T00:02:00+00:00, run_after=2026-07-10T00:02:00+00:00
[2026-07-09T09:55:25.670+0000] {processor.py:179} INFO - Processing /opt/airflow/dags/binance_daily_dag.py took 2.866 seconds
[2026-07-09T09:55:56.057+0000] {processor.py:157} INFO - Started process (PID=4837) to work on /opt/airflow/dags/binance_daily_dag.py
[2026-07-09T09:55:56.059+0000] {processor.py:829} INFO - Processing file /opt/airflow/dags/binance_daily_dag.py for tasks to queue
[2026-07-09T09:55:56.060+0000] {logging_mixin.py:151} INFO - [2026-07-09T09:55:56.060+0000] {dagbag.py:539} INFO - Filling up the DagBag from /opt/airflow/dags/binance_daily_dag.py
[2026-07-09T09:55:58.939+0000] {processor.py:839} INFO - DAG(s) dict_keys(['daily_crypto_lstm_pipeline']) retrieved from /opt/airflow/dags/binance_daily_dag.py
[2026-07-09T09:55:58.959+0000] {logging_mixin.py:151} INFO - [2026-07-09T09:55:58.958+0000] {dag.py:2915} INFO - Sync 1 DAGs
[2026-07-09T09:55:58.986+0000] {logging_mixin.py:151} INFO - [2026-07-09T09:55:58.985+0000] {dag.py:3696} INFO - Setting next_dagrun for daily_crypto_lstm_pipeline to 2026-07-09T00:02:00+00:00, run_after=2026-07-10T00:02:00+00:00
[2026-07-09T09:55:59.053+0000] {processor.py:179} INFO - Processing /opt/airflow/dags/binance_daily_dag.py took 3.001 seconds
[2026-07-09T09:56:29.218+0000] {processor.py:157} INFO - Started process (PID=4870) to work on /opt/airflow/dags/binance_daily_dag.py
[2026-07-09T09:56:29.220+0000] {processor.py:829} INFO - Processing file /opt/airflow/dags/binance_daily_dag.py for tasks to queue
[2026-07-09T09:56:29.221+0000] {logging_mixin.py:151} INFO - [2026-07-09T09:56:29.221+0000] {dagbag.py:539} INFO - Filling up the DagBag from /opt/airflow/dags/binance_daily_dag.py
[2026-07-09T09:56:32.295+0000] {processor.py:839} INFO - DAG(s) dict_keys(['daily_crypto_lstm_pipeline']) retrieved from /opt/airflow/dags/binance_daily_dag.py
[2026-07-09T09:56:32.320+0000] {logging_mixin.py:151} INFO - [2026-07-09T09:56:32.319+0000] {dag.py:2915} INFO - Sync 1 DAGs
[2026-07-09T09:56:32.339+0000] {logging_mixin.py:151} INFO - [2026-07-09T09:56:32.339+0000] {dag.py:3696} INFO - Setting next_dagrun for daily_crypto_lstm_pipeline to 2026-07-09T00:02:00+00:00, run_after=2026-07-10T00:02:00+00:00
[2026-07-09T09:56:32.360+0000] {processor.py:179} INFO - Processing /opt/airflow/dags/binance_daily_dag.py took 3.146 seconds
[2026-07-09T09:57:02.605+0000] {processor.py:157} INFO - Started process (PID=4903) to work on /opt/airflow/dags/binance_daily_dag.py
[2026-07-09T09:57:02.607+0000] {processor.py:829} INFO - Processing file /opt/airflow/dags/binance_daily_dag.py for tasks to queue
[2026-07-09T09:57:02.608+0000] {logging_mixin.py:151} INFO - [2026-07-09T09:57:02.608+0000] {dagbag.py:539} INFO - Filling up the DagBag from /opt/airflow/dags/binance_daily_dag.py
[2026-07-09T09:57:06.044+0000] {processor.py:839} INFO - DAG(s) dict_keys(['daily_crypto_lstm_pipeline']) retrieved from /opt/airflow/dags/binance_daily_dag.py
[2026-07-09T09:57:06.075+0000] {logging_mixin.py:151} INFO - [2026-07-09T09:57:06.075+0000] {dag.py:2915} INFO - Sync 1 DAGs
[2026-07-09T09:57:06.103+0000] {logging_mixin.py:151} INFO - [2026-07-09T09:57:06.102+0000] {dag.py:3696} INFO - Setting next_dagrun for daily_crypto_lstm_pipeline to 2026-07-09T00:02:00+00:00, run_after=2026-07-10T00:02:00+00:00
[2026-07-09T09:57:06.136+0000] {processor.py:179} INFO - Processing /opt/airflow/dags/binance_daily_dag.py took 3.536 seconds
[2026-07-09T09:57:36.449+0000] {processor.py:157} INFO - Started process (PID=4936) to work on /opt/airflow/dags/binance_daily_dag.py
[2026-07-09T09:57:36.452+0000] {processor.py:829} INFO - Processing file /opt/airflow/dags/binance_daily_dag.py for tasks to queue
[2026-07-09T09:57:36.453+0000] {logging_mixin.py:151} INFO - [2026-07-09T09:57:36.453+0000] {dagbag.py:539} INFO - Filling up the DagBag from /opt/airflow/dags/binance_daily_dag.py
[2026-07-09T09:57:39.458+0000] {processor.py:839} INFO - DAG(s) dict_keys(['daily_crypto_lstm_pipeline']) retrieved from /opt/airflow/dags/binance_daily_dag.py
[2026-07-09T09:57:39.511+0000] {logging_mixin.py:151} INFO - [2026-07-09T09:57:39.510+0000] {dag.py:2915} INFO - Sync 1 DAGs
[2026-07-09T09:57:39.539+0000] {logging_mixin.py:151} INFO - [2026-07-09T09:57:39.538+0000] {dag.py:3696} INFO - Setting next_dagrun for daily_crypto_lstm_pipeline to 2026-07-09T00:02:00+00:00, run_after=2026-07-10T00:02:00+00:00
[2026-07-09T09:57:39.576+0000] {processor.py:179} INFO - Processing /opt/airflow/dags/binance_daily_dag.py took 3.135 seconds
[2026-07-09T09:58:09.958+0000] {processor.py:157} INFO - Started process (PID=4969) to work on /opt/airflow/dags/binance_daily_dag.py
[2026-07-09T09:58:09.960+0000] {processor.py:829} INFO - Processing file /opt/airflow/dags/binance_daily_dag.py for tasks to queue
[2026-07-09T09:58:09.961+0000] {logging_mixin.py:151} INFO - [2026-07-09T09:58:09.961+0000] {dagbag.py:539} INFO - Filling up the DagBag from /opt/airflow/dags/binance_daily_dag.py
[2026-07-09T09:58:12.891+0000] {processor.py:839} INFO - DAG(s) dict_keys(['daily_crypto_lstm_pipeline']) retrieved from /opt/airflow/dags/binance_daily_dag.py
[2026-07-09T09:58:12.923+0000] {logging_mixin.py:151} INFO - [2026-07-09T09:58:12.922+0000] {dag.py:2915} INFO - Sync 1 DAGs
[2026-07-09T09:58:12.949+0000] {logging_mixin.py:151} INFO - [2026-07-09T09:58:12.948+0000] {dag.py:3696} INFO - Setting next_dagrun for daily_crypto_lstm_pipeline to 2026-07-09T00:02:00+00:00, run_after=2026-07-10T00:02:00+00:00
[2026-07-09T09:58:13.016+0000] {processor.py:179} INFO - Processing /opt/airflow/dags/binance_daily_dag.py took 3.063 seconds
[2026-07-09T09:58:43.237+0000] {processor.py:157} INFO - Started process (PID=5002) to work on /opt/airflow/dags/binance_daily_dag.py
[2026-07-09T09:58:43.239+0000] {processor.py:829} INFO - Processing file /opt/airflow/dags/binance_daily_dag.py for tasks to queue
[2026-07-09T09:58:43.241+0000] {logging_mixin.py:151} INFO - [2026-07-09T09:58:43.241+0000] {dagbag.py:539} INFO - Filling up the DagBag from /opt/airflow/dags/binance_daily_dag.py
[2026-07-09T09:58:46.096+0000] {processor.py:839} INFO - DAG(s) dict_keys(['daily_crypto_lstm_pipeline']) retrieved from /opt/airflow/dags/binance_daily_dag.py
[2026-07-09T09:58:46.124+0000] {logging_mixin.py:151} INFO - [2026-07-09T09:58:46.123+0000] {dag.py:2915} INFO - Sync 1 DAGs
[2026-07-09T09:58:46.154+0000] {logging_mixin.py:151} INFO - [2026-07-09T09:58:46.154+0000] {dag.py:3696} INFO - Setting next_dagrun for daily_crypto_lstm_pipeline to 2026-07-09T00:02:00+00:00, run_after=2026-07-10T00:02:00+00:00
[2026-07-09T09:58:46.180+0000] {processor.py:179} INFO - Processing /opt/airflow/dags/binance_daily_dag.py took 2.949 seconds
[2026-07-09T09:59:16.770+0000] {processor.py:157} INFO - Started process (PID=5035) to work on /opt/airflow/dags/binance_daily_dag.py
[2026-07-09T09:59:16.771+0000] {processor.py:829} INFO - Processing file /opt/airflow/dags/binance_daily_dag.py for tasks to queue
[2026-07-09T09:59:16.772+0000] {logging_mixin.py:151} INFO - [2026-07-09T09:59:16.772+0000] {dagbag.py:539} INFO - Filling up the DagBag from /opt/airflow/dags/binance_daily_dag.py
[2026-07-09T09:59:19.989+0000] {processor.py:839} INFO - DAG(s) dict_keys(['daily_crypto_lstm_pipeline']) retrieved from /opt/airflow/dags/binance_daily_dag.py
[2026-07-09T09:59:20.019+0000] {logging_mixin.py:151} INFO - [2026-07-09T09:59:20.018+0000] {dag.py:2915} INFO - Sync 1 DAGs
[2026-07-09T09:59:20.042+0000] {logging_mixin.py:151} INFO - [2026-07-09T09:59:20.042+0000] {dag.py:3696} INFO - Setting next_dagrun for daily_crypto_lstm_pipeline to 2026-07-09T00:02:00+00:00, run_after=2026-07-10T00:02:00+00:00
[2026-07-09T09:59:20.107+0000] {processor.py:179} INFO - Processing /opt/airflow/dags/binance_daily_dag.py took 3.341 seconds
[2026-07-09T09:59:50.262+0000] {processor.py:157} INFO - Started process (PID=5077) to work on /opt/airflow/dags/binance_daily_dag.py
[2026-07-09T09:59:50.263+0000] {processor.py:829} INFO - Processing file /opt/airflow/dags/binance_daily_dag.py for tasks to queue
[2026-07-09T09:59:50.264+0000] {logging_mixin.py:151} INFO - [2026-07-09T09:59:50.264+0000] {dagbag.py:539} INFO - Filling up the DagBag from /opt/airflow/dags/binance_daily_dag.py
[2026-07-09T09:59:53.103+0000] {processor.py:839} INFO - DAG(s) dict_keys(['daily_crypto_lstm_pipeline']) retrieved from /opt/airflow/dags/binance_daily_dag.py
[2026-07-09T09:59:53.128+0000] {logging_mixin.py:151} INFO - [2026-07-09T09:59:53.127+0000] {dag.py:2915} INFO - Sync 1 DAGs
[2026-07-09T09:59:53.152+0000] {logging_mixin.py:151} INFO - [2026-07-09T09:59:53.152+0000] {dag.py:3696} INFO - Setting next_dagrun for daily_crypto_lstm_pipeline to 2026-07-09T00:02:00+00:00, run_after=2026-07-10T00:02:00+00:00
[2026-07-09T09:59:53.216+0000] {processor.py:179} INFO - Processing /opt/airflow/dags/binance_daily_dag.py took 2.958 seconds
[2026-07-09T10:00:23.598+0000] {processor.py:157} INFO - Started process (PID=5113) to work on /opt/airflow/dags/binance_daily_dag.py
[2026-07-09T10:00:23.600+0000] {processor.py:829} INFO - Processing file /opt/airflow/dags/binance_daily_dag.py for tasks to queue
[2026-07-09T10:00:23.601+0000] {logging_mixin.py:151} INFO - [2026-07-09T10:00:23.601+0000] {dagbag.py:539} INFO - Filling up the DagBag from /opt/airflow/dags/binance_daily_dag.py
[2026-07-09T10:00:26.639+0000] {processor.py:839} INFO - DAG(s) dict_keys(['daily_crypto_lstm_pipeline']) retrieved from /opt/airflow/dags/binance_daily_dag.py
[2026-07-09T10:00:26.671+0000] {logging_mixin.py:151} INFO - [2026-07-09T10:00:26.670+0000] {dag.py:2915} INFO - Sync 1 DAGs
[2026-07-09T10:00:26.700+0000] {logging_mixin.py:151} INFO - [2026-07-09T10:00:26.700+0000] {dag.py:3696} INFO - Setting next_dagrun for daily_crypto_lstm_pipeline to 2026-07-09T00:02:00+00:00, run_after=2026-07-10T00:02:00+00:00
[2026-07-09T10:00:26.728+0000] {processor.py:179} INFO - Processing /opt/airflow/dags/binance_daily_dag.py took 3.136 seconds
[2026-07-09T10:00:57.143+0000] {processor.py:157} INFO - Started process (PID=5146) to work on /opt/airflow/dags/binance_daily_dag.py
[2026-07-09T10:00:57.145+0000] {processor.py:829} INFO - Processing file /opt/airflow/dags/binance_daily_dag.py for tasks to queue
[2026-07-09T10:00:57.147+0000] {logging_mixin.py:151} INFO - [2026-07-09T10:00:57.146+0000] {dagbag.py:539} INFO - Filling up the DagBag from /opt/airflow/dags/binance_daily_dag.py
[2026-07-09T10:01:00.192+0000] {processor.py:839} INFO - DAG(s) dict_keys(['daily_crypto_lstm_pipeline']) retrieved from /opt/airflow/dags/binance_daily_dag.py
[2026-07-09T10:01:00.218+0000] {logging_mixin.py:151} INFO - [2026-07-09T10:01:00.217+0000] {dag.py:2915} INFO - Sync 1 DAGs
[2026-07-09T10:01:00.245+0000] {logging_mixin.py:151} INFO - [2026-07-09T10:01:00.245+0000] {dag.py:3696} INFO - Setting next_dagrun for daily_crypto_lstm_pipeline to 2026-07-09T00:02:00+00:00, run_after=2026-07-10T00:02:00+00:00
[2026-07-09T10:01:00.304+0000] {processor.py:179} INFO - Processing /opt/airflow/dags/binance_daily_dag.py took 3.167 seconds
[2026-07-09T10:01:30.409+0000] {processor.py:157} INFO - Started process (PID=5179) to work on /opt/airflow/dags/binance_daily_dag.py
[2026-07-09T10:01:30.411+0000] {processor.py:829} INFO - Processing file /opt/airflow/dags/binance_daily_dag.py for tasks to queue
[2026-07-09T10:01:30.412+0000] {logging_mixin.py:151} INFO - [2026-07-09T10:01:30.412+0000] {dagbag.py:539} INFO - Filling up the DagBag from /opt/airflow/dags/binance_daily_dag.py
[2026-07-09T10:01:33.631+0000] {processor.py:839} INFO - DAG(s) dict_keys(['daily_crypto_lstm_pipeline']) retrieved from /opt/airflow/dags/binance_daily_dag.py
[2026-07-09T10:01:33.659+0000] {logging_mixin.py:151} INFO - [2026-07-09T10:01:33.658+0000] {dag.py:2915} INFO - Sync 1 DAGs
[2026-07-09T10:01:33.685+0000] {logging_mixin.py:151} INFO - [2026-07-09T10:01:33.685+0000] {dag.py:3696} INFO - Setting next_dagrun for daily_crypto_lstm_pipeline to 2026-07-09T00:02:00+00:00, run_after=2026-07-10T00:02:00+00:00
[2026-07-09T10:01:33.715+0000] {processor.py:179} INFO - Processing /opt/airflow/dags/binance_daily_dag.py took 3.311 seconds
[2026-07-09T10:02:03.981+0000] {processor.py:157} INFO - Started process (PID=5215) to work on /opt/airflow/dags/binance_daily_dag.py
[2026-07-09T10:02:03.983+0000] {processor.py:829} INFO - Processing file /opt/airflow/dags/binance_daily_dag.py for tasks to queue
[2026-07-09T10:02:03.985+0000] {logging_mixin.py:151} INFO - [2026-07-09T10:02:03.984+0000] {dagbag.py:539} INFO - Filling up the DagBag from /opt/airflow/dags/binance_daily_dag.py
[2026-07-09T10:02:06.836+0000] {processor.py:839} INFO - DAG(s) dict_keys(['daily_crypto_lstm_pipeline']) retrieved from /opt/airflow/dags/binance_daily_dag.py
[2026-07-09T10:02:06.857+0000] {logging_mixin.py:151} INFO - [2026-07-09T10:02:06.856+0000] {dag.py:2915} INFO - Sync 1 DAGs
[2026-07-09T10:02:06.874+0000] {logging_mixin.py:151} INFO - [2026-07-09T10:02:06.874+0000] {dag.py:3696} INFO - Setting next_dagrun for daily_crypto_lstm_pipeline to 2026-07-09T00:02:00+00:00, run_after=2026-07-10T00:02:00+00:00
[2026-07-09T10:02:06.891+0000] {processor.py:179} INFO - Processing /opt/airflow/dags/binance_daily_dag.py took 2.917 seconds
[2026-07-09T10:02:37.308+0000] {processor.py:157} INFO - Started process (PID=5248) to work on /opt/airflow/dags/binance_daily_dag.py
[2026-07-09T10:02:37.310+0000] {processor.py:829} INFO - Processing file /opt/airflow/dags/binance_daily_dag.py for tasks to queue
[2026-07-09T10:02:37.311+0000] {logging_mixin.py:151} INFO - [2026-07-09T10:02:37.310+0000] {dagbag.py:539} INFO - Filling up the DagBag from /opt/airflow/dags/binance_daily_dag.py
[2026-07-09T10:02:40.396+0000] {processor.py:839} INFO - DAG(s) dict_keys(['daily_crypto_lstm_pipeline']) retrieved from /opt/airflow/dags/binance_daily_dag.py
[2026-07-09T10:02:40.429+0000] {logging_mixin.py:151} INFO - [2026-07-09T10:02:40.428+0000] {dag.py:2915} INFO - Sync 1 DAGs
[2026-07-09T10:02:40.462+0000] {logging_mixin.py:151} INFO - [2026-07-09T10:02:40.462+0000] {dag.py:3696} INFO - Setting next_dagrun for daily_crypto_lstm_pipeline to 2026-07-09T00:02:00+00:00, run_after=2026-07-10T00:02:00+00:00
[2026-07-09T10:02:40.535+0000] {processor.py:179} INFO - Processing /opt/airflow/dags/binance_daily_dag.py took 3.230 seconds
[2026-07-09T10:03:10.644+0000] {processor.py:157} INFO - Started process (PID=5281) to work on /opt/airflow/dags/binance_daily_dag.py
[2026-07-09T10:03:10.645+0000] {processor.py:829} INFO - Processing file /opt/airflow/dags/binance_daily_dag.py for tasks to queue
[2026-07-09T10:03:10.647+0000] {logging_mixin.py:151} INFO - [2026-07-09T10:03:10.646+0000] {dagbag.py:539} INFO - Filling up the DagBag from /opt/airflow/dags/binance_daily_dag.py
[2026-07-09T10:03:13.555+0000] {processor.py:839} INFO - DAG(s) dict_keys(['daily_crypto_lstm_pipeline']) retrieved from /opt/airflow/dags/binance_daily_dag.py
[2026-07-09T10:03:13.577+0000] {logging_mixin.py:151} INFO - [2026-07-09T10:03:13.577+0000] {dag.py:2915} INFO - Sync 1 DAGs
[2026-07-09T10:03:13.597+0000] {logging_mixin.py:151} INFO - [2026-07-09T10:03:13.596+0000] {dag.py:3696} INFO - Setting next_dagrun for daily_crypto_lstm_pipeline to 2026-07-09T00:02:00+00:00, run_after=2026-07-10T00:02:00+00:00
[2026-07-09T10:03:13.618+0000] {processor.py:179} INFO - Processing /opt/airflow/dags/binance_daily_dag.py took 2.979 seconds
[2026-07-09T10:03:43.955+0000] {processor.py:157} INFO - Started process (PID=5314) to work on /opt/airflow/dags/binance_daily_dag.py
[2026-07-09T10:03:43.956+0000] {processor.py:829} INFO - Processing file /opt/airflow/dags/binance_daily_dag.py for tasks to queue
[2026-07-09T10:03:43.957+0000] {logging_mixin.py:151} INFO - [2026-07-09T10:03:43.957+0000] {dagbag.py:539} INFO - Filling up the DagBag from /opt/airflow/dags/binance_daily_dag.py
[2026-07-09T10:03:46.939+0000] {processor.py:839} INFO - DAG(s) dict_keys(['daily_crypto_lstm_pipeline']) retrieved from /opt/airflow/dags/binance_daily_dag.py
[2026-07-09T10:03:46.979+0000] {logging_mixin.py:151} INFO - [2026-07-09T10:03:46.978+0000] {dag.py:2915} INFO - Sync 1 DAGs
[2026-07-09T10:03:47.020+0000] {logging_mixin.py:151} INFO - [2026-07-09T10:03:47.020+0000] {dag.py:3696} INFO - Setting next_dagrun for daily_crypto_lstm_pipeline to 2026-07-09T00:02:00+00:00, run_after=2026-07-10T00:02:00+00:00
[2026-07-09T10:03:47.047+0000] {processor.py:179} INFO - Processing /opt/airflow/dags/binance_daily_dag.py took 3.096 seconds
[2026-07-09T10:04:17.304+0000] {processor.py:157} INFO - Started process (PID=5344) to work on /opt/airflow/dags/binance_daily_dag.py
[2026-07-09T10:04:17.305+0000] {processor.py:829} INFO - Processing file /opt/airflow/dags/binance_daily_dag.py for tasks to queue
[2026-07-09T10:04:17.308+0000] {logging_mixin.py:151} INFO - [2026-07-09T10:04:17.307+0000] {dagbag.py:539} INFO - Filling up the DagBag from /opt/airflow/dags/binance_daily_dag.py
[2026-07-09T10:04:20.882+0000] {processor.py:839} INFO - DAG(s) dict_keys(['daily_crypto_lstm_pipeline']) retrieved from /opt/airflow/dags/binance_daily_dag.py
[2026-07-09T10:04:20.916+0000] {logging_mixin.py:151} INFO - [2026-07-09T10:04:20.915+0000] {dag.py:2915} INFO - Sync 1 DAGs
[2026-07-09T10:04:20.948+0000] {logging_mixin.py:151} INFO - [2026-07-09T10:04:20.948+0000] {dag.py:3696} INFO - Setting next_dagrun for daily_crypto_lstm_pipeline to 2026-07-09T00:02:00+00:00, run_after=2026-07-10T00:02:00+00:00
[2026-07-09T10:04:21.002+0000] {processor.py:179} INFO - Processing /opt/airflow/dags/binance_daily_dag.py took 3.702 seconds
[2026-07-09T10:04:51.302+0000] {processor.py:157} INFO - Started process (PID=5384) to work on /opt/airflow/dags/binance_daily_dag.py
[2026-07-09T10:04:51.304+0000] {processor.py:829} INFO - Processing file /opt/airflow/dags/binance_daily_dag.py for tasks to queue
[2026-07-09T10:04:51.306+0000] {logging_mixin.py:151} INFO - [2026-07-09T10:04:51.306+0000] {dagbag.py:539} INFO - Filling up the DagBag from /opt/airflow/dags/binance_daily_dag.py
[2026-07-09T10:04:54.031+0000] {processor.py:839} INFO - DAG(s) dict_keys(['daily_crypto_lstm_pipeline']) retrieved from /opt/airflow/dags/binance_daily_dag.py
[2026-07-09T10:04:54.056+0000] {logging_mixin.py:151} INFO - [2026-07-09T10:04:54.055+0000] {dag.py:2915} INFO - Sync 1 DAGs
[2026-07-09T10:04:54.079+0000] {logging_mixin.py:151} INFO - [2026-07-09T10:04:54.079+0000] {dag.py:3696} INFO - Setting next_dagrun for daily_crypto_lstm_pipeline to 2026-07-09T00:02:00+00:00, run_after=2026-07-10T00:02:00+00:00
[2026-07-09T10:04:54.102+0000] {processor.py:179} INFO - Processing /opt/airflow/dags/binance_daily_dag.py took 2.805 seconds
[2026-07-09T10:05:24.551+0000] {processor.py:157} INFO - Started process (PID=5417) to work on /opt/airflow/dags/binance_daily_dag.py
[2026-07-09T10:05:24.553+0000] {processor.py:829} INFO - Processing file /opt/airflow/dags/binance_daily_dag.py for tasks to queue
[2026-07-09T10:05:24.560+0000] {logging_mixin.py:151} INFO - [2026-07-09T10:05:24.559+0000] {dagbag.py:539} INFO - Filling up the DagBag from /opt/airflow/dags/binance_daily_dag.py
[2026-07-09T10:05:34.017+0000] {processor.py:839} INFO - DAG(s) dict_keys(['daily_crypto_lstm_pipeline']) retrieved from /opt/airflow/dags/binance_daily_dag.py
[2026-07-09T10:05:34.107+0000] {logging_mixin.py:151} INFO - [2026-07-09T10:05:34.106+0000] {dag.py:2915} INFO - Sync 1 DAGs
[2026-07-09T10:05:34.148+0000] {logging_mixin.py:151} INFO - [2026-07-09T10:05:34.148+0000] {dag.py:3696} INFO - Setting next_dagrun for daily_crypto_lstm_pipeline to 2026-07-09T00:02:00+00:00, run_after=2026-07-10T00:02:00+00:00
[2026-07-09T10:05:34.190+0000] {processor.py:179} INFO - Processing /opt/airflow/dags/binance_daily_dag.py took 9.647 seconds
[2026-07-09T10:06:04.877+0000] {processor.py:157} INFO - Started process (PID=5460) to work on /opt/airflow/dags/binance_daily_dag.py
[2026-07-09T10:06:04.881+0000] {processor.py:829} INFO - Processing file /opt/airflow/dags/binance_daily_dag.py for tasks to queue
[2026-07-09T10:06:04.884+0000] {logging_mixin.py:151} INFO - [2026-07-09T10:06:04.883+0000] {dagbag.py:539} INFO - Filling up the DagBag from /opt/airflow/dags/binance_daily_dag.py
[2026-07-09T10:06:08.585+0000] {processor.py:839} INFO - DAG(s) dict_keys(['daily_crypto_lstm_pipeline']) retrieved from /opt/airflow/dags/binance_daily_dag.py
[2026-07-09T10:06:08.606+0000] {logging_mixin.py:151} INFO - [2026-07-09T10:06:08.605+0000] {dag.py:2915} INFO - Sync 1 DAGs
[2026-07-09T10:06:08.628+0000] {logging_mixin.py:151} INFO - [2026-07-09T10:06:08.628+0000] {dag.py:3696} INFO - Setting next_dagrun for daily_crypto_lstm_pipeline to 2026-07-09T00:02:00+00:00, run_after=2026-07-10T00:02:00+00:00
[2026-07-09T10:06:08.668+0000] {processor.py:179} INFO - Processing /opt/airflow/dags/binance_daily_dag.py took 3.804 seconds
[2026-07-09T10:06:39.016+0000] {processor.py:157} INFO - Started process (PID=5493) to work on /opt/airflow/dags/binance_daily_dag.py
[2026-07-09T10:06:39.019+0000] {processor.py:829} INFO - Processing file /opt/airflow/dags/binance_daily_dag.py for tasks to queue
[2026-07-09T10:06:39.021+0000] {logging_mixin.py:151} INFO - [2026-07-09T10:06:39.020+0000] {dagbag.py:539} INFO - Filling up the DagBag from /opt/airflow/dags/binance_daily_dag.py
[2026-07-09T10:06:42.226+0000] {processor.py:839} INFO - DAG(s) dict_keys(['daily_crypto_lstm_pipeline']) retrieved from /opt/airflow/dags/binance_daily_dag.py
[2026-07-09T10:06:42.245+0000] {logging_mixin.py:151} INFO - [2026-07-09T10:06:42.245+0000] {dag.py:2915} INFO - Sync 1 DAGs
[2026-07-09T10:06:42.263+0000] {logging_mixin.py:151} INFO - [2026-07-09T10:06:42.262+0000] {dag.py:3696} INFO - Setting next_dagrun for daily_crypto_lstm_pipeline to 2026-07-09T00:02:00+00:00, run_after=2026-07-10T00:02:00+00:00
[2026-07-09T10:06:42.321+0000] {processor.py:179} INFO - Processing /opt/airflow/dags/binance_daily_dag.py took 3.317 seconds
[2026-07-09T10:07:12.451+0000] {processor.py:157} INFO - Started process (PID=5526) to work on /opt/airflow/dags/binance_daily_dag.py
[2026-07-09T10:07:12.452+0000] {processor.py:829} INFO - Processing file /opt/airflow/dags/binance_daily_dag.py for tasks to queue
[2026-07-09T10:07:12.453+0000] {logging_mixin.py:151} INFO - [2026-07-09T10:07:12.453+0000] {dagbag.py:539} INFO - Filling up the DagBag from /opt/airflow/dags/binance_daily_dag.py
[2026-07-09T10:07:15.044+0000] {processor.py:839} INFO - DAG(s) dict_keys(['daily_crypto_lstm_pipeline']) retrieved from /opt/airflow/dags/binance_daily_dag.py
[2026-07-09T10:07:15.071+0000] {logging_mixin.py:151} INFO - [2026-07-09T10:07:15.070+0000] {dag.py:2915} INFO - Sync 1 DAGs
[2026-07-09T10:07:15.099+0000] {logging_mixin.py:151} INFO - [2026-07-09T10:07:15.098+0000] {dag.py:3696} INFO - Setting next_dagrun for daily_crypto_lstm_pipeline to 2026-07-09T00:02:00+00:00, run_after=2026-07-10T00:02:00+00:00
[2026-07-09T10:07:15.159+0000] {processor.py:179} INFO - Processing /opt/airflow/dags/binance_daily_dag.py took 2.714 seconds
[2026-07-09T10:07:45.381+0000] {processor.py:157} INFO - Started process (PID=5560) to work on /opt/airflow/dags/binance_daily_dag.py
[2026-07-09T10:07:45.382+0000] {processor.py:829} INFO - Processing file /opt/airflow/dags/binance_daily_dag.py for tasks to queue
[2026-07-09T10:07:45.384+0000] {logging_mixin.py:151} INFO - [2026-07-09T10:07:45.383+0000] {dagbag.py:539} INFO - Filling up the DagBag from /opt/airflow/dags/binance_daily_dag.py
[2026-07-09T10:07:48.308+0000] {processor.py:839} INFO - DAG(s) dict_keys(['daily_crypto_lstm_pipeline']) retrieved from /opt/airflow/dags/binance_daily_dag.py
[2026-07-09T10:07:48.326+0000] {logging_mixin.py:151} INFO - [2026-07-09T10:07:48.326+0000] {dag.py:2915} INFO - Sync 1 DAGs
[2026-07-09T10:07:48.345+0000] {logging_mixin.py:151} INFO - [2026-07-09T10:07:48.345+0000] {dag.py:3696} INFO - Setting next_dagrun for daily_crypto_lstm_pipeline to 2026-07-09T00:02:00+00:00, run_after=2026-07-10T00:02:00+00:00
[2026-07-09T10:07:48.363+0000] {processor.py:179} INFO - Processing /opt/airflow/dags/binance_daily_dag.py took 2.986 seconds
[2026-07-09T10:08:18.728+0000] {processor.py:157} INFO - Started process (PID=5593) to work on /opt/airflow/dags/binance_daily_dag.py
[2026-07-09T10:08:18.730+0000] {processor.py:829} INFO - Processing file /opt/airflow/dags/binance_daily_dag.py for tasks to queue
[2026-07-09T10:08:18.731+0000] {logging_mixin.py:151} INFO - [2026-07-09T10:08:18.731+0000] {dagbag.py:539} INFO - Filling up the DagBag from /opt/airflow/dags/binance_daily_dag.py
[2026-07-09T10:08:21.260+0000] {processor.py:839} INFO - DAG(s) dict_keys(['daily_crypto_lstm_pipeline']) retrieved from /opt/airflow/dags/binance_daily_dag.py
[2026-07-09T10:08:21.281+0000] {logging_mixin.py:151} INFO - [2026-07-09T10:08:21.281+0000] {dag.py:2915} INFO - Sync 1 DAGs
[2026-07-09T10:08:21.302+0000] {logging_mixin.py:151} INFO - [2026-07-09T10:08:21.302+0000] {dag.py:3696} INFO - Setting next_dagrun for daily_crypto_lstm_pipeline to 2026-07-09T00:02:00+00:00, run_after=2026-07-10T00:02:00+00:00
[2026-07-09T10:08:21.360+0000] {processor.py:179} INFO - Processing /opt/airflow/dags/binance_daily_dag.py took 2.636 seconds
[2026-07-09T10:08:51.596+0000] {processor.py:157} INFO - Started process (PID=5625) to work on /opt/airflow/dags/binance_daily_dag.py
[2026-07-09T10:08:51.600+0000] {processor.py:829} INFO - Processing file /opt/airflow/dags/binance_daily_dag.py for tasks to queue
[2026-07-09T10:08:51.602+0000] {logging_mixin.py:151} INFO - [2026-07-09T10:08:51.601+0000] {dagbag.py:539} INFO - Filling up the DagBag from /opt/airflow/dags/binance_daily_dag.py
[2026-07-09T10:08:55.209+0000] {processor.py:839} INFO - DAG(s) dict_keys(['daily_crypto_lstm_pipeline']) retrieved from /opt/airflow/dags/binance_daily_dag.py
[2026-07-09T10:08:55.247+0000] {logging_mixin.py:151} INFO - [2026-07-09T10:08:55.246+0000] {dag.py:2915} INFO - Sync 1 DAGs
[2026-07-09T10:08:55.270+0000] {logging_mixin.py:151} INFO - [2026-07-09T10:08:55.270+0000] {dag.py:3696} INFO - Setting next_dagrun for daily_crypto_lstm_pipeline to 2026-07-09T00:02:00+00:00, run_after=2026-07-10T00:02:00+00:00
[2026-07-09T10:08:55.332+0000] {processor.py:179} INFO - Processing /opt/airflow/dags/binance_daily_dag.py took 3.747 seconds
[2026-07-09T10:09:25.618+0000] {processor.py:157} INFO - Started process (PID=5666) to work on /opt/airflow/dags/binance_daily_dag.py
[2026-07-09T10:09:25.619+0000] {processor.py:829} INFO - Processing file /opt/airflow/dags/binance_daily_dag.py for tasks to queue
[2026-07-09T10:09:25.621+0000] {logging_mixin.py:151} INFO - [2026-07-09T10:09:25.620+0000] {dagbag.py:539} INFO - Filling up the DagBag from /opt/airflow/dags/binance_daily_dag.py
[2026-07-09T10:09:28.492+0000] {processor.py:839} INFO - DAG(s) dict_keys(['daily_crypto_lstm_pipeline']) retrieved from /opt/airflow/dags/binance_daily_dag.py
[2026-07-09T10:09:28.516+0000] {logging_mixin.py:151} INFO - [2026-07-09T10:09:28.516+0000] {dag.py:2915} INFO - Sync 1 DAGs
[2026-07-09T10:09:28.543+0000] {logging_mixin.py:151} INFO - [2026-07-09T10:09:28.543+0000] {dag.py:3696} INFO - Setting next_dagrun for daily_crypto_lstm_pipeline to 2026-07-09T00:02:00+00:00, run_after=2026-07-10T00:02:00+00:00
[2026-07-09T10:09:28.573+0000] {processor.py:179} INFO - Processing /opt/airflow/dags/binance_daily_dag.py took 2.965 seconds
[2026-07-09T10:09:58.950+0000] {processor.py:157} INFO - Started process (PID=5699) to work on /opt/airflow/dags/binance_daily_dag.py
[2026-07-09T10:09:58.952+0000] {processor.py:829} INFO - Processing file /opt/airflow/dags/binance_daily_dag.py for tasks to queue
[2026-07-09T10:09:58.953+0000] {logging_mixin.py:151} INFO - [2026-07-09T10:09:58.953+0000] {dagbag.py:539} INFO - Filling up the DagBag from /opt/airflow/dags/binance_daily_dag.py
[2026-07-09T10:10:02.245+0000] {processor.py:839} INFO - DAG(s) dict_keys(['daily_crypto_lstm_pipeline']) retrieved from /opt/airflow/dags/binance_daily_dag.py
[2026-07-09T10:10:02.273+0000] {logging_mixin.py:151} INFO - [2026-07-09T10:10:02.272+0000] {dag.py:2915} INFO - Sync 1 DAGs
[2026-07-09T10:10:02.300+0000] {logging_mixin.py:151} INFO - [2026-07-09T10:10:02.300+0000] {dag.py:3696} INFO - Setting next_dagrun for daily_crypto_lstm_pipeline to 2026-07-09T00:02:00+00:00, run_after=2026-07-10T00:02:00+00:00
[2026-07-09T10:10:02.369+0000] {processor.py:179} INFO - Processing /opt/airflow/dags/binance_daily_dag.py took 3.426 seconds
[2026-07-09T10:10:32.926+0000] {processor.py:157} INFO - Started process (PID=5735) to work on /opt/airflow/dags/binance_daily_dag.py
[2026-07-09T10:10:32.928+0000] {processor.py:829} INFO - Processing file /opt/airflow/dags/binance_daily_dag.py for tasks to queue
[2026-07-09T10:10:32.929+0000] {logging_mixin.py:151} INFO - [2026-07-09T10:10:32.928+0000] {dagbag.py:539} INFO - Filling up the DagBag from /opt/airflow/dags/binance_daily_dag.py
[2026-07-09T10:10:35.593+0000] {processor.py:839} INFO - DAG(s) dict_keys(['daily_crypto_lstm_pipeline']) retrieved from /opt/airflow/dags/binance_daily_dag.py
[2026-07-09T10:10:35.619+0000] {logging_mixin.py:151} INFO - [2026-07-09T10:10:35.618+0000] {dag.py:2915} INFO - Sync 1 DAGs
[2026-07-09T10:10:35.642+0000] {logging_mixin.py:151} INFO - [2026-07-09T10:10:35.642+0000] {dag.py:3696} INFO - Setting next_dagrun for daily_crypto_lstm_pipeline to 2026-07-09T00:02:00+00:00, run_after=2026-07-10T00:02:00+00:00
[2026-07-09T10:10:35.670+0000] {processor.py:179} INFO - Processing /opt/airflow/dags/binance_daily_dag.py took 2.748 seconds
[2026-07-09T10:11:05.772+0000] {processor.py:157} INFO - Started process (PID=5765) to work on /opt/airflow/dags/binance_daily_dag.py
[2026-07-09T10:11:05.774+0000] {processor.py:829} INFO - Processing file /opt/airflow/dags/binance_daily_dag.py for tasks to queue
[2026-07-09T10:11:05.775+0000] {logging_mixin.py:151} INFO - [2026-07-09T10:11:05.774+0000] {dagbag.py:539} INFO - Filling up the DagBag from /opt/airflow/dags/binance_daily_dag.py
[2026-07-09T10:11:09.789+0000] {processor.py:839} INFO - DAG(s) dict_keys(['daily_crypto_lstm_pipeline']) retrieved from /opt/airflow/dags/binance_daily_dag.py
[2026-07-09T10:11:09.817+0000] {logging_mixin.py:151} INFO - [2026-07-09T10:11:09.817+0000] {dag.py:2915} INFO - Sync 1 DAGs
[2026-07-09T10:11:09.844+0000] {logging_mixin.py:151} INFO - [2026-07-09T10:11:09.843+0000] {dag.py:3696} INFO - Setting next_dagrun for daily_crypto_lstm_pipeline to 2026-07-09T00:02:00+00:00, run_after=2026-07-10T00:02:00+00:00
[2026-07-09T10:11:09.874+0000] {processor.py:179} INFO - Processing /opt/airflow/dags/binance_daily_dag.py took 4.107 seconds
[2026-07-09T10:11:40.034+0000] {processor.py:157} INFO - Started process (PID=5803) to work on /opt/airflow/dags/binance_daily_dag.py
[2026-07-09T10:11:40.036+0000] {processor.py:829} INFO - Processing file /opt/airflow/dags/binance_daily_dag.py for tasks to queue
[2026-07-09T10:11:40.037+0000] {logging_mixin.py:151} INFO - [2026-07-09T10:11:40.037+0000] {dagbag.py:539} INFO - Filling up the DagBag from /opt/airflow/dags/binance_daily_dag.py
[2026-07-09T10:11:42.598+0000] {processor.py:839} INFO - DAG(s) dict_keys(['daily_crypto_lstm_pipeline']) retrieved from /opt/airflow/dags/binance_daily_dag.py
[2026-07-09T10:11:42.619+0000] {logging_mixin.py:151} INFO - [2026-07-09T10:11:42.619+0000] {dag.py:2915} INFO - Sync 1 DAGs
[2026-07-09T10:11:42.638+0000] {logging_mixin.py:151} INFO - [2026-07-09T10:11:42.638+0000] {dag.py:3696} INFO - Setting next_dagrun for daily_crypto_lstm_pipeline to 2026-07-09T00:02:00+00:00, run_after=2026-07-10T00:02:00+00:00
[2026-07-09T10:11:42.696+0000] {processor.py:179} INFO - Processing /opt/airflow/dags/binance_daily_dag.py took 2.669 seconds
[2026-07-09T10:12:13.368+0000] {processor.py:157} INFO - Started process (PID=5836) to work on /opt/airflow/dags/binance_daily_dag.py
[2026-07-09T10:12:13.369+0000] {processor.py:829} INFO - Processing file /opt/airflow/dags/binance_daily_dag.py for tasks to queue
[2026-07-09T10:12:13.370+0000] {logging_mixin.py:151} INFO - [2026-07-09T10:12:13.370+0000] {dagbag.py:539} INFO - Filling up the DagBag from /opt/airflow/dags/binance_daily_dag.py
[2026-07-09T10:12:16.601+0000] {processor.py:839} INFO - DAG(s) dict_keys(['daily_crypto_lstm_pipeline']) retrieved from /opt/airflow/dags/binance_daily_dag.py
[2026-07-09T10:12:16.625+0000] {logging_mixin.py:151} INFO - [2026-07-09T10:12:16.624+0000] {dag.py:2915} INFO - Sync 1 DAGs
[2026-07-09T10:12:16.644+0000] {logging_mixin.py:151} INFO - [2026-07-09T10:12:16.644+0000] {dag.py:3696} INFO - Setting next_dagrun for daily_crypto_lstm_pipeline to 2026-07-09T00:02:00+00:00, run_after=2026-07-10T00:02:00+00:00
[2026-07-09T10:12:16.665+0000] {processor.py:179} INFO - Processing /opt/airflow/dags/binance_daily_dag.py took 3.303 seconds
[2026-07-09T10:12:47.623+0000] {processor.py:157} INFO - Started process (PID=5872) to work on /opt/airflow/dags/binance_daily_dag.py
[2026-07-09T10:12:47.625+0000] {processor.py:829} INFO - Processing file /opt/airflow/dags/binance_daily_dag.py for tasks to queue
[2026-07-09T10:12:47.626+0000] {logging_mixin.py:151} INFO - [2026-07-09T10:12:47.625+0000] {dagbag.py:539} INFO - Filling up the DagBag from /opt/airflow/dags/binance_daily_dag.py
[2026-07-09T10:12:51.006+0000] {processor.py:839} INFO - DAG(s) dict_keys(['daily_crypto_lstm_pipeline']) retrieved from /opt/airflow/dags/binance_daily_dag.py
[2026-07-09T10:12:51.028+0000] {logging_mixin.py:151} INFO - [2026-07-09T10:12:51.027+0000] {dag.py:2915} INFO - Sync 1 DAGs
[2026-07-09T10:12:51.048+0000] {logging_mixin.py:151} INFO - [2026-07-09T10:12:51.048+0000] {dag.py:3696} INFO - Setting next_dagrun for daily_crypto_lstm_pipeline to 2026-07-09T00:02:00+00:00, run_after=2026-07-10T00:02:00+00:00
[2026-07-09T10:12:51.108+0000] {processor.py:179} INFO - Processing /opt/airflow/dags/binance_daily_dag.py took 3.489 seconds
[2026-07-09T10:13:21.417+0000] {processor.py:157} INFO - Started process (PID=5905) to work on /opt/airflow/dags/binance_daily_dag.py
[2026-07-09T10:13:21.419+0000] {processor.py:829} INFO - Processing file /opt/airflow/dags/binance_daily_dag.py for tasks to queue
[2026-07-09T10:13:21.420+0000] {logging_mixin.py:151} INFO - [2026-07-09T10:13:21.420+0000] {dagbag.py:539} INFO - Filling up the DagBag from /opt/airflow/dags/binance_daily_dag.py
[2026-07-09T10:13:24.123+0000] {processor.py:839} INFO - DAG(s) dict_keys(['daily_crypto_lstm_pipeline']) retrieved from /opt/airflow/dags/binance_daily_dag.py
[2026-07-09T10:13:24.146+0000] {logging_mixin.py:151} INFO - [2026-07-09T10:13:24.146+0000] {dag.py:2915} INFO - Sync 1 DAGs
[2026-07-09T10:13:24.167+0000] {logging_mixin.py:151} INFO - [2026-07-09T10:13:24.167+0000] {dag.py:3696} INFO - Setting next_dagrun for daily_crypto_lstm_pipeline to 2026-07-09T00:02:00+00:00, run_after=2026-07-10T00:02:00+00:00
[2026-07-09T10:13:24.228+0000] {processor.py:179} INFO - Processing /opt/airflow/dags/binance_daily_dag.py took 2.817 seconds
[2026-07-09T10:13:54.779+0000] {processor.py:157} INFO - Started process (PID=5945) to work on /opt/airflow/dags/binance_daily_dag.py
[2026-07-09T10:13:54.780+0000] {processor.py:829} INFO - Processing file /opt/airflow/dags/binance_daily_dag.py for tasks to queue
[2026-07-09T10:13:54.782+0000] {logging_mixin.py:151} INFO - [2026-07-09T10:13:54.781+0000] {dagbag.py:539} INFO - Filling up the DagBag from /opt/airflow/dags/binance_daily_dag.py
[2026-07-09T10:13:57.524+0000] {processor.py:839} INFO - DAG(s) dict_keys(['daily_crypto_lstm_pipeline']) retrieved from /opt/airflow/dags/binance_daily_dag.py
[2026-07-09T10:13:57.564+0000] {logging_mixin.py:151} INFO - [2026-07-09T10:13:57.563+0000] {dag.py:2915} INFO - Sync 1 DAGs
[2026-07-09T10:13:57.598+0000] {logging_mixin.py:151} INFO - [2026-07-09T10:13:57.598+0000] {dag.py:3696} INFO - Setting next_dagrun for daily_crypto_lstm_pipeline to 2026-07-09T00:02:00+00:00, run_after=2026-07-10T00:02:00+00:00
[2026-07-09T10:13:57.667+0000] {processor.py:179} INFO - Processing /opt/airflow/dags/binance_daily_dag.py took 2.892 seconds
[2026-07-09T10:14:28.302+0000] {processor.py:157} INFO - Started process (PID=5978) to work on /opt/airflow/dags/binance_daily_dag.py
[2026-07-09T10:14:28.304+0000] {processor.py:829} INFO - Processing file /opt/airflow/dags/binance_daily_dag.py for tasks to queue
[2026-07-09T10:14:28.305+0000] {logging_mixin.py:151} INFO - [2026-07-09T10:14:28.305+0000] {dagbag.py:539} INFO - Filling up the DagBag from /opt/airflow/dags/binance_daily_dag.py
[2026-07-09T10:14:30.929+0000] {processor.py:839} INFO - DAG(s) dict_keys(['daily_crypto_lstm_pipeline']) retrieved from /opt/airflow/dags/binance_daily_dag.py
[2026-07-09T10:14:30.953+0000] {logging_mixin.py:151} INFO - [2026-07-09T10:14:30.952+0000] {dag.py:2915} INFO - Sync 1 DAGs
[2026-07-09T10:14:30.975+0000] {logging_mixin.py:151} INFO - [2026-07-09T10:14:30.975+0000] {dag.py:3696} INFO - Setting next_dagrun for daily_crypto_lstm_pipeline to 2026-07-09T00:02:00+00:00, run_after=2026-07-10T00:02:00+00:00
[2026-07-09T10:14:31.036+0000] {processor.py:179} INFO - Processing /opt/airflow/dags/binance_daily_dag.py took 2.739 seconds
[2026-07-09T10:15:01.323+0000] {processor.py:157} INFO - Started process (PID=6012) to work on /opt/airflow/dags/binance_daily_dag.py
[2026-07-09T10:15:01.325+0000] {processor.py:829} INFO - Processing file /opt/airflow/dags/binance_daily_dag.py for tasks to queue
[2026-07-09T10:15:01.327+0000] {logging_mixin.py:151} INFO - [2026-07-09T10:15:01.326+0000] {dagbag.py:539} INFO - Filling up the DagBag from /opt/airflow/dags/binance_daily_dag.py
[2026-07-09T10:15:04.188+0000] {processor.py:839} INFO - DAG(s) dict_keys(['daily_crypto_lstm_pipeline']) retrieved from /opt/airflow/dags/binance_daily_dag.py
[2026-07-09T10:15:04.212+0000] {logging_mixin.py:151} INFO - [2026-07-09T10:15:04.211+0000] {dag.py:2915} INFO - Sync 1 DAGs
[2026-07-09T10:15:04.235+0000] {logging_mixin.py:151} INFO - [2026-07-09T10:15:04.234+0000] {dag.py:3696} INFO - Setting next_dagrun for daily_crypto_lstm_pipeline to 2026-07-09T00:02:00+00:00, run_after=2026-07-10T00:02:00+00:00
[2026-07-09T10:15:04.257+0000] {processor.py:179} INFO - Processing /opt/airflow/dags/binance_daily_dag.py took 2.939 seconds
[2026-07-09T10:15:34.466+0000] {processor.py:157} INFO - Started process (PID=6045) to work on /opt/airflow/dags/binance_daily_dag.py
[2026-07-09T10:15:34.467+0000] {processor.py:829} INFO - Processing file /opt/airflow/dags/binance_daily_dag.py for tasks to queue
[2026-07-09T10:15:34.468+0000] {logging_mixin.py:151} INFO - [2026-07-09T10:15:34.468+0000] {dagbag.py:539} INFO - Filling up the DagBag from /opt/airflow/dags/binance_daily_dag.py
[2026-07-09T10:15:37.240+0000] {processor.py:839} INFO - DAG(s) dict_keys(['daily_crypto_lstm_pipeline']) retrieved from /opt/airflow/dags/binance_daily_dag.py
[2026-07-09T10:15:37.262+0000] {logging_mixin.py:151} INFO - [2026-07-09T10:15:37.261+0000] {dag.py:2915} INFO - Sync 1 DAGs
[2026-07-09T10:15:37.281+0000] {logging_mixin.py:151} INFO - [2026-07-09T10:15:37.281+0000] {dag.py:3696} INFO - Setting next_dagrun for daily_crypto_lstm_pipeline to 2026-07-09T00:02:00+00:00, run_after=2026-07-10T00:02:00+00:00
[2026-07-09T10:15:37.344+0000] {processor.py:179} INFO - Processing /opt/airflow/dags/binance_daily_dag.py took 2.882 seconds
[2026-07-09T10:16:07.700+0000] {processor.py:157} INFO - Started process (PID=6078) to work on /opt/airflow/dags/binance_daily_dag.py
[2026-07-09T10:16:07.701+0000] {processor.py:829} INFO - Processing file /opt/airflow/dags/binance_daily_dag.py for tasks to queue
[2026-07-09T10:16:07.702+0000] {logging_mixin.py:151} INFO - [2026-07-09T10:16:07.702+0000] {dagbag.py:539} INFO - Filling up the DagBag from /opt/airflow/dags/binance_daily_dag.py
[2026-07-09T10:16:10.576+0000] {processor.py:839} INFO - DAG(s) dict_keys(['daily_crypto_lstm_pipeline']) retrieved from /opt/airflow/dags/binance_daily_dag.py
[2026-07-09T10:16:10.605+0000] {logging_mixin.py:151} INFO - [2026-07-09T10:16:10.604+0000] {dag.py:2915} INFO - Sync 1 DAGs
[2026-07-09T10:16:10.636+0000] {logging_mixin.py:151} INFO - [2026-07-09T10:16:10.635+0000] {dag.py:3696} INFO - Setting next_dagrun for daily_crypto_lstm_pipeline to 2026-07-09T00:02:00+00:00, run_after=2026-07-10T00:02:00+00:00
[2026-07-09T10:16:10.701+0000] {processor.py:179} INFO - Processing /opt/airflow/dags/binance_daily_dag.py took 3.005 seconds
[2026-07-09T10:16:41.040+0000] {processor.py:157} INFO - Started process (PID=6111) to work on /opt/airflow/dags/binance_daily_dag.py
[2026-07-09T10:16:41.041+0000] {processor.py:829} INFO - Processing file /opt/airflow/dags/binance_daily_dag.py for tasks to queue
[2026-07-09T10:16:41.042+0000] {logging_mixin.py:151} INFO - [2026-07-09T10:16:41.042+0000] {dagbag.py:539} INFO - Filling up the DagBag from /opt/airflow/dags/binance_daily_dag.py
[2026-07-09T10:16:43.513+0000] {processor.py:839} INFO - DAG(s) dict_keys(['daily_crypto_lstm_pipeline']) retrieved from /opt/airflow/dags/binance_daily_dag.py
[2026-07-09T10:16:43.535+0000] {logging_mixin.py:151} INFO - [2026-07-09T10:16:43.535+0000] {dag.py:2915} INFO - Sync 1 DAGs
[2026-07-09T10:16:43.554+0000] {logging_mixin.py:151} INFO - [2026-07-09T10:16:43.554+0000] {dag.py:3696} INFO - Setting next_dagrun for daily_crypto_lstm_pipeline to 2026-07-09T00:02:00+00:00, run_after=2026-07-10T00:02:00+00:00
[2026-07-09T10:16:43.613+0000] {processor.py:179} INFO - Processing /opt/airflow/dags/binance_daily_dag.py took 2.577 seconds
[2026-07-09T10:17:14.059+0000] {processor.py:157} INFO - Started process (PID=6149) to work on /opt/airflow/dags/binance_daily_dag.py
[2026-07-09T10:17:14.061+0000] {processor.py:829} INFO - Processing file /opt/airflow/dags/binance_daily_dag.py for tasks to queue
[2026-07-09T10:17:14.063+0000] {logging_mixin.py:151} INFO - [2026-07-09T10:17:14.063+0000] {dagbag.py:539} INFO - Filling up the DagBag from /opt/airflow/dags/binance_daily_dag.py
[2026-07-09T10:17:17.028+0000] {processor.py:839} INFO - DAG(s) dict_keys(['daily_crypto_lstm_pipeline']) retrieved from /opt/airflow/dags/binance_daily_dag.py
[2026-07-09T10:17:17.057+0000] {logging_mixin.py:151} INFO - [2026-07-09T10:17:17.057+0000] {dag.py:2915} INFO - Sync 1 DAGs
[2026-07-09T10:17:17.085+0000] {logging_mixin.py:151} INFO - [2026-07-09T10:17:17.085+0000] {dag.py:3696} INFO - Setting next_dagrun for daily_crypto_lstm_pipeline to 2026-07-09T00:02:00+00:00, run_after=2026-07-10T00:02:00+00:00
[2026-07-09T10:17:17.150+0000] {processor.py:179} INFO - Processing /opt/airflow/dags/binance_daily_dag.py took 3.097 seconds
[2026-07-09T10:17:47.546+0000] {processor.py:157} INFO - Started process (PID=6182) to work on /opt/airflow/dags/binance_daily_dag.py
[2026-07-09T10:17:47.547+0000] {processor.py:829} INFO - Processing file /opt/airflow/dags/binance_daily_dag.py for tasks to queue
[2026-07-09T10:17:47.548+0000] {logging_mixin.py:151} INFO - [2026-07-09T10:17:47.548+0000] {dagbag.py:539} INFO - Filling up the DagBag from /opt/airflow/dags/binance_daily_dag.py
[2026-07-09T10:17:50.236+0000] {processor.py:839} INFO - DAG(s) dict_keys(['daily_crypto_lstm_pipeline']) retrieved from /opt/airflow/dags/binance_daily_dag.py
[2026-07-09T10:17:50.267+0000] {logging_mixin.py:151} INFO - [2026-07-09T10:17:50.266+0000] {dag.py:2915} INFO - Sync 1 DAGs
[2026-07-09T10:17:50.301+0000] {logging_mixin.py:151} INFO - [2026-07-09T10:17:50.301+0000] {dag.py:3696} INFO - Setting next_dagrun for daily_crypto_lstm_pipeline to 2026-07-09T00:02:00+00:00, run_after=2026-07-10T00:02:00+00:00
[2026-07-09T10:17:50.393+0000] {processor.py:179} INFO - Processing /opt/airflow/dags/binance_daily_dag.py took 2.852 seconds
[2026-07-09T10:18:20.778+0000] {processor.py:157} INFO - Started process (PID=6215) to work on /opt/airflow/dags/binance_daily_dag.py
[2026-07-09T10:18:20.780+0000] {processor.py:829} INFO - Processing file /opt/airflow/dags/binance_daily_dag.py for tasks to queue
[2026-07-09T10:18:20.781+0000] {logging_mixin.py:151} INFO - [2026-07-09T10:18:20.780+0000] {dagbag.py:539} INFO - Filling up the DagBag from /opt/airflow/dags/binance_daily_dag.py
[2026-07-09T10:18:23.336+0000] {processor.py:839} INFO - DAG(s) dict_keys(['daily_crypto_lstm_pipeline']) retrieved from /opt/airflow/dags/binance_daily_dag.py
[2026-07-09T10:18:23.359+0000] {logging_mixin.py:151} INFO - [2026-07-09T10:18:23.358+0000] {dag.py:2915} INFO - Sync 1 DAGs
[2026-07-09T10:18:23.379+0000] {logging_mixin.py:151} INFO - [2026-07-09T10:18:23.379+0000] {dag.py:3696} INFO - Setting next_dagrun for daily_crypto_lstm_pipeline to 2026-07-09T00:02:00+00:00, run_after=2026-07-10T00:02:00+00:00
[2026-07-09T10:18:23.411+0000] {processor.py:179} INFO - Processing /opt/airflow/dags/binance_daily_dag.py took 2.637 seconds
[2026-07-09T10:18:53.934+0000] {processor.py:157} INFO - Started process (PID=6255) to work on /opt/airflow/dags/binance_daily_dag.py
[2026-07-09T10:18:53.936+0000] {processor.py:829} INFO - Processing file /opt/airflow/dags/binance_daily_dag.py for tasks to queue
[2026-07-09T10:18:53.938+0000] {logging_mixin.py:151} INFO - [2026-07-09T10:18:53.937+0000] {dagbag.py:539} INFO - Filling up the DagBag from /opt/airflow/dags/binance_daily_dag.py
[2026-07-09T10:18:56.552+0000] {processor.py:839} INFO - DAG(s) dict_keys(['daily_crypto_lstm_pipeline']) retrieved from /opt/airflow/dags/binance_daily_dag.py
[2026-07-09T10:18:56.586+0000] {logging_mixin.py:151} INFO - [2026-07-09T10:18:56.585+0000] {dag.py:2915} INFO - Sync 1 DAGs
[2026-07-09T10:18:56.612+0000] {logging_mixin.py:151} INFO - [2026-07-09T10:18:56.611+0000] {dag.py:3696} INFO - Setting next_dagrun for daily_crypto_lstm_pipeline to 2026-07-09T00:02:00+00:00, run_after=2026-07-10T00:02:00+00:00
[2026-07-09T10:18:56.675+0000] {processor.py:179} INFO - Processing /opt/airflow/dags/binance_daily_dag.py took 2.746 seconds
[2026-07-09T10:19:27.021+0000] {processor.py:157} INFO - Started process (PID=6288) to work on /opt/airflow/dags/binance_daily_dag.py
[2026-07-09T10:19:27.023+0000] {processor.py:829} INFO - Processing file /opt/airflow/dags/binance_daily_dag.py for tasks to queue
[2026-07-09T10:19:27.024+0000] {logging_mixin.py:151} INFO - [2026-07-09T10:19:27.023+0000] {dagbag.py:539} INFO - Filling up the DagBag from /opt/airflow/dags/binance_daily_dag.py
[2026-07-09T10:19:30.449+0000] {processor.py:839} INFO - DAG(s) dict_keys(['daily_crypto_lstm_pipeline']) retrieved from /opt/airflow/dags/binance_daily_dag.py
[2026-07-09T10:19:30.474+0000] {logging_mixin.py:151} INFO - [2026-07-09T10:19:30.474+0000] {dag.py:2915} INFO - Sync 1 DAGs
[2026-07-09T10:19:30.500+0000] {logging_mixin.py:151} INFO - [2026-07-09T10:19:30.500+0000] {dag.py:3696} INFO - Setting next_dagrun for daily_crypto_lstm_pipeline to 2026-07-09T00:02:00+00:00, run_after=2026-07-10T00:02:00+00:00
[2026-07-09T10:19:30.528+0000] {processor.py:179} INFO - Processing /opt/airflow/dags/binance_daily_dag.py took 3.513 seconds
[2026-07-09T10:20:01.143+0000] {processor.py:157} INFO - Started process (PID=6321) to work on /opt/airflow/dags/binance_daily_dag.py
[2026-07-09T10:20:01.144+0000] {processor.py:829} INFO - Processing file /opt/airflow/dags/binance_daily_dag.py for tasks to queue
[2026-07-09T10:20:01.145+0000] {logging_mixin.py:151} INFO - [2026-07-09T10:20:01.145+0000] {dagbag.py:539} INFO - Filling up the DagBag from /opt/airflow/dags/binance_daily_dag.py
[2026-07-09T10:20:03.905+0000] {processor.py:839} INFO - DAG(s) dict_keys(['daily_crypto_lstm_pipeline']) retrieved from /opt/airflow/dags/binance_daily_dag.py
[2026-07-09T10:20:03.941+0000] {logging_mixin.py:151} INFO - [2026-07-09T10:20:03.940+0000] {dag.py:2915} INFO - Sync 1 DAGs
[2026-07-09T10:20:03.974+0000] {logging_mixin.py:151} INFO - [2026-07-09T10:20:03.973+0000] {dag.py:3696} INFO - Setting next_dagrun for daily_crypto_lstm_pipeline to 2026-07-09T00:02:00+00:00, run_after=2026-07-10T00:02:00+00:00
[2026-07-09T10:20:04.050+0000] {processor.py:179} INFO - Processing /opt/airflow/dags/binance_daily_dag.py took 2.912 seconds
[2026-07-09T10:20:34.435+0000] {processor.py:157} INFO - Started process (PID=6355) to work on /opt/airflow/dags/binance_daily_dag.py
[2026-07-09T10:20:34.436+0000] {processor.py:829} INFO - Processing file /opt/airflow/dags/binance_daily_dag.py for tasks to queue
[2026-07-09T10:20:34.437+0000] {logging_mixin.py:151} INFO - [2026-07-09T10:20:34.437+0000] {dagbag.py:539} INFO - Filling up the DagBag from /opt/airflow/dags/binance_daily_dag.py
[2026-07-09T10:20:36.908+0000] {processor.py:839} INFO - DAG(s) dict_keys(['daily_crypto_lstm_pipeline']) retrieved from /opt/airflow/dags/binance_daily_dag.py
[2026-07-09T10:20:36.934+0000] {logging_mixin.py:151} INFO - [2026-07-09T10:20:36.934+0000] {dag.py:2915} INFO - Sync 1 DAGs
[2026-07-09T10:20:36.957+0000] {logging_mixin.py:151} INFO - [2026-07-09T10:20:36.957+0000] {dag.py:3696} INFO - Setting next_dagrun for daily_crypto_lstm_pipeline to 2026-07-09T00:02:00+00:00, run_after=2026-07-10T00:02:00+00:00
[2026-07-09T10:20:36.980+0000] {processor.py:179} INFO - Processing /opt/airflow/dags/binance_daily_dag.py took 2.550 seconds
[2026-07-09T10:21:07.795+0000] {processor.py:157} INFO - Started process (PID=6388) to work on /opt/airflow/dags/binance_daily_dag.py
[2026-07-09T10:21:07.797+0000] {processor.py:829} INFO - Processing file /opt/airflow/dags/binance_daily_dag.py for tasks to queue
[2026-07-09T10:21:07.798+0000] {logging_mixin.py:151} INFO - [2026-07-09T10:21:07.798+0000] {dagbag.py:539} INFO - Filling up the DagBag from /opt/airflow/dags/binance_daily_dag.py
[2026-07-09T10:21:10.549+0000] {processor.py:839} INFO - DAG(s) dict_keys(['daily_crypto_lstm_pipeline']) retrieved from /opt/airflow/dags/binance_daily_dag.py
[2026-07-09T10:21:10.578+0000] {logging_mixin.py:151} INFO - [2026-07-09T10:21:10.578+0000] {dag.py:2915} INFO - Sync 1 DAGs
[2026-07-09T10:21:10.603+0000] {logging_mixin.py:151} INFO - [2026-07-09T10:21:10.603+0000] {dag.py:3696} INFO - Setting next_dagrun for daily_crypto_lstm_pipeline to 2026-07-09T00:02:00+00:00, run_after=2026-07-10T00:02:00+00:00
[2026-07-09T10:21:10.630+0000] {processor.py:179} INFO - Processing /opt/airflow/dags/binance_daily_dag.py took 2.839 seconds
[2026-07-09T10:21:41.110+0000] {processor.py:157} INFO - Started process (PID=6421) to work on /opt/airflow/dags/binance_daily_dag.py
[2026-07-09T10:21:41.112+0000] {processor.py:829} INFO - Processing file /opt/airflow/dags/binance_daily_dag.py for tasks to queue
[2026-07-09T10:21:41.114+0000] {logging_mixin.py:151} INFO - [2026-07-09T10:21:41.113+0000] {dagbag.py:539} INFO - Filling up the DagBag from /opt/airflow/dags/binance_daily_dag.py
[2026-07-09T10:21:43.955+0000] {processor.py:839} INFO - DAG(s) dict_keys(['daily_crypto_lstm_pipeline']) retrieved from /opt/airflow/dags/binance_daily_dag.py
[2026-07-09T10:21:43.977+0000] {logging_mixin.py:151} INFO - [2026-07-09T10:21:43.976+0000] {dag.py:2915} INFO - Sync 1 DAGs
[2026-07-09T10:21:43.996+0000] {logging_mixin.py:151} INFO - [2026-07-09T10:21:43.996+0000] {dag.py:3696} INFO - Setting next_dagrun for daily_crypto_lstm_pipeline to 2026-07-09T00:02:00+00:00, run_after=2026-07-10T00:02:00+00:00
[2026-07-09T10:21:44.060+0000] {processor.py:179} INFO - Processing /opt/airflow/dags/binance_daily_dag.py took 2.954 seconds
[2026-07-09T10:22:14.456+0000] {processor.py:157} INFO - Started process (PID=6454) to work on /opt/airflow/dags/binance_daily_dag.py
[2026-07-09T10:22:14.457+0000] {processor.py:829} INFO - Processing file /opt/airflow/dags/binance_daily_dag.py for tasks to queue
[2026-07-09T10:22:14.460+0000] {logging_mixin.py:151} INFO - [2026-07-09T10:22:14.459+0000] {dagbag.py:539} INFO - Filling up the DagBag from /opt/airflow/dags/binance_daily_dag.py
[2026-07-09T10:22:17.200+0000] {processor.py:839} INFO - DAG(s) dict_keys(['daily_crypto_lstm_pipeline']) retrieved from /opt/airflow/dags/binance_daily_dag.py
[2026-07-09T10:22:17.220+0000] {logging_mixin.py:151} INFO - [2026-07-09T10:22:17.220+0000] {dag.py:2915} INFO - Sync 1 DAGs
[2026-07-09T10:22:17.238+0000] {logging_mixin.py:151} INFO - [2026-07-09T10:22:17.237+0000] {dag.py:3696} INFO - Setting next_dagrun for daily_crypto_lstm_pipeline to 2026-07-09T00:02:00+00:00, run_after=2026-07-10T00:02:00+00:00
[2026-07-09T10:22:17.299+0000] {processor.py:179} INFO - Processing /opt/airflow/dags/binance_daily_dag.py took 2.849 seconds
[2026-07-09T10:22:47.702+0000] {processor.py:157} INFO - Started process (PID=6492) to work on /opt/airflow/dags/binance_daily_dag.py
[2026-07-09T10:22:47.704+0000] {processor.py:829} INFO - Processing file /opt/airflow/dags/binance_daily_dag.py for tasks to queue
[2026-07-09T10:22:47.705+0000] {logging_mixin.py:151} INFO - [2026-07-09T10:22:47.704+0000] {dagbag.py:539} INFO - Filling up the DagBag from /opt/airflow/dags/binance_daily_dag.py
[2026-07-09T10:22:50.317+0000] {processor.py:839} INFO - DAG(s) dict_keys(['daily_crypto_lstm_pipeline']) retrieved from /opt/airflow/dags/binance_daily_dag.py
[2026-07-09T10:22:50.338+0000] {logging_mixin.py:151} INFO - [2026-07-09T10:22:50.338+0000] {dag.py:2915} INFO - Sync 1 DAGs
[2026-07-09T10:22:50.358+0000] {logging_mixin.py:151} INFO - [2026-07-09T10:22:50.358+0000] {dag.py:3696} INFO - Setting next_dagrun for daily_crypto_lstm_pipeline to 2026-07-09T00:02:00+00:00, run_after=2026-07-10T00:02:00+00:00
[2026-07-09T10:22:50.404+0000] {processor.py:179} INFO - Processing /opt/airflow/dags/binance_daily_dag.py took 2.706 seconds
[2026-07-09T10:23:21.088+0000] {processor.py:157} INFO - Started process (PID=6525) to work on /opt/airflow/dags/binance_daily_dag.py
[2026-07-09T10:23:21.089+0000] {processor.py:829} INFO - Processing file /opt/airflow/dags/binance_daily_dag.py for tasks to queue
[2026-07-09T10:23:21.090+0000] {logging_mixin.py:151} INFO - [2026-07-09T10:23:21.090+0000] {dagbag.py:539} INFO - Filling up the DagBag from /opt/airflow/dags/binance_daily_dag.py
[2026-07-09T10:23:23.389+0000] {processor.py:839} INFO - DAG(s) dict_keys(['daily_crypto_lstm_pipeline']) retrieved from /opt/airflow/dags/binance_daily_dag.py
[2026-07-09T10:23:23.412+0000] {logging_mixin.py:151} INFO - [2026-07-09T10:23:23.411+0000] {dag.py:2915} INFO - Sync 1 DAGs
[2026-07-09T10:23:23.432+0000] {logging_mixin.py:151} INFO - [2026-07-09T10:23:23.432+0000] {dag.py:3696} INFO - Setting next_dagrun for daily_crypto_lstm_pipeline to 2026-07-09T00:02:00+00:00, run_after=2026-07-10T00:02:00+00:00
[2026-07-09T10:23:23.491+0000] {processor.py:179} INFO - Processing /opt/airflow/dags/binance_daily_dag.py took 2.406 seconds
[2026-07-09T10:23:53.601+0000] {processor.py:157} INFO - Started process (PID=6558) to work on /opt/airflow/dags/binance_daily_dag.py
[2026-07-09T10:23:53.602+0000] {processor.py:829} INFO - Processing file /opt/airflow/dags/binance_daily_dag.py for tasks to queue
[2026-07-09T10:23:53.603+0000] {logging_mixin.py:151} INFO - [2026-07-09T10:23:53.603+0000] {dagbag.py:539} INFO - Filling up the DagBag from /opt/airflow/dags/binance_daily_dag.py
[2026-07-09T10:23:56.147+0000] {processor.py:839} INFO - DAG(s) dict_keys(['daily_crypto_lstm_pipeline']) retrieved from /opt/airflow/dags/binance_daily_dag.py
[2026-07-09T10:23:56.167+0000] {logging_mixin.py:151} INFO - [2026-07-09T10:23:56.167+0000] {dag.py:2915} INFO - Sync 1 DAGs
[2026-07-09T10:23:56.191+0000] {logging_mixin.py:151} INFO - [2026-07-09T10:23:56.191+0000] {dag.py:3696} INFO - Setting next_dagrun for daily_crypto_lstm_pipeline to 2026-07-09T00:02:00+00:00, run_after=2026-07-10T00:02:00+00:00
[2026-07-09T10:23:56.261+0000] {processor.py:179} INFO - Processing /opt/airflow/dags/binance_daily_dag.py took 2.664 seconds
[2026-07-09T10:24:26.655+0000] {processor.py:157} INFO - Started process (PID=6598) to work on /opt/airflow/dags/binance_daily_dag.py
[2026-07-09T10:24:26.656+0000] {processor.py:829} INFO - Processing file /opt/airflow/dags/binance_daily_dag.py for tasks to queue
[2026-07-09T10:24:26.658+0000] {logging_mixin.py:151} INFO - [2026-07-09T10:24:26.657+0000] {dagbag.py:539} INFO - Filling up the DagBag from /opt/airflow/dags/binance_daily_dag.py
[2026-07-09T10:24:28.976+0000] {processor.py:839} INFO - DAG(s) dict_keys(['daily_crypto_lstm_pipeline']) retrieved from /opt/airflow/dags/binance_daily_dag.py
[2026-07-09T10:24:28.996+0000] {logging_mixin.py:151} INFO - [2026-07-09T10:24:28.996+0000] {dag.py:2915} INFO - Sync 1 DAGs
[2026-07-09T10:24:29.016+0000] {logging_mixin.py:151} INFO - [2026-07-09T10:24:29.015+0000] {dag.py:3696} INFO - Setting next_dagrun for daily_crypto_lstm_pipeline to 2026-07-09T00:02:00+00:00, run_after=2026-07-10T00:02:00+00:00
[2026-07-09T10:24:29.073+0000] {processor.py:179} INFO - Processing /opt/airflow/dags/binance_daily_dag.py took 2.424 seconds
[2026-07-09T10:24:59.758+0000] {processor.py:157} INFO - Started process (PID=6631) to work on /opt/airflow/dags/binance_daily_dag.py
[2026-07-09T10:24:59.759+0000] {processor.py:829} INFO - Processing file /opt/airflow/dags/binance_daily_dag.py for tasks to queue
[2026-07-09T10:24:59.760+0000] {logging_mixin.py:151} INFO - [2026-07-09T10:24:59.760+0000] {dagbag.py:539} INFO - Filling up the DagBag from /opt/airflow/dags/binance_daily_dag.py
[2026-07-09T10:25:02.199+0000] {processor.py:839} INFO - DAG(s) dict_keys(['daily_crypto_lstm_pipeline']) retrieved from /opt/airflow/dags/binance_daily_dag.py
[2026-07-09T10:25:02.229+0000] {logging_mixin.py:151} INFO - [2026-07-09T10:25:02.228+0000] {dag.py:2915} INFO - Sync 1 DAGs
[2026-07-09T10:25:02.256+0000] {logging_mixin.py:151} INFO - [2026-07-09T10:25:02.255+0000] {dag.py:3696} INFO - Setting next_dagrun for daily_crypto_lstm_pipeline to 2026-07-09T00:02:00+00:00, run_after=2026-07-10T00:02:00+00:00
[2026-07-09T10:25:02.321+0000] {processor.py:179} INFO - Processing /opt/airflow/dags/binance_daily_dag.py took 2.567 seconds
[2026-07-09T10:25:33.002+0000] {processor.py:157} INFO - Started process (PID=6664) to work on /opt/airflow/dags/binance_daily_dag.py
[2026-07-09T10:25:33.003+0000] {processor.py:829} INFO - Processing file /opt/airflow/dags/binance_daily_dag.py for tasks to queue
[2026-07-09T10:25:33.005+0000] {logging_mixin.py:151} INFO - [2026-07-09T10:25:33.004+0000] {dagbag.py:539} INFO - Filling up the DagBag from /opt/airflow/dags/binance_daily_dag.py
[2026-07-09T10:25:35.288+0000] {processor.py:839} INFO - DAG(s) dict_keys(['daily_crypto_lstm_pipeline']) retrieved from /opt/airflow/dags/binance_daily_dag.py
[2026-07-09T10:25:35.310+0000] {logging_mixin.py:151} INFO - [2026-07-09T10:25:35.310+0000] {dag.py:2915} INFO - Sync 1 DAGs
[2026-07-09T10:25:35.331+0000] {logging_mixin.py:151} INFO - [2026-07-09T10:25:35.331+0000] {dag.py:3696} INFO - Setting next_dagrun for daily_crypto_lstm_pipeline to 2026-07-09T00:02:00+00:00, run_after=2026-07-10T00:02:00+00:00
[2026-07-09T10:25:35.395+0000] {processor.py:179} INFO - Processing /opt/airflow/dags/binance_daily_dag.py took 2.398 seconds
[2026-07-09T10:26:05.660+0000] {processor.py:157} INFO - Started process (PID=6697) to work on /opt/airflow/dags/binance_daily_dag.py
[2026-07-09T10:26:05.661+0000] {processor.py:829} INFO - Processing file /opt/airflow/dags/binance_daily_dag.py for tasks to queue
[2026-07-09T10:26:05.662+0000] {logging_mixin.py:151} INFO - [2026-07-09T10:26:05.662+0000] {dagbag.py:539} INFO - Filling up the DagBag from /opt/airflow/dags/binance_daily_dag.py
[2026-07-09T10:26:08.295+0000] {processor.py:839} INFO - DAG(s) dict_keys(['daily_crypto_lstm_pipeline']) retrieved from /opt/airflow/dags/binance_daily_dag.py
[2026-07-09T10:26:08.317+0000] {logging_mixin.py:151} INFO - [2026-07-09T10:26:08.317+0000] {dag.py:2915} INFO - Sync 1 DAGs
[2026-07-09T10:26:08.340+0000] {logging_mixin.py:151} INFO - [2026-07-09T10:26:08.340+0000] {dag.py:3696} INFO - Setting next_dagrun for daily_crypto_lstm_pipeline to 2026-07-09T00:02:00+00:00, run_after=2026-07-10T00:02:00+00:00
[2026-07-09T10:26:08.367+0000] {processor.py:179} INFO - Processing /opt/airflow/dags/binance_daily_dag.py took 2.712 seconds
[2026-07-09T10:26:38.534+0000] {processor.py:157} INFO - Started process (PID=6731) to work on /opt/airflow/dags/binance_daily_dag.py
[2026-07-09T10:26:38.536+0000] {processor.py:829} INFO - Processing file /opt/airflow/dags/binance_daily_dag.py for tasks to queue
[2026-07-09T10:26:38.537+0000] {logging_mixin.py:151} INFO - [2026-07-09T10:26:38.536+0000] {dagbag.py:539} INFO - Filling up the DagBag from /opt/airflow/dags/binance_daily_dag.py
[2026-07-09T10:26:41.234+0000] {processor.py:839} INFO - DAG(s) dict_keys(['daily_crypto_lstm_pipeline']) retrieved from /opt/airflow/dags/binance_daily_dag.py
[2026-07-09T10:26:41.254+0000] {logging_mixin.py:151} INFO - [2026-07-09T10:26:41.254+0000] {dag.py:2915} INFO - Sync 1 DAGs
[2026-07-09T10:26:41.279+0000] {logging_mixin.py:151} INFO - [2026-07-09T10:26:41.279+0000] {dag.py:3696} INFO - Setting next_dagrun for daily_crypto_lstm_pipeline to 2026-07-09T00:02:00+00:00, run_after=2026-07-10T00:02:00+00:00
[2026-07-09T10:26:41.328+0000] {processor.py:179} INFO - Processing /opt/airflow/dags/binance_daily_dag.py took 2.798 seconds
[2026-07-09T10:27:11.716+0000] {processor.py:157} INFO - Started process (PID=6764) to work on /opt/airflow/dags/binance_daily_dag.py
[2026-07-09T10:27:11.717+0000] {processor.py:829} INFO - Processing file /opt/airflow/dags/binance_daily_dag.py for tasks to queue
[2026-07-09T10:27:11.719+0000] {logging_mixin.py:151} INFO - [2026-07-09T10:27:11.718+0000] {dagbag.py:539} INFO - Filling up the DagBag from /opt/airflow/dags/binance_daily_dag.py
[2026-07-09T10:27:14.244+0000] {processor.py:839} INFO - DAG(s) dict_keys(['daily_crypto_lstm_pipeline']) retrieved from /opt/airflow/dags/binance_daily_dag.py
[2026-07-09T10:27:14.264+0000] {logging_mixin.py:151} INFO - [2026-07-09T10:27:14.263+0000] {dag.py:2915} INFO - Sync 1 DAGs
[2026-07-09T10:27:14.283+0000] {logging_mixin.py:151} INFO - [2026-07-09T10:27:14.282+0000] {dag.py:3696} INFO - Setting next_dagrun for daily_crypto_lstm_pipeline to 2026-07-09T00:02:00+00:00, run_after=2026-07-10T00:02:00+00:00
[2026-07-09T10:27:14.344+0000] {processor.py:179} INFO - Processing /opt/airflow/dags/binance_daily_dag.py took 2.632 seconds
[2026-07-09T10:27:44.558+0000] {processor.py:157} INFO - Started process (PID=6797) to work on /opt/airflow/dags/binance_daily_dag.py
[2026-07-09T10:27:44.564+0000] {processor.py:829} INFO - Processing file /opt/airflow/dags/binance_daily_dag.py for tasks to queue
[2026-07-09T10:27:44.565+0000] {logging_mixin.py:151} INFO - [2026-07-09T10:27:44.565+0000] {dagbag.py:539} INFO - Filling up the DagBag from /opt/airflow/dags/binance_daily_dag.py
[2026-07-09T10:27:47.667+0000] {processor.py:839} INFO - DAG(s) dict_keys(['daily_crypto_lstm_pipeline']) retrieved from /opt/airflow/dags/binance_daily_dag.py
[2026-07-09T10:27:47.692+0000] {logging_mixin.py:151} INFO - [2026-07-09T10:27:47.691+0000] {dag.py:2915} INFO - Sync 1 DAGs
[2026-07-09T10:27:47.718+0000] {logging_mixin.py:151} INFO - [2026-07-09T10:27:47.718+0000] {dag.py:3696} INFO - Setting next_dagrun for daily_crypto_lstm_pipeline to 2026-07-09T00:02:00+00:00, run_after=2026-07-10T00:02:00+00:00
[2026-07-09T10:27:47.749+0000] {processor.py:179} INFO - Processing /opt/airflow/dags/binance_daily_dag.py took 3.200 seconds
[2026-07-09T10:28:17.893+0000] {processor.py:157} INFO - Started process (PID=6830) to work on /opt/airflow/dags/binance_daily_dag.py
[2026-07-09T10:28:17.895+0000] {processor.py:829} INFO - Processing file /opt/airflow/dags/binance_daily_dag.py for tasks to queue
[2026-07-09T10:28:17.896+0000] {logging_mixin.py:151} INFO - [2026-07-09T10:28:17.895+0000] {dagbag.py:539} INFO - Filling up the DagBag from /opt/airflow/dags/binance_daily_dag.py
[2026-07-09T10:28:20.525+0000] {processor.py:839} INFO - DAG(s) dict_keys(['daily_crypto_lstm_pipeline']) retrieved from /opt/airflow/dags/binance_daily_dag.py
[2026-07-09T10:28:20.552+0000] {logging_mixin.py:151} INFO - [2026-07-09T10:28:20.552+0000] {dag.py:2915} INFO - Sync 1 DAGs
[2026-07-09T10:28:20.573+0000] {logging_mixin.py:151} INFO - [2026-07-09T10:28:20.573+0000] {dag.py:3696} INFO - Setting next_dagrun for daily_crypto_lstm_pipeline to 2026-07-09T00:02:00+00:00, run_after=2026-07-10T00:02:00+00:00
[2026-07-09T10:28:20.602+0000] {processor.py:179} INFO - Processing /opt/airflow/dags/binance_daily_dag.py took 2.714 seconds
[2026-07-09T10:28:51.397+0000] {processor.py:157} INFO - Started process (PID=6868) to work on /opt/airflow/dags/binance_daily_dag.py
[2026-07-09T10:28:51.399+0000] {processor.py:829} INFO - Processing file /opt/airflow/dags/binance_daily_dag.py for tasks to queue
[2026-07-09T10:28:51.401+0000] {logging_mixin.py:151} INFO - [2026-07-09T10:28:51.400+0000] {dagbag.py:539} INFO - Filling up the DagBag from /opt/airflow/dags/binance_daily_dag.py
[2026-07-09T10:28:53.883+0000] {processor.py:839} INFO - DAG(s) dict_keys(['daily_crypto_lstm_pipeline']) retrieved from /opt/airflow/dags/binance_daily_dag.py
[2026-07-09T10:28:53.908+0000] {logging_mixin.py:151} INFO - [2026-07-09T10:28:53.907+0000] {dag.py:2915} INFO - Sync 1 DAGs
[2026-07-09T10:28:53.934+0000] {logging_mixin.py:151} INFO - [2026-07-09T10:28:53.934+0000] {dag.py:3696} INFO - Setting next_dagrun for daily_crypto_lstm_pipeline to 2026-07-09T00:02:00+00:00, run_after=2026-07-10T00:02:00+00:00
[2026-07-09T10:28:53.969+0000] {processor.py:179} INFO - Processing /opt/airflow/dags/binance_daily_dag.py took 2.577 seconds
[2026-07-09T10:29:24.373+0000] {processor.py:157} INFO - Started process (PID=6901) to work on /opt/airflow/dags/binance_daily_dag.py
[2026-07-09T10:29:24.374+0000] {processor.py:829} INFO - Processing file /opt/airflow/dags/binance_daily_dag.py for tasks to queue
[2026-07-09T10:29:24.376+0000] {logging_mixin.py:151} INFO - [2026-07-09T10:29:24.375+0000] {dagbag.py:539} INFO - Filling up the DagBag from /opt/airflow/dags/binance_daily_dag.py
[2026-07-09T10:29:27.051+0000] {processor.py:839} INFO - DAG(s) dict_keys(['daily_crypto_lstm_pipeline']) retrieved from /opt/airflow/dags/binance_daily_dag.py
[2026-07-09T10:29:27.085+0000] {logging_mixin.py:151} INFO - [2026-07-09T10:29:27.084+0000] {dag.py:2915} INFO - Sync 1 DAGs
[2026-07-09T10:29:27.123+0000] {logging_mixin.py:151} INFO - [2026-07-09T10:29:27.123+0000] {dag.py:3696} INFO - Setting next_dagrun for daily_crypto_lstm_pipeline to 2026-07-09T00:02:00+00:00, run_after=2026-07-10T00:02:00+00:00
[2026-07-09T10:29:27.191+0000] {processor.py:179} INFO - Processing /opt/airflow/dags/binance_daily_dag.py took 2.823 seconds
[2026-07-09T10:29:58.186+0000] {processor.py:157} INFO - Started process (PID=6941) to work on /opt/airflow/dags/binance_daily_dag.py
[2026-07-09T10:29:58.189+0000] {processor.py:829} INFO - Processing file /opt/airflow/dags/binance_daily_dag.py for tasks to queue
[2026-07-09T10:29:58.191+0000] {logging_mixin.py:151} INFO - [2026-07-09T10:29:58.190+0000] {dagbag.py:539} INFO - Filling up the DagBag from /opt/airflow/dags/binance_daily_dag.py
[2026-07-09T10:30:00.627+0000] {processor.py:839} INFO - DAG(s) dict_keys(['daily_crypto_lstm_pipeline']) retrieved from /opt/airflow/dags/binance_daily_dag.py
[2026-07-09T10:30:00.652+0000] {logging_mixin.py:151} INFO - [2026-07-09T10:30:00.651+0000] {dag.py:2915} INFO - Sync 1 DAGs
[2026-07-09T10:30:00.672+0000] {logging_mixin.py:151} INFO - [2026-07-09T10:30:00.672+0000] {dag.py:3696} INFO - Setting next_dagrun for daily_crypto_lstm_pipeline to 2026-07-09T00:02:00+00:00, run_after=2026-07-10T00:02:00+00:00
[2026-07-09T10:30:00.732+0000] {processor.py:179} INFO - Processing /opt/airflow/dags/binance_daily_dag.py took 2.552 seconds
[2026-07-09T10:30:31.196+0000] {processor.py:157} INFO - Started process (PID=6974) to work on /opt/airflow/dags/binance_daily_dag.py
[2026-07-09T10:30:31.198+0000] {processor.py:829} INFO - Processing file /opt/airflow/dags/binance_daily_dag.py for tasks to queue
[2026-07-09T10:30:31.200+0000] {logging_mixin.py:151} INFO - [2026-07-09T10:30:31.199+0000] {dagbag.py:539} INFO - Filling up the DagBag from /opt/airflow/dags/binance_daily_dag.py
[2026-07-09T10:30:33.772+0000] {processor.py:839} INFO - DAG(s) dict_keys(['daily_crypto_lstm_pipeline']) retrieved from /opt/airflow/dags/binance_daily_dag.py
[2026-07-09T10:30:33.791+0000] {logging_mixin.py:151} INFO - [2026-07-09T10:30:33.790+0000] {dag.py:2915} INFO - Sync 1 DAGs
[2026-07-09T10:30:33.809+0000] {logging_mixin.py:151} INFO - [2026-07-09T10:30:33.809+0000] {dag.py:3696} INFO - Setting next_dagrun for daily_crypto_lstm_pipeline to 2026-07-09T00:02:00+00:00, run_after=2026-07-10T00:02:00+00:00
[2026-07-09T10:30:33.829+0000] {processor.py:179} INFO - Processing /opt/airflow/dags/binance_daily_dag.py took 2.637 seconds
[2026-07-09T10:31:04.188+0000] {processor.py:157} INFO - Started process (PID=7007) to work on /opt/airflow/dags/binance_daily_dag.py
[2026-07-09T10:31:04.190+0000] {processor.py:829} INFO - Processing file /opt/airflow/dags/binance_daily_dag.py for tasks to queue
[2026-07-09T10:31:04.191+0000] {logging_mixin.py:151} INFO - [2026-07-09T10:31:04.190+0000] {dagbag.py:539} INFO - Filling up the DagBag from /opt/airflow/dags/binance_daily_dag.py
[2026-07-09T10:31:06.582+0000] {processor.py:839} INFO - DAG(s) dict_keys(['daily_crypto_lstm_pipeline']) retrieved from /opt/airflow/dags/binance_daily_dag.py
[2026-07-09T10:31:06.605+0000] {logging_mixin.py:151} INFO - [2026-07-09T10:31:06.604+0000] {dag.py:2915} INFO - Sync 1 DAGs
[2026-07-09T10:31:06.624+0000] {logging_mixin.py:151} INFO - [2026-07-09T10:31:06.624+0000] {dag.py:3696} INFO - Setting next_dagrun for daily_crypto_lstm_pipeline to 2026-07-09T00:02:00+00:00, run_after=2026-07-10T00:02:00+00:00
[2026-07-09T10:31:06.644+0000] {processor.py:179} INFO - Processing /opt/airflow/dags/binance_daily_dag.py took 2.460 seconds
[2026-07-09T10:31:37.322+0000] {processor.py:157} INFO - Started process (PID=7040) to work on /opt/airflow/dags/binance_daily_dag.py
[2026-07-09T10:31:37.324+0000] {processor.py:829} INFO - Processing file /opt/airflow/dags/binance_daily_dag.py for tasks to queue
[2026-07-09T10:31:37.325+0000] {logging_mixin.py:151} INFO - [2026-07-09T10:31:37.324+0000] {dagbag.py:539} INFO - Filling up the DagBag from /opt/airflow/dags/binance_daily_dag.py
[2026-07-09T10:31:39.723+0000] {processor.py:839} INFO - DAG(s) dict_keys(['daily_crypto_lstm_pipeline']) retrieved from /opt/airflow/dags/binance_daily_dag.py
[2026-07-09T10:31:39.743+0000] {logging_mixin.py:151} INFO - [2026-07-09T10:31:39.743+0000] {dag.py:2915} INFO - Sync 1 DAGs
[2026-07-09T10:31:39.763+0000] {logging_mixin.py:151} INFO - [2026-07-09T10:31:39.762+0000] {dag.py:3696} INFO - Setting next_dagrun for daily_crypto_lstm_pipeline to 2026-07-09T00:02:00+00:00, run_after=2026-07-10T00:02:00+00:00
[2026-07-09T10:31:39.823+0000] {processor.py:179} INFO - Processing /opt/airflow/dags/binance_daily_dag.py took 2.504 seconds
[2026-07-09T10:32:10.316+0000] {processor.py:157} INFO - Started process (PID=7072) to work on /opt/airflow/dags/binance_daily_dag.py
[2026-07-09T10:32:10.318+0000] {processor.py:829} INFO - Processing file /opt/airflow/dags/binance_daily_dag.py for tasks to queue
[2026-07-09T10:32:10.320+0000] {logging_mixin.py:151} INFO - [2026-07-09T10:32:10.319+0000] {dagbag.py:539} INFO - Filling up the DagBag from /opt/airflow/dags/binance_daily_dag.py
[2026-07-09T10:32:12.823+0000] {processor.py:839} INFO - DAG(s) dict_keys(['daily_crypto_lstm_pipeline']) retrieved from /opt/airflow/dags/binance_daily_dag.py
[2026-07-09T10:32:12.847+0000] {logging_mixin.py:151} INFO - [2026-07-09T10:32:12.846+0000] {dag.py:2915} INFO - Sync 1 DAGs
[2026-07-09T10:32:12.877+0000] {logging_mixin.py:151} INFO - [2026-07-09T10:32:12.877+0000] {dag.py:3696} INFO - Setting next_dagrun for daily_crypto_lstm_pipeline to 2026-07-09T00:02:00+00:00, run_after=2026-07-10T00:02:00+00:00
[2026-07-09T10:32:12.943+0000] {processor.py:179} INFO - Processing /opt/airflow/dags/binance_daily_dag.py took 2.632 seconds
[2026-07-09T10:32:43.109+0000] {processor.py:157} INFO - Started process (PID=7105) to work on /opt/airflow/dags/binance_daily_dag.py
[2026-07-09T10:32:43.111+0000] {processor.py:829} INFO - Processing file /opt/airflow/dags/binance_daily_dag.py for tasks to queue
[2026-07-09T10:32:43.112+0000] {logging_mixin.py:151} INFO - [2026-07-09T10:32:43.112+0000] {dagbag.py:539} INFO - Filling up the DagBag from /opt/airflow/dags/binance_daily_dag.py
[2026-07-09T10:32:45.515+0000] {processor.py:839} INFO - DAG(s) dict_keys(['daily_crypto_lstm_pipeline']) retrieved from /opt/airflow/dags/binance_daily_dag.py
[2026-07-09T10:32:45.540+0000] {logging_mixin.py:151} INFO - [2026-07-09T10:32:45.539+0000] {dag.py:2915} INFO - Sync 1 DAGs
[2026-07-09T10:32:45.565+0000] {logging_mixin.py:151} INFO - [2026-07-09T10:32:45.565+0000] {dag.py:3696} INFO - Setting next_dagrun for daily_crypto_lstm_pipeline to 2026-07-09T00:02:00+00:00, run_after=2026-07-10T00:02:00+00:00
[2026-07-09T10:32:45.596+0000] {processor.py:179} INFO - Processing /opt/airflow/dags/binance_daily_dag.py took 2.491 seconds
[2026-07-09T10:33:15.768+0000] {processor.py:157} INFO - Started process (PID=7138) to work on /opt/airflow/dags/binance_daily_dag.py
[2026-07-09T10:33:15.770+0000] {processor.py:829} INFO - Processing file /opt/airflow/dags/binance_daily_dag.py for tasks to queue
[2026-07-09T10:33:15.771+0000] {logging_mixin.py:151} INFO - [2026-07-09T10:33:15.770+0000] {dagbag.py:539} INFO - Filling up the DagBag from /opt/airflow/dags/binance_daily_dag.py
[2026-07-09T10:33:18.430+0000] {processor.py:839} INFO - DAG(s) dict_keys(['daily_crypto_lstm_pipeline']) retrieved from /opt/airflow/dags/binance_daily_dag.py
[2026-07-09T10:33:18.450+0000] {logging_mixin.py:151} INFO - [2026-07-09T10:33:18.450+0000] {dag.py:2915} INFO - Sync 1 DAGs
[2026-07-09T10:33:18.470+0000] {logging_mixin.py:151} INFO - [2026-07-09T10:33:18.470+0000] {dag.py:3696} INFO - Setting next_dagrun for daily_crypto_lstm_pipeline to 2026-07-09T00:02:00+00:00, run_after=2026-07-10T00:02:00+00:00
[2026-07-09T10:33:18.493+0000] {processor.py:179} INFO - Processing /opt/airflow/dags/binance_daily_dag.py took 2.729 seconds
[2026-07-09T10:33:48.633+0000] {processor.py:157} INFO - Started process (PID=7171) to work on /opt/airflow/dags/binance_daily_dag.py
[2026-07-09T10:33:48.635+0000] {processor.py:829} INFO - Processing file /opt/airflow/dags/binance_daily_dag.py for tasks to queue
[2026-07-09T10:33:48.636+0000] {logging_mixin.py:151} INFO - [2026-07-09T10:33:48.636+0000] {dagbag.py:539} INFO - Filling up the DagBag from /opt/airflow/dags/binance_daily_dag.py
[2026-07-09T10:33:51.264+0000] {processor.py:839} INFO - DAG(s) dict_keys(['daily_crypto_lstm_pipeline']) retrieved from /opt/airflow/dags/binance_daily_dag.py
[2026-07-09T10:33:51.287+0000] {logging_mixin.py:151} INFO - [2026-07-09T10:33:51.286+0000] {dag.py:2915} INFO - Sync 1 DAGs
[2026-07-09T10:33:51.311+0000] {logging_mixin.py:151} INFO - [2026-07-09T10:33:51.311+0000] {dag.py:3696} INFO - Setting next_dagrun for daily_crypto_lstm_pipeline to 2026-07-09T00:02:00+00:00, run_after=2026-07-10T00:02:00+00:00
[2026-07-09T10:33:51.374+0000] {processor.py:179} INFO - Processing /opt/airflow/dags/binance_daily_dag.py took 2.745 seconds
[2026-07-09T10:34:21.530+0000] {processor.py:157} INFO - Started process (PID=7204) to work on /opt/airflow/dags/binance_daily_dag.py
[2026-07-09T10:34:21.532+0000] {processor.py:829} INFO - Processing file /opt/airflow/dags/binance_daily_dag.py for tasks to queue
[2026-07-09T10:34:21.533+0000] {logging_mixin.py:151} INFO - [2026-07-09T10:34:21.532+0000] {dagbag.py:539} INFO - Filling up the DagBag from /opt/airflow/dags/binance_daily_dag.py
[2026-07-09T10:34:24.439+0000] {processor.py:839} INFO - DAG(s) dict_keys(['daily_crypto_lstm_pipeline']) retrieved from /opt/airflow/dags/binance_daily_dag.py
[2026-07-09T10:34:24.536+0000] {logging_mixin.py:151} INFO - [2026-07-09T10:34:24.534+0000] {dag.py:2915} INFO - Sync 1 DAGs
[2026-07-09T10:34:24.636+0000] {logging_mixin.py:151} INFO - [2026-07-09T10:34:24.635+0000] {dag.py:3696} INFO - Setting next_dagrun for daily_crypto_lstm_pipeline to 2026-07-09T00:02:00+00:00, run_after=2026-07-10T00:02:00+00:00
[2026-07-09T10:34:24.693+0000] {processor.py:179} INFO - Processing /opt/airflow/dags/binance_daily_dag.py took 3.167 seconds
[2026-07-09T10:34:55.438+0000] {processor.py:157} INFO - Started process (PID=7234) to work on /opt/airflow/dags/binance_daily_dag.py
[2026-07-09T10:34:55.439+0000] {processor.py:829} INFO - Processing file /opt/airflow/dags/binance_daily_dag.py for tasks to queue
[2026-07-09T10:34:55.441+0000] {logging_mixin.py:151} INFO - [2026-07-09T10:34:55.440+0000] {dagbag.py:539} INFO - Filling up the DagBag from /opt/airflow/dags/binance_daily_dag.py
[2026-07-09T10:35:02.893+0000] {processor.py:839} INFO - DAG(s) dict_keys(['daily_crypto_lstm_pipeline']) retrieved from /opt/airflow/dags/binance_daily_dag.py
[2026-07-09T10:35:03.039+0000] {logging_mixin.py:151} INFO - [2026-07-09T10:35:03.037+0000] {dag.py:2915} INFO - Sync 1 DAGs
[2026-07-09T10:35:03.077+0000] {logging_mixin.py:151} INFO - [2026-07-09T10:35:03.077+0000] {dag.py:3696} INFO - Setting next_dagrun for daily_crypto_lstm_pipeline to 2026-07-09T00:02:00+00:00, run_after=2026-07-10T00:02:00+00:00
[2026-07-09T10:35:03.112+0000] {processor.py:179} INFO - Processing /opt/airflow/dags/binance_daily_dag.py took 7.714 seconds
[2026-07-09T10:35:33.552+0000] {processor.py:157} INFO - Started process (PID=7281) to work on /opt/airflow/dags/binance_daily_dag.py
[2026-07-09T10:35:33.563+0000] {processor.py:829} INFO - Processing file /opt/airflow/dags/binance_daily_dag.py for tasks to queue
[2026-07-09T10:35:33.571+0000] {logging_mixin.py:151} INFO - [2026-07-09T10:35:33.565+0000] {dagbag.py:539} INFO - Filling up the DagBag from /opt/airflow/dags/binance_daily_dag.py
[2026-07-09T10:35:41.687+0000] {processor.py:839} INFO - DAG(s) dict_keys(['daily_crypto_lstm_pipeline']) retrieved from /opt/airflow/dags/binance_daily_dag.py
[2026-07-09T10:35:41.765+0000] {logging_mixin.py:151} INFO - [2026-07-09T10:35:41.765+0000] {dag.py:2915} INFO - Sync 1 DAGs
[2026-07-09T10:35:41.853+0000] {logging_mixin.py:151} INFO - [2026-07-09T10:35:41.852+0000] {dag.py:3696} INFO - Setting next_dagrun for daily_crypto_lstm_pipeline to 2026-07-09T00:02:00+00:00, run_after=2026-07-10T00:02:00+00:00
[2026-07-09T10:35:41.890+0000] {processor.py:179} INFO - Processing /opt/airflow/dags/binance_daily_dag.py took 8.445 seconds
[2026-07-09T10:36:13.537+0000] {processor.py:157} INFO - Started process (PID=7312) to work on /opt/airflow/dags/binance_daily_dag.py
[2026-07-09T10:36:13.570+0000] {processor.py:829} INFO - Processing file /opt/airflow/dags/binance_daily_dag.py for tasks to queue
[2026-07-09T10:36:13.601+0000] {logging_mixin.py:151} INFO - [2026-07-09T10:36:13.593+0000] {dagbag.py:539} INFO - Filling up the DagBag from /opt/airflow/dags/binance_daily_dag.py
[2026-07-09T10:36:22.161+0000] {processor.py:839} INFO - DAG(s) dict_keys(['daily_crypto_lstm_pipeline']) retrieved from /opt/airflow/dags/binance_daily_dag.py
[2026-07-09T10:36:22.236+0000] {logging_mixin.py:151} INFO - [2026-07-09T10:36:22.235+0000] {dag.py:2915} INFO - Sync 1 DAGs
[2026-07-09T10:36:22.298+0000] {logging_mixin.py:151} INFO - [2026-07-09T10:36:22.298+0000] {dag.py:3696} INFO - Setting next_dagrun for daily_crypto_lstm_pipeline to 2026-07-09T00:02:00+00:00, run_after=2026-07-10T00:02:00+00:00
[2026-07-09T10:36:22.390+0000] {processor.py:179} INFO - Processing /opt/airflow/dags/binance_daily_dag.py took 9.022 seconds
[2026-07-09T10:36:52.832+0000] {processor.py:157} INFO - Started process (PID=7348) to work on /opt/airflow/dags/binance_daily_dag.py
[2026-07-09T10:36:52.835+0000] {processor.py:829} INFO - Processing file /opt/airflow/dags/binance_daily_dag.py for tasks to queue
[2026-07-09T10:36:52.837+0000] {logging_mixin.py:151} INFO - [2026-07-09T10:36:52.836+0000] {dagbag.py:539} INFO - Filling up the DagBag from /opt/airflow/dags/binance_daily_dag.py
[2026-07-09T10:36:57.568+0000] {processor.py:839} INFO - DAG(s) dict_keys(['daily_crypto_lstm_pipeline']) retrieved from /opt/airflow/dags/binance_daily_dag.py
[2026-07-09T10:36:57.624+0000] {logging_mixin.py:151} INFO - [2026-07-09T10:36:57.623+0000] {dag.py:2915} INFO - Sync 1 DAGs
[2026-07-09T10:36:57.673+0000] {logging_mixin.py:151} INFO - [2026-07-09T10:36:57.673+0000] {dag.py:3696} INFO - Setting next_dagrun for daily_crypto_lstm_pipeline to 2026-07-09T00:02:00+00:00, run_after=2026-07-10T00:02:00+00:00
[2026-07-09T10:36:57.728+0000] {processor.py:179} INFO - Processing /opt/airflow/dags/binance_daily_dag.py took 4.903 seconds
[2026-07-09T10:37:28.045+0000] {processor.py:157} INFO - Started process (PID=7381) to work on /opt/airflow/dags/binance_daily_dag.py
[2026-07-09T10:37:28.048+0000] {processor.py:829} INFO - Processing file /opt/airflow/dags/binance_daily_dag.py for tasks to queue
[2026-07-09T10:37:28.053+0000] {logging_mixin.py:151} INFO - [2026-07-09T10:37:28.052+0000] {dagbag.py:539} INFO - Filling up the DagBag from /opt/airflow/dags/binance_daily_dag.py
[2026-07-09T10:37:32.466+0000] {processor.py:839} INFO - DAG(s) dict_keys(['daily_crypto_lstm_pipeline']) retrieved from /opt/airflow/dags/binance_daily_dag.py
[2026-07-09T10:37:32.510+0000] {logging_mixin.py:151} INFO - [2026-07-09T10:37:32.509+0000] {dag.py:2915} INFO - Sync 1 DAGs
[2026-07-09T10:37:32.552+0000] {logging_mixin.py:151} INFO - [2026-07-09T10:37:32.551+0000] {dag.py:3696} INFO - Setting next_dagrun for daily_crypto_lstm_pipeline to 2026-07-09T00:02:00+00:00, run_after=2026-07-10T00:02:00+00:00
[2026-07-09T10:37:32.587+0000] {processor.py:179} INFO - Processing /opt/airflow/dags/binance_daily_dag.py took 4.551 seconds
[2026-07-09T10:38:03.554+0000] {processor.py:157} INFO - Started process (PID=7426) to work on /opt/airflow/dags/binance_daily_dag.py
[2026-07-09T10:38:03.556+0000] {processor.py:829} INFO - Processing file /opt/airflow/dags/binance_daily_dag.py for tasks to queue
[2026-07-09T10:38:03.558+0000] {logging_mixin.py:151} INFO - [2026-07-09T10:38:03.557+0000] {dagbag.py:539} INFO - Filling up the DagBag from /opt/airflow/dags/binance_daily_dag.py
[2026-07-09T10:38:07.942+0000] {processor.py:839} INFO - DAG(s) dict_keys(['daily_crypto_lstm_pipeline']) retrieved from /opt/airflow/dags/binance_daily_dag.py
[2026-07-09T10:38:07.984+0000] {logging_mixin.py:151} INFO - [2026-07-09T10:38:07.983+0000] {dag.py:2915} INFO - Sync 1 DAGs
[2026-07-09T10:38:08.025+0000] {logging_mixin.py:151} INFO - [2026-07-09T10:38:08.025+0000] {dag.py:3696} INFO - Setting next_dagrun for daily_crypto_lstm_pipeline to 2026-07-09T00:02:00+00:00, run_after=2026-07-10T00:02:00+00:00
[2026-07-09T10:38:08.099+0000] {processor.py:179} INFO - Processing /opt/airflow/dags/binance_daily_dag.py took 4.551 seconds
[2026-07-09T10:38:38.498+0000] {processor.py:157} INFO - Started process (PID=7459) to work on /opt/airflow/dags/binance_daily_dag.py
[2026-07-09T10:38:38.503+0000] {processor.py:829} INFO - Processing file /opt/airflow/dags/binance_daily_dag.py for tasks to queue
[2026-07-09T10:38:38.505+0000] {logging_mixin.py:151} INFO - [2026-07-09T10:38:38.504+0000] {dagbag.py:539} INFO - Filling up the DagBag from /opt/airflow/dags/binance_daily_dag.py
[2026-07-09T10:38:42.972+0000] {processor.py:839} INFO - DAG(s) dict_keys(['daily_crypto_lstm_pipeline']) retrieved from /opt/airflow/dags/binance_daily_dag.py
[2026-07-09T10:38:43.006+0000] {logging_mixin.py:151} INFO - [2026-07-09T10:38:43.004+0000] {dag.py:2915} INFO - Sync 1 DAGs
[2026-07-09T10:38:43.039+0000] {logging_mixin.py:151} INFO - [2026-07-09T10:38:43.038+0000] {dag.py:3696} INFO - Setting next_dagrun for daily_crypto_lstm_pipeline to 2026-07-09T00:02:00+00:00, run_after=2026-07-10T00:02:00+00:00
[2026-07-09T10:38:43.090+0000] {processor.py:179} INFO - Processing /opt/airflow/dags/binance_daily_dag.py took 4.601 seconds
[2026-07-09T10:39:13.753+0000] {processor.py:157} INFO - Started process (PID=7492) to work on /opt/airflow/dags/binance_daily_dag.py
[2026-07-09T10:39:13.757+0000] {processor.py:829} INFO - Processing file /opt/airflow/dags/binance_daily_dag.py for tasks to queue
[2026-07-09T10:39:13.761+0000] {logging_mixin.py:151} INFO - [2026-07-09T10:39:13.759+0000] {dagbag.py:539} INFO - Filling up the DagBag from /opt/airflow/dags/binance_daily_dag.py
[2026-07-09T10:39:19.117+0000] {processor.py:839} INFO - DAG(s) dict_keys(['daily_crypto_lstm_pipeline']) retrieved from /opt/airflow/dags/binance_daily_dag.py
[2026-07-09T10:39:19.251+0000] {logging_mixin.py:151} INFO - [2026-07-09T10:39:19.249+0000] {dag.py:2915} INFO - Sync 1 DAGs
[2026-07-09T10:39:19.383+0000] {logging_mixin.py:151} INFO - [2026-07-09T10:39:19.383+0000] {dag.py:3696} INFO - Setting next_dagrun for daily_crypto_lstm_pipeline to 2026-07-09T00:02:00+00:00, run_after=2026-07-10T00:02:00+00:00
[2026-07-09T10:39:19.481+0000] {processor.py:179} INFO - Processing /opt/airflow/dags/binance_daily_dag.py took 5.737 seconds
[2026-07-09T10:39:50.090+0000] {processor.py:157} INFO - Started process (PID=7526) to work on /opt/airflow/dags/binance_daily_dag.py
[2026-07-09T10:39:50.093+0000] {processor.py:829} INFO - Processing file /opt/airflow/dags/binance_daily_dag.py for tasks to queue
[2026-07-09T10:39:50.095+0000] {logging_mixin.py:151} INFO - [2026-07-09T10:39:50.095+0000] {dagbag.py:539} INFO - Filling up the DagBag from /opt/airflow/dags/binance_daily_dag.py
[2026-07-09T10:39:54.560+0000] {processor.py:839} INFO - DAG(s) dict_keys(['daily_crypto_lstm_pipeline']) retrieved from /opt/airflow/dags/binance_daily_dag.py
[2026-07-09T10:39:54.605+0000] {logging_mixin.py:151} INFO - [2026-07-09T10:39:54.604+0000] {dag.py:2915} INFO - Sync 1 DAGs
[2026-07-09T10:39:54.644+0000] {logging_mixin.py:151} INFO - [2026-07-09T10:39:54.643+0000] {dag.py:3696} INFO - Setting next_dagrun for daily_crypto_lstm_pipeline to 2026-07-09T00:02:00+00:00, run_after=2026-07-10T00:02:00+00:00
[2026-07-09T10:39:54.682+0000] {processor.py:179} INFO - Processing /opt/airflow/dags/binance_daily_dag.py took 4.600 seconds
[2026-07-09T10:40:25.232+0000] {processor.py:157} INFO - Started process (PID=7560) to work on /opt/airflow/dags/binance_daily_dag.py
[2026-07-09T10:40:25.234+0000] {processor.py:829} INFO - Processing file /opt/airflow/dags/binance_daily_dag.py for tasks to queue
[2026-07-09T10:40:25.236+0000] {logging_mixin.py:151} INFO - [2026-07-09T10:40:25.236+0000] {dagbag.py:539} INFO - Filling up the DagBag from /opt/airflow/dags/binance_daily_dag.py
[2026-07-09T10:40:29.791+0000] {processor.py:839} INFO - DAG(s) dict_keys(['daily_crypto_lstm_pipeline']) retrieved from /opt/airflow/dags/binance_daily_dag.py
[2026-07-09T10:40:29.828+0000] {logging_mixin.py:151} INFO - [2026-07-09T10:40:29.827+0000] {dag.py:2915} INFO - Sync 1 DAGs
[2026-07-09T10:40:29.867+0000] {logging_mixin.py:151} INFO - [2026-07-09T10:40:29.867+0000] {dag.py:3696} INFO - Setting next_dagrun for daily_crypto_lstm_pipeline to 2026-07-09T00:02:00+00:00, run_after=2026-07-10T00:02:00+00:00
[2026-07-09T10:40:29.905+0000] {processor.py:179} INFO - Processing /opt/airflow/dags/binance_daily_dag.py took 4.683 seconds
[2026-07-09T10:41:00.511+0000] {processor.py:157} INFO - Started process (PID=7600) to work on /opt/airflow/dags/binance_daily_dag.py
[2026-07-09T10:41:00.513+0000] {processor.py:829} INFO - Processing file /opt/airflow/dags/binance_daily_dag.py for tasks to queue
[2026-07-09T10:41:00.515+0000] {logging_mixin.py:151} INFO - [2026-07-09T10:41:00.514+0000] {dagbag.py:539} INFO - Filling up the DagBag from /opt/airflow/dags/binance_daily_dag.py
[2026-07-09T10:41:04.906+0000] {processor.py:839} INFO - DAG(s) dict_keys(['daily_crypto_lstm_pipeline']) retrieved from /opt/airflow/dags/binance_daily_dag.py
[2026-07-09T10:41:04.951+0000] {logging_mixin.py:151} INFO - [2026-07-09T10:41:04.950+0000] {dag.py:2915} INFO - Sync 1 DAGs
[2026-07-09T10:41:04.993+0000] {logging_mixin.py:151} INFO - [2026-07-09T10:41:04.993+0000] {dag.py:3696} INFO - Setting next_dagrun for daily_crypto_lstm_pipeline to 2026-07-09T00:02:00+00:00, run_after=2026-07-10T00:02:00+00:00
[2026-07-09T10:41:05.034+0000] {processor.py:179} INFO - Processing /opt/airflow/dags/binance_daily_dag.py took 4.530 seconds
[2026-07-09T10:41:35.774+0000] {processor.py:157} INFO - Started process (PID=7638) to work on /opt/airflow/dags/binance_daily_dag.py
[2026-07-09T10:41:35.776+0000] {processor.py:829} INFO - Processing file /opt/airflow/dags/binance_daily_dag.py for tasks to queue
[2026-07-09T10:41:35.778+0000] {logging_mixin.py:151} INFO - [2026-07-09T10:41:35.777+0000] {dagbag.py:539} INFO - Filling up the DagBag from /opt/airflow/dags/binance_daily_dag.py
[2026-07-09T10:41:40.095+0000] {processor.py:839} INFO - DAG(s) dict_keys(['daily_crypto_lstm_pipeline']) retrieved from /opt/airflow/dags/binance_daily_dag.py
[2026-07-09T10:41:40.139+0000] {logging_mixin.py:151} INFO - [2026-07-09T10:41:40.138+0000] {dag.py:2915} INFO - Sync 1 DAGs
[2026-07-09T10:41:40.176+0000] {logging_mixin.py:151} INFO - [2026-07-09T10:41:40.176+0000] {dag.py:3696} INFO - Setting next_dagrun for daily_crypto_lstm_pipeline to 2026-07-09T00:02:00+00:00, run_after=2026-07-10T00:02:00+00:00
[2026-07-09T10:41:40.245+0000] {processor.py:179} INFO - Processing /opt/airflow/dags/binance_daily_dag.py took 4.478 seconds
[2026-07-09T10:42:10.620+0000] {processor.py:157} INFO - Started process (PID=7671) to work on /opt/airflow/dags/binance_daily_dag.py
[2026-07-09T10:42:10.622+0000] {processor.py:829} INFO - Processing file /opt/airflow/dags/binance_daily_dag.py for tasks to queue
[2026-07-09T10:42:10.625+0000] {logging_mixin.py:151} INFO - [2026-07-09T10:42:10.625+0000] {dagbag.py:539} INFO - Filling up the DagBag from /opt/airflow/dags/binance_daily_dag.py
[2026-07-09T10:42:15.363+0000] {processor.py:839} INFO - DAG(s) dict_keys(['daily_crypto_lstm_pipeline']) retrieved from /opt/airflow/dags/binance_daily_dag.py
[2026-07-09T10:42:15.400+0000] {logging_mixin.py:151} INFO - [2026-07-09T10:42:15.399+0000] {dag.py:2915} INFO - Sync 1 DAGs
[2026-07-09T10:42:15.439+0000] {logging_mixin.py:151} INFO - [2026-07-09T10:42:15.439+0000] {dag.py:3696} INFO - Setting next_dagrun for daily_crypto_lstm_pipeline to 2026-07-09T00:02:00+00:00, run_after=2026-07-10T00:02:00+00:00
[2026-07-09T10:42:15.517+0000] {processor.py:179} INFO - Processing /opt/airflow/dags/binance_daily_dag.py took 4.904 seconds
[2026-07-09T10:42:46.160+0000] {processor.py:157} INFO - Started process (PID=7705) to work on /opt/airflow/dags/binance_daily_dag.py
[2026-07-09T10:42:46.162+0000] {processor.py:829} INFO - Processing file /opt/airflow/dags/binance_daily_dag.py for tasks to queue
[2026-07-09T10:42:46.164+0000] {logging_mixin.py:151} INFO - [2026-07-09T10:42:46.163+0000] {dagbag.py:539} INFO - Filling up the DagBag from /opt/airflow/dags/binance_daily_dag.py
[2026-07-09T10:42:50.807+0000] {processor.py:839} INFO - DAG(s) dict_keys(['daily_crypto_lstm_pipeline']) retrieved from /opt/airflow/dags/binance_daily_dag.py
[2026-07-09T10:42:50.851+0000] {logging_mixin.py:151} INFO - [2026-07-09T10:42:50.849+0000] {dag.py:2915} INFO - Sync 1 DAGs
[2026-07-09T10:42:50.889+0000] {logging_mixin.py:151} INFO - [2026-07-09T10:42:50.889+0000] {dag.py:3696} INFO - Setting next_dagrun for daily_crypto_lstm_pipeline to 2026-07-09T00:02:00+00:00, run_after=2026-07-10T00:02:00+00:00
[2026-07-09T10:42:50.926+0000] {processor.py:179} INFO - Processing /opt/airflow/dags/binance_daily_dag.py took 4.774 seconds
[2026-07-09T10:43:21.077+0000] {processor.py:157} INFO - Started process (PID=7738) to work on /opt/airflow/dags/binance_daily_dag.py
[2026-07-09T10:43:21.080+0000] {processor.py:829} INFO - Processing file /opt/airflow/dags/binance_daily_dag.py for tasks to queue
[2026-07-09T10:43:21.082+0000] {logging_mixin.py:151} INFO - [2026-07-09T10:43:21.081+0000] {dagbag.py:539} INFO - Filling up the DagBag from /opt/airflow/dags/binance_daily_dag.py
[2026-07-09T10:43:25.459+0000] {processor.py:839} INFO - DAG(s) dict_keys(['daily_crypto_lstm_pipeline']) retrieved from /opt/airflow/dags/binance_daily_dag.py
[2026-07-09T10:43:25.499+0000] {logging_mixin.py:151} INFO - [2026-07-09T10:43:25.498+0000] {dag.py:2915} INFO - Sync 1 DAGs
[2026-07-09T10:43:25.542+0000] {logging_mixin.py:151} INFO - [2026-07-09T10:43:25.542+0000] {dag.py:3696} INFO - Setting next_dagrun for daily_crypto_lstm_pipeline to 2026-07-09T00:02:00+00:00, run_after=2026-07-10T00:02:00+00:00
[2026-07-09T10:43:25.587+0000] {processor.py:179} INFO - Processing /opt/airflow/dags/binance_daily_dag.py took 4.517 seconds
[2026-07-09T10:43:56.647+0000] {processor.py:157} INFO - Started process (PID=7771) to work on /opt/airflow/dags/binance_daily_dag.py
[2026-07-09T10:43:56.650+0000] {processor.py:829} INFO - Processing file /opt/airflow/dags/binance_daily_dag.py for tasks to queue
[2026-07-09T10:43:56.651+0000] {logging_mixin.py:151} INFO - [2026-07-09T10:43:56.651+0000] {dagbag.py:539} INFO - Filling up the DagBag from /opt/airflow/dags/binance_daily_dag.py
[2026-07-09T10:44:00.823+0000] {processor.py:839} INFO - DAG(s) dict_keys(['daily_crypto_lstm_pipeline']) retrieved from /opt/airflow/dags/binance_daily_dag.py
[2026-07-09T10:44:00.862+0000] {logging_mixin.py:151} INFO - [2026-07-09T10:44:00.862+0000] {dag.py:2915} INFO - Sync 1 DAGs
[2026-07-09T10:44:00.898+0000] {logging_mixin.py:151} INFO - [2026-07-09T10:44:00.898+0000] {dag.py:3696} INFO - Setting next_dagrun for daily_crypto_lstm_pipeline to 2026-07-09T00:02:00+00:00, run_after=2026-07-10T00:02:00+00:00
[2026-07-09T10:44:00.980+0000] {processor.py:179} INFO - Processing /opt/airflow/dags/binance_daily_dag.py took 4.345 seconds
[2026-07-09T10:44:31.561+0000] {processor.py:157} INFO - Started process (PID=7811) to work on /opt/airflow/dags/binance_daily_dag.py
[2026-07-09T10:44:31.564+0000] {processor.py:829} INFO - Processing file /opt/airflow/dags/binance_daily_dag.py for tasks to queue
[2026-07-09T10:44:31.568+0000] {logging_mixin.py:151} INFO - [2026-07-09T10:44:31.566+0000] {dagbag.py:539} INFO - Filling up the DagBag from /opt/airflow/dags/binance_daily_dag.py
[2026-07-09T10:44:35.786+0000] {processor.py:839} INFO - DAG(s) dict_keys(['daily_crypto_lstm_pipeline']) retrieved from /opt/airflow/dags/binance_daily_dag.py
[2026-07-09T10:44:35.821+0000] {logging_mixin.py:151} INFO - [2026-07-09T10:44:35.820+0000] {dag.py:2915} INFO - Sync 1 DAGs
[2026-07-09T10:44:35.853+0000] {logging_mixin.py:151} INFO - [2026-07-09T10:44:35.853+0000] {dag.py:3696} INFO - Setting next_dagrun for daily_crypto_lstm_pipeline to 2026-07-09T00:02:00+00:00, run_after=2026-07-10T00:02:00+00:00
[2026-07-09T10:44:35.923+0000] {processor.py:179} INFO - Processing /opt/airflow/dags/binance_daily_dag.py took 4.369 seconds
[2026-07-09T10:45:06.266+0000] {processor.py:157} INFO - Started process (PID=7845) to work on /opt/airflow/dags/binance_daily_dag.py
[2026-07-09T10:45:06.268+0000] {processor.py:829} INFO - Processing file /opt/airflow/dags/binance_daily_dag.py for tasks to queue
[2026-07-09T10:45:06.270+0000] {logging_mixin.py:151} INFO - [2026-07-09T10:45:06.269+0000] {dagbag.py:539} INFO - Filling up the DagBag from /opt/airflow/dags/binance_daily_dag.py
[2026-07-09T10:45:10.621+0000] {processor.py:839} INFO - DAG(s) dict_keys(['daily_crypto_lstm_pipeline']) retrieved from /opt/airflow/dags/binance_daily_dag.py
[2026-07-09T10:45:10.672+0000] {logging_mixin.py:151} INFO - [2026-07-09T10:45:10.671+0000] {dag.py:2915} INFO - Sync 1 DAGs
[2026-07-09T10:45:10.717+0000] {logging_mixin.py:151} INFO - [2026-07-09T10:45:10.717+0000] {dag.py:3696} INFO - Setting next_dagrun for daily_crypto_lstm_pipeline to 2026-07-09T00:02:00+00:00, run_after=2026-07-10T00:02:00+00:00
[2026-07-09T10:45:10.793+0000] {processor.py:179} INFO - Processing /opt/airflow/dags/binance_daily_dag.py took 4.534 seconds
[2026-07-09T10:45:41.800+0000] {processor.py:157} INFO - Started process (PID=7883) to work on /opt/airflow/dags/binance_daily_dag.py
[2026-07-09T10:45:41.802+0000] {processor.py:829} INFO - Processing file /opt/airflow/dags/binance_daily_dag.py for tasks to queue
[2026-07-09T10:45:41.804+0000] {logging_mixin.py:151} INFO - [2026-07-09T10:45:41.803+0000] {dagbag.py:539} INFO - Filling up the DagBag from /opt/airflow/dags/binance_daily_dag.py
[2026-07-09T10:45:45.571+0000] {processor.py:839} INFO - DAG(s) dict_keys(['daily_crypto_lstm_pipeline']) retrieved from /opt/airflow/dags/binance_daily_dag.py
[2026-07-09T10:45:45.603+0000] {logging_mixin.py:151} INFO - [2026-07-09T10:45:45.602+0000] {dag.py:2915} INFO - Sync 1 DAGs
[2026-07-09T10:45:45.633+0000] {logging_mixin.py:151} INFO - [2026-07-09T10:45:45.633+0000] {dag.py:3696} INFO - Setting next_dagrun for daily_crypto_lstm_pipeline to 2026-07-09T00:02:00+00:00, run_after=2026-07-10T00:02:00+00:00
[2026-07-09T10:45:45.701+0000] {processor.py:179} INFO - Processing /opt/airflow/dags/binance_daily_dag.py took 3.908 seconds
[2026-07-09T10:46:16.377+0000] {processor.py:157} INFO - Started process (PID=7916) to work on /opt/airflow/dags/binance_daily_dag.py
[2026-07-09T10:46:16.380+0000] {processor.py:829} INFO - Processing file /opt/airflow/dags/binance_daily_dag.py for tasks to queue
[2026-07-09T10:46:16.382+0000] {logging_mixin.py:151} INFO - [2026-07-09T10:46:16.381+0000] {dagbag.py:539} INFO - Filling up the DagBag from /opt/airflow/dags/binance_daily_dag.py
[2026-07-09T10:46:20.758+0000] {processor.py:839} INFO - DAG(s) dict_keys(['daily_crypto_lstm_pipeline']) retrieved from /opt/airflow/dags/binance_daily_dag.py
[2026-07-09T10:46:20.821+0000] {logging_mixin.py:151} INFO - [2026-07-09T10:46:20.820+0000] {dag.py:2915} INFO - Sync 1 DAGs
[2026-07-09T10:46:20.919+0000] {logging_mixin.py:151} INFO - [2026-07-09T10:46:20.918+0000] {dag.py:3696} INFO - Setting next_dagrun for daily_crypto_lstm_pipeline to 2026-07-09T00:02:00+00:00, run_after=2026-07-10T00:02:00+00:00
[2026-07-09T10:46:21.013+0000] {processor.py:179} INFO - Processing /opt/airflow/dags/binance_daily_dag.py took 4.646 seconds
[2026-07-09T10:46:52.072+0000] {processor.py:157} INFO - Started process (PID=7949) to work on /opt/airflow/dags/binance_daily_dag.py
[2026-07-09T10:46:52.075+0000] {processor.py:829} INFO - Processing file /opt/airflow/dags/binance_daily_dag.py for tasks to queue
[2026-07-09T10:46:52.077+0000] {logging_mixin.py:151} INFO - [2026-07-09T10:46:52.076+0000] {dagbag.py:539} INFO - Filling up the DagBag from /opt/airflow/dags/binance_daily_dag.py
[2026-07-09T10:46:56.883+0000] {processor.py:839} INFO - DAG(s) dict_keys(['daily_crypto_lstm_pipeline']) retrieved from /opt/airflow/dags/binance_daily_dag.py
[2026-07-09T10:46:56.940+0000] {logging_mixin.py:151} INFO - [2026-07-09T10:46:56.938+0000] {dag.py:2915} INFO - Sync 1 DAGs
[2026-07-09T10:46:56.985+0000] {logging_mixin.py:151} INFO - [2026-07-09T10:46:56.985+0000] {dag.py:3696} INFO - Setting next_dagrun for daily_crypto_lstm_pipeline to 2026-07-09T00:02:00+00:00, run_after=2026-07-10T00:02:00+00:00
[2026-07-09T10:46:57.035+0000] {processor.py:179} INFO - Processing /opt/airflow/dags/binance_daily_dag.py took 4.975 seconds
[2026-07-09T10:47:27.246+0000] {processor.py:157} INFO - Started process (PID=7982) to work on /opt/airflow/dags/binance_daily_dag.py
[2026-07-09T10:47:27.248+0000] {processor.py:829} INFO - Processing file /opt/airflow/dags/binance_daily_dag.py for tasks to queue
[2026-07-09T10:47:27.254+0000] {logging_mixin.py:151} INFO - [2026-07-09T10:47:27.254+0000] {dagbag.py:539} INFO - Filling up the DagBag from /opt/airflow/dags/binance_daily_dag.py
[2026-07-09T10:47:31.251+0000] {processor.py:839} INFO - DAG(s) dict_keys(['daily_crypto_lstm_pipeline']) retrieved from /opt/airflow/dags/binance_daily_dag.py
[2026-07-09T10:47:31.291+0000] {logging_mixin.py:151} INFO - [2026-07-09T10:47:31.290+0000] {dag.py:2915} INFO - Sync 1 DAGs
[2026-07-09T10:47:31.331+0000] {logging_mixin.py:151} INFO - [2026-07-09T10:47:31.330+0000] {dag.py:3696} INFO - Setting next_dagrun for daily_crypto_lstm_pipeline to 2026-07-09T00:02:00+00:00, run_after=2026-07-10T00:02:00+00:00
[2026-07-09T10:47:31.368+0000] {processor.py:179} INFO - Processing /opt/airflow/dags/binance_daily_dag.py took 4.131 seconds
[2026-07-09T10:48:01.832+0000] {processor.py:157} INFO - Started process (PID=8022) to work on /opt/airflow/dags/binance_daily_dag.py
[2026-07-09T10:48:01.834+0000] {processor.py:829} INFO - Processing file /opt/airflow/dags/binance_daily_dag.py for tasks to queue
[2026-07-09T10:48:01.837+0000] {logging_mixin.py:151} INFO - [2026-07-09T10:48:01.836+0000] {dagbag.py:539} INFO - Filling up the DagBag from /opt/airflow/dags/binance_daily_dag.py
[2026-07-09T10:48:06.446+0000] {processor.py:839} INFO - DAG(s) dict_keys(['daily_crypto_lstm_pipeline']) retrieved from /opt/airflow/dags/binance_daily_dag.py
[2026-07-09T10:48:06.481+0000] {logging_mixin.py:151} INFO - [2026-07-09T10:48:06.481+0000] {dag.py:2915} INFO - Sync 1 DAGs
[2026-07-09T10:48:06.523+0000] {logging_mixin.py:151} INFO - [2026-07-09T10:48:06.523+0000] {dag.py:3696} INFO - Setting next_dagrun for daily_crypto_lstm_pipeline to 2026-07-09T00:02:00+00:00, run_after=2026-07-10T00:02:00+00:00
[2026-07-09T10:48:06.571+0000] {processor.py:179} INFO - Processing /opt/airflow/dags/binance_daily_dag.py took 4.745 seconds
[2026-07-09T10:48:36.919+0000] {processor.py:157} INFO - Started process (PID=8055) to work on /opt/airflow/dags/binance_daily_dag.py
[2026-07-09T10:48:36.921+0000] {processor.py:829} INFO - Processing file /opt/airflow/dags/binance_daily_dag.py for tasks to queue
[2026-07-09T10:48:36.924+0000] {logging_mixin.py:151} INFO - [2026-07-09T10:48:36.924+0000] {dagbag.py:539} INFO - Filling up the DagBag from /opt/airflow/dags/binance_daily_dag.py
[2026-07-09T10:48:41.582+0000] {processor.py:839} INFO - DAG(s) dict_keys(['daily_crypto_lstm_pipeline']) retrieved from /opt/airflow/dags/binance_daily_dag.py
[2026-07-09T10:48:41.622+0000] {logging_mixin.py:151} INFO - [2026-07-09T10:48:41.621+0000] {dag.py:2915} INFO - Sync 1 DAGs
[2026-07-09T10:48:41.661+0000] {logging_mixin.py:151} INFO - [2026-07-09T10:48:41.661+0000] {dag.py:3696} INFO - Setting next_dagrun for daily_crypto_lstm_pipeline to 2026-07-09T00:02:00+00:00, run_after=2026-07-10T00:02:00+00:00
[2026-07-09T10:48:41.741+0000] {processor.py:179} INFO - Processing /opt/airflow/dags/binance_daily_dag.py took 4.831 seconds
[2026-07-09T10:49:12.227+0000] {processor.py:157} INFO - Started process (PID=8093) to work on /opt/airflow/dags/binance_daily_dag.py
[2026-07-09T10:49:12.229+0000] {processor.py:829} INFO - Processing file /opt/airflow/dags/binance_daily_dag.py for tasks to queue
[2026-07-09T10:49:12.231+0000] {logging_mixin.py:151} INFO - [2026-07-09T10:49:12.231+0000] {dagbag.py:539} INFO - Filling up the DagBag from /opt/airflow/dags/binance_daily_dag.py
[2026-07-09T10:49:16.849+0000] {processor.py:839} INFO - DAG(s) dict_keys(['daily_crypto_lstm_pipeline']) retrieved from /opt/airflow/dags/binance_daily_dag.py
[2026-07-09T10:49:16.891+0000] {logging_mixin.py:151} INFO - [2026-07-09T10:49:16.889+0000] {dag.py:2915} INFO - Sync 1 DAGs
[2026-07-09T10:49:16.939+0000] {logging_mixin.py:151} INFO - [2026-07-09T10:49:16.939+0000] {dag.py:3696} INFO - Setting next_dagrun for daily_crypto_lstm_pipeline to 2026-07-09T00:02:00+00:00, run_after=2026-07-10T00:02:00+00:00
[2026-07-09T10:49:16.976+0000] {processor.py:179} INFO - Processing /opt/airflow/dags/binance_daily_dag.py took 4.757 seconds
[2026-07-09T10:49:47.628+0000] {processor.py:157} INFO - Started process (PID=8126) to work on /opt/airflow/dags/binance_daily_dag.py
[2026-07-09T10:49:47.630+0000] {processor.py:829} INFO - Processing file /opt/airflow/dags/binance_daily_dag.py for tasks to queue
[2026-07-09T10:49:47.632+0000] {logging_mixin.py:151} INFO - [2026-07-09T10:49:47.631+0000] {dagbag.py:539} INFO - Filling up the DagBag from /opt/airflow/dags/binance_daily_dag.py
[2026-07-09T10:49:51.963+0000] {processor.py:839} INFO - DAG(s) dict_keys(['daily_crypto_lstm_pipeline']) retrieved from /opt/airflow/dags/binance_daily_dag.py
[2026-07-09T10:49:52.003+0000] {logging_mixin.py:151} INFO - [2026-07-09T10:49:52.002+0000] {dag.py:2915} INFO - Sync 1 DAGs
[2026-07-09T10:49:52.043+0000] {logging_mixin.py:151} INFO - [2026-07-09T10:49:52.042+0000] {dag.py:3696} INFO - Setting next_dagrun for daily_crypto_lstm_pipeline to 2026-07-09T00:02:00+00:00, run_after=2026-07-10T00:02:00+00:00
[2026-07-09T10:49:52.122+0000] {processor.py:179} INFO - Processing /opt/airflow/dags/binance_daily_dag.py took 4.505 seconds
[2026-07-09T10:50:22.406+0000] {processor.py:157} INFO - Started process (PID=8159) to work on /opt/airflow/dags/binance_daily_dag.py
[2026-07-09T10:50:22.408+0000] {processor.py:829} INFO - Processing file /opt/airflow/dags/binance_daily_dag.py for tasks to queue
[2026-07-09T10:50:22.410+0000] {logging_mixin.py:151} INFO - [2026-07-09T10:50:22.409+0000] {dagbag.py:539} INFO - Filling up the DagBag from /opt/airflow/dags/binance_daily_dag.py
[2026-07-09T10:50:26.365+0000] {processor.py:839} INFO - DAG(s) dict_keys(['daily_crypto_lstm_pipeline']) retrieved from /opt/airflow/dags/binance_daily_dag.py
[2026-07-09T10:50:26.408+0000] {logging_mixin.py:151} INFO - [2026-07-09T10:50:26.407+0000] {dag.py:2915} INFO - Sync 1 DAGs
[2026-07-09T10:50:26.442+0000] {logging_mixin.py:151} INFO - [2026-07-09T10:50:26.442+0000] {dag.py:3696} INFO - Setting next_dagrun for daily_crypto_lstm_pipeline to 2026-07-09T00:02:00+00:00, run_after=2026-07-10T00:02:00+00:00
[2026-07-09T10:50:26.518+0000] {processor.py:179} INFO - Processing /opt/airflow/dags/binance_daily_dag.py took 4.120 seconds
[2026-07-09T10:50:56.910+0000] {processor.py:157} INFO - Started process (PID=8192) to work on /opt/airflow/dags/binance_daily_dag.py
[2026-07-09T10:50:56.912+0000] {processor.py:829} INFO - Processing file /opt/airflow/dags/binance_daily_dag.py for tasks to queue
[2026-07-09T10:50:56.914+0000] {logging_mixin.py:151} INFO - [2026-07-09T10:50:56.913+0000] {dagbag.py:539} INFO - Filling up the DagBag from /opt/airflow/dags/binance_daily_dag.py
[2026-07-09T10:51:01.096+0000] {processor.py:839} INFO - DAG(s) dict_keys(['daily_crypto_lstm_pipeline']) retrieved from /opt/airflow/dags/binance_daily_dag.py
[2026-07-09T10:51:01.128+0000] {logging_mixin.py:151} INFO - [2026-07-09T10:51:01.127+0000] {dag.py:2915} INFO - Sync 1 DAGs
[2026-07-09T10:51:01.158+0000] {logging_mixin.py:151} INFO - [2026-07-09T10:51:01.158+0000] {dag.py:3696} INFO - Setting next_dagrun for daily_crypto_lstm_pipeline to 2026-07-09T00:02:00+00:00, run_after=2026-07-10T00:02:00+00:00
[2026-07-09T10:51:01.227+0000] {processor.py:179} INFO - Processing /opt/airflow/dags/binance_daily_dag.py took 4.331 seconds
[2026-07-09T10:51:31.717+0000] {processor.py:157} INFO - Started process (PID=8225) to work on /opt/airflow/dags/binance_daily_dag.py
[2026-07-09T10:51:31.719+0000] {processor.py:829} INFO - Processing file /opt/airflow/dags/binance_daily_dag.py for tasks to queue
[2026-07-09T10:51:31.721+0000] {logging_mixin.py:151} INFO - [2026-07-09T10:51:31.721+0000] {dagbag.py:539} INFO - Filling up the DagBag from /opt/airflow/dags/binance_daily_dag.py
[2026-07-09T10:51:35.903+0000] {processor.py:839} INFO - DAG(s) dict_keys(['daily_crypto_lstm_pipeline']) retrieved from /opt/airflow/dags/binance_daily_dag.py
[2026-07-09T10:51:35.936+0000] {logging_mixin.py:151} INFO - [2026-07-09T10:51:35.936+0000] {dag.py:2915} INFO - Sync 1 DAGs
[2026-07-09T10:51:35.966+0000] {logging_mixin.py:151} INFO - [2026-07-09T10:51:35.965+0000] {dag.py:3696} INFO - Setting next_dagrun for daily_crypto_lstm_pipeline to 2026-07-09T00:02:00+00:00, run_after=2026-07-10T00:02:00+00:00
[2026-07-09T10:51:36.041+0000] {processor.py:179} INFO - Processing /opt/airflow/dags/binance_daily_dag.py took 4.332 seconds
[2026-07-09T10:52:06.595+0000] {processor.py:157} INFO - Started process (PID=8265) to work on /opt/airflow/dags/binance_daily_dag.py
[2026-07-09T10:52:06.598+0000] {processor.py:829} INFO - Processing file /opt/airflow/dags/binance_daily_dag.py for tasks to queue
[2026-07-09T10:52:06.600+0000] {logging_mixin.py:151} INFO - [2026-07-09T10:52:06.599+0000] {dagbag.py:539} INFO - Filling up the DagBag from /opt/airflow/dags/binance_daily_dag.py
[2026-07-09T10:52:10.909+0000] {processor.py:839} INFO - DAG(s) dict_keys(['daily_crypto_lstm_pipeline']) retrieved from /opt/airflow/dags/binance_daily_dag.py
[2026-07-09T10:52:10.945+0000] {logging_mixin.py:151} INFO - [2026-07-09T10:52:10.944+0000] {dag.py:2915} INFO - Sync 1 DAGs
[2026-07-09T10:52:10.986+0000] {logging_mixin.py:151} INFO - [2026-07-09T10:52:10.986+0000] {dag.py:3696} INFO - Setting next_dagrun for daily_crypto_lstm_pipeline to 2026-07-09T00:02:00+00:00, run_after=2026-07-10T00:02:00+00:00
[2026-07-09T10:52:11.064+0000] {processor.py:179} INFO - Processing /opt/airflow/dags/binance_daily_dag.py took 4.479 seconds
[2026-07-09T10:52:41.381+0000] {processor.py:157} INFO - Started process (PID=8298) to work on /opt/airflow/dags/binance_daily_dag.py
[2026-07-09T10:52:41.384+0000] {processor.py:829} INFO - Processing file /opt/airflow/dags/binance_daily_dag.py for tasks to queue
[2026-07-09T10:52:41.387+0000] {logging_mixin.py:151} INFO - [2026-07-09T10:52:41.387+0000] {dagbag.py:539} INFO - Filling up the DagBag from /opt/airflow/dags/binance_daily_dag.py
[2026-07-09T10:52:45.548+0000] {processor.py:839} INFO - DAG(s) dict_keys(['daily_crypto_lstm_pipeline']) retrieved from /opt/airflow/dags/binance_daily_dag.py
[2026-07-09T10:52:45.590+0000] {logging_mixin.py:151} INFO - [2026-07-09T10:52:45.589+0000] {dag.py:2915} INFO - Sync 1 DAGs
[2026-07-09T10:52:45.633+0000] {logging_mixin.py:151} INFO - [2026-07-09T10:52:45.633+0000] {dag.py:3696} INFO - Setting next_dagrun for daily_crypto_lstm_pipeline to 2026-07-09T00:02:00+00:00, run_after=2026-07-10T00:02:00+00:00
[2026-07-09T10:52:45.713+0000] {processor.py:179} INFO - Processing /opt/airflow/dags/binance_daily_dag.py took 4.339 seconds
[2026-07-09T10:53:16.060+0000] {processor.py:157} INFO - Started process (PID=8336) to work on /opt/airflow/dags/binance_daily_dag.py
[2026-07-09T10:53:16.075+0000] {processor.py:829} INFO - Processing file /opt/airflow/dags/binance_daily_dag.py for tasks to queue
[2026-07-09T10:53:16.084+0000] {logging_mixin.py:151} INFO - [2026-07-09T10:53:16.083+0000] {dagbag.py:539} INFO - Filling up the DagBag from /opt/airflow/dags/binance_daily_dag.py
[2026-07-09T10:53:20.971+0000] {processor.py:839} INFO - DAG(s) dict_keys(['daily_crypto_lstm_pipeline']) retrieved from /opt/airflow/dags/binance_daily_dag.py
[2026-07-09T10:53:21.007+0000] {logging_mixin.py:151} INFO - [2026-07-09T10:53:21.006+0000] {dag.py:2915} INFO - Sync 1 DAGs
[2026-07-09T10:53:21.044+0000] {logging_mixin.py:151} INFO - [2026-07-09T10:53:21.043+0000] {dag.py:3696} INFO - Setting next_dagrun for daily_crypto_lstm_pipeline to 2026-07-09T00:02:00+00:00, run_after=2026-07-10T00:02:00+00:00
[2026-07-09T10:53:21.126+0000] {processor.py:179} INFO - Processing /opt/airflow/dags/binance_daily_dag.py took 5.079 seconds
[2026-07-09T10:53:52.163+0000] {processor.py:157} INFO - Started process (PID=8369) to work on /opt/airflow/dags/binance_daily_dag.py
[2026-07-09T10:53:52.165+0000] {processor.py:829} INFO - Processing file /opt/airflow/dags/binance_daily_dag.py for tasks to queue
[2026-07-09T10:53:52.167+0000] {logging_mixin.py:151} INFO - [2026-07-09T10:53:52.167+0000] {dagbag.py:539} INFO - Filling up the DagBag from /opt/airflow/dags/binance_daily_dag.py
[2026-07-09T10:53:56.222+0000] {processor.py:839} INFO - DAG(s) dict_keys(['daily_crypto_lstm_pipeline']) retrieved from /opt/airflow/dags/binance_daily_dag.py
[2026-07-09T10:53:56.268+0000] {logging_mixin.py:151} INFO - [2026-07-09T10:53:56.267+0000] {dag.py:2915} INFO - Sync 1 DAGs
[2026-07-09T10:53:56.305+0000] {logging_mixin.py:151} INFO - [2026-07-09T10:53:56.305+0000] {dag.py:3696} INFO - Setting next_dagrun for daily_crypto_lstm_pipeline to 2026-07-09T00:02:00+00:00, run_after=2026-07-10T00:02:00+00:00
[2026-07-09T10:53:56.342+0000] {processor.py:179} INFO - Processing /opt/airflow/dags/binance_daily_dag.py took 4.187 seconds
[2026-07-09T10:54:26.932+0000] {processor.py:157} INFO - Started process (PID=8402) to work on /opt/airflow/dags/binance_daily_dag.py
[2026-07-09T10:54:26.934+0000] {processor.py:829} INFO - Processing file /opt/airflow/dags/binance_daily_dag.py for tasks to queue
[2026-07-09T10:54:26.937+0000] {logging_mixin.py:151} INFO - [2026-07-09T10:54:26.936+0000] {dagbag.py:539} INFO - Filling up the DagBag from /opt/airflow/dags/binance_daily_dag.py
[2026-07-09T10:54:30.997+0000] {processor.py:839} INFO - DAG(s) dict_keys(['daily_crypto_lstm_pipeline']) retrieved from /opt/airflow/dags/binance_daily_dag.py
[2026-07-09T10:54:31.035+0000] {logging_mixin.py:151} INFO - [2026-07-09T10:54:31.034+0000] {dag.py:2915} INFO - Sync 1 DAGs
[2026-07-09T10:54:31.075+0000] {logging_mixin.py:151} INFO - [2026-07-09T10:54:31.075+0000] {dag.py:3696} INFO - Setting next_dagrun for daily_crypto_lstm_pipeline to 2026-07-09T00:02:00+00:00, run_after=2026-07-10T00:02:00+00:00
[2026-07-09T10:54:31.112+0000] {processor.py:179} INFO - Processing /opt/airflow/dags/binance_daily_dag.py took 4.190 seconds
[2026-07-09T10:55:01.909+0000] {processor.py:157} INFO - Started process (PID=8436) to work on /opt/airflow/dags/binance_daily_dag.py
[2026-07-09T10:55:01.911+0000] {processor.py:829} INFO - Processing file /opt/airflow/dags/binance_daily_dag.py for tasks to queue
[2026-07-09T10:55:01.912+0000] {logging_mixin.py:151} INFO - [2026-07-09T10:55:01.912+0000] {dagbag.py:539} INFO - Filling up the DagBag from /opt/airflow/dags/binance_daily_dag.py
[2026-07-09T10:55:06.077+0000] {processor.py:839} INFO - DAG(s) dict_keys(['daily_crypto_lstm_pipeline']) retrieved from /opt/airflow/dags/binance_daily_dag.py
[2026-07-09T10:55:06.115+0000] {logging_mixin.py:151} INFO - [2026-07-09T10:55:06.114+0000] {dag.py:2915} INFO - Sync 1 DAGs
[2026-07-09T10:55:06.154+0000] {logging_mixin.py:151} INFO - [2026-07-09T10:55:06.154+0000] {dag.py:3696} INFO - Setting next_dagrun for daily_crypto_lstm_pipeline to 2026-07-09T00:02:00+00:00, run_after=2026-07-10T00:02:00+00:00
[2026-07-09T10:55:06.195+0000] {processor.py:179} INFO - Processing /opt/airflow/dags/binance_daily_dag.py took 4.292 seconds
[2026-07-09T10:55:36.630+0000] {processor.py:157} INFO - Started process (PID=8476) to work on /opt/airflow/dags/binance_daily_dag.py
[2026-07-09T10:55:36.632+0000] {processor.py:829} INFO - Processing file /opt/airflow/dags/binance_daily_dag.py for tasks to queue
[2026-07-09T10:55:36.635+0000] {logging_mixin.py:151} INFO - [2026-07-09T10:55:36.633+0000] {dagbag.py:539} INFO - Filling up the DagBag from /opt/airflow/dags/binance_daily_dag.py
[2026-07-09T10:55:40.953+0000] {processor.py:839} INFO - DAG(s) dict_keys(['daily_crypto_lstm_pipeline']) retrieved from /opt/airflow/dags/binance_daily_dag.py
[2026-07-09T10:55:40.994+0000] {logging_mixin.py:151} INFO - [2026-07-09T10:55:40.993+0000] {dag.py:2915} INFO - Sync 1 DAGs
[2026-07-09T10:55:41.043+0000] {logging_mixin.py:151} INFO - [2026-07-09T10:55:41.043+0000] {dag.py:3696} INFO - Setting next_dagrun for daily_crypto_lstm_pipeline to 2026-07-09T00:02:00+00:00, run_after=2026-07-10T00:02:00+00:00
[2026-07-09T10:55:41.084+0000] {processor.py:179} INFO - Processing /opt/airflow/dags/binance_daily_dag.py took 4.461 seconds
[2026-07-09T10:56:11.649+0000] {processor.py:157} INFO - Started process (PID=8509) to work on /opt/airflow/dags/binance_daily_dag.py
[2026-07-09T10:56:11.652+0000] {processor.py:829} INFO - Processing file /opt/airflow/dags/binance_daily_dag.py for tasks to queue
[2026-07-09T10:56:11.656+0000] {logging_mixin.py:151} INFO - [2026-07-09T10:56:11.654+0000] {dagbag.py:539} INFO - Filling up the DagBag from /opt/airflow/dags/binance_daily_dag.py
[2026-07-09T10:56:16.325+0000] {processor.py:839} INFO - DAG(s) dict_keys(['daily_crypto_lstm_pipeline']) retrieved from /opt/airflow/dags/binance_daily_dag.py
[2026-07-09T10:56:16.365+0000] {logging_mixin.py:151} INFO - [2026-07-09T10:56:16.364+0000] {dag.py:2915} INFO - Sync 1 DAGs
[2026-07-09T10:56:16.413+0000] {logging_mixin.py:151} INFO - [2026-07-09T10:56:16.413+0000] {dag.py:3696} INFO - Setting next_dagrun for daily_crypto_lstm_pipeline to 2026-07-09T00:02:00+00:00, run_after=2026-07-10T00:02:00+00:00
[2026-07-09T10:56:16.477+0000] {processor.py:179} INFO - Processing /opt/airflow/dags/binance_daily_dag.py took 4.835 seconds
[2026-07-09T10:56:47.173+0000] {processor.py:157} INFO - Started process (PID=8543) to work on /opt/airflow/dags/binance_daily_dag.py
[2026-07-09T10:56:47.175+0000] {processor.py:829} INFO - Processing file /opt/airflow/dags/binance_daily_dag.py for tasks to queue
[2026-07-09T10:56:47.181+0000] {logging_mixin.py:151} INFO - [2026-07-09T10:56:47.180+0000] {dagbag.py:539} INFO - Filling up the DagBag from /opt/airflow/dags/binance_daily_dag.py
[2026-07-09T10:56:51.483+0000] {processor.py:839} INFO - DAG(s) dict_keys(['daily_crypto_lstm_pipeline']) retrieved from /opt/airflow/dags/binance_daily_dag.py
[2026-07-09T10:56:51.522+0000] {logging_mixin.py:151} INFO - [2026-07-09T10:56:51.521+0000] {dag.py:2915} INFO - Sync 1 DAGs
[2026-07-09T10:56:51.553+0000] {logging_mixin.py:151} INFO - [2026-07-09T10:56:51.553+0000] {dag.py:3696} INFO - Setting next_dagrun for daily_crypto_lstm_pipeline to 2026-07-09T00:02:00+00:00, run_after=2026-07-10T00:02:00+00:00
[2026-07-09T10:56:51.630+0000] {processor.py:179} INFO - Processing /opt/airflow/dags/binance_daily_dag.py took 4.468 seconds
[2026-07-09T10:57:22.098+0000] {processor.py:157} INFO - Started process (PID=8581) to work on /opt/airflow/dags/binance_daily_dag.py
[2026-07-09T10:57:22.100+0000] {processor.py:829} INFO - Processing file /opt/airflow/dags/binance_daily_dag.py for tasks to queue
[2026-07-09T10:57:22.101+0000] {logging_mixin.py:151} INFO - [2026-07-09T10:57:22.101+0000] {dagbag.py:539} INFO - Filling up the DagBag from /opt/airflow/dags/binance_daily_dag.py
[2026-07-09T10:57:25.871+0000] {processor.py:839} INFO - DAG(s) dict_keys(['daily_crypto_lstm_pipeline']) retrieved from /opt/airflow/dags/binance_daily_dag.py
[2026-07-09T10:57:25.909+0000] {logging_mixin.py:151} INFO - [2026-07-09T10:57:25.908+0000] {dag.py:2915} INFO - Sync 1 DAGs
[2026-07-09T10:57:25.953+0000] {logging_mixin.py:151} INFO - [2026-07-09T10:57:25.952+0000] {dag.py:3696} INFO - Setting next_dagrun for daily_crypto_lstm_pipeline to 2026-07-09T00:02:00+00:00, run_after=2026-07-10T00:02:00+00:00
[2026-07-09T10:57:26.039+0000] {processor.py:179} INFO - Processing /opt/airflow/dags/binance_daily_dag.py took 3.948 seconds
[2026-07-09T10:57:56.546+0000] {processor.py:157} INFO - Started process (PID=8614) to work on /opt/airflow/dags/binance_daily_dag.py
[2026-07-09T10:57:56.548+0000] {processor.py:829} INFO - Processing file /opt/airflow/dags/binance_daily_dag.py for tasks to queue
[2026-07-09T10:57:56.550+0000] {logging_mixin.py:151} INFO - [2026-07-09T10:57:56.550+0000] {dagbag.py:539} INFO - Filling up the DagBag from /opt/airflow/dags/binance_daily_dag.py
[2026-07-09T10:58:00.999+0000] {processor.py:839} INFO - DAG(s) dict_keys(['daily_crypto_lstm_pipeline']) retrieved from /opt/airflow/dags/binance_daily_dag.py
[2026-07-09T10:58:01.030+0000] {logging_mixin.py:151} INFO - [2026-07-09T10:58:01.029+0000] {dag.py:2915} INFO - Sync 1 DAGs
[2026-07-09T10:58:01.061+0000] {logging_mixin.py:151} INFO - [2026-07-09T10:58:01.060+0000] {dag.py:3696} INFO - Setting next_dagrun for daily_crypto_lstm_pipeline to 2026-07-09T00:02:00+00:00, run_after=2026-07-10T00:02:00+00:00
[2026-07-09T10:58:01.101+0000] {processor.py:179} INFO - Processing /opt/airflow/dags/binance_daily_dag.py took 4.564 seconds
[2026-07-09T10:58:31.283+0000] {processor.py:157} INFO - Started process (PID=8647) to work on /opt/airflow/dags/binance_daily_dag.py
[2026-07-09T10:58:31.285+0000] {processor.py:829} INFO - Processing file /opt/airflow/dags/binance_daily_dag.py for tasks to queue
[2026-07-09T10:58:31.287+0000] {logging_mixin.py:151} INFO - [2026-07-09T10:58:31.287+0000] {dagbag.py:539} INFO - Filling up the DagBag from /opt/airflow/dags/binance_daily_dag.py
[2026-07-09T10:58:35.743+0000] {processor.py:839} INFO - DAG(s) dict_keys(['daily_crypto_lstm_pipeline']) retrieved from /opt/airflow/dags/binance_daily_dag.py
[2026-07-09T10:58:35.791+0000] {logging_mixin.py:151} INFO - [2026-07-09T10:58:35.790+0000] {dag.py:2915} INFO - Sync 1 DAGs
[2026-07-09T10:58:35.836+0000] {logging_mixin.py:151} INFO - [2026-07-09T10:58:35.835+0000] {dag.py:3696} INFO - Setting next_dagrun for daily_crypto_lstm_pipeline to 2026-07-09T00:02:00+00:00, run_after=2026-07-10T00:02:00+00:00
[2026-07-09T10:58:35.913+0000] {processor.py:179} INFO - Processing /opt/airflow/dags/binance_daily_dag.py took 4.638 seconds
[2026-07-09T10:59:06.546+0000] {processor.py:157} INFO - Started process (PID=8687) to work on /opt/airflow/dags/binance_daily_dag.py
[2026-07-09T10:59:06.548+0000] {processor.py:829} INFO - Processing file /opt/airflow/dags/binance_daily_dag.py for tasks to queue
[2026-07-09T10:59:06.550+0000] {logging_mixin.py:151} INFO - [2026-07-09T10:59:06.549+0000] {dagbag.py:539} INFO - Filling up the DagBag from /opt/airflow/dags/binance_daily_dag.py
[2026-07-09T10:59:10.704+0000] {processor.py:839} INFO - DAG(s) dict_keys(['daily_crypto_lstm_pipeline']) retrieved from /opt/airflow/dags/binance_daily_dag.py
[2026-07-09T10:59:10.780+0000] {logging_mixin.py:151} INFO - [2026-07-09T10:59:10.778+0000] {dag.py:2915} INFO - Sync 1 DAGs
[2026-07-09T10:59:10.818+0000] {logging_mixin.py:151} INFO - [2026-07-09T10:59:10.818+0000] {dag.py:3696} INFO - Setting next_dagrun for daily_crypto_lstm_pipeline to 2026-07-09T00:02:00+00:00, run_after=2026-07-10T00:02:00+00:00
[2026-07-09T10:59:10.861+0000] {processor.py:179} INFO - Processing /opt/airflow/dags/binance_daily_dag.py took 4.322 seconds
[2026-07-09T10:59:41.347+0000] {processor.py:157} INFO - Started process (PID=8720) to work on /opt/airflow/dags/binance_daily_dag.py
[2026-07-09T10:59:41.349+0000] {processor.py:829} INFO - Processing file /opt/airflow/dags/binance_daily_dag.py for tasks to queue
[2026-07-09T10:59:41.351+0000] {logging_mixin.py:151} INFO - [2026-07-09T10:59:41.350+0000] {dagbag.py:539} INFO - Filling up the DagBag from /opt/airflow/dags/binance_daily_dag.py
[2026-07-09T10:59:45.446+0000] {processor.py:839} INFO - DAG(s) dict_keys(['daily_crypto_lstm_pipeline']) retrieved from /opt/airflow/dags/binance_daily_dag.py
[2026-07-09T10:59:45.484+0000] {logging_mixin.py:151} INFO - [2026-07-09T10:59:45.483+0000] {dag.py:2915} INFO - Sync 1 DAGs
[2026-07-09T10:59:45.516+0000] {logging_mixin.py:151} INFO - [2026-07-09T10:59:45.516+0000] {dag.py:3696} INFO - Setting next_dagrun for daily_crypto_lstm_pipeline to 2026-07-09T00:02:00+00:00, run_after=2026-07-10T00:02:00+00:00
[2026-07-09T10:59:45.586+0000] {processor.py:179} INFO - Processing /opt/airflow/dags/binance_daily_dag.py took 4.247 seconds
[2026-07-09T11:00:16.284+0000] {processor.py:157} INFO - Started process (PID=8753) to work on /opt/airflow/dags/binance_daily_dag.py
[2026-07-09T11:00:16.287+0000] {processor.py:829} INFO - Processing file /opt/airflow/dags/binance_daily_dag.py for tasks to queue
[2026-07-09T11:00:16.291+0000] {logging_mixin.py:151} INFO - [2026-07-09T11:00:16.289+0000] {dagbag.py:539} INFO - Filling up the DagBag from /opt/airflow/dags/binance_daily_dag.py
[2026-07-09T11:00:20.708+0000] {processor.py:839} INFO - DAG(s) dict_keys(['daily_crypto_lstm_pipeline']) retrieved from /opt/airflow/dags/binance_daily_dag.py
[2026-07-09T11:00:20.743+0000] {logging_mixin.py:151} INFO - [2026-07-09T11:00:20.742+0000] {dag.py:2915} INFO - Sync 1 DAGs
[2026-07-09T11:00:20.782+0000] {logging_mixin.py:151} INFO - [2026-07-09T11:00:20.782+0000] {dag.py:3696} INFO - Setting next_dagrun for daily_crypto_lstm_pipeline to 2026-07-09T00:02:00+00:00, run_after=2026-07-10T00:02:00+00:00
[2026-07-09T11:00:20.859+0000] {processor.py:179} INFO - Processing /opt/airflow/dags/binance_daily_dag.py took 4.584 seconds
[2026-07-09T11:00:51.565+0000] {processor.py:157} INFO - Started process (PID=8787) to work on /opt/airflow/dags/binance_daily_dag.py
[2026-07-09T11:00:51.568+0000] {processor.py:829} INFO - Processing file /opt/airflow/dags/binance_daily_dag.py for tasks to queue
[2026-07-09T11:00:51.569+0000] {logging_mixin.py:151} INFO - [2026-07-09T11:00:51.569+0000] {dagbag.py:539} INFO - Filling up the DagBag from /opt/airflow/dags/binance_daily_dag.py
[2026-07-09T11:00:55.838+0000] {processor.py:839} INFO - DAG(s) dict_keys(['daily_crypto_lstm_pipeline']) retrieved from /opt/airflow/dags/binance_daily_dag.py
[2026-07-09T11:00:55.876+0000] {logging_mixin.py:151} INFO - [2026-07-09T11:00:55.875+0000] {dag.py:2915} INFO - Sync 1 DAGs
[2026-07-09T11:00:55.914+0000] {logging_mixin.py:151} INFO - [2026-07-09T11:00:55.914+0000] {dag.py:3696} INFO - Setting next_dagrun for daily_crypto_lstm_pipeline to 2026-07-09T00:02:00+00:00, run_after=2026-07-10T00:02:00+00:00
[2026-07-09T11:00:55.957+0000] {processor.py:179} INFO - Processing /opt/airflow/dags/binance_daily_dag.py took 4.397 seconds
[2026-07-09T11:01:26.230+0000] {processor.py:157} INFO - Started process (PID=8825) to work on /opt/airflow/dags/binance_daily_dag.py
[2026-07-09T11:01:26.232+0000] {processor.py:829} INFO - Processing file /opt/airflow/dags/binance_daily_dag.py for tasks to queue
[2026-07-09T11:01:26.235+0000] {logging_mixin.py:151} INFO - [2026-07-09T11:01:26.234+0000] {dagbag.py:539} INFO - Filling up the DagBag from /opt/airflow/dags/binance_daily_dag.py
[2026-07-09T11:01:30.781+0000] {processor.py:839} INFO - DAG(s) dict_keys(['daily_crypto_lstm_pipeline']) retrieved from /opt/airflow/dags/binance_daily_dag.py
[2026-07-09T11:01:30.809+0000] {logging_mixin.py:151} INFO - [2026-07-09T11:01:30.808+0000] {dag.py:2915} INFO - Sync 1 DAGs
[2026-07-09T11:01:30.837+0000] {logging_mixin.py:151} INFO - [2026-07-09T11:01:30.837+0000] {dag.py:3696} INFO - Setting next_dagrun for daily_crypto_lstm_pipeline to 2026-07-09T00:02:00+00:00, run_after=2026-07-10T00:02:00+00:00
[2026-07-09T11:01:30.906+0000] {processor.py:179} INFO - Processing /opt/airflow/dags/binance_daily_dag.py took 4.685 seconds
[2026-07-09T11:02:01.819+0000] {processor.py:157} INFO - Started process (PID=8858) to work on /opt/airflow/dags/binance_daily_dag.py
[2026-07-09T11:02:01.821+0000] {processor.py:829} INFO - Processing file /opt/airflow/dags/binance_daily_dag.py for tasks to queue
[2026-07-09T11:02:01.823+0000] {logging_mixin.py:151} INFO - [2026-07-09T11:02:01.823+0000] {dagbag.py:539} INFO - Filling up the DagBag from /opt/airflow/dags/binance_daily_dag.py
[2026-07-09T11:02:06.699+0000] {processor.py:839} INFO - DAG(s) dict_keys(['daily_crypto_lstm_pipeline']) retrieved from /opt/airflow/dags/binance_daily_dag.py
[2026-07-09T11:02:06.751+0000] {logging_mixin.py:151} INFO - [2026-07-09T11:02:06.748+0000] {dag.py:2915} INFO - Sync 1 DAGs
[2026-07-09T11:02:06.806+0000] {logging_mixin.py:151} INFO - [2026-07-09T11:02:06.806+0000] {dag.py:3696} INFO - Setting next_dagrun for daily_crypto_lstm_pipeline to 2026-07-09T00:02:00+00:00, run_after=2026-07-10T00:02:00+00:00
[2026-07-09T11:02:06.847+0000] {processor.py:179} INFO - Processing /opt/airflow/dags/binance_daily_dag.py took 5.041 seconds
[2026-07-09T11:02:37.441+0000] {processor.py:157} INFO - Started process (PID=8898) to work on /opt/airflow/dags/binance_daily_dag.py
[2026-07-09T11:02:37.443+0000] {processor.py:829} INFO - Processing file /opt/airflow/dags/binance_daily_dag.py for tasks to queue
[2026-07-09T11:02:37.445+0000] {logging_mixin.py:151} INFO - [2026-07-09T11:02:37.444+0000] {dagbag.py:539} INFO - Filling up the DagBag from /opt/airflow/dags/binance_daily_dag.py
[2026-07-09T11:02:42.014+0000] {processor.py:839} INFO - DAG(s) dict_keys(['daily_crypto_lstm_pipeline']) retrieved from /opt/airflow/dags/binance_daily_dag.py
[2026-07-09T11:02:42.073+0000] {logging_mixin.py:151} INFO - [2026-07-09T11:02:42.072+0000] {dag.py:2915} INFO - Sync 1 DAGs
[2026-07-09T11:02:42.111+0000] {logging_mixin.py:151} INFO - [2026-07-09T11:02:42.110+0000] {dag.py:3696} INFO - Setting next_dagrun for daily_crypto_lstm_pipeline to 2026-07-09T00:02:00+00:00, run_after=2026-07-10T00:02:00+00:00
[2026-07-09T11:02:42.186+0000] {processor.py:179} INFO - Processing /opt/airflow/dags/binance_daily_dag.py took 4.753 seconds
[2026-07-09T11:03:12.754+0000] {processor.py:157} INFO - Started process (PID=8930) to work on /opt/airflow/dags/binance_daily_dag.py
[2026-07-09T11:03:12.757+0000] {processor.py:829} INFO - Processing file /opt/airflow/dags/binance_daily_dag.py for tasks to queue
[2026-07-09T11:03:12.758+0000] {logging_mixin.py:151} INFO - [2026-07-09T11:03:12.758+0000] {dagbag.py:539} INFO - Filling up the DagBag from /opt/airflow/dags/binance_daily_dag.py
[2026-07-09T11:03:17.195+0000] {processor.py:839} INFO - DAG(s) dict_keys(['daily_crypto_lstm_pipeline']) retrieved from /opt/airflow/dags/binance_daily_dag.py
[2026-07-09T11:03:17.234+0000] {logging_mixin.py:151} INFO - [2026-07-09T11:03:17.234+0000] {dag.py:2915} INFO - Sync 1 DAGs
[2026-07-09T11:03:17.282+0000] {logging_mixin.py:151} INFO - [2026-07-09T11:03:17.281+0000] {dag.py:3696} INFO - Setting next_dagrun for daily_crypto_lstm_pipeline to 2026-07-09T00:02:00+00:00, run_after=2026-07-10T00:02:00+00:00
[2026-07-09T11:03:17.318+0000] {processor.py:179} INFO - Processing /opt/airflow/dags/binance_daily_dag.py took 4.571 seconds
[2026-07-09T11:03:47.972+0000] {processor.py:157} INFO - Started process (PID=8963) to work on /opt/airflow/dags/binance_daily_dag.py
[2026-07-09T11:03:47.975+0000] {processor.py:829} INFO - Processing file /opt/airflow/dags/binance_daily_dag.py for tasks to queue
[2026-07-09T11:03:47.976+0000] {logging_mixin.py:151} INFO - [2026-07-09T11:03:47.976+0000] {dagbag.py:539} INFO - Filling up the DagBag from /opt/airflow/dags/binance_daily_dag.py
[2026-07-09T11:03:52.064+0000] {processor.py:839} INFO - DAG(s) dict_keys(['daily_crypto_lstm_pipeline']) retrieved from /opt/airflow/dags/binance_daily_dag.py
[2026-07-09T11:03:52.102+0000] {logging_mixin.py:151} INFO - [2026-07-09T11:03:52.101+0000] {dag.py:2915} INFO - Sync 1 DAGs
[2026-07-09T11:03:52.140+0000] {logging_mixin.py:151} INFO - [2026-07-09T11:03:52.140+0000] {dag.py:3696} INFO - Setting next_dagrun for daily_crypto_lstm_pipeline to 2026-07-09T00:02:00+00:00, run_after=2026-07-10T00:02:00+00:00
[2026-07-09T11:03:52.217+0000] {processor.py:179} INFO - Processing /opt/airflow/dags/binance_daily_dag.py took 4.253 seconds
[2026-07-09T11:04:22.568+0000] {processor.py:157} INFO - Started process (PID=8995) to work on /opt/airflow/dags/binance_daily_dag.py
[2026-07-09T11:04:22.572+0000] {processor.py:829} INFO - Processing file /opt/airflow/dags/binance_daily_dag.py for tasks to queue
[2026-07-09T11:04:22.576+0000] {logging_mixin.py:151} INFO - [2026-07-09T11:04:22.575+0000] {dagbag.py:539} INFO - Filling up the DagBag from /opt/airflow/dags/binance_daily_dag.py
[2026-07-09T11:04:26.744+0000] {processor.py:839} INFO - DAG(s) dict_keys(['daily_crypto_lstm_pipeline']) retrieved from /opt/airflow/dags/binance_daily_dag.py
[2026-07-09T11:04:26.782+0000] {logging_mixin.py:151} INFO - [2026-07-09T11:04:26.781+0000] {dag.py:2915} INFO - Sync 1 DAGs
[2026-07-09T11:04:26.817+0000] {logging_mixin.py:151} INFO - [2026-07-09T11:04:26.817+0000] {dag.py:3696} INFO - Setting next_dagrun for daily_crypto_lstm_pipeline to 2026-07-09T00:02:00+00:00, run_after=2026-07-10T00:02:00+00:00
[2026-07-09T11:04:26.861+0000] {processor.py:179} INFO - Processing /opt/airflow/dags/binance_daily_dag.py took 4.303 seconds
[2026-07-09T11:04:57.393+0000] {processor.py:157} INFO - Started process (PID=9032) to work on /opt/airflow/dags/binance_daily_dag.py
[2026-07-09T11:04:57.396+0000] {processor.py:829} INFO - Processing file /opt/airflow/dags/binance_daily_dag.py for tasks to queue
[2026-07-09T11:04:57.399+0000] {logging_mixin.py:151} INFO - [2026-07-09T11:04:57.398+0000] {dagbag.py:539} INFO - Filling up the DagBag from /opt/airflow/dags/binance_daily_dag.py
[2026-07-09T11:05:01.305+0000] {processor.py:839} INFO - DAG(s) dict_keys(['daily_crypto_lstm_pipeline']) retrieved from /opt/airflow/dags/binance_daily_dag.py
[2026-07-09T11:05:01.344+0000] {logging_mixin.py:151} INFO - [2026-07-09T11:05:01.343+0000] {dag.py:2915} INFO - Sync 1 DAGs
[2026-07-09T11:05:01.388+0000] {logging_mixin.py:151} INFO - [2026-07-09T11:05:01.388+0000] {dag.py:3696} INFO - Setting next_dagrun for daily_crypto_lstm_pipeline to 2026-07-09T00:02:00+00:00, run_after=2026-07-10T00:02:00+00:00
[2026-07-09T11:05:01.471+0000] {processor.py:179} INFO - Processing /opt/airflow/dags/binance_daily_dag.py took 4.087 seconds
[2026-07-09T11:05:31.707+0000] {processor.py:157} INFO - Started process (PID=9065) to work on /opt/airflow/dags/binance_daily_dag.py
[2026-07-09T11:05:31.710+0000] {processor.py:829} INFO - Processing file /opt/airflow/dags/binance_daily_dag.py for tasks to queue
[2026-07-09T11:05:31.712+0000] {logging_mixin.py:151} INFO - [2026-07-09T11:05:31.711+0000] {dagbag.py:539} INFO - Filling up the DagBag from /opt/airflow/dags/binance_daily_dag.py
[2026-07-09T11:05:35.748+0000] {processor.py:839} INFO - DAG(s) dict_keys(['daily_crypto_lstm_pipeline']) retrieved from /opt/airflow/dags/binance_daily_dag.py
[2026-07-09T11:05:35.784+0000] {logging_mixin.py:151} INFO - [2026-07-09T11:05:35.783+0000] {dag.py:2915} INFO - Sync 1 DAGs
[2026-07-09T11:05:35.833+0000] {logging_mixin.py:151} INFO - [2026-07-09T11:05:35.833+0000] {dag.py:3696} INFO - Setting next_dagrun for daily_crypto_lstm_pipeline to 2026-07-09T00:02:00+00:00, run_after=2026-07-10T00:02:00+00:00
[2026-07-09T11:05:35.909+0000] {processor.py:179} INFO - Processing /opt/airflow/dags/binance_daily_dag.py took 4.208 seconds
[2026-07-09T11:06:06.320+0000] {processor.py:157} INFO - Started process (PID=9107) to work on /opt/airflow/dags/binance_daily_dag.py
[2026-07-09T11:06:06.322+0000] {processor.py:829} INFO - Processing file /opt/airflow/dags/binance_daily_dag.py for tasks to queue
[2026-07-09T11:06:06.326+0000] {logging_mixin.py:151} INFO - [2026-07-09T11:06:06.324+0000] {dagbag.py:539} INFO - Filling up the DagBag from /opt/airflow/dags/binance_daily_dag.py
[2026-07-09T11:06:11.344+0000] {processor.py:839} INFO - DAG(s) dict_keys(['daily_crypto_lstm_pipeline']) retrieved from /opt/airflow/dags/binance_daily_dag.py
[2026-07-09T11:06:11.401+0000] {logging_mixin.py:151} INFO - [2026-07-09T11:06:11.397+0000] {dag.py:2915} INFO - Sync 1 DAGs
[2026-07-09T11:06:11.463+0000] {logging_mixin.py:151} INFO - [2026-07-09T11:06:11.463+0000] {dag.py:3696} INFO - Setting next_dagrun for daily_crypto_lstm_pipeline to 2026-07-09T00:02:00+00:00, run_after=2026-07-10T00:02:00+00:00
[2026-07-09T11:06:11.519+0000] {processor.py:179} INFO - Processing /opt/airflow/dags/binance_daily_dag.py took 5.205 seconds
[2026-07-09T11:06:41.864+0000] {processor.py:157} INFO - Started process (PID=9140) to work on /opt/airflow/dags/binance_daily_dag.py
[2026-07-09T11:06:41.867+0000] {processor.py:829} INFO - Processing file /opt/airflow/dags/binance_daily_dag.py for tasks to queue
[2026-07-09T11:06:41.869+0000] {logging_mixin.py:151} INFO - [2026-07-09T11:06:41.868+0000] {dagbag.py:539} INFO - Filling up the DagBag from /opt/airflow/dags/binance_daily_dag.py
[2026-07-09T11:06:46.293+0000] {processor.py:839} INFO - DAG(s) dict_keys(['daily_crypto_lstm_pipeline']) retrieved from /opt/airflow/dags/binance_daily_dag.py
[2026-07-09T11:06:46.323+0000] {logging_mixin.py:151} INFO - [2026-07-09T11:06:46.323+0000] {dag.py:2915} INFO - Sync 1 DAGs
[2026-07-09T11:06:46.354+0000] {logging_mixin.py:151} INFO - [2026-07-09T11:06:46.354+0000] {dag.py:3696} INFO - Setting next_dagrun for daily_crypto_lstm_pipeline to 2026-07-09T00:02:00+00:00, run_after=2026-07-10T00:02:00+00:00
[2026-07-09T11:06:46.420+0000] {processor.py:179} INFO - Processing /opt/airflow/dags/binance_daily_dag.py took 4.562 seconds
[2026-07-09T11:07:17.313+0000] {processor.py:157} INFO - Started process (PID=9173) to work on /opt/airflow/dags/binance_daily_dag.py
[2026-07-09T11:07:17.315+0000] {processor.py:829} INFO - Processing file /opt/airflow/dags/binance_daily_dag.py for tasks to queue
[2026-07-09T11:07:17.317+0000] {logging_mixin.py:151} INFO - [2026-07-09T11:07:17.316+0000] {dagbag.py:539} INFO - Filling up the DagBag from /opt/airflow/dags/binance_daily_dag.py
[2026-07-09T11:07:21.357+0000] {processor.py:839} INFO - DAG(s) dict_keys(['daily_crypto_lstm_pipeline']) retrieved from /opt/airflow/dags/binance_daily_dag.py
[2026-07-09T11:07:21.401+0000] {logging_mixin.py:151} INFO - [2026-07-09T11:07:21.400+0000] {dag.py:2915} INFO - Sync 1 DAGs
[2026-07-09T11:07:21.435+0000] {logging_mixin.py:151} INFO - [2026-07-09T11:07:21.434+0000] {dag.py:3696} INFO - Setting next_dagrun for daily_crypto_lstm_pipeline to 2026-07-09T00:02:00+00:00, run_after=2026-07-10T00:02:00+00:00
[2026-07-09T11:07:21.509+0000] {processor.py:179} INFO - Processing /opt/airflow/dags/binance_daily_dag.py took 4.204 seconds
[2026-07-09T11:07:51.908+0000] {processor.py:157} INFO - Started process (PID=9206) to work on /opt/airflow/dags/binance_daily_dag.py
[2026-07-09T11:07:51.911+0000] {processor.py:829} INFO - Processing file /opt/airflow/dags/binance_daily_dag.py for tasks to queue
[2026-07-09T11:07:51.913+0000] {logging_mixin.py:151} INFO - [2026-07-09T11:07:51.913+0000] {dagbag.py:539} INFO - Filling up the DagBag from /opt/airflow/dags/binance_daily_dag.py
[2026-07-09T11:07:56.060+0000] {processor.py:839} INFO - DAG(s) dict_keys(['daily_crypto_lstm_pipeline']) retrieved from /opt/airflow/dags/binance_daily_dag.py
[2026-07-09T11:07:56.100+0000] {logging_mixin.py:151} INFO - [2026-07-09T11:07:56.099+0000] {dag.py:2915} INFO - Sync 1 DAGs
[2026-07-09T11:07:56.135+0000] {logging_mixin.py:151} INFO - [2026-07-09T11:07:56.135+0000] {dag.py:3696} INFO - Setting next_dagrun for daily_crypto_lstm_pipeline to 2026-07-09T00:02:00+00:00, run_after=2026-07-10T00:02:00+00:00
[2026-07-09T11:07:56.217+0000] {processor.py:179} INFO - Processing /opt/airflow/dags/binance_daily_dag.py took 4.315 seconds
[2026-07-09T11:08:26.590+0000] {processor.py:157} INFO - Started process (PID=9239) to work on /opt/airflow/dags/binance_daily_dag.py
[2026-07-09T11:08:26.592+0000] {processor.py:829} INFO - Processing file /opt/airflow/dags/binance_daily_dag.py for tasks to queue
[2026-07-09T11:08:26.593+0000] {logging_mixin.py:151} INFO - [2026-07-09T11:08:26.593+0000] {dagbag.py:539} INFO - Filling up the DagBag from /opt/airflow/dags/binance_daily_dag.py
[2026-07-09T11:08:30.609+0000] {processor.py:839} INFO - DAG(s) dict_keys(['daily_crypto_lstm_pipeline']) retrieved from /opt/airflow/dags/binance_daily_dag.py
[2026-07-09T11:08:30.648+0000] {logging_mixin.py:151} INFO - [2026-07-09T11:08:30.646+0000] {dag.py:2915} INFO - Sync 1 DAGs
[2026-07-09T11:08:30.684+0000] {logging_mixin.py:151} INFO - [2026-07-09T11:08:30.684+0000] {dag.py:3696} INFO - Setting next_dagrun for daily_crypto_lstm_pipeline to 2026-07-09T00:02:00+00:00, run_after=2026-07-10T00:02:00+00:00
[2026-07-09T11:08:30.723+0000] {processor.py:179} INFO - Processing /opt/airflow/dags/binance_daily_dag.py took 4.143 seconds
[2026-07-09T11:09:01.002+0000] {processor.py:157} INFO - Started process (PID=9277) to work on /opt/airflow/dags/binance_daily_dag.py
[2026-07-09T11:09:01.004+0000] {processor.py:829} INFO - Processing file /opt/airflow/dags/binance_daily_dag.py for tasks to queue
[2026-07-09T11:09:01.007+0000] {logging_mixin.py:151} INFO - [2026-07-09T11:09:01.006+0000] {dagbag.py:539} INFO - Filling up the DagBag from /opt/airflow/dags/binance_daily_dag.py
[2026-07-09T11:09:04.716+0000] {processor.py:839} INFO - DAG(s) dict_keys(['daily_crypto_lstm_pipeline']) retrieved from /opt/airflow/dags/binance_daily_dag.py
[2026-07-09T11:09:04.751+0000] {logging_mixin.py:151} INFO - [2026-07-09T11:09:04.751+0000] {dag.py:2915} INFO - Sync 1 DAGs
[2026-07-09T11:09:04.797+0000] {logging_mixin.py:151} INFO - [2026-07-09T11:09:04.796+0000] {dag.py:3696} INFO - Setting next_dagrun for daily_crypto_lstm_pipeline to 2026-07-09T00:02:00+00:00, run_after=2026-07-10T00:02:00+00:00
[2026-07-09T11:09:04.872+0000] {processor.py:179} INFO - Processing /opt/airflow/dags/binance_daily_dag.py took 3.875 seconds
[2026-07-09T11:09:35.288+0000] {processor.py:157} INFO - Started process (PID=9310) to work on /opt/airflow/dags/binance_daily_dag.py
[2026-07-09T11:09:35.290+0000] {processor.py:829} INFO - Processing file /opt/airflow/dags/binance_daily_dag.py for tasks to queue
[2026-07-09T11:09:35.291+0000] {logging_mixin.py:151} INFO - [2026-07-09T11:09:35.290+0000] {dagbag.py:539} INFO - Filling up the DagBag from /opt/airflow/dags/binance_daily_dag.py
[2026-07-09T11:09:39.364+0000] {processor.py:839} INFO - DAG(s) dict_keys(['daily_crypto_lstm_pipeline']) retrieved from /opt/airflow/dags/binance_daily_dag.py
[2026-07-09T11:09:39.400+0000] {logging_mixin.py:151} INFO - [2026-07-09T11:09:39.399+0000] {dag.py:2915} INFO - Sync 1 DAGs
[2026-07-09T11:09:39.436+0000] {logging_mixin.py:151} INFO - [2026-07-09T11:09:39.436+0000] {dag.py:3696} INFO - Setting next_dagrun for daily_crypto_lstm_pipeline to 2026-07-09T00:02:00+00:00, run_after=2026-07-10T00:02:00+00:00
[2026-07-09T11:09:39.514+0000] {processor.py:179} INFO - Processing /opt/airflow/dags/binance_daily_dag.py took 4.232 seconds
[2026-07-09T11:10:10.155+0000] {processor.py:157} INFO - Started process (PID=9350) to work on /opt/airflow/dags/binance_daily_dag.py
[2026-07-09T11:10:10.157+0000] {processor.py:829} INFO - Processing file /opt/airflow/dags/binance_daily_dag.py for tasks to queue
[2026-07-09T11:10:10.159+0000] {logging_mixin.py:151} INFO - [2026-07-09T11:10:10.158+0000] {dagbag.py:539} INFO - Filling up the DagBag from /opt/airflow/dags/binance_daily_dag.py
[2026-07-09T11:10:14.058+0000] {processor.py:839} INFO - DAG(s) dict_keys(['daily_crypto_lstm_pipeline']) retrieved from /opt/airflow/dags/binance_daily_dag.py
[2026-07-09T11:10:14.097+0000] {logging_mixin.py:151} INFO - [2026-07-09T11:10:14.096+0000] {dag.py:2915} INFO - Sync 1 DAGs
[2026-07-09T11:10:14.134+0000] {logging_mixin.py:151} INFO - [2026-07-09T11:10:14.134+0000] {dag.py:3696} INFO - Setting next_dagrun for daily_crypto_lstm_pipeline to 2026-07-09T00:02:00+00:00, run_after=2026-07-10T00:02:00+00:00
[2026-07-09T11:10:14.169+0000] {processor.py:179} INFO - Processing /opt/airflow/dags/binance_daily_dag.py took 4.021 seconds
[2026-07-09T11:10:44.577+0000] {processor.py:157} INFO - Started process (PID=9383) to work on /opt/airflow/dags/binance_daily_dag.py
[2026-07-09T11:10:44.580+0000] {processor.py:829} INFO - Processing file /opt/airflow/dags/binance_daily_dag.py for tasks to queue
[2026-07-09T11:10:44.582+0000] {logging_mixin.py:151} INFO - [2026-07-09T11:10:44.581+0000] {dagbag.py:539} INFO - Filling up the DagBag from /opt/airflow/dags/binance_daily_dag.py
[2026-07-09T11:10:48.215+0000] {processor.py:839} INFO - DAG(s) dict_keys(['daily_crypto_lstm_pipeline']) retrieved from /opt/airflow/dags/binance_daily_dag.py
[2026-07-09T11:10:48.246+0000] {logging_mixin.py:151} INFO - [2026-07-09T11:10:48.245+0000] {dag.py:2915} INFO - Sync 1 DAGs
[2026-07-09T11:10:48.272+0000] {logging_mixin.py:151} INFO - [2026-07-09T11:10:48.272+0000] {dag.py:3696} INFO - Setting next_dagrun for daily_crypto_lstm_pipeline to 2026-07-09T00:02:00+00:00, run_after=2026-07-10T00:02:00+00:00
[2026-07-09T11:10:48.342+0000] {processor.py:179} INFO - Processing /opt/airflow/dags/binance_daily_dag.py took 3.770 seconds
[2026-07-09T11:11:18.559+0000] {processor.py:157} INFO - Started process (PID=9416) to work on /opt/airflow/dags/binance_daily_dag.py
[2026-07-09T11:11:18.560+0000] {processor.py:829} INFO - Processing file /opt/airflow/dags/binance_daily_dag.py for tasks to queue
[2026-07-09T11:11:18.562+0000] {logging_mixin.py:151} INFO - [2026-07-09T11:11:18.561+0000] {dagbag.py:539} INFO - Filling up the DagBag from /opt/airflow/dags/binance_daily_dag.py
[2026-07-09T11:11:22.662+0000] {processor.py:839} INFO - DAG(s) dict_keys(['daily_crypto_lstm_pipeline']) retrieved from /opt/airflow/dags/binance_daily_dag.py
[2026-07-09T11:11:22.697+0000] {logging_mixin.py:151} INFO - [2026-07-09T11:11:22.696+0000] {dag.py:2915} INFO - Sync 1 DAGs
[2026-07-09T11:11:22.738+0000] {logging_mixin.py:151} INFO - [2026-07-09T11:11:22.738+0000] {dag.py:3696} INFO - Setting next_dagrun for daily_crypto_lstm_pipeline to 2026-07-09T00:02:00+00:00, run_after=2026-07-10T00:02:00+00:00
[2026-07-09T11:11:22.776+0000] {processor.py:179} INFO - Processing /opt/airflow/dags/binance_daily_dag.py took 4.223 seconds
[2026-07-09T11:11:53.311+0000] {processor.py:157} INFO - Started process (PID=9449) to work on /opt/airflow/dags/binance_daily_dag.py
[2026-07-09T11:11:53.313+0000] {processor.py:829} INFO - Processing file /opt/airflow/dags/binance_daily_dag.py for tasks to queue
[2026-07-09T11:11:53.315+0000] {logging_mixin.py:151} INFO - [2026-07-09T11:11:53.315+0000] {dagbag.py:539} INFO - Filling up the DagBag from /opt/airflow/dags/binance_daily_dag.py
[2026-07-09T11:11:57.429+0000] {processor.py:839} INFO - DAG(s) dict_keys(['daily_crypto_lstm_pipeline']) retrieved from /opt/airflow/dags/binance_daily_dag.py
[2026-07-09T11:11:57.475+0000] {logging_mixin.py:151} INFO - [2026-07-09T11:11:57.474+0000] {dag.py:2915} INFO - Sync 1 DAGs
[2026-07-09T11:11:57.515+0000] {logging_mixin.py:151} INFO - [2026-07-09T11:11:57.515+0000] {dag.py:3696} INFO - Setting next_dagrun for daily_crypto_lstm_pipeline to 2026-07-09T00:02:00+00:00, run_after=2026-07-10T00:02:00+00:00
[2026-07-09T11:11:57.559+0000] {processor.py:179} INFO - Processing /opt/airflow/dags/binance_daily_dag.py took 4.253 seconds
[2026-07-09T11:12:27.736+0000] {processor.py:157} INFO - Started process (PID=9482) to work on /opt/airflow/dags/binance_daily_dag.py
[2026-07-09T11:12:27.739+0000] {processor.py:829} INFO - Processing file /opt/airflow/dags/binance_daily_dag.py for tasks to queue
[2026-07-09T11:12:27.742+0000] {logging_mixin.py:151} INFO - [2026-07-09T11:12:27.741+0000] {dagbag.py:539} INFO - Filling up the DagBag from /opt/airflow/dags/binance_daily_dag.py
[2026-07-09T11:12:32.001+0000] {processor.py:839} INFO - DAG(s) dict_keys(['daily_crypto_lstm_pipeline']) retrieved from /opt/airflow/dags/binance_daily_dag.py
[2026-07-09T11:12:32.043+0000] {logging_mixin.py:151} INFO - [2026-07-09T11:12:32.042+0000] {dag.py:2915} INFO - Sync 1 DAGs
[2026-07-09T11:12:32.081+0000] {logging_mixin.py:151} INFO - [2026-07-09T11:12:32.081+0000] {dag.py:3696} INFO - Setting next_dagrun for daily_crypto_lstm_pipeline to 2026-07-09T00:02:00+00:00, run_after=2026-07-10T00:02:00+00:00
[2026-07-09T11:12:32.152+0000] {processor.py:179} INFO - Processing /opt/airflow/dags/binance_daily_dag.py took 4.424 seconds
[2026-07-09T11:13:02.377+0000] {processor.py:157} INFO - Started process (PID=9515) to work on /opt/airflow/dags/binance_daily_dag.py
[2026-07-09T11:13:02.379+0000] {processor.py:829} INFO - Processing file /opt/airflow/dags/binance_daily_dag.py for tasks to queue
[2026-07-09T11:13:02.381+0000] {logging_mixin.py:151} INFO - [2026-07-09T11:13:02.380+0000] {dagbag.py:539} INFO - Filling up the DagBag from /opt/airflow/dags/binance_daily_dag.py
[2026-07-09T11:13:06.790+0000] {processor.py:839} INFO - DAG(s) dict_keys(['daily_crypto_lstm_pipeline']) retrieved from /opt/airflow/dags/binance_daily_dag.py
[2026-07-09T11:13:06.828+0000] {logging_mixin.py:151} INFO - [2026-07-09T11:13:06.827+0000] {dag.py:2915} INFO - Sync 1 DAGs
[2026-07-09T11:13:06.869+0000] {logging_mixin.py:151} INFO - [2026-07-09T11:13:06.869+0000] {dag.py:3696} INFO - Setting next_dagrun for daily_crypto_lstm_pipeline to 2026-07-09T00:02:00+00:00, run_after=2026-07-10T00:02:00+00:00
[2026-07-09T11:13:06.909+0000] {processor.py:179} INFO - Processing /opt/airflow/dags/binance_daily_dag.py took 4.537 seconds
[2026-07-09T11:13:37.658+0000] {processor.py:157} INFO - Started process (PID=9560) to work on /opt/airflow/dags/binance_daily_dag.py
[2026-07-09T11:13:37.660+0000] {processor.py:829} INFO - Processing file /opt/airflow/dags/binance_daily_dag.py for tasks to queue
[2026-07-09T11:13:37.662+0000] {logging_mixin.py:151} INFO - [2026-07-09T11:13:37.661+0000] {dagbag.py:539} INFO - Filling up the DagBag from /opt/airflow/dags/binance_daily_dag.py
[2026-07-09T11:13:41.716+0000] {processor.py:839} INFO - DAG(s) dict_keys(['daily_crypto_lstm_pipeline']) retrieved from /opt/airflow/dags/binance_daily_dag.py
[2026-07-09T11:13:41.756+0000] {logging_mixin.py:151} INFO - [2026-07-09T11:13:41.755+0000] {dag.py:2915} INFO - Sync 1 DAGs
[2026-07-09T11:13:41.790+0000] {logging_mixin.py:151} INFO - [2026-07-09T11:13:41.790+0000] {dag.py:3696} INFO - Setting next_dagrun for daily_crypto_lstm_pipeline to 2026-07-09T00:02:00+00:00, run_after=2026-07-10T00:02:00+00:00
[2026-07-09T11:13:41.826+0000] {processor.py:179} INFO - Processing /opt/airflow/dags/binance_daily_dag.py took 4.175 seconds
[2026-07-09T11:14:12.153+0000] {processor.py:157} INFO - Started process (PID=9593) to work on /opt/airflow/dags/binance_daily_dag.py
[2026-07-09T11:14:12.155+0000] {processor.py:829} INFO - Processing file /opt/airflow/dags/binance_daily_dag.py for tasks to queue
[2026-07-09T11:14:12.156+0000] {logging_mixin.py:151} INFO - [2026-07-09T11:14:12.156+0000] {dagbag.py:539} INFO - Filling up the DagBag from /opt/airflow/dags/binance_daily_dag.py
[2026-07-09T11:14:16.028+0000] {processor.py:839} INFO - DAG(s) dict_keys(['daily_crypto_lstm_pipeline']) retrieved from /opt/airflow/dags/binance_daily_dag.py
[2026-07-09T11:14:16.067+0000] {logging_mixin.py:151} INFO - [2026-07-09T11:14:16.066+0000] {dag.py:2915} INFO - Sync 1 DAGs
[2026-07-09T11:14:16.167+0000] {logging_mixin.py:151} INFO - [2026-07-09T11:14:16.167+0000] {dag.py:3696} INFO - Setting next_dagrun for daily_crypto_lstm_pipeline to 2026-07-09T00:02:00+00:00, run_after=2026-07-10T00:02:00+00:00
[2026-07-09T11:14:16.251+0000] {processor.py:179} INFO - Processing /opt/airflow/dags/binance_daily_dag.py took 4.103 seconds
[2026-07-09T11:14:46.496+0000] {processor.py:157} INFO - Started process (PID=9626) to work on /opt/airflow/dags/binance_daily_dag.py
[2026-07-09T11:14:46.498+0000] {processor.py:829} INFO - Processing file /opt/airflow/dags/binance_daily_dag.py for tasks to queue
[2026-07-09T11:14:46.499+0000] {logging_mixin.py:151} INFO - [2026-07-09T11:14:46.498+0000] {dagbag.py:539} INFO - Filling up the DagBag from /opt/airflow/dags/binance_daily_dag.py
[2026-07-09T11:14:50.062+0000] {processor.py:839} INFO - DAG(s) dict_keys(['daily_crypto_lstm_pipeline']) retrieved from /opt/airflow/dags/binance_daily_dag.py
[2026-07-09T11:14:50.104+0000] {logging_mixin.py:151} INFO - [2026-07-09T11:14:50.103+0000] {dag.py:2915} INFO - Sync 1 DAGs
[2026-07-09T11:14:50.147+0000] {logging_mixin.py:151} INFO - [2026-07-09T11:14:50.146+0000] {dag.py:3696} INFO - Setting next_dagrun for daily_crypto_lstm_pipeline to 2026-07-09T00:02:00+00:00, run_after=2026-07-10T00:02:00+00:00
[2026-07-09T11:14:50.189+0000] {processor.py:179} INFO - Processing /opt/airflow/dags/binance_daily_dag.py took 3.700 seconds
[2026-07-09T11:15:20.756+0000] {processor.py:157} INFO - Started process (PID=9659) to work on /opt/airflow/dags/binance_daily_dag.py
[2026-07-09T11:15:20.762+0000] {processor.py:829} INFO - Processing file /opt/airflow/dags/binance_daily_dag.py for tasks to queue
[2026-07-09T11:15:20.764+0000] {logging_mixin.py:151} INFO - [2026-07-09T11:15:20.764+0000] {dagbag.py:539} INFO - Filling up the DagBag from /opt/airflow/dags/binance_daily_dag.py
[2026-07-09T11:15:24.533+0000] {processor.py:839} INFO - DAG(s) dict_keys(['daily_crypto_lstm_pipeline']) retrieved from /opt/airflow/dags/binance_daily_dag.py
[2026-07-09T11:15:24.567+0000] {logging_mixin.py:151} INFO - [2026-07-09T11:15:24.566+0000] {dag.py:2915} INFO - Sync 1 DAGs
[2026-07-09T11:15:24.598+0000] {logging_mixin.py:151} INFO - [2026-07-09T11:15:24.597+0000] {dag.py:3696} INFO - Setting next_dagrun for daily_crypto_lstm_pipeline to 2026-07-09T00:02:00+00:00, run_after=2026-07-10T00:02:00+00:00
[2026-07-09T11:15:24.673+0000] {processor.py:179} INFO - Processing /opt/airflow/dags/binance_daily_dag.py took 3.922 seconds
[2026-07-09T11:15:55.185+0000] {processor.py:157} INFO - Started process (PID=9692) to work on /opt/airflow/dags/binance_daily_dag.py
[2026-07-09T11:15:55.187+0000] {processor.py:829} INFO - Processing file /opt/airflow/dags/binance_daily_dag.py for tasks to queue
[2026-07-09T11:15:55.189+0000] {logging_mixin.py:151} INFO - [2026-07-09T11:15:55.188+0000] {dagbag.py:539} INFO - Filling up the DagBag from /opt/airflow/dags/binance_daily_dag.py
[2026-07-09T11:15:58.912+0000] {processor.py:839} INFO - DAG(s) dict_keys(['daily_crypto_lstm_pipeline']) retrieved from /opt/airflow/dags/binance_daily_dag.py
[2026-07-09T11:15:58.945+0000] {logging_mixin.py:151} INFO - [2026-07-09T11:15:58.945+0000] {dag.py:2915} INFO - Sync 1 DAGs
[2026-07-09T11:15:58.974+0000] {logging_mixin.py:151} INFO - [2026-07-09T11:15:58.974+0000] {dag.py:3696} INFO - Setting next_dagrun for daily_crypto_lstm_pipeline to 2026-07-09T00:02:00+00:00, run_after=2026-07-10T00:02:00+00:00
[2026-07-09T11:15:59.005+0000] {processor.py:179} INFO - Processing /opt/airflow/dags/binance_daily_dag.py took 3.827 seconds
[2026-07-09T11:16:29.548+0000] {processor.py:157} INFO - Started process (PID=9725) to work on /opt/airflow/dags/binance_daily_dag.py
[2026-07-09T11:16:29.550+0000] {processor.py:829} INFO - Processing file /opt/airflow/dags/binance_daily_dag.py for tasks to queue
[2026-07-09T11:16:29.552+0000] {logging_mixin.py:151} INFO - [2026-07-09T11:16:29.552+0000] {dagbag.py:539} INFO - Filling up the DagBag from /opt/airflow/dags/binance_daily_dag.py
[2026-07-09T11:16:33.339+0000] {processor.py:839} INFO - DAG(s) dict_keys(['daily_crypto_lstm_pipeline']) retrieved from /opt/airflow/dags/binance_daily_dag.py
[2026-07-09T11:16:33.368+0000] {logging_mixin.py:151} INFO - [2026-07-09T11:16:33.367+0000] {dag.py:2915} INFO - Sync 1 DAGs
[2026-07-09T11:16:33.398+0000] {logging_mixin.py:151} INFO - [2026-07-09T11:16:33.398+0000] {dag.py:3696} INFO - Setting next_dagrun for daily_crypto_lstm_pipeline to 2026-07-09T00:02:00+00:00, run_after=2026-07-10T00:02:00+00:00
[2026-07-09T11:16:33.435+0000] {processor.py:179} INFO - Processing /opt/airflow/dags/binance_daily_dag.py took 3.893 seconds
[2026-07-09T11:17:03.618+0000] {processor.py:157} INFO - Started process (PID=9758) to work on /opt/airflow/dags/binance_daily_dag.py
[2026-07-09T11:17:03.620+0000] {processor.py:829} INFO - Processing file /opt/airflow/dags/binance_daily_dag.py for tasks to queue
[2026-07-09T11:17:03.621+0000] {logging_mixin.py:151} INFO - [2026-07-09T11:17:03.621+0000] {dagbag.py:539} INFO - Filling up the DagBag from /opt/airflow/dags/binance_daily_dag.py
[2026-07-09T11:17:07.352+0000] {processor.py:839} INFO - DAG(s) dict_keys(['daily_crypto_lstm_pipeline']) retrieved from /opt/airflow/dags/binance_daily_dag.py
[2026-07-09T11:17:07.390+0000] {logging_mixin.py:151} INFO - [2026-07-09T11:17:07.389+0000] {dag.py:2915} INFO - Sync 1 DAGs
[2026-07-09T11:17:07.430+0000] {logging_mixin.py:151} INFO - [2026-07-09T11:17:07.430+0000] {dag.py:3696} INFO - Setting next_dagrun for daily_crypto_lstm_pipeline to 2026-07-09T00:02:00+00:00, run_after=2026-07-10T00:02:00+00:00
[2026-07-09T11:17:07.464+0000] {processor.py:179} INFO - Processing /opt/airflow/dags/binance_daily_dag.py took 3.853 seconds
[2026-07-09T11:17:38.092+0000] {processor.py:157} INFO - Started process (PID=9796) to work on /opt/airflow/dags/binance_daily_dag.py
[2026-07-09T11:17:38.095+0000] {processor.py:829} INFO - Processing file /opt/airflow/dags/binance_daily_dag.py for tasks to queue
[2026-07-09T11:17:38.102+0000] {logging_mixin.py:151} INFO - [2026-07-09T11:17:38.101+0000] {dagbag.py:539} INFO - Filling up the DagBag from /opt/airflow/dags/binance_daily_dag.py
[2026-07-09T11:17:42.347+0000] {processor.py:839} INFO - DAG(s) dict_keys(['daily_crypto_lstm_pipeline']) retrieved from /opt/airflow/dags/binance_daily_dag.py
[2026-07-09T11:17:42.391+0000] {logging_mixin.py:151} INFO - [2026-07-09T11:17:42.390+0000] {dag.py:2915} INFO - Sync 1 DAGs
[2026-07-09T11:17:42.434+0000] {logging_mixin.py:151} INFO - [2026-07-09T11:17:42.434+0000] {dag.py:3696} INFO - Setting next_dagrun for daily_crypto_lstm_pipeline to 2026-07-09T00:02:00+00:00, run_after=2026-07-10T00:02:00+00:00
[2026-07-09T11:17:42.478+0000] {processor.py:179} INFO - Processing /opt/airflow/dags/binance_daily_dag.py took 4.391 seconds
[2026-07-09T11:18:12.931+0000] {processor.py:157} INFO - Started process (PID=9837) to work on /opt/airflow/dags/binance_daily_dag.py
[2026-07-09T11:18:12.933+0000] {processor.py:829} INFO - Processing file /opt/airflow/dags/binance_daily_dag.py for tasks to queue
[2026-07-09T11:18:12.935+0000] {logging_mixin.py:151} INFO - [2026-07-09T11:18:12.935+0000] {dagbag.py:539} INFO - Filling up the DagBag from /opt/airflow/dags/binance_daily_dag.py
[2026-07-09T11:18:17.062+0000] {processor.py:839} INFO - DAG(s) dict_keys(['daily_crypto_lstm_pipeline']) retrieved from /opt/airflow/dags/binance_daily_dag.py
[2026-07-09T11:18:17.098+0000] {logging_mixin.py:151} INFO - [2026-07-09T11:18:17.097+0000] {dag.py:2915} INFO - Sync 1 DAGs
[2026-07-09T11:18:17.136+0000] {logging_mixin.py:151} INFO - [2026-07-09T11:18:17.136+0000] {dag.py:3696} INFO - Setting next_dagrun for daily_crypto_lstm_pipeline to 2026-07-09T00:02:00+00:00, run_after=2026-07-10T00:02:00+00:00
[2026-07-09T11:18:17.216+0000] {processor.py:179} INFO - Processing /opt/airflow/dags/binance_daily_dag.py took 4.290 seconds
[2026-07-09T11:18:47.620+0000] {processor.py:157} INFO - Started process (PID=9870) to work on /opt/airflow/dags/binance_daily_dag.py
[2026-07-09T11:18:47.622+0000] {processor.py:829} INFO - Processing file /opt/airflow/dags/binance_daily_dag.py for tasks to queue
[2026-07-09T11:18:47.624+0000] {logging_mixin.py:151} INFO - [2026-07-09T11:18:47.624+0000] {dagbag.py:539} INFO - Filling up the DagBag from /opt/airflow/dags/binance_daily_dag.py
[2026-07-09T11:18:51.732+0000] {processor.py:839} INFO - DAG(s) dict_keys(['daily_crypto_lstm_pipeline']) retrieved from /opt/airflow/dags/binance_daily_dag.py
[2026-07-09T11:18:51.766+0000] {logging_mixin.py:151} INFO - [2026-07-09T11:18:51.766+0000] {dag.py:2915} INFO - Sync 1 DAGs
[2026-07-09T11:18:51.907+0000] {logging_mixin.py:151} INFO - [2026-07-09T11:18:51.907+0000] {dag.py:3696} INFO - Setting next_dagrun for daily_crypto_lstm_pipeline to 2026-07-09T00:02:00+00:00, run_after=2026-07-10T00:02:00+00:00
[2026-07-09T11:18:52.014+0000] {processor.py:179} INFO - Processing /opt/airflow/dags/binance_daily_dag.py took 4.400 seconds
[2026-07-09T11:19:22.220+0000] {processor.py:157} INFO - Started process (PID=9903) to work on /opt/airflow/dags/binance_daily_dag.py
[2026-07-09T11:19:22.222+0000] {processor.py:829} INFO - Processing file /opt/airflow/dags/binance_daily_dag.py for tasks to queue
[2026-07-09T11:19:22.223+0000] {logging_mixin.py:151} INFO - [2026-07-09T11:19:22.223+0000] {dagbag.py:539} INFO - Filling up the DagBag from /opt/airflow/dags/binance_daily_dag.py
[2026-07-09T11:19:26.394+0000] {processor.py:839} INFO - DAG(s) dict_keys(['daily_crypto_lstm_pipeline']) retrieved from /opt/airflow/dags/binance_daily_dag.py
[2026-07-09T11:19:26.497+0000] {logging_mixin.py:151} INFO - [2026-07-09T11:19:26.496+0000] {dag.py:2915} INFO - Sync 1 DAGs
[2026-07-09T11:19:26.563+0000] {logging_mixin.py:151} INFO - [2026-07-09T11:19:26.562+0000] {dag.py:3696} INFO - Setting next_dagrun for daily_crypto_lstm_pipeline to 2026-07-09T00:02:00+00:00, run_after=2026-07-10T00:02:00+00:00
[2026-07-09T11:19:26.603+0000] {processor.py:179} INFO - Processing /opt/airflow/dags/binance_daily_dag.py took 4.389 seconds
[2026-07-09T11:19:57.435+0000] {processor.py:157} INFO - Started process (PID=9936) to work on /opt/airflow/dags/binance_daily_dag.py
[2026-07-09T11:19:57.437+0000] {processor.py:829} INFO - Processing file /opt/airflow/dags/binance_daily_dag.py for tasks to queue
[2026-07-09T11:19:57.438+0000] {logging_mixin.py:151} INFO - [2026-07-09T11:19:57.438+0000] {dagbag.py:539} INFO - Filling up the DagBag from /opt/airflow/dags/binance_daily_dag.py
[2026-07-09T11:20:01.254+0000] {processor.py:839} INFO - DAG(s) dict_keys(['daily_crypto_lstm_pipeline']) retrieved from /opt/airflow/dags/binance_daily_dag.py
[2026-07-09T11:20:01.335+0000] {logging_mixin.py:151} INFO - [2026-07-09T11:20:01.334+0000] {dag.py:2915} INFO - Sync 1 DAGs
[2026-07-09T11:20:01.369+0000] {logging_mixin.py:151} INFO - [2026-07-09T11:20:01.369+0000] {dag.py:3696} INFO - Setting next_dagrun for daily_crypto_lstm_pipeline to 2026-07-09T00:02:00+00:00, run_after=2026-07-10T00:02:00+00:00
[2026-07-09T11:20:01.401+0000] {processor.py:179} INFO - Processing /opt/airflow/dags/binance_daily_dag.py took 3.972 seconds
[2026-07-09T11:20:31.614+0000] {processor.py:157} INFO - Started process (PID=9969) to work on /opt/airflow/dags/binance_daily_dag.py
[2026-07-09T11:20:31.617+0000] {processor.py:829} INFO - Processing file /opt/airflow/dags/binance_daily_dag.py for tasks to queue
[2026-07-09T11:20:31.619+0000] {logging_mixin.py:151} INFO - [2026-07-09T11:20:31.618+0000] {dagbag.py:539} INFO - Filling up the DagBag from /opt/airflow/dags/binance_daily_dag.py
[2026-07-09T11:20:35.230+0000] {processor.py:839} INFO - DAG(s) dict_keys(['daily_crypto_lstm_pipeline']) retrieved from /opt/airflow/dags/binance_daily_dag.py
[2026-07-09T11:20:35.266+0000] {logging_mixin.py:151} INFO - [2026-07-09T11:20:35.265+0000] {dag.py:2915} INFO - Sync 1 DAGs
[2026-07-09T11:20:35.299+0000] {logging_mixin.py:151} INFO - [2026-07-09T11:20:35.299+0000] {dag.py:3696} INFO - Setting next_dagrun for daily_crypto_lstm_pipeline to 2026-07-09T00:02:00+00:00, run_after=2026-07-10T00:02:00+00:00
[2026-07-09T11:20:35.349+0000] {processor.py:179} INFO - Processing /opt/airflow/dags/binance_daily_dag.py took 3.742 seconds
[2026-07-09T11:21:05.507+0000] {processor.py:157} INFO - Started process (PID=10002) to work on /opt/airflow/dags/binance_daily_dag.py
[2026-07-09T11:21:05.510+0000] {processor.py:829} INFO - Processing file /opt/airflow/dags/binance_daily_dag.py for tasks to queue
[2026-07-09T11:21:05.512+0000] {logging_mixin.py:151} INFO - [2026-07-09T11:21:05.511+0000] {dagbag.py:539} INFO - Filling up the DagBag from /opt/airflow/dags/binance_daily_dag.py
[2026-07-09T11:21:09.407+0000] {processor.py:839} INFO - DAG(s) dict_keys(['daily_crypto_lstm_pipeline']) retrieved from /opt/airflow/dags/binance_daily_dag.py
[2026-07-09T11:21:09.451+0000] {logging_mixin.py:151} INFO - [2026-07-09T11:21:09.450+0000] {dag.py:2915} INFO - Sync 1 DAGs
[2026-07-09T11:21:09.491+0000] {logging_mixin.py:151} INFO - [2026-07-09T11:21:09.491+0000] {dag.py:3696} INFO - Setting next_dagrun for daily_crypto_lstm_pipeline to 2026-07-09T00:02:00+00:00, run_after=2026-07-10T00:02:00+00:00
[2026-07-09T11:21:09.536+0000] {processor.py:179} INFO - Processing /opt/airflow/dags/binance_daily_dag.py took 4.037 seconds
[2026-07-09T11:21:39.944+0000] {processor.py:157} INFO - Started process (PID=10042) to work on /opt/airflow/dags/binance_daily_dag.py
[2026-07-09T11:21:39.947+0000] {processor.py:829} INFO - Processing file /opt/airflow/dags/binance_daily_dag.py for tasks to queue
[2026-07-09T11:21:39.948+0000] {logging_mixin.py:151} INFO - [2026-07-09T11:21:39.948+0000] {dagbag.py:539} INFO - Filling up the DagBag from /opt/airflow/dags/binance_daily_dag.py
[2026-07-09T11:21:44.098+0000] {processor.py:839} INFO - DAG(s) dict_keys(['daily_crypto_lstm_pipeline']) retrieved from /opt/airflow/dags/binance_daily_dag.py
[2026-07-09T11:21:44.142+0000] {logging_mixin.py:151} INFO - [2026-07-09T11:21:44.140+0000] {dag.py:2915} INFO - Sync 1 DAGs
[2026-07-09T11:21:44.186+0000] {logging_mixin.py:151} INFO - [2026-07-09T11:21:44.186+0000] {dag.py:3696} INFO - Setting next_dagrun for daily_crypto_lstm_pipeline to 2026-07-09T00:02:00+00:00, run_after=2026-07-10T00:02:00+00:00
[2026-07-09T11:21:44.250+0000] {processor.py:179} INFO - Processing /opt/airflow/dags/binance_daily_dag.py took 4.313 seconds
[2026-07-09T11:22:14.797+0000] {processor.py:157} INFO - Started process (PID=10080) to work on /opt/airflow/dags/binance_daily_dag.py
[2026-07-09T11:22:14.800+0000] {processor.py:829} INFO - Processing file /opt/airflow/dags/binance_daily_dag.py for tasks to queue
[2026-07-09T11:22:14.802+0000] {logging_mixin.py:151} INFO - [2026-07-09T11:22:14.801+0000] {dagbag.py:539} INFO - Filling up the DagBag from /opt/airflow/dags/binance_daily_dag.py
[2026-07-09T11:22:18.867+0000] {processor.py:839} INFO - DAG(s) dict_keys(['daily_crypto_lstm_pipeline']) retrieved from /opt/airflow/dags/binance_daily_dag.py
[2026-07-09T11:22:18.912+0000] {logging_mixin.py:151} INFO - [2026-07-09T11:22:18.910+0000] {dag.py:2915} INFO - Sync 1 DAGs
[2026-07-09T11:22:18.959+0000] {logging_mixin.py:151} INFO - [2026-07-09T11:22:18.959+0000] {dag.py:3696} INFO - Setting next_dagrun for daily_crypto_lstm_pipeline to 2026-07-09T00:02:00+00:00, run_after=2026-07-10T00:02:00+00:00
[2026-07-09T11:22:19.039+0000] {processor.py:179} INFO - Processing /opt/airflow/dags/binance_daily_dag.py took 4.247 seconds
[2026-07-09T11:22:49.547+0000] {processor.py:157} INFO - Started process (PID=10113) to work on /opt/airflow/dags/binance_daily_dag.py
[2026-07-09T11:22:49.550+0000] {processor.py:829} INFO - Processing file /opt/airflow/dags/binance_daily_dag.py for tasks to queue
[2026-07-09T11:22:49.551+0000] {logging_mixin.py:151} INFO - [2026-07-09T11:22:49.551+0000] {dagbag.py:539} INFO - Filling up the DagBag from /opt/airflow/dags/binance_daily_dag.py
[2026-07-09T11:22:53.718+0000] {processor.py:839} INFO - DAG(s) dict_keys(['daily_crypto_lstm_pipeline']) retrieved from /opt/airflow/dags/binance_daily_dag.py
[2026-07-09T11:22:53.802+0000] {logging_mixin.py:151} INFO - [2026-07-09T11:22:53.801+0000] {dag.py:2915} INFO - Sync 1 DAGs
[2026-07-09T11:22:53.844+0000] {logging_mixin.py:151} INFO - [2026-07-09T11:22:53.843+0000] {dag.py:3696} INFO - Setting next_dagrun for daily_crypto_lstm_pipeline to 2026-07-09T00:02:00+00:00, run_after=2026-07-10T00:02:00+00:00
[2026-07-09T11:22:53.887+0000] {processor.py:179} INFO - Processing /opt/airflow/dags/binance_daily_dag.py took 4.344 seconds
[2026-07-09T11:23:24.497+0000] {processor.py:157} INFO - Started process (PID=10146) to work on /opt/airflow/dags/binance_daily_dag.py
[2026-07-09T11:23:24.499+0000] {processor.py:829} INFO - Processing file /opt/airflow/dags/binance_daily_dag.py for tasks to queue
[2026-07-09T11:23:24.501+0000] {logging_mixin.py:151} INFO - [2026-07-09T11:23:24.500+0000] {dagbag.py:539} INFO - Filling up the DagBag from /opt/airflow/dags/binance_daily_dag.py
[2026-07-09T11:23:28.684+0000] {processor.py:839} INFO - DAG(s) dict_keys(['daily_crypto_lstm_pipeline']) retrieved from /opt/airflow/dags/binance_daily_dag.py
[2026-07-09T11:23:28.723+0000] {logging_mixin.py:151} INFO - [2026-07-09T11:23:28.722+0000] {dag.py:2915} INFO - Sync 1 DAGs
[2026-07-09T11:23:28.761+0000] {logging_mixin.py:151} INFO - [2026-07-09T11:23:28.761+0000] {dag.py:3696} INFO - Setting next_dagrun for daily_crypto_lstm_pipeline to 2026-07-09T00:02:00+00:00, run_after=2026-07-10T00:02:00+00:00
[2026-07-09T11:23:28.797+0000] {processor.py:179} INFO - Processing /opt/airflow/dags/binance_daily_dag.py took 4.308 seconds
[2026-07-09T11:23:58.963+0000] {processor.py:157} INFO - Started process (PID=10179) to work on /opt/airflow/dags/binance_daily_dag.py
[2026-07-09T11:23:58.965+0000] {processor.py:829} INFO - Processing file /opt/airflow/dags/binance_daily_dag.py for tasks to queue
[2026-07-09T11:23:58.967+0000] {logging_mixin.py:151} INFO - [2026-07-09T11:23:58.966+0000] {dagbag.py:539} INFO - Filling up the DagBag from /opt/airflow/dags/binance_daily_dag.py
[2026-07-09T11:24:02.888+0000] {processor.py:839} INFO - DAG(s) dict_keys(['daily_crypto_lstm_pipeline']) retrieved from /opt/airflow/dags/binance_daily_dag.py
[2026-07-09T11:24:02.925+0000] {logging_mixin.py:151} INFO - [2026-07-09T11:24:02.924+0000] {dag.py:2915} INFO - Sync 1 DAGs
[2026-07-09T11:24:02.963+0000] {logging_mixin.py:151} INFO - [2026-07-09T11:24:02.962+0000] {dag.py:3696} INFO - Setting next_dagrun for daily_crypto_lstm_pipeline to 2026-07-09T00:02:00+00:00, run_after=2026-07-10T00:02:00+00:00
[2026-07-09T11:24:02.996+0000] {processor.py:179} INFO - Processing /opt/airflow/dags/binance_daily_dag.py took 4.040 seconds
[2026-07-09T11:24:33.313+0000] {processor.py:157} INFO - Started process (PID=10212) to work on /opt/airflow/dags/binance_daily_dag.py
[2026-07-09T11:24:33.314+0000] {processor.py:829} INFO - Processing file /opt/airflow/dags/binance_daily_dag.py for tasks to queue
[2026-07-09T11:24:33.316+0000] {logging_mixin.py:151} INFO - [2026-07-09T11:24:33.315+0000] {dagbag.py:539} INFO - Filling up the DagBag from /opt/airflow/dags/binance_daily_dag.py
[2026-07-09T11:24:37.407+0000] {processor.py:839} INFO - DAG(s) dict_keys(['daily_crypto_lstm_pipeline']) retrieved from /opt/airflow/dags/binance_daily_dag.py
[2026-07-09T11:24:37.449+0000] {logging_mixin.py:151} INFO - [2026-07-09T11:24:37.448+0000] {dag.py:2915} INFO - Sync 1 DAGs
[2026-07-09T11:24:37.490+0000] {logging_mixin.py:151} INFO - [2026-07-09T11:24:37.490+0000] {dag.py:3696} INFO - Setting next_dagrun for daily_crypto_lstm_pipeline to 2026-07-09T00:02:00+00:00, run_after=2026-07-10T00:02:00+00:00
[2026-07-09T11:24:37.531+0000] {processor.py:179} INFO - Processing /opt/airflow/dags/binance_daily_dag.py took 4.224 seconds
[2026-07-09T11:25:08.392+0000] {processor.py:157} INFO - Started process (PID=10244) to work on /opt/airflow/dags/binance_daily_dag.py
[2026-07-09T11:25:08.394+0000] {processor.py:829} INFO - Processing file /opt/airflow/dags/binance_daily_dag.py for tasks to queue
[2026-07-09T11:25:08.396+0000] {logging_mixin.py:151} INFO - [2026-07-09T11:25:08.395+0000] {dagbag.py:539} INFO - Filling up the DagBag from /opt/airflow/dags/binance_daily_dag.py
[2026-07-09T11:25:12.133+0000] {processor.py:839} INFO - DAG(s) dict_keys(['daily_crypto_lstm_pipeline']) retrieved from /opt/airflow/dags/binance_daily_dag.py
[2026-07-09T11:25:12.167+0000] {logging_mixin.py:151} INFO - [2026-07-09T11:25:12.166+0000] {dag.py:2915} INFO - Sync 1 DAGs
[2026-07-09T11:25:12.244+0000] {logging_mixin.py:151} INFO - [2026-07-09T11:25:12.244+0000] {dag.py:3696} INFO - Setting next_dagrun for daily_crypto_lstm_pipeline to 2026-07-09T00:02:00+00:00, run_after=2026-07-10T00:02:00+00:00
[2026-07-09T11:25:12.285+0000] {processor.py:179} INFO - Processing /opt/airflow/dags/binance_daily_dag.py took 3.898 seconds
[2026-07-09T11:25:42.823+0000] {processor.py:157} INFO - Started process (PID=10284) to work on /opt/airflow/dags/binance_daily_dag.py
[2026-07-09T11:25:42.825+0000] {processor.py:829} INFO - Processing file /opt/airflow/dags/binance_daily_dag.py for tasks to queue
[2026-07-09T11:25:42.827+0000] {logging_mixin.py:151} INFO - [2026-07-09T11:25:42.826+0000] {dagbag.py:539} INFO - Filling up the DagBag from /opt/airflow/dags/binance_daily_dag.py
[2026-07-09T11:25:47.101+0000] {processor.py:839} INFO - DAG(s) dict_keys(['daily_crypto_lstm_pipeline']) retrieved from /opt/airflow/dags/binance_daily_dag.py
[2026-07-09T11:25:47.141+0000] {logging_mixin.py:151} INFO - [2026-07-09T11:25:47.140+0000] {dag.py:2915} INFO - Sync 1 DAGs
[2026-07-09T11:25:47.184+0000] {logging_mixin.py:151} INFO - [2026-07-09T11:25:47.184+0000] {dag.py:3696} INFO - Setting next_dagrun for daily_crypto_lstm_pipeline to 2026-07-09T00:02:00+00:00, run_after=2026-07-10T00:02:00+00:00
[2026-07-09T11:25:47.265+0000] {processor.py:179} INFO - Processing /opt/airflow/dags/binance_daily_dag.py took 4.449 seconds
[2026-07-09T11:26:18.045+0000] {processor.py:157} INFO - Started process (PID=10322) to work on /opt/airflow/dags/binance_daily_dag.py
[2026-07-09T11:26:18.048+0000] {processor.py:829} INFO - Processing file /opt/airflow/dags/binance_daily_dag.py for tasks to queue
[2026-07-09T11:26:18.052+0000] {logging_mixin.py:151} INFO - [2026-07-09T11:26:18.051+0000] {dagbag.py:539} INFO - Filling up the DagBag from /opt/airflow/dags/binance_daily_dag.py
[2026-07-09T11:26:22.573+0000] {processor.py:839} INFO - DAG(s) dict_keys(['daily_crypto_lstm_pipeline']) retrieved from /opt/airflow/dags/binance_daily_dag.py
[2026-07-09T11:26:22.611+0000] {logging_mixin.py:151} INFO - [2026-07-09T11:26:22.610+0000] {dag.py:2915} INFO - Sync 1 DAGs
[2026-07-09T11:26:22.655+0000] {logging_mixin.py:151} INFO - [2026-07-09T11:26:22.654+0000] {dag.py:3696} INFO - Setting next_dagrun for daily_crypto_lstm_pipeline to 2026-07-09T00:02:00+00:00, run_after=2026-07-10T00:02:00+00:00
[2026-07-09T11:26:22.701+0000] {processor.py:179} INFO - Processing /opt/airflow/dags/binance_daily_dag.py took 4.664 seconds
[2026-07-09T11:26:53.811+0000] {processor.py:157} INFO - Started process (PID=10355) to work on /opt/airflow/dags/binance_daily_dag.py
[2026-07-09T11:26:53.813+0000] {processor.py:829} INFO - Processing file /opt/airflow/dags/binance_daily_dag.py for tasks to queue
[2026-07-09T11:26:53.815+0000] {logging_mixin.py:151} INFO - [2026-07-09T11:26:53.814+0000] {dagbag.py:539} INFO - Filling up the DagBag from /opt/airflow/dags/binance_daily_dag.py
[2026-07-09T11:26:58.062+0000] {processor.py:839} INFO - DAG(s) dict_keys(['daily_crypto_lstm_pipeline']) retrieved from /opt/airflow/dags/binance_daily_dag.py
[2026-07-09T11:26:58.105+0000] {logging_mixin.py:151} INFO - [2026-07-09T11:26:58.104+0000] {dag.py:2915} INFO - Sync 1 DAGs
[2026-07-09T11:26:58.154+0000] {logging_mixin.py:151} INFO - [2026-07-09T11:26:58.154+0000] {dag.py:3696} INFO - Setting next_dagrun for daily_crypto_lstm_pipeline to 2026-07-09T00:02:00+00:00, run_after=2026-07-10T00:02:00+00:00
[2026-07-09T11:26:58.194+0000] {processor.py:179} INFO - Processing /opt/airflow/dags/binance_daily_dag.py took 4.389 seconds
[2026-07-09T11:27:28.371+0000] {processor.py:157} INFO - Started process (PID=10388) to work on /opt/airflow/dags/binance_daily_dag.py
[2026-07-09T11:27:28.375+0000] {processor.py:829} INFO - Processing file /opt/airflow/dags/binance_daily_dag.py for tasks to queue
[2026-07-09T11:27:28.378+0000] {logging_mixin.py:151} INFO - [2026-07-09T11:27:28.377+0000] {dagbag.py:539} INFO - Filling up the DagBag from /opt/airflow/dags/binance_daily_dag.py
[2026-07-09T11:27:32.514+0000] {processor.py:839} INFO - DAG(s) dict_keys(['daily_crypto_lstm_pipeline']) retrieved from /opt/airflow/dags/binance_daily_dag.py
[2026-07-09T11:27:32.557+0000] {logging_mixin.py:151} INFO - [2026-07-09T11:27:32.556+0000] {dag.py:2915} INFO - Sync 1 DAGs
[2026-07-09T11:27:32.595+0000] {logging_mixin.py:151} INFO - [2026-07-09T11:27:32.595+0000] {dag.py:3696} INFO - Setting next_dagrun for daily_crypto_lstm_pipeline to 2026-07-09T00:02:00+00:00, run_after=2026-07-10T00:02:00+00:00
[2026-07-09T11:27:32.674+0000] {processor.py:179} INFO - Processing /opt/airflow/dags/binance_daily_dag.py took 4.309 seconds
[2026-07-09T11:28:02.929+0000] {processor.py:157} INFO - Started process (PID=10421) to work on /opt/airflow/dags/binance_daily_dag.py
[2026-07-09T11:28:02.931+0000] {processor.py:829} INFO - Processing file /opt/airflow/dags/binance_daily_dag.py for tasks to queue
[2026-07-09T11:28:02.933+0000] {logging_mixin.py:151} INFO - [2026-07-09T11:28:02.932+0000] {dagbag.py:539} INFO - Filling up the DagBag from /opt/airflow/dags/binance_daily_dag.py
[2026-07-09T11:28:07.354+0000] {processor.py:839} INFO - DAG(s) dict_keys(['daily_crypto_lstm_pipeline']) retrieved from /opt/airflow/dags/binance_daily_dag.py
[2026-07-09T11:28:07.398+0000] {logging_mixin.py:151} INFO - [2026-07-09T11:28:07.397+0000] {dag.py:2915} INFO - Sync 1 DAGs
[2026-07-09T11:28:07.445+0000] {logging_mixin.py:151} INFO - [2026-07-09T11:28:07.445+0000] {dag.py:3696} INFO - Setting next_dagrun for daily_crypto_lstm_pipeline to 2026-07-09T00:02:00+00:00, run_after=2026-07-10T00:02:00+00:00
[2026-07-09T11:28:07.493+0000] {processor.py:179} INFO - Processing /opt/airflow/dags/binance_daily_dag.py took 4.571 seconds
[2026-07-09T11:28:38.046+0000] {processor.py:157} INFO - Started process (PID=10454) to work on /opt/airflow/dags/binance_daily_dag.py
[2026-07-09T11:28:38.048+0000] {processor.py:829} INFO - Processing file /opt/airflow/dags/binance_daily_dag.py for tasks to queue
[2026-07-09T11:28:38.050+0000] {logging_mixin.py:151} INFO - [2026-07-09T11:28:38.049+0000] {dagbag.py:539} INFO - Filling up the DagBag from /opt/airflow/dags/binance_daily_dag.py
[2026-07-09T11:28:42.235+0000] {processor.py:839} INFO - DAG(s) dict_keys(['daily_crypto_lstm_pipeline']) retrieved from /opt/airflow/dags/binance_daily_dag.py
[2026-07-09T11:28:42.282+0000] {logging_mixin.py:151} INFO - [2026-07-09T11:28:42.281+0000] {dag.py:2915} INFO - Sync 1 DAGs
[2026-07-09T11:28:42.324+0000] {logging_mixin.py:151} INFO - [2026-07-09T11:28:42.324+0000] {dag.py:3696} INFO - Setting next_dagrun for daily_crypto_lstm_pipeline to 2026-07-09T00:02:00+00:00, run_after=2026-07-10T00:02:00+00:00
[2026-07-09T11:28:42.361+0000] {processor.py:179} INFO - Processing /opt/airflow/dags/binance_daily_dag.py took 4.321 seconds
[2026-07-09T11:29:12.912+0000] {processor.py:157} INFO - Started process (PID=10493) to work on /opt/airflow/dags/binance_daily_dag.py
[2026-07-09T11:29:12.914+0000] {processor.py:829} INFO - Processing file /opt/airflow/dags/binance_daily_dag.py for tasks to queue
[2026-07-09T11:29:12.916+0000] {logging_mixin.py:151} INFO - [2026-07-09T11:29:12.915+0000] {dagbag.py:539} INFO - Filling up the DagBag from /opt/airflow/dags/binance_daily_dag.py
[2026-07-09T11:29:17.215+0000] {processor.py:839} INFO - DAG(s) dict_keys(['daily_crypto_lstm_pipeline']) retrieved from /opt/airflow/dags/binance_daily_dag.py
[2026-07-09T11:29:17.246+0000] {logging_mixin.py:151} INFO - [2026-07-09T11:29:17.246+0000] {dag.py:2915} INFO - Sync 1 DAGs
[2026-07-09T11:29:17.280+0000] {logging_mixin.py:151} INFO - [2026-07-09T11:29:17.280+0000] {dag.py:3696} INFO - Setting next_dagrun for daily_crypto_lstm_pipeline to 2026-07-09T00:02:00+00:00, run_after=2026-07-10T00:02:00+00:00
[2026-07-09T11:29:17.357+0000] {processor.py:179} INFO - Processing /opt/airflow/dags/binance_daily_dag.py took 4.452 seconds
[2026-07-09T11:29:47.624+0000] {processor.py:157} INFO - Started process (PID=10526) to work on /opt/airflow/dags/binance_daily_dag.py
[2026-07-09T11:29:47.627+0000] {processor.py:829} INFO - Processing file /opt/airflow/dags/binance_daily_dag.py for tasks to queue
[2026-07-09T11:29:47.629+0000] {logging_mixin.py:151} INFO - [2026-07-09T11:29:47.628+0000] {dagbag.py:539} INFO - Filling up the DagBag from /opt/airflow/dags/binance_daily_dag.py
[2026-07-09T11:29:51.491+0000] {processor.py:839} INFO - DAG(s) dict_keys(['daily_crypto_lstm_pipeline']) retrieved from /opt/airflow/dags/binance_daily_dag.py
[2026-07-09T11:29:51.525+0000] {logging_mixin.py:151} INFO - [2026-07-09T11:29:51.524+0000] {dag.py:2915} INFO - Sync 1 DAGs
[2026-07-09T11:29:51.560+0000] {logging_mixin.py:151} INFO - [2026-07-09T11:29:51.560+0000] {dag.py:3696} INFO - Setting next_dagrun for daily_crypto_lstm_pipeline to 2026-07-09T00:02:00+00:00, run_after=2026-07-10T00:02:00+00:00
[2026-07-09T11:29:51.637+0000] {processor.py:179} INFO - Processing /opt/airflow/dags/binance_daily_dag.py took 4.019 seconds
[2026-07-09T11:30:22.319+0000] {processor.py:157} INFO - Started process (PID=10559) to work on /opt/airflow/dags/binance_daily_dag.py
[2026-07-09T11:30:22.322+0000] {processor.py:829} INFO - Processing file /opt/airflow/dags/binance_daily_dag.py for tasks to queue
[2026-07-09T11:30:22.326+0000] {logging_mixin.py:151} INFO - [2026-07-09T11:30:22.324+0000] {dagbag.py:539} INFO - Filling up the DagBag from /opt/airflow/dags/binance_daily_dag.py
[2026-07-09T11:30:26.076+0000] {processor.py:839} INFO - DAG(s) dict_keys(['daily_crypto_lstm_pipeline']) retrieved from /opt/airflow/dags/binance_daily_dag.py
[2026-07-09T11:30:26.112+0000] {logging_mixin.py:151} INFO - [2026-07-09T11:30:26.111+0000] {dag.py:2915} INFO - Sync 1 DAGs
[2026-07-09T11:30:26.146+0000] {logging_mixin.py:151} INFO - [2026-07-09T11:30:26.145+0000] {dag.py:3696} INFO - Setting next_dagrun for daily_crypto_lstm_pipeline to 2026-07-09T00:02:00+00:00, run_after=2026-07-10T00:02:00+00:00
[2026-07-09T11:30:26.177+0000] {processor.py:179} INFO - Processing /opt/airflow/dags/binance_daily_dag.py took 3.865 seconds
[2026-07-09T11:30:56.585+0000] {processor.py:157} INFO - Started process (PID=10597) to work on /opt/airflow/dags/binance_daily_dag.py
[2026-07-09T11:30:56.587+0000] {processor.py:829} INFO - Processing file /opt/airflow/dags/binance_daily_dag.py for tasks to queue
[2026-07-09T11:30:56.589+0000] {logging_mixin.py:151} INFO - [2026-07-09T11:30:56.589+0000] {dagbag.py:539} INFO - Filling up the DagBag from /opt/airflow/dags/binance_daily_dag.py
[2026-07-09T11:31:00.564+0000] {processor.py:839} INFO - DAG(s) dict_keys(['daily_crypto_lstm_pipeline']) retrieved from /opt/airflow/dags/binance_daily_dag.py
[2026-07-09T11:31:00.599+0000] {logging_mixin.py:151} INFO - [2026-07-09T11:31:00.598+0000] {dag.py:2915} INFO - Sync 1 DAGs
[2026-07-09T11:31:00.642+0000] {logging_mixin.py:151} INFO - [2026-07-09T11:31:00.642+0000] {dag.py:3696} INFO - Setting next_dagrun for daily_crypto_lstm_pipeline to 2026-07-09T00:02:00+00:00, run_after=2026-07-10T00:02:00+00:00
[2026-07-09T11:31:00.672+0000] {processor.py:179} INFO - Processing /opt/airflow/dags/binance_daily_dag.py took 4.097 seconds
[2026-07-09T11:31:30.976+0000] {processor.py:157} INFO - Started process (PID=10630) to work on /opt/airflow/dags/binance_daily_dag.py
[2026-07-09T11:31:30.978+0000] {processor.py:829} INFO - Processing file /opt/airflow/dags/binance_daily_dag.py for tasks to queue
[2026-07-09T11:31:30.980+0000] {logging_mixin.py:151} INFO - [2026-07-09T11:31:30.979+0000] {dagbag.py:539} INFO - Filling up the DagBag from /opt/airflow/dags/binance_daily_dag.py
[2026-07-09T11:31:34.540+0000] {processor.py:839} INFO - DAG(s) dict_keys(['daily_crypto_lstm_pipeline']) retrieved from /opt/airflow/dags/binance_daily_dag.py
[2026-07-09T11:31:34.577+0000] {logging_mixin.py:151} INFO - [2026-07-09T11:31:34.576+0000] {dag.py:2915} INFO - Sync 1 DAGs
[2026-07-09T11:31:34.608+0000] {logging_mixin.py:151} INFO - [2026-07-09T11:31:34.607+0000] {dag.py:3696} INFO - Setting next_dagrun for daily_crypto_lstm_pipeline to 2026-07-09T00:02:00+00:00, run_after=2026-07-10T00:02:00+00:00
[2026-07-09T11:31:34.677+0000] {processor.py:179} INFO - Processing /opt/airflow/dags/binance_daily_dag.py took 3.706 seconds
[2026-07-09T11:32:05.459+0000] {processor.py:157} INFO - Started process (PID=10663) to work on /opt/airflow/dags/binance_daily_dag.py
[2026-07-09T11:32:05.461+0000] {processor.py:829} INFO - Processing file /opt/airflow/dags/binance_daily_dag.py for tasks to queue
[2026-07-09T11:32:05.462+0000] {logging_mixin.py:151} INFO - [2026-07-09T11:32:05.462+0000] {dagbag.py:539} INFO - Filling up the DagBag from /opt/airflow/dags/binance_daily_dag.py
[2026-07-09T11:32:09.764+0000] {processor.py:839} INFO - DAG(s) dict_keys(['daily_crypto_lstm_pipeline']) retrieved from /opt/airflow/dags/binance_daily_dag.py
[2026-07-09T11:32:09.805+0000] {logging_mixin.py:151} INFO - [2026-07-09T11:32:09.804+0000] {dag.py:2915} INFO - Sync 1 DAGs
[2026-07-09T11:32:09.849+0000] {logging_mixin.py:151} INFO - [2026-07-09T11:32:09.849+0000] {dag.py:3696} INFO - Setting next_dagrun for daily_crypto_lstm_pipeline to 2026-07-09T00:02:00+00:00, run_after=2026-07-10T00:02:00+00:00
[2026-07-09T11:32:09.937+0000] {processor.py:179} INFO - Processing /opt/airflow/dags/binance_daily_dag.py took 4.482 seconds
[2026-07-09T11:32:40.155+0000] {processor.py:157} INFO - Started process (PID=10696) to work on /opt/airflow/dags/binance_daily_dag.py
[2026-07-09T11:32:40.157+0000] {processor.py:829} INFO - Processing file /opt/airflow/dags/binance_daily_dag.py for tasks to queue
[2026-07-09T11:32:40.158+0000] {logging_mixin.py:151} INFO - [2026-07-09T11:32:40.158+0000] {dagbag.py:539} INFO - Filling up the DagBag from /opt/airflow/dags/binance_daily_dag.py
[2026-07-09T11:32:44.068+0000] {processor.py:839} INFO - DAG(s) dict_keys(['daily_crypto_lstm_pipeline']) retrieved from /opt/airflow/dags/binance_daily_dag.py
[2026-07-09T11:32:44.109+0000] {logging_mixin.py:151} INFO - [2026-07-09T11:32:44.108+0000] {dag.py:2915} INFO - Sync 1 DAGs
[2026-07-09T11:32:44.150+0000] {logging_mixin.py:151} INFO - [2026-07-09T11:32:44.150+0000] {dag.py:3696} INFO - Setting next_dagrun for daily_crypto_lstm_pipeline to 2026-07-09T00:02:00+00:00, run_after=2026-07-10T00:02:00+00:00
[2026-07-09T11:32:44.188+0000] {processor.py:179} INFO - Processing /opt/airflow/dags/binance_daily_dag.py took 4.040 seconds
[2026-07-09T11:33:14.690+0000] {processor.py:157} INFO - Started process (PID=10737) to work on /opt/airflow/dags/binance_daily_dag.py
[2026-07-09T11:33:14.693+0000] {processor.py:829} INFO - Processing file /opt/airflow/dags/binance_daily_dag.py for tasks to queue
[2026-07-09T11:33:14.696+0000] {logging_mixin.py:151} INFO - [2026-07-09T11:33:14.695+0000] {dagbag.py:539} INFO - Filling up the DagBag from /opt/airflow/dags/binance_daily_dag.py
[2026-07-09T11:33:19.519+0000] {processor.py:839} INFO - DAG(s) dict_keys(['daily_crypto_lstm_pipeline']) retrieved from /opt/airflow/dags/binance_daily_dag.py
[2026-07-09T11:33:19.563+0000] {logging_mixin.py:151} INFO - [2026-07-09T11:33:19.562+0000] {dag.py:2915} INFO - Sync 1 DAGs
[2026-07-09T11:33:19.600+0000] {logging_mixin.py:151} INFO - [2026-07-09T11:33:19.599+0000] {dag.py:3696} INFO - Setting next_dagrun for daily_crypto_lstm_pipeline to 2026-07-09T00:02:00+00:00, run_after=2026-07-10T00:02:00+00:00
[2026-07-09T11:33:19.634+0000] {processor.py:179} INFO - Processing /opt/airflow/dags/binance_daily_dag.py took 4.950 seconds
[2026-07-09T11:33:50.186+0000] {processor.py:157} INFO - Started process (PID=10770) to work on /opt/airflow/dags/binance_daily_dag.py
[2026-07-09T11:33:50.188+0000] {processor.py:829} INFO - Processing file /opt/airflow/dags/binance_daily_dag.py for tasks to queue
[2026-07-09T11:33:50.190+0000] {logging_mixin.py:151} INFO - [2026-07-09T11:33:50.189+0000] {dagbag.py:539} INFO - Filling up the DagBag from /opt/airflow/dags/binance_daily_dag.py
[2026-07-09T11:33:54.578+0000] {processor.py:839} INFO - DAG(s) dict_keys(['daily_crypto_lstm_pipeline']) retrieved from /opt/airflow/dags/binance_daily_dag.py
[2026-07-09T11:33:54.612+0000] {logging_mixin.py:151} INFO - [2026-07-09T11:33:54.610+0000] {dag.py:2915} INFO - Sync 1 DAGs
[2026-07-09T11:33:54.649+0000] {logging_mixin.py:151} INFO - [2026-07-09T11:33:54.649+0000] {dag.py:3696} INFO - Setting next_dagrun for daily_crypto_lstm_pipeline to 2026-07-09T00:02:00+00:00, run_after=2026-07-10T00:02:00+00:00
[2026-07-09T11:33:54.685+0000] {processor.py:179} INFO - Processing /opt/airflow/dags/binance_daily_dag.py took 4.505 seconds
[2026-07-09T11:34:24.979+0000] {processor.py:157} INFO - Started process (PID=10803) to work on /opt/airflow/dags/binance_daily_dag.py
[2026-07-09T11:34:24.982+0000] {processor.py:829} INFO - Processing file /opt/airflow/dags/binance_daily_dag.py for tasks to queue
[2026-07-09T11:34:24.984+0000] {logging_mixin.py:151} INFO - [2026-07-09T11:34:24.983+0000] {dagbag.py:539} INFO - Filling up the DagBag from /opt/airflow/dags/binance_daily_dag.py
[2026-07-09T11:34:29.351+0000] {processor.py:839} INFO - DAG(s) dict_keys(['daily_crypto_lstm_pipeline']) retrieved from /opt/airflow/dags/binance_daily_dag.py
[2026-07-09T11:34:29.389+0000] {logging_mixin.py:151} INFO - [2026-07-09T11:34:29.388+0000] {dag.py:2915} INFO - Sync 1 DAGs
[2026-07-09T11:34:29.433+0000] {logging_mixin.py:151} INFO - [2026-07-09T11:34:29.432+0000] {dag.py:3696} INFO - Setting next_dagrun for daily_crypto_lstm_pipeline to 2026-07-09T00:02:00+00:00, run_after=2026-07-10T00:02:00+00:00
[2026-07-09T11:34:29.512+0000] {processor.py:179} INFO - Processing /opt/airflow/dags/binance_daily_dag.py took 4.543 seconds
[2026-07-09T11:35:00.533+0000] {processor.py:157} INFO - Started process (PID=10841) to work on /opt/airflow/dags/binance_daily_dag.py
[2026-07-09T11:35:00.534+0000] {processor.py:829} INFO - Processing file /opt/airflow/dags/binance_daily_dag.py for tasks to queue
[2026-07-09T11:35:00.536+0000] {logging_mixin.py:151} INFO - [2026-07-09T11:35:00.536+0000] {dagbag.py:539} INFO - Filling up the DagBag from /opt/airflow/dags/binance_daily_dag.py
[2026-07-09T11:35:04.374+0000] {processor.py:839} INFO - DAG(s) dict_keys(['daily_crypto_lstm_pipeline']) retrieved from /opt/airflow/dags/binance_daily_dag.py
[2026-07-09T11:35:04.413+0000] {logging_mixin.py:151} INFO - [2026-07-09T11:35:04.412+0000] {dag.py:2915} INFO - Sync 1 DAGs
[2026-07-09T11:35:04.451+0000] {logging_mixin.py:151} INFO - [2026-07-09T11:35:04.451+0000] {dag.py:3696} INFO - Setting next_dagrun for daily_crypto_lstm_pipeline to 2026-07-09T00:02:00+00:00, run_after=2026-07-10T00:02:00+00:00
[2026-07-09T11:35:04.528+0000] {processor.py:179} INFO - Processing /opt/airflow/dags/binance_daily_dag.py took 4.001 seconds
[2026-07-09T11:35:35.149+0000] {processor.py:157} INFO - Started process (PID=10874) to work on /opt/airflow/dags/binance_daily_dag.py
[2026-07-09T11:35:35.151+0000] {processor.py:829} INFO - Processing file /opt/airflow/dags/binance_daily_dag.py for tasks to queue
[2026-07-09T11:35:35.154+0000] {logging_mixin.py:151} INFO - [2026-07-09T11:35:35.153+0000] {dagbag.py:539} INFO - Filling up the DagBag from /opt/airflow/dags/binance_daily_dag.py
[2026-07-09T11:35:39.371+0000] {processor.py:839} INFO - DAG(s) dict_keys(['daily_crypto_lstm_pipeline']) retrieved from /opt/airflow/dags/binance_daily_dag.py
[2026-07-09T11:35:39.411+0000] {logging_mixin.py:151} INFO - [2026-07-09T11:35:39.410+0000] {dag.py:2915} INFO - Sync 1 DAGs
[2026-07-09T11:35:39.446+0000] {logging_mixin.py:151} INFO - [2026-07-09T11:35:39.446+0000] {dag.py:3696} INFO - Setting next_dagrun for daily_crypto_lstm_pipeline to 2026-07-09T00:02:00+00:00, run_after=2026-07-10T00:02:00+00:00
[2026-07-09T11:35:39.520+0000] {processor.py:179} INFO - Processing /opt/airflow/dags/binance_daily_dag.py took 4.378 seconds
[2026-07-09T11:36:09.739+0000] {processor.py:157} INFO - Started process (PID=10907) to work on /opt/airflow/dags/binance_daily_dag.py
[2026-07-09T11:36:09.743+0000] {processor.py:829} INFO - Processing file /opt/airflow/dags/binance_daily_dag.py for tasks to queue
[2026-07-09T11:36:09.748+0000] {logging_mixin.py:151} INFO - [2026-07-09T11:36:09.747+0000] {dagbag.py:539} INFO - Filling up the DagBag from /opt/airflow/dags/binance_daily_dag.py
[2026-07-09T11:36:14.247+0000] {processor.py:839} INFO - DAG(s) dict_keys(['daily_crypto_lstm_pipeline']) retrieved from /opt/airflow/dags/binance_daily_dag.py
[2026-07-09T11:36:14.293+0000] {logging_mixin.py:151} INFO - [2026-07-09T11:36:14.292+0000] {dag.py:2915} INFO - Sync 1 DAGs
[2026-07-09T11:36:14.344+0000] {logging_mixin.py:151} INFO - [2026-07-09T11:36:14.344+0000] {dag.py:3696} INFO - Setting next_dagrun for daily_crypto_lstm_pipeline to 2026-07-09T00:02:00+00:00, run_after=2026-07-10T00:02:00+00:00
[2026-07-09T11:36:14.393+0000] {processor.py:179} INFO - Processing /opt/airflow/dags/binance_daily_dag.py took 4.659 seconds
[2026-07-09T11:36:45.153+0000] {processor.py:157} INFO - Started process (PID=10947) to work on /opt/airflow/dags/binance_daily_dag.py
[2026-07-09T11:36:45.155+0000] {processor.py:829} INFO - Processing file /opt/airflow/dags/binance_daily_dag.py for tasks to queue
[2026-07-09T11:36:45.156+0000] {logging_mixin.py:151} INFO - [2026-07-09T11:36:45.156+0000] {dagbag.py:539} INFO - Filling up the DagBag from /opt/airflow/dags/binance_daily_dag.py
[2026-07-09T11:36:48.942+0000] {processor.py:839} INFO - DAG(s) dict_keys(['daily_crypto_lstm_pipeline']) retrieved from /opt/airflow/dags/binance_daily_dag.py
[2026-07-09T11:36:48.984+0000] {logging_mixin.py:151} INFO - [2026-07-09T11:36:48.983+0000] {dag.py:2915} INFO - Sync 1 DAGs
[2026-07-09T11:36:49.029+0000] {logging_mixin.py:151} INFO - [2026-07-09T11:36:49.028+0000] {dag.py:3696} INFO - Setting next_dagrun for daily_crypto_lstm_pipeline to 2026-07-09T00:02:00+00:00, run_after=2026-07-10T00:02:00+00:00
[2026-07-09T11:36:49.074+0000] {processor.py:179} INFO - Processing /opt/airflow/dags/binance_daily_dag.py took 3.928 seconds
[2026-07-09T11:37:19.742+0000] {processor.py:157} INFO - Started process (PID=10980) to work on /opt/airflow/dags/binance_daily_dag.py
[2026-07-09T11:37:19.744+0000] {processor.py:829} INFO - Processing file /opt/airflow/dags/binance_daily_dag.py for tasks to queue
[2026-07-09T11:37:19.746+0000] {logging_mixin.py:151} INFO - [2026-07-09T11:37:19.745+0000] {dagbag.py:539} INFO - Filling up the DagBag from /opt/airflow/dags/binance_daily_dag.py
[2026-07-09T11:37:24.249+0000] {processor.py:839} INFO - DAG(s) dict_keys(['daily_crypto_lstm_pipeline']) retrieved from /opt/airflow/dags/binance_daily_dag.py
[2026-07-09T11:37:24.288+0000] {logging_mixin.py:151} INFO - [2026-07-09T11:37:24.286+0000] {dag.py:2915} INFO - Sync 1 DAGs
[2026-07-09T11:37:24.338+0000] {logging_mixin.py:151} INFO - [2026-07-09T11:37:24.337+0000] {dag.py:3696} INFO - Setting next_dagrun for daily_crypto_lstm_pipeline to 2026-07-09T00:02:00+00:00, run_after=2026-07-10T00:02:00+00:00
[2026-07-09T11:37:24.418+0000] {processor.py:179} INFO - Processing /opt/airflow/dags/binance_daily_dag.py took 4.683 seconds
[2026-07-09T11:37:55.439+0000] {processor.py:157} INFO - Started process (PID=11014) to work on /opt/airflow/dags/binance_daily_dag.py
[2026-07-09T11:37:55.441+0000] {processor.py:829} INFO - Processing file /opt/airflow/dags/binance_daily_dag.py for tasks to queue
[2026-07-09T11:37:55.442+0000] {logging_mixin.py:151} INFO - [2026-07-09T11:37:55.442+0000] {dagbag.py:539} INFO - Filling up the DagBag from /opt/airflow/dags/binance_daily_dag.py
[2026-07-09T11:38:00.226+0000] {processor.py:839} INFO - DAG(s) dict_keys(['daily_crypto_lstm_pipeline']) retrieved from /opt/airflow/dags/binance_daily_dag.py
[2026-07-09T11:38:00.275+0000] {logging_mixin.py:151} INFO - [2026-07-09T11:38:00.274+0000] {dag.py:2915} INFO - Sync 1 DAGs
[2026-07-09T11:38:00.315+0000] {logging_mixin.py:151} INFO - [2026-07-09T11:38:00.315+0000] {dag.py:3696} INFO - Setting next_dagrun for daily_crypto_lstm_pipeline to 2026-07-09T00:02:00+00:00, run_after=2026-07-10T00:02:00+00:00
[2026-07-09T11:38:00.396+0000] {processor.py:179} INFO - Processing /opt/airflow/dags/binance_daily_dag.py took 4.963 seconds
[2026-07-09T11:38:30.861+0000] {processor.py:157} INFO - Started process (PID=11052) to work on /opt/airflow/dags/binance_daily_dag.py
[2026-07-09T11:38:30.863+0000] {processor.py:829} INFO - Processing file /opt/airflow/dags/binance_daily_dag.py for tasks to queue
[2026-07-09T11:38:30.865+0000] {logging_mixin.py:151} INFO - [2026-07-09T11:38:30.865+0000] {dagbag.py:539} INFO - Filling up the DagBag from /opt/airflow/dags/binance_daily_dag.py
[2026-07-09T11:38:35.275+0000] {processor.py:839} INFO - DAG(s) dict_keys(['daily_crypto_lstm_pipeline']) retrieved from /opt/airflow/dags/binance_daily_dag.py
[2026-07-09T11:38:35.328+0000] {logging_mixin.py:151} INFO - [2026-07-09T11:38:35.327+0000] {dag.py:2915} INFO - Sync 1 DAGs
[2026-07-09T11:38:35.369+0000] {logging_mixin.py:151} INFO - [2026-07-09T11:38:35.368+0000] {dag.py:3696} INFO - Setting next_dagrun for daily_crypto_lstm_pipeline to 2026-07-09T00:02:00+00:00, run_after=2026-07-10T00:02:00+00:00
[2026-07-09T11:38:35.417+0000] {processor.py:179} INFO - Processing /opt/airflow/dags/binance_daily_dag.py took 4.566 seconds
[2026-07-09T11:39:06.370+0000] {processor.py:157} INFO - Started process (PID=11085) to work on /opt/airflow/dags/binance_daily_dag.py
[2026-07-09T11:39:06.373+0000] {processor.py:829} INFO - Processing file /opt/airflow/dags/binance_daily_dag.py for tasks to queue
[2026-07-09T11:39:06.375+0000] {logging_mixin.py:151} INFO - [2026-07-09T11:39:06.375+0000] {dagbag.py:539} INFO - Filling up the DagBag from /opt/airflow/dags/binance_daily_dag.py
[2026-07-09T11:39:10.714+0000] {processor.py:839} INFO - DAG(s) dict_keys(['daily_crypto_lstm_pipeline']) retrieved from /opt/airflow/dags/binance_daily_dag.py
[2026-07-09T11:39:10.761+0000] {logging_mixin.py:151} INFO - [2026-07-09T11:39:10.760+0000] {dag.py:2915} INFO - Sync 1 DAGs
[2026-07-09T11:39:10.809+0000] {logging_mixin.py:151} INFO - [2026-07-09T11:39:10.809+0000] {dag.py:3696} INFO - Setting next_dagrun for daily_crypto_lstm_pipeline to 2026-07-09T00:02:00+00:00, run_after=2026-07-10T00:02:00+00:00
[2026-07-09T11:39:10.862+0000] {processor.py:179} INFO - Processing /opt/airflow/dags/binance_daily_dag.py took 4.498 seconds
[2026-07-09T11:39:41.204+0000] {processor.py:157} INFO - Started process (PID=11118) to work on /opt/airflow/dags/binance_daily_dag.py
[2026-07-09T11:39:41.206+0000] {processor.py:829} INFO - Processing file /opt/airflow/dags/binance_daily_dag.py for tasks to queue
[2026-07-09T11:39:41.208+0000] {logging_mixin.py:151} INFO - [2026-07-09T11:39:41.208+0000] {dagbag.py:539} INFO - Filling up the DagBag from /opt/airflow/dags/binance_daily_dag.py
[2026-07-09T11:39:45.384+0000] {processor.py:839} INFO - DAG(s) dict_keys(['daily_crypto_lstm_pipeline']) retrieved from /opt/airflow/dags/binance_daily_dag.py
[2026-07-09T11:39:45.426+0000] {logging_mixin.py:151} INFO - [2026-07-09T11:39:45.425+0000] {dag.py:2915} INFO - Sync 1 DAGs
[2026-07-09T11:39:45.518+0000] {logging_mixin.py:151} INFO - [2026-07-09T11:39:45.518+0000] {dag.py:3696} INFO - Setting next_dagrun for daily_crypto_lstm_pipeline to 2026-07-09T00:02:00+00:00, run_after=2026-07-10T00:02:00+00:00
[2026-07-09T11:39:45.563+0000] {processor.py:179} INFO - Processing /opt/airflow/dags/binance_daily_dag.py took 4.365 seconds
[2026-07-09T11:40:16.327+0000] {processor.py:157} INFO - Started process (PID=11158) to work on /opt/airflow/dags/binance_daily_dag.py
[2026-07-09T11:40:16.330+0000] {processor.py:829} INFO - Processing file /opt/airflow/dags/binance_daily_dag.py for tasks to queue
[2026-07-09T11:40:16.332+0000] {logging_mixin.py:151} INFO - [2026-07-09T11:40:16.332+0000] {dagbag.py:539} INFO - Filling up the DagBag from /opt/airflow/dags/binance_daily_dag.py
[2026-07-09T11:40:20.447+0000] {processor.py:839} INFO - DAG(s) dict_keys(['daily_crypto_lstm_pipeline']) retrieved from /opt/airflow/dags/binance_daily_dag.py
[2026-07-09T11:40:20.486+0000] {logging_mixin.py:151} INFO - [2026-07-09T11:40:20.485+0000] {dag.py:2915} INFO - Sync 1 DAGs
[2026-07-09T11:40:20.523+0000] {logging_mixin.py:151} INFO - [2026-07-09T11:40:20.522+0000] {dag.py:3696} INFO - Setting next_dagrun for daily_crypto_lstm_pipeline to 2026-07-09T00:02:00+00:00, run_after=2026-07-10T00:02:00+00:00
[2026-07-09T11:40:20.597+0000] {processor.py:179} INFO - Processing /opt/airflow/dags/binance_daily_dag.py took 4.277 seconds
[2026-07-09T11:40:51.011+0000] {processor.py:157} INFO - Started process (PID=11191) to work on /opt/airflow/dags/binance_daily_dag.py
[2026-07-09T11:40:51.013+0000] {processor.py:829} INFO - Processing file /opt/airflow/dags/binance_daily_dag.py for tasks to queue
[2026-07-09T11:40:51.014+0000] {logging_mixin.py:151} INFO - [2026-07-09T11:40:51.014+0000] {dagbag.py:539} INFO - Filling up the DagBag from /opt/airflow/dags/binance_daily_dag.py
[2026-07-09T11:40:55.143+0000] {processor.py:839} INFO - DAG(s) dict_keys(['daily_crypto_lstm_pipeline']) retrieved from /opt/airflow/dags/binance_daily_dag.py
[2026-07-09T11:40:55.178+0000] {logging_mixin.py:151} INFO - [2026-07-09T11:40:55.177+0000] {dag.py:2915} INFO - Sync 1 DAGs
[2026-07-09T11:40:55.209+0000] {logging_mixin.py:151} INFO - [2026-07-09T11:40:55.209+0000] {dag.py:3696} INFO - Setting next_dagrun for daily_crypto_lstm_pipeline to 2026-07-09T00:02:00+00:00, run_after=2026-07-10T00:02:00+00:00
[2026-07-09T11:40:55.244+0000] {processor.py:179} INFO - Processing /opt/airflow/dags/binance_daily_dag.py took 4.238 seconds
[2026-07-09T11:41:25.554+0000] {processor.py:157} INFO - Started process (PID=11224) to work on /opt/airflow/dags/binance_daily_dag.py
[2026-07-09T11:41:25.556+0000] {processor.py:829} INFO - Processing file /opt/airflow/dags/binance_daily_dag.py for tasks to queue
[2026-07-09T11:41:25.560+0000] {logging_mixin.py:151} INFO - [2026-07-09T11:41:25.558+0000] {dagbag.py:539} INFO - Filling up the DagBag from /opt/airflow/dags/binance_daily_dag.py
[2026-07-09T11:41:30.626+0000] {processor.py:839} INFO - DAG(s) dict_keys(['daily_crypto_lstm_pipeline']) retrieved from /opt/airflow/dags/binance_daily_dag.py
[2026-07-09T11:41:30.672+0000] {logging_mixin.py:151} INFO - [2026-07-09T11:41:30.671+0000] {dag.py:2915} INFO - Sync 1 DAGs
[2026-07-09T11:41:30.711+0000] {logging_mixin.py:151} INFO - [2026-07-09T11:41:30.710+0000] {dag.py:3696} INFO - Setting next_dagrun for daily_crypto_lstm_pipeline to 2026-07-09T00:02:00+00:00, run_after=2026-07-10T00:02:00+00:00
[2026-07-09T11:41:30.758+0000] {processor.py:179} INFO - Processing /opt/airflow/dags/binance_daily_dag.py took 5.214 seconds
[2026-07-09T11:42:01.119+0000] {processor.py:157} INFO - Started process (PID=11257) to work on /opt/airflow/dags/binance_daily_dag.py
[2026-07-09T11:42:01.121+0000] {processor.py:829} INFO - Processing file /opt/airflow/dags/binance_daily_dag.py for tasks to queue
[2026-07-09T11:42:01.123+0000] {logging_mixin.py:151} INFO - [2026-07-09T11:42:01.122+0000] {dagbag.py:539} INFO - Filling up the DagBag from /opt/airflow/dags/binance_daily_dag.py
[2026-07-09T11:42:05.418+0000] {processor.py:839} INFO - DAG(s) dict_keys(['daily_crypto_lstm_pipeline']) retrieved from /opt/airflow/dags/binance_daily_dag.py
[2026-07-09T11:42:05.467+0000] {logging_mixin.py:151} INFO - [2026-07-09T11:42:05.465+0000] {dag.py:2915} INFO - Sync 1 DAGs
[2026-07-09T11:42:05.515+0000] {logging_mixin.py:151} INFO - [2026-07-09T11:42:05.514+0000] {dag.py:3696} INFO - Setting next_dagrun for daily_crypto_lstm_pipeline to 2026-07-09T00:02:00+00:00, run_after=2026-07-10T00:02:00+00:00
[2026-07-09T11:42:05.596+0000] {processor.py:179} INFO - Processing /opt/airflow/dags/binance_daily_dag.py took 4.484 seconds
[2026-07-09T11:42:35.910+0000] {processor.py:157} INFO - Started process (PID=11290) to work on /opt/airflow/dags/binance_daily_dag.py
[2026-07-09T11:42:35.913+0000] {processor.py:829} INFO - Processing file /opt/airflow/dags/binance_daily_dag.py for tasks to queue
[2026-07-09T11:42:35.915+0000] {logging_mixin.py:151} INFO - [2026-07-09T11:42:35.914+0000] {dagbag.py:539} INFO - Filling up the DagBag from /opt/airflow/dags/binance_daily_dag.py
[2026-07-09T11:42:40.550+0000] {processor.py:839} INFO - DAG(s) dict_keys(['daily_crypto_lstm_pipeline']) retrieved from /opt/airflow/dags/binance_daily_dag.py
[2026-07-09T11:42:40.590+0000] {logging_mixin.py:151} INFO - [2026-07-09T11:42:40.589+0000] {dag.py:2915} INFO - Sync 1 DAGs
[2026-07-09T11:42:40.632+0000] {logging_mixin.py:151} INFO - [2026-07-09T11:42:40.632+0000] {dag.py:3696} INFO - Setting next_dagrun for daily_crypto_lstm_pipeline to 2026-07-09T00:02:00+00:00, run_after=2026-07-10T00:02:00+00:00
[2026-07-09T11:42:40.715+0000] {processor.py:179} INFO - Processing /opt/airflow/dags/binance_daily_dag.py took 4.817 seconds
[2026-07-09T11:43:11.382+0000] {processor.py:157} INFO - Started process (PID=11328) to work on /opt/airflow/dags/binance_daily_dag.py
[2026-07-09T11:43:11.384+0000] {processor.py:829} INFO - Processing file /opt/airflow/dags/binance_daily_dag.py for tasks to queue
[2026-07-09T11:43:11.387+0000] {logging_mixin.py:151} INFO - [2026-07-09T11:43:11.386+0000] {dagbag.py:539} INFO - Filling up the DagBag from /opt/airflow/dags/binance_daily_dag.py
[2026-07-09T11:43:16.198+0000] {processor.py:839} INFO - DAG(s) dict_keys(['daily_crypto_lstm_pipeline']) retrieved from /opt/airflow/dags/binance_daily_dag.py
[2026-07-09T11:43:16.247+0000] {logging_mixin.py:151} INFO - [2026-07-09T11:43:16.246+0000] {dag.py:2915} INFO - Sync 1 DAGs
[2026-07-09T11:43:16.298+0000] {logging_mixin.py:151} INFO - [2026-07-09T11:43:16.298+0000] {dag.py:3696} INFO - Setting next_dagrun for daily_crypto_lstm_pipeline to 2026-07-09T00:02:00+00:00, run_after=2026-07-10T00:02:00+00:00
[2026-07-09T11:43:16.353+0000] {processor.py:179} INFO - Processing /opt/airflow/dags/binance_daily_dag.py took 4.978 seconds
[2026-07-09T11:43:46.987+0000] {processor.py:157} INFO - Started process (PID=11368) to work on /opt/airflow/dags/binance_daily_dag.py
[2026-07-09T11:43:46.989+0000] {processor.py:829} INFO - Processing file /opt/airflow/dags/binance_daily_dag.py for tasks to queue
[2026-07-09T11:43:46.990+0000] {logging_mixin.py:151} INFO - [2026-07-09T11:43:46.990+0000] {dagbag.py:539} INFO - Filling up the DagBag from /opt/airflow/dags/binance_daily_dag.py
[2026-07-09T11:43:51.033+0000] {processor.py:839} INFO - DAG(s) dict_keys(['daily_crypto_lstm_pipeline']) retrieved from /opt/airflow/dags/binance_daily_dag.py
[2026-07-09T11:43:51.072+0000] {logging_mixin.py:151} INFO - [2026-07-09T11:43:51.072+0000] {dag.py:2915} INFO - Sync 1 DAGs
[2026-07-09T11:43:51.105+0000] {logging_mixin.py:151} INFO - [2026-07-09T11:43:51.104+0000] {dag.py:3696} INFO - Setting next_dagrun for daily_crypto_lstm_pipeline to 2026-07-09T00:02:00+00:00, run_after=2026-07-10T00:02:00+00:00
[2026-07-09T11:43:51.175+0000] {processor.py:179} INFO - Processing /opt/airflow/dags/binance_daily_dag.py took 4.192 seconds
[2026-07-09T11:44:22.192+0000] {processor.py:157} INFO - Started process (PID=11401) to work on /opt/airflow/dags/binance_daily_dag.py
[2026-07-09T11:44:22.194+0000] {processor.py:829} INFO - Processing file /opt/airflow/dags/binance_daily_dag.py for tasks to queue
[2026-07-09T11:44:22.196+0000] {logging_mixin.py:151} INFO - [2026-07-09T11:44:22.195+0000] {dagbag.py:539} INFO - Filling up the DagBag from /opt/airflow/dags/binance_daily_dag.py
[2026-07-09T11:44:26.171+0000] {processor.py:839} INFO - DAG(s) dict_keys(['daily_crypto_lstm_pipeline']) retrieved from /opt/airflow/dags/binance_daily_dag.py
[2026-07-09T11:44:26.204+0000] {logging_mixin.py:151} INFO - [2026-07-09T11:44:26.203+0000] {dag.py:2915} INFO - Sync 1 DAGs
[2026-07-09T11:44:26.243+0000] {logging_mixin.py:151} INFO - [2026-07-09T11:44:26.243+0000] {dag.py:3696} INFO - Setting next_dagrun for daily_crypto_lstm_pipeline to 2026-07-09T00:02:00+00:00, run_after=2026-07-10T00:02:00+00:00
[2026-07-09T11:44:26.279+0000] {processor.py:179} INFO - Processing /opt/airflow/dags/binance_daily_dag.py took 4.093 seconds
[2026-07-09T11:44:56.864+0000] {processor.py:157} INFO - Started process (PID=11434) to work on /opt/airflow/dags/binance_daily_dag.py
[2026-07-09T11:44:56.866+0000] {processor.py:829} INFO - Processing file /opt/airflow/dags/binance_daily_dag.py for tasks to queue
[2026-07-09T11:44:56.867+0000] {logging_mixin.py:151} INFO - [2026-07-09T11:44:56.867+0000] {dagbag.py:539} INFO - Filling up the DagBag from /opt/airflow/dags/binance_daily_dag.py
[2026-07-09T11:45:01.184+0000] {processor.py:839} INFO - DAG(s) dict_keys(['daily_crypto_lstm_pipeline']) retrieved from /opt/airflow/dags/binance_daily_dag.py
[2026-07-09T11:45:01.227+0000] {logging_mixin.py:151} INFO - [2026-07-09T11:45:01.226+0000] {dag.py:2915} INFO - Sync 1 DAGs
[2026-07-09T11:45:01.269+0000] {logging_mixin.py:151} INFO - [2026-07-09T11:45:01.268+0000] {dag.py:3696} INFO - Setting next_dagrun for daily_crypto_lstm_pipeline to 2026-07-09T00:02:00+00:00, run_after=2026-07-10T00:02:00+00:00
[2026-07-09T11:45:01.341+0000] {processor.py:179} INFO - Processing /opt/airflow/dags/binance_daily_dag.py took 4.489 seconds
[2026-07-09T11:45:31.688+0000] {processor.py:157} INFO - Started process (PID=11468) to work on /opt/airflow/dags/binance_daily_dag.py
[2026-07-09T11:45:31.690+0000] {processor.py:829} INFO - Processing file /opt/airflow/dags/binance_daily_dag.py for tasks to queue
[2026-07-09T11:45:31.692+0000] {logging_mixin.py:151} INFO - [2026-07-09T11:45:31.691+0000] {dagbag.py:539} INFO - Filling up the DagBag from /opt/airflow/dags/binance_daily_dag.py
[2026-07-09T11:45:35.801+0000] {processor.py:839} INFO - DAG(s) dict_keys(['daily_crypto_lstm_pipeline']) retrieved from /opt/airflow/dags/binance_daily_dag.py
[2026-07-09T11:45:35.839+0000] {logging_mixin.py:151} INFO - [2026-07-09T11:45:35.838+0000] {dag.py:2915} INFO - Sync 1 DAGs
[2026-07-09T11:45:35.870+0000] {logging_mixin.py:151} INFO - [2026-07-09T11:45:35.870+0000] {dag.py:3696} INFO - Setting next_dagrun for daily_crypto_lstm_pipeline to 2026-07-09T00:02:00+00:00, run_after=2026-07-10T00:02:00+00:00
[2026-07-09T11:45:35.900+0000] {processor.py:179} INFO - Processing /opt/airflow/dags/binance_daily_dag.py took 4.217 seconds
[2026-07-09T11:46:06.243+0000] {processor.py:157} INFO - Started process (PID=11502) to work on /opt/airflow/dags/binance_daily_dag.py
[2026-07-09T11:46:06.246+0000] {processor.py:829} INFO - Processing file /opt/airflow/dags/binance_daily_dag.py for tasks to queue
[2026-07-09T11:46:06.248+0000] {logging_mixin.py:151} INFO - [2026-07-09T11:46:06.248+0000] {dagbag.py:539} INFO - Filling up the DagBag from /opt/airflow/dags/binance_daily_dag.py
[2026-07-09T11:46:10.417+0000] {processor.py:839} INFO - DAG(s) dict_keys(['daily_crypto_lstm_pipeline']) retrieved from /opt/airflow/dags/binance_daily_dag.py
[2026-07-09T11:46:10.463+0000] {logging_mixin.py:151} INFO - [2026-07-09T11:46:10.462+0000] {dag.py:2915} INFO - Sync 1 DAGs
[2026-07-09T11:46:10.505+0000] {logging_mixin.py:151} INFO - [2026-07-09T11:46:10.504+0000] {dag.py:3696} INFO - Setting next_dagrun for daily_crypto_lstm_pipeline to 2026-07-09T00:02:00+00:00, run_after=2026-07-10T00:02:00+00:00
[2026-07-09T11:46:10.543+0000] {processor.py:179} INFO - Processing /opt/airflow/dags/binance_daily_dag.py took 4.306 seconds
[2026-07-09T11:46:40.841+0000] {processor.py:157} INFO - Started process (PID=11535) to work on /opt/airflow/dags/binance_daily_dag.py
[2026-07-09T11:46:40.843+0000] {processor.py:829} INFO - Processing file /opt/airflow/dags/binance_daily_dag.py for tasks to queue
[2026-07-09T11:46:40.844+0000] {logging_mixin.py:151} INFO - [2026-07-09T11:46:40.844+0000] {dagbag.py:539} INFO - Filling up the DagBag from /opt/airflow/dags/binance_daily_dag.py
[2026-07-09T11:46:44.833+0000] {processor.py:839} INFO - DAG(s) dict_keys(['daily_crypto_lstm_pipeline']) retrieved from /opt/airflow/dags/binance_daily_dag.py
[2026-07-09T11:46:44.871+0000] {logging_mixin.py:151} INFO - [2026-07-09T11:46:44.870+0000] {dag.py:2915} INFO - Sync 1 DAGs
[2026-07-09T11:46:44.910+0000] {logging_mixin.py:151} INFO - [2026-07-09T11:46:44.910+0000] {dag.py:3696} INFO - Setting next_dagrun for daily_crypto_lstm_pipeline to 2026-07-09T00:02:00+00:00, run_after=2026-07-10T00:02:00+00:00
[2026-07-09T11:46:44.982+0000] {processor.py:179} INFO - Processing /opt/airflow/dags/binance_daily_dag.py took 4.149 seconds
[2026-07-09T11:47:15.544+0000] {processor.py:157} INFO - Started process (PID=11580) to work on /opt/airflow/dags/binance_daily_dag.py
[2026-07-09T11:47:15.546+0000] {processor.py:829} INFO - Processing file /opt/airflow/dags/binance_daily_dag.py for tasks to queue
[2026-07-09T11:47:15.548+0000] {logging_mixin.py:151} INFO - [2026-07-09T11:47:15.548+0000] {dagbag.py:539} INFO - Filling up the DagBag from /opt/airflow/dags/binance_daily_dag.py
[2026-07-09T11:47:20.140+0000] {processor.py:839} INFO - DAG(s) dict_keys(['daily_crypto_lstm_pipeline']) retrieved from /opt/airflow/dags/binance_daily_dag.py
[2026-07-09T11:47:20.181+0000] {logging_mixin.py:151} INFO - [2026-07-09T11:47:20.180+0000] {dag.py:2915} INFO - Sync 1 DAGs
[2026-07-09T11:47:20.223+0000] {logging_mixin.py:151} INFO - [2026-07-09T11:47:20.221+0000] {dag.py:3696} INFO - Setting next_dagrun for daily_crypto_lstm_pipeline to 2026-07-09T00:02:00+00:00, run_after=2026-07-10T00:02:00+00:00
[2026-07-09T11:47:20.263+0000] {processor.py:179} INFO - Processing /opt/airflow/dags/binance_daily_dag.py took 4.727 seconds
[2026-07-09T11:47:51.111+0000] {processor.py:157} INFO - Started process (PID=11613) to work on /opt/airflow/dags/binance_daily_dag.py
[2026-07-09T11:47:51.113+0000] {processor.py:829} INFO - Processing file /opt/airflow/dags/binance_daily_dag.py for tasks to queue
[2026-07-09T11:47:51.114+0000] {logging_mixin.py:151} INFO - [2026-07-09T11:47:51.114+0000] {dagbag.py:539} INFO - Filling up the DagBag from /opt/airflow/dags/binance_daily_dag.py
[2026-07-09T11:47:55.382+0000] {processor.py:839} INFO - DAG(s) dict_keys(['daily_crypto_lstm_pipeline']) retrieved from /opt/airflow/dags/binance_daily_dag.py
[2026-07-09T11:47:55.421+0000] {logging_mixin.py:151} INFO - [2026-07-09T11:47:55.420+0000] {dag.py:2915} INFO - Sync 1 DAGs
[2026-07-09T11:47:55.459+0000] {logging_mixin.py:151} INFO - [2026-07-09T11:47:55.459+0000] {dag.py:3696} INFO - Setting next_dagrun for daily_crypto_lstm_pipeline to 2026-07-09T00:02:00+00:00, run_after=2026-07-10T00:02:00+00:00
[2026-07-09T11:47:55.534+0000] {processor.py:179} INFO - Processing /opt/airflow/dags/binance_daily_dag.py took 4.428 seconds
[2026-07-09T11:48:26.581+0000] {processor.py:157} INFO - Started process (PID=11646) to work on /opt/airflow/dags/binance_daily_dag.py
[2026-07-09T11:48:26.584+0000] {processor.py:829} INFO - Processing file /opt/airflow/dags/binance_daily_dag.py for tasks to queue
[2026-07-09T11:48:26.587+0000] {logging_mixin.py:151} INFO - [2026-07-09T11:48:26.586+0000] {dagbag.py:539} INFO - Filling up the DagBag from /opt/airflow/dags/binance_daily_dag.py
[2026-07-09T11:48:30.768+0000] {processor.py:839} INFO - DAG(s) dict_keys(['daily_crypto_lstm_pipeline']) retrieved from /opt/airflow/dags/binance_daily_dag.py
[2026-07-09T11:48:30.799+0000] {logging_mixin.py:151} INFO - [2026-07-09T11:48:30.799+0000] {dag.py:2915} INFO - Sync 1 DAGs
[2026-07-09T11:48:30.838+0000] {logging_mixin.py:151} INFO - [2026-07-09T11:48:30.838+0000] {dag.py:3696} INFO - Setting next_dagrun for daily_crypto_lstm_pipeline to 2026-07-09T00:02:00+00:00, run_after=2026-07-10T00:02:00+00:00
[2026-07-09T11:48:30.906+0000] {processor.py:179} INFO - Processing /opt/airflow/dags/binance_daily_dag.py took 4.335 seconds
[2026-07-09T11:49:01.394+0000] {processor.py:157} INFO - Started process (PID=11679) to work on /opt/airflow/dags/binance_daily_dag.py
[2026-07-09T11:49:01.397+0000] {processor.py:829} INFO - Processing file /opt/airflow/dags/binance_daily_dag.py for tasks to queue
[2026-07-09T11:49:01.398+0000] {logging_mixin.py:151} INFO - [2026-07-09T11:49:01.398+0000] {dagbag.py:539} INFO - Filling up the DagBag from /opt/airflow/dags/binance_daily_dag.py
[2026-07-09T11:49:05.185+0000] {processor.py:839} INFO - DAG(s) dict_keys(['daily_crypto_lstm_pipeline']) retrieved from /opt/airflow/dags/binance_daily_dag.py
[2026-07-09T11:49:05.223+0000] {logging_mixin.py:151} INFO - [2026-07-09T11:49:05.222+0000] {dag.py:2915} INFO - Sync 1 DAGs
[2026-07-09T11:49:05.260+0000] {logging_mixin.py:151} INFO - [2026-07-09T11:49:05.259+0000] {dag.py:3696} INFO - Setting next_dagrun for daily_crypto_lstm_pipeline to 2026-07-09T00:02:00+00:00, run_after=2026-07-10T00:02:00+00:00
[2026-07-09T11:49:05.336+0000] {processor.py:179} INFO - Processing /opt/airflow/dags/binance_daily_dag.py took 3.948 seconds
[2026-07-09T11:49:35.900+0000] {processor.py:157} INFO - Started process (PID=11712) to work on /opt/airflow/dags/binance_daily_dag.py
[2026-07-09T11:49:35.902+0000] {processor.py:829} INFO - Processing file /opt/airflow/dags/binance_daily_dag.py for tasks to queue
[2026-07-09T11:49:35.905+0000] {logging_mixin.py:151} INFO - [2026-07-09T11:49:35.904+0000] {dagbag.py:539} INFO - Filling up the DagBag from /opt/airflow/dags/binance_daily_dag.py
[2026-07-09T11:49:40.227+0000] {processor.py:839} INFO - DAG(s) dict_keys(['daily_crypto_lstm_pipeline']) retrieved from /opt/airflow/dags/binance_daily_dag.py
[2026-07-09T11:49:40.271+0000] {logging_mixin.py:151} INFO - [2026-07-09T11:49:40.269+0000] {dag.py:2915} INFO - Sync 1 DAGs
[2026-07-09T11:49:40.314+0000] {logging_mixin.py:151} INFO - [2026-07-09T11:49:40.314+0000] {dag.py:3696} INFO - Setting next_dagrun for daily_crypto_lstm_pipeline to 2026-07-09T00:02:00+00:00, run_after=2026-07-10T00:02:00+00:00
[2026-07-09T11:49:40.396+0000] {processor.py:179} INFO - Processing /opt/airflow/dags/binance_daily_dag.py took 4.502 seconds
[2026-07-09T11:50:10.690+0000] {processor.py:157} INFO - Started process (PID=11745) to work on /opt/airflow/dags/binance_daily_dag.py
[2026-07-09T11:50:10.693+0000] {processor.py:829} INFO - Processing file /opt/airflow/dags/binance_daily_dag.py for tasks to queue
[2026-07-09T11:50:10.695+0000] {logging_mixin.py:151} INFO - [2026-07-09T11:50:10.694+0000] {dagbag.py:539} INFO - Filling up the DagBag from /opt/airflow/dags/binance_daily_dag.py
[2026-07-09T11:50:15.036+0000] {processor.py:839} INFO - DAG(s) dict_keys(['daily_crypto_lstm_pipeline']) retrieved from /opt/airflow/dags/binance_daily_dag.py
[2026-07-09T11:50:15.073+0000] {logging_mixin.py:151} INFO - [2026-07-09T11:50:15.072+0000] {dag.py:2915} INFO - Sync 1 DAGs
[2026-07-09T11:50:15.120+0000] {logging_mixin.py:151} INFO - [2026-07-09T11:50:15.119+0000] {dag.py:3696} INFO - Setting next_dagrun for daily_crypto_lstm_pipeline to 2026-07-09T00:02:00+00:00, run_after=2026-07-10T00:02:00+00:00
[2026-07-09T11:50:15.195+0000] {processor.py:179} INFO - Processing /opt/airflow/dags/binance_daily_dag.py took 4.513 seconds
[2026-07-09T11:50:45.761+0000] {processor.py:157} INFO - Started process (PID=11778) to work on /opt/airflow/dags/binance_daily_dag.py
[2026-07-09T11:50:45.763+0000] {processor.py:829} INFO - Processing file /opt/airflow/dags/binance_daily_dag.py for tasks to queue
[2026-07-09T11:50:45.764+0000] {logging_mixin.py:151} INFO - [2026-07-09T11:50:45.764+0000] {dagbag.py:539} INFO - Filling up the DagBag from /opt/airflow/dags/binance_daily_dag.py
[2026-07-09T11:50:50.152+0000] {processor.py:839} INFO - DAG(s) dict_keys(['daily_crypto_lstm_pipeline']) retrieved from /opt/airflow/dags/binance_daily_dag.py
[2026-07-09T11:50:50.203+0000] {logging_mixin.py:151} INFO - [2026-07-09T11:50:50.202+0000] {dag.py:2915} INFO - Sync 1 DAGs
[2026-07-09T11:50:50.246+0000] {logging_mixin.py:151} INFO - [2026-07-09T11:50:50.245+0000] {dag.py:3696} INFO - Setting next_dagrun for daily_crypto_lstm_pipeline to 2026-07-09T00:02:00+00:00, run_after=2026-07-10T00:02:00+00:00
[2026-07-09T11:50:50.323+0000] {processor.py:179} INFO - Processing /opt/airflow/dags/binance_daily_dag.py took 4.567 seconds
[2026-07-09T11:51:21.319+0000] {processor.py:157} INFO - Started process (PID=11823) to work on /opt/airflow/dags/binance_daily_dag.py
[2026-07-09T11:51:21.323+0000] {processor.py:829} INFO - Processing file /opt/airflow/dags/binance_daily_dag.py for tasks to queue
[2026-07-09T11:51:21.325+0000] {logging_mixin.py:151} INFO - [2026-07-09T11:51:21.324+0000] {dagbag.py:539} INFO - Filling up the DagBag from /opt/airflow/dags/binance_daily_dag.py
[2026-07-09T11:51:25.338+0000] {processor.py:839} INFO - DAG(s) dict_keys(['daily_crypto_lstm_pipeline']) retrieved from /opt/airflow/dags/binance_daily_dag.py
[2026-07-09T11:51:25.372+0000] {logging_mixin.py:151} INFO - [2026-07-09T11:51:25.371+0000] {dag.py:2915} INFO - Sync 1 DAGs
[2026-07-09T11:51:25.405+0000] {logging_mixin.py:151} INFO - [2026-07-09T11:51:25.405+0000] {dag.py:3696} INFO - Setting next_dagrun for daily_crypto_lstm_pipeline to 2026-07-09T00:02:00+00:00, run_after=2026-07-10T00:02:00+00:00
[2026-07-09T11:51:25.488+0000] {processor.py:179} INFO - Processing /opt/airflow/dags/binance_daily_dag.py took 4.175 seconds
[2026-07-09T11:51:55.707+0000] {processor.py:157} INFO - Started process (PID=11856) to work on /opt/airflow/dags/binance_daily_dag.py
[2026-07-09T11:51:55.710+0000] {processor.py:829} INFO - Processing file /opt/airflow/dags/binance_daily_dag.py for tasks to queue
[2026-07-09T11:51:55.712+0000] {logging_mixin.py:151} INFO - [2026-07-09T11:51:55.711+0000] {dagbag.py:539} INFO - Filling up the DagBag from /opt/airflow/dags/binance_daily_dag.py
[2026-07-09T11:52:00.201+0000] {processor.py:839} INFO - DAG(s) dict_keys(['daily_crypto_lstm_pipeline']) retrieved from /opt/airflow/dags/binance_daily_dag.py
[2026-07-09T11:52:00.237+0000] {logging_mixin.py:151} INFO - [2026-07-09T11:52:00.236+0000] {dag.py:2915} INFO - Sync 1 DAGs
[2026-07-09T11:52:00.275+0000] {logging_mixin.py:151} INFO - [2026-07-09T11:52:00.274+0000] {dag.py:3696} INFO - Setting next_dagrun for daily_crypto_lstm_pipeline to 2026-07-09T00:02:00+00:00, run_after=2026-07-10T00:02:00+00:00
[2026-07-09T11:52:00.350+0000] {processor.py:179} INFO - Processing /opt/airflow/dags/binance_daily_dag.py took 4.653 seconds
[2026-07-09T11:52:30.935+0000] {processor.py:157} INFO - Started process (PID=11889) to work on /opt/airflow/dags/binance_daily_dag.py
[2026-07-09T11:52:30.937+0000] {processor.py:829} INFO - Processing file /opt/airflow/dags/binance_daily_dag.py for tasks to queue
[2026-07-09T11:52:30.939+0000] {logging_mixin.py:151} INFO - [2026-07-09T11:52:30.938+0000] {dagbag.py:539} INFO - Filling up the DagBag from /opt/airflow/dags/binance_daily_dag.py
[2026-07-09T11:52:34.640+0000] {processor.py:839} INFO - DAG(s) dict_keys(['daily_crypto_lstm_pipeline']) retrieved from /opt/airflow/dags/binance_daily_dag.py
[2026-07-09T11:52:34.675+0000] {logging_mixin.py:151} INFO - [2026-07-09T11:52:34.674+0000] {dag.py:2915} INFO - Sync 1 DAGs
[2026-07-09T11:52:34.702+0000] {logging_mixin.py:151} INFO - [2026-07-09T11:52:34.701+0000] {dag.py:3696} INFO - Setting next_dagrun for daily_crypto_lstm_pipeline to 2026-07-09T00:02:00+00:00, run_after=2026-07-10T00:02:00+00:00
[2026-07-09T11:52:34.776+0000] {processor.py:179} INFO - Processing /opt/airflow/dags/binance_daily_dag.py took 3.846 seconds
[2026-07-09T11:53:05.211+0000] {processor.py:157} INFO - Started process (PID=11922) to work on /opt/airflow/dags/binance_daily_dag.py
[2026-07-09T11:53:05.213+0000] {processor.py:829} INFO - Processing file /opt/airflow/dags/binance_daily_dag.py for tasks to queue
[2026-07-09T11:53:05.215+0000] {logging_mixin.py:151} INFO - [2026-07-09T11:53:05.215+0000] {dagbag.py:539} INFO - Filling up the DagBag from /opt/airflow/dags/binance_daily_dag.py
[2026-07-09T11:53:09.877+0000] {processor.py:839} INFO - DAG(s) dict_keys(['daily_crypto_lstm_pipeline']) retrieved from /opt/airflow/dags/binance_daily_dag.py
[2026-07-09T11:53:09.938+0000] {logging_mixin.py:151} INFO - [2026-07-09T11:53:09.937+0000] {dag.py:2915} INFO - Sync 1 DAGs
[2026-07-09T11:53:09.985+0000] {logging_mixin.py:151} INFO - [2026-07-09T11:53:09.984+0000] {dag.py:3696} INFO - Setting next_dagrun for daily_crypto_lstm_pipeline to 2026-07-09T00:02:00+00:00, run_after=2026-07-10T00:02:00+00:00
[2026-07-09T11:53:10.040+0000] {processor.py:179} INFO - Processing /opt/airflow/dags/binance_daily_dag.py took 4.836 seconds
[2026-07-09T11:53:40.477+0000] {processor.py:157} INFO - Started process (PID=11955) to work on /opt/airflow/dags/binance_daily_dag.py
[2026-07-09T11:53:40.478+0000] {processor.py:829} INFO - Processing file /opt/airflow/dags/binance_daily_dag.py for tasks to queue
[2026-07-09T11:53:40.480+0000] {logging_mixin.py:151} INFO - [2026-07-09T11:53:40.479+0000] {dagbag.py:539} INFO - Filling up the DagBag from /opt/airflow/dags/binance_daily_dag.py
[2026-07-09T11:53:44.946+0000] {processor.py:839} INFO - DAG(s) dict_keys(['daily_crypto_lstm_pipeline']) retrieved from /opt/airflow/dags/binance_daily_dag.py
[2026-07-09T11:53:44.990+0000] {logging_mixin.py:151} INFO - [2026-07-09T11:53:44.989+0000] {dag.py:2915} INFO - Sync 1 DAGs
[2026-07-09T11:53:45.032+0000] {logging_mixin.py:151} INFO - [2026-07-09T11:53:45.032+0000] {dag.py:3696} INFO - Setting next_dagrun for daily_crypto_lstm_pipeline to 2026-07-09T00:02:00+00:00, run_after=2026-07-10T00:02:00+00:00
[2026-07-09T11:53:45.073+0000] {processor.py:179} INFO - Processing /opt/airflow/dags/binance_daily_dag.py took 4.603 seconds
[2026-07-09T11:54:15.411+0000] {processor.py:157} INFO - Started process (PID=11988) to work on /opt/airflow/dags/binance_daily_dag.py
[2026-07-09T11:54:15.413+0000] {processor.py:829} INFO - Processing file /opt/airflow/dags/binance_daily_dag.py for tasks to queue
[2026-07-09T11:54:15.415+0000] {logging_mixin.py:151} INFO - [2026-07-09T11:54:15.414+0000] {dagbag.py:539} INFO - Filling up the DagBag from /opt/airflow/dags/binance_daily_dag.py
[2026-07-09T11:54:19.968+0000] {processor.py:839} INFO - DAG(s) dict_keys(['daily_crypto_lstm_pipeline']) retrieved from /opt/airflow/dags/binance_daily_dag.py
[2026-07-09T11:54:20.010+0000] {logging_mixin.py:151} INFO - [2026-07-09T11:54:20.009+0000] {dag.py:2915} INFO - Sync 1 DAGs
[2026-07-09T11:54:20.054+0000] {logging_mixin.py:151} INFO - [2026-07-09T11:54:20.054+0000] {dag.py:3696} INFO - Setting next_dagrun for daily_crypto_lstm_pipeline to 2026-07-09T00:02:00+00:00, run_after=2026-07-10T00:02:00+00:00
[2026-07-09T11:54:20.094+0000] {processor.py:179} INFO - Processing /opt/airflow/dags/binance_daily_dag.py took 4.691 seconds
[2026-07-09T11:54:50.756+0000] {processor.py:157} INFO - Started process (PID=12027) to work on /opt/airflow/dags/binance_daily_dag.py
[2026-07-09T11:54:50.760+0000] {processor.py:829} INFO - Processing file /opt/airflow/dags/binance_daily_dag.py for tasks to queue
[2026-07-09T11:54:50.762+0000] {logging_mixin.py:151} INFO - [2026-07-09T11:54:50.762+0000] {dagbag.py:539} INFO - Filling up the DagBag from /opt/airflow/dags/binance_daily_dag.py
[2026-07-09T11:54:54.625+0000] {processor.py:839} INFO - DAG(s) dict_keys(['daily_crypto_lstm_pipeline']) retrieved from /opt/airflow/dags/binance_daily_dag.py
[2026-07-09T11:54:54.664+0000] {logging_mixin.py:151} INFO - [2026-07-09T11:54:54.663+0000] {dag.py:2915} INFO - Sync 1 DAGs
[2026-07-09T11:54:54.703+0000] {logging_mixin.py:151} INFO - [2026-07-09T11:54:54.703+0000] {dag.py:3696} INFO - Setting next_dagrun for daily_crypto_lstm_pipeline to 2026-07-09T00:02:00+00:00, run_after=2026-07-10T00:02:00+00:00
[2026-07-09T11:54:54.742+0000] {processor.py:179} INFO - Processing /opt/airflow/dags/binance_daily_dag.py took 3.993 seconds
[2026-07-09T11:55:25.251+0000] {processor.py:157} INFO - Started process (PID=12065) to work on /opt/airflow/dags/binance_daily_dag.py
[2026-07-09T11:55:25.254+0000] {processor.py:829} INFO - Processing file /opt/airflow/dags/binance_daily_dag.py for tasks to queue
[2026-07-09T11:55:25.258+0000] {logging_mixin.py:151} INFO - [2026-07-09T11:55:25.257+0000] {dagbag.py:539} INFO - Filling up the DagBag from /opt/airflow/dags/binance_daily_dag.py
[2026-07-09T11:55:30.035+0000] {processor.py:839} INFO - DAG(s) dict_keys(['daily_crypto_lstm_pipeline']) retrieved from /opt/airflow/dags/binance_daily_dag.py
[2026-07-09T11:55:30.074+0000] {logging_mixin.py:151} INFO - [2026-07-09T11:55:30.074+0000] {dag.py:2915} INFO - Sync 1 DAGs
[2026-07-09T11:55:30.116+0000] {logging_mixin.py:151} INFO - [2026-07-09T11:55:30.116+0000] {dag.py:3696} INFO - Setting next_dagrun for daily_crypto_lstm_pipeline to 2026-07-09T00:02:00+00:00, run_after=2026-07-10T00:02:00+00:00
[2026-07-09T11:55:30.195+0000] {processor.py:179} INFO - Processing /opt/airflow/dags/binance_daily_dag.py took 4.955 seconds
[2026-07-09T11:56:00.619+0000] {processor.py:157} INFO - Started process (PID=12098) to work on /opt/airflow/dags/binance_daily_dag.py
[2026-07-09T11:56:00.622+0000] {processor.py:829} INFO - Processing file /opt/airflow/dags/binance_daily_dag.py for tasks to queue
[2026-07-09T11:56:00.623+0000] {logging_mixin.py:151} INFO - [2026-07-09T11:56:00.623+0000] {dagbag.py:539} INFO - Filling up the DagBag from /opt/airflow/dags/binance_daily_dag.py
[2026-07-09T11:56:05.512+0000] {processor.py:839} INFO - DAG(s) dict_keys(['daily_crypto_lstm_pipeline']) retrieved from /opt/airflow/dags/binance_daily_dag.py
[2026-07-09T11:56:05.609+0000] {logging_mixin.py:151} INFO - [2026-07-09T11:56:05.608+0000] {dag.py:2915} INFO - Sync 1 DAGs
[2026-07-09T11:56:05.660+0000] {logging_mixin.py:151} INFO - [2026-07-09T11:56:05.659+0000] {dag.py:3696} INFO - Setting next_dagrun for daily_crypto_lstm_pipeline to 2026-07-09T00:02:00+00:00, run_after=2026-07-10T00:02:00+00:00
[2026-07-09T11:56:05.705+0000] {processor.py:179} INFO - Processing /opt/airflow/dags/binance_daily_dag.py took 5.094 seconds
[2026-07-09T11:56:36.240+0000] {processor.py:157} INFO - Started process (PID=12131) to work on /opt/airflow/dags/binance_daily_dag.py
[2026-07-09T11:56:36.243+0000] {processor.py:829} INFO - Processing file /opt/airflow/dags/binance_daily_dag.py for tasks to queue
[2026-07-09T11:56:36.244+0000] {logging_mixin.py:151} INFO - [2026-07-09T11:56:36.244+0000] {dagbag.py:539} INFO - Filling up the DagBag from /opt/airflow/dags/binance_daily_dag.py
[2026-07-09T11:56:40.271+0000] {processor.py:839} INFO - DAG(s) dict_keys(['daily_crypto_lstm_pipeline']) retrieved from /opt/airflow/dags/binance_daily_dag.py
[2026-07-09T11:56:40.308+0000] {logging_mixin.py:151} INFO - [2026-07-09T11:56:40.307+0000] {dag.py:2915} INFO - Sync 1 DAGs
[2026-07-09T11:56:40.344+0000] {logging_mixin.py:151} INFO - [2026-07-09T11:56:40.344+0000] {dag.py:3696} INFO - Setting next_dagrun for daily_crypto_lstm_pipeline to 2026-07-09T00:02:00+00:00, run_after=2026-07-10T00:02:00+00:00
[2026-07-09T11:56:40.420+0000] {processor.py:179} INFO - Processing /opt/airflow/dags/binance_daily_dag.py took 4.186 seconds
[2026-07-09T11:57:11.027+0000] {processor.py:157} INFO - Started process (PID=12164) to work on /opt/airflow/dags/binance_daily_dag.py
[2026-07-09T11:57:11.030+0000] {processor.py:829} INFO - Processing file /opt/airflow/dags/binance_daily_dag.py for tasks to queue
[2026-07-09T11:57:11.033+0000] {logging_mixin.py:151} INFO - [2026-07-09T11:57:11.031+0000] {dagbag.py:539} INFO - Filling up the DagBag from /opt/airflow/dags/binance_daily_dag.py
[2026-07-09T11:57:15.682+0000] {processor.py:839} INFO - DAG(s) dict_keys(['daily_crypto_lstm_pipeline']) retrieved from /opt/airflow/dags/binance_daily_dag.py
[2026-07-09T11:57:15.728+0000] {logging_mixin.py:151} INFO - [2026-07-09T11:57:15.726+0000] {dag.py:2915} INFO - Sync 1 DAGs
[2026-07-09T11:57:15.777+0000] {logging_mixin.py:151} INFO - [2026-07-09T11:57:15.776+0000] {dag.py:3696} INFO - Setting next_dagrun for daily_crypto_lstm_pipeline to 2026-07-09T00:02:00+00:00, run_after=2026-07-10T00:02:00+00:00
[2026-07-09T11:57:15.817+0000] {processor.py:179} INFO - Processing /opt/airflow/dags/binance_daily_dag.py took 4.796 seconds
[2026-07-09T11:57:46.194+0000] {processor.py:157} INFO - Started process (PID=12197) to work on /opt/airflow/dags/binance_daily_dag.py
[2026-07-09T11:57:46.196+0000] {processor.py:829} INFO - Processing file /opt/airflow/dags/binance_daily_dag.py for tasks to queue
[2026-07-09T11:57:46.198+0000] {logging_mixin.py:151} INFO - [2026-07-09T11:57:46.197+0000] {dagbag.py:539} INFO - Filling up the DagBag from /opt/airflow/dags/binance_daily_dag.py
[2026-07-09T11:57:50.814+0000] {processor.py:839} INFO - DAG(s) dict_keys(['daily_crypto_lstm_pipeline']) retrieved from /opt/airflow/dags/binance_daily_dag.py
[2026-07-09T11:57:50.891+0000] {logging_mixin.py:151} INFO - [2026-07-09T11:57:50.890+0000] {dag.py:2915} INFO - Sync 1 DAGs
[2026-07-09T11:57:50.932+0000] {logging_mixin.py:151} INFO - [2026-07-09T11:57:50.931+0000] {dag.py:3696} INFO - Setting next_dagrun for daily_crypto_lstm_pipeline to 2026-07-09T00:02:00+00:00, run_after=2026-07-10T00:02:00+00:00
[2026-07-09T11:57:50.970+0000] {processor.py:179} INFO - Processing /opt/airflow/dags/binance_daily_dag.py took 4.781 seconds
[2026-07-09T11:58:21.367+0000] {processor.py:157} INFO - Started process (PID=12237) to work on /opt/airflow/dags/binance_daily_dag.py
[2026-07-09T11:58:21.371+0000] {processor.py:829} INFO - Processing file /opt/airflow/dags/binance_daily_dag.py for tasks to queue
[2026-07-09T11:58:21.373+0000] {logging_mixin.py:151} INFO - [2026-07-09T11:58:21.372+0000] {dagbag.py:539} INFO - Filling up the DagBag from /opt/airflow/dags/binance_daily_dag.py
[2026-07-09T11:58:25.299+0000] {processor.py:839} INFO - DAG(s) dict_keys(['daily_crypto_lstm_pipeline']) retrieved from /opt/airflow/dags/binance_daily_dag.py
[2026-07-09T11:58:25.341+0000] {logging_mixin.py:151} INFO - [2026-07-09T11:58:25.340+0000] {dag.py:2915} INFO - Sync 1 DAGs
[2026-07-09T11:58:25.382+0000] {logging_mixin.py:151} INFO - [2026-07-09T11:58:25.381+0000] {dag.py:3696} INFO - Setting next_dagrun for daily_crypto_lstm_pipeline to 2026-07-09T00:02:00+00:00, run_after=2026-07-10T00:02:00+00:00
[2026-07-09T11:58:25.461+0000] {processor.py:179} INFO - Processing /opt/airflow/dags/binance_daily_dag.py took 4.101 seconds
[2026-07-09T11:58:56.077+0000] {processor.py:157} INFO - Started process (PID=12275) to work on /opt/airflow/dags/binance_daily_dag.py
[2026-07-09T11:58:56.080+0000] {processor.py:829} INFO - Processing file /opt/airflow/dags/binance_daily_dag.py for tasks to queue
[2026-07-09T11:58:56.083+0000] {logging_mixin.py:151} INFO - [2026-07-09T11:58:56.082+0000] {dagbag.py:539} INFO - Filling up the DagBag from /opt/airflow/dags/binance_daily_dag.py
[2026-07-09T11:59:00.396+0000] {processor.py:839} INFO - DAG(s) dict_keys(['daily_crypto_lstm_pipeline']) retrieved from /opt/airflow/dags/binance_daily_dag.py
[2026-07-09T11:59:00.439+0000] {logging_mixin.py:151} INFO - [2026-07-09T11:59:00.438+0000] {dag.py:2915} INFO - Sync 1 DAGs
[2026-07-09T11:59:00.495+0000] {logging_mixin.py:151} INFO - [2026-07-09T11:59:00.494+0000] {dag.py:3696} INFO - Setting next_dagrun for daily_crypto_lstm_pipeline to 2026-07-09T00:02:00+00:00, run_after=2026-07-10T00:02:00+00:00
[2026-07-09T11:59:00.579+0000] {processor.py:179} INFO - Processing /opt/airflow/dags/binance_daily_dag.py took 4.511 seconds
[2026-07-09T11:59:31.599+0000] {processor.py:157} INFO - Started process (PID=12308) to work on /opt/airflow/dags/binance_daily_dag.py
[2026-07-09T11:59:31.601+0000] {processor.py:829} INFO - Processing file /opt/airflow/dags/binance_daily_dag.py for tasks to queue
[2026-07-09T11:59:31.603+0000] {logging_mixin.py:151} INFO - [2026-07-09T11:59:31.602+0000] {dagbag.py:539} INFO - Filling up the DagBag from /opt/airflow/dags/binance_daily_dag.py
[2026-07-09T11:59:35.562+0000] {processor.py:839} INFO - DAG(s) dict_keys(['daily_crypto_lstm_pipeline']) retrieved from /opt/airflow/dags/binance_daily_dag.py
[2026-07-09T11:59:35.600+0000] {logging_mixin.py:151} INFO - [2026-07-09T11:59:35.599+0000] {dag.py:2915} INFO - Sync 1 DAGs
[2026-07-09T11:59:35.636+0000] {logging_mixin.py:151} INFO - [2026-07-09T11:59:35.636+0000] {dag.py:3696} INFO - Setting next_dagrun for daily_crypto_lstm_pipeline to 2026-07-09T00:02:00+00:00, run_after=2026-07-10T00:02:00+00:00
[2026-07-09T11:59:35.718+0000] {processor.py:179} INFO - Processing /opt/airflow/dags/binance_daily_dag.py took 4.126 seconds
[2026-07-09T12:00:06.346+0000] {processor.py:157} INFO - Started process (PID=12341) to work on /opt/airflow/dags/binance_daily_dag.py
[2026-07-09T12:00:06.348+0000] {processor.py:829} INFO - Processing file /opt/airflow/dags/binance_daily_dag.py for tasks to queue
[2026-07-09T12:00:06.351+0000] {logging_mixin.py:151} INFO - [2026-07-09T12:00:06.350+0000] {dagbag.py:539} INFO - Filling up the DagBag from /opt/airflow/dags/binance_daily_dag.py
[2026-07-09T12:00:10.667+0000] {processor.py:839} INFO - DAG(s) dict_keys(['daily_crypto_lstm_pipeline']) retrieved from /opt/airflow/dags/binance_daily_dag.py
[2026-07-09T12:00:10.703+0000] {logging_mixin.py:151} INFO - [2026-07-09T12:00:10.702+0000] {dag.py:2915} INFO - Sync 1 DAGs
[2026-07-09T12:00:10.732+0000] {logging_mixin.py:151} INFO - [2026-07-09T12:00:10.732+0000] {dag.py:3696} INFO - Setting next_dagrun for daily_crypto_lstm_pipeline to 2026-07-09T00:02:00+00:00, run_after=2026-07-10T00:02:00+00:00
[2026-07-09T12:00:10.762+0000] {processor.py:179} INFO - Processing /opt/airflow/dags/binance_daily_dag.py took 4.421 seconds
[2026-07-09T12:00:41.467+0000] {processor.py:157} INFO - Started process (PID=12374) to work on /opt/airflow/dags/binance_daily_dag.py
[2026-07-09T12:00:41.471+0000] {processor.py:829} INFO - Processing file /opt/airflow/dags/binance_daily_dag.py for tasks to queue
[2026-07-09T12:00:41.474+0000] {logging_mixin.py:151} INFO - [2026-07-09T12:00:41.472+0000] {dagbag.py:539} INFO - Filling up the DagBag from /opt/airflow/dags/binance_daily_dag.py
[2026-07-09T12:00:45.409+0000] {processor.py:839} INFO - DAG(s) dict_keys(['daily_crypto_lstm_pipeline']) retrieved from /opt/airflow/dags/binance_daily_dag.py
[2026-07-09T12:00:45.447+0000] {logging_mixin.py:151} INFO - [2026-07-09T12:00:45.446+0000] {dag.py:2915} INFO - Sync 1 DAGs
[2026-07-09T12:00:45.482+0000] {logging_mixin.py:151} INFO - [2026-07-09T12:00:45.481+0000] {dag.py:3696} INFO - Setting next_dagrun for daily_crypto_lstm_pipeline to 2026-07-09T00:02:00+00:00, run_after=2026-07-10T00:02:00+00:00
[2026-07-09T12:00:45.516+0000] {processor.py:179} INFO - Processing /opt/airflow/dags/binance_daily_dag.py took 4.057 seconds
[2026-07-09T12:01:16.006+0000] {processor.py:157} INFO - Started process (PID=12407) to work on /opt/airflow/dags/binance_daily_dag.py
[2026-07-09T12:01:16.008+0000] {processor.py:829} INFO - Processing file /opt/airflow/dags/binance_daily_dag.py for tasks to queue
[2026-07-09T12:01:16.010+0000] {logging_mixin.py:151} INFO - [2026-07-09T12:01:16.009+0000] {dagbag.py:539} INFO - Filling up the DagBag from /opt/airflow/dags/binance_daily_dag.py
[2026-07-09T12:01:20.322+0000] {processor.py:839} INFO - DAG(s) dict_keys(['daily_crypto_lstm_pipeline']) retrieved from /opt/airflow/dags/binance_daily_dag.py
[2026-07-09T12:01:20.362+0000] {logging_mixin.py:151} INFO - [2026-07-09T12:01:20.361+0000] {dag.py:2915} INFO - Sync 1 DAGs
[2026-07-09T12:01:20.392+0000] {logging_mixin.py:151} INFO - [2026-07-09T12:01:20.392+0000] {dag.py:3696} INFO - Setting next_dagrun for daily_crypto_lstm_pipeline to 2026-07-09T00:02:00+00:00, run_after=2026-07-10T00:02:00+00:00
[2026-07-09T12:01:20.465+0000] {processor.py:179} INFO - Processing /opt/airflow/dags/binance_daily_dag.py took 4.466 seconds
[2026-07-09T12:01:50.834+0000] {processor.py:157} INFO - Started process (PID=12447) to work on /opt/airflow/dags/binance_daily_dag.py
[2026-07-09T12:01:50.837+0000] {processor.py:829} INFO - Processing file /opt/airflow/dags/binance_daily_dag.py for tasks to queue
[2026-07-09T12:01:50.839+0000] {logging_mixin.py:151} INFO - [2026-07-09T12:01:50.838+0000] {dagbag.py:539} INFO - Filling up the DagBag from /opt/airflow/dags/binance_daily_dag.py
[2026-07-09T12:01:54.966+0000] {processor.py:839} INFO - DAG(s) dict_keys(['daily_crypto_lstm_pipeline']) retrieved from /opt/airflow/dags/binance_daily_dag.py
[2026-07-09T12:01:55.006+0000] {logging_mixin.py:151} INFO - [2026-07-09T12:01:55.005+0000] {dag.py:2915} INFO - Sync 1 DAGs
[2026-07-09T12:01:55.041+0000] {logging_mixin.py:151} INFO - [2026-07-09T12:01:55.041+0000] {dag.py:3696} INFO - Setting next_dagrun for daily_crypto_lstm_pipeline to 2026-07-09T00:02:00+00:00, run_after=2026-07-10T00:02:00+00:00
[2026-07-09T12:01:55.075+0000] {processor.py:179} INFO - Processing /opt/airflow/dags/binance_daily_dag.py took 4.247 seconds
[2026-07-09T12:02:25.684+0000] {processor.py:157} INFO - Started process (PID=12480) to work on /opt/airflow/dags/binance_daily_dag.py
[2026-07-09T12:02:25.686+0000] {processor.py:829} INFO - Processing file /opt/airflow/dags/binance_daily_dag.py for tasks to queue
[2026-07-09T12:02:25.688+0000] {logging_mixin.py:151} INFO - [2026-07-09T12:02:25.688+0000] {dagbag.py:539} INFO - Filling up the DagBag from /opt/airflow/dags/binance_daily_dag.py
[2026-07-09T12:02:29.699+0000] {processor.py:839} INFO - DAG(s) dict_keys(['daily_crypto_lstm_pipeline']) retrieved from /opt/airflow/dags/binance_daily_dag.py
[2026-07-09T12:02:29.738+0000] {logging_mixin.py:151} INFO - [2026-07-09T12:02:29.737+0000] {dag.py:2915} INFO - Sync 1 DAGs
[2026-07-09T12:02:29.786+0000] {logging_mixin.py:151} INFO - [2026-07-09T12:02:29.786+0000] {dag.py:3696} INFO - Setting next_dagrun for daily_crypto_lstm_pipeline to 2026-07-09T00:02:00+00:00, run_after=2026-07-10T00:02:00+00:00
[2026-07-09T12:02:29.833+0000] {processor.py:179} INFO - Processing /opt/airflow/dags/binance_daily_dag.py took 4.157 seconds
[2026-07-09T12:03:00.344+0000] {processor.py:157} INFO - Started process (PID=12513) to work on /opt/airflow/dags/binance_daily_dag.py
[2026-07-09T12:03:00.346+0000] {processor.py:829} INFO - Processing file /opt/airflow/dags/binance_daily_dag.py for tasks to queue
[2026-07-09T12:03:00.348+0000] {logging_mixin.py:151} INFO - [2026-07-09T12:03:00.348+0000] {dagbag.py:539} INFO - Filling up the DagBag from /opt/airflow/dags/binance_daily_dag.py
[2026-07-09T12:03:04.654+0000] {processor.py:839} INFO - DAG(s) dict_keys(['daily_crypto_lstm_pipeline']) retrieved from /opt/airflow/dags/binance_daily_dag.py
[2026-07-09T12:03:04.692+0000] {logging_mixin.py:151} INFO - [2026-07-09T12:03:04.691+0000] {dag.py:2915} INFO - Sync 1 DAGs
[2026-07-09T12:03:04.728+0000] {logging_mixin.py:151} INFO - [2026-07-09T12:03:04.728+0000] {dag.py:3696} INFO - Setting next_dagrun for daily_crypto_lstm_pipeline to 2026-07-09T00:02:00+00:00, run_after=2026-07-10T00:02:00+00:00
[2026-07-09T12:03:04.802+0000] {processor.py:179} INFO - Processing /opt/airflow/dags/binance_daily_dag.py took 4.465 seconds
[2026-07-09T12:03:34.959+0000] {processor.py:157} INFO - Started process (PID=12551) to work on /opt/airflow/dags/binance_daily_dag.py
[2026-07-09T12:03:34.961+0000] {processor.py:829} INFO - Processing file /opt/airflow/dags/binance_daily_dag.py for tasks to queue
[2026-07-09T12:03:34.963+0000] {logging_mixin.py:151} INFO - [2026-07-09T12:03:34.962+0000] {dagbag.py:539} INFO - Filling up the DagBag from /opt/airflow/dags/binance_daily_dag.py
[2026-07-09T12:03:38.757+0000] {processor.py:839} INFO - DAG(s) dict_keys(['daily_crypto_lstm_pipeline']) retrieved from /opt/airflow/dags/binance_daily_dag.py
[2026-07-09T12:03:38.790+0000] {logging_mixin.py:151} INFO - [2026-07-09T12:03:38.789+0000] {dag.py:2915} INFO - Sync 1 DAGs
[2026-07-09T12:03:38.825+0000] {logging_mixin.py:151} INFO - [2026-07-09T12:03:38.825+0000] {dag.py:3696} INFO - Setting next_dagrun for daily_crypto_lstm_pipeline to 2026-07-09T00:02:00+00:00, run_after=2026-07-10T00:02:00+00:00
[2026-07-09T12:03:38.855+0000] {processor.py:179} INFO - Processing /opt/airflow/dags/binance_daily_dag.py took 3.903 seconds
[2026-07-09T12:04:09.096+0000] {processor.py:157} INFO - Started process (PID=12584) to work on /opt/airflow/dags/binance_daily_dag.py
[2026-07-09T12:04:09.098+0000] {processor.py:829} INFO - Processing file /opt/airflow/dags/binance_daily_dag.py for tasks to queue
[2026-07-09T12:04:09.099+0000] {logging_mixin.py:151} INFO - [2026-07-09T12:04:09.099+0000] {dagbag.py:539} INFO - Filling up the DagBag from /opt/airflow/dags/binance_daily_dag.py
[2026-07-09T12:04:13.291+0000] {processor.py:839} INFO - DAG(s) dict_keys(['daily_crypto_lstm_pipeline']) retrieved from /opt/airflow/dags/binance_daily_dag.py
[2026-07-09T12:04:13.333+0000] {logging_mixin.py:151} INFO - [2026-07-09T12:04:13.332+0000] {dag.py:2915} INFO - Sync 1 DAGs
[2026-07-09T12:04:13.372+0000] {logging_mixin.py:151} INFO - [2026-07-09T12:04:13.372+0000] {dag.py:3696} INFO - Setting next_dagrun for daily_crypto_lstm_pipeline to 2026-07-09T00:02:00+00:00, run_after=2026-07-10T00:02:00+00:00
[2026-07-09T12:04:13.416+0000] {processor.py:179} INFO - Processing /opt/airflow/dags/binance_daily_dag.py took 4.325 seconds
[2026-07-09T12:04:44.488+0000] {processor.py:157} INFO - Started process (PID=12618) to work on /opt/airflow/dags/binance_daily_dag.py
[2026-07-09T12:04:44.491+0000] {processor.py:829} INFO - Processing file /opt/airflow/dags/binance_daily_dag.py for tasks to queue
[2026-07-09T12:04:44.493+0000] {logging_mixin.py:151} INFO - [2026-07-09T12:04:44.492+0000] {dagbag.py:539} INFO - Filling up the DagBag from /opt/airflow/dags/binance_daily_dag.py
[2026-07-09T12:04:48.294+0000] {processor.py:839} INFO - DAG(s) dict_keys(['daily_crypto_lstm_pipeline']) retrieved from /opt/airflow/dags/binance_daily_dag.py
[2026-07-09T12:04:48.340+0000] {logging_mixin.py:151} INFO - [2026-07-09T12:04:48.339+0000] {dag.py:2915} INFO - Sync 1 DAGs
[2026-07-09T12:04:48.378+0000] {logging_mixin.py:151} INFO - [2026-07-09T12:04:48.378+0000] {dag.py:3696} INFO - Setting next_dagrun for daily_crypto_lstm_pipeline to 2026-07-09T00:02:00+00:00, run_after=2026-07-10T00:02:00+00:00
[2026-07-09T12:04:48.413+0000] {processor.py:179} INFO - Processing /opt/airflow/dags/binance_daily_dag.py took 3.932 seconds
[2026-07-09T12:05:19.124+0000] {processor.py:157} INFO - Started process (PID=12651) to work on /opt/airflow/dags/binance_daily_dag.py
[2026-07-09T12:05:19.126+0000] {processor.py:829} INFO - Processing file /opt/airflow/dags/binance_daily_dag.py for tasks to queue
[2026-07-09T12:05:19.128+0000] {logging_mixin.py:151} INFO - [2026-07-09T12:05:19.128+0000] {dagbag.py:539} INFO - Filling up the DagBag from /opt/airflow/dags/binance_daily_dag.py
[2026-07-09T12:05:23.081+0000] {processor.py:839} INFO - DAG(s) dict_keys(['daily_crypto_lstm_pipeline']) retrieved from /opt/airflow/dags/binance_daily_dag.py
[2026-07-09T12:05:23.115+0000] {logging_mixin.py:151} INFO - [2026-07-09T12:05:23.114+0000] {dag.py:2915} INFO - Sync 1 DAGs
[2026-07-09T12:05:23.143+0000] {logging_mixin.py:151} INFO - [2026-07-09T12:05:23.143+0000] {dag.py:3696} INFO - Setting next_dagrun for daily_crypto_lstm_pipeline to 2026-07-09T00:02:00+00:00, run_after=2026-07-10T00:02:00+00:00
[2026-07-09T12:05:23.217+0000] {processor.py:179} INFO - Processing /opt/airflow/dags/binance_daily_dag.py took 4.097 seconds
[2026-07-09T12:05:53.760+0000] {processor.py:157} INFO - Started process (PID=12692) to work on /opt/airflow/dags/binance_daily_dag.py
[2026-07-09T12:05:53.763+0000] {processor.py:829} INFO - Processing file /opt/airflow/dags/binance_daily_dag.py for tasks to queue
[2026-07-09T12:05:53.765+0000] {logging_mixin.py:151} INFO - [2026-07-09T12:05:53.765+0000] {dagbag.py:539} INFO - Filling up the DagBag from /opt/airflow/dags/binance_daily_dag.py
[2026-07-09T12:05:57.868+0000] {processor.py:839} INFO - DAG(s) dict_keys(['daily_crypto_lstm_pipeline']) retrieved from /opt/airflow/dags/binance_daily_dag.py
[2026-07-09T12:05:57.908+0000] {logging_mixin.py:151} INFO - [2026-07-09T12:05:57.907+0000] {dag.py:2915} INFO - Sync 1 DAGs
[2026-07-09T12:05:57.950+0000] {logging_mixin.py:151} INFO - [2026-07-09T12:05:57.950+0000] {dag.py:3696} INFO - Setting next_dagrun for daily_crypto_lstm_pipeline to 2026-07-09T00:02:00+00:00, run_after=2026-07-10T00:02:00+00:00
[2026-07-09T12:05:58.033+0000] {processor.py:179} INFO - Processing /opt/airflow/dags/binance_daily_dag.py took 4.278 seconds
[2026-07-09T12:06:28.615+0000] {processor.py:157} INFO - Started process (PID=12725) to work on /opt/airflow/dags/binance_daily_dag.py
[2026-07-09T12:06:28.618+0000] {processor.py:829} INFO - Processing file /opt/airflow/dags/binance_daily_dag.py for tasks to queue
[2026-07-09T12:06:28.619+0000] {logging_mixin.py:151} INFO - [2026-07-09T12:06:28.619+0000] {dagbag.py:539} INFO - Filling up the DagBag from /opt/airflow/dags/binance_daily_dag.py
[2026-07-09T12:06:32.636+0000] {processor.py:839} INFO - DAG(s) dict_keys(['daily_crypto_lstm_pipeline']) retrieved from /opt/airflow/dags/binance_daily_dag.py
[2026-07-09T12:06:32.677+0000] {logging_mixin.py:151} INFO - [2026-07-09T12:06:32.676+0000] {dag.py:2915} INFO - Sync 1 DAGs
[2026-07-09T12:06:32.709+0000] {logging_mixin.py:151} INFO - [2026-07-09T12:06:32.709+0000] {dag.py:3696} INFO - Setting next_dagrun for daily_crypto_lstm_pipeline to 2026-07-09T00:02:00+00:00, run_after=2026-07-10T00:02:00+00:00
[2026-07-09T12:06:32.749+0000] {processor.py:179} INFO - Processing /opt/airflow/dags/binance_daily_dag.py took 4.140 seconds
[2026-07-09T12:07:03.566+0000] {processor.py:157} INFO - Started process (PID=12759) to work on /opt/airflow/dags/binance_daily_dag.py
[2026-07-09T12:07:03.568+0000] {processor.py:829} INFO - Processing file /opt/airflow/dags/binance_daily_dag.py for tasks to queue
[2026-07-09T12:07:03.570+0000] {logging_mixin.py:151} INFO - [2026-07-09T12:07:03.569+0000] {dagbag.py:539} INFO - Filling up the DagBag from /opt/airflow/dags/binance_daily_dag.py
[2026-07-09T12:07:08.060+0000] {processor.py:839} INFO - DAG(s) dict_keys(['daily_crypto_lstm_pipeline']) retrieved from /opt/airflow/dags/binance_daily_dag.py
[2026-07-09T12:07:08.096+0000] {logging_mixin.py:151} INFO - [2026-07-09T12:07:08.095+0000] {dag.py:2915} INFO - Sync 1 DAGs
[2026-07-09T12:07:08.133+0000] {logging_mixin.py:151} INFO - [2026-07-09T12:07:08.132+0000] {dag.py:3696} INFO - Setting next_dagrun for daily_crypto_lstm_pipeline to 2026-07-09T00:02:00+00:00, run_after=2026-07-10T00:02:00+00:00
[2026-07-09T12:07:08.173+0000] {processor.py:179} INFO - Processing /opt/airflow/dags/binance_daily_dag.py took 4.613 seconds
[2026-07-09T12:07:38.453+0000] {processor.py:157} INFO - Started process (PID=12792) to work on /opt/airflow/dags/binance_daily_dag.py
[2026-07-09T12:07:38.456+0000] {processor.py:829} INFO - Processing file /opt/airflow/dags/binance_daily_dag.py for tasks to queue
[2026-07-09T12:07:38.459+0000] {logging_mixin.py:151} INFO - [2026-07-09T12:07:38.458+0000] {dagbag.py:539} INFO - Filling up the DagBag from /opt/airflow/dags/binance_daily_dag.py
[2026-07-09T12:07:42.824+0000] {processor.py:839} INFO - DAG(s) dict_keys(['daily_crypto_lstm_pipeline']) retrieved from /opt/airflow/dags/binance_daily_dag.py
[2026-07-09T12:07:42.875+0000] {logging_mixin.py:151} INFO - [2026-07-09T12:07:42.874+0000] {dag.py:2915} INFO - Sync 1 DAGs
[2026-07-09T12:07:42.927+0000] {logging_mixin.py:151} INFO - [2026-07-09T12:07:42.927+0000] {dag.py:3696} INFO - Setting next_dagrun for daily_crypto_lstm_pipeline to 2026-07-09T00:02:00+00:00, run_after=2026-07-10T00:02:00+00:00
[2026-07-09T12:07:43.003+0000] {processor.py:179} INFO - Processing /opt/airflow/dags/binance_daily_dag.py took 4.555 seconds
[2026-07-09T12:08:13.782+0000] {processor.py:157} INFO - Started process (PID=12830) to work on /opt/airflow/dags/binance_daily_dag.py
[2026-07-09T12:08:13.784+0000] {processor.py:829} INFO - Processing file /opt/airflow/dags/binance_daily_dag.py for tasks to queue
[2026-07-09T12:08:13.786+0000] {logging_mixin.py:151} INFO - [2026-07-09T12:08:13.786+0000] {dagbag.py:539} INFO - Filling up the DagBag from /opt/airflow/dags/binance_daily_dag.py
[2026-07-09T12:08:17.866+0000] {processor.py:839} INFO - DAG(s) dict_keys(['daily_crypto_lstm_pipeline']) retrieved from /opt/airflow/dags/binance_daily_dag.py
[2026-07-09T12:08:17.907+0000] {logging_mixin.py:151} INFO - [2026-07-09T12:08:17.906+0000] {dag.py:2915} INFO - Sync 1 DAGs
[2026-07-09T12:08:17.946+0000] {logging_mixin.py:151} INFO - [2026-07-09T12:08:17.945+0000] {dag.py:3696} INFO - Setting next_dagrun for daily_crypto_lstm_pipeline to 2026-07-09T00:02:00+00:00, run_after=2026-07-10T00:02:00+00:00
[2026-07-09T12:08:17.982+0000] {processor.py:179} INFO - Processing /opt/airflow/dags/binance_daily_dag.py took 4.207 seconds
[2026-07-09T12:08:48.339+0000] {processor.py:157} INFO - Started process (PID=12862) to work on /opt/airflow/dags/binance_daily_dag.py
[2026-07-09T12:08:48.341+0000] {processor.py:829} INFO - Processing file /opt/airflow/dags/binance_daily_dag.py for tasks to queue
[2026-07-09T12:08:48.343+0000] {logging_mixin.py:151} INFO - [2026-07-09T12:08:48.342+0000] {dagbag.py:539} INFO - Filling up the DagBag from /opt/airflow/dags/binance_daily_dag.py
[2026-07-09T12:08:52.877+0000] {processor.py:839} INFO - DAG(s) dict_keys(['daily_crypto_lstm_pipeline']) retrieved from /opt/airflow/dags/binance_daily_dag.py
[2026-07-09T12:08:52.916+0000] {logging_mixin.py:151} INFO - [2026-07-09T12:08:52.914+0000] {dag.py:2915} INFO - Sync 1 DAGs
[2026-07-09T12:08:52.961+0000] {logging_mixin.py:151} INFO - [2026-07-09T12:08:52.960+0000] {dag.py:3696} INFO - Setting next_dagrun for daily_crypto_lstm_pipeline to 2026-07-09T00:02:00+00:00, run_after=2026-07-10T00:02:00+00:00
[2026-07-09T12:08:53.042+0000] {processor.py:179} INFO - Processing /opt/airflow/dags/binance_daily_dag.py took 4.712 seconds
[2026-07-09T12:09:23.862+0000] {processor.py:157} INFO - Started process (PID=12902) to work on /opt/airflow/dags/binance_daily_dag.py
[2026-07-09T12:09:23.864+0000] {processor.py:829} INFO - Processing file /opt/airflow/dags/binance_daily_dag.py for tasks to queue
[2026-07-09T12:09:23.866+0000] {logging_mixin.py:151} INFO - [2026-07-09T12:09:23.866+0000] {dagbag.py:539} INFO - Filling up the DagBag from /opt/airflow/dags/binance_daily_dag.py
[2026-07-09T12:09:28.097+0000] {processor.py:839} INFO - DAG(s) dict_keys(['daily_crypto_lstm_pipeline']) retrieved from /opt/airflow/dags/binance_daily_dag.py
[2026-07-09T12:09:28.136+0000] {logging_mixin.py:151} INFO - [2026-07-09T12:09:28.135+0000] {dag.py:2915} INFO - Sync 1 DAGs
[2026-07-09T12:09:28.172+0000] {logging_mixin.py:151} INFO - [2026-07-09T12:09:28.172+0000] {dag.py:3696} INFO - Setting next_dagrun for daily_crypto_lstm_pipeline to 2026-07-09T00:02:00+00:00, run_after=2026-07-10T00:02:00+00:00
[2026-07-09T12:09:28.203+0000] {processor.py:179} INFO - Processing /opt/airflow/dags/binance_daily_dag.py took 4.346 seconds
[2026-07-09T12:09:58.512+0000] {processor.py:157} INFO - Started process (PID=12935) to work on /opt/airflow/dags/binance_daily_dag.py
[2026-07-09T12:09:58.514+0000] {processor.py:829} INFO - Processing file /opt/airflow/dags/binance_daily_dag.py for tasks to queue
[2026-07-09T12:09:58.516+0000] {logging_mixin.py:151} INFO - [2026-07-09T12:09:58.515+0000] {dagbag.py:539} INFO - Filling up the DagBag from /opt/airflow/dags/binance_daily_dag.py
[2026-07-09T12:10:02.819+0000] {processor.py:839} INFO - DAG(s) dict_keys(['daily_crypto_lstm_pipeline']) retrieved from /opt/airflow/dags/binance_daily_dag.py
[2026-07-09T12:10:02.870+0000] {logging_mixin.py:151} INFO - [2026-07-09T12:10:02.869+0000] {dag.py:2915} INFO - Sync 1 DAGs
[2026-07-09T12:10:02.917+0000] {logging_mixin.py:151} INFO - [2026-07-09T12:10:02.917+0000] {dag.py:3696} INFO - Setting next_dagrun for daily_crypto_lstm_pipeline to 2026-07-09T00:02:00+00:00, run_after=2026-07-10T00:02:00+00:00
[2026-07-09T12:10:02.957+0000] {processor.py:179} INFO - Processing /opt/airflow/dags/binance_daily_dag.py took 4.453 seconds
[2026-07-09T12:10:33.997+0000] {processor.py:157} INFO - Started process (PID=12968) to work on /opt/airflow/dags/binance_daily_dag.py
[2026-07-09T12:10:33.999+0000] {processor.py:829} INFO - Processing file /opt/airflow/dags/binance_daily_dag.py for tasks to queue
[2026-07-09T12:10:34.001+0000] {logging_mixin.py:151} INFO - [2026-07-09T12:10:34.001+0000] {dagbag.py:539} INFO - Filling up the DagBag from /opt/airflow/dags/binance_daily_dag.py
[2026-07-09T12:10:37.846+0000] {processor.py:839} INFO - DAG(s) dict_keys(['daily_crypto_lstm_pipeline']) retrieved from /opt/airflow/dags/binance_daily_dag.py
[2026-07-09T12:10:37.882+0000] {logging_mixin.py:151} INFO - [2026-07-09T12:10:37.881+0000] {dag.py:2915} INFO - Sync 1 DAGs
[2026-07-09T12:10:37.915+0000] {logging_mixin.py:151} INFO - [2026-07-09T12:10:37.915+0000] {dag.py:3696} INFO - Setting next_dagrun for daily_crypto_lstm_pipeline to 2026-07-09T00:02:00+00:00, run_after=2026-07-10T00:02:00+00:00
[2026-07-09T12:10:37.983+0000] {processor.py:179} INFO - Processing /opt/airflow/dags/binance_daily_dag.py took 3.992 seconds
[2026-07-09T12:11:08.201+0000] {processor.py:157} INFO - Started process (PID=13001) to work on /opt/airflow/dags/binance_daily_dag.py
[2026-07-09T12:11:08.204+0000] {processor.py:829} INFO - Processing file /opt/airflow/dags/binance_daily_dag.py for tasks to queue
[2026-07-09T12:11:08.206+0000] {logging_mixin.py:151} INFO - [2026-07-09T12:11:08.205+0000] {dagbag.py:539} INFO - Filling up the DagBag from /opt/airflow/dags/binance_daily_dag.py
[2026-07-09T12:11:12.293+0000] {processor.py:839} INFO - DAG(s) dict_keys(['daily_crypto_lstm_pipeline']) retrieved from /opt/airflow/dags/binance_daily_dag.py
[2026-07-09T12:11:12.329+0000] {logging_mixin.py:151} INFO - [2026-07-09T12:11:12.328+0000] {dag.py:2915} INFO - Sync 1 DAGs
[2026-07-09T12:11:12.369+0000] {logging_mixin.py:151} INFO - [2026-07-09T12:11:12.368+0000] {dag.py:3696} INFO - Setting next_dagrun for daily_crypto_lstm_pipeline to 2026-07-09T00:02:00+00:00, run_after=2026-07-10T00:02:00+00:00
[2026-07-09T12:11:12.446+0000] {processor.py:179} INFO - Processing /opt/airflow/dags/binance_daily_dag.py took 4.251 seconds
[2026-07-09T12:11:43.019+0000] {processor.py:157} INFO - Started process (PID=13034) to work on /opt/airflow/dags/binance_daily_dag.py
[2026-07-09T12:11:43.022+0000] {processor.py:829} INFO - Processing file /opt/airflow/dags/binance_daily_dag.py for tasks to queue
[2026-07-09T12:11:43.024+0000] {logging_mixin.py:151} INFO - [2026-07-09T12:11:43.024+0000] {dagbag.py:539} INFO - Filling up the DagBag from /opt/airflow/dags/binance_daily_dag.py
[2026-07-09T12:11:47.174+0000] {processor.py:839} INFO - DAG(s) dict_keys(['daily_crypto_lstm_pipeline']) retrieved from /opt/airflow/dags/binance_daily_dag.py
[2026-07-09T12:11:47.219+0000] {logging_mixin.py:151} INFO - [2026-07-09T12:11:47.218+0000] {dag.py:2915} INFO - Sync 1 DAGs
[2026-07-09T12:11:47.259+0000] {logging_mixin.py:151} INFO - [2026-07-09T12:11:47.258+0000] {dag.py:3696} INFO - Setting next_dagrun for daily_crypto_lstm_pipeline to 2026-07-09T00:02:00+00:00, run_after=2026-07-10T00:02:00+00:00
[2026-07-09T12:11:47.335+0000] {processor.py:179} INFO - Processing /opt/airflow/dags/binance_daily_dag.py took 4.322 seconds
[2026-07-09T12:12:18.108+0000] {processor.py:157} INFO - Started process (PID=13066) to work on /opt/airflow/dags/binance_daily_dag.py
[2026-07-09T12:12:18.110+0000] {processor.py:829} INFO - Processing file /opt/airflow/dags/binance_daily_dag.py for tasks to queue
[2026-07-09T12:12:18.111+0000] {logging_mixin.py:151} INFO - [2026-07-09T12:12:18.111+0000] {dagbag.py:539} INFO - Filling up the DagBag from /opt/airflow/dags/binance_daily_dag.py
[2026-07-09T12:12:22.152+0000] {processor.py:839} INFO - DAG(s) dict_keys(['daily_crypto_lstm_pipeline']) retrieved from /opt/airflow/dags/binance_daily_dag.py
[2026-07-09T12:12:22.189+0000] {logging_mixin.py:151} INFO - [2026-07-09T12:12:22.188+0000] {dag.py:2915} INFO - Sync 1 DAGs
[2026-07-09T12:12:22.224+0000] {logging_mixin.py:151} INFO - [2026-07-09T12:12:22.224+0000] {dag.py:3696} INFO - Setting next_dagrun for daily_crypto_lstm_pipeline to 2026-07-09T00:02:00+00:00, run_after=2026-07-10T00:02:00+00:00
[2026-07-09T12:12:22.275+0000] {processor.py:179} INFO - Processing /opt/airflow/dags/binance_daily_dag.py took 4.174 seconds
[2026-07-09T12:12:52.840+0000] {processor.py:157} INFO - Started process (PID=13107) to work on /opt/airflow/dags/binance_daily_dag.py
[2026-07-09T12:12:52.842+0000] {processor.py:829} INFO - Processing file /opt/airflow/dags/binance_daily_dag.py for tasks to queue
[2026-07-09T12:12:52.844+0000] {logging_mixin.py:151} INFO - [2026-07-09T12:12:52.844+0000] {dagbag.py:539} INFO - Filling up the DagBag from /opt/airflow/dags/binance_daily_dag.py
[2026-07-09T12:12:56.864+0000] {processor.py:839} INFO - DAG(s) dict_keys(['daily_crypto_lstm_pipeline']) retrieved from /opt/airflow/dags/binance_daily_dag.py
[2026-07-09T12:12:56.898+0000] {logging_mixin.py:151} INFO - [2026-07-09T12:12:56.897+0000] {dag.py:2915} INFO - Sync 1 DAGs
[2026-07-09T12:12:56.934+0000] {logging_mixin.py:151} INFO - [2026-07-09T12:12:56.934+0000] {dag.py:3696} INFO - Setting next_dagrun for daily_crypto_lstm_pipeline to 2026-07-09T00:02:00+00:00, run_after=2026-07-10T00:02:00+00:00
[2026-07-09T12:12:57.013+0000] {processor.py:179} INFO - Processing /opt/airflow/dags/binance_daily_dag.py took 4.177 seconds
[2026-07-09T12:13:27.926+0000] {processor.py:157} INFO - Started process (PID=13140) to work on /opt/airflow/dags/binance_daily_dag.py
[2026-07-09T12:13:27.929+0000] {processor.py:829} INFO - Processing file /opt/airflow/dags/binance_daily_dag.py for tasks to queue
[2026-07-09T12:13:27.931+0000] {logging_mixin.py:151} INFO - [2026-07-09T12:13:27.930+0000] {dagbag.py:539} INFO - Filling up the DagBag from /opt/airflow/dags/binance_daily_dag.py
[2026-07-09T12:13:32.469+0000] {processor.py:839} INFO - DAG(s) dict_keys(['daily_crypto_lstm_pipeline']) retrieved from /opt/airflow/dags/binance_daily_dag.py
[2026-07-09T12:13:32.509+0000] {logging_mixin.py:151} INFO - [2026-07-09T12:13:32.507+0000] {dag.py:2915} INFO - Sync 1 DAGs
[2026-07-09T12:13:32.548+0000] {logging_mixin.py:151} INFO - [2026-07-09T12:13:32.548+0000] {dag.py:3696} INFO - Setting next_dagrun for daily_crypto_lstm_pipeline to 2026-07-09T00:02:00+00:00, run_after=2026-07-10T00:02:00+00:00
[2026-07-09T12:13:32.592+0000] {processor.py:179} INFO - Processing /opt/airflow/dags/binance_daily_dag.py took 4.673 seconds
[2026-07-09T12:14:02.954+0000] {processor.py:157} INFO - Started process (PID=13173) to work on /opt/airflow/dags/binance_daily_dag.py
[2026-07-09T12:14:02.956+0000] {processor.py:829} INFO - Processing file /opt/airflow/dags/binance_daily_dag.py for tasks to queue
[2026-07-09T12:14:02.958+0000] {logging_mixin.py:151} INFO - [2026-07-09T12:14:02.957+0000] {dagbag.py:539} INFO - Filling up the DagBag from /opt/airflow/dags/binance_daily_dag.py
[2026-07-09T12:14:07.600+0000] {processor.py:839} INFO - DAG(s) dict_keys(['daily_crypto_lstm_pipeline']) retrieved from /opt/airflow/dags/binance_daily_dag.py
[2026-07-09T12:14:07.638+0000] {logging_mixin.py:151} INFO - [2026-07-09T12:14:07.637+0000] {dag.py:2915} INFO - Sync 1 DAGs
[2026-07-09T12:14:07.677+0000] {logging_mixin.py:151} INFO - [2026-07-09T12:14:07.677+0000] {dag.py:3696} INFO - Setting next_dagrun for daily_crypto_lstm_pipeline to 2026-07-09T00:02:00+00:00, run_after=2026-07-10T00:02:00+00:00
[2026-07-09T12:14:07.721+0000] {processor.py:179} INFO - Processing /opt/airflow/dags/binance_daily_dag.py took 4.773 seconds
[2026-07-09T12:14:38.771+0000] {processor.py:157} INFO - Started process (PID=13206) to work on /opt/airflow/dags/binance_daily_dag.py
[2026-07-09T12:14:38.774+0000] {processor.py:829} INFO - Processing file /opt/airflow/dags/binance_daily_dag.py for tasks to queue
[2026-07-09T12:14:38.776+0000] {logging_mixin.py:151} INFO - [2026-07-09T12:14:38.776+0000] {dagbag.py:539} INFO - Filling up the DagBag from /opt/airflow/dags/binance_daily_dag.py
[2026-07-09T12:14:43.192+0000] {processor.py:839} INFO - DAG(s) dict_keys(['daily_crypto_lstm_pipeline']) retrieved from /opt/airflow/dags/binance_daily_dag.py
[2026-07-09T12:14:43.236+0000] {logging_mixin.py:151} INFO - [2026-07-09T12:14:43.235+0000] {dag.py:2915} INFO - Sync 1 DAGs
[2026-07-09T12:14:43.288+0000] {logging_mixin.py:151} INFO - [2026-07-09T12:14:43.287+0000] {dag.py:3696} INFO - Setting next_dagrun for daily_crypto_lstm_pipeline to 2026-07-09T00:02:00+00:00, run_after=2026-07-10T00:02:00+00:00
[2026-07-09T12:14:43.356+0000] {processor.py:179} INFO - Processing /opt/airflow/dags/binance_daily_dag.py took 4.591 seconds
[2026-07-09T12:15:13.691+0000] {processor.py:157} INFO - Started process (PID=13239) to work on /opt/airflow/dags/binance_daily_dag.py
[2026-07-09T12:15:13.693+0000] {processor.py:829} INFO - Processing file /opt/airflow/dags/binance_daily_dag.py for tasks to queue
[2026-07-09T12:15:13.695+0000] {logging_mixin.py:151} INFO - [2026-07-09T12:15:13.694+0000] {dagbag.py:539} INFO - Filling up the DagBag from /opt/airflow/dags/binance_daily_dag.py
[2026-07-09T12:15:17.747+0000] {processor.py:839} INFO - DAG(s) dict_keys(['daily_crypto_lstm_pipeline']) retrieved from /opt/airflow/dags/binance_daily_dag.py
[2026-07-09T12:15:17.792+0000] {logging_mixin.py:151} INFO - [2026-07-09T12:15:17.792+0000] {dag.py:2915} INFO - Sync 1 DAGs
[2026-07-09T12:15:17.832+0000] {logging_mixin.py:151} INFO - [2026-07-09T12:15:17.832+0000] {dag.py:3696} INFO - Setting next_dagrun for daily_crypto_lstm_pipeline to 2026-07-09T00:02:00+00:00, run_after=2026-07-10T00:02:00+00:00
[2026-07-09T12:15:17.920+0000] {processor.py:179} INFO - Processing /opt/airflow/dags/binance_daily_dag.py took 4.234 seconds
[2026-07-09T12:15:48.338+0000] {processor.py:157} INFO - Started process (PID=13272) to work on /opt/airflow/dags/binance_daily_dag.py
[2026-07-09T12:15:48.340+0000] {processor.py:829} INFO - Processing file /opt/airflow/dags/binance_daily_dag.py for tasks to queue
[2026-07-09T12:15:48.342+0000] {logging_mixin.py:151} INFO - [2026-07-09T12:15:48.341+0000] {dagbag.py:539} INFO - Filling up the DagBag from /opt/airflow/dags/binance_daily_dag.py
[2026-07-09T12:15:52.509+0000] {processor.py:839} INFO - DAG(s) dict_keys(['daily_crypto_lstm_pipeline']) retrieved from /opt/airflow/dags/binance_daily_dag.py
[2026-07-09T12:15:52.550+0000] {logging_mixin.py:151} INFO - [2026-07-09T12:15:52.549+0000] {dag.py:2915} INFO - Sync 1 DAGs
[2026-07-09T12:15:52.595+0000] {logging_mixin.py:151} INFO - [2026-07-09T12:15:52.595+0000] {dag.py:3696} INFO - Setting next_dagrun for daily_crypto_lstm_pipeline to 2026-07-09T00:02:00+00:00, run_after=2026-07-10T00:02:00+00:00
[2026-07-09T12:15:52.644+0000] {processor.py:179} INFO - Processing /opt/airflow/dags/binance_daily_dag.py took 4.314 seconds
[2026-07-09T12:16:23.293+0000] {processor.py:157} INFO - Started process (PID=13312) to work on /opt/airflow/dags/binance_daily_dag.py
[2026-07-09T12:16:23.295+0000] {processor.py:829} INFO - Processing file /opt/airflow/dags/binance_daily_dag.py for tasks to queue
[2026-07-09T12:16:23.297+0000] {logging_mixin.py:151} INFO - [2026-07-09T12:16:23.296+0000] {dagbag.py:539} INFO - Filling up the DagBag from /opt/airflow/dags/binance_daily_dag.py
[2026-07-09T12:16:27.036+0000] {processor.py:839} INFO - DAG(s) dict_keys(['daily_crypto_lstm_pipeline']) retrieved from /opt/airflow/dags/binance_daily_dag.py
[2026-07-09T12:16:27.076+0000] {logging_mixin.py:151} INFO - [2026-07-09T12:16:27.075+0000] {dag.py:2915} INFO - Sync 1 DAGs
[2026-07-09T12:16:27.120+0000] {logging_mixin.py:151} INFO - [2026-07-09T12:16:27.119+0000] {dag.py:3696} INFO - Setting next_dagrun for daily_crypto_lstm_pipeline to 2026-07-09T00:02:00+00:00, run_after=2026-07-10T00:02:00+00:00
[2026-07-09T12:16:27.165+0000] {processor.py:179} INFO - Processing /opt/airflow/dags/binance_daily_dag.py took 3.879 seconds
[2026-07-09T12:16:57.613+0000] {processor.py:157} INFO - Started process (PID=13345) to work on /opt/airflow/dags/binance_daily_dag.py
[2026-07-09T12:16:57.616+0000] {processor.py:829} INFO - Processing file /opt/airflow/dags/binance_daily_dag.py for tasks to queue
[2026-07-09T12:16:57.622+0000] {logging_mixin.py:151} INFO - [2026-07-09T12:16:57.621+0000] {dagbag.py:539} INFO - Filling up the DagBag from /opt/airflow/dags/binance_daily_dag.py
[2026-07-09T12:17:01.558+0000] {processor.py:839} INFO - DAG(s) dict_keys(['daily_crypto_lstm_pipeline']) retrieved from /opt/airflow/dags/binance_daily_dag.py
[2026-07-09T12:17:01.599+0000] {logging_mixin.py:151} INFO - [2026-07-09T12:17:01.599+0000] {dag.py:2915} INFO - Sync 1 DAGs
[2026-07-09T12:17:01.636+0000] {logging_mixin.py:151} INFO - [2026-07-09T12:17:01.636+0000] {dag.py:3696} INFO - Setting next_dagrun for daily_crypto_lstm_pipeline to 2026-07-09T00:02:00+00:00, run_after=2026-07-10T00:02:00+00:00
[2026-07-09T12:17:01.711+0000] {processor.py:179} INFO - Processing /opt/airflow/dags/binance_daily_dag.py took 4.105 seconds
[2026-07-09T12:17:32.770+0000] {processor.py:157} INFO - Started process (PID=13378) to work on /opt/airflow/dags/binance_daily_dag.py
[2026-07-09T12:17:32.773+0000] {processor.py:829} INFO - Processing file /opt/airflow/dags/binance_daily_dag.py for tasks to queue
[2026-07-09T12:17:32.775+0000] {logging_mixin.py:151} INFO - [2026-07-09T12:17:32.774+0000] {dagbag.py:539} INFO - Filling up the DagBag from /opt/airflow/dags/binance_daily_dag.py
[2026-07-09T12:17:36.921+0000] {processor.py:839} INFO - DAG(s) dict_keys(['daily_crypto_lstm_pipeline']) retrieved from /opt/airflow/dags/binance_daily_dag.py
[2026-07-09T12:17:36.961+0000] {logging_mixin.py:151} INFO - [2026-07-09T12:17:36.960+0000] {dag.py:2915} INFO - Sync 1 DAGs
[2026-07-09T12:17:37.001+0000] {logging_mixin.py:151} INFO - [2026-07-09T12:17:37.001+0000] {dag.py:3696} INFO - Setting next_dagrun for daily_crypto_lstm_pipeline to 2026-07-09T00:02:00+00:00, run_after=2026-07-10T00:02:00+00:00
[2026-07-09T12:17:37.045+0000] {processor.py:179} INFO - Processing /opt/airflow/dags/binance_daily_dag.py took 4.281 seconds
[2026-07-09T12:18:07.405+0000] {processor.py:157} INFO - Started process (PID=13411) to work on /opt/airflow/dags/binance_daily_dag.py
[2026-07-09T12:18:07.408+0000] {processor.py:829} INFO - Processing file /opt/airflow/dags/binance_daily_dag.py for tasks to queue
[2026-07-09T12:18:07.410+0000] {logging_mixin.py:151} INFO - [2026-07-09T12:18:07.410+0000] {dagbag.py:539} INFO - Filling up the DagBag from /opt/airflow/dags/binance_daily_dag.py
[2026-07-09T12:18:11.862+0000] {processor.py:839} INFO - DAG(s) dict_keys(['daily_crypto_lstm_pipeline']) retrieved from /opt/airflow/dags/binance_daily_dag.py
[2026-07-09T12:18:11.903+0000] {logging_mixin.py:151} INFO - [2026-07-09T12:18:11.902+0000] {dag.py:2915} INFO - Sync 1 DAGs
[2026-07-09T12:18:11.947+0000] {logging_mixin.py:151} INFO - [2026-07-09T12:18:11.947+0000] {dag.py:3696} INFO - Setting next_dagrun for daily_crypto_lstm_pipeline to 2026-07-09T00:02:00+00:00, run_after=2026-07-10T00:02:00+00:00
[2026-07-09T12:18:11.986+0000] {processor.py:179} INFO - Processing /opt/airflow/dags/binance_daily_dag.py took 4.589 seconds
[2026-07-09T12:18:42.631+0000] {processor.py:157} INFO - Started process (PID=13444) to work on /opt/airflow/dags/binance_daily_dag.py
[2026-07-09T12:18:42.633+0000] {processor.py:829} INFO - Processing file /opt/airflow/dags/binance_daily_dag.py for tasks to queue
[2026-07-09T12:18:42.636+0000] {logging_mixin.py:151} INFO - [2026-07-09T12:18:42.635+0000] {dagbag.py:539} INFO - Filling up the DagBag from /opt/airflow/dags/binance_daily_dag.py
[2026-07-09T12:18:46.846+0000] {processor.py:839} INFO - DAG(s) dict_keys(['daily_crypto_lstm_pipeline']) retrieved from /opt/airflow/dags/binance_daily_dag.py
[2026-07-09T12:18:46.885+0000] {logging_mixin.py:151} INFO - [2026-07-09T12:18:46.884+0000] {dag.py:2915} INFO - Sync 1 DAGs
[2026-07-09T12:18:46.920+0000] {logging_mixin.py:151} INFO - [2026-07-09T12:18:46.920+0000] {dag.py:3696} INFO - Setting next_dagrun for daily_crypto_lstm_pipeline to 2026-07-09T00:02:00+00:00, run_after=2026-07-10T00:02:00+00:00
[2026-07-09T12:18:46.954+0000] {processor.py:179} INFO - Processing /opt/airflow/dags/binance_daily_dag.py took 4.330 seconds
[2026-07-09T12:19:17.542+0000] {processor.py:157} INFO - Started process (PID=13477) to work on /opt/airflow/dags/binance_daily_dag.py
[2026-07-09T12:19:17.544+0000] {processor.py:829} INFO - Processing file /opt/airflow/dags/binance_daily_dag.py for tasks to queue
[2026-07-09T12:19:17.546+0000] {logging_mixin.py:151} INFO - [2026-07-09T12:19:17.545+0000] {dagbag.py:539} INFO - Filling up the DagBag from /opt/airflow/dags/binance_daily_dag.py
[2026-07-09T12:19:21.873+0000] {processor.py:839} INFO - DAG(s) dict_keys(['daily_crypto_lstm_pipeline']) retrieved from /opt/airflow/dags/binance_daily_dag.py
[2026-07-09T12:19:21.909+0000] {logging_mixin.py:151} INFO - [2026-07-09T12:19:21.909+0000] {dag.py:2915} INFO - Sync 1 DAGs
[2026-07-09T12:19:21.947+0000] {logging_mixin.py:151} INFO - [2026-07-09T12:19:21.946+0000] {dag.py:3696} INFO - Setting next_dagrun for daily_crypto_lstm_pipeline to 2026-07-09T00:02:00+00:00, run_after=2026-07-10T00:02:00+00:00
[2026-07-09T12:19:22.021+0000] {processor.py:179} INFO - Processing /opt/airflow/dags/binance_daily_dag.py took 4.486 seconds
[2026-07-09T12:19:52.517+0000] {processor.py:157} INFO - Started process (PID=13515) to work on /opt/airflow/dags/binance_daily_dag.py
[2026-07-09T12:19:52.520+0000] {processor.py:829} INFO - Processing file /opt/airflow/dags/binance_daily_dag.py for tasks to queue
[2026-07-09T12:19:52.521+0000] {logging_mixin.py:151} INFO - [2026-07-09T12:19:52.521+0000] {dagbag.py:539} INFO - Filling up the DagBag from /opt/airflow/dags/binance_daily_dag.py
[2026-07-09T12:19:57.140+0000] {processor.py:839} INFO - DAG(s) dict_keys(['daily_crypto_lstm_pipeline']) retrieved from /opt/airflow/dags/binance_daily_dag.py
[2026-07-09T12:19:57.176+0000] {logging_mixin.py:151} INFO - [2026-07-09T12:19:57.175+0000] {dag.py:2915} INFO - Sync 1 DAGs
[2026-07-09T12:19:57.212+0000] {logging_mixin.py:151} INFO - [2026-07-09T12:19:57.211+0000] {dag.py:3696} INFO - Setting next_dagrun for daily_crypto_lstm_pipeline to 2026-07-09T00:02:00+00:00, run_after=2026-07-10T00:02:00+00:00
[2026-07-09T12:19:57.285+0000] {processor.py:179} INFO - Processing /opt/airflow/dags/binance_daily_dag.py took 4.776 seconds
[2026-07-09T12:20:28.198+0000] {processor.py:157} INFO - Started process (PID=13555) to work on /opt/airflow/dags/binance_daily_dag.py
[2026-07-09T12:20:28.200+0000] {processor.py:829} INFO - Processing file /opt/airflow/dags/binance_daily_dag.py for tasks to queue
[2026-07-09T12:20:28.202+0000] {logging_mixin.py:151} INFO - [2026-07-09T12:20:28.201+0000] {dagbag.py:539} INFO - Filling up the DagBag from /opt/airflow/dags/binance_daily_dag.py
[2026-07-09T12:20:31.824+0000] {processor.py:839} INFO - DAG(s) dict_keys(['daily_crypto_lstm_pipeline']) retrieved from /opt/airflow/dags/binance_daily_dag.py
[2026-07-09T12:20:31.856+0000] {logging_mixin.py:151} INFO - [2026-07-09T12:20:31.855+0000] {dag.py:2915} INFO - Sync 1 DAGs
[2026-07-09T12:20:31.887+0000] {logging_mixin.py:151} INFO - [2026-07-09T12:20:31.887+0000] {dag.py:3696} INFO - Setting next_dagrun for daily_crypto_lstm_pipeline to 2026-07-09T00:02:00+00:00, run_after=2026-07-10T00:02:00+00:00
[2026-07-09T12:20:31.956+0000] {processor.py:179} INFO - Processing /opt/airflow/dags/binance_daily_dag.py took 3.765 seconds
[2026-07-09T12:21:02.436+0000] {processor.py:157} INFO - Started process (PID=13588) to work on /opt/airflow/dags/binance_daily_dag.py
[2026-07-09T12:21:02.437+0000] {processor.py:829} INFO - Processing file /opt/airflow/dags/binance_daily_dag.py for tasks to queue
[2026-07-09T12:21:02.439+0000] {logging_mixin.py:151} INFO - [2026-07-09T12:21:02.438+0000] {dagbag.py:539} INFO - Filling up the DagBag from /opt/airflow/dags/binance_daily_dag.py
[2026-07-09T12:21:06.743+0000] {processor.py:839} INFO - DAG(s) dict_keys(['daily_crypto_lstm_pipeline']) retrieved from /opt/airflow/dags/binance_daily_dag.py
[2026-07-09T12:21:06.784+0000] {logging_mixin.py:151} INFO - [2026-07-09T12:21:06.783+0000] {dag.py:2915} INFO - Sync 1 DAGs
[2026-07-09T12:21:06.824+0000] {logging_mixin.py:151} INFO - [2026-07-09T12:21:06.824+0000] {dag.py:3696} INFO - Setting next_dagrun for daily_crypto_lstm_pipeline to 2026-07-09T00:02:00+00:00, run_after=2026-07-10T00:02:00+00:00
[2026-07-09T12:21:06.867+0000] {processor.py:179} INFO - Processing /opt/airflow/dags/binance_daily_dag.py took 4.438 seconds
[2026-07-09T12:21:37.256+0000] {processor.py:157} INFO - Started process (PID=13621) to work on /opt/airflow/dags/binance_daily_dag.py
[2026-07-09T12:21:37.258+0000] {processor.py:829} INFO - Processing file /opt/airflow/dags/binance_daily_dag.py for tasks to queue
[2026-07-09T12:21:37.260+0000] {logging_mixin.py:151} INFO - [2026-07-09T12:21:37.260+0000] {dagbag.py:539} INFO - Filling up the DagBag from /opt/airflow/dags/binance_daily_dag.py
[2026-07-09T12:21:41.090+0000] {processor.py:839} INFO - DAG(s) dict_keys(['daily_crypto_lstm_pipeline']) retrieved from /opt/airflow/dags/binance_daily_dag.py
[2026-07-09T12:21:41.136+0000] {logging_mixin.py:151} INFO - [2026-07-09T12:21:41.134+0000] {dag.py:2915} INFO - Sync 1 DAGs
[2026-07-09T12:21:41.180+0000] {logging_mixin.py:151} INFO - [2026-07-09T12:21:41.180+0000] {dag.py:3696} INFO - Setting next_dagrun for daily_crypto_lstm_pipeline to 2026-07-09T00:02:00+00:00, run_after=2026-07-10T00:02:00+00:00
[2026-07-09T12:21:41.234+0000] {processor.py:179} INFO - Processing /opt/airflow/dags/binance_daily_dag.py took 3.983 seconds
[2026-07-09T12:22:11.778+0000] {processor.py:157} INFO - Started process (PID=13654) to work on /opt/airflow/dags/binance_daily_dag.py
[2026-07-09T12:22:11.783+0000] {processor.py:829} INFO - Processing file /opt/airflow/dags/binance_daily_dag.py for tasks to queue
[2026-07-09T12:22:11.786+0000] {logging_mixin.py:151} INFO - [2026-07-09T12:22:11.785+0000] {dagbag.py:539} INFO - Filling up the DagBag from /opt/airflow/dags/binance_daily_dag.py
[2026-07-09T12:22:15.730+0000] {processor.py:839} INFO - DAG(s) dict_keys(['daily_crypto_lstm_pipeline']) retrieved from /opt/airflow/dags/binance_daily_dag.py
[2026-07-09T12:22:15.771+0000] {logging_mixin.py:151} INFO - [2026-07-09T12:22:15.770+0000] {dag.py:2915} INFO - Sync 1 DAGs
[2026-07-09T12:22:15.808+0000] {logging_mixin.py:151} INFO - [2026-07-09T12:22:15.807+0000] {dag.py:3696} INFO - Setting next_dagrun for daily_crypto_lstm_pipeline to 2026-07-09T00:02:00+00:00, run_after=2026-07-10T00:02:00+00:00
[2026-07-09T12:22:15.845+0000] {processor.py:179} INFO - Processing /opt/airflow/dags/binance_daily_dag.py took 4.074 seconds
[2026-07-09T12:22:46.306+0000] {processor.py:157} INFO - Started process (PID=13687) to work on /opt/airflow/dags/binance_daily_dag.py
[2026-07-09T12:22:46.307+0000] {processor.py:829} INFO - Processing file /opt/airflow/dags/binance_daily_dag.py for tasks to queue
[2026-07-09T12:22:46.309+0000] {logging_mixin.py:151} INFO - [2026-07-09T12:22:46.309+0000] {dagbag.py:539} INFO - Filling up the DagBag from /opt/airflow/dags/binance_daily_dag.py
[2026-07-09T12:22:50.722+0000] {processor.py:839} INFO - DAG(s) dict_keys(['daily_crypto_lstm_pipeline']) retrieved from /opt/airflow/dags/binance_daily_dag.py
[2026-07-09T12:22:50.763+0000] {logging_mixin.py:151} INFO - [2026-07-09T12:22:50.762+0000] {dag.py:2915} INFO - Sync 1 DAGs
[2026-07-09T12:22:50.814+0000] {logging_mixin.py:151} INFO - [2026-07-09T12:22:50.813+0000] {dag.py:3696} INFO - Setting next_dagrun for daily_crypto_lstm_pipeline to 2026-07-09T00:02:00+00:00, run_after=2026-07-10T00:02:00+00:00
[2026-07-09T12:22:50.863+0000] {processor.py:179} INFO - Processing /opt/airflow/dags/binance_daily_dag.py took 4.565 seconds
[2026-07-09T12:23:21.055+0000] {processor.py:157} INFO - Started process (PID=13720) to work on /opt/airflow/dags/binance_daily_dag.py
[2026-07-09T12:23:21.058+0000] {processor.py:829} INFO - Processing file /opt/airflow/dags/binance_daily_dag.py for tasks to queue
[2026-07-09T12:23:21.059+0000] {logging_mixin.py:151} INFO - [2026-07-09T12:23:21.059+0000] {dagbag.py:539} INFO - Filling up the DagBag from /opt/airflow/dags/binance_daily_dag.py
[2026-07-09T12:23:25.076+0000] {processor.py:839} INFO - DAG(s) dict_keys(['daily_crypto_lstm_pipeline']) retrieved from /opt/airflow/dags/binance_daily_dag.py
[2026-07-09T12:23:25.115+0000] {logging_mixin.py:151} INFO - [2026-07-09T12:23:25.114+0000] {dag.py:2915} INFO - Sync 1 DAGs
[2026-07-09T12:23:25.156+0000] {logging_mixin.py:151} INFO - [2026-07-09T12:23:25.155+0000] {dag.py:3696} INFO - Setting next_dagrun for daily_crypto_lstm_pipeline to 2026-07-09T00:02:00+00:00, run_after=2026-07-10T00:02:00+00:00
[2026-07-09T12:23:25.193+0000] {processor.py:179} INFO - Processing /opt/airflow/dags/binance_daily_dag.py took 4.145 seconds
[2026-07-09T12:23:55.481+0000] {processor.py:157} INFO - Started process (PID=13760) to work on /opt/airflow/dags/binance_daily_dag.py
[2026-07-09T12:23:55.483+0000] {processor.py:829} INFO - Processing file /opt/airflow/dags/binance_daily_dag.py for tasks to queue
[2026-07-09T12:23:55.486+0000] {logging_mixin.py:151} INFO - [2026-07-09T12:23:55.485+0000] {dagbag.py:539} INFO - Filling up the DagBag from /opt/airflow/dags/binance_daily_dag.py
[2026-07-09T12:23:59.232+0000] {processor.py:839} INFO - DAG(s) dict_keys(['daily_crypto_lstm_pipeline']) retrieved from /opt/airflow/dags/binance_daily_dag.py
[2026-07-09T12:23:59.278+0000] {logging_mixin.py:151} INFO - [2026-07-09T12:23:59.276+0000] {dag.py:2915} INFO - Sync 1 DAGs
[2026-07-09T12:23:59.320+0000] {logging_mixin.py:151} INFO - [2026-07-09T12:23:59.319+0000] {dag.py:3696} INFO - Setting next_dagrun for daily_crypto_lstm_pipeline to 2026-07-09T00:02:00+00:00, run_after=2026-07-10T00:02:00+00:00
[2026-07-09T12:23:59.399+0000] {processor.py:179} INFO - Processing /opt/airflow/dags/binance_daily_dag.py took 3.928 seconds
[2026-07-09T12:24:29.707+0000] {processor.py:157} INFO - Started process (PID=13798) to work on /opt/airflow/dags/binance_daily_dag.py
[2026-07-09T12:24:29.710+0000] {processor.py:829} INFO - Processing file /opt/airflow/dags/binance_daily_dag.py for tasks to queue
[2026-07-09T12:24:29.712+0000] {logging_mixin.py:151} INFO - [2026-07-09T12:24:29.712+0000] {dagbag.py:539} INFO - Filling up the DagBag from /opt/airflow/dags/binance_daily_dag.py
[2026-07-09T12:24:33.457+0000] {processor.py:839} INFO - DAG(s) dict_keys(['daily_crypto_lstm_pipeline']) retrieved from /opt/airflow/dags/binance_daily_dag.py
[2026-07-09T12:24:33.500+0000] {logging_mixin.py:151} INFO - [2026-07-09T12:24:33.498+0000] {dag.py:2915} INFO - Sync 1 DAGs
[2026-07-09T12:24:33.538+0000] {logging_mixin.py:151} INFO - [2026-07-09T12:24:33.538+0000] {dag.py:3696} INFO - Setting next_dagrun for daily_crypto_lstm_pipeline to 2026-07-09T00:02:00+00:00, run_after=2026-07-10T00:02:00+00:00
[2026-07-09T12:24:33.584+0000] {processor.py:179} INFO - Processing /opt/airflow/dags/binance_daily_dag.py took 3.882 seconds
[2026-07-09T12:25:04.185+0000] {processor.py:157} INFO - Started process (PID=13831) to work on /opt/airflow/dags/binance_daily_dag.py
[2026-07-09T12:25:04.187+0000] {processor.py:829} INFO - Processing file /opt/airflow/dags/binance_daily_dag.py for tasks to queue
[2026-07-09T12:25:04.189+0000] {logging_mixin.py:151} INFO - [2026-07-09T12:25:04.188+0000] {dagbag.py:539} INFO - Filling up the DagBag from /opt/airflow/dags/binance_daily_dag.py
[2026-07-09T12:25:08.339+0000] {processor.py:839} INFO - DAG(s) dict_keys(['daily_crypto_lstm_pipeline']) retrieved from /opt/airflow/dags/binance_daily_dag.py
[2026-07-09T12:25:08.378+0000] {logging_mixin.py:151} INFO - [2026-07-09T12:25:08.376+0000] {dag.py:2915} INFO - Sync 1 DAGs
[2026-07-09T12:25:08.417+0000] {logging_mixin.py:151} INFO - [2026-07-09T12:25:08.416+0000] {dag.py:3696} INFO - Setting next_dagrun for daily_crypto_lstm_pipeline to 2026-07-09T00:02:00+00:00, run_after=2026-07-10T00:02:00+00:00
[2026-07-09T12:25:08.493+0000] {processor.py:179} INFO - Processing /opt/airflow/dags/binance_daily_dag.py took 4.315 seconds
[2026-07-09T12:25:38.776+0000] {processor.py:157} INFO - Started process (PID=13865) to work on /opt/airflow/dags/binance_daily_dag.py
[2026-07-09T12:25:38.778+0000] {processor.py:829} INFO - Processing file /opt/airflow/dags/binance_daily_dag.py for tasks to queue
[2026-07-09T12:25:38.779+0000] {logging_mixin.py:151} INFO - [2026-07-09T12:25:38.779+0000] {dagbag.py:539} INFO - Filling up the DagBag from /opt/airflow/dags/binance_daily_dag.py
[2026-07-09T12:25:42.561+0000] {processor.py:839} INFO - DAG(s) dict_keys(['daily_crypto_lstm_pipeline']) retrieved from /opt/airflow/dags/binance_daily_dag.py
[2026-07-09T12:25:42.605+0000] {logging_mixin.py:151} INFO - [2026-07-09T12:25:42.604+0000] {dag.py:2915} INFO - Sync 1 DAGs
[2026-07-09T12:25:42.644+0000] {logging_mixin.py:151} INFO - [2026-07-09T12:25:42.643+0000] {dag.py:3696} INFO - Setting next_dagrun for daily_crypto_lstm_pipeline to 2026-07-09T00:02:00+00:00, run_after=2026-07-10T00:02:00+00:00
[2026-07-09T12:25:42.682+0000] {processor.py:179} INFO - Processing /opt/airflow/dags/binance_daily_dag.py took 3.911 seconds
[2026-07-09T12:26:13.201+0000] {processor.py:157} INFO - Started process (PID=13898) to work on /opt/airflow/dags/binance_daily_dag.py
[2026-07-09T12:26:13.204+0000] {processor.py:829} INFO - Processing file /opt/airflow/dags/binance_daily_dag.py for tasks to queue
[2026-07-09T12:26:13.208+0000] {logging_mixin.py:151} INFO - [2026-07-09T12:26:13.207+0000] {dagbag.py:539} INFO - Filling up the DagBag from /opt/airflow/dags/binance_daily_dag.py
[2026-07-09T12:26:18.262+0000] {processor.py:839} INFO - DAG(s) dict_keys(['daily_crypto_lstm_pipeline']) retrieved from /opt/airflow/dags/binance_daily_dag.py
[2026-07-09T12:26:18.318+0000] {logging_mixin.py:151} INFO - [2026-07-09T12:26:18.316+0000] {dag.py:2915} INFO - Sync 1 DAGs
[2026-07-09T12:26:18.359+0000] {logging_mixin.py:151} INFO - [2026-07-09T12:26:18.358+0000] {dag.py:3696} INFO - Setting next_dagrun for daily_crypto_lstm_pipeline to 2026-07-09T00:02:00+00:00, run_after=2026-07-10T00:02:00+00:00
[2026-07-09T12:26:18.725+0000] {processor.py:179} INFO - Processing /opt/airflow/dags/binance_daily_dag.py took 5.530 seconds
[2026-07-09T12:26:49.786+0000] {processor.py:157} INFO - Started process (PID=13931) to work on /opt/airflow/dags/binance_daily_dag.py
[2026-07-09T12:26:49.789+0000] {processor.py:829} INFO - Processing file /opt/airflow/dags/binance_daily_dag.py for tasks to queue
[2026-07-09T12:26:49.792+0000] {logging_mixin.py:151} INFO - [2026-07-09T12:26:49.791+0000] {dagbag.py:539} INFO - Filling up the DagBag from /opt/airflow/dags/binance_daily_dag.py
[2026-07-09T12:26:54.456+0000] {processor.py:839} INFO - DAG(s) dict_keys(['daily_crypto_lstm_pipeline']) retrieved from /opt/airflow/dags/binance_daily_dag.py
[2026-07-09T12:26:54.500+0000] {logging_mixin.py:151} INFO - [2026-07-09T12:26:54.498+0000] {dag.py:2915} INFO - Sync 1 DAGs
[2026-07-09T12:26:54.547+0000] {logging_mixin.py:151} INFO - [2026-07-09T12:26:54.547+0000] {dag.py:3696} INFO - Setting next_dagrun for daily_crypto_lstm_pipeline to 2026-07-09T00:02:00+00:00, run_after=2026-07-10T00:02:00+00:00
[2026-07-09T12:26:54.592+0000] {processor.py:179} INFO - Processing /opt/airflow/dags/binance_daily_dag.py took 4.812 seconds
[2026-07-09T12:27:25.416+0000] {processor.py:157} INFO - Started process (PID=13971) to work on /opt/airflow/dags/binance_daily_dag.py
[2026-07-09T12:27:25.418+0000] {processor.py:829} INFO - Processing file /opt/airflow/dags/binance_daily_dag.py for tasks to queue
[2026-07-09T12:27:25.419+0000] {logging_mixin.py:151} INFO - [2026-07-09T12:27:25.419+0000] {dagbag.py:539} INFO - Filling up the DagBag from /opt/airflow/dags/binance_daily_dag.py
[2026-07-09T12:27:29.650+0000] {processor.py:839} INFO - DAG(s) dict_keys(['daily_crypto_lstm_pipeline']) retrieved from /opt/airflow/dags/binance_daily_dag.py
[2026-07-09T12:27:29.683+0000] {logging_mixin.py:151} INFO - [2026-07-09T12:27:29.682+0000] {dag.py:2915} INFO - Sync 1 DAGs
[2026-07-09T12:27:29.714+0000] {logging_mixin.py:151} INFO - [2026-07-09T12:27:29.713+0000] {dag.py:3696} INFO - Setting next_dagrun for daily_crypto_lstm_pipeline to 2026-07-09T00:02:00+00:00, run_after=2026-07-10T00:02:00+00:00
[2026-07-09T12:27:29.787+0000] {processor.py:179} INFO - Processing /opt/airflow/dags/binance_daily_dag.py took 4.379 seconds
[2026-07-09T12:28:00.099+0000] {processor.py:157} INFO - Started process (PID=14004) to work on /opt/airflow/dags/binance_daily_dag.py
[2026-07-09T12:28:00.101+0000] {processor.py:829} INFO - Processing file /opt/airflow/dags/binance_daily_dag.py for tasks to queue
[2026-07-09T12:28:00.102+0000] {logging_mixin.py:151} INFO - [2026-07-09T12:28:00.102+0000] {dagbag.py:539} INFO - Filling up the DagBag from /opt/airflow/dags/binance_daily_dag.py
[2026-07-09T12:28:10.071+0000] {processor.py:839} INFO - DAG(s) dict_keys(['daily_crypto_lstm_pipeline']) retrieved from /opt/airflow/dags/binance_daily_dag.py
[2026-07-09T12:28:10.183+0000] {logging_mixin.py:151} INFO - [2026-07-09T12:28:10.181+0000] {dag.py:2915} INFO - Sync 1 DAGs
[2026-07-09T12:28:10.278+0000] {logging_mixin.py:151} INFO - [2026-07-09T12:28:10.277+0000] {dag.py:3696} INFO - Setting next_dagrun for daily_crypto_lstm_pipeline to 2026-07-09T00:02:00+00:00, run_after=2026-07-10T00:02:00+00:00
[2026-07-09T12:28:10.598+0000] {processor.py:179} INFO - Processing /opt/airflow/dags/binance_daily_dag.py took 10.504 seconds
[2026-07-09T12:28:41.423+0000] {processor.py:157} INFO - Started process (PID=14045) to work on /opt/airflow/dags/binance_daily_dag.py
[2026-07-09T12:28:41.429+0000] {processor.py:829} INFO - Processing file /opt/airflow/dags/binance_daily_dag.py for tasks to queue
[2026-07-09T12:28:41.434+0000] {logging_mixin.py:151} INFO - [2026-07-09T12:28:41.433+0000] {dagbag.py:539} INFO - Filling up the DagBag from /opt/airflow/dags/binance_daily_dag.py
[2026-07-09T12:28:51.740+0000] {processor.py:839} INFO - DAG(s) dict_keys(['daily_crypto_lstm_pipeline']) retrieved from /opt/airflow/dags/binance_daily_dag.py
[2026-07-09T12:28:51.899+0000] {logging_mixin.py:151} INFO - [2026-07-09T12:28:51.897+0000] {dag.py:2915} INFO - Sync 1 DAGs
[2026-07-09T12:28:51.949+0000] {logging_mixin.py:151} INFO - [2026-07-09T12:28:51.948+0000] {dag.py:3696} INFO - Setting next_dagrun for daily_crypto_lstm_pipeline to 2026-07-09T00:02:00+00:00, run_after=2026-07-10T00:02:00+00:00
[2026-07-09T12:28:51.991+0000] {processor.py:179} INFO - Processing /opt/airflow/dags/binance_daily_dag.py took 10.608 seconds
[2026-07-09T12:29:22.571+0000] {processor.py:157} INFO - Started process (PID=14078) to work on /opt/airflow/dags/binance_daily_dag.py
[2026-07-09T12:29:22.574+0000] {processor.py:829} INFO - Processing file /opt/airflow/dags/binance_daily_dag.py for tasks to queue
[2026-07-09T12:29:22.576+0000] {logging_mixin.py:151} INFO - [2026-07-09T12:29:22.575+0000] {dagbag.py:539} INFO - Filling up the DagBag from /opt/airflow/dags/binance_daily_dag.py
[2026-07-09T12:29:30.713+0000] {processor.py:839} INFO - DAG(s) dict_keys(['daily_crypto_lstm_pipeline']) retrieved from /opt/airflow/dags/binance_daily_dag.py
[2026-07-09T12:29:31.519+0000] {logging_mixin.py:151} INFO - [2026-07-09T12:29:31.519+0000] {dag.py:2915} INFO - Sync 1 DAGs
[2026-07-09T12:29:31.554+0000] {logging_mixin.py:151} INFO - [2026-07-09T12:29:31.554+0000] {dag.py:3696} INFO - Setting next_dagrun for daily_crypto_lstm_pipeline to 2026-07-09T00:02:00+00:00, run_after=2026-07-10T00:02:00+00:00
[2026-07-09T12:29:31.582+0000] {processor.py:179} INFO - Processing /opt/airflow/dags/binance_daily_dag.py took 9.055 seconds
[2026-07-09T12:30:01.876+0000] {processor.py:157} INFO - Started process (PID=14118) to work on /opt/airflow/dags/binance_daily_dag.py
[2026-07-09T12:30:01.878+0000] {processor.py:829} INFO - Processing file /opt/airflow/dags/binance_daily_dag.py for tasks to queue
[2026-07-09T12:30:01.881+0000] {logging_mixin.py:151} INFO - [2026-07-09T12:30:01.880+0000] {dagbag.py:539} INFO - Filling up the DagBag from /opt/airflow/dags/binance_daily_dag.py
[2026-07-09T12:30:12.387+0000] {processor.py:839} INFO - DAG(s) dict_keys(['daily_crypto_lstm_pipeline']) retrieved from /opt/airflow/dags/binance_daily_dag.py
[2026-07-09T12:30:12.450+0000] {logging_mixin.py:151} INFO - [2026-07-09T12:30:12.449+0000] {dag.py:2915} INFO - Sync 1 DAGs
[2026-07-09T12:30:12.489+0000] {logging_mixin.py:151} INFO - [2026-07-09T12:30:12.489+0000] {dag.py:3696} INFO - Setting next_dagrun for daily_crypto_lstm_pipeline to 2026-07-09T00:02:00+00:00, run_after=2026-07-10T00:02:00+00:00
[2026-07-09T12:30:12.540+0000] {processor.py:179} INFO - Processing /opt/airflow/dags/binance_daily_dag.py took 10.703 seconds
[2026-07-09T12:30:43.118+0000] {processor.py:157} INFO - Started process (PID=14151) to work on /opt/airflow/dags/binance_daily_dag.py
[2026-07-09T12:30:43.120+0000] {processor.py:829} INFO - Processing file /opt/airflow/dags/binance_daily_dag.py for tasks to queue
[2026-07-09T12:30:43.123+0000] {logging_mixin.py:151} INFO - [2026-07-09T12:30:43.122+0000] {dagbag.py:539} INFO - Filling up the DagBag from /opt/airflow/dags/binance_daily_dag.py
[2026-07-09T12:30:47.860+0000] {processor.py:839} INFO - DAG(s) dict_keys(['daily_crypto_lstm_pipeline']) retrieved from /opt/airflow/dags/binance_daily_dag.py
[2026-07-09T12:30:47.916+0000] {logging_mixin.py:151} INFO - [2026-07-09T12:30:47.914+0000] {dag.py:2915} INFO - Sync 1 DAGs
[2026-07-09T12:30:47.957+0000] {logging_mixin.py:151} INFO - [2026-07-09T12:30:47.957+0000] {dag.py:3696} INFO - Setting next_dagrun for daily_crypto_lstm_pipeline to 2026-07-09T00:02:00+00:00, run_after=2026-07-10T00:02:00+00:00
[2026-07-09T12:30:48.178+0000] {processor.py:179} INFO - Processing /opt/airflow/dags/binance_daily_dag.py took 5.067 seconds
[2026-07-09T12:31:18.711+0000] {processor.py:157} INFO - Started process (PID=14184) to work on /opt/airflow/dags/binance_daily_dag.py
[2026-07-09T12:31:18.713+0000] {processor.py:829} INFO - Processing file /opt/airflow/dags/binance_daily_dag.py for tasks to queue
[2026-07-09T12:31:18.714+0000] {logging_mixin.py:151} INFO - [2026-07-09T12:31:18.713+0000] {dagbag.py:539} INFO - Filling up the DagBag from /opt/airflow/dags/binance_daily_dag.py
[2026-07-09T12:31:23.796+0000] {processor.py:839} INFO - DAG(s) dict_keys(['daily_crypto_lstm_pipeline']) retrieved from /opt/airflow/dags/binance_daily_dag.py
[2026-07-09T12:31:23.846+0000] {logging_mixin.py:151} INFO - [2026-07-09T12:31:23.844+0000] {dag.py:2915} INFO - Sync 1 DAGs
[2026-07-09T12:31:23.899+0000] {logging_mixin.py:151} INFO - [2026-07-09T12:31:23.899+0000] {dag.py:3696} INFO - Setting next_dagrun for daily_crypto_lstm_pipeline to 2026-07-09T00:02:00+00:00, run_after=2026-07-10T00:02:00+00:00
[2026-07-09T12:31:23.931+0000] {processor.py:179} INFO - Processing /opt/airflow/dags/binance_daily_dag.py took 5.225 seconds
[2026-07-09T12:31:54.485+0000] {processor.py:157} INFO - Started process (PID=14217) to work on /opt/airflow/dags/binance_daily_dag.py
[2026-07-09T12:31:54.487+0000] {processor.py:829} INFO - Processing file /opt/airflow/dags/binance_daily_dag.py for tasks to queue
[2026-07-09T12:31:54.489+0000] {logging_mixin.py:151} INFO - [2026-07-09T12:31:54.489+0000] {dagbag.py:539} INFO - Filling up the DagBag from /opt/airflow/dags/binance_daily_dag.py
[2026-07-09T12:31:58.669+0000] {processor.py:839} INFO - DAG(s) dict_keys(['daily_crypto_lstm_pipeline']) retrieved from /opt/airflow/dags/binance_daily_dag.py
[2026-07-09T12:31:58.716+0000] {logging_mixin.py:151} INFO - [2026-07-09T12:31:58.714+0000] {dag.py:2915} INFO - Sync 1 DAGs
[2026-07-09T12:31:58.751+0000] {logging_mixin.py:151} INFO - [2026-07-09T12:31:58.750+0000] {dag.py:3696} INFO - Setting next_dagrun for daily_crypto_lstm_pipeline to 2026-07-09T00:02:00+00:00, run_after=2026-07-10T00:02:00+00:00
[2026-07-09T12:31:58.784+0000] {processor.py:179} INFO - Processing /opt/airflow/dags/binance_daily_dag.py took 4.310 seconds
[2026-07-09T12:32:29.163+0000] {processor.py:157} INFO - Started process (PID=14257) to work on /opt/airflow/dags/binance_daily_dag.py
[2026-07-09T12:32:29.165+0000] {processor.py:829} INFO - Processing file /opt/airflow/dags/binance_daily_dag.py for tasks to queue
[2026-07-09T12:32:29.167+0000] {logging_mixin.py:151} INFO - [2026-07-09T12:32:29.166+0000] {dagbag.py:539} INFO - Filling up the DagBag from /opt/airflow/dags/binance_daily_dag.py
[2026-07-09T12:32:33.605+0000] {processor.py:839} INFO - DAG(s) dict_keys(['daily_crypto_lstm_pipeline']) retrieved from /opt/airflow/dags/binance_daily_dag.py
[2026-07-09T12:32:33.648+0000] {logging_mixin.py:151} INFO - [2026-07-09T12:32:33.647+0000] {dag.py:2915} INFO - Sync 1 DAGs
[2026-07-09T12:32:33.700+0000] {logging_mixin.py:151} INFO - [2026-07-09T12:32:33.700+0000] {dag.py:3696} INFO - Setting next_dagrun for daily_crypto_lstm_pipeline to 2026-07-09T00:02:00+00:00, run_after=2026-07-10T00:02:00+00:00
[2026-07-09T12:32:34.107+0000] {processor.py:179} INFO - Processing /opt/airflow/dags/binance_daily_dag.py took 4.949 seconds
[2026-07-09T12:33:05.213+0000] {processor.py:157} INFO - Started process (PID=14296) to work on /opt/airflow/dags/binance_daily_dag.py
[2026-07-09T12:33:05.215+0000] {processor.py:829} INFO - Processing file /opt/airflow/dags/binance_daily_dag.py for tasks to queue
[2026-07-09T12:33:05.217+0000] {logging_mixin.py:151} INFO - [2026-07-09T12:33:05.216+0000] {dagbag.py:539} INFO - Filling up the DagBag from /opt/airflow/dags/binance_daily_dag.py
[2026-07-09T12:33:09.575+0000] {processor.py:839} INFO - DAG(s) dict_keys(['daily_crypto_lstm_pipeline']) retrieved from /opt/airflow/dags/binance_daily_dag.py
[2026-07-09T12:33:09.604+0000] {logging_mixin.py:151} INFO - [2026-07-09T12:33:09.604+0000] {dag.py:2915} INFO - Sync 1 DAGs
[2026-07-09T12:33:09.629+0000] {logging_mixin.py:151} INFO - [2026-07-09T12:33:09.629+0000] {dag.py:3696} INFO - Setting next_dagrun for daily_crypto_lstm_pipeline to 2026-07-09T00:02:00+00:00, run_after=2026-07-10T00:02:00+00:00
[2026-07-09T12:33:09.654+0000] {processor.py:179} INFO - Processing /opt/airflow/dags/binance_daily_dag.py took 4.449 seconds
[2026-07-09T12:33:40.430+0000] {processor.py:157} INFO - Started process (PID=14329) to work on /opt/airflow/dags/binance_daily_dag.py
[2026-07-09T12:33:40.439+0000] {processor.py:829} INFO - Processing file /opt/airflow/dags/binance_daily_dag.py for tasks to queue
[2026-07-09T12:33:40.444+0000] {logging_mixin.py:151} INFO - [2026-07-09T12:33:40.442+0000] {dagbag.py:539} INFO - Filling up the DagBag from /opt/airflow/dags/binance_daily_dag.py
[2026-07-09T12:33:47.356+0000] {processor.py:839} INFO - DAG(s) dict_keys(['daily_crypto_lstm_pipeline']) retrieved from /opt/airflow/dags/binance_daily_dag.py
[2026-07-09T12:33:47.461+0000] {logging_mixin.py:151} INFO - [2026-07-09T12:33:47.456+0000] {dag.py:2915} INFO - Sync 1 DAGs
[2026-07-09T12:33:47.557+0000] {logging_mixin.py:151} INFO - [2026-07-09T12:33:47.556+0000] {dag.py:3696} INFO - Setting next_dagrun for daily_crypto_lstm_pipeline to 2026-07-09T00:02:00+00:00, run_after=2026-07-10T00:02:00+00:00
[2026-07-09T12:33:47.625+0000] {processor.py:179} INFO - Processing /opt/airflow/dags/binance_daily_dag.py took 7.226 seconds
[2026-07-09T12:34:17.821+0000] {processor.py:157} INFO - Started process (PID=14365) to work on /opt/airflow/dags/binance_daily_dag.py
[2026-07-09T12:34:17.822+0000] {processor.py:829} INFO - Processing file /opt/airflow/dags/binance_daily_dag.py for tasks to queue
[2026-07-09T12:34:17.824+0000] {logging_mixin.py:151} INFO - [2026-07-09T12:34:17.823+0000] {dagbag.py:539} INFO - Filling up the DagBag from /opt/airflow/dags/binance_daily_dag.py
[2026-07-09T12:34:20.092+0000] {processor.py:839} INFO - DAG(s) dict_keys(['daily_crypto_lstm_pipeline']) retrieved from /opt/airflow/dags/binance_daily_dag.py
[2026-07-09T12:34:20.112+0000] {logging_mixin.py:151} INFO - [2026-07-09T12:34:20.111+0000] {dag.py:2915} INFO - Sync 1 DAGs
[2026-07-09T12:34:20.131+0000] {logging_mixin.py:151} INFO - [2026-07-09T12:34:20.131+0000] {dag.py:3696} INFO - Setting next_dagrun for daily_crypto_lstm_pipeline to 2026-07-09T00:02:00+00:00, run_after=2026-07-10T00:02:00+00:00
[2026-07-09T12:34:20.189+0000] {processor.py:179} INFO - Processing /opt/airflow/dags/binance_daily_dag.py took 2.373 seconds
[2026-07-09T12:34:50.586+0000] {processor.py:157} INFO - Started process (PID=14396) to work on /opt/airflow/dags/binance_daily_dag.py
[2026-07-09T12:34:50.588+0000] {processor.py:829} INFO - Processing file /opt/airflow/dags/binance_daily_dag.py for tasks to queue
[2026-07-09T12:34:50.589+0000] {logging_mixin.py:151} INFO - [2026-07-09T12:34:50.589+0000] {dagbag.py:539} INFO - Filling up the DagBag from /opt/airflow/dags/binance_daily_dag.py
[2026-07-09T12:34:53.244+0000] {processor.py:839} INFO - DAG(s) dict_keys(['daily_crypto_lstm_pipeline']) retrieved from /opt/airflow/dags/binance_daily_dag.py
[2026-07-09T12:34:53.264+0000] {logging_mixin.py:151} INFO - [2026-07-09T12:34:53.264+0000] {dag.py:2915} INFO - Sync 1 DAGs
[2026-07-09T12:34:53.284+0000] {logging_mixin.py:151} INFO - [2026-07-09T12:34:53.284+0000] {dag.py:3696} INFO - Setting next_dagrun for daily_crypto_lstm_pipeline to 2026-07-09T00:02:00+00:00, run_after=2026-07-10T00:02:00+00:00
[2026-07-09T12:34:53.354+0000] {processor.py:179} INFO - Processing /opt/airflow/dags/binance_daily_dag.py took 2.775 seconds
[2026-07-09T12:35:23.853+0000] {processor.py:157} INFO - Started process (PID=14429) to work on /opt/airflow/dags/binance_daily_dag.py
[2026-07-09T12:35:23.855+0000] {processor.py:829} INFO - Processing file /opt/airflow/dags/binance_daily_dag.py for tasks to queue
[2026-07-09T12:35:23.856+0000] {logging_mixin.py:151} INFO - [2026-07-09T12:35:23.855+0000] {dagbag.py:539} INFO - Filling up the DagBag from /opt/airflow/dags/binance_daily_dag.py
[2026-07-09T12:35:26.313+0000] {processor.py:839} INFO - DAG(s) dict_keys(['daily_crypto_lstm_pipeline']) retrieved from /opt/airflow/dags/binance_daily_dag.py
[2026-07-09T12:35:26.334+0000] {logging_mixin.py:151} INFO - [2026-07-09T12:35:26.334+0000] {dag.py:2915} INFO - Sync 1 DAGs
[2026-07-09T12:35:26.546+0000] {logging_mixin.py:151} INFO - [2026-07-09T12:35:26.545+0000] {dag.py:3696} INFO - Setting next_dagrun for daily_crypto_lstm_pipeline to 2026-07-09T00:02:00+00:00, run_after=2026-07-10T00:02:00+00:00
[2026-07-09T12:35:26.605+0000] {processor.py:179} INFO - Processing /opt/airflow/dags/binance_daily_dag.py took 2.757 seconds
[2026-07-09T12:35:56.979+0000] {processor.py:157} INFO - Started process (PID=14462) to work on /opt/airflow/dags/binance_daily_dag.py
[2026-07-09T12:35:56.980+0000] {processor.py:829} INFO - Processing file /opt/airflow/dags/binance_daily_dag.py for tasks to queue
[2026-07-09T12:35:56.981+0000] {logging_mixin.py:151} INFO - [2026-07-09T12:35:56.981+0000] {dagbag.py:539} INFO - Filling up the DagBag from /opt/airflow/dags/binance_daily_dag.py
[2026-07-09T12:35:59.357+0000] {processor.py:839} INFO - DAG(s) dict_keys(['daily_crypto_lstm_pipeline']) retrieved from /opt/airflow/dags/binance_daily_dag.py
[2026-07-09T12:35:59.420+0000] {logging_mixin.py:151} INFO - [2026-07-09T12:35:59.419+0000] {dag.py:2915} INFO - Sync 1 DAGs
[2026-07-09T12:35:59.438+0000] {logging_mixin.py:151} INFO - [2026-07-09T12:35:59.437+0000] {dag.py:3696} INFO - Setting next_dagrun for daily_crypto_lstm_pipeline to 2026-07-09T00:02:00+00:00, run_after=2026-07-10T00:02:00+00:00
[2026-07-09T12:35:59.453+0000] {processor.py:179} INFO - Processing /opt/airflow/dags/binance_daily_dag.py took 2.483 seconds
[2026-07-09T12:36:30.285+0000] {processor.py:157} INFO - Started process (PID=14504) to work on /opt/airflow/dags/binance_daily_dag.py
[2026-07-09T12:36:30.286+0000] {processor.py:829} INFO - Processing file /opt/airflow/dags/binance_daily_dag.py for tasks to queue
[2026-07-09T12:36:30.287+0000] {logging_mixin.py:151} INFO - [2026-07-09T12:36:30.287+0000] {dagbag.py:539} INFO - Filling up the DagBag from /opt/airflow/dags/binance_daily_dag.py
[2026-07-09T12:36:32.457+0000] {processor.py:839} INFO - DAG(s) dict_keys(['daily_crypto_lstm_pipeline']) retrieved from /opt/airflow/dags/binance_daily_dag.py
[2026-07-09T12:36:32.491+0000] {logging_mixin.py:151} INFO - [2026-07-09T12:36:32.491+0000] {dag.py:2915} INFO - Sync 1 DAGs
[2026-07-09T12:36:32.522+0000] {logging_mixin.py:151} INFO - [2026-07-09T12:36:32.522+0000] {dag.py:3696} INFO - Setting next_dagrun for daily_crypto_lstm_pipeline to 2026-07-09T00:02:00+00:00, run_after=2026-07-10T00:02:00+00:00
[2026-07-09T12:36:32.752+0000] {processor.py:179} INFO - Processing /opt/airflow/dags/binance_daily_dag.py took 2.471 seconds
[2026-07-09T12:37:03.533+0000] {processor.py:157} INFO - Started process (PID=14537) to work on /opt/airflow/dags/binance_daily_dag.py
[2026-07-09T12:37:03.534+0000] {processor.py:829} INFO - Processing file /opt/airflow/dags/binance_daily_dag.py for tasks to queue
[2026-07-09T12:37:03.535+0000] {logging_mixin.py:151} INFO - [2026-07-09T12:37:03.534+0000] {dagbag.py:539} INFO - Filling up the DagBag from /opt/airflow/dags/binance_daily_dag.py
[2026-07-09T12:37:05.857+0000] {processor.py:839} INFO - DAG(s) dict_keys(['daily_crypto_lstm_pipeline']) retrieved from /opt/airflow/dags/binance_daily_dag.py
[2026-07-09T12:37:05.879+0000] {logging_mixin.py:151} INFO - [2026-07-09T12:37:05.879+0000] {dag.py:2915} INFO - Sync 1 DAGs
[2026-07-09T12:37:05.898+0000] {logging_mixin.py:151} INFO - [2026-07-09T12:37:05.897+0000] {dag.py:3696} INFO - Setting next_dagrun for daily_crypto_lstm_pipeline to 2026-07-09T00:02:00+00:00, run_after=2026-07-10T00:02:00+00:00
[2026-07-09T12:37:05.914+0000] {processor.py:179} INFO - Processing /opt/airflow/dags/binance_daily_dag.py took 2.385 seconds
[2026-07-09T12:37:36.132+0000] {processor.py:157} INFO - Started process (PID=14568) to work on /opt/airflow/dags/binance_daily_dag.py
[2026-07-09T12:37:36.134+0000] {processor.py:829} INFO - Processing file /opt/airflow/dags/binance_daily_dag.py for tasks to queue
[2026-07-09T12:37:36.135+0000] {logging_mixin.py:151} INFO - [2026-07-09T12:37:36.135+0000] {dagbag.py:539} INFO - Filling up the DagBag from /opt/airflow/dags/binance_daily_dag.py
[2026-07-09T12:37:38.906+0000] {processor.py:839} INFO - DAG(s) dict_keys(['daily_crypto_lstm_pipeline']) retrieved from /opt/airflow/dags/binance_daily_dag.py
[2026-07-09T12:37:38.929+0000] {logging_mixin.py:151} INFO - [2026-07-09T12:37:38.929+0000] {dag.py:2915} INFO - Sync 1 DAGs
[2026-07-09T12:37:38.951+0000] {logging_mixin.py:151} INFO - [2026-07-09T12:37:38.951+0000] {dag.py:3696} INFO - Setting next_dagrun for daily_crypto_lstm_pipeline to 2026-07-09T00:02:00+00:00, run_after=2026-07-10T00:02:00+00:00
[2026-07-09T12:37:39.010+0000] {processor.py:179} INFO - Processing /opt/airflow/dags/binance_daily_dag.py took 2.884 seconds
[2026-07-09T12:38:09.745+0000] {processor.py:157} INFO - Started process (PID=14606) to work on /opt/airflow/dags/binance_daily_dag.py
[2026-07-09T12:38:09.747+0000] {processor.py:829} INFO - Processing file /opt/airflow/dags/binance_daily_dag.py for tasks to queue
[2026-07-09T12:38:09.750+0000] {logging_mixin.py:151} INFO - [2026-07-09T12:38:09.749+0000] {dagbag.py:539} INFO - Filling up the DagBag from /opt/airflow/dags/binance_daily_dag.py
[2026-07-09T12:38:12.306+0000] {processor.py:839} INFO - DAG(s) dict_keys(['daily_crypto_lstm_pipeline']) retrieved from /opt/airflow/dags/binance_daily_dag.py
[2026-07-09T12:38:12.329+0000] {logging_mixin.py:151} INFO - [2026-07-09T12:38:12.329+0000] {dag.py:2915} INFO - Sync 1 DAGs
[2026-07-09T12:38:12.490+0000] {logging_mixin.py:151} INFO - [2026-07-09T12:38:12.490+0000] {dag.py:3696} INFO - Setting next_dagrun for daily_crypto_lstm_pipeline to 2026-07-09T00:02:00+00:00, run_after=2026-07-10T00:02:00+00:00
[2026-07-09T12:38:12.512+0000] {processor.py:179} INFO - Processing /opt/airflow/dags/binance_daily_dag.py took 2.775 seconds
[2026-07-09T12:38:42.935+0000] {processor.py:157} INFO - Started process (PID=14639) to work on /opt/airflow/dags/binance_daily_dag.py
[2026-07-09T12:38:42.937+0000] {processor.py:829} INFO - Processing file /opt/airflow/dags/binance_daily_dag.py for tasks to queue
[2026-07-09T12:38:42.938+0000] {logging_mixin.py:151} INFO - [2026-07-09T12:38:42.938+0000] {dagbag.py:539} INFO - Filling up the DagBag from /opt/airflow/dags/binance_daily_dag.py
[2026-07-09T12:38:45.688+0000] {processor.py:839} INFO - DAG(s) dict_keys(['daily_crypto_lstm_pipeline']) retrieved from /opt/airflow/dags/binance_daily_dag.py
[2026-07-09T12:38:45.714+0000] {logging_mixin.py:151} INFO - [2026-07-09T12:38:45.713+0000] {dag.py:2915} INFO - Sync 1 DAGs
[2026-07-09T12:38:45.741+0000] {logging_mixin.py:151} INFO - [2026-07-09T12:38:45.741+0000] {dag.py:3696} INFO - Setting next_dagrun for daily_crypto_lstm_pipeline to 2026-07-09T00:02:00+00:00, run_after=2026-07-10T00:02:00+00:00
[2026-07-09T12:38:45.803+0000] {processor.py:179} INFO - Processing /opt/airflow/dags/binance_daily_dag.py took 2.880 seconds
[2026-07-09T12:39:16.147+0000] {processor.py:157} INFO - Started process (PID=14672) to work on /opt/airflow/dags/binance_daily_dag.py
[2026-07-09T12:39:16.148+0000] {processor.py:829} INFO - Processing file /opt/airflow/dags/binance_daily_dag.py for tasks to queue
[2026-07-09T12:39:16.149+0000] {logging_mixin.py:151} INFO - [2026-07-09T12:39:16.149+0000] {dagbag.py:539} INFO - Filling up the DagBag from /opt/airflow/dags/binance_daily_dag.py
[2026-07-09T12:39:18.525+0000] {processor.py:839} INFO - DAG(s) dict_keys(['daily_crypto_lstm_pipeline']) retrieved from /opt/airflow/dags/binance_daily_dag.py
[2026-07-09T12:39:18.552+0000] {logging_mixin.py:151} INFO - [2026-07-09T12:39:18.551+0000] {dag.py:2915} INFO - Sync 1 DAGs
[2026-07-09T12:39:18.582+0000] {logging_mixin.py:151} INFO - [2026-07-09T12:39:18.582+0000] {dag.py:3696} INFO - Setting next_dagrun for daily_crypto_lstm_pipeline to 2026-07-09T00:02:00+00:00, run_after=2026-07-10T00:02:00+00:00
[2026-07-09T12:39:18.917+0000] {processor.py:179} INFO - Processing /opt/airflow/dags/binance_daily_dag.py took 2.773 seconds
[2026-07-09T12:39:49.254+0000] {processor.py:157} INFO - Started process (PID=14705) to work on /opt/airflow/dags/binance_daily_dag.py
[2026-07-09T12:39:49.255+0000] {processor.py:829} INFO - Processing file /opt/airflow/dags/binance_daily_dag.py for tasks to queue
[2026-07-09T12:39:49.257+0000] {logging_mixin.py:151} INFO - [2026-07-09T12:39:49.256+0000] {dagbag.py:539} INFO - Filling up the DagBag from /opt/airflow/dags/binance_daily_dag.py
[2026-07-09T12:39:52.143+0000] {processor.py:839} INFO - DAG(s) dict_keys(['daily_crypto_lstm_pipeline']) retrieved from /opt/airflow/dags/binance_daily_dag.py
[2026-07-09T12:39:52.174+0000] {logging_mixin.py:151} INFO - [2026-07-09T12:39:52.174+0000] {dag.py:2915} INFO - Sync 1 DAGs
[2026-07-09T12:39:52.199+0000] {logging_mixin.py:151} INFO - [2026-07-09T12:39:52.199+0000] {dag.py:3696} INFO - Setting next_dagrun for daily_crypto_lstm_pipeline to 2026-07-09T00:02:00+00:00, run_after=2026-07-10T00:02:00+00:00
[2026-07-09T12:39:52.222+0000] {processor.py:179} INFO - Processing /opt/airflow/dags/binance_daily_dag.py took 2.974 seconds
[2026-07-09T12:40:22.609+0000] {processor.py:157} INFO - Started process (PID=14738) to work on /opt/airflow/dags/binance_daily_dag.py
[2026-07-09T12:40:22.610+0000] {processor.py:829} INFO - Processing file /opt/airflow/dags/binance_daily_dag.py for tasks to queue
[2026-07-09T12:40:22.612+0000] {logging_mixin.py:151} INFO - [2026-07-09T12:40:22.611+0000] {dagbag.py:539} INFO - Filling up the DagBag from /opt/airflow/dags/binance_daily_dag.py
[2026-07-09T12:40:25.490+0000] {processor.py:839} INFO - DAG(s) dict_keys(['daily_crypto_lstm_pipeline']) retrieved from /opt/airflow/dags/binance_daily_dag.py
[2026-07-09T12:40:25.512+0000] {logging_mixin.py:151} INFO - [2026-07-09T12:40:25.511+0000] {dag.py:2915} INFO - Sync 1 DAGs
[2026-07-09T12:40:25.531+0000] {logging_mixin.py:151} INFO - [2026-07-09T12:40:25.531+0000] {dag.py:3696} INFO - Setting next_dagrun for daily_crypto_lstm_pipeline to 2026-07-09T00:02:00+00:00, run_after=2026-07-10T00:02:00+00:00
[2026-07-09T12:40:25.548+0000] {processor.py:179} INFO - Processing /opt/airflow/dags/binance_daily_dag.py took 2.943 seconds
[2026-07-09T12:40:55.878+0000] {processor.py:157} INFO - Started process (PID=14771) to work on /opt/airflow/dags/binance_daily_dag.py
[2026-07-09T12:40:55.880+0000] {processor.py:829} INFO - Processing file /opt/airflow/dags/binance_daily_dag.py for tasks to queue
[2026-07-09T12:40:55.882+0000] {logging_mixin.py:151} INFO - [2026-07-09T12:40:55.881+0000] {dagbag.py:539} INFO - Filling up the DagBag from /opt/airflow/dags/binance_daily_dag.py
[2026-07-09T12:40:58.285+0000] {processor.py:839} INFO - DAG(s) dict_keys(['daily_crypto_lstm_pipeline']) retrieved from /opt/airflow/dags/binance_daily_dag.py
[2026-07-09T12:40:58.305+0000] {logging_mixin.py:151} INFO - [2026-07-09T12:40:58.305+0000] {dag.py:2915} INFO - Sync 1 DAGs
[2026-07-09T12:40:58.325+0000] {logging_mixin.py:151} INFO - [2026-07-09T12:40:58.325+0000] {dag.py:3696} INFO - Setting next_dagrun for daily_crypto_lstm_pipeline to 2026-07-09T00:02:00+00:00, run_after=2026-07-10T00:02:00+00:00
[2026-07-09T12:40:58.529+0000] {processor.py:179} INFO - Processing /opt/airflow/dags/binance_daily_dag.py took 2.657 seconds
[2026-07-09T12:41:29.318+0000] {processor.py:157} INFO - Started process (PID=14810) to work on /opt/airflow/dags/binance_daily_dag.py
[2026-07-09T12:41:29.322+0000] {processor.py:829} INFO - Processing file /opt/airflow/dags/binance_daily_dag.py for tasks to queue
[2026-07-09T12:41:29.324+0000] {logging_mixin.py:151} INFO - [2026-07-09T12:41:29.323+0000] {dagbag.py:539} INFO - Filling up the DagBag from /opt/airflow/dags/binance_daily_dag.py
[2026-07-09T12:41:40.811+0000] {processor.py:839} INFO - DAG(s) dict_keys(['daily_crypto_lstm_pipeline']) retrieved from /opt/airflow/dags/binance_daily_dag.py
[2026-07-09T12:41:40.893+0000] {logging_mixin.py:151} INFO - [2026-07-09T12:41:40.891+0000] {dag.py:2915} INFO - Sync 1 DAGs
[2026-07-09T12:41:40.941+0000] {logging_mixin.py:151} INFO - [2026-07-09T12:41:40.940+0000] {dag.py:3696} INFO - Setting next_dagrun for daily_crypto_lstm_pipeline to 2026-07-09T00:02:00+00:00, run_after=2026-07-10T00:02:00+00:00
[2026-07-09T12:41:40.988+0000] {processor.py:179} INFO - Processing /opt/airflow/dags/binance_daily_dag.py took 11.682 seconds
[2026-07-09T12:42:11.312+0000] {processor.py:157} INFO - Started process (PID=14843) to work on /opt/airflow/dags/binance_daily_dag.py
[2026-07-09T12:42:11.314+0000] {processor.py:829} INFO - Processing file /opt/airflow/dags/binance_daily_dag.py for tasks to queue
[2026-07-09T12:42:11.316+0000] {logging_mixin.py:151} INFO - [2026-07-09T12:42:11.316+0000] {dagbag.py:539} INFO - Filling up the DagBag from /opt/airflow/dags/binance_daily_dag.py
[2026-07-09T12:42:17.045+0000] {processor.py:839} INFO - DAG(s) dict_keys(['daily_crypto_lstm_pipeline']) retrieved from /opt/airflow/dags/binance_daily_dag.py
[2026-07-09T12:42:17.097+0000] {logging_mixin.py:151} INFO - [2026-07-09T12:42:17.096+0000] {dag.py:2915} INFO - Sync 1 DAGs
[2026-07-09T12:42:17.154+0000] {logging_mixin.py:151} INFO - [2026-07-09T12:42:17.153+0000] {dag.py:3696} INFO - Setting next_dagrun for daily_crypto_lstm_pipeline to 2026-07-09T00:02:00+00:00, run_after=2026-07-10T00:02:00+00:00
[2026-07-09T12:42:17.225+0000] {processor.py:179} INFO - Processing /opt/airflow/dags/binance_daily_dag.py took 5.921 seconds
[2026-07-09T12:42:47.833+0000] {processor.py:157} INFO - Started process (PID=14881) to work on /opt/airflow/dags/binance_daily_dag.py
[2026-07-09T12:42:47.835+0000] {processor.py:829} INFO - Processing file /opt/airflow/dags/binance_daily_dag.py for tasks to queue
[2026-07-09T12:42:47.837+0000] {logging_mixin.py:151} INFO - [2026-07-09T12:42:47.836+0000] {dagbag.py:539} INFO - Filling up the DagBag from /opt/airflow/dags/binance_daily_dag.py
[2026-07-09T12:42:51.505+0000] {processor.py:839} INFO - DAG(s) dict_keys(['daily_crypto_lstm_pipeline']) retrieved from /opt/airflow/dags/binance_daily_dag.py
[2026-07-09T12:42:51.548+0000] {logging_mixin.py:151} INFO - [2026-07-09T12:42:51.547+0000] {dag.py:2915} INFO - Sync 1 DAGs
[2026-07-09T12:42:51.924+0000] {logging_mixin.py:151} INFO - [2026-07-09T12:42:51.923+0000] {dag.py:3696} INFO - Setting next_dagrun for daily_crypto_lstm_pipeline to 2026-07-09T00:02:00+00:00, run_after=2026-07-10T00:02:00+00:00
[2026-07-09T12:42:51.961+0000] {processor.py:179} INFO - Processing /opt/airflow/dags/binance_daily_dag.py took 4.135 seconds
[2026-07-09T12:43:22.425+0000] {processor.py:157} INFO - Started process (PID=14914) to work on /opt/airflow/dags/binance_daily_dag.py
[2026-07-09T12:43:22.427+0000] {processor.py:829} INFO - Processing file /opt/airflow/dags/binance_daily_dag.py for tasks to queue
[2026-07-09T12:43:22.429+0000] {logging_mixin.py:151} INFO - [2026-07-09T12:43:22.429+0000] {dagbag.py:539} INFO - Filling up the DagBag from /opt/airflow/dags/binance_daily_dag.py
[2026-07-09T12:43:26.494+0000] {processor.py:839} INFO - DAG(s) dict_keys(['daily_crypto_lstm_pipeline']) retrieved from /opt/airflow/dags/binance_daily_dag.py
[2026-07-09T12:43:26.535+0000] {logging_mixin.py:151} INFO - [2026-07-09T12:43:26.535+0000] {dag.py:2915} INFO - Sync 1 DAGs
[2026-07-09T12:43:26.558+0000] {logging_mixin.py:151} INFO - [2026-07-09T12:43:26.558+0000] {dag.py:3696} INFO - Setting next_dagrun for daily_crypto_lstm_pipeline to 2026-07-09T00:02:00+00:00, run_after=2026-07-10T00:02:00+00:00
[2026-07-09T12:43:26.590+0000] {processor.py:179} INFO - Processing /opt/airflow/dags/binance_daily_dag.py took 4.173 seconds
[2026-07-09T12:43:56.937+0000] {processor.py:157} INFO - Started process (PID=14947) to work on /opt/airflow/dags/binance_daily_dag.py
[2026-07-09T12:43:56.938+0000] {processor.py:829} INFO - Processing file /opt/airflow/dags/binance_daily_dag.py for tasks to queue
[2026-07-09T12:43:56.939+0000] {logging_mixin.py:151} INFO - [2026-07-09T12:43:56.939+0000] {dagbag.py:539} INFO - Filling up the DagBag from /opt/airflow/dags/binance_daily_dag.py
[2026-07-09T12:44:00.779+0000] {processor.py:839} INFO - DAG(s) dict_keys(['daily_crypto_lstm_pipeline']) retrieved from /opt/airflow/dags/binance_daily_dag.py
[2026-07-09T12:44:00.803+0000] {logging_mixin.py:151} INFO - [2026-07-09T12:44:00.802+0000] {dag.py:2915} INFO - Sync 1 DAGs
[2026-07-09T12:44:00.843+0000] {logging_mixin.py:151} INFO - [2026-07-09T12:44:00.843+0000] {dag.py:3696} INFO - Setting next_dagrun for daily_crypto_lstm_pipeline to 2026-07-09T00:02:00+00:00, run_after=2026-07-10T00:02:00+00:00
[2026-07-09T12:44:01.222+0000] {processor.py:179} INFO - Processing /opt/airflow/dags/binance_daily_dag.py took 4.294 seconds
[2026-07-09T12:44:31.575+0000] {processor.py:157} INFO - Started process (PID=14987) to work on /opt/airflow/dags/binance_daily_dag.py
[2026-07-09T12:44:31.578+0000] {processor.py:829} INFO - Processing file /opt/airflow/dags/binance_daily_dag.py for tasks to queue
[2026-07-09T12:44:31.580+0000] {logging_mixin.py:151} INFO - [2026-07-09T12:44:31.579+0000] {dagbag.py:539} INFO - Filling up the DagBag from /opt/airflow/dags/binance_daily_dag.py
[2026-07-09T12:44:35.773+0000] {processor.py:839} INFO - DAG(s) dict_keys(['daily_crypto_lstm_pipeline']) retrieved from /opt/airflow/dags/binance_daily_dag.py
[2026-07-09T12:44:35.805+0000] {logging_mixin.py:151} INFO - [2026-07-09T12:44:35.804+0000] {dag.py:2915} INFO - Sync 1 DAGs
[2026-07-09T12:44:35.836+0000] {logging_mixin.py:151} INFO - [2026-07-09T12:44:35.836+0000] {dag.py:3696} INFO - Setting next_dagrun for daily_crypto_lstm_pipeline to 2026-07-09T00:02:00+00:00, run_after=2026-07-10T00:02:00+00:00
[2026-07-09T12:44:35.906+0000] {processor.py:179} INFO - Processing /opt/airflow/dags/binance_daily_dag.py took 4.338 seconds
[2026-07-09T12:45:07.343+0000] {processor.py:157} INFO - Started process (PID=15021) to work on /opt/airflow/dags/binance_daily_dag.py
[2026-07-09T12:45:07.345+0000] {processor.py:829} INFO - Processing file /opt/airflow/dags/binance_daily_dag.py for tasks to queue
[2026-07-09T12:45:07.346+0000] {logging_mixin.py:151} INFO - [2026-07-09T12:45:07.346+0000] {dagbag.py:539} INFO - Filling up the DagBag from /opt/airflow/dags/binance_daily_dag.py
[2026-07-09T12:45:19.319+0000] {processor.py:839} INFO - DAG(s) dict_keys(['daily_crypto_lstm_pipeline']) retrieved from /opt/airflow/dags/binance_daily_dag.py
[2026-07-09T12:45:19.359+0000] {logging_mixin.py:151} INFO - [2026-07-09T12:45:19.358+0000] {dag.py:2915} INFO - Sync 1 DAGs
[2026-07-09T12:45:19.394+0000] {logging_mixin.py:151} INFO - [2026-07-09T12:45:19.394+0000] {dag.py:3696} INFO - Setting next_dagrun for daily_crypto_lstm_pipeline to 2026-07-09T00:02:00+00:00, run_after=2026-07-10T00:02:00+00:00
[2026-07-09T12:45:19.441+0000] {processor.py:179} INFO - Processing /opt/airflow/dags/binance_daily_dag.py took 12.112 seconds
[2026-07-09T12:45:49.885+0000] {processor.py:157} INFO - Started process (PID=15054) to work on /opt/airflow/dags/binance_daily_dag.py
[2026-07-09T12:45:49.887+0000] {processor.py:829} INFO - Processing file /opt/airflow/dags/binance_daily_dag.py for tasks to queue
[2026-07-09T12:45:49.889+0000] {logging_mixin.py:151} INFO - [2026-07-09T12:45:49.889+0000] {dagbag.py:539} INFO - Filling up the DagBag from /opt/airflow/dags/binance_daily_dag.py
[2026-07-09T12:45:53.622+0000] {processor.py:839} INFO - DAG(s) dict_keys(['daily_crypto_lstm_pipeline']) retrieved from /opt/airflow/dags/binance_daily_dag.py
[2026-07-09T12:45:53.649+0000] {logging_mixin.py:151} INFO - [2026-07-09T12:45:53.649+0000] {dag.py:2915} INFO - Sync 1 DAGs
[2026-07-09T12:45:54.046+0000] {logging_mixin.py:151} INFO - [2026-07-09T12:45:54.045+0000] {dag.py:3696} INFO - Setting next_dagrun for daily_crypto_lstm_pipeline to 2026-07-09T00:02:00+00:00, run_after=2026-07-10T00:02:00+00:00
[2026-07-09T12:45:54.082+0000] {processor.py:179} INFO - Processing /opt/airflow/dags/binance_daily_dag.py took 4.206 seconds
[2026-07-09T12:46:25.143+0000] {processor.py:157} INFO - Started process (PID=15092) to work on /opt/airflow/dags/binance_daily_dag.py
[2026-07-09T12:46:25.150+0000] {processor.py:829} INFO - Processing file /opt/airflow/dags/binance_daily_dag.py for tasks to queue
[2026-07-09T12:46:25.153+0000] {logging_mixin.py:151} INFO - [2026-07-09T12:46:25.152+0000] {dagbag.py:539} INFO - Filling up the DagBag from /opt/airflow/dags/binance_daily_dag.py
[2026-07-09T12:46:29.430+0000] {processor.py:839} INFO - DAG(s) dict_keys(['daily_crypto_lstm_pipeline']) retrieved from /opt/airflow/dags/binance_daily_dag.py
[2026-07-09T12:46:29.467+0000] {logging_mixin.py:151} INFO - [2026-07-09T12:46:29.466+0000] {dag.py:2915} INFO - Sync 1 DAGs
[2026-07-09T12:46:29.507+0000] {logging_mixin.py:151} INFO - [2026-07-09T12:46:29.506+0000] {dag.py:3696} INFO - Setting next_dagrun for daily_crypto_lstm_pipeline to 2026-07-09T00:02:00+00:00, run_after=2026-07-10T00:02:00+00:00
[2026-07-09T12:46:29.578+0000] {processor.py:179} INFO - Processing /opt/airflow/dags/binance_daily_dag.py took 4.443 seconds
[2026-07-09T12:47:00.444+0000] {processor.py:157} INFO - Started process (PID=15132) to work on /opt/airflow/dags/binance_daily_dag.py
[2026-07-09T12:47:00.450+0000] {processor.py:829} INFO - Processing file /opt/airflow/dags/binance_daily_dag.py for tasks to queue
[2026-07-09T12:47:00.457+0000] {logging_mixin.py:151} INFO - [2026-07-09T12:47:00.456+0000] {dagbag.py:539} INFO - Filling up the DagBag from /opt/airflow/dags/binance_daily_dag.py
[2026-07-09T12:47:07.231+0000] {processor.py:839} INFO - DAG(s) dict_keys(['daily_crypto_lstm_pipeline']) retrieved from /opt/airflow/dags/binance_daily_dag.py
[2026-07-09T12:47:07.285+0000] {logging_mixin.py:151} INFO - [2026-07-09T12:47:07.284+0000] {dag.py:2915} INFO - Sync 1 DAGs
[2026-07-09T12:47:07.336+0000] {logging_mixin.py:151} INFO - [2026-07-09T12:47:07.336+0000] {dag.py:3696} INFO - Setting next_dagrun for daily_crypto_lstm_pipeline to 2026-07-09T00:02:00+00:00, run_after=2026-07-10T00:02:00+00:00
[2026-07-09T12:47:07.377+0000] {processor.py:179} INFO - Processing /opt/airflow/dags/binance_daily_dag.py took 6.941 seconds
[2026-07-09T12:47:37.980+0000] {processor.py:157} INFO - Started process (PID=15165) to work on /opt/airflow/dags/binance_daily_dag.py
[2026-07-09T12:47:37.984+0000] {processor.py:829} INFO - Processing file /opt/airflow/dags/binance_daily_dag.py for tasks to queue
[2026-07-09T12:47:37.988+0000] {logging_mixin.py:151} INFO - [2026-07-09T12:47:37.987+0000] {dagbag.py:539} INFO - Filling up the DagBag from /opt/airflow/dags/binance_daily_dag.py
[2026-07-09T12:47:43.111+0000] {processor.py:839} INFO - DAG(s) dict_keys(['daily_crypto_lstm_pipeline']) retrieved from /opt/airflow/dags/binance_daily_dag.py
[2026-07-09T12:47:43.146+0000] {logging_mixin.py:151} INFO - [2026-07-09T12:47:43.145+0000] {dag.py:2915} INFO - Sync 1 DAGs
[2026-07-09T12:47:43.171+0000] {logging_mixin.py:151} INFO - [2026-07-09T12:47:43.170+0000] {dag.py:3696} INFO - Setting next_dagrun for daily_crypto_lstm_pipeline to 2026-07-09T00:02:00+00:00, run_after=2026-07-10T00:02:00+00:00
[2026-07-09T12:47:43.253+0000] {processor.py:179} INFO - Processing /opt/airflow/dags/binance_daily_dag.py took 5.282 seconds
[2026-07-09T12:48:14.142+0000] {processor.py:157} INFO - Started process (PID=15198) to work on /opt/airflow/dags/binance_daily_dag.py
[2026-07-09T12:48:14.144+0000] {processor.py:829} INFO - Processing file /opt/airflow/dags/binance_daily_dag.py for tasks to queue
[2026-07-09T12:48:14.148+0000] {logging_mixin.py:151} INFO - [2026-07-09T12:48:14.147+0000] {dagbag.py:539} INFO - Filling up the DagBag from /opt/airflow/dags/binance_daily_dag.py
[2026-07-09T12:48:18.636+0000] {processor.py:839} INFO - DAG(s) dict_keys(['daily_crypto_lstm_pipeline']) retrieved from /opt/airflow/dags/binance_daily_dag.py
[2026-07-09T12:48:18.678+0000] {logging_mixin.py:151} INFO - [2026-07-09T12:48:18.676+0000] {dag.py:2915} INFO - Sync 1 DAGs
[2026-07-09T12:48:18.714+0000] {logging_mixin.py:151} INFO - [2026-07-09T12:48:18.713+0000] {dag.py:3696} INFO - Setting next_dagrun for daily_crypto_lstm_pipeline to 2026-07-09T00:02:00+00:00, run_after=2026-07-10T00:02:00+00:00
[2026-07-09T12:48:18.783+0000] {processor.py:179} INFO - Processing /opt/airflow/dags/binance_daily_dag.py took 4.649 seconds
[2026-07-09T12:48:48.977+0000] {processor.py:157} INFO - Started process (PID=15231) to work on /opt/airflow/dags/binance_daily_dag.py
[2026-07-09T12:48:48.980+0000] {processor.py:829} INFO - Processing file /opt/airflow/dags/binance_daily_dag.py for tasks to queue
[2026-07-09T12:48:48.982+0000] {logging_mixin.py:151} INFO - [2026-07-09T12:48:48.981+0000] {dagbag.py:539} INFO - Filling up the DagBag from /opt/airflow/dags/binance_daily_dag.py
[2026-07-09T12:48:54.010+0000] {processor.py:839} INFO - DAG(s) dict_keys(['daily_crypto_lstm_pipeline']) retrieved from /opt/airflow/dags/binance_daily_dag.py
[2026-07-09T12:48:54.038+0000] {logging_mixin.py:151} INFO - [2026-07-09T12:48:54.037+0000] {dag.py:2915} INFO - Sync 1 DAGs
[2026-07-09T12:48:54.082+0000] {logging_mixin.py:151} INFO - [2026-07-09T12:48:54.082+0000] {dag.py:3696} INFO - Setting next_dagrun for daily_crypto_lstm_pipeline to 2026-07-09T00:02:00+00:00, run_after=2026-07-10T00:02:00+00:00
[2026-07-09T12:48:54.158+0000] {processor.py:179} INFO - Processing /opt/airflow/dags/binance_daily_dag.py took 5.189 seconds
[2026-07-09T12:49:24.307+0000] {processor.py:157} INFO - Started process (PID=15266) to work on /opt/airflow/dags/binance_daily_dag.py
[2026-07-09T12:49:24.309+0000] {processor.py:829} INFO - Processing file /opt/airflow/dags/binance_daily_dag.py for tasks to queue
[2026-07-09T12:49:24.311+0000] {logging_mixin.py:151} INFO - [2026-07-09T12:49:24.310+0000] {dagbag.py:539} INFO - Filling up the DagBag from /opt/airflow/dags/binance_daily_dag.py
[2026-07-09T12:49:28.574+0000] {processor.py:839} INFO - DAG(s) dict_keys(['daily_crypto_lstm_pipeline']) retrieved from /opt/airflow/dags/binance_daily_dag.py
[2026-07-09T12:49:28.623+0000] {logging_mixin.py:151} INFO - [2026-07-09T12:49:28.621+0000] {dag.py:2915} INFO - Sync 1 DAGs
[2026-07-09T12:49:28.656+0000] {logging_mixin.py:151} INFO - [2026-07-09T12:49:28.655+0000] {dag.py:3696} INFO - Setting next_dagrun for daily_crypto_lstm_pipeline to 2026-07-09T00:02:00+00:00, run_after=2026-07-10T00:02:00+00:00
[2026-07-09T12:49:28.688+0000] {processor.py:179} INFO - Processing /opt/airflow/dags/binance_daily_dag.py took 4.391 seconds
[2026-07-09T12:49:59.043+0000] {processor.py:157} INFO - Started process (PID=15299) to work on /opt/airflow/dags/binance_daily_dag.py
[2026-07-09T12:49:59.045+0000] {processor.py:829} INFO - Processing file /opt/airflow/dags/binance_daily_dag.py for tasks to queue
[2026-07-09T12:49:59.047+0000] {logging_mixin.py:151} INFO - [2026-07-09T12:49:59.046+0000] {dagbag.py:539} INFO - Filling up the DagBag from /opt/airflow/dags/binance_daily_dag.py
[2026-07-09T12:50:03.648+0000] {processor.py:839} INFO - DAG(s) dict_keys(['daily_crypto_lstm_pipeline']) retrieved from /opt/airflow/dags/binance_daily_dag.py
[2026-07-09T12:50:03.674+0000] {logging_mixin.py:151} INFO - [2026-07-09T12:50:03.674+0000] {dag.py:2915} INFO - Sync 1 DAGs
[2026-07-09T12:50:03.724+0000] {logging_mixin.py:151} INFO - [2026-07-09T12:50:03.723+0000] {dag.py:3696} INFO - Setting next_dagrun for daily_crypto_lstm_pipeline to 2026-07-09T00:02:00+00:00, run_after=2026-07-10T00:02:00+00:00
[2026-07-09T12:50:03.766+0000] {processor.py:179} INFO - Processing /opt/airflow/dags/binance_daily_dag.py took 4.731 seconds
[2026-07-09T12:50:34.875+0000] {processor.py:157} INFO - Started process (PID=15345) to work on /opt/airflow/dags/binance_daily_dag.py
[2026-07-09T12:50:34.877+0000] {processor.py:829} INFO - Processing file /opt/airflow/dags/binance_daily_dag.py for tasks to queue
[2026-07-09T12:50:34.879+0000] {logging_mixin.py:151} INFO - [2026-07-09T12:50:34.878+0000] {dagbag.py:539} INFO - Filling up the DagBag from /opt/airflow/dags/binance_daily_dag.py
[2026-07-09T12:50:39.990+0000] {processor.py:839} INFO - DAG(s) dict_keys(['daily_crypto_lstm_pipeline']) retrieved from /opt/airflow/dags/binance_daily_dag.py
[2026-07-09T12:50:40.034+0000] {logging_mixin.py:151} INFO - [2026-07-09T12:50:40.033+0000] {dag.py:2915} INFO - Sync 1 DAGs
[2026-07-09T12:50:40.080+0000] {logging_mixin.py:151} INFO - [2026-07-09T12:50:40.079+0000] {dag.py:3696} INFO - Setting next_dagrun for daily_crypto_lstm_pipeline to 2026-07-09T00:02:00+00:00, run_after=2026-07-10T00:02:00+00:00
[2026-07-09T12:50:40.129+0000] {processor.py:179} INFO - Processing /opt/airflow/dags/binance_daily_dag.py took 5.264 seconds
[2026-07-09T12:51:11.045+0000] {processor.py:157} INFO - Started process (PID=15378) to work on /opt/airflow/dags/binance_daily_dag.py
[2026-07-09T12:51:11.048+0000] {processor.py:829} INFO - Processing file /opt/airflow/dags/binance_daily_dag.py for tasks to queue
[2026-07-09T12:51:11.051+0000] {logging_mixin.py:151} INFO - [2026-07-09T12:51:11.050+0000] {dagbag.py:539} INFO - Filling up the DagBag from /opt/airflow/dags/binance_daily_dag.py
[2026-07-09T12:51:16.474+0000] {processor.py:839} INFO - DAG(s) dict_keys(['daily_crypto_lstm_pipeline']) retrieved from /opt/airflow/dags/binance_daily_dag.py
[2026-07-09T12:51:16.573+0000] {logging_mixin.py:151} INFO - [2026-07-09T12:51:16.572+0000] {dag.py:2915} INFO - Sync 1 DAGs
[2026-07-09T12:51:16.623+0000] {logging_mixin.py:151} INFO - [2026-07-09T12:51:16.623+0000] {dag.py:3696} INFO - Setting next_dagrun for daily_crypto_lstm_pipeline to 2026-07-09T00:02:00+00:00, run_after=2026-07-10T00:02:00+00:00
[2026-07-09T12:51:16.679+0000] {processor.py:179} INFO - Processing /opt/airflow/dags/binance_daily_dag.py took 5.641 seconds
[2026-07-09T12:51:47.285+0000] {processor.py:157} INFO - Started process (PID=15411) to work on /opt/airflow/dags/binance_daily_dag.py
[2026-07-09T12:51:47.288+0000] {processor.py:829} INFO - Processing file /opt/airflow/dags/binance_daily_dag.py for tasks to queue
[2026-07-09T12:51:47.290+0000] {logging_mixin.py:151} INFO - [2026-07-09T12:51:47.289+0000] {dagbag.py:539} INFO - Filling up the DagBag from /opt/airflow/dags/binance_daily_dag.py
[2026-07-09T12:51:52.488+0000] {processor.py:839} INFO - DAG(s) dict_keys(['daily_crypto_lstm_pipeline']) retrieved from /opt/airflow/dags/binance_daily_dag.py
[2026-07-09T12:51:52.522+0000] {logging_mixin.py:151} INFO - [2026-07-09T12:51:52.521+0000] {dag.py:2915} INFO - Sync 1 DAGs
[2026-07-09T12:51:52.547+0000] {logging_mixin.py:151} INFO - [2026-07-09T12:51:52.547+0000] {dag.py:3696} INFO - Setting next_dagrun for daily_crypto_lstm_pipeline to 2026-07-09T00:02:00+00:00, run_after=2026-07-10T00:02:00+00:00
[2026-07-09T12:51:52.640+0000] {processor.py:179} INFO - Processing /opt/airflow/dags/binance_daily_dag.py took 5.361 seconds
[2026-07-09T12:52:23.032+0000] {processor.py:157} INFO - Started process (PID=15444) to work on /opt/airflow/dags/binance_daily_dag.py
[2026-07-09T12:52:23.034+0000] {processor.py:829} INFO - Processing file /opt/airflow/dags/binance_daily_dag.py for tasks to queue
[2026-07-09T12:52:23.036+0000] {logging_mixin.py:151} INFO - [2026-07-09T12:52:23.035+0000] {dagbag.py:539} INFO - Filling up the DagBag from /opt/airflow/dags/binance_daily_dag.py
[2026-07-09T12:52:27.030+0000] {processor.py:839} INFO - DAG(s) dict_keys(['daily_crypto_lstm_pipeline']) retrieved from /opt/airflow/dags/binance_daily_dag.py
[2026-07-09T12:52:27.122+0000] {logging_mixin.py:151} INFO - [2026-07-09T12:52:27.121+0000] {dag.py:2915} INFO - Sync 1 DAGs
[2026-07-09T12:52:27.168+0000] {logging_mixin.py:151} INFO - [2026-07-09T12:52:27.167+0000] {dag.py:3696} INFO - Setting next_dagrun for daily_crypto_lstm_pipeline to 2026-07-09T00:02:00+00:00, run_after=2026-07-10T00:02:00+00:00
[2026-07-09T12:52:27.235+0000] {processor.py:179} INFO - Processing /opt/airflow/dags/binance_daily_dag.py took 4.210 seconds
[2026-07-09T12:52:57.683+0000] {processor.py:157} INFO - Started process (PID=15477) to work on /opt/airflow/dags/binance_daily_dag.py
[2026-07-09T12:52:57.685+0000] {processor.py:829} INFO - Processing file /opt/airflow/dags/binance_daily_dag.py for tasks to queue
[2026-07-09T12:52:57.687+0000] {logging_mixin.py:151} INFO - [2026-07-09T12:52:57.687+0000] {dagbag.py:539} INFO - Filling up the DagBag from /opt/airflow/dags/binance_daily_dag.py
[2026-07-09T12:53:02.225+0000] {processor.py:839} INFO - DAG(s) dict_keys(['daily_crypto_lstm_pipeline']) retrieved from /opt/airflow/dags/binance_daily_dag.py
[2026-07-09T12:53:02.291+0000] {logging_mixin.py:151} INFO - [2026-07-09T12:53:02.290+0000] {dag.py:2915} INFO - Sync 1 DAGs
[2026-07-09T12:53:02.335+0000] {logging_mixin.py:151} INFO - [2026-07-09T12:53:02.334+0000] {dag.py:3696} INFO - Setting next_dagrun for daily_crypto_lstm_pipeline to 2026-07-09T00:02:00+00:00, run_after=2026-07-10T00:02:00+00:00
[2026-07-09T12:53:02.387+0000] {processor.py:179} INFO - Processing /opt/airflow/dags/binance_daily_dag.py took 4.713 seconds
[2026-07-09T12:53:32.962+0000] {processor.py:157} INFO - Started process (PID=15520) to work on /opt/airflow/dags/binance_daily_dag.py
[2026-07-09T12:53:32.969+0000] {processor.py:829} INFO - Processing file /opt/airflow/dags/binance_daily_dag.py for tasks to queue
[2026-07-09T12:53:32.973+0000] {logging_mixin.py:151} INFO - [2026-07-09T12:53:32.972+0000] {dagbag.py:539} INFO - Filling up the DagBag from /opt/airflow/dags/binance_daily_dag.py
[2026-07-09T12:53:37.356+0000] {processor.py:839} INFO - DAG(s) dict_keys(['daily_crypto_lstm_pipeline']) retrieved from /opt/airflow/dags/binance_daily_dag.py
[2026-07-09T12:53:37.389+0000] {logging_mixin.py:151} INFO - [2026-07-09T12:53:37.388+0000] {dag.py:2915} INFO - Sync 1 DAGs
[2026-07-09T12:53:37.420+0000] {logging_mixin.py:151} INFO - [2026-07-09T12:53:37.420+0000] {dag.py:3696} INFO - Setting next_dagrun for daily_crypto_lstm_pipeline to 2026-07-09T00:02:00+00:00, run_after=2026-07-10T00:02:00+00:00
[2026-07-09T12:53:37.501+0000] {processor.py:179} INFO - Processing /opt/airflow/dags/binance_daily_dag.py took 4.544 seconds
[2026-07-09T12:54:07.948+0000] {processor.py:157} INFO - Started process (PID=15553) to work on /opt/airflow/dags/binance_daily_dag.py
[2026-07-09T12:54:07.950+0000] {processor.py:829} INFO - Processing file /opt/airflow/dags/binance_daily_dag.py for tasks to queue
[2026-07-09T12:54:07.953+0000] {logging_mixin.py:151} INFO - [2026-07-09T12:54:07.952+0000] {dagbag.py:539} INFO - Filling up the DagBag from /opt/airflow/dags/binance_daily_dag.py
[2026-07-09T12:54:12.086+0000] {processor.py:839} INFO - DAG(s) dict_keys(['daily_crypto_lstm_pipeline']) retrieved from /opt/airflow/dags/binance_daily_dag.py
[2026-07-09T12:54:12.132+0000] {logging_mixin.py:151} INFO - [2026-07-09T12:54:12.130+0000] {dag.py:2915} INFO - Sync 1 DAGs
[2026-07-09T12:54:12.178+0000] {logging_mixin.py:151} INFO - [2026-07-09T12:54:12.178+0000] {dag.py:3696} INFO - Setting next_dagrun for daily_crypto_lstm_pipeline to 2026-07-09T00:02:00+00:00, run_after=2026-07-10T00:02:00+00:00
[2026-07-09T12:54:12.223+0000] {processor.py:179} INFO - Processing /opt/airflow/dags/binance_daily_dag.py took 4.283 seconds
[2026-07-09T12:54:42.804+0000] {processor.py:157} INFO - Started process (PID=15591) to work on /opt/airflow/dags/binance_daily_dag.py
[2026-07-09T12:54:42.810+0000] {processor.py:829} INFO - Processing file /opt/airflow/dags/binance_daily_dag.py for tasks to queue
[2026-07-09T12:54:42.812+0000] {logging_mixin.py:151} INFO - [2026-07-09T12:54:42.812+0000] {dagbag.py:539} INFO - Filling up the DagBag from /opt/airflow/dags/binance_daily_dag.py
[2026-07-09T12:54:47.782+0000] {processor.py:839} INFO - DAG(s) dict_keys(['daily_crypto_lstm_pipeline']) retrieved from /opt/airflow/dags/binance_daily_dag.py
[2026-07-09T12:54:47.812+0000] {logging_mixin.py:151} INFO - [2026-07-09T12:54:47.811+0000] {dag.py:2915} INFO - Sync 1 DAGs
[2026-07-09T12:54:47.859+0000] {logging_mixin.py:151} INFO - [2026-07-09T12:54:47.859+0000] {dag.py:3696} INFO - Setting next_dagrun for daily_crypto_lstm_pipeline to 2026-07-09T00:02:00+00:00, run_after=2026-07-10T00:02:00+00:00
[2026-07-09T12:54:47.932+0000] {processor.py:179} INFO - Processing /opt/airflow/dags/binance_daily_dag.py took 5.136 seconds
[2026-07-09T12:55:18.639+0000] {processor.py:157} INFO - Started process (PID=15624) to work on /opt/airflow/dags/binance_daily_dag.py
[2026-07-09T12:55:18.642+0000] {processor.py:829} INFO - Processing file /opt/airflow/dags/binance_daily_dag.py for tasks to queue
[2026-07-09T12:55:18.644+0000] {logging_mixin.py:151} INFO - [2026-07-09T12:55:18.644+0000] {dagbag.py:539} INFO - Filling up the DagBag from /opt/airflow/dags/binance_daily_dag.py
[2026-07-09T12:55:23.347+0000] {processor.py:839} INFO - DAG(s) dict_keys(['daily_crypto_lstm_pipeline']) retrieved from /opt/airflow/dags/binance_daily_dag.py
[2026-07-09T12:55:23.381+0000] {logging_mixin.py:151} INFO - [2026-07-09T12:55:23.381+0000] {dag.py:2915} INFO - Sync 1 DAGs
[2026-07-09T12:55:23.416+0000] {logging_mixin.py:151} INFO - [2026-07-09T12:55:23.415+0000] {dag.py:3696} INFO - Setting next_dagrun for daily_crypto_lstm_pipeline to 2026-07-09T00:02:00+00:00, run_after=2026-07-10T00:02:00+00:00
[2026-07-09T12:55:23.452+0000] {processor.py:179} INFO - Processing /opt/airflow/dags/binance_daily_dag.py took 4.821 seconds
[2026-07-09T12:55:53.869+0000] {processor.py:157} INFO - Started process (PID=15658) to work on /opt/airflow/dags/binance_daily_dag.py
[2026-07-09T12:55:53.870+0000] {processor.py:829} INFO - Processing file /opt/airflow/dags/binance_daily_dag.py for tasks to queue
[2026-07-09T12:55:53.872+0000] {logging_mixin.py:151} INFO - [2026-07-09T12:55:53.871+0000] {dagbag.py:539} INFO - Filling up the DagBag from /opt/airflow/dags/binance_daily_dag.py
[2026-07-09T12:55:57.807+0000] {processor.py:839} INFO - DAG(s) dict_keys(['daily_crypto_lstm_pipeline']) retrieved from /opt/airflow/dags/binance_daily_dag.py
[2026-07-09T12:55:57.843+0000] {logging_mixin.py:151} INFO - [2026-07-09T12:55:57.842+0000] {dag.py:2915} INFO - Sync 1 DAGs
[2026-07-09T12:55:57.872+0000] {logging_mixin.py:151} INFO - [2026-07-09T12:55:57.871+0000] {dag.py:3696} INFO - Setting next_dagrun for daily_crypto_lstm_pipeline to 2026-07-09T00:02:00+00:00, run_after=2026-07-10T00:02:00+00:00
[2026-07-09T12:55:57.894+0000] {processor.py:179} INFO - Processing /opt/airflow/dags/binance_daily_dag.py took 4.030 seconds
[2026-07-09T12:56:28.398+0000] {processor.py:157} INFO - Started process (PID=15691) to work on /opt/airflow/dags/binance_daily_dag.py
[2026-07-09T12:56:28.400+0000] {processor.py:829} INFO - Processing file /opt/airflow/dags/binance_daily_dag.py for tasks to queue
[2026-07-09T12:56:28.402+0000] {logging_mixin.py:151} INFO - [2026-07-09T12:56:28.401+0000] {dagbag.py:539} INFO - Filling up the DagBag from /opt/airflow/dags/binance_daily_dag.py
[2026-07-09T12:56:32.598+0000] {processor.py:839} INFO - DAG(s) dict_keys(['daily_crypto_lstm_pipeline']) retrieved from /opt/airflow/dags/binance_daily_dag.py
[2026-07-09T12:56:32.637+0000] {logging_mixin.py:151} INFO - [2026-07-09T12:56:32.636+0000] {dag.py:2915} INFO - Sync 1 DAGs
[2026-07-09T12:56:32.682+0000] {logging_mixin.py:151} INFO - [2026-07-09T12:56:32.682+0000] {dag.py:3696} INFO - Setting next_dagrun for daily_crypto_lstm_pipeline to 2026-07-09T00:02:00+00:00, run_after=2026-07-10T00:02:00+00:00
[2026-07-09T12:56:32.776+0000] {processor.py:179} INFO - Processing /opt/airflow/dags/binance_daily_dag.py took 4.387 seconds
[2026-07-09T12:57:03.045+0000] {processor.py:157} INFO - Started process (PID=15731) to work on /opt/airflow/dags/binance_daily_dag.py
[2026-07-09T12:57:03.047+0000] {processor.py:829} INFO - Processing file /opt/airflow/dags/binance_daily_dag.py for tasks to queue
[2026-07-09T12:57:03.048+0000] {logging_mixin.py:151} INFO - [2026-07-09T12:57:03.048+0000] {dagbag.py:539} INFO - Filling up the DagBag from /opt/airflow/dags/binance_daily_dag.py
[2026-07-09T12:57:06.744+0000] {processor.py:839} INFO - DAG(s) dict_keys(['daily_crypto_lstm_pipeline']) retrieved from /opt/airflow/dags/binance_daily_dag.py
[2026-07-09T12:57:06.776+0000] {logging_mixin.py:151} INFO - [2026-07-09T12:57:06.776+0000] {dag.py:2915} INFO - Sync 1 DAGs
[2026-07-09T12:57:06.799+0000] {logging_mixin.py:151} INFO - [2026-07-09T12:57:06.798+0000] {dag.py:3696} INFO - Setting next_dagrun for daily_crypto_lstm_pipeline to 2026-07-09T00:02:00+00:00, run_after=2026-07-10T00:02:00+00:00
[2026-07-09T12:57:06.848+0000] {processor.py:179} INFO - Processing /opt/airflow/dags/binance_daily_dag.py took 3.809 seconds
[2026-07-09T12:57:37.355+0000] {processor.py:157} INFO - Started process (PID=15764) to work on /opt/airflow/dags/binance_daily_dag.py
[2026-07-09T12:57:37.358+0000] {processor.py:829} INFO - Processing file /opt/airflow/dags/binance_daily_dag.py for tasks to queue
[2026-07-09T12:57:37.360+0000] {logging_mixin.py:151} INFO - [2026-07-09T12:57:37.360+0000] {dagbag.py:539} INFO - Filling up the DagBag from /opt/airflow/dags/binance_daily_dag.py
[2026-07-09T12:57:41.478+0000] {processor.py:839} INFO - DAG(s) dict_keys(['daily_crypto_lstm_pipeline']) retrieved from /opt/airflow/dags/binance_daily_dag.py
[2026-07-09T12:57:41.516+0000] {logging_mixin.py:151} INFO - [2026-07-09T12:57:41.514+0000] {dag.py:2915} INFO - Sync 1 DAGs
[2026-07-09T12:57:41.553+0000] {logging_mixin.py:151} INFO - [2026-07-09T12:57:41.553+0000] {dag.py:3696} INFO - Setting next_dagrun for daily_crypto_lstm_pipeline to 2026-07-09T00:02:00+00:00, run_after=2026-07-10T00:02:00+00:00
[2026-07-09T12:57:41.590+0000] {processor.py:179} INFO - Processing /opt/airflow/dags/binance_daily_dag.py took 4.242 seconds
[2026-07-09T12:58:11.872+0000] {processor.py:157} INFO - Started process (PID=15797) to work on /opt/airflow/dags/binance_daily_dag.py
[2026-07-09T12:58:11.875+0000] {processor.py:829} INFO - Processing file /opt/airflow/dags/binance_daily_dag.py for tasks to queue
[2026-07-09T12:58:11.877+0000] {logging_mixin.py:151} INFO - [2026-07-09T12:58:11.876+0000] {dagbag.py:539} INFO - Filling up the DagBag from /opt/airflow/dags/binance_daily_dag.py
[2026-07-09T12:58:16.331+0000] {processor.py:839} INFO - DAG(s) dict_keys(['daily_crypto_lstm_pipeline']) retrieved from /opt/airflow/dags/binance_daily_dag.py
[2026-07-09T12:58:16.366+0000] {logging_mixin.py:151} INFO - [2026-07-09T12:58:16.365+0000] {dag.py:2915} INFO - Sync 1 DAGs
[2026-07-09T12:58:16.399+0000] {logging_mixin.py:151} INFO - [2026-07-09T12:58:16.399+0000] {dag.py:3696} INFO - Setting next_dagrun for daily_crypto_lstm_pipeline to 2026-07-09T00:02:00+00:00, run_after=2026-07-10T00:02:00+00:00
[2026-07-09T12:58:16.426+0000] {processor.py:179} INFO - Processing /opt/airflow/dags/binance_daily_dag.py took 4.560 seconds
[2026-07-09T12:58:47.460+0000] {processor.py:157} INFO - Started process (PID=15836) to work on /opt/airflow/dags/binance_daily_dag.py
[2026-07-09T12:58:47.463+0000] {processor.py:829} INFO - Processing file /opt/airflow/dags/binance_daily_dag.py for tasks to queue
[2026-07-09T12:58:47.465+0000] {logging_mixin.py:151} INFO - [2026-07-09T12:58:47.464+0000] {dagbag.py:539} INFO - Filling up the DagBag from /opt/airflow/dags/binance_daily_dag.py
[2026-07-09T12:58:51.262+0000] {processor.py:839} INFO - DAG(s) dict_keys(['daily_crypto_lstm_pipeline']) retrieved from /opt/airflow/dags/binance_daily_dag.py
[2026-07-09T12:58:51.299+0000] {logging_mixin.py:151} INFO - [2026-07-09T12:58:51.298+0000] {dag.py:2915} INFO - Sync 1 DAGs
[2026-07-09T12:58:51.333+0000] {logging_mixin.py:151} INFO - [2026-07-09T12:58:51.333+0000] {dag.py:3696} INFO - Setting next_dagrun for daily_crypto_lstm_pipeline to 2026-07-09T00:02:00+00:00, run_after=2026-07-10T00:02:00+00:00
[2026-07-09T12:58:51.374+0000] {processor.py:179} INFO - Processing /opt/airflow/dags/binance_daily_dag.py took 3.921 seconds
[2026-07-09T12:59:22.009+0000] {processor.py:157} INFO - Started process (PID=15869) to work on /opt/airflow/dags/binance_daily_dag.py
[2026-07-09T12:59:22.012+0000] {processor.py:829} INFO - Processing file /opt/airflow/dags/binance_daily_dag.py for tasks to queue
[2026-07-09T12:59:22.014+0000] {logging_mixin.py:151} INFO - [2026-07-09T12:59:22.013+0000] {dagbag.py:539} INFO - Filling up the DagBag from /opt/airflow/dags/binance_daily_dag.py
[2026-07-09T12:59:26.233+0000] {processor.py:839} INFO - DAG(s) dict_keys(['daily_crypto_lstm_pipeline']) retrieved from /opt/airflow/dags/binance_daily_dag.py
[2026-07-09T12:59:26.271+0000] {logging_mixin.py:151} INFO - [2026-07-09T12:59:26.270+0000] {dag.py:2915} INFO - Sync 1 DAGs
[2026-07-09T12:59:26.305+0000] {logging_mixin.py:151} INFO - [2026-07-09T12:59:26.305+0000] {dag.py:3696} INFO - Setting next_dagrun for daily_crypto_lstm_pipeline to 2026-07-09T00:02:00+00:00, run_after=2026-07-10T00:02:00+00:00
[2026-07-09T12:59:26.346+0000] {processor.py:179} INFO - Processing /opt/airflow/dags/binance_daily_dag.py took 4.345 seconds
[2026-07-09T12:59:56.723+0000] {processor.py:157} INFO - Started process (PID=15904) to work on /opt/airflow/dags/binance_daily_dag.py
[2026-07-09T12:59:56.726+0000] {processor.py:829} INFO - Processing file /opt/airflow/dags/binance_daily_dag.py for tasks to queue
[2026-07-09T12:59:56.729+0000] {logging_mixin.py:151} INFO - [2026-07-09T12:59:56.727+0000] {dagbag.py:539} INFO - Filling up the DagBag from /opt/airflow/dags/binance_daily_dag.py
[2026-07-09T13:00:01.314+0000] {processor.py:839} INFO - DAG(s) dict_keys(['daily_crypto_lstm_pipeline']) retrieved from /opt/airflow/dags/binance_daily_dag.py
[2026-07-09T13:00:01.345+0000] {logging_mixin.py:151} INFO - [2026-07-09T13:00:01.344+0000] {dag.py:2915} INFO - Sync 1 DAGs
[2026-07-09T13:00:01.391+0000] {logging_mixin.py:151} INFO - [2026-07-09T13:00:01.390+0000] {dag.py:3696} INFO - Setting next_dagrun for daily_crypto_lstm_pipeline to 2026-07-09T00:02:00+00:00, run_after=2026-07-10T00:02:00+00:00
[2026-07-09T13:00:01.475+0000] {processor.py:179} INFO - Processing /opt/airflow/dags/binance_daily_dag.py took 4.761 seconds
[2026-07-09T13:00:32.288+0000] {processor.py:157} INFO - Started process (PID=15937) to work on /opt/airflow/dags/binance_daily_dag.py
[2026-07-09T13:00:32.291+0000] {processor.py:829} INFO - Processing file /opt/airflow/dags/binance_daily_dag.py for tasks to queue
[2026-07-09T13:00:32.294+0000] {logging_mixin.py:151} INFO - [2026-07-09T13:00:32.293+0000] {dagbag.py:539} INFO - Filling up the DagBag from /opt/airflow/dags/binance_daily_dag.py
[2026-07-09T13:00:35.985+0000] {processor.py:839} INFO - DAG(s) dict_keys(['daily_crypto_lstm_pipeline']) retrieved from /opt/airflow/dags/binance_daily_dag.py
[2026-07-09T13:00:36.025+0000] {logging_mixin.py:151} INFO - [2026-07-09T13:00:36.024+0000] {dag.py:2915} INFO - Sync 1 DAGs
[2026-07-09T13:00:36.066+0000] {logging_mixin.py:151} INFO - [2026-07-09T13:00:36.066+0000] {dag.py:3696} INFO - Setting next_dagrun for daily_crypto_lstm_pipeline to 2026-07-09T00:02:00+00:00, run_after=2026-07-10T00:02:00+00:00
[2026-07-09T13:00:36.106+0000] {processor.py:179} INFO - Processing /opt/airflow/dags/binance_daily_dag.py took 3.827 seconds
[2026-07-09T13:01:06.468+0000] {processor.py:157} INFO - Started process (PID=15977) to work on /opt/airflow/dags/binance_daily_dag.py
[2026-07-09T13:01:06.470+0000] {processor.py:829} INFO - Processing file /opt/airflow/dags/binance_daily_dag.py for tasks to queue
[2026-07-09T13:01:06.471+0000] {logging_mixin.py:151} INFO - [2026-07-09T13:01:06.470+0000] {dagbag.py:539} INFO - Filling up the DagBag from /opt/airflow/dags/binance_daily_dag.py
[2026-07-09T13:01:10.350+0000] {processor.py:839} INFO - DAG(s) dict_keys(['daily_crypto_lstm_pipeline']) retrieved from /opt/airflow/dags/binance_daily_dag.py
[2026-07-09T13:01:10.386+0000] {logging_mixin.py:151} INFO - [2026-07-09T13:01:10.385+0000] {dag.py:2915} INFO - Sync 1 DAGs
[2026-07-09T13:01:10.422+0000] {logging_mixin.py:151} INFO - [2026-07-09T13:01:10.422+0000] {dag.py:3696} INFO - Setting next_dagrun for daily_crypto_lstm_pipeline to 2026-07-09T00:02:00+00:00, run_after=2026-07-10T00:02:00+00:00
[2026-07-09T13:01:10.450+0000] {processor.py:179} INFO - Processing /opt/airflow/dags/binance_daily_dag.py took 3.986 seconds
[2026-07-09T13:01:40.623+0000] {processor.py:157} INFO - Started process (PID=16010) to work on /opt/airflow/dags/binance_daily_dag.py
[2026-07-09T13:01:40.625+0000] {processor.py:829} INFO - Processing file /opt/airflow/dags/binance_daily_dag.py for tasks to queue
[2026-07-09T13:01:40.626+0000] {logging_mixin.py:151} INFO - [2026-07-09T13:01:40.625+0000] {dagbag.py:539} INFO - Filling up the DagBag from /opt/airflow/dags/binance_daily_dag.py
[2026-07-09T13:01:44.582+0000] {processor.py:839} INFO - DAG(s) dict_keys(['daily_crypto_lstm_pipeline']) retrieved from /opt/airflow/dags/binance_daily_dag.py
[2026-07-09T13:01:44.622+0000] {logging_mixin.py:151} INFO - [2026-07-09T13:01:44.621+0000] {dag.py:2915} INFO - Sync 1 DAGs
[2026-07-09T13:01:44.659+0000] {logging_mixin.py:151} INFO - [2026-07-09T13:01:44.658+0000] {dag.py:3696} INFO - Setting next_dagrun for daily_crypto_lstm_pipeline to 2026-07-09T00:02:00+00:00, run_after=2026-07-10T00:02:00+00:00
[2026-07-09T13:01:44.690+0000] {processor.py:179} INFO - Processing /opt/airflow/dags/binance_daily_dag.py took 4.071 seconds
[2026-07-09T13:02:15.127+0000] {processor.py:157} INFO - Started process (PID=16043) to work on /opt/airflow/dags/binance_daily_dag.py
[2026-07-09T13:02:15.130+0000] {processor.py:829} INFO - Processing file /opt/airflow/dags/binance_daily_dag.py for tasks to queue
[2026-07-09T13:02:15.132+0000] {logging_mixin.py:151} INFO - [2026-07-09T13:02:15.131+0000] {dagbag.py:539} INFO - Filling up the DagBag from /opt/airflow/dags/binance_daily_dag.py
[2026-07-09T13:02:18.798+0000] {processor.py:839} INFO - DAG(s) dict_keys(['daily_crypto_lstm_pipeline']) retrieved from /opt/airflow/dags/binance_daily_dag.py
[2026-07-09T13:02:18.822+0000] {logging_mixin.py:151} INFO - [2026-07-09T13:02:18.821+0000] {dag.py:2915} INFO - Sync 1 DAGs
[2026-07-09T13:02:18.849+0000] {logging_mixin.py:151} INFO - [2026-07-09T13:02:18.848+0000] {dag.py:3696} INFO - Setting next_dagrun for daily_crypto_lstm_pipeline to 2026-07-09T00:02:00+00:00, run_after=2026-07-10T00:02:00+00:00
[2026-07-09T13:02:18.888+0000] {processor.py:179} INFO - Processing /opt/airflow/dags/binance_daily_dag.py took 3.769 seconds
[2026-07-09T13:02:49.473+0000] {processor.py:157} INFO - Started process (PID=16081) to work on /opt/airflow/dags/binance_daily_dag.py
[2026-07-09T13:02:49.475+0000] {processor.py:829} INFO - Processing file /opt/airflow/dags/binance_daily_dag.py for tasks to queue
[2026-07-09T13:02:49.477+0000] {logging_mixin.py:151} INFO - [2026-07-09T13:02:49.476+0000] {dagbag.py:539} INFO - Filling up the DagBag from /opt/airflow/dags/binance_daily_dag.py
[2026-07-09T13:02:53.534+0000] {processor.py:839} INFO - DAG(s) dict_keys(['daily_crypto_lstm_pipeline']) retrieved from /opt/airflow/dags/binance_daily_dag.py
[2026-07-09T13:02:53.565+0000] {logging_mixin.py:151} INFO - [2026-07-09T13:02:53.564+0000] {dag.py:2915} INFO - Sync 1 DAGs
[2026-07-09T13:02:53.612+0000] {logging_mixin.py:151} INFO - [2026-07-09T13:02:53.611+0000] {dag.py:3696} INFO - Setting next_dagrun for daily_crypto_lstm_pipeline to 2026-07-09T00:02:00+00:00, run_after=2026-07-10T00:02:00+00:00
[2026-07-09T13:02:53.645+0000] {processor.py:179} INFO - Processing /opt/airflow/dags/binance_daily_dag.py took 4.179 seconds
[2026-07-09T13:03:24.176+0000] {processor.py:157} INFO - Started process (PID=16114) to work on /opt/airflow/dags/binance_daily_dag.py
[2026-07-09T13:03:24.178+0000] {processor.py:829} INFO - Processing file /opt/airflow/dags/binance_daily_dag.py for tasks to queue
[2026-07-09T13:03:24.180+0000] {logging_mixin.py:151} INFO - [2026-07-09T13:03:24.180+0000] {dagbag.py:539} INFO - Filling up the DagBag from /opt/airflow/dags/binance_daily_dag.py
[2026-07-09T13:03:28.755+0000] {processor.py:839} INFO - DAG(s) dict_keys(['daily_crypto_lstm_pipeline']) retrieved from /opt/airflow/dags/binance_daily_dag.py
[2026-07-09T13:03:28.787+0000] {logging_mixin.py:151} INFO - [2026-07-09T13:03:28.786+0000] {dag.py:2915} INFO - Sync 1 DAGs
[2026-07-09T13:03:28.807+0000] {logging_mixin.py:151} INFO - [2026-07-09T13:03:28.806+0000] {dag.py:3696} INFO - Setting next_dagrun for daily_crypto_lstm_pipeline to 2026-07-09T00:02:00+00:00, run_after=2026-07-10T00:02:00+00:00
[2026-07-09T13:03:28.881+0000] {processor.py:179} INFO - Processing /opt/airflow/dags/binance_daily_dag.py took 4.713 seconds
[2026-07-09T13:03:59.514+0000] {processor.py:157} INFO - Started process (PID=16147) to work on /opt/airflow/dags/binance_daily_dag.py
[2026-07-09T13:03:59.516+0000] {processor.py:829} INFO - Processing file /opt/airflow/dags/binance_daily_dag.py for tasks to queue
[2026-07-09T13:03:59.518+0000] {logging_mixin.py:151} INFO - [2026-07-09T13:03:59.517+0000] {dagbag.py:539} INFO - Filling up the DagBag from /opt/airflow/dags/binance_daily_dag.py
[2026-07-09T13:04:03.883+0000] {processor.py:839} INFO - DAG(s) dict_keys(['daily_crypto_lstm_pipeline']) retrieved from /opt/airflow/dags/binance_daily_dag.py
[2026-07-09T13:04:03.918+0000] {logging_mixin.py:151} INFO - [2026-07-09T13:04:03.918+0000] {dag.py:2915} INFO - Sync 1 DAGs
[2026-07-09T13:04:03.959+0000] {logging_mixin.py:151} INFO - [2026-07-09T13:04:03.959+0000] {dag.py:3696} INFO - Setting next_dagrun for daily_crypto_lstm_pipeline to 2026-07-09T00:02:00+00:00, run_after=2026-07-10T00:02:00+00:00
[2026-07-09T13:04:04.020+0000] {processor.py:179} INFO - Processing /opt/airflow/dags/binance_daily_dag.py took 4.514 seconds
[2026-07-09T13:04:34.490+0000] {processor.py:157} INFO - Started process (PID=16187) to work on /opt/airflow/dags/binance_daily_dag.py
[2026-07-09T13:04:34.492+0000] {processor.py:829} INFO - Processing file /opt/airflow/dags/binance_daily_dag.py for tasks to queue
[2026-07-09T13:04:34.497+0000] {logging_mixin.py:151} INFO - [2026-07-09T13:04:34.495+0000] {dagbag.py:539} INFO - Filling up the DagBag from /opt/airflow/dags/binance_daily_dag.py
[2026-07-09T13:04:38.833+0000] {processor.py:839} INFO - DAG(s) dict_keys(['daily_crypto_lstm_pipeline']) retrieved from /opt/airflow/dags/binance_daily_dag.py
[2026-07-09T13:04:38.874+0000] {logging_mixin.py:151} INFO - [2026-07-09T13:04:38.873+0000] {dag.py:2915} INFO - Sync 1 DAGs
[2026-07-09T13:04:38.919+0000] {logging_mixin.py:151} INFO - [2026-07-09T13:04:38.918+0000] {dag.py:3696} INFO - Setting next_dagrun for daily_crypto_lstm_pipeline to 2026-07-09T00:02:00+00:00, run_after=2026-07-10T00:02:00+00:00
[2026-07-09T13:04:38.974+0000] {processor.py:179} INFO - Processing /opt/airflow/dags/binance_daily_dag.py took 4.491 seconds
[2026-07-09T13:05:09.609+0000] {processor.py:157} INFO - Started process (PID=16220) to work on /opt/airflow/dags/binance_daily_dag.py
[2026-07-09T13:05:09.612+0000] {processor.py:829} INFO - Processing file /opt/airflow/dags/binance_daily_dag.py for tasks to queue
[2026-07-09T13:05:09.617+0000] {logging_mixin.py:151} INFO - [2026-07-09T13:05:09.616+0000] {dagbag.py:539} INFO - Filling up the DagBag from /opt/airflow/dags/binance_daily_dag.py
[2026-07-09T13:05:14.105+0000] {processor.py:839} INFO - DAG(s) dict_keys(['daily_crypto_lstm_pipeline']) retrieved from /opt/airflow/dags/binance_daily_dag.py
[2026-07-09T13:05:14.142+0000] {logging_mixin.py:151} INFO - [2026-07-09T13:05:14.141+0000] {dag.py:2915} INFO - Sync 1 DAGs
[2026-07-09T13:05:14.194+0000] {logging_mixin.py:151} INFO - [2026-07-09T13:05:14.193+0000] {dag.py:3696} INFO - Setting next_dagrun for daily_crypto_lstm_pipeline to 2026-07-09T00:02:00+00:00, run_after=2026-07-10T00:02:00+00:00
[2026-07-09T13:05:14.255+0000] {processor.py:179} INFO - Processing /opt/airflow/dags/binance_daily_dag.py took 4.652 seconds
[2026-07-09T13:05:44.991+0000] {processor.py:157} INFO - Started process (PID=16253) to work on /opt/airflow/dags/binance_daily_dag.py
[2026-07-09T13:05:44.993+0000] {processor.py:829} INFO - Processing file /opt/airflow/dags/binance_daily_dag.py for tasks to queue
[2026-07-09T13:05:44.995+0000] {logging_mixin.py:151} INFO - [2026-07-09T13:05:44.995+0000] {dagbag.py:539} INFO - Filling up the DagBag from /opt/airflow/dags/binance_daily_dag.py
[2026-07-09T13:05:49.379+0000] {processor.py:839} INFO - DAG(s) dict_keys(['daily_crypto_lstm_pipeline']) retrieved from /opt/airflow/dags/binance_daily_dag.py
[2026-07-09T13:05:49.427+0000] {logging_mixin.py:151} INFO - [2026-07-09T13:05:49.426+0000] {dag.py:2915} INFO - Sync 1 DAGs
[2026-07-09T13:05:49.471+0000] {logging_mixin.py:151} INFO - [2026-07-09T13:05:49.470+0000] {dag.py:3696} INFO - Setting next_dagrun for daily_crypto_lstm_pipeline to 2026-07-09T00:02:00+00:00, run_after=2026-07-10T00:02:00+00:00
[2026-07-09T13:05:49.518+0000] {processor.py:179} INFO - Processing /opt/airflow/dags/binance_daily_dag.py took 4.536 seconds
[2026-07-09T13:06:19.702+0000] {processor.py:157} INFO - Started process (PID=16286) to work on /opt/airflow/dags/binance_daily_dag.py
[2026-07-09T13:06:19.705+0000] {processor.py:829} INFO - Processing file /opt/airflow/dags/binance_daily_dag.py for tasks to queue
[2026-07-09T13:06:19.709+0000] {logging_mixin.py:151} INFO - [2026-07-09T13:06:19.708+0000] {dagbag.py:539} INFO - Filling up the DagBag from /opt/airflow/dags/binance_daily_dag.py
[2026-07-09T13:06:24.323+0000] {processor.py:839} INFO - DAG(s) dict_keys(['daily_crypto_lstm_pipeline']) retrieved from /opt/airflow/dags/binance_daily_dag.py
[2026-07-09T13:06:24.390+0000] {logging_mixin.py:151} INFO - [2026-07-09T13:06:24.389+0000] {dag.py:2915} INFO - Sync 1 DAGs
[2026-07-09T13:06:24.454+0000] {logging_mixin.py:151} INFO - [2026-07-09T13:06:24.453+0000] {dag.py:3696} INFO - Setting next_dagrun for daily_crypto_lstm_pipeline to 2026-07-09T00:02:00+00:00, run_after=2026-07-10T00:02:00+00:00
[2026-07-09T13:06:24.503+0000] {processor.py:179} INFO - Processing /opt/airflow/dags/binance_daily_dag.py took 4.807 seconds
[2026-07-09T13:06:55.273+0000] {processor.py:157} INFO - Started process (PID=16324) to work on /opt/airflow/dags/binance_daily_dag.py
[2026-07-09T13:06:55.276+0000] {processor.py:829} INFO - Processing file /opt/airflow/dags/binance_daily_dag.py for tasks to queue
[2026-07-09T13:06:55.279+0000] {logging_mixin.py:151} INFO - [2026-07-09T13:06:55.278+0000] {dagbag.py:539} INFO - Filling up the DagBag from /opt/airflow/dags/binance_daily_dag.py
[2026-07-09T13:07:01.543+0000] {processor.py:839} INFO - DAG(s) dict_keys(['daily_crypto_lstm_pipeline']) retrieved from /opt/airflow/dags/binance_daily_dag.py
[2026-07-09T13:07:01.575+0000] {logging_mixin.py:151} INFO - [2026-07-09T13:07:01.575+0000] {dag.py:2915} INFO - Sync 1 DAGs
[2026-07-09T13:07:01.600+0000] {logging_mixin.py:151} INFO - [2026-07-09T13:07:01.599+0000] {dag.py:3696} INFO - Setting next_dagrun for daily_crypto_lstm_pipeline to 2026-07-09T00:02:00+00:00, run_after=2026-07-10T00:02:00+00:00
[2026-07-09T13:07:01.641+0000] {processor.py:179} INFO - Processing /opt/airflow/dags/binance_daily_dag.py took 6.380 seconds
[2026-07-09T13:07:32.230+0000] {processor.py:157} INFO - Started process (PID=16357) to work on /opt/airflow/dags/binance_daily_dag.py
[2026-07-09T13:07:32.233+0000] {processor.py:829} INFO - Processing file /opt/airflow/dags/binance_daily_dag.py for tasks to queue
[2026-07-09T13:07:32.235+0000] {logging_mixin.py:151} INFO - [2026-07-09T13:07:32.234+0000] {dagbag.py:539} INFO - Filling up the DagBag from /opt/airflow/dags/binance_daily_dag.py
[2026-07-09T13:07:36.800+0000] {processor.py:839} INFO - DAG(s) dict_keys(['daily_crypto_lstm_pipeline']) retrieved from /opt/airflow/dags/binance_daily_dag.py
[2026-07-09T13:07:36.837+0000] {logging_mixin.py:151} INFO - [2026-07-09T13:07:36.836+0000] {dag.py:2915} INFO - Sync 1 DAGs
[2026-07-09T13:07:36.878+0000] {logging_mixin.py:151} INFO - [2026-07-09T13:07:36.877+0000] {dag.py:3696} INFO - Setting next_dagrun for daily_crypto_lstm_pipeline to 2026-07-09T00:02:00+00:00, run_after=2026-07-10T00:02:00+00:00
[2026-07-09T13:07:36.944+0000] {processor.py:179} INFO - Processing /opt/airflow/dags/binance_daily_dag.py took 4.723 seconds
[2026-07-09T13:08:07.462+0000] {processor.py:157} INFO - Started process (PID=16397) to work on /opt/airflow/dags/binance_daily_dag.py
[2026-07-09T13:08:07.463+0000] {processor.py:829} INFO - Processing file /opt/airflow/dags/binance_daily_dag.py for tasks to queue
[2026-07-09T13:08:07.465+0000] {logging_mixin.py:151} INFO - [2026-07-09T13:08:07.464+0000] {dagbag.py:539} INFO - Filling up the DagBag from /opt/airflow/dags/binance_daily_dag.py
[2026-07-09T13:08:11.258+0000] {processor.py:839} INFO - DAG(s) dict_keys(['daily_crypto_lstm_pipeline']) retrieved from /opt/airflow/dags/binance_daily_dag.py
[2026-07-09T13:08:11.297+0000] {logging_mixin.py:151} INFO - [2026-07-09T13:08:11.296+0000] {dag.py:2915} INFO - Sync 1 DAGs
[2026-07-09T13:08:11.338+0000] {logging_mixin.py:151} INFO - [2026-07-09T13:08:11.338+0000] {dag.py:3696} INFO - Setting next_dagrun for daily_crypto_lstm_pipeline to 2026-07-09T00:02:00+00:00, run_after=2026-07-10T00:02:00+00:00
[2026-07-09T13:08:11.415+0000] {processor.py:179} INFO - Processing /opt/airflow/dags/binance_daily_dag.py took 3.957 seconds
[2026-07-09T13:08:41.890+0000] {processor.py:157} INFO - Started process (PID=16430) to work on /opt/airflow/dags/binance_daily_dag.py
[2026-07-09T13:08:41.892+0000] {processor.py:829} INFO - Processing file /opt/airflow/dags/binance_daily_dag.py for tasks to queue
[2026-07-09T13:08:41.893+0000] {logging_mixin.py:151} INFO - [2026-07-09T13:08:41.893+0000] {dagbag.py:539} INFO - Filling up the DagBag from /opt/airflow/dags/binance_daily_dag.py
[2026-07-09T13:08:46.096+0000] {processor.py:839} INFO - DAG(s) dict_keys(['daily_crypto_lstm_pipeline']) retrieved from /opt/airflow/dags/binance_daily_dag.py
[2026-07-09T13:08:46.162+0000] {logging_mixin.py:151} INFO - [2026-07-09T13:08:46.161+0000] {dag.py:2915} INFO - Sync 1 DAGs
[2026-07-09T13:08:46.205+0000] {logging_mixin.py:151} INFO - [2026-07-09T13:08:46.205+0000] {dag.py:3696} INFO - Setting next_dagrun for daily_crypto_lstm_pipeline to 2026-07-09T00:02:00+00:00, run_after=2026-07-10T00:02:00+00:00
[2026-07-09T13:08:46.235+0000] {processor.py:179} INFO - Processing /opt/airflow/dags/binance_daily_dag.py took 4.353 seconds
[2026-07-09T13:09:16.451+0000] {processor.py:157} INFO - Started process (PID=16463) to work on /opt/airflow/dags/binance_daily_dag.py
[2026-07-09T13:09:16.453+0000] {processor.py:829} INFO - Processing file /opt/airflow/dags/binance_daily_dag.py for tasks to queue
[2026-07-09T13:09:16.455+0000] {logging_mixin.py:151} INFO - [2026-07-09T13:09:16.455+0000] {dagbag.py:539} INFO - Filling up the DagBag from /opt/airflow/dags/binance_daily_dag.py
[2026-07-09T13:09:20.473+0000] {processor.py:839} INFO - DAG(s) dict_keys(['daily_crypto_lstm_pipeline']) retrieved from /opt/airflow/dags/binance_daily_dag.py
[2026-07-09T13:09:20.555+0000] {logging_mixin.py:151} INFO - [2026-07-09T13:09:20.553+0000] {dag.py:2915} INFO - Sync 1 DAGs
[2026-07-09T13:09:20.594+0000] {logging_mixin.py:151} INFO - [2026-07-09T13:09:20.594+0000] {dag.py:3696} INFO - Setting next_dagrun for daily_crypto_lstm_pipeline to 2026-07-09T00:02:00+00:00, run_after=2026-07-10T00:02:00+00:00
[2026-07-09T13:09:20.630+0000] {processor.py:179} INFO - Processing /opt/airflow/dags/binance_daily_dag.py took 4.185 seconds
[2026-07-09T13:09:50.920+0000] {processor.py:157} INFO - Started process (PID=16496) to work on /opt/airflow/dags/binance_daily_dag.py
[2026-07-09T13:09:50.923+0000] {processor.py:829} INFO - Processing file /opt/airflow/dags/binance_daily_dag.py for tasks to queue
[2026-07-09T13:09:50.924+0000] {logging_mixin.py:151} INFO - [2026-07-09T13:09:50.924+0000] {dagbag.py:539} INFO - Filling up the DagBag from /opt/airflow/dags/binance_daily_dag.py
[2026-07-09T13:09:55.005+0000] {processor.py:839} INFO - DAG(s) dict_keys(['daily_crypto_lstm_pipeline']) retrieved from /opt/airflow/dags/binance_daily_dag.py
[2026-07-09T13:09:55.046+0000] {logging_mixin.py:151} INFO - [2026-07-09T13:09:55.045+0000] {dag.py:2915} INFO - Sync 1 DAGs
[2026-07-09T13:09:55.090+0000] {logging_mixin.py:151} INFO - [2026-07-09T13:09:55.090+0000] {dag.py:3696} INFO - Setting next_dagrun for daily_crypto_lstm_pipeline to 2026-07-09T00:02:00+00:00, run_after=2026-07-10T00:02:00+00:00
[2026-07-09T13:09:55.127+0000] {processor.py:179} INFO - Processing /opt/airflow/dags/binance_daily_dag.py took 4.213 seconds
[2026-07-09T13:10:25.321+0000] {processor.py:157} INFO - Started process (PID=16536) to work on /opt/airflow/dags/binance_daily_dag.py
[2026-07-09T13:10:25.323+0000] {processor.py:829} INFO - Processing file /opt/airflow/dags/binance_daily_dag.py for tasks to queue
[2026-07-09T13:10:25.326+0000] {logging_mixin.py:151} INFO - [2026-07-09T13:10:25.325+0000] {dagbag.py:539} INFO - Filling up the DagBag from /opt/airflow/dags/binance_daily_dag.py
[2026-07-09T13:10:29.132+0000] {processor.py:839} INFO - DAG(s) dict_keys(['daily_crypto_lstm_pipeline']) retrieved from /opt/airflow/dags/binance_daily_dag.py
[2026-07-09T13:10:29.168+0000] {logging_mixin.py:151} INFO - [2026-07-09T13:10:29.167+0000] {dag.py:2915} INFO - Sync 1 DAGs
[2026-07-09T13:10:29.195+0000] {logging_mixin.py:151} INFO - [2026-07-09T13:10:29.195+0000] {dag.py:3696} INFO - Setting next_dagrun for daily_crypto_lstm_pipeline to 2026-07-09T00:02:00+00:00, run_after=2026-07-10T00:02:00+00:00
[2026-07-09T13:10:29.238+0000] {processor.py:179} INFO - Processing /opt/airflow/dags/binance_daily_dag.py took 3.927 seconds
[2026-07-09T13:10:59.455+0000] {processor.py:157} INFO - Started process (PID=16569) to work on /opt/airflow/dags/binance_daily_dag.py
[2026-07-09T13:10:59.458+0000] {processor.py:829} INFO - Processing file /opt/airflow/dags/binance_daily_dag.py for tasks to queue
[2026-07-09T13:10:59.460+0000] {logging_mixin.py:151} INFO - [2026-07-09T13:10:59.459+0000] {dagbag.py:539} INFO - Filling up the DagBag from /opt/airflow/dags/binance_daily_dag.py
[2026-07-09T13:11:03.358+0000] {processor.py:839} INFO - DAG(s) dict_keys(['daily_crypto_lstm_pipeline']) retrieved from /opt/airflow/dags/binance_daily_dag.py
[2026-07-09T13:11:03.398+0000] {logging_mixin.py:151} INFO - [2026-07-09T13:11:03.397+0000] {dag.py:2915} INFO - Sync 1 DAGs
[2026-07-09T13:11:03.432+0000] {logging_mixin.py:151} INFO - [2026-07-09T13:11:03.432+0000] {dag.py:3696} INFO - Setting next_dagrun for daily_crypto_lstm_pipeline to 2026-07-09T00:02:00+00:00, run_after=2026-07-10T00:02:00+00:00
[2026-07-09T13:11:03.504+0000] {processor.py:179} INFO - Processing /opt/airflow/dags/binance_daily_dag.py took 4.056 seconds
[2026-07-09T13:11:33.740+0000] {processor.py:157} INFO - Started process (PID=16602) to work on /opt/airflow/dags/binance_daily_dag.py
[2026-07-09T13:11:33.742+0000] {processor.py:829} INFO - Processing file /opt/airflow/dags/binance_daily_dag.py for tasks to queue
[2026-07-09T13:11:33.744+0000] {logging_mixin.py:151} INFO - [2026-07-09T13:11:33.744+0000] {dagbag.py:539} INFO - Filling up the DagBag from /opt/airflow/dags/binance_daily_dag.py
[2026-07-09T13:11:37.570+0000] {processor.py:839} INFO - DAG(s) dict_keys(['daily_crypto_lstm_pipeline']) retrieved from /opt/airflow/dags/binance_daily_dag.py
[2026-07-09T13:11:37.607+0000] {logging_mixin.py:151} INFO - [2026-07-09T13:11:37.607+0000] {dag.py:2915} INFO - Sync 1 DAGs
[2026-07-09T13:11:37.637+0000] {logging_mixin.py:151} INFO - [2026-07-09T13:11:37.637+0000] {dag.py:3696} INFO - Setting next_dagrun for daily_crypto_lstm_pipeline to 2026-07-09T00:02:00+00:00, run_after=2026-07-10T00:02:00+00:00
[2026-07-09T13:11:37.662+0000] {processor.py:179} INFO - Processing /opt/airflow/dags/binance_daily_dag.py took 3.928 seconds
[2026-07-09T13:12:08.263+0000] {processor.py:157} INFO - Started process (PID=16642) to work on /opt/airflow/dags/binance_daily_dag.py
[2026-07-09T13:12:08.266+0000] {processor.py:829} INFO - Processing file /opt/airflow/dags/binance_daily_dag.py for tasks to queue
[2026-07-09T13:12:08.268+0000] {logging_mixin.py:151} INFO - [2026-07-09T13:12:08.267+0000] {dagbag.py:539} INFO - Filling up the DagBag from /opt/airflow/dags/binance_daily_dag.py
[2026-07-09T13:12:12.131+0000] {processor.py:839} INFO - DAG(s) dict_keys(['daily_crypto_lstm_pipeline']) retrieved from /opt/airflow/dags/binance_daily_dag.py
[2026-07-09T13:12:12.161+0000] {logging_mixin.py:151} INFO - [2026-07-09T13:12:12.160+0000] {dag.py:2915} INFO - Sync 1 DAGs
[2026-07-09T13:12:12.200+0000] {logging_mixin.py:151} INFO - [2026-07-09T13:12:12.199+0000] {dag.py:3696} INFO - Setting next_dagrun for daily_crypto_lstm_pipeline to 2026-07-09T00:02:00+00:00, run_after=2026-07-10T00:02:00+00:00
[2026-07-09T13:12:12.287+0000] {processor.py:179} INFO - Processing /opt/airflow/dags/binance_daily_dag.py took 4.032 seconds
[2026-07-09T13:12:42.676+0000] {processor.py:157} INFO - Started process (PID=16675) to work on /opt/airflow/dags/binance_daily_dag.py
[2026-07-09T13:12:42.680+0000] {processor.py:829} INFO - Processing file /opt/airflow/dags/binance_daily_dag.py for tasks to queue
[2026-07-09T13:12:42.682+0000] {logging_mixin.py:151} INFO - [2026-07-09T13:12:42.681+0000] {dagbag.py:539} INFO - Filling up the DagBag from /opt/airflow/dags/binance_daily_dag.py
[2026-07-09T13:12:46.589+0000] {processor.py:839} INFO - DAG(s) dict_keys(['daily_crypto_lstm_pipeline']) retrieved from /opt/airflow/dags/binance_daily_dag.py
[2026-07-09T13:12:46.632+0000] {logging_mixin.py:151} INFO - [2026-07-09T13:12:46.632+0000] {dag.py:2915} INFO - Sync 1 DAGs
[2026-07-09T13:12:46.653+0000] {logging_mixin.py:151} INFO - [2026-07-09T13:12:46.653+0000] {dag.py:3696} INFO - Setting next_dagrun for daily_crypto_lstm_pipeline to 2026-07-09T00:02:00+00:00, run_after=2026-07-10T00:02:00+00:00
[2026-07-09T13:12:46.729+0000] {processor.py:179} INFO - Processing /opt/airflow/dags/binance_daily_dag.py took 4.067 seconds
[2026-07-09T13:13:17.119+0000] {processor.py:157} INFO - Started process (PID=16706) to work on /opt/airflow/dags/binance_daily_dag.py
[2026-07-09T13:13:17.122+0000] {processor.py:829} INFO - Processing file /opt/airflow/dags/binance_daily_dag.py for tasks to queue
[2026-07-09T13:13:17.124+0000] {logging_mixin.py:151} INFO - [2026-07-09T13:13:17.124+0000] {dagbag.py:539} INFO - Filling up the DagBag from /opt/airflow/dags/binance_daily_dag.py
[2026-07-09T13:13:21.251+0000] {processor.py:839} INFO - DAG(s) dict_keys(['daily_crypto_lstm_pipeline']) retrieved from /opt/airflow/dags/binance_daily_dag.py
[2026-07-09T13:13:21.274+0000] {logging_mixin.py:151} INFO - [2026-07-09T13:13:21.273+0000] {dag.py:2915} INFO - Sync 1 DAGs
[2026-07-09T13:13:21.319+0000] {logging_mixin.py:151} INFO - [2026-07-09T13:13:21.319+0000] {dag.py:3696} INFO - Setting next_dagrun for daily_crypto_lstm_pipeline to 2026-07-09T00:02:00+00:00, run_after=2026-07-10T00:02:00+00:00
[2026-07-09T13:13:21.368+0000] {processor.py:179} INFO - Processing /opt/airflow/dags/binance_daily_dag.py took 4.254 seconds
[2026-07-09T13:13:51.644+0000] {processor.py:157} INFO - Started process (PID=16739) to work on /opt/airflow/dags/binance_daily_dag.py
[2026-07-09T13:13:51.647+0000] {processor.py:829} INFO - Processing file /opt/airflow/dags/binance_daily_dag.py for tasks to queue
[2026-07-09T13:13:51.649+0000] {logging_mixin.py:151} INFO - [2026-07-09T13:13:51.649+0000] {dagbag.py:539} INFO - Filling up the DagBag from /opt/airflow/dags/binance_daily_dag.py
[2026-07-09T13:13:55.805+0000] {processor.py:839} INFO - DAG(s) dict_keys(['daily_crypto_lstm_pipeline']) retrieved from /opt/airflow/dags/binance_daily_dag.py
[2026-07-09T13:13:55.841+0000] {logging_mixin.py:151} INFO - [2026-07-09T13:13:55.840+0000] {dag.py:2915} INFO - Sync 1 DAGs
[2026-07-09T13:13:55.864+0000] {logging_mixin.py:151} INFO - [2026-07-09T13:13:55.864+0000] {dag.py:3696} INFO - Setting next_dagrun for daily_crypto_lstm_pipeline to 2026-07-09T00:02:00+00:00, run_after=2026-07-10T00:02:00+00:00
[2026-07-09T13:13:55.909+0000] {processor.py:179} INFO - Processing /opt/airflow/dags/binance_daily_dag.py took 4.276 seconds
[2026-07-09T13:14:26.231+0000] {processor.py:157} INFO - Started process (PID=16772) to work on /opt/airflow/dags/binance_daily_dag.py
[2026-07-09T13:14:26.234+0000] {processor.py:829} INFO - Processing file /opt/airflow/dags/binance_daily_dag.py for tasks to queue
[2026-07-09T13:14:26.236+0000] {logging_mixin.py:151} INFO - [2026-07-09T13:14:26.235+0000] {dagbag.py:539} INFO - Filling up the DagBag from /opt/airflow/dags/binance_daily_dag.py
[2026-07-09T13:14:30.338+0000] {processor.py:839} INFO - DAG(s) dict_keys(['daily_crypto_lstm_pipeline']) retrieved from /opt/airflow/dags/binance_daily_dag.py
[2026-07-09T13:14:30.380+0000] {logging_mixin.py:151} INFO - [2026-07-09T13:14:30.379+0000] {dag.py:2915} INFO - Sync 1 DAGs
[2026-07-09T13:14:30.435+0000] {logging_mixin.py:151} INFO - [2026-07-09T13:14:30.434+0000] {dag.py:3696} INFO - Setting next_dagrun for daily_crypto_lstm_pipeline to 2026-07-09T00:02:00+00:00, run_after=2026-07-10T00:02:00+00:00
[2026-07-09T13:14:30.519+0000] {processor.py:179} INFO - Processing /opt/airflow/dags/binance_daily_dag.py took 4.296 seconds
[2026-07-09T13:15:01.010+0000] {processor.py:157} INFO - Started process (PID=16810) to work on /opt/airflow/dags/binance_daily_dag.py
[2026-07-09T13:15:01.012+0000] {processor.py:829} INFO - Processing file /opt/airflow/dags/binance_daily_dag.py for tasks to queue
[2026-07-09T13:15:01.014+0000] {logging_mixin.py:151} INFO - [2026-07-09T13:15:01.013+0000] {dagbag.py:539} INFO - Filling up the DagBag from /opt/airflow/dags/binance_daily_dag.py
[2026-07-09T13:15:05.225+0000] {processor.py:839} INFO - DAG(s) dict_keys(['daily_crypto_lstm_pipeline']) retrieved from /opt/airflow/dags/binance_daily_dag.py
[2026-07-09T13:15:05.262+0000] {logging_mixin.py:151} INFO - [2026-07-09T13:15:05.261+0000] {dag.py:2915} INFO - Sync 1 DAGs
[2026-07-09T13:15:05.302+0000] {logging_mixin.py:151} INFO - [2026-07-09T13:15:05.301+0000] {dag.py:3696} INFO - Setting next_dagrun for daily_crypto_lstm_pipeline to 2026-07-09T00:02:00+00:00, run_after=2026-07-10T00:02:00+00:00
[2026-07-09T13:15:05.339+0000] {processor.py:179} INFO - Processing /opt/airflow/dags/binance_daily_dag.py took 4.337 seconds
[2026-07-09T13:15:35.565+0000] {processor.py:157} INFO - Started process (PID=16843) to work on /opt/airflow/dags/binance_daily_dag.py
[2026-07-09T13:15:35.568+0000] {processor.py:829} INFO - Processing file /opt/airflow/dags/binance_daily_dag.py for tasks to queue
[2026-07-09T13:15:35.570+0000] {logging_mixin.py:151} INFO - [2026-07-09T13:15:35.569+0000] {dagbag.py:539} INFO - Filling up the DagBag from /opt/airflow/dags/binance_daily_dag.py
[2026-07-09T13:15:40.057+0000] {processor.py:839} INFO - DAG(s) dict_keys(['daily_crypto_lstm_pipeline']) retrieved from /opt/airflow/dags/binance_daily_dag.py
[2026-07-09T13:15:40.156+0000] {logging_mixin.py:151} INFO - [2026-07-09T13:15:40.155+0000] {dag.py:2915} INFO - Sync 1 DAGs
[2026-07-09T13:15:40.199+0000] {logging_mixin.py:151} INFO - [2026-07-09T13:15:40.199+0000] {dag.py:3696} INFO - Setting next_dagrun for daily_crypto_lstm_pipeline to 2026-07-09T00:02:00+00:00, run_after=2026-07-10T00:02:00+00:00
[2026-07-09T13:15:40.219+0000] {processor.py:179} INFO - Processing /opt/airflow/dags/binance_daily_dag.py took 4.665 seconds
[2026-07-09T13:16:11.258+0000] {processor.py:157} INFO - Started process (PID=16882) to work on /opt/airflow/dags/binance_daily_dag.py
[2026-07-09T13:16:11.263+0000] {processor.py:829} INFO - Processing file /opt/airflow/dags/binance_daily_dag.py for tasks to queue
[2026-07-09T13:16:11.267+0000] {logging_mixin.py:151} INFO - [2026-07-09T13:16:11.266+0000] {dagbag.py:539} INFO - Filling up the DagBag from /opt/airflow/dags/binance_daily_dag.py
[2026-07-09T13:16:16.119+0000] {processor.py:839} INFO - DAG(s) dict_keys(['daily_crypto_lstm_pipeline']) retrieved from /opt/airflow/dags/binance_daily_dag.py
[2026-07-09T13:16:16.170+0000] {logging_mixin.py:151} INFO - [2026-07-09T13:16:16.169+0000] {dag.py:2915} INFO - Sync 1 DAGs
[2026-07-09T13:16:16.222+0000] {logging_mixin.py:151} INFO - [2026-07-09T13:16:16.222+0000] {dag.py:3696} INFO - Setting next_dagrun for daily_crypto_lstm_pipeline to 2026-07-09T00:02:00+00:00, run_after=2026-07-10T00:02:00+00:00
[2026-07-09T13:16:16.277+0000] {processor.py:179} INFO - Processing /opt/airflow/dags/binance_daily_dag.py took 5.029 seconds
[2026-07-09T13:16:46.944+0000] {processor.py:157} INFO - Started process (PID=16916) to work on /opt/airflow/dags/binance_daily_dag.py
[2026-07-09T13:16:46.947+0000] {processor.py:829} INFO - Processing file /opt/airflow/dags/binance_daily_dag.py for tasks to queue
[2026-07-09T13:16:46.949+0000] {logging_mixin.py:151} INFO - [2026-07-09T13:16:46.949+0000] {dagbag.py:539} INFO - Filling up the DagBag from /opt/airflow/dags/binance_daily_dag.py
[2026-07-09T13:16:51.568+0000] {processor.py:839} INFO - DAG(s) dict_keys(['daily_crypto_lstm_pipeline']) retrieved from /opt/airflow/dags/binance_daily_dag.py
[2026-07-09T13:16:51.630+0000] {logging_mixin.py:151} INFO - [2026-07-09T13:16:51.628+0000] {dag.py:2915} INFO - Sync 1 DAGs
[2026-07-09T13:16:51.677+0000] {logging_mixin.py:151} INFO - [2026-07-09T13:16:51.676+0000] {dag.py:3696} INFO - Setting next_dagrun for daily_crypto_lstm_pipeline to 2026-07-09T00:02:00+00:00, run_after=2026-07-10T00:02:00+00:00
[2026-07-09T13:16:51.737+0000] {processor.py:179} INFO - Processing /opt/airflow/dags/binance_daily_dag.py took 4.801 seconds
[2026-07-09T13:17:22.356+0000] {processor.py:157} INFO - Started process (PID=16951) to work on /opt/airflow/dags/binance_daily_dag.py
[2026-07-09T13:17:22.359+0000] {processor.py:829} INFO - Processing file /opt/airflow/dags/binance_daily_dag.py for tasks to queue
[2026-07-09T13:17:22.361+0000] {logging_mixin.py:151} INFO - [2026-07-09T13:17:22.361+0000] {dagbag.py:539} INFO - Filling up the DagBag from /opt/airflow/dags/binance_daily_dag.py
[2026-07-09T13:17:26.329+0000] {processor.py:839} INFO - DAG(s) dict_keys(['daily_crypto_lstm_pipeline']) retrieved from /opt/airflow/dags/binance_daily_dag.py
[2026-07-09T13:17:26.366+0000] {logging_mixin.py:151} INFO - [2026-07-09T13:17:26.365+0000] {dag.py:2915} INFO - Sync 1 DAGs
[2026-07-09T13:17:26.398+0000] {logging_mixin.py:151} INFO - [2026-07-09T13:17:26.398+0000] {dag.py:3696} INFO - Setting next_dagrun for daily_crypto_lstm_pipeline to 2026-07-09T00:02:00+00:00, run_after=2026-07-10T00:02:00+00:00
[2026-07-09T13:17:26.434+0000] {processor.py:179} INFO - Processing /opt/airflow/dags/binance_daily_dag.py took 4.084 seconds
[2026-07-09T13:17:56.998+0000] {processor.py:157} INFO - Started process (PID=16984) to work on /opt/airflow/dags/binance_daily_dag.py
[2026-07-09T13:17:57.000+0000] {processor.py:829} INFO - Processing file /opt/airflow/dags/binance_daily_dag.py for tasks to queue
[2026-07-09T13:17:57.002+0000] {logging_mixin.py:151} INFO - [2026-07-09T13:17:57.002+0000] {dagbag.py:539} INFO - Filling up the DagBag from /opt/airflow/dags/binance_daily_dag.py
[2026-07-09T13:18:00.549+0000] {processor.py:839} INFO - DAG(s) dict_keys(['daily_crypto_lstm_pipeline']) retrieved from /opt/airflow/dags/binance_daily_dag.py
[2026-07-09T13:18:00.583+0000] {logging_mixin.py:151} INFO - [2026-07-09T13:18:00.582+0000] {dag.py:2915} INFO - Sync 1 DAGs
[2026-07-09T13:18:00.621+0000] {logging_mixin.py:151} INFO - [2026-07-09T13:18:00.620+0000] {dag.py:3696} INFO - Setting next_dagrun for daily_crypto_lstm_pipeline to 2026-07-09T00:02:00+00:00, run_after=2026-07-10T00:02:00+00:00
[2026-07-09T13:18:00.660+0000] {processor.py:179} INFO - Processing /opt/airflow/dags/binance_daily_dag.py took 3.673 seconds
[2026-07-09T13:18:31.449+0000] {processor.py:157} INFO - Started process (PID=17017) to work on /opt/airflow/dags/binance_daily_dag.py
[2026-07-09T13:18:31.451+0000] {processor.py:829} INFO - Processing file /opt/airflow/dags/binance_daily_dag.py for tasks to queue
[2026-07-09T13:18:31.453+0000] {logging_mixin.py:151} INFO - [2026-07-09T13:18:31.452+0000] {dagbag.py:539} INFO - Filling up the DagBag from /opt/airflow/dags/binance_daily_dag.py
[2026-07-09T13:18:36.157+0000] {processor.py:839} INFO - DAG(s) dict_keys(['daily_crypto_lstm_pipeline']) retrieved from /opt/airflow/dags/binance_daily_dag.py
[2026-07-09T13:18:36.218+0000] {logging_mixin.py:151} INFO - [2026-07-09T13:18:36.216+0000] {dag.py:2915} INFO - Sync 1 DAGs
[2026-07-09T13:18:36.262+0000] {logging_mixin.py:151} INFO - [2026-07-09T13:18:36.262+0000] {dag.py:3696} INFO - Setting next_dagrun for daily_crypto_lstm_pipeline to 2026-07-09T00:02:00+00:00, run_after=2026-07-10T00:02:00+00:00
[2026-07-09T13:18:36.306+0000] {processor.py:179} INFO - Processing /opt/airflow/dags/binance_daily_dag.py took 4.862 seconds
[2026-07-09T13:19:06.862+0000] {processor.py:157} INFO - Started process (PID=17055) to work on /opt/airflow/dags/binance_daily_dag.py
[2026-07-09T13:19:06.864+0000] {processor.py:829} INFO - Processing file /opt/airflow/dags/binance_daily_dag.py for tasks to queue
[2026-07-09T13:19:06.867+0000] {logging_mixin.py:151} INFO - [2026-07-09T13:19:06.866+0000] {dagbag.py:539} INFO - Filling up the DagBag from /opt/airflow/dags/binance_daily_dag.py
[2026-07-09T13:19:10.630+0000] {processor.py:839} INFO - DAG(s) dict_keys(['daily_crypto_lstm_pipeline']) retrieved from /opt/airflow/dags/binance_daily_dag.py
[2026-07-09T13:19:10.676+0000] {logging_mixin.py:151} INFO - [2026-07-09T13:19:10.676+0000] {dag.py:2915} INFO - Sync 1 DAGs
[2026-07-09T13:19:10.713+0000] {logging_mixin.py:151} INFO - [2026-07-09T13:19:10.712+0000] {dag.py:3696} INFO - Setting next_dagrun for daily_crypto_lstm_pipeline to 2026-07-09T00:02:00+00:00, run_after=2026-07-10T00:02:00+00:00
[2026-07-09T13:19:10.738+0000] {processor.py:179} INFO - Processing /opt/airflow/dags/binance_daily_dag.py took 3.883 seconds
[2026-07-09T13:19:41.321+0000] {processor.py:157} INFO - Started process (PID=17095) to work on /opt/airflow/dags/binance_daily_dag.py
[2026-07-09T13:19:41.323+0000] {processor.py:829} INFO - Processing file /opt/airflow/dags/binance_daily_dag.py for tasks to queue
[2026-07-09T13:19:41.325+0000] {logging_mixin.py:151} INFO - [2026-07-09T13:19:41.325+0000] {dagbag.py:539} INFO - Filling up the DagBag from /opt/airflow/dags/binance_daily_dag.py
[2026-07-09T13:19:45.239+0000] {processor.py:839} INFO - DAG(s) dict_keys(['daily_crypto_lstm_pipeline']) retrieved from /opt/airflow/dags/binance_daily_dag.py
[2026-07-09T13:19:45.263+0000] {logging_mixin.py:151} INFO - [2026-07-09T13:19:45.263+0000] {dag.py:2915} INFO - Sync 1 DAGs
[2026-07-09T13:19:45.289+0000] {logging_mixin.py:151} INFO - [2026-07-09T13:19:45.289+0000] {dag.py:3696} INFO - Setting next_dagrun for daily_crypto_lstm_pipeline to 2026-07-09T00:02:00+00:00, run_after=2026-07-10T00:02:00+00:00
[2026-07-09T13:19:45.325+0000] {processor.py:179} INFO - Processing /opt/airflow/dags/binance_daily_dag.py took 4.011 seconds
[2026-07-09T13:20:15.997+0000] {processor.py:157} INFO - Started process (PID=17128) to work on /opt/airflow/dags/binance_daily_dag.py
[2026-07-09T13:20:15.998+0000] {processor.py:829} INFO - Processing file /opt/airflow/dags/binance_daily_dag.py for tasks to queue
[2026-07-09T13:20:15.999+0000] {logging_mixin.py:151} INFO - [2026-07-09T13:20:15.999+0000] {dagbag.py:539} INFO - Filling up the DagBag from /opt/airflow/dags/binance_daily_dag.py
[2026-07-09T13:20:19.570+0000] {processor.py:839} INFO - DAG(s) dict_keys(['daily_crypto_lstm_pipeline']) retrieved from /opt/airflow/dags/binance_daily_dag.py
[2026-07-09T13:20:19.600+0000] {logging_mixin.py:151} INFO - [2026-07-09T13:20:19.599+0000] {dag.py:2915} INFO - Sync 1 DAGs
[2026-07-09T13:20:19.629+0000] {logging_mixin.py:151} INFO - [2026-07-09T13:20:19.628+0000] {dag.py:3696} INFO - Setting next_dagrun for daily_crypto_lstm_pipeline to 2026-07-09T00:02:00+00:00, run_after=2026-07-10T00:02:00+00:00
[2026-07-09T13:20:19.698+0000] {processor.py:179} INFO - Processing /opt/airflow/dags/binance_daily_dag.py took 3.708 seconds
[2026-07-09T13:20:50.301+0000] {processor.py:157} INFO - Started process (PID=17161) to work on /opt/airflow/dags/binance_daily_dag.py
[2026-07-09T13:20:50.303+0000] {processor.py:829} INFO - Processing file /opt/airflow/dags/binance_daily_dag.py for tasks to queue
[2026-07-09T13:20:50.305+0000] {logging_mixin.py:151} INFO - [2026-07-09T13:20:50.305+0000] {dagbag.py:539} INFO - Filling up the DagBag from /opt/airflow/dags/binance_daily_dag.py
[2026-07-09T13:20:54.348+0000] {processor.py:839} INFO - DAG(s) dict_keys(['daily_crypto_lstm_pipeline']) retrieved from /opt/airflow/dags/binance_daily_dag.py
[2026-07-09T13:20:54.373+0000] {logging_mixin.py:151} INFO - [2026-07-09T13:20:54.372+0000] {dag.py:2915} INFO - Sync 1 DAGs
[2026-07-09T13:20:54.394+0000] {logging_mixin.py:151} INFO - [2026-07-09T13:20:54.394+0000] {dag.py:3696} INFO - Setting next_dagrun for daily_crypto_lstm_pipeline to 2026-07-09T00:02:00+00:00, run_after=2026-07-10T00:02:00+00:00
[2026-07-09T13:20:54.432+0000] {processor.py:179} INFO - Processing /opt/airflow/dags/binance_daily_dag.py took 4.139 seconds
[2026-07-09T13:21:24.770+0000] {processor.py:157} INFO - Started process (PID=17194) to work on /opt/airflow/dags/binance_daily_dag.py
[2026-07-09T13:21:24.772+0000] {processor.py:829} INFO - Processing file /opt/airflow/dags/binance_daily_dag.py for tasks to queue
[2026-07-09T13:21:24.775+0000] {logging_mixin.py:151} INFO - [2026-07-09T13:21:24.775+0000] {dagbag.py:539} INFO - Filling up the DagBag from /opt/airflow/dags/binance_daily_dag.py
[2026-07-09T13:21:28.727+0000] {processor.py:839} INFO - DAG(s) dict_keys(['daily_crypto_lstm_pipeline']) retrieved from /opt/airflow/dags/binance_daily_dag.py
[2026-07-09T13:21:28.772+0000] {logging_mixin.py:151} INFO - [2026-07-09T13:21:28.771+0000] {dag.py:2915} INFO - Sync 1 DAGs
[2026-07-09T13:21:28.808+0000] {logging_mixin.py:151} INFO - [2026-07-09T13:21:28.808+0000] {dag.py:3696} INFO - Setting next_dagrun for daily_crypto_lstm_pipeline to 2026-07-09T00:02:00+00:00, run_after=2026-07-10T00:02:00+00:00
[2026-07-09T13:21:28.854+0000] {processor.py:179} INFO - Processing /opt/airflow/dags/binance_daily_dag.py took 4.094 seconds
[2026-07-09T13:21:59.210+0000] {processor.py:157} INFO - Started process (PID=17227) to work on /opt/airflow/dags/binance_daily_dag.py
[2026-07-09T13:21:59.212+0000] {processor.py:829} INFO - Processing file /opt/airflow/dags/binance_daily_dag.py for tasks to queue
[2026-07-09T13:21:59.215+0000] {logging_mixin.py:151} INFO - [2026-07-09T13:21:59.214+0000] {dagbag.py:539} INFO - Filling up the DagBag from /opt/airflow/dags/binance_daily_dag.py
[2026-07-09T13:22:03.171+0000] {processor.py:839} INFO - DAG(s) dict_keys(['daily_crypto_lstm_pipeline']) retrieved from /opt/airflow/dags/binance_daily_dag.py
[2026-07-09T13:22:03.211+0000] {logging_mixin.py:151} INFO - [2026-07-09T13:22:03.210+0000] {dag.py:2915} INFO - Sync 1 DAGs
[2026-07-09T13:22:03.272+0000] {logging_mixin.py:151} INFO - [2026-07-09T13:22:03.271+0000] {dag.py:3696} INFO - Setting next_dagrun for daily_crypto_lstm_pipeline to 2026-07-09T00:02:00+00:00, run_after=2026-07-10T00:02:00+00:00
[2026-07-09T13:22:03.368+0000] {processor.py:179} INFO - Processing /opt/airflow/dags/binance_daily_dag.py took 4.165 seconds
[2026-07-09T13:22:33.726+0000] {processor.py:157} INFO - Started process (PID=17260) to work on /opt/airflow/dags/binance_daily_dag.py
[2026-07-09T13:22:33.727+0000] {processor.py:829} INFO - Processing file /opt/airflow/dags/binance_daily_dag.py for tasks to queue
[2026-07-09T13:22:33.728+0000] {logging_mixin.py:151} INFO - [2026-07-09T13:22:33.728+0000] {dagbag.py:539} INFO - Filling up the DagBag from /opt/airflow/dags/binance_daily_dag.py
[2026-07-09T13:22:37.445+0000] {processor.py:839} INFO - DAG(s) dict_keys(['daily_crypto_lstm_pipeline']) retrieved from /opt/airflow/dags/binance_daily_dag.py
[2026-07-09T13:22:37.500+0000] {logging_mixin.py:151} INFO - [2026-07-09T13:22:37.499+0000] {dag.py:2915} INFO - Sync 1 DAGs
[2026-07-09T13:22:37.557+0000] {logging_mixin.py:151} INFO - [2026-07-09T13:22:37.557+0000] {dag.py:3696} INFO - Setting next_dagrun for daily_crypto_lstm_pipeline to 2026-07-09T00:02:00+00:00, run_after=2026-07-10T00:02:00+00:00
[2026-07-09T13:22:37.597+0000] {processor.py:179} INFO - Processing /opt/airflow/dags/binance_daily_dag.py took 3.875 seconds
[2026-07-09T13:23:08.136+0000] {processor.py:157} INFO - Started process (PID=17298) to work on /opt/airflow/dags/binance_daily_dag.py
[2026-07-09T13:23:08.142+0000] {processor.py:829} INFO - Processing file /opt/airflow/dags/binance_daily_dag.py for tasks to queue
[2026-07-09T13:23:08.145+0000] {logging_mixin.py:151} INFO - [2026-07-09T13:23:08.144+0000] {dagbag.py:539} INFO - Filling up the DagBag from /opt/airflow/dags/binance_daily_dag.py
[2026-07-09T13:23:12.389+0000] {processor.py:839} INFO - DAG(s) dict_keys(['daily_crypto_lstm_pipeline']) retrieved from /opt/airflow/dags/binance_daily_dag.py
[2026-07-09T13:23:12.434+0000] {logging_mixin.py:151} INFO - [2026-07-09T13:23:12.433+0000] {dag.py:2915} INFO - Sync 1 DAGs
[2026-07-09T13:23:12.474+0000] {logging_mixin.py:151} INFO - [2026-07-09T13:23:12.474+0000] {dag.py:3696} INFO - Setting next_dagrun for daily_crypto_lstm_pipeline to 2026-07-09T00:02:00+00:00, run_after=2026-07-10T00:02:00+00:00
[2026-07-09T13:23:12.513+0000] {processor.py:179} INFO - Processing /opt/airflow/dags/binance_daily_dag.py took 4.385 seconds
[2026-07-09T13:23:43.396+0000] {processor.py:157} INFO - Started process (PID=17337) to work on /opt/airflow/dags/binance_daily_dag.py
[2026-07-09T13:23:43.398+0000] {processor.py:829} INFO - Processing file /opt/airflow/dags/binance_daily_dag.py for tasks to queue
[2026-07-09T13:23:43.400+0000] {logging_mixin.py:151} INFO - [2026-07-09T13:23:43.399+0000] {dagbag.py:539} INFO - Filling up the DagBag from /opt/airflow/dags/binance_daily_dag.py
[2026-07-09T13:23:47.112+0000] {processor.py:839} INFO - DAG(s) dict_keys(['daily_crypto_lstm_pipeline']) retrieved from /opt/airflow/dags/binance_daily_dag.py
[2026-07-09T13:23:47.151+0000] {logging_mixin.py:151} INFO - [2026-07-09T13:23:47.150+0000] {dag.py:2915} INFO - Sync 1 DAGs
[2026-07-09T13:23:47.187+0000] {logging_mixin.py:151} INFO - [2026-07-09T13:23:47.186+0000] {dag.py:3696} INFO - Setting next_dagrun for daily_crypto_lstm_pipeline to 2026-07-09T00:02:00+00:00, run_after=2026-07-10T00:02:00+00:00
[2026-07-09T13:23:47.221+0000] {processor.py:179} INFO - Processing /opt/airflow/dags/binance_daily_dag.py took 3.833 seconds
[2026-07-09T13:24:17.685+0000] {processor.py:157} INFO - Started process (PID=17370) to work on /opt/airflow/dags/binance_daily_dag.py
[2026-07-09T13:24:17.687+0000] {processor.py:829} INFO - Processing file /opt/airflow/dags/binance_daily_dag.py for tasks to queue
[2026-07-09T13:24:17.689+0000] {logging_mixin.py:151} INFO - [2026-07-09T13:24:17.688+0000] {dagbag.py:539} INFO - Filling up the DagBag from /opt/airflow/dags/binance_daily_dag.py
[2026-07-09T13:24:21.747+0000] {processor.py:839} INFO - DAG(s) dict_keys(['daily_crypto_lstm_pipeline']) retrieved from /opt/airflow/dags/binance_daily_dag.py
[2026-07-09T13:24:21.784+0000] {logging_mixin.py:151} INFO - [2026-07-09T13:24:21.784+0000] {dag.py:2915} INFO - Sync 1 DAGs
[2026-07-09T13:24:21.815+0000] {logging_mixin.py:151} INFO - [2026-07-09T13:24:21.815+0000] {dag.py:3696} INFO - Setting next_dagrun for daily_crypto_lstm_pipeline to 2026-07-09T00:02:00+00:00, run_after=2026-07-10T00:02:00+00:00
[2026-07-09T13:24:21.884+0000] {processor.py:179} INFO - Processing /opt/airflow/dags/binance_daily_dag.py took 4.207 seconds
[2026-07-09T13:24:52.108+0000] {processor.py:157} INFO - Started process (PID=17403) to work on /opt/airflow/dags/binance_daily_dag.py
[2026-07-09T13:24:52.111+0000] {processor.py:829} INFO - Processing file /opt/airflow/dags/binance_daily_dag.py for tasks to queue
[2026-07-09T13:24:52.113+0000] {logging_mixin.py:151} INFO - [2026-07-09T13:24:52.112+0000] {dagbag.py:539} INFO - Filling up the DagBag from /opt/airflow/dags/binance_daily_dag.py
[2026-07-09T13:24:55.986+0000] {processor.py:839} INFO - DAG(s) dict_keys(['daily_crypto_lstm_pipeline']) retrieved from /opt/airflow/dags/binance_daily_dag.py
[2026-07-09T13:24:56.024+0000] {logging_mixin.py:151} INFO - [2026-07-09T13:24:56.024+0000] {dag.py:2915} INFO - Sync 1 DAGs
[2026-07-09T13:24:56.058+0000] {logging_mixin.py:151} INFO - [2026-07-09T13:24:56.057+0000] {dag.py:3696} INFO - Setting next_dagrun for daily_crypto_lstm_pipeline to 2026-07-09T00:02:00+00:00, run_after=2026-07-10T00:02:00+00:00
[2026-07-09T13:24:56.095+0000] {processor.py:179} INFO - Processing /opt/airflow/dags/binance_daily_dag.py took 3.994 seconds
[2026-07-09T13:25:26.337+0000] {processor.py:157} INFO - Started process (PID=17437) to work on /opt/airflow/dags/binance_daily_dag.py
[2026-07-09T13:25:26.339+0000] {processor.py:829} INFO - Processing file /opt/airflow/dags/binance_daily_dag.py for tasks to queue
[2026-07-09T13:25:26.340+0000] {logging_mixin.py:151} INFO - [2026-07-09T13:25:26.339+0000] {dagbag.py:539} INFO - Filling up the DagBag from /opt/airflow/dags/binance_daily_dag.py
[2026-07-09T13:25:30.129+0000] {processor.py:839} INFO - DAG(s) dict_keys(['daily_crypto_lstm_pipeline']) retrieved from /opt/airflow/dags/binance_daily_dag.py
[2026-07-09T13:25:30.153+0000] {logging_mixin.py:151} INFO - [2026-07-09T13:25:30.153+0000] {dag.py:2915} INFO - Sync 1 DAGs
[2026-07-09T13:25:30.179+0000] {logging_mixin.py:151} INFO - [2026-07-09T13:25:30.179+0000] {dag.py:3696} INFO - Setting next_dagrun for daily_crypto_lstm_pipeline to 2026-07-09T00:02:00+00:00, run_after=2026-07-10T00:02:00+00:00
[2026-07-09T13:25:30.207+0000] {processor.py:179} INFO - Processing /opt/airflow/dags/binance_daily_dag.py took 3.876 seconds
[2026-07-09T13:26:00.573+0000] {processor.py:157} INFO - Started process (PID=17470) to work on /opt/airflow/dags/binance_daily_dag.py
[2026-07-09T13:26:00.575+0000] {processor.py:829} INFO - Processing file /opt/airflow/dags/binance_daily_dag.py for tasks to queue
[2026-07-09T13:26:00.576+0000] {logging_mixin.py:151} INFO - [2026-07-09T13:26:00.575+0000] {dagbag.py:539} INFO - Filling up the DagBag from /opt/airflow/dags/binance_daily_dag.py
[2026-07-09T13:26:04.943+0000] {processor.py:839} INFO - DAG(s) dict_keys(['daily_crypto_lstm_pipeline']) retrieved from /opt/airflow/dags/binance_daily_dag.py
[2026-07-09T13:26:04.982+0000] {logging_mixin.py:151} INFO - [2026-07-09T13:26:04.981+0000] {dag.py:2915} INFO - Sync 1 DAGs
[2026-07-09T13:26:05.024+0000] {logging_mixin.py:151} INFO - [2026-07-09T13:26:05.024+0000] {dag.py:3696} INFO - Setting next_dagrun for daily_crypto_lstm_pipeline to 2026-07-09T00:02:00+00:00, run_after=2026-07-10T00:02:00+00:00
[2026-07-09T13:26:05.063+0000] {processor.py:179} INFO - Processing /opt/airflow/dags/binance_daily_dag.py took 4.495 seconds
[2026-07-09T13:26:35.267+0000] {processor.py:157} INFO - Started process (PID=17503) to work on /opt/airflow/dags/binance_daily_dag.py
[2026-07-09T13:26:35.270+0000] {processor.py:829} INFO - Processing file /opt/airflow/dags/binance_daily_dag.py for tasks to queue
[2026-07-09T13:26:35.272+0000] {logging_mixin.py:151} INFO - [2026-07-09T13:26:35.271+0000] {dagbag.py:539} INFO - Filling up the DagBag from /opt/airflow/dags/binance_daily_dag.py
[2026-07-09T13:26:39.009+0000] {processor.py:839} INFO - DAG(s) dict_keys(['daily_crypto_lstm_pipeline']) retrieved from /opt/airflow/dags/binance_daily_dag.py
[2026-07-09T13:26:39.050+0000] {logging_mixin.py:151} INFO - [2026-07-09T13:26:39.049+0000] {dag.py:2915} INFO - Sync 1 DAGs
[2026-07-09T13:26:39.086+0000] {logging_mixin.py:151} INFO - [2026-07-09T13:26:39.085+0000] {dag.py:3696} INFO - Setting next_dagrun for daily_crypto_lstm_pipeline to 2026-07-09T00:02:00+00:00, run_after=2026-07-10T00:02:00+00:00
[2026-07-09T13:26:39.125+0000] {processor.py:179} INFO - Processing /opt/airflow/dags/binance_daily_dag.py took 3.864 seconds
[2026-07-09T13:27:09.513+0000] {processor.py:157} INFO - Started process (PID=17541) to work on /opt/airflow/dags/binance_daily_dag.py
[2026-07-09T13:27:09.515+0000] {processor.py:829} INFO - Processing file /opt/airflow/dags/binance_daily_dag.py for tasks to queue
[2026-07-09T13:27:09.517+0000] {logging_mixin.py:151} INFO - [2026-07-09T13:27:09.517+0000] {dagbag.py:539} INFO - Filling up the DagBag from /opt/airflow/dags/binance_daily_dag.py
[2026-07-09T13:27:13.434+0000] {processor.py:839} INFO - DAG(s) dict_keys(['daily_crypto_lstm_pipeline']) retrieved from /opt/airflow/dags/binance_daily_dag.py
[2026-07-09T13:27:13.466+0000] {logging_mixin.py:151} INFO - [2026-07-09T13:27:13.465+0000] {dag.py:2915} INFO - Sync 1 DAGs
[2026-07-09T13:27:13.510+0000] {logging_mixin.py:151} INFO - [2026-07-09T13:27:13.509+0000] {dag.py:3696} INFO - Setting next_dagrun for daily_crypto_lstm_pipeline to 2026-07-09T00:02:00+00:00, run_after=2026-07-10T00:02:00+00:00
[2026-07-09T13:27:13.558+0000] {processor.py:179} INFO - Processing /opt/airflow/dags/binance_daily_dag.py took 4.052 seconds
[2026-07-09T13:27:44.021+0000] {processor.py:157} INFO - Started process (PID=17582) to work on /opt/airflow/dags/binance_daily_dag.py
[2026-07-09T13:27:44.022+0000] {processor.py:829} INFO - Processing file /opt/airflow/dags/binance_daily_dag.py for tasks to queue
[2026-07-09T13:27:44.024+0000] {logging_mixin.py:151} INFO - [2026-07-09T13:27:44.023+0000] {dagbag.py:539} INFO - Filling up the DagBag from /opt/airflow/dags/binance_daily_dag.py
[2026-07-09T13:27:47.898+0000] {processor.py:839} INFO - DAG(s) dict_keys(['daily_crypto_lstm_pipeline']) retrieved from /opt/airflow/dags/binance_daily_dag.py
[2026-07-09T13:27:47.926+0000] {logging_mixin.py:151} INFO - [2026-07-09T13:27:47.926+0000] {dag.py:2915} INFO - Sync 1 DAGs
[2026-07-09T13:27:47.962+0000] {logging_mixin.py:151} INFO - [2026-07-09T13:27:47.962+0000] {dag.py:3696} INFO - Setting next_dagrun for daily_crypto_lstm_pipeline to 2026-07-09T00:02:00+00:00, run_after=2026-07-10T00:02:00+00:00
[2026-07-09T13:27:48.035+0000] {processor.py:179} INFO - Processing /opt/airflow/dags/binance_daily_dag.py took 4.019 seconds
[2026-07-09T13:28:18.551+0000] {processor.py:157} INFO - Started process (PID=17615) to work on /opt/airflow/dags/binance_daily_dag.py
[2026-07-09T13:28:18.553+0000] {processor.py:829} INFO - Processing file /opt/airflow/dags/binance_daily_dag.py for tasks to queue
[2026-07-09T13:28:18.554+0000] {logging_mixin.py:151} INFO - [2026-07-09T13:28:18.554+0000] {dagbag.py:539} INFO - Filling up the DagBag from /opt/airflow/dags/binance_daily_dag.py
[2026-07-09T13:28:22.312+0000] {processor.py:839} INFO - DAG(s) dict_keys(['daily_crypto_lstm_pipeline']) retrieved from /opt/airflow/dags/binance_daily_dag.py
[2026-07-09T13:28:22.339+0000] {logging_mixin.py:151} INFO - [2026-07-09T13:28:22.338+0000] {dag.py:2915} INFO - Sync 1 DAGs
[2026-07-09T13:28:22.368+0000] {logging_mixin.py:151} INFO - [2026-07-09T13:28:22.368+0000] {dag.py:3696} INFO - Setting next_dagrun for daily_crypto_lstm_pipeline to 2026-07-09T00:02:00+00:00, run_after=2026-07-10T00:02:00+00:00
[2026-07-09T13:28:22.440+0000] {processor.py:179} INFO - Processing /opt/airflow/dags/binance_daily_dag.py took 3.894 seconds
[2026-07-09T13:28:52.969+0000] {processor.py:157} INFO - Started process (PID=17648) to work on /opt/airflow/dags/binance_daily_dag.py
[2026-07-09T13:28:52.971+0000] {processor.py:829} INFO - Processing file /opt/airflow/dags/binance_daily_dag.py for tasks to queue
[2026-07-09T13:28:52.972+0000] {logging_mixin.py:151} INFO - [2026-07-09T13:28:52.971+0000] {dagbag.py:539} INFO - Filling up the DagBag from /opt/airflow/dags/binance_daily_dag.py
[2026-07-09T13:28:56.774+0000] {processor.py:839} INFO - DAG(s) dict_keys(['daily_crypto_lstm_pipeline']) retrieved from /opt/airflow/dags/binance_daily_dag.py
[2026-07-09T13:28:56.814+0000] {logging_mixin.py:151} INFO - [2026-07-09T13:28:56.814+0000] {dag.py:2915} INFO - Sync 1 DAGs
[2026-07-09T13:28:56.846+0000] {logging_mixin.py:151} INFO - [2026-07-09T13:28:56.846+0000] {dag.py:3696} INFO - Setting next_dagrun for daily_crypto_lstm_pipeline to 2026-07-09T00:02:00+00:00, run_after=2026-07-10T00:02:00+00:00
[2026-07-09T13:28:56.891+0000] {processor.py:179} INFO - Processing /opt/airflow/dags/binance_daily_dag.py took 3.927 seconds
[2026-07-09T13:29:27.234+0000] {processor.py:157} INFO - Started process (PID=17681) to work on /opt/airflow/dags/binance_daily_dag.py
[2026-07-09T13:29:27.237+0000] {processor.py:829} INFO - Processing file /opt/airflow/dags/binance_daily_dag.py for tasks to queue
[2026-07-09T13:29:27.238+0000] {logging_mixin.py:151} INFO - [2026-07-09T13:29:27.238+0000] {dagbag.py:539} INFO - Filling up the DagBag from /opt/airflow/dags/binance_daily_dag.py
[2026-07-09T13:29:30.834+0000] {processor.py:839} INFO - DAG(s) dict_keys(['daily_crypto_lstm_pipeline']) retrieved from /opt/airflow/dags/binance_daily_dag.py
[2026-07-09T13:29:30.868+0000] {logging_mixin.py:151} INFO - [2026-07-09T13:29:30.868+0000] {dag.py:2915} INFO - Sync 1 DAGs
[2026-07-09T13:29:30.895+0000] {logging_mixin.py:151} INFO - [2026-07-09T13:29:30.895+0000] {dag.py:3696} INFO - Setting next_dagrun for daily_crypto_lstm_pipeline to 2026-07-09T00:02:00+00:00, run_after=2026-07-10T00:02:00+00:00
[2026-07-09T13:29:30.919+0000] {processor.py:179} INFO - Processing /opt/airflow/dags/binance_daily_dag.py took 3.693 seconds
[2026-07-09T13:30:01.191+0000] {processor.py:157} INFO - Started process (PID=17714) to work on /opt/airflow/dags/binance_daily_dag.py
[2026-07-09T13:30:01.193+0000] {processor.py:829} INFO - Processing file /opt/airflow/dags/binance_daily_dag.py for tasks to queue
[2026-07-09T13:30:01.196+0000] {logging_mixin.py:151} INFO - [2026-07-09T13:30:01.195+0000] {dagbag.py:539} INFO - Filling up the DagBag from /opt/airflow/dags/binance_daily_dag.py
[2026-07-09T13:30:05.530+0000] {processor.py:839} INFO - DAG(s) dict_keys(['daily_crypto_lstm_pipeline']) retrieved from /opt/airflow/dags/binance_daily_dag.py
[2026-07-09T13:30:05.578+0000] {logging_mixin.py:151} INFO - [2026-07-09T13:30:05.577+0000] {dag.py:2915} INFO - Sync 1 DAGs
[2026-07-09T13:30:05.600+0000] {logging_mixin.py:151} INFO - [2026-07-09T13:30:05.600+0000] {dag.py:3696} INFO - Setting next_dagrun for daily_crypto_lstm_pipeline to 2026-07-09T00:02:00+00:00, run_after=2026-07-10T00:02:00+00:00
[2026-07-09T13:30:05.641+0000] {processor.py:179} INFO - Processing /opt/airflow/dags/binance_daily_dag.py took 4.458 seconds
[2026-07-09T13:30:36.045+0000] {processor.py:157} INFO - Started process (PID=17747) to work on /opt/airflow/dags/binance_daily_dag.py
[2026-07-09T13:30:36.048+0000] {processor.py:829} INFO - Processing file /opt/airflow/dags/binance_daily_dag.py for tasks to queue
[2026-07-09T13:30:36.051+0000] {logging_mixin.py:151} INFO - [2026-07-09T13:30:36.050+0000] {dagbag.py:539} INFO - Filling up the DagBag from /opt/airflow/dags/binance_daily_dag.py
[2026-07-09T13:30:40.202+0000] {processor.py:839} INFO - DAG(s) dict_keys(['daily_crypto_lstm_pipeline']) retrieved from /opt/airflow/dags/binance_daily_dag.py
[2026-07-09T13:30:40.235+0000] {logging_mixin.py:151} INFO - [2026-07-09T13:30:40.234+0000] {dag.py:2915} INFO - Sync 1 DAGs
[2026-07-09T13:30:40.268+0000] {logging_mixin.py:151} INFO - [2026-07-09T13:30:40.267+0000] {dag.py:3696} INFO - Setting next_dagrun for daily_crypto_lstm_pipeline to 2026-07-09T00:02:00+00:00, run_after=2026-07-10T00:02:00+00:00
[2026-07-09T13:30:40.308+0000] {processor.py:179} INFO - Processing /opt/airflow/dags/binance_daily_dag.py took 4.272 seconds
[2026-07-09T13:31:10.504+0000] {processor.py:157} INFO - Started process (PID=17781) to work on /opt/airflow/dags/binance_daily_dag.py
[2026-07-09T13:31:10.507+0000] {processor.py:829} INFO - Processing file /opt/airflow/dags/binance_daily_dag.py for tasks to queue
[2026-07-09T13:31:10.511+0000] {logging_mixin.py:151} INFO - [2026-07-09T13:31:10.510+0000] {dagbag.py:539} INFO - Filling up the DagBag from /opt/airflow/dags/binance_daily_dag.py
[2026-07-09T13:31:14.883+0000] {processor.py:839} INFO - DAG(s) dict_keys(['daily_crypto_lstm_pipeline']) retrieved from /opt/airflow/dags/binance_daily_dag.py
[2026-07-09T13:31:14.929+0000] {logging_mixin.py:151} INFO - [2026-07-09T13:31:14.928+0000] {dag.py:2915} INFO - Sync 1 DAGs
[2026-07-09T13:31:14.976+0000] {logging_mixin.py:151} INFO - [2026-07-09T13:31:14.976+0000] {dag.py:3696} INFO - Setting next_dagrun for daily_crypto_lstm_pipeline to 2026-07-09T00:02:00+00:00, run_after=2026-07-10T00:02:00+00:00
[2026-07-09T13:31:15.026+0000] {processor.py:179} INFO - Processing /opt/airflow/dags/binance_daily_dag.py took 4.529 seconds
[2026-07-09T13:31:45.310+0000] {processor.py:157} INFO - Started process (PID=17826) to work on /opt/airflow/dags/binance_daily_dag.py
[2026-07-09T13:31:45.314+0000] {processor.py:829} INFO - Processing file /opt/airflow/dags/binance_daily_dag.py for tasks to queue
[2026-07-09T13:31:45.316+0000] {logging_mixin.py:151} INFO - [2026-07-09T13:31:45.315+0000] {dagbag.py:539} INFO - Filling up the DagBag from /opt/airflow/dags/binance_daily_dag.py
[2026-07-09T13:31:49.112+0000] {processor.py:839} INFO - DAG(s) dict_keys(['daily_crypto_lstm_pipeline']) retrieved from /opt/airflow/dags/binance_daily_dag.py
[2026-07-09T13:31:49.158+0000] {logging_mixin.py:151} INFO - [2026-07-09T13:31:49.157+0000] {dag.py:2915} INFO - Sync 1 DAGs
[2026-07-09T13:31:49.200+0000] {logging_mixin.py:151} INFO - [2026-07-09T13:31:49.200+0000] {dag.py:3696} INFO - Setting next_dagrun for daily_crypto_lstm_pipeline to 2026-07-09T00:02:00+00:00, run_after=2026-07-10T00:02:00+00:00
[2026-07-09T13:31:49.243+0000] {processor.py:179} INFO - Processing /opt/airflow/dags/binance_daily_dag.py took 3.941 seconds
[2026-07-09T13:32:19.878+0000] {processor.py:157} INFO - Started process (PID=17859) to work on /opt/airflow/dags/binance_daily_dag.py
[2026-07-09T13:32:19.881+0000] {processor.py:829} INFO - Processing file /opt/airflow/dags/binance_daily_dag.py for tasks to queue
[2026-07-09T13:32:19.883+0000] {logging_mixin.py:151} INFO - [2026-07-09T13:32:19.882+0000] {dagbag.py:539} INFO - Filling up the DagBag from /opt/airflow/dags/binance_daily_dag.py
[2026-07-09T13:32:24.016+0000] {processor.py:839} INFO - DAG(s) dict_keys(['daily_crypto_lstm_pipeline']) retrieved from /opt/airflow/dags/binance_daily_dag.py
[2026-07-09T13:32:24.050+0000] {logging_mixin.py:151} INFO - [2026-07-09T13:32:24.049+0000] {dag.py:2915} INFO - Sync 1 DAGs
[2026-07-09T13:32:24.085+0000] {logging_mixin.py:151} INFO - [2026-07-09T13:32:24.085+0000] {dag.py:3696} INFO - Setting next_dagrun for daily_crypto_lstm_pipeline to 2026-07-09T00:02:00+00:00, run_after=2026-07-10T00:02:00+00:00
[2026-07-09T13:32:24.160+0000] {processor.py:179} INFO - Processing /opt/airflow/dags/binance_daily_dag.py took 4.291 seconds
[2026-07-09T13:32:54.635+0000] {processor.py:157} INFO - Started process (PID=17892) to work on /opt/airflow/dags/binance_daily_dag.py
[2026-07-09T13:32:54.637+0000] {processor.py:829} INFO - Processing file /opt/airflow/dags/binance_daily_dag.py for tasks to queue
[2026-07-09T13:32:54.640+0000] {logging_mixin.py:151} INFO - [2026-07-09T13:32:54.638+0000] {dagbag.py:539} INFO - Filling up the DagBag from /opt/airflow/dags/binance_daily_dag.py
[2026-07-09T13:32:58.417+0000] {processor.py:839} INFO - DAG(s) dict_keys(['daily_crypto_lstm_pipeline']) retrieved from /opt/airflow/dags/binance_daily_dag.py
[2026-07-09T13:32:58.445+0000] {logging_mixin.py:151} INFO - [2026-07-09T13:32:58.445+0000] {dag.py:2915} INFO - Sync 1 DAGs
[2026-07-09T13:32:58.475+0000] {logging_mixin.py:151} INFO - [2026-07-09T13:32:58.475+0000] {dag.py:3696} INFO - Setting next_dagrun for daily_crypto_lstm_pipeline to 2026-07-09T00:02:00+00:00, run_after=2026-07-10T00:02:00+00:00
[2026-07-09T13:32:58.544+0000] {processor.py:179} INFO - Processing /opt/airflow/dags/binance_daily_dag.py took 3.917 seconds
[2026-07-09T13:33:28.929+0000] {processor.py:157} INFO - Started process (PID=17923) to work on /opt/airflow/dags/binance_daily_dag.py
[2026-07-09T13:33:28.932+0000] {processor.py:829} INFO - Processing file /opt/airflow/dags/binance_daily_dag.py for tasks to queue
[2026-07-09T13:33:28.935+0000] {logging_mixin.py:151} INFO - [2026-07-09T13:33:28.934+0000] {dagbag.py:539} INFO - Filling up the DagBag from /opt/airflow/dags/binance_daily_dag.py
[2026-07-09T13:33:33.262+0000] {processor.py:839} INFO - DAG(s) dict_keys(['daily_crypto_lstm_pipeline']) retrieved from /opt/airflow/dags/binance_daily_dag.py
[2026-07-09T13:33:33.288+0000] {logging_mixin.py:151} INFO - [2026-07-09T13:33:33.288+0000] {dag.py:2915} INFO - Sync 1 DAGs
[2026-07-09T13:33:33.310+0000] {logging_mixin.py:151} INFO - [2026-07-09T13:33:33.310+0000] {dag.py:3696} INFO - Setting next_dagrun for daily_crypto_lstm_pipeline to 2026-07-09T00:02:00+00:00, run_after=2026-07-10T00:02:00+00:00
[2026-07-09T13:33:33.375+0000] {processor.py:179} INFO - Processing /opt/airflow/dags/binance_daily_dag.py took 4.459 seconds
[2026-07-09T13:34:03.585+0000] {processor.py:157} INFO - Started process (PID=17955) to work on /opt/airflow/dags/binance_daily_dag.py
[2026-07-09T13:34:03.587+0000] {processor.py:829} INFO - Processing file /opt/airflow/dags/binance_daily_dag.py for tasks to queue
[2026-07-09T13:34:03.589+0000] {logging_mixin.py:151} INFO - [2026-07-09T13:34:03.589+0000] {dagbag.py:539} INFO - Filling up the DagBag from /opt/airflow/dags/binance_daily_dag.py
[2026-07-09T13:34:07.705+0000] {processor.py:839} INFO - DAG(s) dict_keys(['daily_crypto_lstm_pipeline']) retrieved from /opt/airflow/dags/binance_daily_dag.py
[2026-07-09T13:34:07.757+0000] {logging_mixin.py:151} INFO - [2026-07-09T13:34:07.756+0000] {dag.py:2915} INFO - Sync 1 DAGs
[2026-07-09T13:34:07.793+0000] {logging_mixin.py:151} INFO - [2026-07-09T13:34:07.792+0000] {dag.py:3696} INFO - Setting next_dagrun for daily_crypto_lstm_pipeline to 2026-07-09T00:02:00+00:00, run_after=2026-07-10T00:02:00+00:00
[2026-07-09T13:34:07.836+0000] {processor.py:179} INFO - Processing /opt/airflow/dags/binance_daily_dag.py took 4.258 seconds
[2026-07-09T13:34:38.069+0000] {processor.py:157} INFO - Started process (PID=17988) to work on /opt/airflow/dags/binance_daily_dag.py
[2026-07-09T13:34:38.072+0000] {processor.py:829} INFO - Processing file /opt/airflow/dags/binance_daily_dag.py for tasks to queue
[2026-07-09T13:34:38.073+0000] {logging_mixin.py:151} INFO - [2026-07-09T13:34:38.073+0000] {dagbag.py:539} INFO - Filling up the DagBag from /opt/airflow/dags/binance_daily_dag.py
[2026-07-09T13:34:41.918+0000] {processor.py:839} INFO - DAG(s) dict_keys(['daily_crypto_lstm_pipeline']) retrieved from /opt/airflow/dags/binance_daily_dag.py
[2026-07-09T13:34:41.995+0000] {logging_mixin.py:151} INFO - [2026-07-09T13:34:41.994+0000] {dag.py:2915} INFO - Sync 1 DAGs
[2026-07-09T13:34:42.037+0000] {logging_mixin.py:151} INFO - [2026-07-09T13:34:42.037+0000] {dag.py:3696} INFO - Setting next_dagrun for daily_crypto_lstm_pipeline to 2026-07-09T00:02:00+00:00, run_after=2026-07-10T00:02:00+00:00
[2026-07-09T13:34:42.074+0000] {processor.py:179} INFO - Processing /opt/airflow/dags/binance_daily_dag.py took 4.010 seconds
[2026-07-09T13:35:12.407+0000] {processor.py:157} INFO - Started process (PID=18027) to work on /opt/airflow/dags/binance_daily_dag.py
[2026-07-09T13:35:12.410+0000] {processor.py:829} INFO - Processing file /opt/airflow/dags/binance_daily_dag.py for tasks to queue
[2026-07-09T13:35:12.412+0000] {logging_mixin.py:151} INFO - [2026-07-09T13:35:12.411+0000] {dagbag.py:539} INFO - Filling up the DagBag from /opt/airflow/dags/binance_daily_dag.py
[2026-07-09T13:35:16.912+0000] {processor.py:839} INFO - DAG(s) dict_keys(['daily_crypto_lstm_pipeline']) retrieved from /opt/airflow/dags/binance_daily_dag.py
[2026-07-09T13:35:16.957+0000] {logging_mixin.py:151} INFO - [2026-07-09T13:35:16.956+0000] {dag.py:2915} INFO - Sync 1 DAGs
[2026-07-09T13:35:16.993+0000] {logging_mixin.py:151} INFO - [2026-07-09T13:35:16.993+0000] {dag.py:3696} INFO - Setting next_dagrun for daily_crypto_lstm_pipeline to 2026-07-09T00:02:00+00:00, run_after=2026-07-10T00:02:00+00:00
[2026-07-09T13:35:17.068+0000] {processor.py:179} INFO - Processing /opt/airflow/dags/binance_daily_dag.py took 4.668 seconds
[2026-07-09T13:35:47.532+0000] {processor.py:157} INFO - Started process (PID=18068) to work on /opt/airflow/dags/binance_daily_dag.py
[2026-07-09T13:35:47.533+0000] {processor.py:829} INFO - Processing file /opt/airflow/dags/binance_daily_dag.py for tasks to queue
[2026-07-09T13:35:47.534+0000] {logging_mixin.py:151} INFO - [2026-07-09T13:35:47.534+0000] {dagbag.py:539} INFO - Filling up the DagBag from /opt/airflow/dags/binance_daily_dag.py
[2026-07-09T13:35:51.275+0000] {processor.py:839} INFO - DAG(s) dict_keys(['daily_crypto_lstm_pipeline']) retrieved from /opt/airflow/dags/binance_daily_dag.py
[2026-07-09T13:35:51.311+0000] {logging_mixin.py:151} INFO - [2026-07-09T13:35:51.310+0000] {dag.py:2915} INFO - Sync 1 DAGs
[2026-07-09T13:35:51.349+0000] {logging_mixin.py:151} INFO - [2026-07-09T13:35:51.349+0000] {dag.py:3696} INFO - Setting next_dagrun for daily_crypto_lstm_pipeline to 2026-07-09T00:02:00+00:00, run_after=2026-07-10T00:02:00+00:00
[2026-07-09T13:35:51.379+0000] {processor.py:179} INFO - Processing /opt/airflow/dags/binance_daily_dag.py took 3.851 seconds
[2026-07-09T13:36:21.565+0000] {processor.py:157} INFO - Started process (PID=18099) to work on /opt/airflow/dags/binance_daily_dag.py
[2026-07-09T13:36:21.567+0000] {processor.py:829} INFO - Processing file /opt/airflow/dags/binance_daily_dag.py for tasks to queue
[2026-07-09T13:36:21.569+0000] {logging_mixin.py:151} INFO - [2026-07-09T13:36:21.568+0000] {dagbag.py:539} INFO - Filling up the DagBag from /opt/airflow/dags/binance_daily_dag.py
[2026-07-09T13:36:25.814+0000] {processor.py:839} INFO - DAG(s) dict_keys(['daily_crypto_lstm_pipeline']) retrieved from /opt/airflow/dags/binance_daily_dag.py
[2026-07-09T13:36:25.852+0000] {logging_mixin.py:151} INFO - [2026-07-09T13:36:25.851+0000] {dag.py:2915} INFO - Sync 1 DAGs
[2026-07-09T13:36:25.887+0000] {logging_mixin.py:151} INFO - [2026-07-09T13:36:25.887+0000] {dag.py:3696} INFO - Setting next_dagrun for daily_crypto_lstm_pipeline to 2026-07-09T00:02:00+00:00, run_after=2026-07-10T00:02:00+00:00
[2026-07-09T13:36:25.911+0000] {processor.py:179} INFO - Processing /opt/airflow/dags/binance_daily_dag.py took 4.355 seconds
[2026-07-09T13:36:56.032+0000] {processor.py:157} INFO - Started process (PID=18131) to work on /opt/airflow/dags/binance_daily_dag.py
[2026-07-09T13:36:56.033+0000] {processor.py:829} INFO - Processing file /opt/airflow/dags/binance_daily_dag.py for tasks to queue
[2026-07-09T13:36:56.034+0000] {logging_mixin.py:151} INFO - [2026-07-09T13:36:56.034+0000] {dagbag.py:539} INFO - Filling up the DagBag from /opt/airflow/dags/binance_daily_dag.py
[2026-07-09T13:36:59.750+0000] {processor.py:839} INFO - DAG(s) dict_keys(['daily_crypto_lstm_pipeline']) retrieved from /opt/airflow/dags/binance_daily_dag.py
[2026-07-09T13:36:59.795+0000] {logging_mixin.py:151} INFO - [2026-07-09T13:36:59.794+0000] {dag.py:2915} INFO - Sync 1 DAGs
[2026-07-09T13:36:59.837+0000] {logging_mixin.py:151} INFO - [2026-07-09T13:36:59.836+0000] {dag.py:3696} INFO - Setting next_dagrun for daily_crypto_lstm_pipeline to 2026-07-09T00:02:00+00:00, run_after=2026-07-10T00:02:00+00:00
[2026-07-09T13:36:59.870+0000] {processor.py:179} INFO - Processing /opt/airflow/dags/binance_daily_dag.py took 3.844 seconds
[2026-07-09T13:37:30.390+0000] {processor.py:157} INFO - Started process (PID=18164) to work on /opt/airflow/dags/binance_daily_dag.py
[2026-07-09T13:37:30.392+0000] {processor.py:829} INFO - Processing file /opt/airflow/dags/binance_daily_dag.py for tasks to queue
[2026-07-09T13:37:30.394+0000] {logging_mixin.py:151} INFO - [2026-07-09T13:37:30.393+0000] {dagbag.py:539} INFO - Filling up the DagBag from /opt/airflow/dags/binance_daily_dag.py
[2026-07-09T13:37:34.281+0000] {processor.py:839} INFO - DAG(s) dict_keys(['daily_crypto_lstm_pipeline']) retrieved from /opt/airflow/dags/binance_daily_dag.py
[2026-07-09T13:37:34.317+0000] {logging_mixin.py:151} INFO - [2026-07-09T13:37:34.316+0000] {dag.py:2915} INFO - Sync 1 DAGs
[2026-07-09T13:37:34.358+0000] {logging_mixin.py:151} INFO - [2026-07-09T13:37:34.358+0000] {dag.py:3696} INFO - Setting next_dagrun for daily_crypto_lstm_pipeline to 2026-07-09T00:02:00+00:00, run_after=2026-07-10T00:02:00+00:00
[2026-07-09T13:37:34.437+0000] {processor.py:179} INFO - Processing /opt/airflow/dags/binance_daily_dag.py took 4.053 seconds
[2026-07-09T13:38:04.774+0000] {processor.py:157} INFO - Started process (PID=18197) to work on /opt/airflow/dags/binance_daily_dag.py
[2026-07-09T13:38:04.777+0000] {processor.py:829} INFO - Processing file /opt/airflow/dags/binance_daily_dag.py for tasks to queue
[2026-07-09T13:38:04.779+0000] {logging_mixin.py:151} INFO - [2026-07-09T13:38:04.779+0000] {dagbag.py:539} INFO - Filling up the DagBag from /opt/airflow/dags/binance_daily_dag.py
[2026-07-09T13:38:08.727+0000] {processor.py:839} INFO - DAG(s) dict_keys(['daily_crypto_lstm_pipeline']) retrieved from /opt/airflow/dags/binance_daily_dag.py
[2026-07-09T13:38:08.768+0000] {logging_mixin.py:151} INFO - [2026-07-09T13:38:08.767+0000] {dag.py:2915} INFO - Sync 1 DAGs
[2026-07-09T13:38:08.807+0000] {logging_mixin.py:151} INFO - [2026-07-09T13:38:08.807+0000] {dag.py:3696} INFO - Setting next_dagrun for daily_crypto_lstm_pipeline to 2026-07-09T00:02:00+00:00, run_after=2026-07-10T00:02:00+00:00
[2026-07-09T13:38:08.839+0000] {processor.py:179} INFO - Processing /opt/airflow/dags/binance_daily_dag.py took 4.072 seconds
[2026-07-09T13:38:39.299+0000] {processor.py:157} INFO - Started process (PID=18230) to work on /opt/airflow/dags/binance_daily_dag.py
[2026-07-09T13:38:39.301+0000] {processor.py:829} INFO - Processing file /opt/airflow/dags/binance_daily_dag.py for tasks to queue
[2026-07-09T13:38:39.302+0000] {logging_mixin.py:151} INFO - [2026-07-09T13:38:39.302+0000] {dagbag.py:539} INFO - Filling up the DagBag from /opt/airflow/dags/binance_daily_dag.py
[2026-07-09T13:38:43.334+0000] {processor.py:839} INFO - DAG(s) dict_keys(['daily_crypto_lstm_pipeline']) retrieved from /opt/airflow/dags/binance_daily_dag.py
[2026-07-09T13:38:43.367+0000] {logging_mixin.py:151} INFO - [2026-07-09T13:38:43.366+0000] {dag.py:2915} INFO - Sync 1 DAGs
[2026-07-09T13:38:43.406+0000] {logging_mixin.py:151} INFO - [2026-07-09T13:38:43.406+0000] {dag.py:3696} INFO - Setting next_dagrun for daily_crypto_lstm_pipeline to 2026-07-09T00:02:00+00:00, run_after=2026-07-10T00:02:00+00:00
[2026-07-09T13:38:43.477+0000] {processor.py:179} INFO - Processing /opt/airflow/dags/binance_daily_dag.py took 4.183 seconds
[2026-07-09T13:39:13.808+0000] {processor.py:157} INFO - Started process (PID=18272) to work on /opt/airflow/dags/binance_daily_dag.py
[2026-07-09T13:39:13.811+0000] {processor.py:829} INFO - Processing file /opt/airflow/dags/binance_daily_dag.py for tasks to queue
[2026-07-09T13:39:13.813+0000] {logging_mixin.py:151} INFO - [2026-07-09T13:39:13.812+0000] {dagbag.py:539} INFO - Filling up the DagBag from /opt/airflow/dags/binance_daily_dag.py
[2026-07-09T13:39:17.837+0000] {processor.py:839} INFO - DAG(s) dict_keys(['daily_crypto_lstm_pipeline']) retrieved from /opt/airflow/dags/binance_daily_dag.py
[2026-07-09T13:39:17.870+0000] {logging_mixin.py:151} INFO - [2026-07-09T13:39:17.869+0000] {dag.py:2915} INFO - Sync 1 DAGs
[2026-07-09T13:39:17.901+0000] {logging_mixin.py:151} INFO - [2026-07-09T13:39:17.900+0000] {dag.py:3696} INFO - Setting next_dagrun for daily_crypto_lstm_pipeline to 2026-07-09T00:02:00+00:00, run_after=2026-07-10T00:02:00+00:00
[2026-07-09T13:39:17.980+0000] {processor.py:179} INFO - Processing /opt/airflow/dags/binance_daily_dag.py took 4.187 seconds
[2026-07-09T13:39:48.204+0000] {processor.py:157} INFO - Started process (PID=18304) to work on /opt/airflow/dags/binance_daily_dag.py
[2026-07-09T13:39:48.206+0000] {processor.py:829} INFO - Processing file /opt/airflow/dags/binance_daily_dag.py for tasks to queue
[2026-07-09T13:39:48.207+0000] {logging_mixin.py:151} INFO - [2026-07-09T13:39:48.206+0000] {dagbag.py:539} INFO - Filling up the DagBag from /opt/airflow/dags/binance_daily_dag.py
[2026-07-09T13:39:52.068+0000] {processor.py:839} INFO - DAG(s) dict_keys(['daily_crypto_lstm_pipeline']) retrieved from /opt/airflow/dags/binance_daily_dag.py
[2026-07-09T13:39:52.097+0000] {logging_mixin.py:151} INFO - [2026-07-09T13:39:52.096+0000] {dag.py:2915} INFO - Sync 1 DAGs
[2026-07-09T13:39:52.135+0000] {logging_mixin.py:151} INFO - [2026-07-09T13:39:52.134+0000] {dag.py:3696} INFO - Setting next_dagrun for daily_crypto_lstm_pipeline to 2026-07-09T00:02:00+00:00, run_after=2026-07-10T00:02:00+00:00
[2026-07-09T13:39:52.178+0000] {processor.py:179} INFO - Processing /opt/airflow/dags/binance_daily_dag.py took 3.981 seconds
[2026-07-09T13:40:22.981+0000] {processor.py:157} INFO - Started process (PID=18342) to work on /opt/airflow/dags/binance_daily_dag.py
[2026-07-09T13:40:22.982+0000] {processor.py:829} INFO - Processing file /opt/airflow/dags/binance_daily_dag.py for tasks to queue
[2026-07-09T13:40:22.984+0000] {logging_mixin.py:151} INFO - [2026-07-09T13:40:22.983+0000] {dagbag.py:539} INFO - Filling up the DagBag from /opt/airflow/dags/binance_daily_dag.py
[2026-07-09T13:40:26.826+0000] {processor.py:839} INFO - DAG(s) dict_keys(['daily_crypto_lstm_pipeline']) retrieved from /opt/airflow/dags/binance_daily_dag.py
[2026-07-09T13:40:26.864+0000] {logging_mixin.py:151} INFO - [2026-07-09T13:40:26.863+0000] {dag.py:2915} INFO - Sync 1 DAGs
[2026-07-09T13:40:26.902+0000] {logging_mixin.py:151} INFO - [2026-07-09T13:40:26.902+0000] {dag.py:3696} INFO - Setting next_dagrun for daily_crypto_lstm_pipeline to 2026-07-09T00:02:00+00:00, run_after=2026-07-10T00:02:00+00:00
[2026-07-09T13:40:26.975+0000] {processor.py:179} INFO - Processing /opt/airflow/dags/binance_daily_dag.py took 3.999 seconds
[2026-07-09T13:40:57.545+0000] {processor.py:157} INFO - Started process (PID=18375) to work on /opt/airflow/dags/binance_daily_dag.py
[2026-07-09T13:40:57.547+0000] {processor.py:829} INFO - Processing file /opt/airflow/dags/binance_daily_dag.py for tasks to queue
[2026-07-09T13:40:57.549+0000] {logging_mixin.py:151} INFO - [2026-07-09T13:40:57.548+0000] {dagbag.py:539} INFO - Filling up the DagBag from /opt/airflow/dags/binance_daily_dag.py
[2026-07-09T13:41:01.800+0000] {processor.py:839} INFO - DAG(s) dict_keys(['daily_crypto_lstm_pipeline']) retrieved from /opt/airflow/dags/binance_daily_dag.py
[2026-07-09T13:41:01.830+0000] {logging_mixin.py:151} INFO - [2026-07-09T13:41:01.830+0000] {dag.py:2915} INFO - Sync 1 DAGs
[2026-07-09T13:41:01.850+0000] {logging_mixin.py:151} INFO - [2026-07-09T13:41:01.850+0000] {dag.py:3696} INFO - Setting next_dagrun for daily_crypto_lstm_pipeline to 2026-07-09T00:02:00+00:00, run_after=2026-07-10T00:02:00+00:00
[2026-07-09T13:41:01.869+0000] {processor.py:179} INFO - Processing /opt/airflow/dags/binance_daily_dag.py took 4.332 seconds
[2026-07-09T13:41:32.062+0000] {processor.py:157} INFO - Started process (PID=18408) to work on /opt/airflow/dags/binance_daily_dag.py
[2026-07-09T13:41:32.064+0000] {processor.py:829} INFO - Processing file /opt/airflow/dags/binance_daily_dag.py for tasks to queue
[2026-07-09T13:41:32.066+0000] {logging_mixin.py:151} INFO - [2026-07-09T13:41:32.065+0000] {dagbag.py:539} INFO - Filling up the DagBag from /opt/airflow/dags/binance_daily_dag.py
[2026-07-09T13:41:36.019+0000] {processor.py:839} INFO - DAG(s) dict_keys(['daily_crypto_lstm_pipeline']) retrieved from /opt/airflow/dags/binance_daily_dag.py
[2026-07-09T13:41:36.068+0000] {logging_mixin.py:151} INFO - [2026-07-09T13:41:36.067+0000] {dag.py:2915} INFO - Sync 1 DAGs
[2026-07-09T13:41:36.105+0000] {logging_mixin.py:151} INFO - [2026-07-09T13:41:36.105+0000] {dag.py:3696} INFO - Setting next_dagrun for daily_crypto_lstm_pipeline to 2026-07-09T00:02:00+00:00, run_after=2026-07-10T00:02:00+00:00
[2026-07-09T13:41:36.143+0000] {processor.py:179} INFO - Processing /opt/airflow/dags/binance_daily_dag.py took 4.085 seconds
[2026-07-09T13:42:06.688+0000] {processor.py:157} INFO - Started process (PID=18441) to work on /opt/airflow/dags/binance_daily_dag.py
[2026-07-09T13:42:06.689+0000] {processor.py:829} INFO - Processing file /opt/airflow/dags/binance_daily_dag.py for tasks to queue
[2026-07-09T13:42:06.691+0000] {logging_mixin.py:151} INFO - [2026-07-09T13:42:06.690+0000] {dagbag.py:539} INFO - Filling up the DagBag from /opt/airflow/dags/binance_daily_dag.py
[2026-07-09T13:42:10.254+0000] {processor.py:839} INFO - DAG(s) dict_keys(['daily_crypto_lstm_pipeline']) retrieved from /opt/airflow/dags/binance_daily_dag.py
[2026-07-09T13:42:10.277+0000] {logging_mixin.py:151} INFO - [2026-07-09T13:42:10.276+0000] {dag.py:2915} INFO - Sync 1 DAGs
[2026-07-09T13:42:10.296+0000] {logging_mixin.py:151} INFO - [2026-07-09T13:42:10.295+0000] {dag.py:3696} INFO - Setting next_dagrun for daily_crypto_lstm_pipeline to 2026-07-09T00:02:00+00:00, run_after=2026-07-10T00:02:00+00:00
[2026-07-09T13:42:10.328+0000] {processor.py:179} INFO - Processing /opt/airflow/dags/binance_daily_dag.py took 3.647 seconds
[2026-07-09T13:42:40.745+0000] {processor.py:157} INFO - Started process (PID=18474) to work on /opt/airflow/dags/binance_daily_dag.py
[2026-07-09T13:42:40.746+0000] {processor.py:829} INFO - Processing file /opt/airflow/dags/binance_daily_dag.py for tasks to queue
[2026-07-09T13:42:40.747+0000] {logging_mixin.py:151} INFO - [2026-07-09T13:42:40.747+0000] {dagbag.py:539} INFO - Filling up the DagBag from /opt/airflow/dags/binance_daily_dag.py
[2026-07-09T13:42:44.814+0000] {processor.py:839} INFO - DAG(s) dict_keys(['daily_crypto_lstm_pipeline']) retrieved from /opt/airflow/dags/binance_daily_dag.py
[2026-07-09T13:42:44.892+0000] {logging_mixin.py:151} INFO - [2026-07-09T13:42:44.891+0000] {dag.py:2915} INFO - Sync 1 DAGs
[2026-07-09T13:42:44.922+0000] {logging_mixin.py:151} INFO - [2026-07-09T13:42:44.922+0000] {dag.py:3696} INFO - Setting next_dagrun for daily_crypto_lstm_pipeline to 2026-07-09T00:02:00+00:00, run_after=2026-07-10T00:02:00+00:00
[2026-07-09T13:42:44.944+0000] {processor.py:179} INFO - Processing /opt/airflow/dags/binance_daily_dag.py took 4.205 seconds
[2026-07-09T13:43:16.042+0000] {processor.py:157} INFO - Started process (PID=18514) to work on /opt/airflow/dags/binance_daily_dag.py
[2026-07-09T13:43:16.045+0000] {processor.py:829} INFO - Processing file /opt/airflow/dags/binance_daily_dag.py for tasks to queue
[2026-07-09T13:43:16.047+0000] {logging_mixin.py:151} INFO - [2026-07-09T13:43:16.046+0000] {dagbag.py:539} INFO - Filling up the DagBag from /opt/airflow/dags/binance_daily_dag.py
[2026-07-09T13:43:19.945+0000] {processor.py:839} INFO - DAG(s) dict_keys(['daily_crypto_lstm_pipeline']) retrieved from /opt/airflow/dags/binance_daily_dag.py
[2026-07-09T13:43:19.985+0000] {logging_mixin.py:151} INFO - [2026-07-09T13:43:19.985+0000] {dag.py:2915} INFO - Sync 1 DAGs
[2026-07-09T13:43:20.025+0000] {logging_mixin.py:151} INFO - [2026-07-09T13:43:20.025+0000] {dag.py:3696} INFO - Setting next_dagrun for daily_crypto_lstm_pipeline to 2026-07-09T00:02:00+00:00, run_after=2026-07-10T00:02:00+00:00
[2026-07-09T13:43:20.061+0000] {processor.py:179} INFO - Processing /opt/airflow/dags/binance_daily_dag.py took 4.027 seconds
[2026-07-09T13:43:50.343+0000] {processor.py:157} INFO - Started process (PID=18547) to work on /opt/airflow/dags/binance_daily_dag.py
[2026-07-09T13:43:50.345+0000] {processor.py:829} INFO - Processing file /opt/airflow/dags/binance_daily_dag.py for tasks to queue
[2026-07-09T13:43:50.347+0000] {logging_mixin.py:151} INFO - [2026-07-09T13:43:50.347+0000] {dagbag.py:539} INFO - Filling up the DagBag from /opt/airflow/dags/binance_daily_dag.py
[2026-07-09T13:43:54.253+0000] {processor.py:839} INFO - DAG(s) dict_keys(['daily_crypto_lstm_pipeline']) retrieved from /opt/airflow/dags/binance_daily_dag.py
[2026-07-09T13:43:54.295+0000] {logging_mixin.py:151} INFO - [2026-07-09T13:43:54.294+0000] {dag.py:2915} INFO - Sync 1 DAGs
[2026-07-09T13:43:54.327+0000] {logging_mixin.py:151} INFO - [2026-07-09T13:43:54.327+0000] {dag.py:3696} INFO - Setting next_dagrun for daily_crypto_lstm_pipeline to 2026-07-09T00:02:00+00:00, run_after=2026-07-10T00:02:00+00:00
[2026-07-09T13:43:54.364+0000] {processor.py:179} INFO - Processing /opt/airflow/dags/binance_daily_dag.py took 4.027 seconds
[2026-07-09T13:44:24.992+0000] {processor.py:157} INFO - Started process (PID=18580) to work on /opt/airflow/dags/binance_daily_dag.py
[2026-07-09T13:44:24.994+0000] {processor.py:829} INFO - Processing file /opt/airflow/dags/binance_daily_dag.py for tasks to queue
[2026-07-09T13:44:24.995+0000] {logging_mixin.py:151} INFO - [2026-07-09T13:44:24.994+0000] {dagbag.py:539} INFO - Filling up the DagBag from /opt/airflow/dags/binance_daily_dag.py
[2026-07-09T13:44:31.157+0000] {processor.py:839} INFO - DAG(s) dict_keys(['daily_crypto_lstm_pipeline']) retrieved from /opt/airflow/dags/binance_daily_dag.py
[2026-07-09T13:44:31.204+0000] {logging_mixin.py:151} INFO - [2026-07-09T13:44:31.203+0000] {dag.py:2915} INFO - Sync 1 DAGs
[2026-07-09T13:44:31.247+0000] {logging_mixin.py:151} INFO - [2026-07-09T13:44:31.247+0000] {dag.py:3696} INFO - Setting next_dagrun for daily_crypto_lstm_pipeline to 2026-07-09T00:02:00+00:00, run_after=2026-07-10T00:02:00+00:00
[2026-07-09T13:44:31.288+0000] {processor.py:179} INFO - Processing /opt/airflow/dags/binance_daily_dag.py took 6.302 seconds
[2026-07-09T13:45:02.325+0000] {processor.py:157} INFO - Started process (PID=18619) to work on /opt/airflow/dags/binance_daily_dag.py
[2026-07-09T13:45:02.328+0000] {processor.py:829} INFO - Processing file /opt/airflow/dags/binance_daily_dag.py for tasks to queue
[2026-07-09T13:45:02.330+0000] {logging_mixin.py:151} INFO - [2026-07-09T13:45:02.329+0000] {dagbag.py:539} INFO - Filling up the DagBag from /opt/airflow/dags/binance_daily_dag.py
[2026-07-09T13:45:06.123+0000] {processor.py:839} INFO - DAG(s) dict_keys(['daily_crypto_lstm_pipeline']) retrieved from /opt/airflow/dags/binance_daily_dag.py
[2026-07-09T13:45:06.143+0000] {logging_mixin.py:151} INFO - [2026-07-09T13:45:06.143+0000] {dag.py:2915} INFO - Sync 1 DAGs
[2026-07-09T13:45:06.179+0000] {logging_mixin.py:151} INFO - [2026-07-09T13:45:06.179+0000] {dag.py:3696} INFO - Setting next_dagrun for daily_crypto_lstm_pipeline to 2026-07-09T00:02:00+00:00, run_after=2026-07-10T00:02:00+00:00
[2026-07-09T13:45:06.218+0000] {processor.py:179} INFO - Processing /opt/airflow/dags/binance_daily_dag.py took 3.900 seconds
[2026-07-09T13:45:36.697+0000] {processor.py:157} INFO - Started process (PID=18653) to work on /opt/airflow/dags/binance_daily_dag.py
[2026-07-09T13:45:36.699+0000] {processor.py:829} INFO - Processing file /opt/airflow/dags/binance_daily_dag.py for tasks to queue
[2026-07-09T13:45:36.701+0000] {logging_mixin.py:151} INFO - [2026-07-09T13:45:36.700+0000] {dagbag.py:539} INFO - Filling up the DagBag from /opt/airflow/dags/binance_daily_dag.py
[2026-07-09T13:45:40.359+0000] {processor.py:839} INFO - DAG(s) dict_keys(['daily_crypto_lstm_pipeline']) retrieved from /opt/airflow/dags/binance_daily_dag.py
[2026-07-09T13:45:40.402+0000] {logging_mixin.py:151} INFO - [2026-07-09T13:45:40.401+0000] {dag.py:2915} INFO - Sync 1 DAGs
[2026-07-09T13:45:40.434+0000] {logging_mixin.py:151} INFO - [2026-07-09T13:45:40.434+0000] {dag.py:3696} INFO - Setting next_dagrun for daily_crypto_lstm_pipeline to 2026-07-09T00:02:00+00:00, run_after=2026-07-10T00:02:00+00:00
[2026-07-09T13:45:40.507+0000] {processor.py:179} INFO - Processing /opt/airflow/dags/binance_daily_dag.py took 3.816 seconds
[2026-07-09T13:46:10.980+0000] {processor.py:157} INFO - Started process (PID=18689) to work on /opt/airflow/dags/binance_daily_dag.py
[2026-07-09T13:46:10.982+0000] {processor.py:829} INFO - Processing file /opt/airflow/dags/binance_daily_dag.py for tasks to queue
[2026-07-09T13:46:10.984+0000] {logging_mixin.py:151} INFO - [2026-07-09T13:46:10.983+0000] {dagbag.py:539} INFO - Filling up the DagBag from /opt/airflow/dags/binance_daily_dag.py
[2026-07-09T13:46:15.349+0000] {processor.py:839} INFO - DAG(s) dict_keys(['daily_crypto_lstm_pipeline']) retrieved from /opt/airflow/dags/binance_daily_dag.py
[2026-07-09T13:46:15.398+0000] {logging_mixin.py:151} INFO - [2026-07-09T13:46:15.397+0000] {dag.py:2915} INFO - Sync 1 DAGs
[2026-07-09T13:46:15.441+0000] {logging_mixin.py:151} INFO - [2026-07-09T13:46:15.441+0000] {dag.py:3696} INFO - Setting next_dagrun for daily_crypto_lstm_pipeline to 2026-07-09T00:02:00+00:00, run_after=2026-07-10T00:02:00+00:00
[2026-07-09T13:46:15.480+0000] {processor.py:179} INFO - Processing /opt/airflow/dags/binance_daily_dag.py took 4.507 seconds
[2026-07-09T13:46:46.208+0000] {processor.py:157} INFO - Started process (PID=18729) to work on /opt/airflow/dags/binance_daily_dag.py
[2026-07-09T13:46:46.211+0000] {processor.py:829} INFO - Processing file /opt/airflow/dags/binance_daily_dag.py for tasks to queue
[2026-07-09T13:46:46.213+0000] {logging_mixin.py:151} INFO - [2026-07-09T13:46:46.213+0000] {dagbag.py:539} INFO - Filling up the DagBag from /opt/airflow/dags/binance_daily_dag.py
[2026-07-09T13:46:50.068+0000] {processor.py:839} INFO - DAG(s) dict_keys(['daily_crypto_lstm_pipeline']) retrieved from /opt/airflow/dags/binance_daily_dag.py
[2026-07-09T13:46:50.102+0000] {logging_mixin.py:151} INFO - [2026-07-09T13:46:50.102+0000] {dag.py:2915} INFO - Sync 1 DAGs
[2026-07-09T13:46:50.142+0000] {logging_mixin.py:151} INFO - [2026-07-09T13:46:50.142+0000] {dag.py:3696} INFO - Setting next_dagrun for daily_crypto_lstm_pipeline to 2026-07-09T00:02:00+00:00, run_after=2026-07-10T00:02:00+00:00
[2026-07-09T13:46:50.203+0000] {processor.py:179} INFO - Processing /opt/airflow/dags/binance_daily_dag.py took 4.002 seconds
[2026-07-09T13:47:20.605+0000] {processor.py:157} INFO - Started process (PID=18762) to work on /opt/airflow/dags/binance_daily_dag.py
[2026-07-09T13:47:20.606+0000] {processor.py:829} INFO - Processing file /opt/airflow/dags/binance_daily_dag.py for tasks to queue
[2026-07-09T13:47:20.607+0000] {logging_mixin.py:151} INFO - [2026-07-09T13:47:20.607+0000] {dagbag.py:539} INFO - Filling up the DagBag from /opt/airflow/dags/binance_daily_dag.py
[2026-07-09T13:47:23.134+0000] {processor.py:839} INFO - DAG(s) dict_keys(['daily_crypto_lstm_pipeline']) retrieved from /opt/airflow/dags/binance_daily_dag.py
[2026-07-09T13:47:23.165+0000] {logging_mixin.py:151} INFO - [2026-07-09T13:47:23.165+0000] {dag.py:2915} INFO - Sync 1 DAGs
[2026-07-09T13:47:23.183+0000] {logging_mixin.py:151} INFO - [2026-07-09T13:47:23.183+0000] {dag.py:3696} INFO - Setting next_dagrun for daily_crypto_lstm_pipeline to 2026-07-09T00:02:00+00:00, run_after=2026-07-10T00:02:00+00:00
[2026-07-09T13:47:23.201+0000] {processor.py:179} INFO - Processing /opt/airflow/dags/binance_daily_dag.py took 2.600 seconds
[2026-07-09T13:47:53.704+0000] {processor.py:157} INFO - Started process (PID=18795) to work on /opt/airflow/dags/binance_daily_dag.py
[2026-07-09T13:47:53.705+0000] {processor.py:829} INFO - Processing file /opt/airflow/dags/binance_daily_dag.py for tasks to queue
[2026-07-09T13:47:53.706+0000] {logging_mixin.py:151} INFO - [2026-07-09T13:47:53.705+0000] {dagbag.py:539} INFO - Filling up the DagBag from /opt/airflow/dags/binance_daily_dag.py
[2026-07-09T13:47:56.001+0000] {processor.py:839} INFO - DAG(s) dict_keys(['daily_crypto_lstm_pipeline']) retrieved from /opt/airflow/dags/binance_daily_dag.py
[2026-07-09T13:47:56.046+0000] {logging_mixin.py:151} INFO - [2026-07-09T13:47:56.045+0000] {dag.py:2915} INFO - Sync 1 DAGs
[2026-07-09T13:47:56.067+0000] {logging_mixin.py:151} INFO - [2026-07-09T13:47:56.066+0000] {dag.py:3696} INFO - Setting next_dagrun for daily_crypto_lstm_pipeline to 2026-07-09T00:02:00+00:00, run_after=2026-07-10T00:02:00+00:00
[2026-07-09T13:47:56.083+0000] {processor.py:179} INFO - Processing /opt/airflow/dags/binance_daily_dag.py took 2.383 seconds
[2026-07-09T13:48:26.444+0000] {processor.py:157} INFO - Started process (PID=18826) to work on /opt/airflow/dags/binance_daily_dag.py
[2026-07-09T13:48:26.445+0000] {processor.py:829} INFO - Processing file /opt/airflow/dags/binance_daily_dag.py for tasks to queue
[2026-07-09T13:48:26.446+0000] {logging_mixin.py:151} INFO - [2026-07-09T13:48:26.446+0000] {dagbag.py:539} INFO - Filling up the DagBag from /opt/airflow/dags/binance_daily_dag.py
[2026-07-09T13:48:28.985+0000] {processor.py:839} INFO - DAG(s) dict_keys(['daily_crypto_lstm_pipeline']) retrieved from /opt/airflow/dags/binance_daily_dag.py
[2026-07-09T13:48:29.009+0000] {logging_mixin.py:151} INFO - [2026-07-09T13:48:29.009+0000] {dag.py:2915} INFO - Sync 1 DAGs
[2026-07-09T13:48:29.030+0000] {logging_mixin.py:151} INFO - [2026-07-09T13:48:29.029+0000] {dag.py:3696} INFO - Setting next_dagrun for daily_crypto_lstm_pipeline to 2026-07-09T00:02:00+00:00, run_after=2026-07-10T00:02:00+00:00
[2026-07-09T13:48:29.087+0000] {processor.py:179} INFO - Processing /opt/airflow/dags/binance_daily_dag.py took 2.650 seconds
[2026-07-09T13:48:59.598+0000] {processor.py:157} INFO - Started process (PID=18861) to work on /opt/airflow/dags/binance_daily_dag.py
[2026-07-09T13:48:59.599+0000] {processor.py:829} INFO - Processing file /opt/airflow/dags/binance_daily_dag.py for tasks to queue
[2026-07-09T13:48:59.601+0000] {logging_mixin.py:151} INFO - [2026-07-09T13:48:59.600+0000] {dagbag.py:539} INFO - Filling up the DagBag from /opt/airflow/dags/binance_daily_dag.py
[2026-07-09T13:49:02.163+0000] {processor.py:839} INFO - DAG(s) dict_keys(['daily_crypto_lstm_pipeline']) retrieved from /opt/airflow/dags/binance_daily_dag.py
[2026-07-09T13:49:02.184+0000] {logging_mixin.py:151} INFO - [2026-07-09T13:49:02.184+0000] {dag.py:2915} INFO - Sync 1 DAGs
[2026-07-09T13:49:02.203+0000] {logging_mixin.py:151} INFO - [2026-07-09T13:49:02.203+0000] {dag.py:3696} INFO - Setting next_dagrun for daily_crypto_lstm_pipeline to 2026-07-09T00:02:00+00:00, run_after=2026-07-10T00:02:00+00:00
[2026-07-09T13:49:02.219+0000] {processor.py:179} INFO - Processing /opt/airflow/dags/binance_daily_dag.py took 2.624 seconds
[2026-07-09T13:49:32.574+0000] {processor.py:157} INFO - Started process (PID=18891) to work on /opt/airflow/dags/binance_daily_dag.py
[2026-07-09T13:49:32.576+0000] {processor.py:829} INFO - Processing file /opt/airflow/dags/binance_daily_dag.py for tasks to queue
[2026-07-09T13:49:32.577+0000] {logging_mixin.py:151} INFO - [2026-07-09T13:49:32.576+0000] {dagbag.py:539} INFO - Filling up the DagBag from /opt/airflow/dags/binance_daily_dag.py
[2026-07-09T13:49:35.939+0000] {processor.py:839} INFO - DAG(s) dict_keys(['daily_crypto_lstm_pipeline']) retrieved from /opt/airflow/dags/binance_daily_dag.py
[2026-07-09T13:49:35.984+0000] {logging_mixin.py:151} INFO - [2026-07-09T13:49:35.983+0000] {dag.py:2915} INFO - Sync 1 DAGs
[2026-07-09T13:49:36.007+0000] {logging_mixin.py:151} INFO - [2026-07-09T13:49:36.007+0000] {dag.py:3696} INFO - Setting next_dagrun for daily_crypto_lstm_pipeline to 2026-07-09T00:02:00+00:00, run_after=2026-07-10T00:02:00+00:00
[2026-07-09T13:49:36.030+0000] {processor.py:179} INFO - Processing /opt/airflow/dags/binance_daily_dag.py took 3.460 seconds
[2026-07-09T13:50:06.242+0000] {processor.py:157} INFO - Started process (PID=18929) to work on /opt/airflow/dags/binance_daily_dag.py
[2026-07-09T13:50:06.243+0000] {processor.py:829} INFO - Processing file /opt/airflow/dags/binance_daily_dag.py for tasks to queue
[2026-07-09T13:50:06.244+0000] {logging_mixin.py:151} INFO - [2026-07-09T13:50:06.244+0000] {dagbag.py:539} INFO - Filling up the DagBag from /opt/airflow/dags/binance_daily_dag.py
[2026-07-09T13:50:08.811+0000] {processor.py:839} INFO - DAG(s) dict_keys(['daily_crypto_lstm_pipeline']) retrieved from /opt/airflow/dags/binance_daily_dag.py
[2026-07-09T13:50:08.840+0000] {logging_mixin.py:151} INFO - [2026-07-09T13:50:08.839+0000] {dag.py:2915} INFO - Sync 1 DAGs
[2026-07-09T13:50:08.860+0000] {logging_mixin.py:151} INFO - [2026-07-09T13:50:08.860+0000] {dag.py:3696} INFO - Setting next_dagrun for daily_crypto_lstm_pipeline to 2026-07-09T00:02:00+00:00, run_after=2026-07-10T00:02:00+00:00
[2026-07-09T13:50:08.881+0000] {processor.py:179} INFO - Processing /opt/airflow/dags/binance_daily_dag.py took 2.643 seconds
[2026-07-09T13:50:39.595+0000] {processor.py:157} INFO - Started process (PID=18963) to work on /opt/airflow/dags/binance_daily_dag.py
[2026-07-09T13:50:39.597+0000] {processor.py:829} INFO - Processing file /opt/airflow/dags/binance_daily_dag.py for tasks to queue
[2026-07-09T13:50:39.598+0000] {logging_mixin.py:151} INFO - [2026-07-09T13:50:39.597+0000] {dagbag.py:539} INFO - Filling up the DagBag from /opt/airflow/dags/binance_daily_dag.py
[2026-07-09T13:50:41.778+0000] {processor.py:839} INFO - DAG(s) dict_keys(['daily_crypto_lstm_pipeline']) retrieved from /opt/airflow/dags/binance_daily_dag.py
[2026-07-09T13:50:41.799+0000] {logging_mixin.py:151} INFO - [2026-07-09T13:50:41.798+0000] {dag.py:2915} INFO - Sync 1 DAGs
[2026-07-09T13:50:41.820+0000] {logging_mixin.py:151} INFO - [2026-07-09T13:50:41.820+0000] {dag.py:3696} INFO - Setting next_dagrun for daily_crypto_lstm_pipeline to 2026-07-09T00:02:00+00:00, run_after=2026-07-10T00:02:00+00:00
[2026-07-09T13:50:41.888+0000] {processor.py:179} INFO - Processing /opt/airflow/dags/binance_daily_dag.py took 2.296 seconds
[2026-07-09T13:51:12.117+0000] {processor.py:157} INFO - Started process (PID=18995) to work on /opt/airflow/dags/binance_daily_dag.py
[2026-07-09T13:51:12.118+0000] {processor.py:829} INFO - Processing file /opt/airflow/dags/binance_daily_dag.py for tasks to queue
[2026-07-09T13:51:12.119+0000] {logging_mixin.py:151} INFO - [2026-07-09T13:51:12.119+0000] {dagbag.py:539} INFO - Filling up the DagBag from /opt/airflow/dags/binance_daily_dag.py
[2026-07-09T13:51:15.318+0000] {processor.py:839} INFO - DAG(s) dict_keys(['daily_crypto_lstm_pipeline']) retrieved from /opt/airflow/dags/binance_daily_dag.py
[2026-07-09T13:51:15.343+0000] {logging_mixin.py:151} INFO - [2026-07-09T13:51:15.343+0000] {dag.py:2915} INFO - Sync 1 DAGs
[2026-07-09T13:51:15.371+0000] {logging_mixin.py:151} INFO - [2026-07-09T13:51:15.371+0000] {dag.py:3696} INFO - Setting next_dagrun for daily_crypto_lstm_pipeline to 2026-07-09T00:02:00+00:00, run_after=2026-07-10T00:02:00+00:00
[2026-07-09T13:51:15.407+0000] {processor.py:179} INFO - Processing /opt/airflow/dags/binance_daily_dag.py took 3.294 seconds
[2026-07-09T13:51:45.687+0000] {processor.py:157} INFO - Started process (PID=19039) to work on /opt/airflow/dags/binance_daily_dag.py
[2026-07-09T13:51:45.690+0000] {processor.py:829} INFO - Processing file /opt/airflow/dags/binance_daily_dag.py for tasks to queue
[2026-07-09T13:51:45.692+0000] {logging_mixin.py:151} INFO - [2026-07-09T13:51:45.691+0000] {dagbag.py:539} INFO - Filling up the DagBag from /opt/airflow/dags/binance_daily_dag.py
[2026-07-09T13:51:48.014+0000] {processor.py:839} INFO - DAG(s) dict_keys(['daily_crypto_lstm_pipeline']) retrieved from /opt/airflow/dags/binance_daily_dag.py
[2026-07-09T13:51:48.035+0000] {logging_mixin.py:151} INFO - [2026-07-09T13:51:48.034+0000] {dag.py:2915} INFO - Sync 1 DAGs
[2026-07-09T13:51:48.053+0000] {logging_mixin.py:151} INFO - [2026-07-09T13:51:48.053+0000] {dag.py:3696} INFO - Setting next_dagrun for daily_crypto_lstm_pipeline to 2026-07-09T00:02:00+00:00, run_after=2026-07-10T00:02:00+00:00
[2026-07-09T13:51:48.070+0000] {processor.py:179} INFO - Processing /opt/airflow/dags/binance_daily_dag.py took 2.388 seconds
[2026-07-09T13:52:18.244+0000] {processor.py:157} INFO - Started process (PID=19072) to work on /opt/airflow/dags/binance_daily_dag.py
[2026-07-09T13:52:18.246+0000] {processor.py:829} INFO - Processing file /opt/airflow/dags/binance_daily_dag.py for tasks to queue
[2026-07-09T13:52:18.248+0000] {logging_mixin.py:151} INFO - [2026-07-09T13:52:18.247+0000] {dagbag.py:539} INFO - Filling up the DagBag from /opt/airflow/dags/binance_daily_dag.py
[2026-07-09T13:52:20.599+0000] {processor.py:839} INFO - DAG(s) dict_keys(['daily_crypto_lstm_pipeline']) retrieved from /opt/airflow/dags/binance_daily_dag.py
[2026-07-09T13:52:20.624+0000] {logging_mixin.py:151} INFO - [2026-07-09T13:52:20.623+0000] {dag.py:2915} INFO - Sync 1 DAGs
[2026-07-09T13:52:20.642+0000] {logging_mixin.py:151} INFO - [2026-07-09T13:52:20.642+0000] {dag.py:3696} INFO - Setting next_dagrun for daily_crypto_lstm_pipeline to 2026-07-09T00:02:00+00:00, run_after=2026-07-10T00:02:00+00:00
[2026-07-09T13:52:20.701+0000] {processor.py:179} INFO - Processing /opt/airflow/dags/binance_daily_dag.py took 2.461 seconds
[2026-07-09T13:52:50.862+0000] {processor.py:157} INFO - Started process (PID=19105) to work on /opt/airflow/dags/binance_daily_dag.py
[2026-07-09T13:52:50.863+0000] {processor.py:829} INFO - Processing file /opt/airflow/dags/binance_daily_dag.py for tasks to queue
[2026-07-09T13:52:50.864+0000] {logging_mixin.py:151} INFO - [2026-07-09T13:52:50.864+0000] {dagbag.py:539} INFO - Filling up the DagBag from /opt/airflow/dags/binance_daily_dag.py
[2026-07-09T13:52:53.385+0000] {processor.py:839} INFO - DAG(s) dict_keys(['daily_crypto_lstm_pipeline']) retrieved from /opt/airflow/dags/binance_daily_dag.py
[2026-07-09T13:52:53.404+0000] {logging_mixin.py:151} INFO - [2026-07-09T13:52:53.403+0000] {dag.py:2915} INFO - Sync 1 DAGs
[2026-07-09T13:52:53.422+0000] {logging_mixin.py:151} INFO - [2026-07-09T13:52:53.422+0000] {dag.py:3696} INFO - Setting next_dagrun for daily_crypto_lstm_pipeline to 2026-07-09T00:02:00+00:00, run_after=2026-07-10T00:02:00+00:00
[2026-07-09T13:52:53.479+0000] {processor.py:179} INFO - Processing /opt/airflow/dags/binance_daily_dag.py took 2.621 seconds
[2026-07-09T13:53:24.523+0000] {processor.py:157} INFO - Started process (PID=19138) to work on /opt/airflow/dags/binance_daily_dag.py
[2026-07-09T13:53:24.525+0000] {processor.py:829} INFO - Processing file /opt/airflow/dags/binance_daily_dag.py for tasks to queue
[2026-07-09T13:53:24.526+0000] {logging_mixin.py:151} INFO - [2026-07-09T13:53:24.525+0000] {dagbag.py:539} INFO - Filling up the DagBag from /opt/airflow/dags/binance_daily_dag.py
[2026-07-09T13:53:27.302+0000] {processor.py:839} INFO - DAG(s) dict_keys(['daily_crypto_lstm_pipeline']) retrieved from /opt/airflow/dags/binance_daily_dag.py
[2026-07-09T13:53:27.324+0000] {logging_mixin.py:151} INFO - [2026-07-09T13:53:27.323+0000] {dag.py:2915} INFO - Sync 1 DAGs
[2026-07-09T13:53:27.344+0000] {logging_mixin.py:151} INFO - [2026-07-09T13:53:27.344+0000] {dag.py:3696} INFO - Setting next_dagrun for daily_crypto_lstm_pipeline to 2026-07-09T00:02:00+00:00, run_after=2026-07-10T00:02:00+00:00
[2026-07-09T13:53:27.402+0000] {processor.py:179} INFO - Processing /opt/airflow/dags/binance_daily_dag.py took 2.883 seconds
[2026-07-09T13:53:58.332+0000] {processor.py:157} INFO - Started process (PID=19171) to work on /opt/airflow/dags/binance_daily_dag.py
[2026-07-09T13:53:58.333+0000] {processor.py:829} INFO - Processing file /opt/airflow/dags/binance_daily_dag.py for tasks to queue
[2026-07-09T13:53:58.334+0000] {logging_mixin.py:151} INFO - [2026-07-09T13:53:58.334+0000] {dagbag.py:539} INFO - Filling up the DagBag from /opt/airflow/dags/binance_daily_dag.py
[2026-07-09T13:54:00.958+0000] {processor.py:839} INFO - DAG(s) dict_keys(['daily_crypto_lstm_pipeline']) retrieved from /opt/airflow/dags/binance_daily_dag.py
[2026-07-09T13:54:00.982+0000] {logging_mixin.py:151} INFO - [2026-07-09T13:54:00.982+0000] {dag.py:2915} INFO - Sync 1 DAGs
[2026-07-09T13:54:01.015+0000] {logging_mixin.py:151} INFO - [2026-07-09T13:54:01.014+0000] {dag.py:3696} INFO - Setting next_dagrun for daily_crypto_lstm_pipeline to 2026-07-09T00:02:00+00:00, run_after=2026-07-10T00:02:00+00:00
[2026-07-09T13:54:01.080+0000] {processor.py:179} INFO - Processing /opt/airflow/dags/binance_daily_dag.py took 2.754 seconds
[2026-07-09T13:54:31.247+0000] {processor.py:157} INFO - Started process (PID=19204) to work on /opt/airflow/dags/binance_daily_dag.py
[2026-07-09T13:54:31.249+0000] {processor.py:829} INFO - Processing file /opt/airflow/dags/binance_daily_dag.py for tasks to queue
[2026-07-09T13:54:31.250+0000] {logging_mixin.py:151} INFO - [2026-07-09T13:54:31.250+0000] {dagbag.py:539} INFO - Filling up the DagBag from /opt/airflow/dags/binance_daily_dag.py
[2026-07-09T13:54:33.755+0000] {processor.py:839} INFO - DAG(s) dict_keys(['daily_crypto_lstm_pipeline']) retrieved from /opt/airflow/dags/binance_daily_dag.py
[2026-07-09T13:54:33.813+0000] {logging_mixin.py:151} INFO - [2026-07-09T13:54:33.813+0000] {dag.py:2915} INFO - Sync 1 DAGs
[2026-07-09T13:54:33.832+0000] {logging_mixin.py:151} INFO - [2026-07-09T13:54:33.832+0000] {dag.py:3696} INFO - Setting next_dagrun for daily_crypto_lstm_pipeline to 2026-07-09T00:02:00+00:00, run_after=2026-07-10T00:02:00+00:00
[2026-07-09T13:54:33.853+0000] {processor.py:179} INFO - Processing /opt/airflow/dags/binance_daily_dag.py took 2.609 seconds
[2026-07-09T13:55:04.380+0000] {processor.py:157} INFO - Started process (PID=19237) to work on /opt/airflow/dags/binance_daily_dag.py
[2026-07-09T13:55:04.382+0000] {processor.py:829} INFO - Processing file /opt/airflow/dags/binance_daily_dag.py for tasks to queue
[2026-07-09T13:55:04.383+0000] {logging_mixin.py:151} INFO - [2026-07-09T13:55:04.383+0000] {dagbag.py:539} INFO - Filling up the DagBag from /opt/airflow/dags/binance_daily_dag.py
[2026-07-09T13:55:06.877+0000] {processor.py:839} INFO - DAG(s) dict_keys(['daily_crypto_lstm_pipeline']) retrieved from /opt/airflow/dags/binance_daily_dag.py
[2026-07-09T13:55:06.899+0000] {logging_mixin.py:151} INFO - [2026-07-09T13:55:06.898+0000] {dag.py:2915} INFO - Sync 1 DAGs
[2026-07-09T13:55:06.921+0000] {logging_mixin.py:151} INFO - [2026-07-09T13:55:06.921+0000] {dag.py:3696} INFO - Setting next_dagrun for daily_crypto_lstm_pipeline to 2026-07-09T00:02:00+00:00, run_after=2026-07-10T00:02:00+00:00
[2026-07-09T13:55:06.984+0000] {processor.py:179} INFO - Processing /opt/airflow/dags/binance_daily_dag.py took 2.608 seconds
[2026-07-09T13:55:37.481+0000] {processor.py:157} INFO - Started process (PID=19270) to work on /opt/airflow/dags/binance_daily_dag.py
[2026-07-09T13:55:37.483+0000] {processor.py:829} INFO - Processing file /opt/airflow/dags/binance_daily_dag.py for tasks to queue
[2026-07-09T13:55:37.484+0000] {logging_mixin.py:151} INFO - [2026-07-09T13:55:37.484+0000] {dagbag.py:539} INFO - Filling up the DagBag from /opt/airflow/dags/binance_daily_dag.py
[2026-07-09T13:55:40.131+0000] {processor.py:839} INFO - DAG(s) dict_keys(['daily_crypto_lstm_pipeline']) retrieved from /opt/airflow/dags/binance_daily_dag.py
[2026-07-09T13:55:40.173+0000] {logging_mixin.py:151} INFO - [2026-07-09T13:55:40.172+0000] {dag.py:2915} INFO - Sync 1 DAGs
[2026-07-09T13:55:40.197+0000] {logging_mixin.py:151} INFO - [2026-07-09T13:55:40.197+0000] {dag.py:3696} INFO - Setting next_dagrun for daily_crypto_lstm_pipeline to 2026-07-09T00:02:00+00:00, run_after=2026-07-10T00:02:00+00:00
[2026-07-09T13:55:40.220+0000] {processor.py:179} INFO - Processing /opt/airflow/dags/binance_daily_dag.py took 2.742 seconds
[2026-07-09T13:56:11.196+0000] {processor.py:157} INFO - Started process (PID=19303) to work on /opt/airflow/dags/binance_daily_dag.py
[2026-07-09T13:56:11.197+0000] {processor.py:829} INFO - Processing file /opt/airflow/dags/binance_daily_dag.py for tasks to queue
[2026-07-09T13:56:11.199+0000] {logging_mixin.py:151} INFO - [2026-07-09T13:56:11.198+0000] {dagbag.py:539} INFO - Filling up the DagBag from /opt/airflow/dags/binance_daily_dag.py
[2026-07-09T13:56:14.161+0000] {processor.py:839} INFO - DAG(s) dict_keys(['daily_crypto_lstm_pipeline']) retrieved from /opt/airflow/dags/binance_daily_dag.py
[2026-07-09T13:56:14.219+0000] {logging_mixin.py:151} INFO - [2026-07-09T13:56:14.218+0000] {dag.py:2915} INFO - Sync 1 DAGs
[2026-07-09T13:56:14.271+0000] {logging_mixin.py:151} INFO - [2026-07-09T13:56:14.270+0000] {dag.py:3696} INFO - Setting next_dagrun for daily_crypto_lstm_pipeline to 2026-07-09T00:02:00+00:00, run_after=2026-07-10T00:02:00+00:00
[2026-07-09T13:56:14.354+0000] {processor.py:179} INFO - Processing /opt/airflow/dags/binance_daily_dag.py took 3.163 seconds
[2026-07-09T13:56:47.853+0000] {processor.py:157} INFO - Started process (PID=19348) to work on /opt/airflow/dags/binance_daily_dag.py
[2026-07-09T13:56:47.855+0000] {processor.py:829} INFO - Processing file /opt/airflow/dags/binance_daily_dag.py for tasks to queue
[2026-07-09T13:56:47.856+0000] {logging_mixin.py:151} INFO - [2026-07-09T13:56:47.856+0000] {dagbag.py:539} INFO - Filling up the DagBag from /opt/airflow/dags/binance_daily_dag.py
[2026-07-09T13:56:50.665+0000] {processor.py:839} INFO - DAG(s) dict_keys(['daily_crypto_lstm_pipeline']) retrieved from /opt/airflow/dags/binance_daily_dag.py
[2026-07-09T13:56:50.689+0000] {logging_mixin.py:151} INFO - [2026-07-09T13:56:50.689+0000] {dag.py:2915} INFO - Sync 1 DAGs
[2026-07-09T13:56:50.716+0000] {logging_mixin.py:151} INFO - [2026-07-09T13:56:50.716+0000] {dag.py:3696} INFO - Setting next_dagrun for daily_crypto_lstm_pipeline to 2026-07-09T00:02:00+00:00, run_after=2026-07-10T00:02:00+00:00
[2026-07-09T13:56:50.734+0000] {processor.py:179} INFO - Processing /opt/airflow/dags/binance_daily_dag.py took 2.886 seconds
[2026-07-09T13:57:30.309+0000] {processor.py:157} INFO - Started process (PID=19379) to work on /opt/airflow/dags/binance_daily_dag.py
[2026-07-09T13:57:30.311+0000] {processor.py:829} INFO - Processing file /opt/airflow/dags/binance_daily_dag.py for tasks to queue
[2026-07-09T13:57:30.313+0000] {logging_mixin.py:151} INFO - [2026-07-09T13:57:30.312+0000] {dagbag.py:539} INFO - Filling up the DagBag from /opt/airflow/dags/binance_daily_dag.py
[2026-07-09T13:57:33.280+0000] {processor.py:839} INFO - DAG(s) dict_keys(['daily_crypto_lstm_pipeline']) retrieved from /opt/airflow/dags/binance_daily_dag.py
[2026-07-09T13:57:33.314+0000] {logging_mixin.py:151} INFO - [2026-07-09T13:57:33.313+0000] {dag.py:2915} INFO - Sync 1 DAGs
[2026-07-09T13:57:33.341+0000] {logging_mixin.py:151} INFO - [2026-07-09T13:57:33.340+0000] {dag.py:3696} INFO - Setting next_dagrun for daily_crypto_lstm_pipeline to 2026-07-09T00:02:00+00:00, run_after=2026-07-10T00:02:00+00:00
[2026-07-09T13:57:33.367+0000] {processor.py:179} INFO - Processing /opt/airflow/dags/binance_daily_dag.py took 3.063 seconds
[2026-07-09T13:58:15.388+0000] {processor.py:157} INFO - Started process (PID=19414) to work on /opt/airflow/dags/binance_daily_dag.py
[2026-07-09T13:58:15.390+0000] {processor.py:829} INFO - Processing file /opt/airflow/dags/binance_daily_dag.py for tasks to queue
[2026-07-09T13:58:15.392+0000] {logging_mixin.py:151} INFO - [2026-07-09T13:58:15.392+0000] {dagbag.py:539} INFO - Filling up the DagBag from /opt/airflow/dags/binance_daily_dag.py
[2026-07-09T13:58:21.623+0000] {processor.py:839} INFO - DAG(s) dict_keys(['daily_crypto_lstm_pipeline']) retrieved from /opt/airflow/dags/binance_daily_dag.py
[2026-07-09T13:58:21.654+0000] {logging_mixin.py:151} INFO - [2026-07-09T13:58:21.653+0000] {dag.py:2915} INFO - Sync 1 DAGs
[2026-07-09T13:58:21.686+0000] {logging_mixin.py:151} INFO - [2026-07-09T13:58:21.685+0000] {dag.py:3696} INFO - Setting next_dagrun for daily_crypto_lstm_pipeline to 2026-07-09T00:02:00+00:00, run_after=2026-07-10T00:02:00+00:00
[2026-07-09T13:58:21.733+0000] {processor.py:179} INFO - Processing /opt/airflow/dags/binance_daily_dag.py took 6.368 seconds
[2026-07-09T13:58:51.934+0000] {processor.py:157} INFO - Started process (PID=19453) to work on /opt/airflow/dags/binance_daily_dag.py
[2026-07-09T13:58:51.936+0000] {processor.py:829} INFO - Processing file /opt/airflow/dags/binance_daily_dag.py for tasks to queue
[2026-07-09T13:58:51.939+0000] {logging_mixin.py:151} INFO - [2026-07-09T13:58:51.938+0000] {dagbag.py:539} INFO - Filling up the DagBag from /opt/airflow/dags/binance_daily_dag.py
[2026-07-09T13:58:56.368+0000] {processor.py:839} INFO - DAG(s) dict_keys(['daily_crypto_lstm_pipeline']) retrieved from /opt/airflow/dags/binance_daily_dag.py
[2026-07-09T13:58:56.455+0000] {logging_mixin.py:151} INFO - [2026-07-09T13:58:56.454+0000] {dag.py:2915} INFO - Sync 1 DAGs
[2026-07-09T13:58:56.500+0000] {logging_mixin.py:151} INFO - [2026-07-09T13:58:56.499+0000] {dag.py:3696} INFO - Setting next_dagrun for daily_crypto_lstm_pipeline to 2026-07-09T00:02:00+00:00, run_after=2026-07-10T00:02:00+00:00
[2026-07-09T13:58:56.541+0000] {processor.py:179} INFO - Processing /opt/airflow/dags/binance_daily_dag.py took 4.614 seconds
[2026-07-09T13:59:26.938+0000] {processor.py:157} INFO - Started process (PID=19486) to work on /opt/airflow/dags/binance_daily_dag.py
[2026-07-09T13:59:26.941+0000] {processor.py:829} INFO - Processing file /opt/airflow/dags/binance_daily_dag.py for tasks to queue
[2026-07-09T13:59:26.944+0000] {logging_mixin.py:151} INFO - [2026-07-09T13:59:26.943+0000] {dagbag.py:539} INFO - Filling up the DagBag from /opt/airflow/dags/binance_daily_dag.py
[2026-07-09T13:59:31.494+0000] {processor.py:839} INFO - DAG(s) dict_keys(['daily_crypto_lstm_pipeline']) retrieved from /opt/airflow/dags/binance_daily_dag.py
[2026-07-09T13:59:31.539+0000] {logging_mixin.py:151} INFO - [2026-07-09T13:59:31.537+0000] {dag.py:2915} INFO - Sync 1 DAGs
[2026-07-09T13:59:31.586+0000] {logging_mixin.py:151} INFO - [2026-07-09T13:59:31.586+0000] {dag.py:3696} INFO - Setting next_dagrun for daily_crypto_lstm_pipeline to 2026-07-09T00:02:00+00:00, run_after=2026-07-10T00:02:00+00:00
[2026-07-09T13:59:31.677+0000] {processor.py:179} INFO - Processing /opt/airflow/dags/binance_daily_dag.py took 4.759 seconds
[2026-07-09T14:00:01.853+0000] {processor.py:157} INFO - Started process (PID=19519) to work on /opt/airflow/dags/binance_daily_dag.py
[2026-07-09T14:00:01.856+0000] {processor.py:829} INFO - Processing file /opt/airflow/dags/binance_daily_dag.py for tasks to queue
[2026-07-09T14:00:01.858+0000] {logging_mixin.py:151} INFO - [2026-07-09T14:00:01.857+0000] {dagbag.py:539} INFO - Filling up the DagBag from /opt/airflow/dags/binance_daily_dag.py
[2026-07-09T14:00:06.387+0000] {processor.py:839} INFO - DAG(s) dict_keys(['daily_crypto_lstm_pipeline']) retrieved from /opt/airflow/dags/binance_daily_dag.py
[2026-07-09T14:00:06.462+0000] {logging_mixin.py:151} INFO - [2026-07-09T14:00:06.461+0000] {dag.py:2915} INFO - Sync 1 DAGs
[2026-07-09T14:00:06.504+0000] {logging_mixin.py:151} INFO - [2026-07-09T14:00:06.503+0000] {dag.py:3696} INFO - Setting next_dagrun for daily_crypto_lstm_pipeline to 2026-07-09T00:02:00+00:00, run_after=2026-07-10T00:02:00+00:00
[2026-07-09T14:00:06.534+0000] {processor.py:179} INFO - Processing /opt/airflow/dags/binance_daily_dag.py took 4.690 seconds
[2026-07-09T14:00:36.904+0000] {processor.py:157} INFO - Started process (PID=19549) to work on /opt/airflow/dags/binance_daily_dag.py
[2026-07-09T14:00:36.907+0000] {processor.py:829} INFO - Processing file /opt/airflow/dags/binance_daily_dag.py for tasks to queue
[2026-07-09T14:00:36.910+0000] {logging_mixin.py:151} INFO - [2026-07-09T14:00:36.909+0000] {dagbag.py:539} INFO - Filling up the DagBag from /opt/airflow/dags/binance_daily_dag.py
[2026-07-09T14:00:41.647+0000] {processor.py:839} INFO - DAG(s) dict_keys(['daily_crypto_lstm_pipeline']) retrieved from /opt/airflow/dags/binance_daily_dag.py
[2026-07-09T14:00:41.675+0000] {logging_mixin.py:151} INFO - [2026-07-09T14:00:41.674+0000] {dag.py:2915} INFO - Sync 1 DAGs
[2026-07-09T14:00:41.705+0000] {logging_mixin.py:151} INFO - [2026-07-09T14:00:41.705+0000] {dag.py:3696} INFO - Setting next_dagrun for daily_crypto_lstm_pipeline to 2026-07-09T00:02:00+00:00, run_after=2026-07-10T00:02:00+00:00
[2026-07-09T14:00:41.726+0000] {processor.py:179} INFO - Processing /opt/airflow/dags/binance_daily_dag.py took 4.831 seconds
[2026-07-09T14:01:12.158+0000] {processor.py:157} INFO - Started process (PID=19581) to work on /opt/airflow/dags/binance_daily_dag.py
[2026-07-09T14:01:12.161+0000] {processor.py:829} INFO - Processing file /opt/airflow/dags/binance_daily_dag.py for tasks to queue
[2026-07-09T14:01:12.163+0000] {logging_mixin.py:151} INFO - [2026-07-09T14:01:12.162+0000] {dagbag.py:539} INFO - Filling up the DagBag from /opt/airflow/dags/binance_daily_dag.py
[2026-07-09T14:01:18.252+0000] {processor.py:839} INFO - DAG(s) dict_keys(['daily_crypto_lstm_pipeline']) retrieved from /opt/airflow/dags/binance_daily_dag.py
[2026-07-09T14:01:18.295+0000] {logging_mixin.py:151} INFO - [2026-07-09T14:01:18.294+0000] {dag.py:2915} INFO - Sync 1 DAGs
[2026-07-09T14:01:18.353+0000] {logging_mixin.py:151} INFO - [2026-07-09T14:01:18.353+0000] {dag.py:3696} INFO - Setting next_dagrun for daily_crypto_lstm_pipeline to 2026-07-09T00:02:00+00:00, run_after=2026-07-10T00:02:00+00:00
[2026-07-09T14:01:18.399+0000] {processor.py:179} INFO - Processing /opt/airflow/dags/binance_daily_dag.py took 6.247 seconds
[2026-07-09T14:01:49.072+0000] {processor.py:157} INFO - Started process (PID=19622) to work on /opt/airflow/dags/binance_daily_dag.py
[2026-07-09T14:01:49.074+0000] {processor.py:829} INFO - Processing file /opt/airflow/dags/binance_daily_dag.py for tasks to queue
[2026-07-09T14:01:49.084+0000] {logging_mixin.py:151} INFO - [2026-07-09T14:01:49.076+0000] {dagbag.py:539} INFO - Filling up the DagBag from /opt/airflow/dags/binance_daily_dag.py
[2026-07-09T14:01:53.781+0000] {processor.py:839} INFO - DAG(s) dict_keys(['daily_crypto_lstm_pipeline']) retrieved from /opt/airflow/dags/binance_daily_dag.py
[2026-07-09T14:01:53.823+0000] {logging_mixin.py:151} INFO - [2026-07-09T14:01:53.822+0000] {dag.py:2915} INFO - Sync 1 DAGs
[2026-07-09T14:01:53.895+0000] {logging_mixin.py:151} INFO - [2026-07-09T14:01:53.894+0000] {dag.py:3696} INFO - Setting next_dagrun for daily_crypto_lstm_pipeline to 2026-07-09T00:02:00+00:00, run_after=2026-07-10T00:02:00+00:00
[2026-07-09T14:01:53.957+0000] {processor.py:179} INFO - Processing /opt/airflow/dags/binance_daily_dag.py took 4.892 seconds
[2026-07-09T14:02:24.472+0000] {processor.py:157} INFO - Started process (PID=19657) to work on /opt/airflow/dags/binance_daily_dag.py
[2026-07-09T14:02:24.475+0000] {processor.py:829} INFO - Processing file /opt/airflow/dags/binance_daily_dag.py for tasks to queue
[2026-07-09T14:02:24.478+0000] {logging_mixin.py:151} INFO - [2026-07-09T14:02:24.477+0000] {dagbag.py:539} INFO - Filling up the DagBag from /opt/airflow/dags/binance_daily_dag.py
[2026-07-09T14:02:28.455+0000] {processor.py:839} INFO - DAG(s) dict_keys(['daily_crypto_lstm_pipeline']) retrieved from /opt/airflow/dags/binance_daily_dag.py
[2026-07-09T14:02:28.488+0000] {logging_mixin.py:151} INFO - [2026-07-09T14:02:28.488+0000] {dag.py:2915} INFO - Sync 1 DAGs
[2026-07-09T14:02:28.520+0000] {logging_mixin.py:151} INFO - [2026-07-09T14:02:28.519+0000] {dag.py:3696} INFO - Setting next_dagrun for daily_crypto_lstm_pipeline to 2026-07-09T00:02:00+00:00, run_after=2026-07-10T00:02:00+00:00
[2026-07-09T14:02:28.584+0000] {processor.py:179} INFO - Processing /opt/airflow/dags/binance_daily_dag.py took 4.119 seconds
[2026-07-09T14:02:59.381+0000] {processor.py:157} INFO - Started process (PID=19695) to work on /opt/airflow/dags/binance_daily_dag.py
[2026-07-09T14:02:59.384+0000] {processor.py:829} INFO - Processing file /opt/airflow/dags/binance_daily_dag.py for tasks to queue
[2026-07-09T14:02:59.386+0000] {logging_mixin.py:151} INFO - [2026-07-09T14:02:59.385+0000] {dagbag.py:539} INFO - Filling up the DagBag from /opt/airflow/dags/binance_daily_dag.py
[2026-07-09T14:03:03.928+0000] {processor.py:839} INFO - DAG(s) dict_keys(['daily_crypto_lstm_pipeline']) retrieved from /opt/airflow/dags/binance_daily_dag.py
[2026-07-09T14:03:03.968+0000] {logging_mixin.py:151} INFO - [2026-07-09T14:03:03.967+0000] {dag.py:2915} INFO - Sync 1 DAGs
[2026-07-09T14:03:04.006+0000] {logging_mixin.py:151} INFO - [2026-07-09T14:03:04.006+0000] {dag.py:3696} INFO - Setting next_dagrun for daily_crypto_lstm_pipeline to 2026-07-09T00:02:00+00:00, run_after=2026-07-10T00:02:00+00:00
[2026-07-09T14:03:04.088+0000] {processor.py:179} INFO - Processing /opt/airflow/dags/binance_daily_dag.py took 4.715 seconds
[2026-07-09T14:03:34.575+0000] {processor.py:157} INFO - Started process (PID=19728) to work on /opt/airflow/dags/binance_daily_dag.py
[2026-07-09T14:03:34.578+0000] {processor.py:829} INFO - Processing file /opt/airflow/dags/binance_daily_dag.py for tasks to queue
[2026-07-09T14:03:34.581+0000] {logging_mixin.py:151} INFO - [2026-07-09T14:03:34.580+0000] {dagbag.py:539} INFO - Filling up the DagBag from /opt/airflow/dags/binance_daily_dag.py
[2026-07-09T14:03:40.289+0000] {processor.py:839} INFO - DAG(s) dict_keys(['daily_crypto_lstm_pipeline']) retrieved from /opt/airflow/dags/binance_daily_dag.py
[2026-07-09T14:03:40.332+0000] {logging_mixin.py:151} INFO - [2026-07-09T14:03:40.330+0000] {dag.py:2915} INFO - Sync 1 DAGs
[2026-07-09T14:03:40.381+0000] {logging_mixin.py:151} INFO - [2026-07-09T14:03:40.380+0000] {dag.py:3696} INFO - Setting next_dagrun for daily_crypto_lstm_pipeline to 2026-07-09T00:02:00+00:00, run_after=2026-07-10T00:02:00+00:00
[2026-07-09T14:03:40.424+0000] {processor.py:179} INFO - Processing /opt/airflow/dags/binance_daily_dag.py took 5.854 seconds
[2026-07-09T14:04:11.047+0000] {processor.py:157} INFO - Started process (PID=19761) to work on /opt/airflow/dags/binance_daily_dag.py
[2026-07-09T14:04:11.050+0000] {processor.py:829} INFO - Processing file /opt/airflow/dags/binance_daily_dag.py for tasks to queue
[2026-07-09T14:04:11.053+0000] {logging_mixin.py:151} INFO - [2026-07-09T14:04:11.052+0000] {dagbag.py:539} INFO - Filling up the DagBag from /opt/airflow/dags/binance_daily_dag.py
[2026-07-09T14:04:16.564+0000] {processor.py:839} INFO - DAG(s) dict_keys(['daily_crypto_lstm_pipeline']) retrieved from /opt/airflow/dags/binance_daily_dag.py
[2026-07-09T14:04:16.605+0000] {logging_mixin.py:151} INFO - [2026-07-09T14:04:16.605+0000] {dag.py:2915} INFO - Sync 1 DAGs
[2026-07-09T14:04:16.653+0000] {logging_mixin.py:151} INFO - [2026-07-09T14:04:16.653+0000] {dag.py:3696} INFO - Setting next_dagrun for daily_crypto_lstm_pipeline to 2026-07-09T00:02:00+00:00, run_after=2026-07-10T00:02:00+00:00
[2026-07-09T14:04:16.721+0000] {processor.py:179} INFO - Processing /opt/airflow/dags/binance_daily_dag.py took 5.683 seconds
[2026-07-09T14:04:47.384+0000] {processor.py:157} INFO - Started process (PID=19794) to work on /opt/airflow/dags/binance_daily_dag.py
[2026-07-09T14:04:47.385+0000] {processor.py:829} INFO - Processing file /opt/airflow/dags/binance_daily_dag.py for tasks to queue
[2026-07-09T14:04:47.387+0000] {logging_mixin.py:151} INFO - [2026-07-09T14:04:47.386+0000] {dagbag.py:539} INFO - Filling up the DagBag from /opt/airflow/dags/binance_daily_dag.py
[2026-07-09T14:04:49.764+0000] {processor.py:839} INFO - DAG(s) dict_keys(['daily_crypto_lstm_pipeline']) retrieved from /opt/airflow/dags/binance_daily_dag.py
[2026-07-09T14:04:49.785+0000] {logging_mixin.py:151} INFO - [2026-07-09T14:04:49.784+0000] {dag.py:2915} INFO - Sync 1 DAGs
[2026-07-09T14:04:49.804+0000] {logging_mixin.py:151} INFO - [2026-07-09T14:04:49.803+0000] {dag.py:3696} INFO - Setting next_dagrun for daily_crypto_lstm_pipeline to 2026-07-09T00:02:00+00:00, run_after=2026-07-10T00:02:00+00:00
[2026-07-09T14:04:49.863+0000] {processor.py:179} INFO - Processing /opt/airflow/dags/binance_daily_dag.py took 2.483 seconds
[2026-07-09T14:05:25.066+0000] {processor.py:157} INFO - Started process (PID=19832) to work on /opt/airflow/dags/binance_daily_dag.py
[2026-07-09T14:05:25.068+0000] {processor.py:829} INFO - Processing file /opt/airflow/dags/binance_daily_dag.py for tasks to queue
[2026-07-09T14:05:25.069+0000] {logging_mixin.py:151} INFO - [2026-07-09T14:05:25.069+0000] {dagbag.py:539} INFO - Filling up the DagBag from /opt/airflow/dags/binance_daily_dag.py
[2026-07-09T14:05:27.991+0000] {processor.py:839} INFO - DAG(s) dict_keys(['daily_crypto_lstm_pipeline']) retrieved from /opt/airflow/dags/binance_daily_dag.py
[2026-07-09T14:05:28.014+0000] {logging_mixin.py:151} INFO - [2026-07-09T14:05:28.013+0000] {dag.py:2915} INFO - Sync 1 DAGs
[2026-07-09T14:05:28.042+0000] {logging_mixin.py:151} INFO - [2026-07-09T14:05:28.042+0000] {dag.py:3696} INFO - Setting next_dagrun for daily_crypto_lstm_pipeline to 2026-07-09T00:02:00+00:00, run_after=2026-07-10T00:02:00+00:00
[2026-07-09T14:05:28.072+0000] {processor.py:179} INFO - Processing /opt/airflow/dags/binance_daily_dag.py took 3.014 seconds
[2026-07-09T14:06:00.317+0000] {processor.py:157} INFO - Started process (PID=19867) to work on /opt/airflow/dags/binance_daily_dag.py
[2026-07-09T14:06:00.318+0000] {processor.py:829} INFO - Processing file /opt/airflow/dags/binance_daily_dag.py for tasks to queue
[2026-07-09T14:06:00.319+0000] {logging_mixin.py:151} INFO - [2026-07-09T14:06:00.319+0000] {dagbag.py:539} INFO - Filling up the DagBag from /opt/airflow/dags/binance_daily_dag.py
[2026-07-09T14:06:02.736+0000] {processor.py:839} INFO - DAG(s) dict_keys(['daily_crypto_lstm_pipeline']) retrieved from /opt/airflow/dags/binance_daily_dag.py
[2026-07-09T14:06:02.781+0000] {logging_mixin.py:151} INFO - [2026-07-09T14:06:02.780+0000] {dag.py:2915} INFO - Sync 1 DAGs
[2026-07-09T14:06:02.809+0000] {logging_mixin.py:151} INFO - [2026-07-09T14:06:02.809+0000] {dag.py:3696} INFO - Setting next_dagrun for daily_crypto_lstm_pipeline to 2026-07-09T00:02:00+00:00, run_after=2026-07-10T00:02:00+00:00
[2026-07-09T14:06:02.840+0000] {processor.py:179} INFO - Processing /opt/airflow/dags/binance_daily_dag.py took 2.528 seconds
[2026-07-09T14:06:34.225+0000] {processor.py:157} INFO - Started process (PID=19905) to work on /opt/airflow/dags/binance_daily_dag.py
[2026-07-09T14:06:34.226+0000] {processor.py:829} INFO - Processing file /opt/airflow/dags/binance_daily_dag.py for tasks to queue
[2026-07-09T14:06:34.227+0000] {logging_mixin.py:151} INFO - [2026-07-09T14:06:34.226+0000] {dagbag.py:539} INFO - Filling up the DagBag from /opt/airflow/dags/binance_daily_dag.py
[2026-07-09T14:06:37.005+0000] {processor.py:839} INFO - DAG(s) dict_keys(['daily_crypto_lstm_pipeline']) retrieved from /opt/airflow/dags/binance_daily_dag.py
[2026-07-09T14:06:37.026+0000] {logging_mixin.py:151} INFO - [2026-07-09T14:06:37.026+0000] {dag.py:2915} INFO - Sync 1 DAGs
[2026-07-09T14:06:37.047+0000] {logging_mixin.py:151} INFO - [2026-07-09T14:06:37.047+0000] {dag.py:3696} INFO - Setting next_dagrun for daily_crypto_lstm_pipeline to 2026-07-09T00:02:00+00:00, run_after=2026-07-10T00:02:00+00:00
[2026-07-09T14:06:37.073+0000] {processor.py:179} INFO - Processing /opt/airflow/dags/binance_daily_dag.py took 2.852 seconds
[2026-07-09T14:07:07.520+0000] {processor.py:157} INFO - Started process (PID=19936) to work on /opt/airflow/dags/binance_daily_dag.py
[2026-07-09T14:07:07.522+0000] {processor.py:829} INFO - Processing file /opt/airflow/dags/binance_daily_dag.py for tasks to queue
[2026-07-09T14:07:07.523+0000] {logging_mixin.py:151} INFO - [2026-07-09T14:07:07.523+0000] {dagbag.py:539} INFO - Filling up the DagBag from /opt/airflow/dags/binance_daily_dag.py
[2026-07-09T14:07:10.467+0000] {processor.py:839} INFO - DAG(s) dict_keys(['daily_crypto_lstm_pipeline']) retrieved from /opt/airflow/dags/binance_daily_dag.py
[2026-07-09T14:07:10.502+0000] {logging_mixin.py:151} INFO - [2026-07-09T14:07:10.500+0000] {dag.py:2915} INFO - Sync 1 DAGs
[2026-07-09T14:07:10.541+0000] {logging_mixin.py:151} INFO - [2026-07-09T14:07:10.540+0000] {dag.py:3696} INFO - Setting next_dagrun for daily_crypto_lstm_pipeline to 2026-07-09T00:02:00+00:00, run_after=2026-07-10T00:02:00+00:00
[2026-07-09T14:07:10.592+0000] {processor.py:179} INFO - Processing /opt/airflow/dags/binance_daily_dag.py took 3.080 seconds
[2026-07-09T14:07:41.372+0000] {processor.py:157} INFO - Started process (PID=19971) to work on /opt/airflow/dags/binance_daily_dag.py
[2026-07-09T14:07:41.374+0000] {processor.py:829} INFO - Processing file /opt/airflow/dags/binance_daily_dag.py for tasks to queue
[2026-07-09T14:07:41.376+0000] {logging_mixin.py:151} INFO - [2026-07-09T14:07:41.375+0000] {dagbag.py:539} INFO - Filling up the DagBag from /opt/airflow/dags/binance_daily_dag.py
[2026-07-09T14:07:44.082+0000] {processor.py:839} INFO - DAG(s) dict_keys(['daily_crypto_lstm_pipeline']) retrieved from /opt/airflow/dags/binance_daily_dag.py
[2026-07-09T14:07:44.104+0000] {logging_mixin.py:151} INFO - [2026-07-09T14:07:44.104+0000] {dag.py:2915} INFO - Sync 1 DAGs
[2026-07-09T14:07:44.122+0000] {logging_mixin.py:151} INFO - [2026-07-09T14:07:44.121+0000] {dag.py:3696} INFO - Setting next_dagrun for daily_crypto_lstm_pipeline to 2026-07-09T00:02:00+00:00, run_after=2026-07-10T00:02:00+00:00
[2026-07-09T14:07:44.142+0000] {processor.py:179} INFO - Processing /opt/airflow/dags/binance_daily_dag.py took 2.778 seconds
[2026-07-09T14:08:15.992+0000] {processor.py:157} INFO - Started process (PID=20005) to work on /opt/airflow/dags/binance_daily_dag.py
[2026-07-09T14:08:15.994+0000] {processor.py:829} INFO - Processing file /opt/airflow/dags/binance_daily_dag.py for tasks to queue
[2026-07-09T14:08:15.996+0000] {logging_mixin.py:151} INFO - [2026-07-09T14:08:15.996+0000] {dagbag.py:539} INFO - Filling up the DagBag from /opt/airflow/dags/binance_daily_dag.py
[2026-07-09T14:08:18.375+0000] {processor.py:839} INFO - DAG(s) dict_keys(['daily_crypto_lstm_pipeline']) retrieved from /opt/airflow/dags/binance_daily_dag.py
[2026-07-09T14:08:18.393+0000] {logging_mixin.py:151} INFO - [2026-07-09T14:08:18.392+0000] {dag.py:2915} INFO - Sync 1 DAGs
[2026-07-09T14:08:18.409+0000] {logging_mixin.py:151} INFO - [2026-07-09T14:08:18.409+0000] {dag.py:3696} INFO - Setting next_dagrun for daily_crypto_lstm_pipeline to 2026-07-09T00:02:00+00:00, run_after=2026-07-10T00:02:00+00:00
[2026-07-09T14:08:18.472+0000] {processor.py:179} INFO - Processing /opt/airflow/dags/binance_daily_dag.py took 2.491 seconds
[2026-07-09T14:08:49.884+0000] {processor.py:157} INFO - Started process (PID=20036) to work on /opt/airflow/dags/binance_daily_dag.py
[2026-07-09T14:08:49.885+0000] {processor.py:829} INFO - Processing file /opt/airflow/dags/binance_daily_dag.py for tasks to queue
[2026-07-09T14:08:49.891+0000] {logging_mixin.py:151} INFO - [2026-07-09T14:08:49.886+0000] {dagbag.py:539} INFO - Filling up the DagBag from /opt/airflow/dags/binance_daily_dag.py
[2026-07-09T14:08:52.816+0000] {processor.py:839} INFO - DAG(s) dict_keys(['daily_crypto_lstm_pipeline']) retrieved from /opt/airflow/dags/binance_daily_dag.py
[2026-07-09T14:08:52.847+0000] {logging_mixin.py:151} INFO - [2026-07-09T14:08:52.846+0000] {dag.py:2915} INFO - Sync 1 DAGs
[2026-07-09T14:08:52.877+0000] {logging_mixin.py:151} INFO - [2026-07-09T14:08:52.877+0000] {dag.py:3696} INFO - Setting next_dagrun for daily_crypto_lstm_pipeline to 2026-07-09T00:02:00+00:00, run_after=2026-07-10T00:02:00+00:00
[2026-07-09T14:08:52.940+0000] {processor.py:179} INFO - Processing /opt/airflow/dags/binance_daily_dag.py took 3.061 seconds
[2026-07-09T14:09:23.307+0000] {processor.py:157} INFO - Started process (PID=20078) to work on /opt/airflow/dags/binance_daily_dag.py
[2026-07-09T14:09:23.309+0000] {processor.py:829} INFO - Processing file /opt/airflow/dags/binance_daily_dag.py for tasks to queue
[2026-07-09T14:09:23.310+0000] {logging_mixin.py:151} INFO - [2026-07-09T14:09:23.310+0000] {dagbag.py:539} INFO - Filling up the DagBag from /opt/airflow/dags/binance_daily_dag.py
[2026-07-09T14:09:26.336+0000] {processor.py:839} INFO - DAG(s) dict_keys(['daily_crypto_lstm_pipeline']) retrieved from /opt/airflow/dags/binance_daily_dag.py
[2026-07-09T14:09:26.361+0000] {logging_mixin.py:151} INFO - [2026-07-09T14:09:26.360+0000] {dag.py:2915} INFO - Sync 1 DAGs
[2026-07-09T14:09:26.382+0000] {logging_mixin.py:151} INFO - [2026-07-09T14:09:26.382+0000] {dag.py:3696} INFO - Setting next_dagrun for daily_crypto_lstm_pipeline to 2026-07-09T00:02:00+00:00, run_after=2026-07-10T00:02:00+00:00
[2026-07-09T14:09:26.413+0000] {processor.py:179} INFO - Processing /opt/airflow/dags/binance_daily_dag.py took 3.110 seconds
[2026-07-09T14:09:57.006+0000] {processor.py:157} INFO - Started process (PID=20109) to work on /opt/airflow/dags/binance_daily_dag.py
[2026-07-09T14:09:57.007+0000] {processor.py:829} INFO - Processing file /opt/airflow/dags/binance_daily_dag.py for tasks to queue
[2026-07-09T14:09:57.009+0000] {logging_mixin.py:151} INFO - [2026-07-09T14:09:57.008+0000] {dagbag.py:539} INFO - Filling up the DagBag from /opt/airflow/dags/binance_daily_dag.py
[2026-07-09T14:09:59.771+0000] {processor.py:839} INFO - DAG(s) dict_keys(['daily_crypto_lstm_pipeline']) retrieved from /opt/airflow/dags/binance_daily_dag.py
[2026-07-09T14:09:59.804+0000] {logging_mixin.py:151} INFO - [2026-07-09T14:09:59.803+0000] {dag.py:2915} INFO - Sync 1 DAGs
[2026-07-09T14:09:59.830+0000] {logging_mixin.py:151} INFO - [2026-07-09T14:09:59.830+0000] {dag.py:3696} INFO - Setting next_dagrun for daily_crypto_lstm_pipeline to 2026-07-09T00:02:00+00:00, run_after=2026-07-10T00:02:00+00:00
[2026-07-09T14:09:59.899+0000] {processor.py:179} INFO - Processing /opt/airflow/dags/binance_daily_dag.py took 2.900 seconds
[2026-07-09T14:10:31.500+0000] {processor.py:157} INFO - Started process (PID=20142) to work on /opt/airflow/dags/binance_daily_dag.py
[2026-07-09T14:10:31.501+0000] {processor.py:829} INFO - Processing file /opt/airflow/dags/binance_daily_dag.py for tasks to queue
[2026-07-09T14:10:31.502+0000] {logging_mixin.py:151} INFO - [2026-07-09T14:10:31.502+0000] {dagbag.py:539} INFO - Filling up the DagBag from /opt/airflow/dags/binance_daily_dag.py
[2026-07-09T14:10:34.015+0000] {processor.py:839} INFO - DAG(s) dict_keys(['daily_crypto_lstm_pipeline']) retrieved from /opt/airflow/dags/binance_daily_dag.py
[2026-07-09T14:10:34.039+0000] {logging_mixin.py:151} INFO - [2026-07-09T14:10:34.039+0000] {dag.py:2915} INFO - Sync 1 DAGs
[2026-07-09T14:10:34.060+0000] {logging_mixin.py:151} INFO - [2026-07-09T14:10:34.060+0000] {dag.py:3696} INFO - Setting next_dagrun for daily_crypto_lstm_pipeline to 2026-07-09T00:02:00+00:00, run_after=2026-07-10T00:02:00+00:00
[2026-07-09T14:10:34.080+0000] {processor.py:179} INFO - Processing /opt/airflow/dags/binance_daily_dag.py took 2.584 seconds
[2026-07-09T14:11:05.201+0000] {processor.py:157} INFO - Started process (PID=20177) to work on /opt/airflow/dags/binance_daily_dag.py
[2026-07-09T14:11:05.203+0000] {processor.py:829} INFO - Processing file /opt/airflow/dags/binance_daily_dag.py for tasks to queue
[2026-07-09T14:11:05.204+0000] {logging_mixin.py:151} INFO - [2026-07-09T14:11:05.204+0000] {dagbag.py:539} INFO - Filling up the DagBag from /opt/airflow/dags/binance_daily_dag.py
[2026-07-09T14:11:08.011+0000] {processor.py:839} INFO - DAG(s) dict_keys(['daily_crypto_lstm_pipeline']) retrieved from /opt/airflow/dags/binance_daily_dag.py
[2026-07-09T14:11:08.040+0000] {logging_mixin.py:151} INFO - [2026-07-09T14:11:08.039+0000] {dag.py:2915} INFO - Sync 1 DAGs
[2026-07-09T14:11:08.061+0000] {logging_mixin.py:151} INFO - [2026-07-09T14:11:08.061+0000] {dag.py:3696} INFO - Setting next_dagrun for daily_crypto_lstm_pipeline to 2026-07-09T00:02:00+00:00, run_after=2026-07-10T00:02:00+00:00
[2026-07-09T14:11:08.125+0000] {processor.py:179} INFO - Processing /opt/airflow/dags/binance_daily_dag.py took 2.928 seconds
[2026-07-09T14:11:38.481+0000] {processor.py:157} INFO - Started process (PID=20208) to work on /opt/airflow/dags/binance_daily_dag.py
[2026-07-09T14:11:38.483+0000] {processor.py:829} INFO - Processing file /opt/airflow/dags/binance_daily_dag.py for tasks to queue
[2026-07-09T14:11:38.484+0000] {logging_mixin.py:151} INFO - [2026-07-09T14:11:38.484+0000] {dagbag.py:539} INFO - Filling up the DagBag from /opt/airflow/dags/binance_daily_dag.py
[2026-07-09T14:11:41.089+0000] {processor.py:839} INFO - DAG(s) dict_keys(['daily_crypto_lstm_pipeline']) retrieved from /opt/airflow/dags/binance_daily_dag.py
[2026-07-09T14:11:41.116+0000] {logging_mixin.py:151} INFO - [2026-07-09T14:11:41.116+0000] {dag.py:2915} INFO - Sync 1 DAGs
[2026-07-09T14:11:41.136+0000] {logging_mixin.py:151} INFO - [2026-07-09T14:11:41.136+0000] {dag.py:3696} INFO - Setting next_dagrun for daily_crypto_lstm_pipeline to 2026-07-09T00:02:00+00:00, run_after=2026-07-10T00:02:00+00:00
[2026-07-09T14:11:41.157+0000] {processor.py:179} INFO - Processing /opt/airflow/dags/binance_daily_dag.py took 2.682 seconds
[2026-07-09T14:12:11.438+0000] {processor.py:157} INFO - Started process (PID=20241) to work on /opt/airflow/dags/binance_daily_dag.py
[2026-07-09T14:12:11.440+0000] {processor.py:829} INFO - Processing file /opt/airflow/dags/binance_daily_dag.py for tasks to queue
[2026-07-09T14:12:11.441+0000] {logging_mixin.py:151} INFO - [2026-07-09T14:12:11.440+0000] {dagbag.py:539} INFO - Filling up the DagBag from /opt/airflow/dags/binance_daily_dag.py
[2026-07-09T14:12:14.995+0000] {processor.py:839} INFO - DAG(s) dict_keys(['daily_crypto_lstm_pipeline']) retrieved from /opt/airflow/dags/binance_daily_dag.py
[2026-07-09T14:12:15.042+0000] {logging_mixin.py:151} INFO - [2026-07-09T14:12:15.041+0000] {dag.py:2915} INFO - Sync 1 DAGs
[2026-07-09T14:12:15.092+0000] {logging_mixin.py:151} INFO - [2026-07-09T14:12:15.092+0000] {dag.py:3696} INFO - Setting next_dagrun for daily_crypto_lstm_pipeline to 2026-07-09T00:02:00+00:00, run_after=2026-07-10T00:02:00+00:00
[2026-07-09T14:12:15.130+0000] {processor.py:179} INFO - Processing /opt/airflow/dags/binance_daily_dag.py took 3.696 seconds
[2026-07-09T14:12:45.418+0000] {processor.py:157} INFO - Started process (PID=20274) to work on /opt/airflow/dags/binance_daily_dag.py
[2026-07-09T14:12:45.420+0000] {processor.py:829} INFO - Processing file /opt/airflow/dags/binance_daily_dag.py for tasks to queue
[2026-07-09T14:12:45.421+0000] {logging_mixin.py:151} INFO - [2026-07-09T14:12:45.421+0000] {dagbag.py:539} INFO - Filling up the DagBag from /opt/airflow/dags/binance_daily_dag.py
[2026-07-09T14:12:48.230+0000] {processor.py:839} INFO - DAG(s) dict_keys(['daily_crypto_lstm_pipeline']) retrieved from /opt/airflow/dags/binance_daily_dag.py
[2026-07-09T14:12:48.250+0000] {logging_mixin.py:151} INFO - [2026-07-09T14:12:48.250+0000] {dag.py:2915} INFO - Sync 1 DAGs
[2026-07-09T14:12:48.268+0000] {logging_mixin.py:151} INFO - [2026-07-09T14:12:48.268+0000] {dag.py:3696} INFO - Setting next_dagrun for daily_crypto_lstm_pipeline to 2026-07-09T00:02:00+00:00, run_after=2026-07-10T00:02:00+00:00
[2026-07-09T14:12:48.287+0000] {processor.py:179} INFO - Processing /opt/airflow/dags/binance_daily_dag.py took 2.873 seconds
[2026-07-09T14:13:18.742+0000] {processor.py:157} INFO - Started process (PID=20309) to work on /opt/airflow/dags/binance_daily_dag.py
[2026-07-09T14:13:18.744+0000] {processor.py:829} INFO - Processing file /opt/airflow/dags/binance_daily_dag.py for tasks to queue
[2026-07-09T14:13:18.744+0000] {logging_mixin.py:151} INFO - [2026-07-09T14:13:18.744+0000] {dagbag.py:539} INFO - Filling up the DagBag from /opt/airflow/dags/binance_daily_dag.py
[2026-07-09T14:13:21.313+0000] {processor.py:839} INFO - DAG(s) dict_keys(['daily_crypto_lstm_pipeline']) retrieved from /opt/airflow/dags/binance_daily_dag.py
[2026-07-09T14:13:21.339+0000] {logging_mixin.py:151} INFO - [2026-07-09T14:13:21.338+0000] {dag.py:2915} INFO - Sync 1 DAGs
[2026-07-09T14:13:21.376+0000] {logging_mixin.py:151} INFO - [2026-07-09T14:13:21.376+0000] {dag.py:3696} INFO - Setting next_dagrun for daily_crypto_lstm_pipeline to 2026-07-09T00:02:00+00:00, run_after=2026-07-10T00:02:00+00:00
[2026-07-09T14:13:21.446+0000] {processor.py:179} INFO - Processing /opt/airflow/dags/binance_daily_dag.py took 2.708 seconds
[2026-07-09T14:13:52.167+0000] {processor.py:157} INFO - Started process (PID=20349) to work on /opt/airflow/dags/binance_daily_dag.py
[2026-07-09T14:13:52.168+0000] {processor.py:829} INFO - Processing file /opt/airflow/dags/binance_daily_dag.py for tasks to queue
[2026-07-09T14:13:52.169+0000] {logging_mixin.py:151} INFO - [2026-07-09T14:13:52.169+0000] {dagbag.py:539} INFO - Filling up the DagBag from /opt/airflow/dags/binance_daily_dag.py
[2026-07-09T14:13:54.499+0000] {processor.py:839} INFO - DAG(s) dict_keys(['daily_crypto_lstm_pipeline']) retrieved from /opt/airflow/dags/binance_daily_dag.py
[2026-07-09T14:13:54.560+0000] {logging_mixin.py:151} INFO - [2026-07-09T14:13:54.560+0000] {dag.py:2915} INFO - Sync 1 DAGs
[2026-07-09T14:13:54.581+0000] {logging_mixin.py:151} INFO - [2026-07-09T14:13:54.581+0000] {dag.py:3696} INFO - Setting next_dagrun for daily_crypto_lstm_pipeline to 2026-07-09T00:02:00+00:00, run_after=2026-07-10T00:02:00+00:00
[2026-07-09T14:13:54.605+0000] {processor.py:179} INFO - Processing /opt/airflow/dags/binance_daily_dag.py took 2.442 seconds
[2026-07-09T14:14:29.734+0000] {processor.py:157} INFO - Started process (PID=20380) to work on /opt/airflow/dags/binance_daily_dag.py
[2026-07-09T14:14:29.736+0000] {processor.py:829} INFO - Processing file /opt/airflow/dags/binance_daily_dag.py for tasks to queue
[2026-07-09T14:14:29.738+0000] {logging_mixin.py:151} INFO - [2026-07-09T14:14:29.737+0000] {dagbag.py:539} INFO - Filling up the DagBag from /opt/airflow/dags/binance_daily_dag.py
[2026-07-09T14:14:33.123+0000] {processor.py:839} INFO - DAG(s) dict_keys(['daily_crypto_lstm_pipeline']) retrieved from /opt/airflow/dags/binance_daily_dag.py
[2026-07-09T14:14:33.149+0000] {logging_mixin.py:151} INFO - [2026-07-09T14:14:33.148+0000] {dag.py:2915} INFO - Sync 1 DAGs
[2026-07-09T14:14:33.177+0000] {logging_mixin.py:151} INFO - [2026-07-09T14:14:33.177+0000] {dag.py:3696} INFO - Setting next_dagrun for daily_crypto_lstm_pipeline to 2026-07-09T00:02:00+00:00, run_after=2026-07-10T00:02:00+00:00
[2026-07-09T14:14:33.204+0000] {processor.py:179} INFO - Processing /opt/airflow/dags/binance_daily_dag.py took 3.477 seconds
[2026-07-09T14:15:14.578+0000] {processor.py:157} INFO - Started process (PID=20413) to work on /opt/airflow/dags/binance_daily_dag.py
[2026-07-09T14:15:14.582+0000] {processor.py:829} INFO - Processing file /opt/airflow/dags/binance_daily_dag.py for tasks to queue
[2026-07-09T14:15:14.596+0000] {logging_mixin.py:151} INFO - [2026-07-09T14:15:14.590+0000] {dagbag.py:539} INFO - Filling up the DagBag from /opt/airflow/dags/binance_daily_dag.py
[2026-07-09T14:15:20.398+0000] {processor.py:839} INFO - DAG(s) dict_keys(['daily_crypto_lstm_pipeline']) retrieved from /opt/airflow/dags/binance_daily_dag.py
[2026-07-09T14:15:20.455+0000] {logging_mixin.py:151} INFO - [2026-07-09T14:15:20.454+0000] {dag.py:2915} INFO - Sync 1 DAGs
[2026-07-09T14:15:20.513+0000] {logging_mixin.py:151} INFO - [2026-07-09T14:15:20.512+0000] {dag.py:3696} INFO - Setting next_dagrun for daily_crypto_lstm_pipeline to 2026-07-09T00:02:00+00:00, run_after=2026-07-10T00:02:00+00:00
[2026-07-09T14:15:20.550+0000] {processor.py:179} INFO - Processing /opt/airflow/dags/binance_daily_dag.py took 6.017 seconds
[2026-07-09T14:15:50.943+0000] {processor.py:157} INFO - Started process (PID=20453) to work on /opt/airflow/dags/binance_daily_dag.py
[2026-07-09T14:15:50.946+0000] {processor.py:829} INFO - Processing file /opt/airflow/dags/binance_daily_dag.py for tasks to queue
[2026-07-09T14:15:50.950+0000] {logging_mixin.py:151} INFO - [2026-07-09T14:15:50.949+0000] {dagbag.py:539} INFO - Filling up the DagBag from /opt/airflow/dags/binance_daily_dag.py
[2026-07-09T14:15:55.080+0000] {processor.py:839} INFO - DAG(s) dict_keys(['daily_crypto_lstm_pipeline']) retrieved from /opt/airflow/dags/binance_daily_dag.py
[2026-07-09T14:15:55.143+0000] {logging_mixin.py:151} INFO - [2026-07-09T14:15:55.142+0000] {dag.py:2915} INFO - Sync 1 DAGs
[2026-07-09T14:15:55.185+0000] {logging_mixin.py:151} INFO - [2026-07-09T14:15:55.185+0000] {dag.py:3696} INFO - Setting next_dagrun for daily_crypto_lstm_pipeline to 2026-07-09T00:02:00+00:00, run_after=2026-07-10T00:02:00+00:00
[2026-07-09T14:15:55.232+0000] {processor.py:179} INFO - Processing /opt/airflow/dags/binance_daily_dag.py took 4.298 seconds
[2026-07-09T14:16:25.469+0000] {processor.py:157} INFO - Started process (PID=20490) to work on /opt/airflow/dags/binance_daily_dag.py
[2026-07-09T14:16:25.470+0000] {processor.py:829} INFO - Processing file /opt/airflow/dags/binance_daily_dag.py for tasks to queue
[2026-07-09T14:16:25.471+0000] {logging_mixin.py:151} INFO - [2026-07-09T14:16:25.471+0000] {dagbag.py:539} INFO - Filling up the DagBag from /opt/airflow/dags/binance_daily_dag.py
[2026-07-09T14:16:29.571+0000] {processor.py:839} INFO - DAG(s) dict_keys(['daily_crypto_lstm_pipeline']) retrieved from /opt/airflow/dags/binance_daily_dag.py
[2026-07-09T14:16:29.609+0000] {logging_mixin.py:151} INFO - [2026-07-09T14:16:29.608+0000] {dag.py:2915} INFO - Sync 1 DAGs
[2026-07-09T14:16:29.648+0000] {logging_mixin.py:151} INFO - [2026-07-09T14:16:29.647+0000] {dag.py:3696} INFO - Setting next_dagrun for daily_crypto_lstm_pipeline to 2026-07-09T00:02:00+00:00, run_after=2026-07-10T00:02:00+00:00
[2026-07-09T14:16:29.692+0000] {processor.py:179} INFO - Processing /opt/airflow/dags/binance_daily_dag.py took 4.231 seconds
[2026-07-09T14:17:00.641+0000] {processor.py:157} INFO - Started process (PID=20523) to work on /opt/airflow/dags/binance_daily_dag.py
[2026-07-09T14:17:00.644+0000] {processor.py:829} INFO - Processing file /opt/airflow/dags/binance_daily_dag.py for tasks to queue
[2026-07-09T14:17:00.646+0000] {logging_mixin.py:151} INFO - [2026-07-09T14:17:00.645+0000] {dagbag.py:539} INFO - Filling up the DagBag from /opt/airflow/dags/binance_daily_dag.py
[2026-07-09T14:17:04.705+0000] {processor.py:839} INFO - DAG(s) dict_keys(['daily_crypto_lstm_pipeline']) retrieved from /opt/airflow/dags/binance_daily_dag.py
[2026-07-09T14:17:04.736+0000] {logging_mixin.py:151} INFO - [2026-07-09T14:17:04.735+0000] {dag.py:2915} INFO - Sync 1 DAGs
[2026-07-09T14:17:04.769+0000] {logging_mixin.py:151} INFO - [2026-07-09T14:17:04.768+0000] {dag.py:3696} INFO - Setting next_dagrun for daily_crypto_lstm_pipeline to 2026-07-09T00:02:00+00:00, run_after=2026-07-10T00:02:00+00:00
[2026-07-09T14:17:04.819+0000] {processor.py:179} INFO - Processing /opt/airflow/dags/binance_daily_dag.py took 4.188 seconds
[2026-07-09T14:17:35.522+0000] {processor.py:157} INFO - Started process (PID=20558) to work on /opt/airflow/dags/binance_daily_dag.py
[2026-07-09T14:17:35.524+0000] {processor.py:829} INFO - Processing file /opt/airflow/dags/binance_daily_dag.py for tasks to queue
[2026-07-09T14:17:35.526+0000] {logging_mixin.py:151} INFO - [2026-07-09T14:17:35.525+0000] {dagbag.py:539} INFO - Filling up the DagBag from /opt/airflow/dags/binance_daily_dag.py
[2026-07-09T14:17:39.884+0000] {processor.py:839} INFO - DAG(s) dict_keys(['daily_crypto_lstm_pipeline']) retrieved from /opt/airflow/dags/binance_daily_dag.py
[2026-07-09T14:17:39.941+0000] {logging_mixin.py:151} INFO - [2026-07-09T14:17:39.940+0000] {dag.py:2915} INFO - Sync 1 DAGs
[2026-07-09T14:17:39.992+0000] {logging_mixin.py:151} INFO - [2026-07-09T14:17:39.991+0000] {dag.py:3696} INFO - Setting next_dagrun for daily_crypto_lstm_pipeline to 2026-07-09T00:02:00+00:00, run_after=2026-07-10T00:02:00+00:00
[2026-07-09T14:17:40.043+0000] {processor.py:179} INFO - Processing /opt/airflow/dags/binance_daily_dag.py took 4.527 seconds
[2026-07-09T14:18:10.435+0000] {processor.py:157} INFO - Started process (PID=20591) to work on /opt/airflow/dags/binance_daily_dag.py
[2026-07-09T14:18:10.437+0000] {processor.py:829} INFO - Processing file /opt/airflow/dags/binance_daily_dag.py for tasks to queue
[2026-07-09T14:18:10.439+0000] {logging_mixin.py:151} INFO - [2026-07-09T14:18:10.438+0000] {dagbag.py:539} INFO - Filling up the DagBag from /opt/airflow/dags/binance_daily_dag.py
[2026-07-09T14:18:14.915+0000] {processor.py:839} INFO - DAG(s) dict_keys(['daily_crypto_lstm_pipeline']) retrieved from /opt/airflow/dags/binance_daily_dag.py
[2026-07-09T14:18:14.978+0000] {logging_mixin.py:151} INFO - [2026-07-09T14:18:14.976+0000] {dag.py:2915} INFO - Sync 1 DAGs
[2026-07-09T14:18:15.040+0000] {logging_mixin.py:151} INFO - [2026-07-09T14:18:15.040+0000] {dag.py:3696} INFO - Setting next_dagrun for daily_crypto_lstm_pipeline to 2026-07-09T00:02:00+00:00, run_after=2026-07-10T00:02:00+00:00
[2026-07-09T14:18:15.085+0000] {processor.py:179} INFO - Processing /opt/airflow/dags/binance_daily_dag.py took 4.656 seconds
[2026-07-09T14:18:49.399+0000] {processor.py:157} INFO - Started process (PID=20622) to work on /opt/airflow/dags/binance_daily_dag.py
[2026-07-09T14:18:49.401+0000] {processor.py:829} INFO - Processing file /opt/airflow/dags/binance_daily_dag.py for tasks to queue
[2026-07-09T14:18:49.402+0000] {logging_mixin.py:151} INFO - [2026-07-09T14:18:49.402+0000] {dagbag.py:539} INFO - Filling up the DagBag from /opt/airflow/dags/binance_daily_dag.py
[2026-07-09T14:18:52.161+0000] {processor.py:839} INFO - DAG(s) dict_keys(['daily_crypto_lstm_pipeline']) retrieved from /opt/airflow/dags/binance_daily_dag.py
[2026-07-09T14:18:52.190+0000] {logging_mixin.py:151} INFO - [2026-07-09T14:18:52.189+0000] {dag.py:2915} INFO - Sync 1 DAGs
[2026-07-09T14:18:52.215+0000] {logging_mixin.py:151} INFO - [2026-07-09T14:18:52.215+0000] {dag.py:3696} INFO - Setting next_dagrun for daily_crypto_lstm_pipeline to 2026-07-09T00:02:00+00:00, run_after=2026-07-10T00:02:00+00:00
[2026-07-09T14:18:52.236+0000] {processor.py:179} INFO - Processing /opt/airflow/dags/binance_daily_dag.py took 2.840 seconds
[2026-07-09T14:19:29.821+0000] {processor.py:157} INFO - Started process (PID=20662) to work on /opt/airflow/dags/binance_daily_dag.py
[2026-07-09T14:19:29.824+0000] {processor.py:829} INFO - Processing file /opt/airflow/dags/binance_daily_dag.py for tasks to queue
[2026-07-09T14:19:29.826+0000] {logging_mixin.py:151} INFO - [2026-07-09T14:19:29.826+0000] {dagbag.py:539} INFO - Filling up the DagBag from /opt/airflow/dags/binance_daily_dag.py
[2026-07-09T14:19:34.339+0000] {processor.py:839} INFO - DAG(s) dict_keys(['daily_crypto_lstm_pipeline']) retrieved from /opt/airflow/dags/binance_daily_dag.py
[2026-07-09T14:19:34.402+0000] {logging_mixin.py:151} INFO - [2026-07-09T14:19:34.401+0000] {dag.py:2915} INFO - Sync 1 DAGs
[2026-07-09T14:19:34.450+0000] {logging_mixin.py:151} INFO - [2026-07-09T14:19:34.450+0000] {dag.py:3696} INFO - Setting next_dagrun for daily_crypto_lstm_pipeline to 2026-07-09T00:02:00+00:00, run_after=2026-07-10T00:02:00+00:00
[2026-07-09T14:19:34.529+0000] {processor.py:179} INFO - Processing /opt/airflow/dags/binance_daily_dag.py took 4.716 seconds
[2026-07-09T14:20:04.709+0000] {processor.py:157} INFO - Started process (PID=20700) to work on /opt/airflow/dags/binance_daily_dag.py
[2026-07-09T14:20:04.711+0000] {processor.py:829} INFO - Processing file /opt/airflow/dags/binance_daily_dag.py for tasks to queue
[2026-07-09T14:20:04.713+0000] {logging_mixin.py:151} INFO - [2026-07-09T14:20:04.712+0000] {dagbag.py:539} INFO - Filling up the DagBag from /opt/airflow/dags/binance_daily_dag.py
[2026-07-09T14:20:09.114+0000] {processor.py:839} INFO - DAG(s) dict_keys(['daily_crypto_lstm_pipeline']) retrieved from /opt/airflow/dags/binance_daily_dag.py
[2026-07-09T14:20:09.197+0000] {logging_mixin.py:151} INFO - [2026-07-09T14:20:09.196+0000] {dag.py:2915} INFO - Sync 1 DAGs
[2026-07-09T14:20:09.232+0000] {logging_mixin.py:151} INFO - [2026-07-09T14:20:09.232+0000] {dag.py:3696} INFO - Setting next_dagrun for daily_crypto_lstm_pipeline to 2026-07-09T00:02:00+00:00, run_after=2026-07-10T00:02:00+00:00
[2026-07-09T14:20:09.267+0000] {processor.py:179} INFO - Processing /opt/airflow/dags/binance_daily_dag.py took 4.565 seconds
[2026-07-09T14:20:39.875+0000] {processor.py:157} INFO - Started process (PID=20733) to work on /opt/airflow/dags/binance_daily_dag.py
[2026-07-09T14:20:39.877+0000] {processor.py:829} INFO - Processing file /opt/airflow/dags/binance_daily_dag.py for tasks to queue
[2026-07-09T14:20:39.878+0000] {logging_mixin.py:151} INFO - [2026-07-09T14:20:39.878+0000] {dagbag.py:539} INFO - Filling up the DagBag from /opt/airflow/dags/binance_daily_dag.py
[2026-07-09T14:20:44.092+0000] {processor.py:839} INFO - DAG(s) dict_keys(['daily_crypto_lstm_pipeline']) retrieved from /opt/airflow/dags/binance_daily_dag.py
[2026-07-09T14:20:44.133+0000] {logging_mixin.py:151} INFO - [2026-07-09T14:20:44.132+0000] {dag.py:2915} INFO - Sync 1 DAGs
[2026-07-09T14:20:44.183+0000] {logging_mixin.py:151} INFO - [2026-07-09T14:20:44.182+0000] {dag.py:3696} INFO - Setting next_dagrun for daily_crypto_lstm_pipeline to 2026-07-09T00:02:00+00:00, run_after=2026-07-10T00:02:00+00:00
[2026-07-09T14:20:44.238+0000] {processor.py:179} INFO - Processing /opt/airflow/dags/binance_daily_dag.py took 4.368 seconds
[2026-07-09T14:21:15.883+0000] {processor.py:157} INFO - Started process (PID=20765) to work on /opt/airflow/dags/binance_daily_dag.py
[2026-07-09T14:21:15.887+0000] {processor.py:829} INFO - Processing file /opt/airflow/dags/binance_daily_dag.py for tasks to queue
[2026-07-09T14:21:15.896+0000] {logging_mixin.py:151} INFO - [2026-07-09T14:21:15.895+0000] {dagbag.py:539} INFO - Filling up the DagBag from /opt/airflow/dags/binance_daily_dag.py
[2026-07-09T14:21:21.831+0000] {processor.py:839} INFO - DAG(s) dict_keys(['daily_crypto_lstm_pipeline']) retrieved from /opt/airflow/dags/binance_daily_dag.py
[2026-07-09T14:21:21.865+0000] {logging_mixin.py:151} INFO - [2026-07-09T14:21:21.864+0000] {dag.py:2915} INFO - Sync 1 DAGs
[2026-07-09T14:21:21.896+0000] {logging_mixin.py:151} INFO - [2026-07-09T14:21:21.896+0000] {dag.py:3696} INFO - Setting next_dagrun for daily_crypto_lstm_pipeline to 2026-07-09T00:02:00+00:00, run_after=2026-07-10T00:02:00+00:00
[2026-07-09T14:21:21.939+0000] {processor.py:179} INFO - Processing /opt/airflow/dags/binance_daily_dag.py took 6.069 seconds
[2026-07-09T14:21:52.854+0000] {processor.py:157} INFO - Started process (PID=20799) to work on /opt/airflow/dags/binance_daily_dag.py
[2026-07-09T14:21:52.863+0000] {processor.py:829} INFO - Processing file /opt/airflow/dags/binance_daily_dag.py for tasks to queue
[2026-07-09T14:21:52.865+0000] {logging_mixin.py:151} INFO - [2026-07-09T14:21:52.865+0000] {dagbag.py:539} INFO - Filling up the DagBag from /opt/airflow/dags/binance_daily_dag.py
[2026-07-09T14:21:57.403+0000] {processor.py:839} INFO - DAG(s) dict_keys(['daily_crypto_lstm_pipeline']) retrieved from /opt/airflow/dags/binance_daily_dag.py
[2026-07-09T14:21:57.477+0000] {logging_mixin.py:151} INFO - [2026-07-09T14:21:57.476+0000] {dag.py:2915} INFO - Sync 1 DAGs
[2026-07-09T14:21:57.517+0000] {logging_mixin.py:151} INFO - [2026-07-09T14:21:57.516+0000] {dag.py:3696} INFO - Setting next_dagrun for daily_crypto_lstm_pipeline to 2026-07-09T00:02:00+00:00, run_after=2026-07-10T00:02:00+00:00
[2026-07-09T14:21:57.551+0000] {processor.py:179} INFO - Processing /opt/airflow/dags/binance_daily_dag.py took 4.707 seconds
[2026-07-09T14:22:27.901+0000] {processor.py:157} INFO - Started process (PID=20840) to work on /opt/airflow/dags/binance_daily_dag.py
[2026-07-09T14:22:27.903+0000] {processor.py:829} INFO - Processing file /opt/airflow/dags/binance_daily_dag.py for tasks to queue
[2026-07-09T14:22:27.908+0000] {logging_mixin.py:151} INFO - [2026-07-09T14:22:27.908+0000] {dagbag.py:539} INFO - Filling up the DagBag from /opt/airflow/dags/binance_daily_dag.py
[2026-07-09T14:22:31.379+0000] {processor.py:839} INFO - DAG(s) dict_keys(['daily_crypto_lstm_pipeline']) retrieved from /opt/airflow/dags/binance_daily_dag.py
[2026-07-09T14:22:31.417+0000] {logging_mixin.py:151} INFO - [2026-07-09T14:22:31.416+0000] {dag.py:2915} INFO - Sync 1 DAGs
[2026-07-09T14:22:31.457+0000] {logging_mixin.py:151} INFO - [2026-07-09T14:22:31.457+0000] {dag.py:3696} INFO - Setting next_dagrun for daily_crypto_lstm_pipeline to 2026-07-09T00:02:00+00:00, run_after=2026-07-10T00:02:00+00:00
[2026-07-09T14:22:31.482+0000] {processor.py:179} INFO - Processing /opt/airflow/dags/binance_daily_dag.py took 3.587 seconds
[2026-07-09T14:23:01.685+0000] {processor.py:157} INFO - Started process (PID=20872) to work on /opt/airflow/dags/binance_daily_dag.py
[2026-07-09T14:23:01.688+0000] {processor.py:829} INFO - Processing file /opt/airflow/dags/binance_daily_dag.py for tasks to queue
[2026-07-09T14:23:01.690+0000] {logging_mixin.py:151} INFO - [2026-07-09T14:23:01.689+0000] {dagbag.py:539} INFO - Filling up the DagBag from /opt/airflow/dags/binance_daily_dag.py
[2026-07-09T14:23:06.042+0000] {processor.py:839} INFO - DAG(s) dict_keys(['daily_crypto_lstm_pipeline']) retrieved from /opt/airflow/dags/binance_daily_dag.py
[2026-07-09T14:23:06.090+0000] {logging_mixin.py:151} INFO - [2026-07-09T14:23:06.089+0000] {dag.py:2915} INFO - Sync 1 DAGs
[2026-07-09T14:23:06.133+0000] {logging_mixin.py:151} INFO - [2026-07-09T14:23:06.132+0000] {dag.py:3696} INFO - Setting next_dagrun for daily_crypto_lstm_pipeline to 2026-07-09T00:02:00+00:00, run_after=2026-07-10T00:02:00+00:00
[2026-07-09T14:23:06.214+0000] {processor.py:179} INFO - Processing /opt/airflow/dags/binance_daily_dag.py took 4.536 seconds
[2026-07-09T14:23:36.755+0000] {processor.py:157} INFO - Started process (PID=20905) to work on /opt/airflow/dags/binance_daily_dag.py
[2026-07-09T14:23:36.758+0000] {processor.py:829} INFO - Processing file /opt/airflow/dags/binance_daily_dag.py for tasks to queue
[2026-07-09T14:23:36.760+0000] {logging_mixin.py:151} INFO - [2026-07-09T14:23:36.759+0000] {dagbag.py:539} INFO - Filling up the DagBag from /opt/airflow/dags/binance_daily_dag.py
[2026-07-09T14:23:41.435+0000] {processor.py:839} INFO - DAG(s) dict_keys(['daily_crypto_lstm_pipeline']) retrieved from /opt/airflow/dags/binance_daily_dag.py
[2026-07-09T14:23:41.476+0000] {logging_mixin.py:151} INFO - [2026-07-09T14:23:41.475+0000] {dag.py:2915} INFO - Sync 1 DAGs
[2026-07-09T14:23:41.513+0000] {logging_mixin.py:151} INFO - [2026-07-09T14:23:41.513+0000] {dag.py:3696} INFO - Setting next_dagrun for daily_crypto_lstm_pipeline to 2026-07-09T00:02:00+00:00, run_after=2026-07-10T00:02:00+00:00
[2026-07-09T14:23:41.592+0000] {processor.py:179} INFO - Processing /opt/airflow/dags/binance_daily_dag.py took 4.847 seconds
[2026-07-09T14:24:12.313+0000] {processor.py:157} INFO - Started process (PID=20943) to work on /opt/airflow/dags/binance_daily_dag.py
[2026-07-09T14:24:12.316+0000] {processor.py:829} INFO - Processing file /opt/airflow/dags/binance_daily_dag.py for tasks to queue
[2026-07-09T14:24:12.318+0000] {logging_mixin.py:151} INFO - [2026-07-09T14:24:12.317+0000] {dagbag.py:539} INFO - Filling up the DagBag from /opt/airflow/dags/binance_daily_dag.py
[2026-07-09T14:24:17.665+0000] {processor.py:839} INFO - DAG(s) dict_keys(['daily_crypto_lstm_pipeline']) retrieved from /opt/airflow/dags/binance_daily_dag.py
[2026-07-09T14:24:17.690+0000] {logging_mixin.py:151} INFO - [2026-07-09T14:24:17.690+0000] {dag.py:2915} INFO - Sync 1 DAGs
[2026-07-09T14:24:17.734+0000] {logging_mixin.py:151} INFO - [2026-07-09T14:24:17.733+0000] {dag.py:3696} INFO - Setting next_dagrun for daily_crypto_lstm_pipeline to 2026-07-09T00:02:00+00:00, run_after=2026-07-10T00:02:00+00:00
[2026-07-09T14:24:17.810+0000] {processor.py:179} INFO - Processing /opt/airflow/dags/binance_daily_dag.py took 5.503 seconds
[2026-07-09T14:24:48.049+0000] {processor.py:157} INFO - Started process (PID=20977) to work on /opt/airflow/dags/binance_daily_dag.py
[2026-07-09T14:24:48.053+0000] {processor.py:829} INFO - Processing file /opt/airflow/dags/binance_daily_dag.py for tasks to queue
[2026-07-09T14:24:48.055+0000] {logging_mixin.py:151} INFO - [2026-07-09T14:24:48.055+0000] {dagbag.py:539} INFO - Filling up the DagBag from /opt/airflow/dags/binance_daily_dag.py
[2026-07-09T14:24:52.136+0000] {processor.py:839} INFO - DAG(s) dict_keys(['daily_crypto_lstm_pipeline']) retrieved from /opt/airflow/dags/binance_daily_dag.py
[2026-07-09T14:24:52.187+0000] {logging_mixin.py:151} INFO - [2026-07-09T14:24:52.186+0000] {dag.py:2915} INFO - Sync 1 DAGs
[2026-07-09T14:24:52.235+0000] {logging_mixin.py:151} INFO - [2026-07-09T14:24:52.235+0000] {dag.py:3696} INFO - Setting next_dagrun for daily_crypto_lstm_pipeline to 2026-07-09T00:02:00+00:00, run_after=2026-07-10T00:02:00+00:00
[2026-07-09T14:24:52.284+0000] {processor.py:179} INFO - Processing /opt/airflow/dags/binance_daily_dag.py took 4.245 seconds
[2026-07-09T14:25:22.605+0000] {processor.py:157} INFO - Started process (PID=21012) to work on /opt/airflow/dags/binance_daily_dag.py
[2026-07-09T14:25:22.608+0000] {processor.py:829} INFO - Processing file /opt/airflow/dags/binance_daily_dag.py for tasks to queue
[2026-07-09T14:25:22.609+0000] {logging_mixin.py:151} INFO - [2026-07-09T14:25:22.609+0000] {dagbag.py:539} INFO - Filling up the DagBag from /opt/airflow/dags/binance_daily_dag.py
[2026-07-09T14:25:26.352+0000] {processor.py:839} INFO - DAG(s) dict_keys(['daily_crypto_lstm_pipeline']) retrieved from /opt/airflow/dags/binance_daily_dag.py
[2026-07-09T14:25:26.373+0000] {logging_mixin.py:151} INFO - [2026-07-09T14:25:26.372+0000] {dag.py:2915} INFO - Sync 1 DAGs
[2026-07-09T14:25:26.392+0000] {logging_mixin.py:151} INFO - [2026-07-09T14:25:26.392+0000] {dag.py:3696} INFO - Setting next_dagrun for daily_crypto_lstm_pipeline to 2026-07-09T00:02:00+00:00, run_after=2026-07-10T00:02:00+00:00
[2026-07-09T14:25:26.465+0000] {processor.py:179} INFO - Processing /opt/airflow/dags/binance_daily_dag.py took 3.866 seconds
[2026-07-09T14:25:57.083+0000] {processor.py:157} INFO - Started process (PID=21050) to work on /opt/airflow/dags/binance_daily_dag.py
[2026-07-09T14:25:57.084+0000] {processor.py:829} INFO - Processing file /opt/airflow/dags/binance_daily_dag.py for tasks to queue
[2026-07-09T14:25:57.085+0000] {logging_mixin.py:151} INFO - [2026-07-09T14:25:57.085+0000] {dagbag.py:539} INFO - Filling up the DagBag from /opt/airflow/dags/binance_daily_dag.py
[2026-07-09T14:26:01.112+0000] {processor.py:839} INFO - DAG(s) dict_keys(['daily_crypto_lstm_pipeline']) retrieved from /opt/airflow/dags/binance_daily_dag.py
[2026-07-09T14:26:01.153+0000] {logging_mixin.py:151} INFO - [2026-07-09T14:26:01.151+0000] {dag.py:2915} INFO - Sync 1 DAGs
[2026-07-09T14:26:01.194+0000] {logging_mixin.py:151} INFO - [2026-07-09T14:26:01.193+0000] {dag.py:3696} INFO - Setting next_dagrun for daily_crypto_lstm_pipeline to 2026-07-09T00:02:00+00:00, run_after=2026-07-10T00:02:00+00:00
[2026-07-09T14:26:01.232+0000] {processor.py:179} INFO - Processing /opt/airflow/dags/binance_daily_dag.py took 4.155 seconds
[2026-07-09T14:26:31.943+0000] {processor.py:157} INFO - Started process (PID=21086) to work on /opt/airflow/dags/binance_daily_dag.py
[2026-07-09T14:26:31.946+0000] {processor.py:829} INFO - Processing file /opt/airflow/dags/binance_daily_dag.py for tasks to queue
[2026-07-09T14:26:31.948+0000] {logging_mixin.py:151} INFO - [2026-07-09T14:26:31.947+0000] {dagbag.py:539} INFO - Filling up the DagBag from /opt/airflow/dags/binance_daily_dag.py
[2026-07-09T14:26:35.671+0000] {processor.py:839} INFO - DAG(s) dict_keys(['daily_crypto_lstm_pipeline']) retrieved from /opt/airflow/dags/binance_daily_dag.py
[2026-07-09T14:26:35.715+0000] {logging_mixin.py:151} INFO - [2026-07-09T14:26:35.714+0000] {dag.py:2915} INFO - Sync 1 DAGs
[2026-07-09T14:26:35.754+0000] {logging_mixin.py:151} INFO - [2026-07-09T14:26:35.754+0000] {dag.py:3696} INFO - Setting next_dagrun for daily_crypto_lstm_pipeline to 2026-07-09T00:02:00+00:00, run_after=2026-07-10T00:02:00+00:00
[2026-07-09T14:26:35.788+0000] {processor.py:179} INFO - Processing /opt/airflow/dags/binance_daily_dag.py took 3.854 seconds
[2026-07-09T14:27:06.419+0000] {processor.py:157} INFO - Started process (PID=21119) to work on /opt/airflow/dags/binance_daily_dag.py
[2026-07-09T14:27:06.422+0000] {processor.py:829} INFO - Processing file /opt/airflow/dags/binance_daily_dag.py for tasks to queue
[2026-07-09T14:27:06.424+0000] {logging_mixin.py:151} INFO - [2026-07-09T14:27:06.423+0000] {dagbag.py:539} INFO - Filling up the DagBag from /opt/airflow/dags/binance_daily_dag.py
[2026-07-09T14:27:10.510+0000] {processor.py:839} INFO - DAG(s) dict_keys(['daily_crypto_lstm_pipeline']) retrieved from /opt/airflow/dags/binance_daily_dag.py
[2026-07-09T14:27:10.556+0000] {logging_mixin.py:151} INFO - [2026-07-09T14:27:10.555+0000] {dag.py:2915} INFO - Sync 1 DAGs
[2026-07-09T14:27:10.605+0000] {logging_mixin.py:151} INFO - [2026-07-09T14:27:10.604+0000] {dag.py:3696} INFO - Setting next_dagrun for daily_crypto_lstm_pipeline to 2026-07-09T00:02:00+00:00, run_after=2026-07-10T00:02:00+00:00
[2026-07-09T14:27:10.678+0000] {processor.py:179} INFO - Processing /opt/airflow/dags/binance_daily_dag.py took 4.266 seconds
[2026-07-09T14:27:41.230+0000] {processor.py:157} INFO - Started process (PID=21150) to work on /opt/airflow/dags/binance_daily_dag.py
[2026-07-09T14:27:41.233+0000] {processor.py:829} INFO - Processing file /opt/airflow/dags/binance_daily_dag.py for tasks to queue
[2026-07-09T14:27:41.241+0000] {logging_mixin.py:151} INFO - [2026-07-09T14:27:41.238+0000] {dagbag.py:539} INFO - Filling up the DagBag from /opt/airflow/dags/binance_daily_dag.py
[2026-07-09T14:27:45.675+0000] {processor.py:839} INFO - DAG(s) dict_keys(['daily_crypto_lstm_pipeline']) retrieved from /opt/airflow/dags/binance_daily_dag.py
[2026-07-09T14:27:45.742+0000] {logging_mixin.py:151} INFO - [2026-07-09T14:27:45.740+0000] {dag.py:2915} INFO - Sync 1 DAGs
[2026-07-09T14:27:45.807+0000] {logging_mixin.py:151} INFO - [2026-07-09T14:27:45.806+0000] {dag.py:3696} INFO - Setting next_dagrun for daily_crypto_lstm_pipeline to 2026-07-09T00:02:00+00:00, run_after=2026-07-10T00:02:00+00:00
[2026-07-09T14:27:45.855+0000] {processor.py:179} INFO - Processing /opt/airflow/dags/binance_daily_dag.py took 4.643 seconds
[2026-07-09T14:28:17.035+0000] {processor.py:157} INFO - Started process (PID=21187) to work on /opt/airflow/dags/binance_daily_dag.py
[2026-07-09T14:28:17.042+0000] {processor.py:829} INFO - Processing file /opt/airflow/dags/binance_daily_dag.py for tasks to queue
[2026-07-09T14:28:17.048+0000] {logging_mixin.py:151} INFO - [2026-07-09T14:28:17.046+0000] {dagbag.py:539} INFO - Filling up the DagBag from /opt/airflow/dags/binance_daily_dag.py
[2026-07-09T14:28:23.008+0000] {processor.py:839} INFO - DAG(s) dict_keys(['daily_crypto_lstm_pipeline']) retrieved from /opt/airflow/dags/binance_daily_dag.py
[2026-07-09T14:28:23.136+0000] {logging_mixin.py:151} INFO - [2026-07-09T14:28:23.135+0000] {dag.py:2915} INFO - Sync 1 DAGs
[2026-07-09T14:28:23.227+0000] {logging_mixin.py:151} INFO - [2026-07-09T14:28:23.227+0000] {dag.py:3696} INFO - Setting next_dagrun for daily_crypto_lstm_pipeline to 2026-07-09T00:02:00+00:00, run_after=2026-07-10T00:02:00+00:00
[2026-07-09T14:28:23.265+0000] {processor.py:179} INFO - Processing /opt/airflow/dags/binance_daily_dag.py took 6.241 seconds
[2026-07-09T14:28:53.798+0000] {processor.py:157} INFO - Started process (PID=21220) to work on /opt/airflow/dags/binance_daily_dag.py
[2026-07-09T14:28:53.800+0000] {processor.py:829} INFO - Processing file /opt/airflow/dags/binance_daily_dag.py for tasks to queue
[2026-07-09T14:28:53.801+0000] {logging_mixin.py:151} INFO - [2026-07-09T14:28:53.801+0000] {dagbag.py:539} INFO - Filling up the DagBag from /opt/airflow/dags/binance_daily_dag.py
[2026-07-09T14:28:57.544+0000] {processor.py:839} INFO - DAG(s) dict_keys(['daily_crypto_lstm_pipeline']) retrieved from /opt/airflow/dags/binance_daily_dag.py
[2026-07-09T14:28:57.575+0000] {logging_mixin.py:151} INFO - [2026-07-09T14:28:57.574+0000] {dag.py:2915} INFO - Sync 1 DAGs
[2026-07-09T14:28:57.602+0000] {logging_mixin.py:151} INFO - [2026-07-09T14:28:57.602+0000] {dag.py:3696} INFO - Setting next_dagrun for daily_crypto_lstm_pipeline to 2026-07-09T00:02:00+00:00, run_after=2026-07-10T00:02:00+00:00
[2026-07-09T14:28:57.628+0000] {processor.py:179} INFO - Processing /opt/airflow/dags/binance_daily_dag.py took 3.835 seconds
[2026-07-09T14:29:28.004+0000] {processor.py:157} INFO - Started process (PID=21260) to work on /opt/airflow/dags/binance_daily_dag.py
[2026-07-09T14:29:28.007+0000] {processor.py:829} INFO - Processing file /opt/airflow/dags/binance_daily_dag.py for tasks to queue
[2026-07-09T14:29:28.009+0000] {logging_mixin.py:151} INFO - [2026-07-09T14:29:28.009+0000] {dagbag.py:539} INFO - Filling up the DagBag from /opt/airflow/dags/binance_daily_dag.py
[2026-07-09T14:29:33.151+0000] {processor.py:839} INFO - DAG(s) dict_keys(['daily_crypto_lstm_pipeline']) retrieved from /opt/airflow/dags/binance_daily_dag.py
[2026-07-09T14:29:33.196+0000] {logging_mixin.py:151} INFO - [2026-07-09T14:29:33.194+0000] {dag.py:2915} INFO - Sync 1 DAGs
[2026-07-09T14:29:33.242+0000] {logging_mixin.py:151} INFO - [2026-07-09T14:29:33.241+0000] {dag.py:3696} INFO - Setting next_dagrun for daily_crypto_lstm_pipeline to 2026-07-09T00:02:00+00:00, run_after=2026-07-10T00:02:00+00:00
[2026-07-09T14:29:33.321+0000] {processor.py:179} INFO - Processing /opt/airflow/dags/binance_daily_dag.py took 5.329 seconds
[2026-07-09T14:30:03.568+0000] {processor.py:157} INFO - Started process (PID=21293) to work on /opt/airflow/dags/binance_daily_dag.py
[2026-07-09T14:30:03.572+0000] {processor.py:829} INFO - Processing file /opt/airflow/dags/binance_daily_dag.py for tasks to queue
[2026-07-09T14:30:03.574+0000] {logging_mixin.py:151} INFO - [2026-07-09T14:30:03.574+0000] {dagbag.py:539} INFO - Filling up the DagBag from /opt/airflow/dags/binance_daily_dag.py
[2026-07-09T14:30:08.163+0000] {processor.py:839} INFO - DAG(s) dict_keys(['daily_crypto_lstm_pipeline']) retrieved from /opt/airflow/dags/binance_daily_dag.py
[2026-07-09T14:30:08.204+0000] {logging_mixin.py:151} INFO - [2026-07-09T14:30:08.202+0000] {dag.py:2915} INFO - Sync 1 DAGs
[2026-07-09T14:30:08.253+0000] {logging_mixin.py:151} INFO - [2026-07-09T14:30:08.253+0000] {dag.py:3696} INFO - Setting next_dagrun for daily_crypto_lstm_pipeline to 2026-07-09T00:02:00+00:00, run_after=2026-07-10T00:02:00+00:00
[2026-07-09T14:30:08.333+0000] {processor.py:179} INFO - Processing /opt/airflow/dags/binance_daily_dag.py took 4.772 seconds
[2026-07-09T14:30:38.742+0000] {processor.py:157} INFO - Started process (PID=21326) to work on /opt/airflow/dags/binance_daily_dag.py
[2026-07-09T14:30:38.769+0000] {processor.py:829} INFO - Processing file /opt/airflow/dags/binance_daily_dag.py for tasks to queue
[2026-07-09T14:30:38.773+0000] {logging_mixin.py:151} INFO - [2026-07-09T14:30:38.772+0000] {dagbag.py:539} INFO - Filling up the DagBag from /opt/airflow/dags/binance_daily_dag.py
[2026-07-09T14:30:43.958+0000] {processor.py:839} INFO - DAG(s) dict_keys(['daily_crypto_lstm_pipeline']) retrieved from /opt/airflow/dags/binance_daily_dag.py
[2026-07-09T14:30:44.003+0000] {logging_mixin.py:151} INFO - [2026-07-09T14:30:44.002+0000] {dag.py:2915} INFO - Sync 1 DAGs
[2026-07-09T14:30:44.041+0000] {logging_mixin.py:151} INFO - [2026-07-09T14:30:44.040+0000] {dag.py:3696} INFO - Setting next_dagrun for daily_crypto_lstm_pipeline to 2026-07-09T00:02:00+00:00, run_after=2026-07-10T00:02:00+00:00
[2026-07-09T14:30:44.078+0000] {processor.py:179} INFO - Processing /opt/airflow/dags/binance_daily_dag.py took 5.341 seconds
[2026-07-09T14:31:14.342+0000] {processor.py:157} INFO - Started process (PID=21359) to work on /opt/airflow/dags/binance_daily_dag.py
[2026-07-09T14:31:14.345+0000] {processor.py:829} INFO - Processing file /opt/airflow/dags/binance_daily_dag.py for tasks to queue
[2026-07-09T14:31:14.347+0000] {logging_mixin.py:151} INFO - [2026-07-09T14:31:14.346+0000] {dagbag.py:539} INFO - Filling up the DagBag from /opt/airflow/dags/binance_daily_dag.py
[2026-07-09T14:31:19.541+0000] {processor.py:839} INFO - DAG(s) dict_keys(['daily_crypto_lstm_pipeline']) retrieved from /opt/airflow/dags/binance_daily_dag.py
[2026-07-09T14:31:19.587+0000] {logging_mixin.py:151} INFO - [2026-07-09T14:31:19.586+0000] {dag.py:2915} INFO - Sync 1 DAGs
[2026-07-09T14:31:19.631+0000] {logging_mixin.py:151} INFO - [2026-07-09T14:31:19.631+0000] {dag.py:3696} INFO - Setting next_dagrun for daily_crypto_lstm_pipeline to 2026-07-09T00:02:00+00:00, run_after=2026-07-10T00:02:00+00:00
[2026-07-09T14:31:19.668+0000] {processor.py:179} INFO - Processing /opt/airflow/dags/binance_daily_dag.py took 5.334 seconds
[2026-07-09T14:31:49.840+0000] {processor.py:157} INFO - Started process (PID=21397) to work on /opt/airflow/dags/binance_daily_dag.py
[2026-07-09T14:31:49.842+0000] {processor.py:829} INFO - Processing file /opt/airflow/dags/binance_daily_dag.py for tasks to queue
[2026-07-09T14:31:49.843+0000] {logging_mixin.py:151} INFO - [2026-07-09T14:31:49.843+0000] {dagbag.py:539} INFO - Filling up the DagBag from /opt/airflow/dags/binance_daily_dag.py
[2026-07-09T14:31:54.836+0000] {processor.py:839} INFO - DAG(s) dict_keys(['daily_crypto_lstm_pipeline']) retrieved from /opt/airflow/dags/binance_daily_dag.py
[2026-07-09T14:31:54.874+0000] {logging_mixin.py:151} INFO - [2026-07-09T14:31:54.873+0000] {dag.py:2915} INFO - Sync 1 DAGs
[2026-07-09T14:31:54.911+0000] {logging_mixin.py:151} INFO - [2026-07-09T14:31:54.911+0000] {dag.py:3696} INFO - Setting next_dagrun for daily_crypto_lstm_pipeline to 2026-07-09T00:02:00+00:00, run_after=2026-07-10T00:02:00+00:00
[2026-07-09T14:31:54.957+0000] {processor.py:179} INFO - Processing /opt/airflow/dags/binance_daily_dag.py took 5.122 seconds
[2026-07-09T14:32:25.418+0000] {processor.py:157} INFO - Started process (PID=21428) to work on /opt/airflow/dags/binance_daily_dag.py
[2026-07-09T14:32:25.421+0000] {processor.py:829} INFO - Processing file /opt/airflow/dags/binance_daily_dag.py for tasks to queue
[2026-07-09T14:32:25.423+0000] {logging_mixin.py:151} INFO - [2026-07-09T14:32:25.423+0000] {dagbag.py:539} INFO - Filling up the DagBag from /opt/airflow/dags/binance_daily_dag.py
[2026-07-09T14:32:30.031+0000] {processor.py:839} INFO - DAG(s) dict_keys(['daily_crypto_lstm_pipeline']) retrieved from /opt/airflow/dags/binance_daily_dag.py
[2026-07-09T14:32:30.072+0000] {logging_mixin.py:151} INFO - [2026-07-09T14:32:30.071+0000] {dag.py:2915} INFO - Sync 1 DAGs
[2026-07-09T14:32:30.107+0000] {logging_mixin.py:151} INFO - [2026-07-09T14:32:30.107+0000] {dag.py:3696} INFO - Setting next_dagrun for daily_crypto_lstm_pipeline to 2026-07-09T00:02:00+00:00, run_after=2026-07-10T00:02:00+00:00
[2026-07-09T14:32:30.150+0000] {processor.py:179} INFO - Processing /opt/airflow/dags/binance_daily_dag.py took 4.745 seconds
[2026-07-09T14:33:00.590+0000] {processor.py:157} INFO - Started process (PID=21468) to work on /opt/airflow/dags/binance_daily_dag.py
[2026-07-09T14:33:00.592+0000] {processor.py:829} INFO - Processing file /opt/airflow/dags/binance_daily_dag.py for tasks to queue
[2026-07-09T14:33:00.593+0000] {logging_mixin.py:151} INFO - [2026-07-09T14:33:00.593+0000] {dagbag.py:539} INFO - Filling up the DagBag from /opt/airflow/dags/binance_daily_dag.py
[2026-07-09T14:33:04.979+0000] {processor.py:839} INFO - DAG(s) dict_keys(['daily_crypto_lstm_pipeline']) retrieved from /opt/airflow/dags/binance_daily_dag.py
[2026-07-09T14:33:05.066+0000] {logging_mixin.py:151} INFO - [2026-07-09T14:33:05.065+0000] {dag.py:2915} INFO - Sync 1 DAGs
[2026-07-09T14:33:05.147+0000] {logging_mixin.py:151} INFO - [2026-07-09T14:33:05.147+0000] {dag.py:3696} INFO - Setting next_dagrun for daily_crypto_lstm_pipeline to 2026-07-09T00:02:00+00:00, run_after=2026-07-10T00:02:00+00:00
[2026-07-09T14:33:05.196+0000] {processor.py:179} INFO - Processing /opt/airflow/dags/binance_daily_dag.py took 4.610 seconds
[2026-07-09T14:33:35.790+0000] {processor.py:157} INFO - Started process (PID=21504) to work on /opt/airflow/dags/binance_daily_dag.py
[2026-07-09T14:33:35.793+0000] {processor.py:829} INFO - Processing file /opt/airflow/dags/binance_daily_dag.py for tasks to queue
[2026-07-09T14:33:35.795+0000] {logging_mixin.py:151} INFO - [2026-07-09T14:33:35.794+0000] {dagbag.py:539} INFO - Filling up the DagBag from /opt/airflow/dags/binance_daily_dag.py
[2026-07-09T14:33:40.176+0000] {processor.py:839} INFO - DAG(s) dict_keys(['daily_crypto_lstm_pipeline']) retrieved from /opt/airflow/dags/binance_daily_dag.py
[2026-07-09T14:33:40.216+0000] {logging_mixin.py:151} INFO - [2026-07-09T14:33:40.214+0000] {dag.py:2915} INFO - Sync 1 DAGs
[2026-07-09T14:33:40.258+0000] {logging_mixin.py:151} INFO - [2026-07-09T14:33:40.258+0000] {dag.py:3696} INFO - Setting next_dagrun for daily_crypto_lstm_pipeline to 2026-07-09T00:02:00+00:00, run_after=2026-07-10T00:02:00+00:00
[2026-07-09T14:33:40.294+0000] {processor.py:179} INFO - Processing /opt/airflow/dags/binance_daily_dag.py took 4.511 seconds
[2026-07-09T14:34:10.547+0000] {processor.py:157} INFO - Started process (PID=21537) to work on /opt/airflow/dags/binance_daily_dag.py
[2026-07-09T14:34:10.550+0000] {processor.py:829} INFO - Processing file /opt/airflow/dags/binance_daily_dag.py for tasks to queue
[2026-07-09T14:34:10.553+0000] {logging_mixin.py:151} INFO - [2026-07-09T14:34:10.552+0000] {dagbag.py:539} INFO - Filling up the DagBag from /opt/airflow/dags/binance_daily_dag.py
[2026-07-09T14:34:15.068+0000] {processor.py:839} INFO - DAG(s) dict_keys(['daily_crypto_lstm_pipeline']) retrieved from /opt/airflow/dags/binance_daily_dag.py
[2026-07-09T14:34:15.129+0000] {logging_mixin.py:151} INFO - [2026-07-09T14:34:15.128+0000] {dag.py:2915} INFO - Sync 1 DAGs
[2026-07-09T14:34:15.197+0000] {logging_mixin.py:151} INFO - [2026-07-09T14:34:15.196+0000] {dag.py:3696} INFO - Setting next_dagrun for daily_crypto_lstm_pipeline to 2026-07-09T00:02:00+00:00, run_after=2026-07-10T00:02:00+00:00
[2026-07-09T14:34:15.253+0000] {processor.py:179} INFO - Processing /opt/airflow/dags/binance_daily_dag.py took 4.713 seconds
[2026-07-09T14:34:45.700+0000] {processor.py:157} INFO - Started process (PID=21567) to work on /opt/airflow/dags/binance_daily_dag.py
[2026-07-09T14:34:45.705+0000] {processor.py:829} INFO - Processing file /opt/airflow/dags/binance_daily_dag.py for tasks to queue
[2026-07-09T14:34:45.707+0000] {logging_mixin.py:151} INFO - [2026-07-09T14:34:45.706+0000] {dagbag.py:539} INFO - Filling up the DagBag from /opt/airflow/dags/binance_daily_dag.py
[2026-07-09T14:34:49.681+0000] {processor.py:839} INFO - DAG(s) dict_keys(['daily_crypto_lstm_pipeline']) retrieved from /opt/airflow/dags/binance_daily_dag.py
[2026-07-09T14:34:49.717+0000] {logging_mixin.py:151} INFO - [2026-07-09T14:34:49.716+0000] {dag.py:2915} INFO - Sync 1 DAGs
[2026-07-09T14:34:49.756+0000] {logging_mixin.py:151} INFO - [2026-07-09T14:34:49.755+0000] {dag.py:3696} INFO - Setting next_dagrun for daily_crypto_lstm_pipeline to 2026-07-09T00:02:00+00:00, run_after=2026-07-10T00:02:00+00:00
[2026-07-09T14:34:49.847+0000] {processor.py:179} INFO - Processing /opt/airflow/dags/binance_daily_dag.py took 4.154 seconds
[2026-07-09T14:35:20.557+0000] {processor.py:157} INFO - Started process (PID=21600) to work on /opt/airflow/dags/binance_daily_dag.py
[2026-07-09T14:35:20.560+0000] {processor.py:829} INFO - Processing file /opt/airflow/dags/binance_daily_dag.py for tasks to queue
[2026-07-09T14:35:20.562+0000] {logging_mixin.py:151} INFO - [2026-07-09T14:35:20.562+0000] {dagbag.py:539} INFO - Filling up the DagBag from /opt/airflow/dags/binance_daily_dag.py
[2026-07-09T14:35:24.694+0000] {processor.py:839} INFO - DAG(s) dict_keys(['daily_crypto_lstm_pipeline']) retrieved from /opt/airflow/dags/binance_daily_dag.py
[2026-07-09T14:35:24.742+0000] {logging_mixin.py:151} INFO - [2026-07-09T14:35:24.741+0000] {dag.py:2915} INFO - Sync 1 DAGs
[2026-07-09T14:35:24.798+0000] {logging_mixin.py:151} INFO - [2026-07-09T14:35:24.798+0000] {dag.py:3696} INFO - Setting next_dagrun for daily_crypto_lstm_pipeline to 2026-07-09T00:02:00+00:00, run_after=2026-07-10T00:02:00+00:00
[2026-07-09T14:35:24.858+0000] {processor.py:179} INFO - Processing /opt/airflow/dags/binance_daily_dag.py took 4.306 seconds
[2026-07-09T14:35:55.380+0000] {processor.py:157} INFO - Started process (PID=21634) to work on /opt/airflow/dags/binance_daily_dag.py
[2026-07-09T14:35:55.383+0000] {processor.py:829} INFO - Processing file /opt/airflow/dags/binance_daily_dag.py for tasks to queue
[2026-07-09T14:35:55.385+0000] {logging_mixin.py:151} INFO - [2026-07-09T14:35:55.384+0000] {dagbag.py:539} INFO - Filling up the DagBag from /opt/airflow/dags/binance_daily_dag.py
[2026-07-09T14:35:59.792+0000] {processor.py:839} INFO - DAG(s) dict_keys(['daily_crypto_lstm_pipeline']) retrieved from /opt/airflow/dags/binance_daily_dag.py
[2026-07-09T14:35:59.848+0000] {logging_mixin.py:151} INFO - [2026-07-09T14:35:59.845+0000] {dag.py:2915} INFO - Sync 1 DAGs
[2026-07-09T14:35:59.890+0000] {logging_mixin.py:151} INFO - [2026-07-09T14:35:59.890+0000] {dag.py:3696} INFO - Setting next_dagrun for daily_crypto_lstm_pipeline to 2026-07-09T00:02:00+00:00, run_after=2026-07-10T00:02:00+00:00
[2026-07-09T14:35:59.941+0000] {processor.py:179} INFO - Processing /opt/airflow/dags/binance_daily_dag.py took 4.571 seconds
[2026-07-09T14:36:30.476+0000] {processor.py:157} INFO - Started process (PID=21677) to work on /opt/airflow/dags/binance_daily_dag.py
[2026-07-09T14:36:30.478+0000] {processor.py:829} INFO - Processing file /opt/airflow/dags/binance_daily_dag.py for tasks to queue
[2026-07-09T14:36:30.480+0000] {logging_mixin.py:151} INFO - [2026-07-09T14:36:30.479+0000] {dagbag.py:539} INFO - Filling up the DagBag from /opt/airflow/dags/binance_daily_dag.py
[2026-07-09T14:36:35.983+0000] {processor.py:839} INFO - DAG(s) dict_keys(['daily_crypto_lstm_pipeline']) retrieved from /opt/airflow/dags/binance_daily_dag.py
[2026-07-09T14:36:36.029+0000] {logging_mixin.py:151} INFO - [2026-07-09T14:36:36.028+0000] {dag.py:2915} INFO - Sync 1 DAGs
[2026-07-09T14:36:36.073+0000] {logging_mixin.py:151} INFO - [2026-07-09T14:36:36.073+0000] {dag.py:3696} INFO - Setting next_dagrun for daily_crypto_lstm_pipeline to 2026-07-09T00:02:00+00:00, run_after=2026-07-10T00:02:00+00:00
[2026-07-09T14:36:36.118+0000] {processor.py:179} INFO - Processing /opt/airflow/dags/binance_daily_dag.py took 5.649 seconds
[2026-07-09T14:37:06.654+0000] {processor.py:157} INFO - Started process (PID=21716) to work on /opt/airflow/dags/binance_daily_dag.py
[2026-07-09T14:37:06.663+0000] {processor.py:829} INFO - Processing file /opt/airflow/dags/binance_daily_dag.py for tasks to queue
[2026-07-09T14:37:06.665+0000] {logging_mixin.py:151} INFO - [2026-07-09T14:37:06.664+0000] {dagbag.py:539} INFO - Filling up the DagBag from /opt/airflow/dags/binance_daily_dag.py
[2026-07-09T14:37:11.121+0000] {processor.py:839} INFO - DAG(s) dict_keys(['daily_crypto_lstm_pipeline']) retrieved from /opt/airflow/dags/binance_daily_dag.py
[2026-07-09T14:37:11.158+0000] {logging_mixin.py:151} INFO - [2026-07-09T14:37:11.158+0000] {dag.py:2915} INFO - Sync 1 DAGs
[2026-07-09T14:37:11.198+0000] {logging_mixin.py:151} INFO - [2026-07-09T14:37:11.197+0000] {dag.py:3696} INFO - Setting next_dagrun for daily_crypto_lstm_pipeline to 2026-07-09T00:02:00+00:00, run_after=2026-07-10T00:02:00+00:00
[2026-07-09T14:37:11.236+0000] {processor.py:179} INFO - Processing /opt/airflow/dags/binance_daily_dag.py took 4.590 seconds
[2026-07-09T14:37:41.637+0000] {processor.py:157} INFO - Started process (PID=21748) to work on /opt/airflow/dags/binance_daily_dag.py
[2026-07-09T14:37:41.640+0000] {processor.py:829} INFO - Processing file /opt/airflow/dags/binance_daily_dag.py for tasks to queue
[2026-07-09T14:37:41.642+0000] {logging_mixin.py:151} INFO - [2026-07-09T14:37:41.642+0000] {dagbag.py:539} INFO - Filling up the DagBag from /opt/airflow/dags/binance_daily_dag.py
[2026-07-09T14:37:46.123+0000] {processor.py:839} INFO - DAG(s) dict_keys(['daily_crypto_lstm_pipeline']) retrieved from /opt/airflow/dags/binance_daily_dag.py
[2026-07-09T14:37:46.166+0000] {logging_mixin.py:151} INFO - [2026-07-09T14:37:46.165+0000] {dag.py:2915} INFO - Sync 1 DAGs
[2026-07-09T14:37:46.214+0000] {logging_mixin.py:151} INFO - [2026-07-09T14:37:46.214+0000] {dag.py:3696} INFO - Setting next_dagrun for daily_crypto_lstm_pipeline to 2026-07-09T00:02:00+00:00, run_after=2026-07-10T00:02:00+00:00
[2026-07-09T14:37:46.249+0000] {processor.py:179} INFO - Processing /opt/airflow/dags/binance_daily_dag.py took 4.621 seconds
[2026-07-09T14:38:16.539+0000] {processor.py:157} INFO - Started process (PID=21780) to work on /opt/airflow/dags/binance_daily_dag.py
[2026-07-09T14:38:16.542+0000] {processor.py:829} INFO - Processing file /opt/airflow/dags/binance_daily_dag.py for tasks to queue
[2026-07-09T14:38:16.543+0000] {logging_mixin.py:151} INFO - [2026-07-09T14:38:16.543+0000] {dagbag.py:539} INFO - Filling up the DagBag from /opt/airflow/dags/binance_daily_dag.py
[2026-07-09T14:38:20.844+0000] {processor.py:839} INFO - DAG(s) dict_keys(['daily_crypto_lstm_pipeline']) retrieved from /opt/airflow/dags/binance_daily_dag.py
[2026-07-09T14:38:20.922+0000] {logging_mixin.py:151} INFO - [2026-07-09T14:38:20.921+0000] {dag.py:2915} INFO - Sync 1 DAGs
[2026-07-09T14:38:20.949+0000] {logging_mixin.py:151} INFO - [2026-07-09T14:38:20.949+0000] {dag.py:3696} INFO - Setting next_dagrun for daily_crypto_lstm_pipeline to 2026-07-09T00:02:00+00:00, run_after=2026-07-10T00:02:00+00:00
[2026-07-09T14:38:20.982+0000] {processor.py:179} INFO - Processing /opt/airflow/dags/binance_daily_dag.py took 4.450 seconds
[2026-07-09T14:38:51.744+0000] {processor.py:157} INFO - Started process (PID=21814) to work on /opt/airflow/dags/binance_daily_dag.py
[2026-07-09T14:38:51.746+0000] {processor.py:829} INFO - Processing file /opt/airflow/dags/binance_daily_dag.py for tasks to queue
[2026-07-09T14:38:51.748+0000] {logging_mixin.py:151} INFO - [2026-07-09T14:38:51.747+0000] {dagbag.py:539} INFO - Filling up the DagBag from /opt/airflow/dags/binance_daily_dag.py
[2026-07-09T14:38:55.746+0000] {processor.py:839} INFO - DAG(s) dict_keys(['daily_crypto_lstm_pipeline']) retrieved from /opt/airflow/dags/binance_daily_dag.py
[2026-07-09T14:38:55.780+0000] {logging_mixin.py:151} INFO - [2026-07-09T14:38:55.779+0000] {dag.py:2915} INFO - Sync 1 DAGs
[2026-07-09T14:38:55.823+0000] {logging_mixin.py:151} INFO - [2026-07-09T14:38:55.822+0000] {dag.py:3696} INFO - Setting next_dagrun for daily_crypto_lstm_pipeline to 2026-07-09T00:02:00+00:00, run_after=2026-07-10T00:02:00+00:00
[2026-07-09T14:38:55.859+0000] {processor.py:179} INFO - Processing /opt/airflow/dags/binance_daily_dag.py took 4.123 seconds
[2026-07-09T14:39:26.300+0000] {processor.py:157} INFO - Started process (PID=21846) to work on /opt/airflow/dags/binance_daily_dag.py
[2026-07-09T14:39:26.302+0000] {processor.py:829} INFO - Processing file /opt/airflow/dags/binance_daily_dag.py for tasks to queue
[2026-07-09T14:39:26.306+0000] {logging_mixin.py:151} INFO - [2026-07-09T14:39:26.305+0000] {dagbag.py:539} INFO - Filling up the DagBag from /opt/airflow/dags/binance_daily_dag.py
[2026-07-09T14:39:31.762+0000] {processor.py:839} INFO - DAG(s) dict_keys(['daily_crypto_lstm_pipeline']) retrieved from /opt/airflow/dags/binance_daily_dag.py
[2026-07-09T14:39:31.810+0000] {logging_mixin.py:151} INFO - [2026-07-09T14:39:31.809+0000] {dag.py:2915} INFO - Sync 1 DAGs
[2026-07-09T14:39:31.863+0000] {logging_mixin.py:151} INFO - [2026-07-09T14:39:31.863+0000] {dag.py:3696} INFO - Setting next_dagrun for daily_crypto_lstm_pipeline to 2026-07-09T00:02:00+00:00, run_after=2026-07-10T00:02:00+00:00
[2026-07-09T14:39:31.912+0000] {processor.py:179} INFO - Processing /opt/airflow/dags/binance_daily_dag.py took 5.621 seconds
[2026-07-09T14:40:02.293+0000] {processor.py:157} INFO - Started process (PID=21886) to work on /opt/airflow/dags/binance_daily_dag.py
[2026-07-09T14:40:02.296+0000] {processor.py:829} INFO - Processing file /opt/airflow/dags/binance_daily_dag.py for tasks to queue
[2026-07-09T14:40:02.298+0000] {logging_mixin.py:151} INFO - [2026-07-09T14:40:02.297+0000] {dagbag.py:539} INFO - Filling up the DagBag from /opt/airflow/dags/binance_daily_dag.py
[2026-07-09T14:40:08.853+0000] {processor.py:839} INFO - DAG(s) dict_keys(['daily_crypto_lstm_pipeline']) retrieved from /opt/airflow/dags/binance_daily_dag.py
[2026-07-09T14:40:08.937+0000] {logging_mixin.py:151} INFO - [2026-07-09T14:40:08.934+0000] {dag.py:2915} INFO - Sync 1 DAGs
[2026-07-09T14:40:08.984+0000] {logging_mixin.py:151} INFO - [2026-07-09T14:40:08.984+0000] {dag.py:3696} INFO - Setting next_dagrun for daily_crypto_lstm_pipeline to 2026-07-09T00:02:00+00:00, run_after=2026-07-10T00:02:00+00:00
[2026-07-09T14:40:09.055+0000] {processor.py:179} INFO - Processing /opt/airflow/dags/binance_daily_dag.py took 6.769 seconds
[2026-07-09T14:40:39.739+0000] {processor.py:157} INFO - Started process (PID=21925) to work on /opt/airflow/dags/binance_daily_dag.py
[2026-07-09T14:40:39.741+0000] {processor.py:829} INFO - Processing file /opt/airflow/dags/binance_daily_dag.py for tasks to queue
[2026-07-09T14:40:39.744+0000] {logging_mixin.py:151} INFO - [2026-07-09T14:40:39.743+0000] {dagbag.py:539} INFO - Filling up the DagBag from /opt/airflow/dags/binance_daily_dag.py
[2026-07-09T14:40:44.452+0000] {processor.py:839} INFO - DAG(s) dict_keys(['daily_crypto_lstm_pipeline']) retrieved from /opt/airflow/dags/binance_daily_dag.py
[2026-07-09T14:40:44.486+0000] {logging_mixin.py:151} INFO - [2026-07-09T14:40:44.485+0000] {dag.py:2915} INFO - Sync 1 DAGs
[2026-07-09T14:40:44.524+0000] {logging_mixin.py:151} INFO - [2026-07-09T14:40:44.523+0000] {dag.py:3696} INFO - Setting next_dagrun for daily_crypto_lstm_pipeline to 2026-07-09T00:02:00+00:00, run_after=2026-07-10T00:02:00+00:00
[2026-07-09T14:40:44.600+0000] {processor.py:179} INFO - Processing /opt/airflow/dags/binance_daily_dag.py took 4.868 seconds
[2026-07-09T14:41:15.616+0000] {processor.py:157} INFO - Started process (PID=21958) to work on /opt/airflow/dags/binance_daily_dag.py
[2026-07-09T14:41:15.622+0000] {processor.py:829} INFO - Processing file /opt/airflow/dags/binance_daily_dag.py for tasks to queue
[2026-07-09T14:41:15.624+0000] {logging_mixin.py:151} INFO - [2026-07-09T14:41:15.624+0000] {dagbag.py:539} INFO - Filling up the DagBag from /opt/airflow/dags/binance_daily_dag.py
[2026-07-09T14:41:22.636+0000] {processor.py:839} INFO - DAG(s) dict_keys(['daily_crypto_lstm_pipeline']) retrieved from /opt/airflow/dags/binance_daily_dag.py
[2026-07-09T14:41:22.689+0000] {logging_mixin.py:151} INFO - [2026-07-09T14:41:22.688+0000] {dag.py:2915} INFO - Sync 1 DAGs
[2026-07-09T14:41:22.748+0000] {logging_mixin.py:151} INFO - [2026-07-09T14:41:22.747+0000] {dag.py:3696} INFO - Setting next_dagrun for daily_crypto_lstm_pipeline to 2026-07-09T00:02:00+00:00, run_after=2026-07-10T00:02:00+00:00
[2026-07-09T14:41:22.794+0000] {processor.py:179} INFO - Processing /opt/airflow/dags/binance_daily_dag.py took 7.188 seconds
[2026-07-09T14:41:53.397+0000] {processor.py:157} INFO - Started process (PID=21991) to work on /opt/airflow/dags/binance_daily_dag.py
[2026-07-09T14:41:53.403+0000] {processor.py:829} INFO - Processing file /opt/airflow/dags/binance_daily_dag.py for tasks to queue
[2026-07-09T14:41:53.408+0000] {logging_mixin.py:151} INFO - [2026-07-09T14:41:53.408+0000] {dagbag.py:539} INFO - Filling up the DagBag from /opt/airflow/dags/binance_daily_dag.py
[2026-07-09T14:41:57.283+0000] {processor.py:839} INFO - DAG(s) dict_keys(['daily_crypto_lstm_pipeline']) retrieved from /opt/airflow/dags/binance_daily_dag.py
[2026-07-09T14:41:57.331+0000] {logging_mixin.py:151} INFO - [2026-07-09T14:41:57.330+0000] {dag.py:2915} INFO - Sync 1 DAGs
[2026-07-09T14:41:57.372+0000] {logging_mixin.py:151} INFO - [2026-07-09T14:41:57.372+0000] {dag.py:3696} INFO - Setting next_dagrun for daily_crypto_lstm_pipeline to 2026-07-09T00:02:00+00:00, run_after=2026-07-10T00:02:00+00:00
[2026-07-09T14:41:57.463+0000] {processor.py:179} INFO - Processing /opt/airflow/dags/binance_daily_dag.py took 4.075 seconds
[2026-07-09T14:42:28.007+0000] {processor.py:157} INFO - Started process (PID=22024) to work on /opt/airflow/dags/binance_daily_dag.py
[2026-07-09T14:42:28.010+0000] {processor.py:829} INFO - Processing file /opt/airflow/dags/binance_daily_dag.py for tasks to queue
[2026-07-09T14:42:28.012+0000] {logging_mixin.py:151} INFO - [2026-07-09T14:42:28.011+0000] {dagbag.py:539} INFO - Filling up the DagBag from /opt/airflow/dags/binance_daily_dag.py
[2026-07-09T14:42:31.857+0000] {processor.py:839} INFO - DAG(s) dict_keys(['daily_crypto_lstm_pipeline']) retrieved from /opt/airflow/dags/binance_daily_dag.py
[2026-07-09T14:42:31.901+0000] {logging_mixin.py:151} INFO - [2026-07-09T14:42:31.900+0000] {dag.py:2915} INFO - Sync 1 DAGs
[2026-07-09T14:42:31.947+0000] {logging_mixin.py:151} INFO - [2026-07-09T14:42:31.947+0000] {dag.py:3696} INFO - Setting next_dagrun for daily_crypto_lstm_pipeline to 2026-07-09T00:02:00+00:00, run_after=2026-07-10T00:02:00+00:00
[2026-07-09T14:42:32.027+0000] {processor.py:179} INFO - Processing /opt/airflow/dags/binance_daily_dag.py took 4.031 seconds
[2026-07-09T14:43:02.580+0000] {processor.py:157} INFO - Started process (PID=22065) to work on /opt/airflow/dags/binance_daily_dag.py
[2026-07-09T14:43:02.583+0000] {processor.py:829} INFO - Processing file /opt/airflow/dags/binance_daily_dag.py for tasks to queue
[2026-07-09T14:43:02.585+0000] {logging_mixin.py:151} INFO - [2026-07-09T14:43:02.584+0000] {dagbag.py:539} INFO - Filling up the DagBag from /opt/airflow/dags/binance_daily_dag.py
[2026-07-09T14:43:06.495+0000] {processor.py:839} INFO - DAG(s) dict_keys(['daily_crypto_lstm_pipeline']) retrieved from /opt/airflow/dags/binance_daily_dag.py
[2026-07-09T14:43:06.530+0000] {logging_mixin.py:151} INFO - [2026-07-09T14:43:06.529+0000] {dag.py:2915} INFO - Sync 1 DAGs
[2026-07-09T14:43:06.560+0000] {logging_mixin.py:151} INFO - [2026-07-09T14:43:06.560+0000] {dag.py:3696} INFO - Setting next_dagrun for daily_crypto_lstm_pipeline to 2026-07-09T00:02:00+00:00, run_after=2026-07-10T00:02:00+00:00
[2026-07-09T14:43:06.636+0000] {processor.py:179} INFO - Processing /opt/airflow/dags/binance_daily_dag.py took 4.065 seconds
[2026-07-09T14:43:37.039+0000] {processor.py:157} INFO - Started process (PID=22101) to work on /opt/airflow/dags/binance_daily_dag.py
[2026-07-09T14:43:37.041+0000] {processor.py:829} INFO - Processing file /opt/airflow/dags/binance_daily_dag.py for tasks to queue
[2026-07-09T14:43:37.042+0000] {logging_mixin.py:151} INFO - [2026-07-09T14:43:37.042+0000] {dagbag.py:539} INFO - Filling up the DagBag from /opt/airflow/dags/binance_daily_dag.py
[2026-07-09T14:43:39.903+0000] {processor.py:839} INFO - DAG(s) dict_keys(['daily_crypto_lstm_pipeline']) retrieved from /opt/airflow/dags/binance_daily_dag.py
[2026-07-09T14:43:40.018+0000] {logging_mixin.py:151} INFO - [2026-07-09T14:43:40.018+0000] {dag.py:2915} INFO - Sync 1 DAGs
[2026-07-09T14:43:40.049+0000] {logging_mixin.py:151} INFO - [2026-07-09T14:43:40.049+0000] {dag.py:3696} INFO - Setting next_dagrun for daily_crypto_lstm_pipeline to 2026-07-09T00:02:00+00:00, run_after=2026-07-10T00:02:00+00:00
[2026-07-09T14:43:40.073+0000] {processor.py:179} INFO - Processing /opt/airflow/dags/binance_daily_dag.py took 3.038 seconds
[2026-07-09T14:44:10.442+0000] {processor.py:157} INFO - Started process (PID=22131) to work on /opt/airflow/dags/binance_daily_dag.py
[2026-07-09T14:44:10.445+0000] {processor.py:829} INFO - Processing file /opt/airflow/dags/binance_daily_dag.py for tasks to queue
[2026-07-09T14:44:10.447+0000] {logging_mixin.py:151} INFO - [2026-07-09T14:44:10.446+0000] {dagbag.py:539} INFO - Filling up the DagBag from /opt/airflow/dags/binance_daily_dag.py
[2026-07-09T14:44:15.310+0000] {processor.py:839} INFO - DAG(s) dict_keys(['daily_crypto_lstm_pipeline']) retrieved from /opt/airflow/dags/binance_daily_dag.py
[2026-07-09T14:44:15.361+0000] {logging_mixin.py:151} INFO - [2026-07-09T14:44:15.360+0000] {dag.py:2915} INFO - Sync 1 DAGs
[2026-07-09T14:44:15.417+0000] {logging_mixin.py:151} INFO - [2026-07-09T14:44:15.416+0000] {dag.py:3696} INFO - Setting next_dagrun for daily_crypto_lstm_pipeline to 2026-07-09T00:02:00+00:00, run_after=2026-07-10T00:02:00+00:00
[2026-07-09T14:44:15.508+0000] {processor.py:179} INFO - Processing /opt/airflow/dags/binance_daily_dag.py took 5.072 seconds
[2026-07-09T14:44:46.098+0000] {processor.py:157} INFO - Started process (PID=22172) to work on /opt/airflow/dags/binance_daily_dag.py
[2026-07-09T14:44:46.099+0000] {processor.py:829} INFO - Processing file /opt/airflow/dags/binance_daily_dag.py for tasks to queue
[2026-07-09T14:44:46.100+0000] {logging_mixin.py:151} INFO - [2026-07-09T14:44:46.100+0000] {dagbag.py:539} INFO - Filling up the DagBag from /opt/airflow/dags/binance_daily_dag.py
[2026-07-09T14:44:49.790+0000] {processor.py:839} INFO - DAG(s) dict_keys(['daily_crypto_lstm_pipeline']) retrieved from /opt/airflow/dags/binance_daily_dag.py
[2026-07-09T14:44:49.824+0000] {logging_mixin.py:151} INFO - [2026-07-09T14:44:49.823+0000] {dag.py:2915} INFO - Sync 1 DAGs
[2026-07-09T14:44:49.862+0000] {logging_mixin.py:151} INFO - [2026-07-09T14:44:49.862+0000] {dag.py:3696} INFO - Setting next_dagrun for daily_crypto_lstm_pipeline to 2026-07-09T00:02:00+00:00, run_after=2026-07-10T00:02:00+00:00
[2026-07-09T14:44:49.904+0000] {processor.py:179} INFO - Processing /opt/airflow/dags/binance_daily_dag.py took 3.811 seconds
[2026-07-09T14:45:20.136+0000] {processor.py:157} INFO - Started process (PID=22202) to work on /opt/airflow/dags/binance_daily_dag.py
[2026-07-09T14:45:20.139+0000] {processor.py:829} INFO - Processing file /opt/airflow/dags/binance_daily_dag.py for tasks to queue
[2026-07-09T14:45:20.140+0000] {logging_mixin.py:151} INFO - [2026-07-09T14:45:20.139+0000] {dagbag.py:539} INFO - Filling up the DagBag from /opt/airflow/dags/binance_daily_dag.py
[2026-07-09T14:45:24.306+0000] {processor.py:839} INFO - DAG(s) dict_keys(['daily_crypto_lstm_pipeline']) retrieved from /opt/airflow/dags/binance_daily_dag.py
[2026-07-09T14:45:24.343+0000] {logging_mixin.py:151} INFO - [2026-07-09T14:45:24.343+0000] {dag.py:2915} INFO - Sync 1 DAGs
[2026-07-09T14:45:24.386+0000] {logging_mixin.py:151} INFO - [2026-07-09T14:45:24.385+0000] {dag.py:3696} INFO - Setting next_dagrun for daily_crypto_lstm_pipeline to 2026-07-09T00:02:00+00:00, run_after=2026-07-10T00:02:00+00:00
[2026-07-09T14:45:24.431+0000] {processor.py:179} INFO - Processing /opt/airflow/dags/binance_daily_dag.py took 4.302 seconds
[2026-07-09T14:45:54.970+0000] {processor.py:157} INFO - Started process (PID=22235) to work on /opt/airflow/dags/binance_daily_dag.py
[2026-07-09T14:45:54.972+0000] {processor.py:829} INFO - Processing file /opt/airflow/dags/binance_daily_dag.py for tasks to queue
[2026-07-09T14:45:54.975+0000] {logging_mixin.py:151} INFO - [2026-07-09T14:45:54.975+0000] {dagbag.py:539} INFO - Filling up the DagBag from /opt/airflow/dags/binance_daily_dag.py
[2026-07-09T14:45:59.916+0000] {processor.py:839} INFO - DAG(s) dict_keys(['daily_crypto_lstm_pipeline']) retrieved from /opt/airflow/dags/binance_daily_dag.py
[2026-07-09T14:45:59.967+0000] {logging_mixin.py:151} INFO - [2026-07-09T14:45:59.966+0000] {dag.py:2915} INFO - Sync 1 DAGs
[2026-07-09T14:46:00.023+0000] {logging_mixin.py:151} INFO - [2026-07-09T14:46:00.022+0000] {dag.py:3696} INFO - Setting next_dagrun for daily_crypto_lstm_pipeline to 2026-07-09T00:02:00+00:00, run_after=2026-07-10T00:02:00+00:00
[2026-07-09T14:46:00.069+0000] {processor.py:179} INFO - Processing /opt/airflow/dags/binance_daily_dag.py took 5.110 seconds
[2026-07-09T14:46:30.797+0000] {processor.py:157} INFO - Started process (PID=22276) to work on /opt/airflow/dags/binance_daily_dag.py
[2026-07-09T14:46:30.800+0000] {processor.py:829} INFO - Processing file /opt/airflow/dags/binance_daily_dag.py for tasks to queue
[2026-07-09T14:46:30.803+0000] {logging_mixin.py:151} INFO - [2026-07-09T14:46:30.802+0000] {dagbag.py:539} INFO - Filling up the DagBag from /opt/airflow/dags/binance_daily_dag.py
[2026-07-09T14:46:35.326+0000] {processor.py:839} INFO - DAG(s) dict_keys(['daily_crypto_lstm_pipeline']) retrieved from /opt/airflow/dags/binance_daily_dag.py
[2026-07-09T14:46:35.372+0000] {logging_mixin.py:151} INFO - [2026-07-09T14:46:35.370+0000] {dag.py:2915} INFO - Sync 1 DAGs
[2026-07-09T14:46:35.412+0000] {logging_mixin.py:151} INFO - [2026-07-09T14:46:35.412+0000] {dag.py:3696} INFO - Setting next_dagrun for daily_crypto_lstm_pipeline to 2026-07-09T00:02:00+00:00, run_after=2026-07-10T00:02:00+00:00
[2026-07-09T14:46:35.494+0000] {processor.py:179} INFO - Processing /opt/airflow/dags/binance_daily_dag.py took 4.705 seconds
[2026-07-09T14:47:05.916+0000] {processor.py:157} INFO - Started process (PID=22311) to work on /opt/airflow/dags/binance_daily_dag.py
[2026-07-09T14:47:05.918+0000] {processor.py:829} INFO - Processing file /opt/airflow/dags/binance_daily_dag.py for tasks to queue
[2026-07-09T14:47:05.921+0000] {logging_mixin.py:151} INFO - [2026-07-09T14:47:05.920+0000] {dagbag.py:539} INFO - Filling up the DagBag from /opt/airflow/dags/binance_daily_dag.py
[2026-07-09T14:47:10.106+0000] {processor.py:839} INFO - DAG(s) dict_keys(['daily_crypto_lstm_pipeline']) retrieved from /opt/airflow/dags/binance_daily_dag.py
[2026-07-09T14:47:10.152+0000] {logging_mixin.py:151} INFO - [2026-07-09T14:47:10.151+0000] {dag.py:2915} INFO - Sync 1 DAGs
[2026-07-09T14:47:10.185+0000] {logging_mixin.py:151} INFO - [2026-07-09T14:47:10.185+0000] {dag.py:3696} INFO - Setting next_dagrun for daily_crypto_lstm_pipeline to 2026-07-09T00:02:00+00:00, run_after=2026-07-10T00:02:00+00:00
[2026-07-09T14:47:10.225+0000] {processor.py:179} INFO - Processing /opt/airflow/dags/binance_daily_dag.py took 4.316 seconds
