[2026-07-09T07:06:05.732+0000] {processor.py:157} INFO - Started process (PID=12011) to work on /opt/airflow/dags/predict_daily.py
[2026-07-09T07:06:05.733+0000] {processor.py:829} INFO - Processing file /opt/airflow/dags/predict_daily.py for tasks to queue
[2026-07-09T07:06:05.739+0000] {logging_mixin.py:151} INFO - [2026-07-09T07:06:05.739+0000] {dagbag.py:539} INFO - Filling up the DagBag from /opt/airflow/dags/predict_daily.py
[2026-07-09T07:06:13.975+0000] {processor.py:841} WARNING - No viable dags retrieved from /opt/airflow/dags/predict_daily.py
[2026-07-09T07:06:13.989+0000] {processor.py:179} INFO - Processing /opt/airflow/dags/predict_daily.py took 8.263 seconds
[2026-07-09T07:06:44.687+0000] {processor.py:157} INFO - Started process (PID=12075) to work on /opt/airflow/dags/predict_daily.py
[2026-07-09T07:06:44.688+0000] {processor.py:829} INFO - Processing file /opt/airflow/dags/predict_daily.py for tasks to queue
[2026-07-09T07:06:44.690+0000] {logging_mixin.py:151} INFO - [2026-07-09T07:06:44.689+0000] {dagbag.py:539} INFO - Filling up the DagBag from /opt/airflow/dags/predict_daily.py
[2026-07-09T07:06:47.553+0000] {processor.py:841} WARNING - No viable dags retrieved from /opt/airflow/dags/predict_daily.py
[2026-07-09T07:06:47.568+0000] {processor.py:179} INFO - Processing /opt/airflow/dags/predict_daily.py took 2.885 seconds
[2026-07-09T07:07:18.031+0000] {processor.py:157} INFO - Started process (PID=12113) to work on /opt/airflow/dags/predict_daily.py
[2026-07-09T07:07:18.033+0000] {processor.py:829} INFO - Processing file /opt/airflow/dags/predict_daily.py for tasks to queue
[2026-07-09T07:07:18.036+0000] {logging_mixin.py:151} INFO - [2026-07-09T07:07:18.035+0000] {dagbag.py:539} INFO - Filling up the DagBag from /opt/airflow/dags/predict_daily.py
[2026-07-09T07:07:21.867+0000] {processor.py:841} WARNING - No viable dags retrieved from /opt/airflow/dags/predict_daily.py
[2026-07-09T07:07:21.884+0000] {processor.py:179} INFO - Processing /opt/airflow/dags/predict_daily.py took 3.858 seconds
[2026-07-09T07:07:52.247+0000] {processor.py:157} INFO - Started process (PID=12147) to work on /opt/airflow/dags/predict_daily.py
[2026-07-09T07:07:52.249+0000] {processor.py:829} INFO - Processing file /opt/airflow/dags/predict_daily.py for tasks to queue
[2026-07-09T07:07:52.251+0000] {logging_mixin.py:151} INFO - [2026-07-09T07:07:52.250+0000] {dagbag.py:539} INFO - Filling up the DagBag from /opt/airflow/dags/predict_daily.py
[2026-07-09T07:07:55.390+0000] {processor.py:841} WARNING - No viable dags retrieved from /opt/airflow/dags/predict_daily.py
[2026-07-09T07:07:55.402+0000] {processor.py:179} INFO - Processing /opt/airflow/dags/predict_daily.py took 3.163 seconds
[2026-07-09T07:08:25.891+0000] {processor.py:157} INFO - Started process (PID=12187) to work on /opt/airflow/dags/predict_daily.py
[2026-07-09T07:08:25.894+0000] {processor.py:829} INFO - Processing file /opt/airflow/dags/predict_daily.py for tasks to queue
[2026-07-09T07:08:25.896+0000] {logging_mixin.py:151} INFO - [2026-07-09T07:08:25.895+0000] {dagbag.py:539} INFO - Filling up the DagBag from /opt/airflow/dags/predict_daily.py
[2026-07-09T07:08:28.534+0000] {processor.py:841} WARNING - No viable dags retrieved from /opt/airflow/dags/predict_daily.py
[2026-07-09T07:08:28.550+0000] {processor.py:179} INFO - Processing /opt/airflow/dags/predict_daily.py took 2.671 seconds
[2026-07-09T07:08:59.331+0000] {processor.py:157} INFO - Started process (PID=12219) to work on /opt/airflow/dags/predict_daily.py
[2026-07-09T07:08:59.334+0000] {processor.py:829} INFO - Processing file /opt/airflow/dags/predict_daily.py for tasks to queue
[2026-07-09T07:08:59.336+0000] {logging_mixin.py:151} INFO - [2026-07-09T07:08:59.336+0000] {dagbag.py:539} INFO - Filling up the DagBag from /opt/airflow/dags/predict_daily.py
[2026-07-09T07:09:01.959+0000] {processor.py:841} WARNING - No viable dags retrieved from /opt/airflow/dags/predict_daily.py
[2026-07-09T07:09:01.972+0000] {processor.py:179} INFO - Processing /opt/airflow/dags/predict_daily.py took 2.651 seconds
[2026-07-09T07:09:32.498+0000] {processor.py:157} INFO - Started process (PID=12252) to work on /opt/airflow/dags/predict_daily.py
[2026-07-09T07:09:32.500+0000] {processor.py:829} INFO - Processing file /opt/airflow/dags/predict_daily.py for tasks to queue
[2026-07-09T07:09:32.501+0000] {logging_mixin.py:151} INFO - [2026-07-09T07:09:32.501+0000] {dagbag.py:539} INFO - Filling up the DagBag from /opt/airflow/dags/predict_daily.py
[2026-07-09T07:09:36.159+0000] {processor.py:841} WARNING - No viable dags retrieved from /opt/airflow/dags/predict_daily.py
[2026-07-09T07:09:36.202+0000] {processor.py:179} INFO - Processing /opt/airflow/dags/predict_daily.py took 3.712 seconds
[2026-07-09T07:10:07.159+0000] {processor.py:157} INFO - Started process (PID=12285) to work on /opt/airflow/dags/predict_daily.py
[2026-07-09T07:10:07.161+0000] {processor.py:829} INFO - Processing file /opt/airflow/dags/predict_daily.py for tasks to queue
[2026-07-09T07:10:07.163+0000] {logging_mixin.py:151} INFO - [2026-07-09T07:10:07.162+0000] {dagbag.py:539} INFO - Filling up the DagBag from /opt/airflow/dags/predict_daily.py
[2026-07-09T07:10:13.017+0000] {processor.py:841} WARNING - No viable dags retrieved from /opt/airflow/dags/predict_daily.py
[2026-07-09T07:10:13.035+0000] {processor.py:179} INFO - Processing /opt/airflow/dags/predict_daily.py took 5.888 seconds
[2026-07-09T07:10:43.474+0000] {processor.py:157} INFO - Started process (PID=12318) to work on /opt/airflow/dags/predict_daily.py
[2026-07-09T07:10:43.477+0000] {processor.py:829} INFO - Processing file /opt/airflow/dags/predict_daily.py for tasks to queue
[2026-07-09T07:10:43.480+0000] {logging_mixin.py:151} INFO - [2026-07-09T07:10:43.479+0000] {dagbag.py:539} INFO - Filling up the DagBag from /opt/airflow/dags/predict_daily.py
[2026-07-09T07:10:48.315+0000] {processor.py:841} WARNING - No viable dags retrieved from /opt/airflow/dags/predict_daily.py
[2026-07-09T07:10:48.328+0000] {processor.py:179} INFO - Processing /opt/airflow/dags/predict_daily.py took 4.871 seconds
[2026-07-09T07:11:18.801+0000] {processor.py:157} INFO - Started process (PID=12354) to work on /opt/airflow/dags/predict_daily.py
[2026-07-09T07:11:18.802+0000] {processor.py:829} INFO - Processing file /opt/airflow/dags/predict_daily.py for tasks to queue
[2026-07-09T07:11:18.803+0000] {logging_mixin.py:151} INFO - [2026-07-09T07:11:18.803+0000] {dagbag.py:539} INFO - Filling up the DagBag from /opt/airflow/dags/predict_daily.py
[2026-07-09T07:11:21.194+0000] {processor.py:841} WARNING - No viable dags retrieved from /opt/airflow/dags/predict_daily.py
[2026-07-09T07:11:21.213+0000] {processor.py:179} INFO - Processing /opt/airflow/dags/predict_daily.py took 2.415 seconds
[2026-07-09T07:11:51.598+0000] {processor.py:157} INFO - Started process (PID=12390) to work on /opt/airflow/dags/predict_daily.py
[2026-07-09T07:11:51.599+0000] {processor.py:829} INFO - Processing file /opt/airflow/dags/predict_daily.py for tasks to queue
[2026-07-09T07:11:51.600+0000] {logging_mixin.py:151} INFO - [2026-07-09T07:11:51.599+0000] {dagbag.py:539} INFO - Filling up the DagBag from /opt/airflow/dags/predict_daily.py
[2026-07-09T07:11:54.207+0000] {processor.py:841} WARNING - No viable dags retrieved from /opt/airflow/dags/predict_daily.py
[2026-07-09T07:11:54.221+0000] {processor.py:179} INFO - Processing /opt/airflow/dags/predict_daily.py took 2.627 seconds
[2026-07-09T07:12:24.745+0000] {processor.py:157} INFO - Started process (PID=12423) to work on /opt/airflow/dags/predict_daily.py
[2026-07-09T07:12:24.746+0000] {processor.py:829} INFO - Processing file /opt/airflow/dags/predict_daily.py for tasks to queue
[2026-07-09T07:12:24.747+0000] {logging_mixin.py:151} INFO - [2026-07-09T07:12:24.747+0000] {dagbag.py:539} INFO - Filling up the DagBag from /opt/airflow/dags/predict_daily.py
[2026-07-09T07:12:27.218+0000] {processor.py:841} WARNING - No viable dags retrieved from /opt/airflow/dags/predict_daily.py
[2026-07-09T07:12:27.234+0000] {processor.py:179} INFO - Processing /opt/airflow/dags/predict_daily.py took 2.493 seconds
[2026-07-09T07:12:57.582+0000] {processor.py:157} INFO - Started process (PID=12462) to work on /opt/airflow/dags/predict_daily.py
[2026-07-09T07:12:57.584+0000] {processor.py:829} INFO - Processing file /opt/airflow/dags/predict_daily.py for tasks to queue
[2026-07-09T07:12:57.585+0000] {logging_mixin.py:151} INFO - [2026-07-09T07:12:57.585+0000] {dagbag.py:539} INFO - Filling up the DagBag from /opt/airflow/dags/predict_daily.py
[2026-07-09T07:13:00.572+0000] {processor.py:841} WARNING - No viable dags retrieved from /opt/airflow/dags/predict_daily.py
[2026-07-09T07:13:00.584+0000] {processor.py:179} INFO - Processing /opt/airflow/dags/predict_daily.py took 3.006 seconds
[2026-07-09T07:13:30.913+0000] {processor.py:157} INFO - Started process (PID=12495) to work on /opt/airflow/dags/predict_daily.py
[2026-07-09T07:13:30.915+0000] {processor.py:829} INFO - Processing file /opt/airflow/dags/predict_daily.py for tasks to queue
[2026-07-09T07:13:30.916+0000] {logging_mixin.py:151} INFO - [2026-07-09T07:13:30.916+0000] {dagbag.py:539} INFO - Filling up the DagBag from /opt/airflow/dags/predict_daily.py
[2026-07-09T07:13:33.870+0000] {processor.py:841} WARNING - No viable dags retrieved from /opt/airflow/dags/predict_daily.py
[2026-07-09T07:13:33.890+0000] {processor.py:179} INFO - Processing /opt/airflow/dags/predict_daily.py took 2.982 seconds
[2026-07-09T07:14:04.040+0000] {processor.py:157} INFO - Started process (PID=12528) to work on /opt/airflow/dags/predict_daily.py
[2026-07-09T07:14:04.041+0000] {processor.py:829} INFO - Processing file /opt/airflow/dags/predict_daily.py for tasks to queue
[2026-07-09T07:14:04.043+0000] {logging_mixin.py:151} INFO - [2026-07-09T07:14:04.042+0000] {dagbag.py:539} INFO - Filling up the DagBag from /opt/airflow/dags/predict_daily.py
[2026-07-09T07:14:06.671+0000] {processor.py:841} WARNING - No viable dags retrieved from /opt/airflow/dags/predict_daily.py
[2026-07-09T07:14:06.686+0000] {processor.py:179} INFO - Processing /opt/airflow/dags/predict_daily.py took 2.651 seconds
[2026-07-09T07:14:37.357+0000] {processor.py:157} INFO - Started process (PID=12561) to work on /opt/airflow/dags/predict_daily.py
[2026-07-09T07:14:37.358+0000] {processor.py:829} INFO - Processing file /opt/airflow/dags/predict_daily.py for tasks to queue
[2026-07-09T07:14:37.359+0000] {logging_mixin.py:151} INFO - [2026-07-09T07:14:37.359+0000] {dagbag.py:539} INFO - Filling up the DagBag from /opt/airflow/dags/predict_daily.py
[2026-07-09T07:14:40.011+0000] {processor.py:841} WARNING - No viable dags retrieved from /opt/airflow/dags/predict_daily.py
[2026-07-09T07:14:40.022+0000] {processor.py:179} INFO - Processing /opt/airflow/dags/predict_daily.py took 2.669 seconds
[2026-07-09T07:15:10.655+0000] {processor.py:157} INFO - Started process (PID=12595) to work on /opt/airflow/dags/predict_daily.py
[2026-07-09T07:15:10.656+0000] {processor.py:829} INFO - Processing file /opt/airflow/dags/predict_daily.py for tasks to queue
[2026-07-09T07:15:10.658+0000] {logging_mixin.py:151} INFO - [2026-07-09T07:15:10.657+0000] {dagbag.py:539} INFO - Filling up the DagBag from /opt/airflow/dags/predict_daily.py
[2026-07-09T07:15:13.427+0000] {processor.py:841} WARNING - No viable dags retrieved from /opt/airflow/dags/predict_daily.py
[2026-07-09T07:15:13.438+0000] {processor.py:179} INFO - Processing /opt/airflow/dags/predict_daily.py took 2.789 seconds
[2026-07-09T07:15:44.324+0000] {processor.py:157} INFO - Started process (PID=12628) to work on /opt/airflow/dags/predict_daily.py
[2026-07-09T07:15:44.325+0000] {processor.py:829} INFO - Processing file /opt/airflow/dags/predict_daily.py for tasks to queue
[2026-07-09T07:15:44.326+0000] {logging_mixin.py:151} INFO - [2026-07-09T07:15:44.326+0000] {dagbag.py:539} INFO - Filling up the DagBag from /opt/airflow/dags/predict_daily.py
[2026-07-09T07:15:47.181+0000] {processor.py:841} WARNING - No viable dags retrieved from /opt/airflow/dags/predict_daily.py
[2026-07-09T07:15:47.194+0000] {processor.py:179} INFO - Processing /opt/airflow/dags/predict_daily.py took 2.874 seconds
[2026-07-09T07:16:17.685+0000] {processor.py:157} INFO - Started process (PID=12660) to work on /opt/airflow/dags/predict_daily.py
[2026-07-09T07:16:17.689+0000] {processor.py:829} INFO - Processing file /opt/airflow/dags/predict_daily.py for tasks to queue
[2026-07-09T07:16:17.691+0000] {logging_mixin.py:151} INFO - [2026-07-09T07:16:17.691+0000] {dagbag.py:539} INFO - Filling up the DagBag from /opt/airflow/dags/predict_daily.py
[2026-07-09T07:16:20.420+0000] {processor.py:841} WARNING - No viable dags retrieved from /opt/airflow/dags/predict_daily.py
[2026-07-09T07:16:20.431+0000] {processor.py:179} INFO - Processing /opt/airflow/dags/predict_daily.py took 2.756 seconds
[2026-07-09T07:16:51.110+0000] {processor.py:157} INFO - Started process (PID=12694) to work on /opt/airflow/dags/predict_daily.py
[2026-07-09T07:16:51.112+0000] {processor.py:829} INFO - Processing file /opt/airflow/dags/predict_daily.py for tasks to queue
[2026-07-09T07:16:51.113+0000] {logging_mixin.py:151} INFO - [2026-07-09T07:16:51.113+0000] {dagbag.py:539} INFO - Filling up the DagBag from /opt/airflow/dags/predict_daily.py
[2026-07-09T07:16:54.152+0000] {processor.py:841} WARNING - No viable dags retrieved from /opt/airflow/dags/predict_daily.py
[2026-07-09T07:16:54.166+0000] {processor.py:179} INFO - Processing /opt/airflow/dags/predict_daily.py took 3.063 seconds
[2026-07-09T07:17:24.550+0000] {processor.py:157} INFO - Started process (PID=12727) to work on /opt/airflow/dags/predict_daily.py
[2026-07-09T07:17:24.552+0000] {processor.py:829} INFO - Processing file /opt/airflow/dags/predict_daily.py for tasks to queue
[2026-07-09T07:17:24.553+0000] {logging_mixin.py:151} INFO - [2026-07-09T07:17:24.553+0000] {dagbag.py:539} INFO - Filling up the DagBag from /opt/airflow/dags/predict_daily.py
[2026-07-09T07:17:27.418+0000] {processor.py:841} WARNING - No viable dags retrieved from /opt/airflow/dags/predict_daily.py
[2026-07-09T07:17:27.428+0000] {processor.py:179} INFO - Processing /opt/airflow/dags/predict_daily.py took 2.883 seconds
[2026-07-09T07:17:58.138+0000] {processor.py:157} INFO - Started process (PID=12772) to work on /opt/airflow/dags/predict_daily.py
[2026-07-09T07:17:58.141+0000] {processor.py:829} INFO - Processing file /opt/airflow/dags/predict_daily.py for tasks to queue
[2026-07-09T07:17:58.143+0000] {logging_mixin.py:151} INFO - [2026-07-09T07:17:58.142+0000] {dagbag.py:539} INFO - Filling up the DagBag from /opt/airflow/dags/predict_daily.py
[2026-07-09T07:18:00.810+0000] {processor.py:841} WARNING - No viable dags retrieved from /opt/airflow/dags/predict_daily.py
[2026-07-09T07:18:00.823+0000] {processor.py:179} INFO - Processing /opt/airflow/dags/predict_daily.py took 2.691 seconds
[2026-07-09T07:18:30.907+0000] {processor.py:157} INFO - Started process (PID=12805) to work on /opt/airflow/dags/predict_daily.py
[2026-07-09T07:18:30.908+0000] {processor.py:829} INFO - Processing file /opt/airflow/dags/predict_daily.py for tasks to queue
[2026-07-09T07:18:30.909+0000] {logging_mixin.py:151} INFO - [2026-07-09T07:18:30.909+0000] {dagbag.py:539} INFO - Filling up the DagBag from /opt/airflow/dags/predict_daily.py
[2026-07-09T07:18:34.211+0000] {processor.py:841} WARNING - No viable dags retrieved from /opt/airflow/dags/predict_daily.py
[2026-07-09T07:18:34.223+0000] {processor.py:179} INFO - Processing /opt/airflow/dags/predict_daily.py took 3.320 seconds
[2026-07-09T07:19:04.626+0000] {processor.py:157} INFO - Started process (PID=12838) to work on /opt/airflow/dags/predict_daily.py
[2026-07-09T07:19:04.628+0000] {processor.py:829} INFO - Processing file /opt/airflow/dags/predict_daily.py for tasks to queue
[2026-07-09T07:19:04.629+0000] {logging_mixin.py:151} INFO - [2026-07-09T07:19:04.628+0000] {dagbag.py:539} INFO - Filling up the DagBag from /opt/airflow/dags/predict_daily.py
[2026-07-09T07:19:07.093+0000] {processor.py:841} WARNING - No viable dags retrieved from /opt/airflow/dags/predict_daily.py
[2026-07-09T07:19:07.104+0000] {processor.py:179} INFO - Processing /opt/airflow/dags/predict_daily.py took 2.481 seconds
[2026-07-09T07:19:37.952+0000] {processor.py:157} INFO - Started process (PID=12871) to work on /opt/airflow/dags/predict_daily.py
[2026-07-09T07:19:37.959+0000] {processor.py:829} INFO - Processing file /opt/airflow/dags/predict_daily.py for tasks to queue
[2026-07-09T07:19:37.960+0000] {logging_mixin.py:151} INFO - [2026-07-09T07:19:37.960+0000] {dagbag.py:539} INFO - Filling up the DagBag from /opt/airflow/dags/predict_daily.py
[2026-07-09T07:19:40.376+0000] {processor.py:841} WARNING - No viable dags retrieved from /opt/airflow/dags/predict_daily.py
[2026-07-09T07:19:40.389+0000] {processor.py:179} INFO - Processing /opt/airflow/dags/predict_daily.py took 2.442 seconds
[2026-07-09T07:20:11.336+0000] {processor.py:157} INFO - Started process (PID=12904) to work on /opt/airflow/dags/predict_daily.py
[2026-07-09T07:20:11.338+0000] {processor.py:829} INFO - Processing file /opt/airflow/dags/predict_daily.py for tasks to queue
[2026-07-09T07:20:11.339+0000] {logging_mixin.py:151} INFO - [2026-07-09T07:20:11.339+0000] {dagbag.py:539} INFO - Filling up the DagBag from /opt/airflow/dags/predict_daily.py
[2026-07-09T07:20:13.791+0000] {processor.py:841} WARNING - No viable dags retrieved from /opt/airflow/dags/predict_daily.py
[2026-07-09T07:20:13.803+0000] {processor.py:179} INFO - Processing /opt/airflow/dags/predict_daily.py took 2.474 seconds
[2026-07-09T07:20:44.677+0000] {processor.py:157} INFO - Started process (PID=12937) to work on /opt/airflow/dags/predict_daily.py
[2026-07-09T07:20:44.679+0000] {processor.py:829} INFO - Processing file /opt/airflow/dags/predict_daily.py for tasks to queue
[2026-07-09T07:20:44.680+0000] {logging_mixin.py:151} INFO - [2026-07-09T07:20:44.680+0000] {dagbag.py:539} INFO - Filling up the DagBag from /opt/airflow/dags/predict_daily.py
[2026-07-09T07:20:47.406+0000] {processor.py:841} WARNING - No viable dags retrieved from /opt/airflow/dags/predict_daily.py
[2026-07-09T07:20:47.418+0000] {processor.py:179} INFO - Processing /opt/airflow/dags/predict_daily.py took 2.748 seconds
[2026-07-09T07:21:18.449+0000] {processor.py:157} INFO - Started process (PID=12970) to work on /opt/airflow/dags/predict_daily.py
[2026-07-09T07:21:18.451+0000] {processor.py:829} INFO - Processing file /opt/airflow/dags/predict_daily.py for tasks to queue
[2026-07-09T07:21:18.452+0000] {logging_mixin.py:151} INFO - [2026-07-09T07:21:18.452+0000] {dagbag.py:539} INFO - Filling up the DagBag from /opt/airflow/dags/predict_daily.py
[2026-07-09T07:21:21.096+0000] {processor.py:841} WARNING - No viable dags retrieved from /opt/airflow/dags/predict_daily.py
[2026-07-09T07:21:21.108+0000] {processor.py:179} INFO - Processing /opt/airflow/dags/predict_daily.py took 2.665 seconds
[2026-07-09T07:21:51.867+0000] {processor.py:157} INFO - Started process (PID=13003) to work on /opt/airflow/dags/predict_daily.py
[2026-07-09T07:21:51.870+0000] {processor.py:829} INFO - Processing file /opt/airflow/dags/predict_daily.py for tasks to queue
[2026-07-09T07:21:51.876+0000] {logging_mixin.py:151} INFO - [2026-07-09T07:21:51.874+0000] {dagbag.py:539} INFO - Filling up the DagBag from /opt/airflow/dags/predict_daily.py
[2026-07-09T07:21:55.839+0000] {processor.py:841} WARNING - No viable dags retrieved from /opt/airflow/dags/predict_daily.py
[2026-07-09T07:21:55.854+0000] {processor.py:179} INFO - Processing /opt/airflow/dags/predict_daily.py took 4.008 seconds
[2026-07-09T07:22:26.283+0000] {processor.py:157} INFO - Started process (PID=13036) to work on /opt/airflow/dags/predict_daily.py
[2026-07-09T07:22:26.285+0000] {processor.py:829} INFO - Processing file /opt/airflow/dags/predict_daily.py for tasks to queue
[2026-07-09T07:22:26.286+0000] {logging_mixin.py:151} INFO - [2026-07-09T07:22:26.285+0000] {dagbag.py:539} INFO - Filling up the DagBag from /opt/airflow/dags/predict_daily.py
[2026-07-09T07:22:29.462+0000] {processor.py:841} WARNING - No viable dags retrieved from /opt/airflow/dags/predict_daily.py
[2026-07-09T07:22:29.478+0000] {processor.py:179} INFO - Processing /opt/airflow/dags/predict_daily.py took 3.198 seconds
[2026-07-09T07:22:59.901+0000] {processor.py:157} INFO - Started process (PID=13078) to work on /opt/airflow/dags/predict_daily.py
[2026-07-09T07:22:59.929+0000] {processor.py:829} INFO - Processing file /opt/airflow/dags/predict_daily.py for tasks to queue
[2026-07-09T07:22:59.931+0000] {logging_mixin.py:151} INFO - [2026-07-09T07:22:59.931+0000] {dagbag.py:539} INFO - Filling up the DagBag from /opt/airflow/dags/predict_daily.py
[2026-07-09T07:23:02.284+0000] {processor.py:841} WARNING - No viable dags retrieved from /opt/airflow/dags/predict_daily.py
[2026-07-09T07:23:02.296+0000] {processor.py:179} INFO - Processing /opt/airflow/dags/predict_daily.py took 2.399 seconds
[2026-07-09T07:23:32.370+0000] {processor.py:157} INFO - Started process (PID=13109) to work on /opt/airflow/dags/predict_daily.py
[2026-07-09T07:23:32.371+0000] {processor.py:829} INFO - Processing file /opt/airflow/dags/predict_daily.py for tasks to queue
[2026-07-09T07:23:32.372+0000] {logging_mixin.py:151} INFO - [2026-07-09T07:23:32.372+0000] {dagbag.py:539} INFO - Filling up the DagBag from /opt/airflow/dags/predict_daily.py
[2026-07-09T07:23:34.862+0000] {processor.py:841} WARNING - No viable dags retrieved from /opt/airflow/dags/predict_daily.py
[2026-07-09T07:23:34.873+0000] {processor.py:179} INFO - Processing /opt/airflow/dags/predict_daily.py took 2.507 seconds
[2026-07-09T07:24:05.646+0000] {processor.py:157} INFO - Started process (PID=13147) to work on /opt/airflow/dags/predict_daily.py
[2026-07-09T07:24:05.648+0000] {processor.py:829} INFO - Processing file /opt/airflow/dags/predict_daily.py for tasks to queue
[2026-07-09T07:24:05.650+0000] {logging_mixin.py:151} INFO - [2026-07-09T07:24:05.649+0000] {dagbag.py:539} INFO - Filling up the DagBag from /opt/airflow/dags/predict_daily.py
[2026-07-09T07:24:08.269+0000] {processor.py:841} WARNING - No viable dags retrieved from /opt/airflow/dags/predict_daily.py
[2026-07-09T07:24:08.282+0000] {processor.py:179} INFO - Processing /opt/airflow/dags/predict_daily.py took 2.642 seconds
[2026-07-09T07:24:38.949+0000] {processor.py:157} INFO - Started process (PID=13180) to work on /opt/airflow/dags/predict_daily.py
[2026-07-09T07:24:38.951+0000] {processor.py:829} INFO - Processing file /opt/airflow/dags/predict_daily.py for tasks to queue
[2026-07-09T07:24:38.952+0000] {logging_mixin.py:151} INFO - [2026-07-09T07:24:38.952+0000] {dagbag.py:539} INFO - Filling up the DagBag from /opt/airflow/dags/predict_daily.py
[2026-07-09T07:24:41.344+0000] {processor.py:841} WARNING - No viable dags retrieved from /opt/airflow/dags/predict_daily.py
[2026-07-09T07:24:41.355+0000] {processor.py:179} INFO - Processing /opt/airflow/dags/predict_daily.py took 2.411 seconds
[2026-07-09T07:25:11.697+0000] {processor.py:157} INFO - Started process (PID=13212) to work on /opt/airflow/dags/predict_daily.py
[2026-07-09T07:25:11.698+0000] {processor.py:829} INFO - Processing file /opt/airflow/dags/predict_daily.py for tasks to queue
[2026-07-09T07:25:11.699+0000] {logging_mixin.py:151} INFO - [2026-07-09T07:25:11.699+0000] {dagbag.py:539} INFO - Filling up the DagBag from /opt/airflow/dags/predict_daily.py
[2026-07-09T07:25:14.110+0000] {processor.py:841} WARNING - No viable dags retrieved from /opt/airflow/dags/predict_daily.py
[2026-07-09T07:25:14.123+0000] {processor.py:179} INFO - Processing /opt/airflow/dags/predict_daily.py took 2.428 seconds
[2026-07-09T07:25:45.055+0000] {processor.py:157} INFO - Started process (PID=13245) to work on /opt/airflow/dags/predict_daily.py
[2026-07-09T07:25:45.056+0000] {processor.py:829} INFO - Processing file /opt/airflow/dags/predict_daily.py for tasks to queue
[2026-07-09T07:25:45.057+0000] {logging_mixin.py:151} INFO - [2026-07-09T07:25:45.057+0000] {dagbag.py:539} INFO - Filling up the DagBag from /opt/airflow/dags/predict_daily.py
[2026-07-09T07:25:47.744+0000] {processor.py:841} WARNING - No viable dags retrieved from /opt/airflow/dags/predict_daily.py
[2026-07-09T07:25:47.757+0000] {processor.py:179} INFO - Processing /opt/airflow/dags/predict_daily.py took 2.706 seconds
[2026-07-09T07:26:18.698+0000] {processor.py:157} INFO - Started process (PID=13278) to work on /opt/airflow/dags/predict_daily.py
[2026-07-09T07:26:18.699+0000] {processor.py:829} INFO - Processing file /opt/airflow/dags/predict_daily.py for tasks to queue
[2026-07-09T07:26:18.700+0000] {logging_mixin.py:151} INFO - [2026-07-09T07:26:18.700+0000] {dagbag.py:539} INFO - Filling up the DagBag from /opt/airflow/dags/predict_daily.py
[2026-07-09T07:26:21.426+0000] {processor.py:841} WARNING - No viable dags retrieved from /opt/airflow/dags/predict_daily.py
[2026-07-09T07:26:21.444+0000] {processor.py:179} INFO - Processing /opt/airflow/dags/predict_daily.py took 2.750 seconds
[2026-07-09T07:26:51.911+0000] {processor.py:157} INFO - Started process (PID=13311) to work on /opt/airflow/dags/predict_daily.py
[2026-07-09T07:26:51.913+0000] {processor.py:829} INFO - Processing file /opt/airflow/dags/predict_daily.py for tasks to queue
[2026-07-09T07:26:51.914+0000] {logging_mixin.py:151} INFO - [2026-07-09T07:26:51.913+0000] {dagbag.py:539} INFO - Filling up the DagBag from /opt/airflow/dags/predict_daily.py
[2026-07-09T07:26:54.949+0000] {processor.py:841} WARNING - No viable dags retrieved from /opt/airflow/dags/predict_daily.py
[2026-07-09T07:26:54.965+0000] {processor.py:179} INFO - Processing /opt/airflow/dags/predict_daily.py took 3.058 seconds
[2026-07-09T07:27:25.200+0000] {processor.py:157} INFO - Started process (PID=13344) to work on /opt/airflow/dags/predict_daily.py
[2026-07-09T07:27:25.202+0000] {processor.py:829} INFO - Processing file /opt/airflow/dags/predict_daily.py for tasks to queue
[2026-07-09T07:27:25.203+0000] {logging_mixin.py:151} INFO - [2026-07-09T07:27:25.202+0000] {dagbag.py:539} INFO - Filling up the DagBag from /opt/airflow/dags/predict_daily.py
[2026-07-09T07:27:28.187+0000] {processor.py:841} WARNING - No viable dags retrieved from /opt/airflow/dags/predict_daily.py
[2026-07-09T07:27:28.203+0000] {processor.py:179} INFO - Processing /opt/airflow/dags/predict_daily.py took 3.006 seconds
[2026-07-09T07:27:58.336+0000] {processor.py:157} INFO - Started process (PID=13383) to work on /opt/airflow/dags/predict_daily.py
[2026-07-09T07:27:58.338+0000] {processor.py:829} INFO - Processing file /opt/airflow/dags/predict_daily.py for tasks to queue
[2026-07-09T07:27:58.339+0000] {logging_mixin.py:151} INFO - [2026-07-09T07:27:58.339+0000] {dagbag.py:539} INFO - Filling up the DagBag from /opt/airflow/dags/predict_daily.py
[2026-07-09T07:28:00.732+0000] {processor.py:841} WARNING - No viable dags retrieved from /opt/airflow/dags/predict_daily.py
[2026-07-09T07:28:00.744+0000] {processor.py:179} INFO - Processing /opt/airflow/dags/predict_daily.py took 2.413 seconds
[2026-07-09T07:28:31.056+0000] {processor.py:157} INFO - Started process (PID=13417) to work on /opt/airflow/dags/predict_daily.py
[2026-07-09T07:28:31.057+0000] {processor.py:829} INFO - Processing file /opt/airflow/dags/predict_daily.py for tasks to queue
[2026-07-09T07:28:31.058+0000] {logging_mixin.py:151} INFO - [2026-07-09T07:28:31.057+0000] {dagbag.py:539} INFO - Filling up the DagBag from /opt/airflow/dags/predict_daily.py
[2026-07-09T07:28:33.898+0000] {processor.py:841} WARNING - No viable dags retrieved from /opt/airflow/dags/predict_daily.py
[2026-07-09T07:28:33.926+0000] {processor.py:179} INFO - Processing /opt/airflow/dags/predict_daily.py took 2.874 seconds
[2026-07-09T07:29:04.358+0000] {processor.py:157} INFO - Started process (PID=13449) to work on /opt/airflow/dags/predict_daily.py
[2026-07-09T07:29:04.359+0000] {processor.py:829} INFO - Processing file /opt/airflow/dags/predict_daily.py for tasks to queue
[2026-07-09T07:29:04.361+0000] {logging_mixin.py:151} INFO - [2026-07-09T07:29:04.360+0000] {dagbag.py:539} INFO - Filling up the DagBag from /opt/airflow/dags/predict_daily.py
[2026-07-09T07:29:07.344+0000] {processor.py:841} WARNING - No viable dags retrieved from /opt/airflow/dags/predict_daily.py
[2026-07-09T07:29:07.355+0000] {processor.py:179} INFO - Processing /opt/airflow/dags/predict_daily.py took 3.001 seconds
[2026-07-09T07:29:37.786+0000] {processor.py:157} INFO - Started process (PID=13482) to work on /opt/airflow/dags/predict_daily.py
[2026-07-09T07:29:37.788+0000] {processor.py:829} INFO - Processing file /opt/airflow/dags/predict_daily.py for tasks to queue
[2026-07-09T07:29:37.789+0000] {logging_mixin.py:151} INFO - [2026-07-09T07:29:37.789+0000] {dagbag.py:539} INFO - Filling up the DagBag from /opt/airflow/dags/predict_daily.py
[2026-07-09T07:29:40.231+0000] {processor.py:841} WARNING - No viable dags retrieved from /opt/airflow/dags/predict_daily.py
[2026-07-09T07:29:40.251+0000] {processor.py:179} INFO - Processing /opt/airflow/dags/predict_daily.py took 2.470 seconds
[2026-07-09T07:30:10.884+0000] {processor.py:157} INFO - Started process (PID=13520) to work on /opt/airflow/dags/predict_daily.py
[2026-07-09T07:30:10.886+0000] {processor.py:829} INFO - Processing file /opt/airflow/dags/predict_daily.py for tasks to queue
[2026-07-09T07:30:10.888+0000] {logging_mixin.py:151} INFO - [2026-07-09T07:30:10.887+0000] {dagbag.py:539} INFO - Filling up the DagBag from /opt/airflow/dags/predict_daily.py
[2026-07-09T07:30:13.432+0000] {processor.py:841} WARNING - No viable dags retrieved from /opt/airflow/dags/predict_daily.py
[2026-07-09T07:30:13.442+0000] {processor.py:179} INFO - Processing /opt/airflow/dags/predict_daily.py took 2.562 seconds
[2026-07-09T07:30:44.304+0000] {processor.py:157} INFO - Started process (PID=13553) to work on /opt/airflow/dags/predict_daily.py
[2026-07-09T07:30:44.306+0000] {processor.py:829} INFO - Processing file /opt/airflow/dags/predict_daily.py for tasks to queue
[2026-07-09T07:30:44.307+0000] {logging_mixin.py:151} INFO - [2026-07-09T07:30:44.307+0000] {dagbag.py:539} INFO - Filling up the DagBag from /opt/airflow/dags/predict_daily.py
[2026-07-09T07:30:47.245+0000] {processor.py:841} WARNING - No viable dags retrieved from /opt/airflow/dags/predict_daily.py
[2026-07-09T07:30:47.257+0000] {processor.py:179} INFO - Processing /opt/airflow/dags/predict_daily.py took 2.957 seconds
[2026-07-09T07:31:17.729+0000] {processor.py:157} INFO - Started process (PID=13586) to work on /opt/airflow/dags/predict_daily.py
[2026-07-09T07:31:17.730+0000] {processor.py:829} INFO - Processing file /opt/airflow/dags/predict_daily.py for tasks to queue
[2026-07-09T07:31:17.731+0000] {logging_mixin.py:151} INFO - [2026-07-09T07:31:17.731+0000] {dagbag.py:539} INFO - Filling up the DagBag from /opt/airflow/dags/predict_daily.py
[2026-07-09T07:31:20.298+0000] {processor.py:841} WARNING - No viable dags retrieved from /opt/airflow/dags/predict_daily.py
[2026-07-09T07:31:20.313+0000] {processor.py:179} INFO - Processing /opt/airflow/dags/predict_daily.py took 2.589 seconds
[2026-07-09T07:31:51.093+0000] {processor.py:157} INFO - Started process (PID=13620) to work on /opt/airflow/dags/predict_daily.py
[2026-07-09T07:31:51.094+0000] {processor.py:829} INFO - Processing file /opt/airflow/dags/predict_daily.py for tasks to queue
[2026-07-09T07:31:51.095+0000] {logging_mixin.py:151} INFO - [2026-07-09T07:31:51.095+0000] {dagbag.py:539} INFO - Filling up the DagBag from /opt/airflow/dags/predict_daily.py
[2026-07-09T07:31:53.602+0000] {processor.py:841} WARNING - No viable dags retrieved from /opt/airflow/dags/predict_daily.py
[2026-07-09T07:31:53.614+0000] {processor.py:179} INFO - Processing /opt/airflow/dags/predict_daily.py took 2.526 seconds
[2026-07-09T07:32:24.458+0000] {processor.py:157} INFO - Started process (PID=13652) to work on /opt/airflow/dags/predict_daily.py
[2026-07-09T07:32:24.459+0000] {processor.py:829} INFO - Processing file /opt/airflow/dags/predict_daily.py for tasks to queue
[2026-07-09T07:32:24.460+0000] {logging_mixin.py:151} INFO - [2026-07-09T07:32:24.460+0000] {dagbag.py:539} INFO - Filling up the DagBag from /opt/airflow/dags/predict_daily.py
[2026-07-09T07:32:26.995+0000] {processor.py:841} WARNING - No viable dags retrieved from /opt/airflow/dags/predict_daily.py
[2026-07-09T07:32:27.007+0000] {processor.py:179} INFO - Processing /opt/airflow/dags/predict_daily.py took 2.560 seconds
[2026-07-09T07:32:57.837+0000] {processor.py:157} INFO - Started process (PID=13685) to work on /opt/airflow/dags/predict_daily.py
[2026-07-09T07:32:57.839+0000] {processor.py:829} INFO - Processing file /opt/airflow/dags/predict_daily.py for tasks to queue
[2026-07-09T07:32:57.841+0000] {logging_mixin.py:151} INFO - [2026-07-09T07:32:57.840+0000] {dagbag.py:539} INFO - Filling up the DagBag from /opt/airflow/dags/predict_daily.py
[2026-07-09T07:33:00.466+0000] {processor.py:841} WARNING - No viable dags retrieved from /opt/airflow/dags/predict_daily.py
[2026-07-09T07:33:00.479+0000] {processor.py:179} INFO - Processing /opt/airflow/dags/predict_daily.py took 2.648 seconds
[2026-07-09T07:33:31.201+0000] {processor.py:157} INFO - Started process (PID=13725) to work on /opt/airflow/dags/predict_daily.py
[2026-07-09T07:33:31.202+0000] {processor.py:829} INFO - Processing file /opt/airflow/dags/predict_daily.py for tasks to queue
[2026-07-09T07:33:31.203+0000] {logging_mixin.py:151} INFO - [2026-07-09T07:33:31.203+0000] {dagbag.py:539} INFO - Filling up the DagBag from /opt/airflow/dags/predict_daily.py
[2026-07-09T07:33:33.917+0000] {processor.py:841} WARNING - No viable dags retrieved from /opt/airflow/dags/predict_daily.py
[2026-07-09T07:33:33.928+0000] {processor.py:179} INFO - Processing /opt/airflow/dags/predict_daily.py took 2.731 seconds
[2026-07-09T07:34:04.480+0000] {processor.py:157} INFO - Started process (PID=13759) to work on /opt/airflow/dags/predict_daily.py
[2026-07-09T07:34:04.482+0000] {processor.py:829} INFO - Processing file /opt/airflow/dags/predict_daily.py for tasks to queue
[2026-07-09T07:34:04.483+0000] {logging_mixin.py:151} INFO - [2026-07-09T07:34:04.483+0000] {dagbag.py:539} INFO - Filling up the DagBag from /opt/airflow/dags/predict_daily.py
[2026-07-09T07:34:07.159+0000] {processor.py:841} WARNING - No viable dags retrieved from /opt/airflow/dags/predict_daily.py
[2026-07-09T07:34:07.172+0000] {processor.py:179} INFO - Processing /opt/airflow/dags/predict_daily.py took 2.697 seconds
[2026-07-09T07:34:38.100+0000] {processor.py:157} INFO - Started process (PID=13791) to work on /opt/airflow/dags/predict_daily.py
[2026-07-09T07:34:38.101+0000] {processor.py:829} INFO - Processing file /opt/airflow/dags/predict_daily.py for tasks to queue
[2026-07-09T07:34:38.102+0000] {logging_mixin.py:151} INFO - [2026-07-09T07:34:38.102+0000] {dagbag.py:539} INFO - Filling up the DagBag from /opt/airflow/dags/predict_daily.py
[2026-07-09T07:34:40.867+0000] {processor.py:841} WARNING - No viable dags retrieved from /opt/airflow/dags/predict_daily.py
[2026-07-09T07:34:40.879+0000] {processor.py:179} INFO - Processing /opt/airflow/dags/predict_daily.py took 2.784 seconds
[2026-07-09T07:35:11.445+0000] {processor.py:157} INFO - Started process (PID=13826) to work on /opt/airflow/dags/predict_daily.py
[2026-07-09T07:35:11.447+0000] {processor.py:829} INFO - Processing file /opt/airflow/dags/predict_daily.py for tasks to queue
[2026-07-09T07:35:11.448+0000] {logging_mixin.py:151} INFO - [2026-07-09T07:35:11.448+0000] {dagbag.py:539} INFO - Filling up the DagBag from /opt/airflow/dags/predict_daily.py
[2026-07-09T07:35:14.211+0000] {processor.py:841} WARNING - No viable dags retrieved from /opt/airflow/dags/predict_daily.py
[2026-07-09T07:35:14.224+0000] {processor.py:179} INFO - Processing /opt/airflow/dags/predict_daily.py took 2.786 seconds
[2026-07-09T07:35:44.559+0000] {processor.py:157} INFO - Started process (PID=13858) to work on /opt/airflow/dags/predict_daily.py
[2026-07-09T07:35:44.560+0000] {processor.py:829} INFO - Processing file /opt/airflow/dags/predict_daily.py for tasks to queue
[2026-07-09T07:35:44.561+0000] {logging_mixin.py:151} INFO - [2026-07-09T07:35:44.560+0000] {dagbag.py:539} INFO - Filling up the DagBag from /opt/airflow/dags/predict_daily.py
[2026-07-09T07:35:47.190+0000] {processor.py:841} WARNING - No viable dags retrieved from /opt/airflow/dags/predict_daily.py
[2026-07-09T07:35:47.201+0000] {processor.py:179} INFO - Processing /opt/airflow/dags/predict_daily.py took 2.646 seconds
[2026-07-09T07:36:17.647+0000] {processor.py:157} INFO - Started process (PID=13896) to work on /opt/airflow/dags/predict_daily.py
[2026-07-09T07:36:17.650+0000] {processor.py:829} INFO - Processing file /opt/airflow/dags/predict_daily.py for tasks to queue
[2026-07-09T07:36:17.651+0000] {logging_mixin.py:151} INFO - [2026-07-09T07:36:17.651+0000] {dagbag.py:539} INFO - Filling up the DagBag from /opt/airflow/dags/predict_daily.py
[2026-07-09T07:36:20.332+0000] {processor.py:841} WARNING - No viable dags retrieved from /opt/airflow/dags/predict_daily.py
[2026-07-09T07:36:20.351+0000] {processor.py:179} INFO - Processing /opt/airflow/dags/predict_daily.py took 2.710 seconds
[2026-07-09T07:36:51.333+0000] {processor.py:157} INFO - Started process (PID=13930) to work on /opt/airflow/dags/predict_daily.py
[2026-07-09T07:36:51.335+0000] {processor.py:829} INFO - Processing file /opt/airflow/dags/predict_daily.py for tasks to queue
[2026-07-09T07:36:51.336+0000] {logging_mixin.py:151} INFO - [2026-07-09T07:36:51.336+0000] {dagbag.py:539} INFO - Filling up the DagBag from /opt/airflow/dags/predict_daily.py
[2026-07-09T07:36:53.929+0000] {processor.py:841} WARNING - No viable dags retrieved from /opt/airflow/dags/predict_daily.py
[2026-07-09T07:36:53.942+0000] {processor.py:179} INFO - Processing /opt/airflow/dags/predict_daily.py took 2.613 seconds
[2026-07-09T07:37:24.780+0000] {processor.py:157} INFO - Started process (PID=13963) to work on /opt/airflow/dags/predict_daily.py
[2026-07-09T07:37:24.782+0000] {processor.py:829} INFO - Processing file /opt/airflow/dags/predict_daily.py for tasks to queue
[2026-07-09T07:37:24.783+0000] {logging_mixin.py:151} INFO - [2026-07-09T07:37:24.783+0000] {dagbag.py:539} INFO - Filling up the DagBag from /opt/airflow/dags/predict_daily.py
[2026-07-09T07:37:27.714+0000] {processor.py:841} WARNING - No viable dags retrieved from /opt/airflow/dags/predict_daily.py
[2026-07-09T07:37:27.733+0000] {processor.py:179} INFO - Processing /opt/airflow/dags/predict_daily.py took 2.958 seconds
[2026-07-09T07:37:58.095+0000] {processor.py:157} INFO - Started process (PID=13995) to work on /opt/airflow/dags/predict_daily.py
[2026-07-09T07:37:58.098+0000] {processor.py:829} INFO - Processing file /opt/airflow/dags/predict_daily.py for tasks to queue
[2026-07-09T07:37:58.100+0000] {logging_mixin.py:151} INFO - [2026-07-09T07:37:58.100+0000] {dagbag.py:539} INFO - Filling up the DagBag from /opt/airflow/dags/predict_daily.py
[2026-07-09T07:38:00.539+0000] {processor.py:841} WARNING - No viable dags retrieved from /opt/airflow/dags/predict_daily.py
[2026-07-09T07:38:00.556+0000] {processor.py:179} INFO - Processing /opt/airflow/dags/predict_daily.py took 2.469 seconds
[2026-07-09T07:38:31.382+0000] {processor.py:157} INFO - Started process (PID=14036) to work on /opt/airflow/dags/predict_daily.py
[2026-07-09T07:38:31.385+0000] {processor.py:829} INFO - Processing file /opt/airflow/dags/predict_daily.py for tasks to queue
[2026-07-09T07:38:31.387+0000] {logging_mixin.py:151} INFO - [2026-07-09T07:38:31.387+0000] {dagbag.py:539} INFO - Filling up the DagBag from /opt/airflow/dags/predict_daily.py
[2026-07-09T07:38:33.691+0000] {processor.py:841} WARNING - No viable dags retrieved from /opt/airflow/dags/predict_daily.py
[2026-07-09T07:38:33.701+0000] {processor.py:179} INFO - Processing /opt/airflow/dags/predict_daily.py took 2.324 seconds
[2026-07-09T07:39:04.529+0000] {processor.py:157} INFO - Started process (PID=14069) to work on /opt/airflow/dags/predict_daily.py
[2026-07-09T07:39:04.531+0000] {processor.py:829} INFO - Processing file /opt/airflow/dags/predict_daily.py for tasks to queue
[2026-07-09T07:39:04.532+0000] {logging_mixin.py:151} INFO - [2026-07-09T07:39:04.532+0000] {dagbag.py:539} INFO - Filling up the DagBag from /opt/airflow/dags/predict_daily.py
[2026-07-09T07:39:07.495+0000] {processor.py:841} WARNING - No viable dags retrieved from /opt/airflow/dags/predict_daily.py
[2026-07-09T07:39:07.505+0000] {processor.py:179} INFO - Processing /opt/airflow/dags/predict_daily.py took 2.981 seconds
[2026-07-09T07:39:37.815+0000] {processor.py:157} INFO - Started process (PID=14102) to work on /opt/airflow/dags/predict_daily.py
[2026-07-09T07:39:37.816+0000] {processor.py:829} INFO - Processing file /opt/airflow/dags/predict_daily.py for tasks to queue
[2026-07-09T07:39:37.817+0000] {logging_mixin.py:151} INFO - [2026-07-09T07:39:37.817+0000] {dagbag.py:539} INFO - Filling up the DagBag from /opt/airflow/dags/predict_daily.py
[2026-07-09T07:39:40.273+0000] {processor.py:841} WARNING - No viable dags retrieved from /opt/airflow/dags/predict_daily.py
[2026-07-09T07:39:40.287+0000] {processor.py:179} INFO - Processing /opt/airflow/dags/predict_daily.py took 2.477 seconds
[2026-07-09T07:40:10.981+0000] {processor.py:157} INFO - Started process (PID=14135) to work on /opt/airflow/dags/predict_daily.py
[2026-07-09T07:40:10.982+0000] {processor.py:829} INFO - Processing file /opt/airflow/dags/predict_daily.py for tasks to queue
[2026-07-09T07:40:10.983+0000] {logging_mixin.py:151} INFO - [2026-07-09T07:40:10.983+0000] {dagbag.py:539} INFO - Filling up the DagBag from /opt/airflow/dags/predict_daily.py
[2026-07-09T07:40:13.651+0000] {processor.py:841} WARNING - No viable dags retrieved from /opt/airflow/dags/predict_daily.py
[2026-07-09T07:40:13.666+0000] {processor.py:179} INFO - Processing /opt/airflow/dags/predict_daily.py took 2.689 seconds
[2026-07-09T07:40:44.020+0000] {processor.py:157} INFO - Started process (PID=14167) to work on /opt/airflow/dags/predict_daily.py
[2026-07-09T07:40:44.022+0000] {processor.py:829} INFO - Processing file /opt/airflow/dags/predict_daily.py for tasks to queue
[2026-07-09T07:40:44.023+0000] {logging_mixin.py:151} INFO - [2026-07-09T07:40:44.023+0000] {dagbag.py:539} INFO - Filling up the DagBag from /opt/airflow/dags/predict_daily.py
[2026-07-09T07:40:46.754+0000] {processor.py:841} WARNING - No viable dags retrieved from /opt/airflow/dags/predict_daily.py
[2026-07-09T07:40:46.765+0000] {processor.py:179} INFO - Processing /opt/airflow/dags/predict_daily.py took 2.750 seconds
[2026-07-09T07:41:17.476+0000] {processor.py:157} INFO - Started process (PID=14201) to work on /opt/airflow/dags/predict_daily.py
[2026-07-09T07:41:17.477+0000] {processor.py:829} INFO - Processing file /opt/airflow/dags/predict_daily.py for tasks to queue
[2026-07-09T07:41:17.478+0000] {logging_mixin.py:151} INFO - [2026-07-09T07:41:17.478+0000] {dagbag.py:539} INFO - Filling up the DagBag from /opt/airflow/dags/predict_daily.py
[2026-07-09T07:41:19.985+0000] {processor.py:841} WARNING - No viable dags retrieved from /opt/airflow/dags/predict_daily.py
[2026-07-09T07:41:19.998+0000] {processor.py:179} INFO - Processing /opt/airflow/dags/predict_daily.py took 2.527 seconds
[2026-07-09T07:41:50.467+0000] {processor.py:157} INFO - Started process (PID=14233) to work on /opt/airflow/dags/predict_daily.py
[2026-07-09T07:41:50.468+0000] {processor.py:829} INFO - Processing file /opt/airflow/dags/predict_daily.py for tasks to queue
[2026-07-09T07:41:50.469+0000] {logging_mixin.py:151} INFO - [2026-07-09T07:41:50.469+0000] {dagbag.py:539} INFO - Filling up the DagBag from /opt/airflow/dags/predict_daily.py
[2026-07-09T07:41:53.168+0000] {processor.py:841} WARNING - No viable dags retrieved from /opt/airflow/dags/predict_daily.py
[2026-07-09T07:41:53.179+0000] {processor.py:179} INFO - Processing /opt/airflow/dags/predict_daily.py took 2.717 seconds
[2026-07-09T07:42:23.651+0000] {processor.py:157} INFO - Started process (PID=14272) to work on /opt/airflow/dags/predict_daily.py
[2026-07-09T07:42:23.653+0000] {processor.py:829} INFO - Processing file /opt/airflow/dags/predict_daily.py for tasks to queue
[2026-07-09T07:42:23.654+0000] {logging_mixin.py:151} INFO - [2026-07-09T07:42:23.654+0000] {dagbag.py:539} INFO - Filling up the DagBag from /opt/airflow/dags/predict_daily.py
[2026-07-09T07:42:26.306+0000] {processor.py:841} WARNING - No viable dags retrieved from /opt/airflow/dags/predict_daily.py
[2026-07-09T07:42:26.319+0000] {processor.py:179} INFO - Processing /opt/airflow/dags/predict_daily.py took 2.675 seconds
[2026-07-09T07:42:57.049+0000] {processor.py:157} INFO - Started process (PID=14304) to work on /opt/airflow/dags/predict_daily.py
[2026-07-09T07:42:57.053+0000] {processor.py:829} INFO - Processing file /opt/airflow/dags/predict_daily.py for tasks to queue
[2026-07-09T07:42:57.055+0000] {logging_mixin.py:151} INFO - [2026-07-09T07:42:57.054+0000] {dagbag.py:539} INFO - Filling up the DagBag from /opt/airflow/dags/predict_daily.py
[2026-07-09T07:43:04.315+0000] {processor.py:841} WARNING - No viable dags retrieved from /opt/airflow/dags/predict_daily.py
[2026-07-09T07:43:04.337+0000] {processor.py:179} INFO - Processing /opt/airflow/dags/predict_daily.py took 7.304 seconds
[2026-07-09T07:43:34.606+0000] {processor.py:157} INFO - Started process (PID=14344) to work on /opt/airflow/dags/predict_daily.py
[2026-07-09T07:43:34.618+0000] {processor.py:829} INFO - Processing file /opt/airflow/dags/predict_daily.py for tasks to queue
[2026-07-09T07:43:34.620+0000] {logging_mixin.py:151} INFO - [2026-07-09T07:43:34.620+0000] {dagbag.py:539} INFO - Filling up the DagBag from /opt/airflow/dags/predict_daily.py
[2026-07-09T07:43:46.727+0000] {processor.py:841} WARNING - No viable dags retrieved from /opt/airflow/dags/predict_daily.py
[2026-07-09T07:43:46.748+0000] {processor.py:179} INFO - Processing /opt/airflow/dags/predict_daily.py took 12.186 seconds
[2026-07-09T07:44:17.768+0000] {processor.py:157} INFO - Started process (PID=14374) to work on /opt/airflow/dags/predict_daily.py
[2026-07-09T07:44:17.770+0000] {processor.py:829} INFO - Processing file /opt/airflow/dags/predict_daily.py for tasks to queue
[2026-07-09T07:44:17.773+0000] {logging_mixin.py:151} INFO - [2026-07-09T07:44:17.772+0000] {dagbag.py:539} INFO - Filling up the DagBag from /opt/airflow/dags/predict_daily.py
[2026-07-09T07:44:24.550+0000] {processor.py:841} WARNING - No viable dags retrieved from /opt/airflow/dags/predict_daily.py
[2026-07-09T07:44:24.592+0000] {processor.py:179} INFO - Processing /opt/airflow/dags/predict_daily.py took 6.833 seconds
[2026-07-09T07:44:54.878+0000] {processor.py:157} INFO - Started process (PID=14408) to work on /opt/airflow/dags/predict_daily.py
[2026-07-09T07:44:54.880+0000] {processor.py:829} INFO - Processing file /opt/airflow/dags/predict_daily.py for tasks to queue
[2026-07-09T07:44:54.881+0000] {logging_mixin.py:151} INFO - [2026-07-09T07:44:54.881+0000] {dagbag.py:539} INFO - Filling up the DagBag from /opt/airflow/dags/predict_daily.py
[2026-07-09T07:45:01.147+0000] {processor.py:841} WARNING - No viable dags retrieved from /opt/airflow/dags/predict_daily.py
[2026-07-09T07:45:01.203+0000] {processor.py:179} INFO - Processing /opt/airflow/dags/predict_daily.py took 6.332 seconds
[2026-07-09T07:45:32.038+0000] {processor.py:157} INFO - Started process (PID=14441) to work on /opt/airflow/dags/predict_daily.py
[2026-07-09T07:45:32.041+0000] {processor.py:829} INFO - Processing file /opt/airflow/dags/predict_daily.py for tasks to queue
[2026-07-09T07:45:32.043+0000] {logging_mixin.py:151} INFO - [2026-07-09T07:45:32.042+0000] {dagbag.py:539} INFO - Filling up the DagBag from /opt/airflow/dags/predict_daily.py
[2026-07-09T07:45:38.705+0000] {processor.py:841} WARNING - No viable dags retrieved from /opt/airflow/dags/predict_daily.py
[2026-07-09T07:45:38.753+0000] {processor.py:179} INFO - Processing /opt/airflow/dags/predict_daily.py took 6.726 seconds
[2026-07-09T07:46:09.182+0000] {processor.py:157} INFO - Started process (PID=14486) to work on /opt/airflow/dags/predict_daily.py
[2026-07-09T07:46:09.184+0000] {processor.py:829} INFO - Processing file /opt/airflow/dags/predict_daily.py for tasks to queue
[2026-07-09T07:46:09.186+0000] {logging_mixin.py:151} INFO - [2026-07-09T07:46:09.185+0000] {dagbag.py:539} INFO - Filling up the DagBag from /opt/airflow/dags/predict_daily.py
[2026-07-09T07:46:15.634+0000] {processor.py:841} WARNING - No viable dags retrieved from /opt/airflow/dags/predict_daily.py
[2026-07-09T07:46:15.663+0000] {processor.py:179} INFO - Processing /opt/airflow/dags/predict_daily.py took 6.489 seconds
[2026-07-09T07:46:46.646+0000] {processor.py:157} INFO - Started process (PID=14518) to work on /opt/airflow/dags/predict_daily.py
[2026-07-09T07:46:46.649+0000] {processor.py:829} INFO - Processing file /opt/airflow/dags/predict_daily.py for tasks to queue
[2026-07-09T07:46:46.651+0000] {logging_mixin.py:151} INFO - [2026-07-09T07:46:46.650+0000] {dagbag.py:539} INFO - Filling up the DagBag from /opt/airflow/dags/predict_daily.py
[2026-07-09T07:46:52.118+0000] {processor.py:841} WARNING - No viable dags retrieved from /opt/airflow/dags/predict_daily.py
[2026-07-09T07:46:52.149+0000] {processor.py:179} INFO - Processing /opt/airflow/dags/predict_daily.py took 5.509 seconds
[2026-07-09T07:47:22.432+0000] {processor.py:157} INFO - Started process (PID=14551) to work on /opt/airflow/dags/predict_daily.py
[2026-07-09T07:47:22.437+0000] {processor.py:829} INFO - Processing file /opt/airflow/dags/predict_daily.py for tasks to queue
[2026-07-09T07:47:22.441+0000] {logging_mixin.py:151} INFO - [2026-07-09T07:47:22.440+0000] {dagbag.py:539} INFO - Filling up the DagBag from /opt/airflow/dags/predict_daily.py
[2026-07-09T07:47:28.451+0000] {processor.py:841} WARNING - No viable dags retrieved from /opt/airflow/dags/predict_daily.py
[2026-07-09T07:47:28.479+0000] {processor.py:179} INFO - Processing /opt/airflow/dags/predict_daily.py took 6.055 seconds
[2026-07-09T07:47:59.159+0000] {processor.py:157} INFO - Started process (PID=14584) to work on /opt/airflow/dags/predict_daily.py
[2026-07-09T07:47:59.161+0000] {processor.py:829} INFO - Processing file /opt/airflow/dags/predict_daily.py for tasks to queue
[2026-07-09T07:47:59.163+0000] {logging_mixin.py:151} INFO - [2026-07-09T07:47:59.163+0000] {dagbag.py:539} INFO - Filling up the DagBag from /opt/airflow/dags/predict_daily.py
[2026-07-09T07:48:05.210+0000] {processor.py:841} WARNING - No viable dags retrieved from /opt/airflow/dags/predict_daily.py
[2026-07-09T07:48:05.245+0000] {processor.py:179} INFO - Processing /opt/airflow/dags/predict_daily.py took 6.091 seconds
[2026-07-09T07:48:36.031+0000] {processor.py:157} INFO - Started process (PID=14624) to work on /opt/airflow/dags/predict_daily.py
[2026-07-09T07:48:36.036+0000] {processor.py:829} INFO - Processing file /opt/airflow/dags/predict_daily.py for tasks to queue
[2026-07-09T07:48:36.039+0000] {logging_mixin.py:151} INFO - [2026-07-09T07:48:36.038+0000] {dagbag.py:539} INFO - Filling up the DagBag from /opt/airflow/dags/predict_daily.py
[2026-07-09T07:48:44.400+0000] {processor.py:841} WARNING - No viable dags retrieved from /opt/airflow/dags/predict_daily.py
[2026-07-09T07:48:44.491+0000] {processor.py:179} INFO - Processing /opt/airflow/dags/predict_daily.py took 8.469 seconds
[2026-07-09T07:49:14.728+0000] {processor.py:157} INFO - Started process (PID=14662) to work on /opt/airflow/dags/predict_daily.py
[2026-07-09T07:49:14.729+0000] {processor.py:829} INFO - Processing file /opt/airflow/dags/predict_daily.py for tasks to queue
[2026-07-09T07:49:14.730+0000] {logging_mixin.py:151} INFO - [2026-07-09T07:49:14.730+0000] {dagbag.py:539} INFO - Filling up the DagBag from /opt/airflow/dags/predict_daily.py
[2026-07-09T07:49:18.717+0000] {processor.py:841} WARNING - No viable dags retrieved from /opt/airflow/dags/predict_daily.py
[2026-07-09T07:49:18.730+0000] {processor.py:179} INFO - Processing /opt/airflow/dags/predict_daily.py took 4.006 seconds
[2026-07-09T07:49:49.044+0000] {processor.py:157} INFO - Started process (PID=14695) to work on /opt/airflow/dags/predict_daily.py
[2026-07-09T07:49:49.046+0000] {processor.py:829} INFO - Processing file /opt/airflow/dags/predict_daily.py for tasks to queue
[2026-07-09T07:49:49.049+0000] {logging_mixin.py:151} INFO - [2026-07-09T07:49:49.048+0000] {dagbag.py:539} INFO - Filling up the DagBag from /opt/airflow/dags/predict_daily.py
[2026-07-09T07:49:53.587+0000] {processor.py:841} WARNING - No viable dags retrieved from /opt/airflow/dags/predict_daily.py
[2026-07-09T07:49:53.605+0000] {processor.py:179} INFO - Processing /opt/airflow/dags/predict_daily.py took 4.570 seconds
[2026-07-09T07:50:24.577+0000] {processor.py:157} INFO - Started process (PID=14728) to work on /opt/airflow/dags/predict_daily.py
[2026-07-09T07:50:24.579+0000] {processor.py:829} INFO - Processing file /opt/airflow/dags/predict_daily.py for tasks to queue
[2026-07-09T07:50:24.580+0000] {logging_mixin.py:151} INFO - [2026-07-09T07:50:24.580+0000] {dagbag.py:539} INFO - Filling up the DagBag from /opt/airflow/dags/predict_daily.py
[2026-07-09T07:50:27.758+0000] {processor.py:841} WARNING - No viable dags retrieved from /opt/airflow/dags/predict_daily.py
[2026-07-09T07:50:27.806+0000] {processor.py:179} INFO - Processing /opt/airflow/dags/predict_daily.py took 3.233 seconds
[2026-07-09T07:50:58.483+0000] {processor.py:157} INFO - Started process (PID=14761) to work on /opt/airflow/dags/predict_daily.py
[2026-07-09T07:50:58.485+0000] {processor.py:829} INFO - Processing file /opt/airflow/dags/predict_daily.py for tasks to queue
[2026-07-09T07:50:58.488+0000] {logging_mixin.py:151} INFO - [2026-07-09T07:50:58.487+0000] {dagbag.py:539} INFO - Filling up the DagBag from /opt/airflow/dags/predict_daily.py
[2026-07-09T07:51:03.612+0000] {processor.py:841} WARNING - No viable dags retrieved from /opt/airflow/dags/predict_daily.py
[2026-07-09T07:51:04.082+0000] {processor.py:179} INFO - Processing /opt/airflow/dags/predict_daily.py took 5.604 seconds
[2026-07-09T07:51:34.397+0000] {processor.py:157} INFO - Started process (PID=14794) to work on /opt/airflow/dags/predict_daily.py
[2026-07-09T07:51:34.399+0000] {processor.py:829} INFO - Processing file /opt/airflow/dags/predict_daily.py for tasks to queue
[2026-07-09T07:51:34.401+0000] {logging_mixin.py:151} INFO - [2026-07-09T07:51:34.400+0000] {dagbag.py:539} INFO - Filling up the DagBag from /opt/airflow/dags/predict_daily.py
[2026-07-09T07:51:39.346+0000] {processor.py:841} WARNING - No viable dags retrieved from /opt/airflow/dags/predict_daily.py
[2026-07-09T07:51:39.370+0000] {processor.py:179} INFO - Processing /opt/airflow/dags/predict_daily.py took 4.981 seconds
[2026-07-09T07:52:10.110+0000] {processor.py:157} INFO - Started process (PID=14839) to work on /opt/airflow/dags/predict_daily.py
[2026-07-09T07:52:10.113+0000] {processor.py:829} INFO - Processing file /opt/airflow/dags/predict_daily.py for tasks to queue
[2026-07-09T07:52:10.115+0000] {logging_mixin.py:151} INFO - [2026-07-09T07:52:10.114+0000] {dagbag.py:539} INFO - Filling up the DagBag from /opt/airflow/dags/predict_daily.py
[2026-07-09T07:52:14.412+0000] {processor.py:841} WARNING - No viable dags retrieved from /opt/airflow/dags/predict_daily.py
[2026-07-09T07:52:14.435+0000] {processor.py:179} INFO - Processing /opt/airflow/dags/predict_daily.py took 4.335 seconds
[2026-07-09T07:52:44.932+0000] {processor.py:157} INFO - Started process (PID=14872) to work on /opt/airflow/dags/predict_daily.py
[2026-07-09T07:52:44.937+0000] {processor.py:829} INFO - Processing file /opt/airflow/dags/predict_daily.py for tasks to queue
[2026-07-09T07:52:44.940+0000] {logging_mixin.py:151} INFO - [2026-07-09T07:52:44.939+0000] {dagbag.py:539} INFO - Filling up the DagBag from /opt/airflow/dags/predict_daily.py
[2026-07-09T07:52:49.508+0000] {processor.py:841} WARNING - No viable dags retrieved from /opt/airflow/dags/predict_daily.py
[2026-07-09T07:52:49.552+0000] {processor.py:179} INFO - Processing /opt/airflow/dags/predict_daily.py took 4.626 seconds
[2026-07-09T07:53:20.554+0000] {processor.py:157} INFO - Started process (PID=14905) to work on /opt/airflow/dags/predict_daily.py
[2026-07-09T07:53:20.556+0000] {processor.py:829} INFO - Processing file /opt/airflow/dags/predict_daily.py for tasks to queue
[2026-07-09T07:53:20.558+0000] {logging_mixin.py:151} INFO - [2026-07-09T07:53:20.557+0000] {dagbag.py:539} INFO - Filling up the DagBag from /opt/airflow/dags/predict_daily.py
[2026-07-09T07:53:24.839+0000] {processor.py:841} WARNING - No viable dags retrieved from /opt/airflow/dags/predict_daily.py
[2026-07-09T07:53:24.857+0000] {processor.py:179} INFO - Processing /opt/airflow/dags/predict_daily.py took 4.309 seconds
[2026-07-09T07:53:55.090+0000] {processor.py:157} INFO - Started process (PID=14938) to work on /opt/airflow/dags/predict_daily.py
[2026-07-09T07:53:55.094+0000] {processor.py:829} INFO - Processing file /opt/airflow/dags/predict_daily.py for tasks to queue
[2026-07-09T07:53:55.096+0000] {logging_mixin.py:151} INFO - [2026-07-09T07:53:55.096+0000] {dagbag.py:539} INFO - Filling up the DagBag from /opt/airflow/dags/predict_daily.py
[2026-07-09T07:53:59.729+0000] {processor.py:841} WARNING - No viable dags retrieved from /opt/airflow/dags/predict_daily.py
[2026-07-09T07:53:59.750+0000] {processor.py:179} INFO - Processing /opt/airflow/dags/predict_daily.py took 4.669 seconds
[2026-07-09T07:54:29.931+0000] {processor.py:157} INFO - Started process (PID=14971) to work on /opt/airflow/dags/predict_daily.py
[2026-07-09T07:54:29.933+0000] {processor.py:829} INFO - Processing file /opt/airflow/dags/predict_daily.py for tasks to queue
[2026-07-09T07:54:29.935+0000] {logging_mixin.py:151} INFO - [2026-07-09T07:54:29.934+0000] {dagbag.py:539} INFO - Filling up the DagBag from /opt/airflow/dags/predict_daily.py
[2026-07-09T07:54:34.555+0000] {processor.py:841} WARNING - No viable dags retrieved from /opt/airflow/dags/predict_daily.py
[2026-07-09T07:54:34.573+0000] {processor.py:179} INFO - Processing /opt/airflow/dags/predict_daily.py took 4.648 seconds
[2026-07-09T07:55:05.280+0000] {processor.py:157} INFO - Started process (PID=15004) to work on /opt/airflow/dags/predict_daily.py
[2026-07-09T07:55:05.282+0000] {processor.py:829} INFO - Processing file /opt/airflow/dags/predict_daily.py for tasks to queue
[2026-07-09T07:55:05.283+0000] {logging_mixin.py:151} INFO - [2026-07-09T07:55:05.283+0000] {dagbag.py:539} INFO - Filling up the DagBag from /opt/airflow/dags/predict_daily.py
[2026-07-09T07:55:09.226+0000] {processor.py:841} WARNING - No viable dags retrieved from /opt/airflow/dags/predict_daily.py
[2026-07-09T07:55:09.244+0000] {processor.py:179} INFO - Processing /opt/airflow/dags/predict_daily.py took 3.968 seconds
[2026-07-09T07:55:40.528+0000] {processor.py:157} INFO - Started process (PID=15037) to work on /opt/airflow/dags/predict_daily.py
[2026-07-09T07:55:40.533+0000] {processor.py:829} INFO - Processing file /opt/airflow/dags/predict_daily.py for tasks to queue
[2026-07-09T07:55:40.548+0000] {logging_mixin.py:151} INFO - [2026-07-09T07:55:40.542+0000] {dagbag.py:539} INFO - Filling up the DagBag from /opt/airflow/dags/predict_daily.py
[2026-07-09T07:55:45.372+0000] {processor.py:841} WARNING - No viable dags retrieved from /opt/airflow/dags/predict_daily.py
[2026-07-09T07:55:45.391+0000] {processor.py:179} INFO - Processing /opt/airflow/dags/predict_daily.py took 5.047 seconds
[2026-07-09T07:56:15.735+0000] {processor.py:157} INFO - Started process (PID=15077) to work on /opt/airflow/dags/predict_daily.py
[2026-07-09T07:56:15.737+0000] {processor.py:829} INFO - Processing file /opt/airflow/dags/predict_daily.py for tasks to queue
[2026-07-09T07:56:15.740+0000] {logging_mixin.py:151} INFO - [2026-07-09T07:56:15.738+0000] {dagbag.py:539} INFO - Filling up the DagBag from /opt/airflow/dags/predict_daily.py
[2026-07-09T07:56:31.932+0000] {processor.py:841} WARNING - No viable dags retrieved from /opt/airflow/dags/predict_daily.py
[2026-07-09T07:56:31.966+0000] {processor.py:179} INFO - Processing /opt/airflow/dags/predict_daily.py took 16.239 seconds
[2026-07-09T07:57:04.976+0000] {processor.py:157} INFO - Started process (PID=15115) to work on /opt/airflow/dags/predict_daily.py
[2026-07-09T07:57:04.979+0000] {processor.py:829} INFO - Processing file /opt/airflow/dags/predict_daily.py for tasks to queue
[2026-07-09T07:57:04.980+0000] {logging_mixin.py:151} INFO - [2026-07-09T07:57:04.980+0000] {dagbag.py:539} INFO - Filling up the DagBag from /opt/airflow/dags/predict_daily.py
[2026-07-09T07:57:17.283+0000] {processor.py:841} WARNING - No viable dags retrieved from /opt/airflow/dags/predict_daily.py
[2026-07-09T07:57:17.312+0000] {processor.py:179} INFO - Processing /opt/airflow/dags/predict_daily.py took 12.588 seconds
[2026-07-09T07:57:48.346+0000] {processor.py:157} INFO - Started process (PID=15155) to work on /opt/airflow/dags/predict_daily.py
[2026-07-09T07:57:48.350+0000] {processor.py:829} INFO - Processing file /opt/airflow/dags/predict_daily.py for tasks to queue
[2026-07-09T07:57:48.353+0000] {logging_mixin.py:151} INFO - [2026-07-09T07:57:48.352+0000] {dagbag.py:539} INFO - Filling up the DagBag from /opt/airflow/dags/predict_daily.py
[2026-07-09T07:57:55.756+0000] {processor.py:841} WARNING - No viable dags retrieved from /opt/airflow/dags/predict_daily.py
[2026-07-09T07:57:55.775+0000] {processor.py:179} INFO - Processing /opt/airflow/dags/predict_daily.py took 7.486 seconds
[2026-07-09T07:58:26.672+0000] {processor.py:157} INFO - Started process (PID=15188) to work on /opt/airflow/dags/predict_daily.py
[2026-07-09T07:58:26.676+0000] {processor.py:829} INFO - Processing file /opt/airflow/dags/predict_daily.py for tasks to queue
[2026-07-09T07:58:26.678+0000] {logging_mixin.py:151} INFO - [2026-07-09T07:58:26.677+0000] {dagbag.py:539} INFO - Filling up the DagBag from /opt/airflow/dags/predict_daily.py
[2026-07-09T07:58:33.101+0000] {processor.py:841} WARNING - No viable dags retrieved from /opt/airflow/dags/predict_daily.py
[2026-07-09T07:58:33.124+0000] {processor.py:179} INFO - Processing /opt/airflow/dags/predict_daily.py took 6.461 seconds
[2026-07-09T07:59:03.630+0000] {processor.py:157} INFO - Started process (PID=15221) to work on /opt/airflow/dags/predict_daily.py
[2026-07-09T07:59:03.654+0000] {processor.py:829} INFO - Processing file /opt/airflow/dags/predict_daily.py for tasks to queue
[2026-07-09T07:59:03.657+0000] {logging_mixin.py:151} INFO - [2026-07-09T07:59:03.656+0000] {dagbag.py:539} INFO - Filling up the DagBag from /opt/airflow/dags/predict_daily.py
[2026-07-09T07:59:08.203+0000] {processor.py:841} WARNING - No viable dags retrieved from /opt/airflow/dags/predict_daily.py
[2026-07-09T07:59:08.231+0000] {processor.py:179} INFO - Processing /opt/airflow/dags/predict_daily.py took 4.605 seconds
[2026-07-09T07:59:44.852+0000] {processor.py:157} INFO - Started process (PID=15261) to work on /opt/airflow/dags/predict_daily.py
[2026-07-09T07:59:44.855+0000] {processor.py:829} INFO - Processing file /opt/airflow/dags/predict_daily.py for tasks to queue
[2026-07-09T07:59:44.857+0000] {logging_mixin.py:151} INFO - [2026-07-09T07:59:44.857+0000] {dagbag.py:539} INFO - Filling up the DagBag from /opt/airflow/dags/predict_daily.py
[2026-07-09T08:00:04.512+0000] {processor.py:841} WARNING - No viable dags retrieved from /opt/airflow/dags/predict_daily.py
[2026-07-09T08:00:04.635+0000] {processor.py:179} INFO - Processing /opt/airflow/dags/predict_daily.py took 19.792 seconds
[2026-07-09T08:22:12.062+0000] {processor.py:157} INFO - Started process (PID=191) to work on /opt/airflow/dags/predict_daily.py
[2026-07-09T08:22:12.066+0000] {processor.py:829} INFO - Processing file /opt/airflow/dags/predict_daily.py for tasks to queue
[2026-07-09T08:22:12.070+0000] {logging_mixin.py:151} INFO - [2026-07-09T08:22:12.069+0000] {dagbag.py:539} INFO - Filling up the DagBag from /opt/airflow/dags/predict_daily.py
[2026-07-09T08:22:18.519+0000] {processor.py:841} WARNING - No viable dags retrieved from /opt/airflow/dags/predict_daily.py
[2026-07-09T08:22:18.535+0000] {processor.py:179} INFO - Processing /opt/airflow/dags/predict_daily.py took 6.480 seconds
[2026-07-09T08:22:48.676+0000] {processor.py:157} INFO - Started process (PID=238) to work on /opt/airflow/dags/predict_daily.py
[2026-07-09T08:22:48.679+0000] {processor.py:829} INFO - Processing file /opt/airflow/dags/predict_daily.py for tasks to queue
[2026-07-09T08:22:48.680+0000] {logging_mixin.py:151} INFO - [2026-07-09T08:22:48.680+0000] {dagbag.py:539} INFO - Filling up the DagBag from /opt/airflow/dags/predict_daily.py
[2026-07-09T08:22:51.554+0000] {processor.py:841} WARNING - No viable dags retrieved from /opt/airflow/dags/predict_daily.py
[2026-07-09T08:22:51.566+0000] {processor.py:179} INFO - Processing /opt/airflow/dags/predict_daily.py took 2.897 seconds
[2026-07-09T08:23:22.324+0000] {processor.py:157} INFO - Started process (PID=271) to work on /opt/airflow/dags/predict_daily.py
[2026-07-09T08:23:22.325+0000] {processor.py:829} INFO - Processing file /opt/airflow/dags/predict_daily.py for tasks to queue
[2026-07-09T08:23:22.326+0000] {logging_mixin.py:151} INFO - [2026-07-09T08:23:22.326+0000] {dagbag.py:539} INFO - Filling up the DagBag from /opt/airflow/dags/predict_daily.py
[2026-07-09T08:23:25.098+0000] {processor.py:841} WARNING - No viable dags retrieved from /opt/airflow/dags/predict_daily.py
[2026-07-09T08:23:25.112+0000] {processor.py:179} INFO - Processing /opt/airflow/dags/predict_daily.py took 2.793 seconds
[2026-07-09T08:23:55.231+0000] {processor.py:157} INFO - Started process (PID=311) to work on /opt/airflow/dags/predict_daily.py
[2026-07-09T08:23:55.232+0000] {processor.py:829} INFO - Processing file /opt/airflow/dags/predict_daily.py for tasks to queue
[2026-07-09T08:23:55.233+0000] {logging_mixin.py:151} INFO - [2026-07-09T08:23:55.232+0000] {dagbag.py:539} INFO - Filling up the DagBag from /opt/airflow/dags/predict_daily.py
[2026-07-09T08:23:58.131+0000] {processor.py:841} WARNING - No viable dags retrieved from /opt/airflow/dags/predict_daily.py
[2026-07-09T08:23:58.143+0000] {processor.py:179} INFO - Processing /opt/airflow/dags/predict_daily.py took 2.916 seconds
[2026-07-09T08:24:28.646+0000] {processor.py:157} INFO - Started process (PID=344) to work on /opt/airflow/dags/predict_daily.py
[2026-07-09T08:24:28.648+0000] {processor.py:829} INFO - Processing file /opt/airflow/dags/predict_daily.py for tasks to queue
[2026-07-09T08:24:28.650+0000] {logging_mixin.py:151} INFO - [2026-07-09T08:24:28.650+0000] {dagbag.py:539} INFO - Filling up the DagBag from /opt/airflow/dags/predict_daily.py
[2026-07-09T08:24:31.874+0000] {processor.py:841} WARNING - No viable dags retrieved from /opt/airflow/dags/predict_daily.py
[2026-07-09T08:24:31.885+0000] {processor.py:179} INFO - Processing /opt/airflow/dags/predict_daily.py took 3.245 seconds
[2026-07-09T08:25:02.340+0000] {processor.py:157} INFO - Started process (PID=382) to work on /opt/airflow/dags/predict_daily.py
[2026-07-09T08:25:02.342+0000] {processor.py:829} INFO - Processing file /opt/airflow/dags/predict_daily.py for tasks to queue
[2026-07-09T08:25:02.343+0000] {logging_mixin.py:151} INFO - [2026-07-09T08:25:02.342+0000] {dagbag.py:539} INFO - Filling up the DagBag from /opt/airflow/dags/predict_daily.py
[2026-07-09T08:25:05.207+0000] {processor.py:841} WARNING - No viable dags retrieved from /opt/airflow/dags/predict_daily.py
[2026-07-09T08:25:05.220+0000] {processor.py:179} INFO - Processing /opt/airflow/dags/predict_daily.py took 2.885 seconds
[2026-07-09T08:25:35.945+0000] {processor.py:157} INFO - Started process (PID=415) to work on /opt/airflow/dags/predict_daily.py
[2026-07-09T08:25:35.948+0000] {processor.py:829} INFO - Processing file /opt/airflow/dags/predict_daily.py for tasks to queue
[2026-07-09T08:25:35.952+0000] {logging_mixin.py:151} INFO - [2026-07-09T08:25:35.952+0000] {dagbag.py:539} INFO - Filling up the DagBag from /opt/airflow/dags/predict_daily.py
[2026-07-09T08:25:38.687+0000] {processor.py:841} WARNING - No viable dags retrieved from /opt/airflow/dags/predict_daily.py
[2026-07-09T08:25:38.703+0000] {processor.py:179} INFO - Processing /opt/airflow/dags/predict_daily.py took 2.766 seconds
[2026-07-09T08:39:47.597+0000] {processor.py:157} INFO - Started process (PID=182) to work on /opt/airflow/dags/predict_daily.py
[2026-07-09T08:39:47.599+0000] {processor.py:829} INFO - Processing file /opt/airflow/dags/predict_daily.py for tasks to queue
[2026-07-09T08:39:47.601+0000] {logging_mixin.py:151} INFO - [2026-07-09T08:39:47.600+0000] {dagbag.py:539} INFO - Filling up the DagBag from /opt/airflow/dags/predict_daily.py
[2026-07-09T08:39:57.560+0000] {processor.py:841} WARNING - No viable dags retrieved from /opt/airflow/dags/predict_daily.py
[2026-07-09T08:39:57.585+0000] {processor.py:179} INFO - Processing /opt/airflow/dags/predict_daily.py took 9.996 seconds
[2026-07-09T08:40:28.121+0000] {processor.py:157} INFO - Started process (PID=236) to work on /opt/airflow/dags/predict_daily.py
[2026-07-09T08:40:28.122+0000] {processor.py:829} INFO - Processing file /opt/airflow/dags/predict_daily.py for tasks to queue
[2026-07-09T08:40:28.123+0000] {logging_mixin.py:151} INFO - [2026-07-09T08:40:28.123+0000] {dagbag.py:539} INFO - Filling up the DagBag from /opt/airflow/dags/predict_daily.py
[2026-07-09T08:40:34.217+0000] {processor.py:841} WARNING - No viable dags retrieved from /opt/airflow/dags/predict_daily.py
[2026-07-09T08:40:34.240+0000] {processor.py:179} INFO - Processing /opt/airflow/dags/predict_daily.py took 6.123 seconds
[2026-07-09T08:41:04.756+0000] {processor.py:157} INFO - Started process (PID=276) to work on /opt/airflow/dags/predict_daily.py
[2026-07-09T08:41:04.758+0000] {processor.py:829} INFO - Processing file /opt/airflow/dags/predict_daily.py for tasks to queue
[2026-07-09T08:41:04.761+0000] {logging_mixin.py:151} INFO - [2026-07-09T08:41:04.759+0000] {dagbag.py:539} INFO - Filling up the DagBag from /opt/airflow/dags/predict_daily.py
[2026-07-09T08:41:09.373+0000] {processor.py:841} WARNING - No viable dags retrieved from /opt/airflow/dags/predict_daily.py
[2026-07-09T08:41:09.387+0000] {processor.py:179} INFO - Processing /opt/airflow/dags/predict_daily.py took 4.647 seconds
[2026-07-09T08:41:40.055+0000] {processor.py:157} INFO - Started process (PID=309) to work on /opt/airflow/dags/predict_daily.py
[2026-07-09T08:41:40.057+0000] {processor.py:829} INFO - Processing file /opt/airflow/dags/predict_daily.py for tasks to queue
[2026-07-09T08:41:40.058+0000] {logging_mixin.py:151} INFO - [2026-07-09T08:41:40.058+0000] {dagbag.py:539} INFO - Filling up the DagBag from /opt/airflow/dags/predict_daily.py
[2026-07-09T08:41:44.403+0000] {processor.py:841} WARNING - No viable dags retrieved from /opt/airflow/dags/predict_daily.py
[2026-07-09T08:41:44.436+0000] {processor.py:179} INFO - Processing /opt/airflow/dags/predict_daily.py took 4.385 seconds
[2026-07-09T08:42:14.954+0000] {processor.py:157} INFO - Started process (PID=342) to work on /opt/airflow/dags/predict_daily.py
[2026-07-09T08:42:14.956+0000] {processor.py:829} INFO - Processing file /opt/airflow/dags/predict_daily.py for tasks to queue
[2026-07-09T08:42:14.962+0000] {logging_mixin.py:151} INFO - [2026-07-09T08:42:14.962+0000] {dagbag.py:539} INFO - Filling up the DagBag from /opt/airflow/dags/predict_daily.py
[2026-07-09T08:42:21.102+0000] {processor.py:841} WARNING - No viable dags retrieved from /opt/airflow/dags/predict_daily.py
[2026-07-09T08:42:21.157+0000] {processor.py:179} INFO - Processing /opt/airflow/dags/predict_daily.py took 6.216 seconds
[2026-07-09T08:42:51.899+0000] {processor.py:157} INFO - Started process (PID=375) to work on /opt/airflow/dags/predict_daily.py
[2026-07-09T08:42:51.901+0000] {processor.py:829} INFO - Processing file /opt/airflow/dags/predict_daily.py for tasks to queue
[2026-07-09T08:42:51.903+0000] {logging_mixin.py:151} INFO - [2026-07-09T08:42:51.902+0000] {dagbag.py:539} INFO - Filling up the DagBag from /opt/airflow/dags/predict_daily.py
[2026-07-09T08:42:58.435+0000] {processor.py:841} WARNING - No viable dags retrieved from /opt/airflow/dags/predict_daily.py
[2026-07-09T08:42:58.459+0000] {processor.py:179} INFO - Processing /opt/airflow/dags/predict_daily.py took 6.566 seconds
[2026-07-09T08:43:29.051+0000] {processor.py:157} INFO - Started process (PID=408) to work on /opt/airflow/dags/predict_daily.py
[2026-07-09T08:43:29.053+0000] {processor.py:829} INFO - Processing file /opt/airflow/dags/predict_daily.py for tasks to queue
[2026-07-09T08:43:29.058+0000] {logging_mixin.py:151} INFO - [2026-07-09T08:43:29.057+0000] {dagbag.py:539} INFO - Filling up the DagBag from /opt/airflow/dags/predict_daily.py
[2026-07-09T08:43:35.375+0000] {processor.py:841} WARNING - No viable dags retrieved from /opt/airflow/dags/predict_daily.py
[2026-07-09T08:43:35.399+0000] {processor.py:179} INFO - Processing /opt/airflow/dags/predict_daily.py took 6.363 seconds
[2026-07-09T08:44:05.782+0000] {processor.py:157} INFO - Started process (PID=449) to work on /opt/airflow/dags/predict_daily.py
[2026-07-09T08:44:05.784+0000] {processor.py:829} INFO - Processing file /opt/airflow/dags/predict_daily.py for tasks to queue
[2026-07-09T08:44:05.786+0000] {logging_mixin.py:151} INFO - [2026-07-09T08:44:05.786+0000] {dagbag.py:539} INFO - Filling up the DagBag from /opt/airflow/dags/predict_daily.py
[2026-07-09T08:44:12.389+0000] {processor.py:841} WARNING - No viable dags retrieved from /opt/airflow/dags/predict_daily.py
[2026-07-09T08:44:12.430+0000] {processor.py:179} INFO - Processing /opt/airflow/dags/predict_daily.py took 6.663 seconds
[2026-07-09T08:44:43.172+0000] {processor.py:157} INFO - Started process (PID=482) to work on /opt/airflow/dags/predict_daily.py
[2026-07-09T08:44:43.177+0000] {processor.py:829} INFO - Processing file /opt/airflow/dags/predict_daily.py for tasks to queue
[2026-07-09T08:44:43.179+0000] {logging_mixin.py:151} INFO - [2026-07-09T08:44:43.178+0000] {dagbag.py:539} INFO - Filling up the DagBag from /opt/airflow/dags/predict_daily.py
[2026-07-09T08:44:49.507+0000] {processor.py:841} WARNING - No viable dags retrieved from /opt/airflow/dags/predict_daily.py
[2026-07-09T08:44:49.534+0000] {processor.py:179} INFO - Processing /opt/airflow/dags/predict_daily.py took 6.369 seconds
[2026-07-09T08:45:20.162+0000] {processor.py:157} INFO - Started process (PID=516) to work on /opt/airflow/dags/predict_daily.py
[2026-07-09T08:45:20.163+0000] {processor.py:829} INFO - Processing file /opt/airflow/dags/predict_daily.py for tasks to queue
[2026-07-09T08:45:20.165+0000] {logging_mixin.py:151} INFO - [2026-07-09T08:45:20.164+0000] {dagbag.py:539} INFO - Filling up the DagBag from /opt/airflow/dags/predict_daily.py
[2026-07-09T08:45:26.258+0000] {processor.py:841} WARNING - No viable dags retrieved from /opt/airflow/dags/predict_daily.py
[2026-07-09T08:45:26.278+0000] {processor.py:179} INFO - Processing /opt/airflow/dags/predict_daily.py took 6.122 seconds
[2026-07-09T08:45:56.938+0000] {processor.py:157} INFO - Started process (PID=549) to work on /opt/airflow/dags/predict_daily.py
[2026-07-09T08:45:56.940+0000] {processor.py:829} INFO - Processing file /opt/airflow/dags/predict_daily.py for tasks to queue
[2026-07-09T08:45:56.943+0000] {logging_mixin.py:151} INFO - [2026-07-09T08:45:56.942+0000] {dagbag.py:539} INFO - Filling up the DagBag from /opt/airflow/dags/predict_daily.py
[2026-07-09T08:46:02.366+0000] {processor.py:841} WARNING - No viable dags retrieved from /opt/airflow/dags/predict_daily.py
[2026-07-09T08:46:02.386+0000] {processor.py:179} INFO - Processing /opt/airflow/dags/predict_daily.py took 5.464 seconds
[2026-07-09T08:46:33.268+0000] {processor.py:157} INFO - Started process (PID=582) to work on /opt/airflow/dags/predict_daily.py
[2026-07-09T08:46:33.270+0000] {processor.py:829} INFO - Processing file /opt/airflow/dags/predict_daily.py for tasks to queue
[2026-07-09T08:46:33.271+0000] {logging_mixin.py:151} INFO - [2026-07-09T08:46:33.271+0000] {dagbag.py:539} INFO - Filling up the DagBag from /opt/airflow/dags/predict_daily.py
[2026-07-09T08:46:41.088+0000] {processor.py:841} WARNING - No viable dags retrieved from /opt/airflow/dags/predict_daily.py
[2026-07-09T08:46:41.118+0000] {processor.py:179} INFO - Processing /opt/airflow/dags/predict_daily.py took 7.855 seconds
[2026-07-09T08:47:11.757+0000] {processor.py:157} INFO - Started process (PID=622) to work on /opt/airflow/dags/predict_daily.py
[2026-07-09T08:47:11.759+0000] {processor.py:829} INFO - Processing file /opt/airflow/dags/predict_daily.py for tasks to queue
[2026-07-09T08:47:11.761+0000] {logging_mixin.py:151} INFO - [2026-07-09T08:47:11.761+0000] {dagbag.py:539} INFO - Filling up the DagBag from /opt/airflow/dags/predict_daily.py
[2026-07-09T08:47:17.274+0000] {processor.py:841} WARNING - No viable dags retrieved from /opt/airflow/dags/predict_daily.py
[2026-07-09T08:47:17.298+0000] {processor.py:179} INFO - Processing /opt/airflow/dags/predict_daily.py took 5.549 seconds
[2026-07-09T08:47:47.575+0000] {processor.py:157} INFO - Started process (PID=655) to work on /opt/airflow/dags/predict_daily.py
[2026-07-09T08:47:47.579+0000] {processor.py:829} INFO - Processing file /opt/airflow/dags/predict_daily.py for tasks to queue
[2026-07-09T08:47:47.583+0000] {logging_mixin.py:151} INFO - [2026-07-09T08:47:47.583+0000] {dagbag.py:539} INFO - Filling up the DagBag from /opt/airflow/dags/predict_daily.py
[2026-07-09T08:47:51.375+0000] {processor.py:841} WARNING - No viable dags retrieved from /opt/airflow/dags/predict_daily.py
[2026-07-09T08:47:51.393+0000] {processor.py:179} INFO - Processing /opt/airflow/dags/predict_daily.py took 3.823 seconds
[2026-07-09T08:48:21.849+0000] {processor.py:157} INFO - Started process (PID=688) to work on /opt/airflow/dags/predict_daily.py
[2026-07-09T08:48:21.850+0000] {processor.py:829} INFO - Processing file /opt/airflow/dags/predict_daily.py for tasks to queue
[2026-07-09T08:48:21.852+0000] {logging_mixin.py:151} INFO - [2026-07-09T08:48:21.851+0000] {dagbag.py:539} INFO - Filling up the DagBag from /opt/airflow/dags/predict_daily.py
[2026-07-09T08:48:25.360+0000] {processor.py:841} WARNING - No viable dags retrieved from /opt/airflow/dags/predict_daily.py
[2026-07-09T08:48:25.374+0000] {processor.py:179} INFO - Processing /opt/airflow/dags/predict_daily.py took 3.529 seconds
[2026-07-09T08:48:55.861+0000] {processor.py:157} INFO - Started process (PID=721) to work on /opt/airflow/dags/predict_daily.py
[2026-07-09T08:48:55.862+0000] {processor.py:829} INFO - Processing file /opt/airflow/dags/predict_daily.py for tasks to queue
[2026-07-09T08:48:55.863+0000] {logging_mixin.py:151} INFO - [2026-07-09T08:48:55.863+0000] {dagbag.py:539} INFO - Filling up the DagBag from /opt/airflow/dags/predict_daily.py
[2026-07-09T08:48:59.747+0000] {processor.py:841} WARNING - No viable dags retrieved from /opt/airflow/dags/predict_daily.py
[2026-07-09T08:48:59.767+0000] {processor.py:179} INFO - Processing /opt/airflow/dags/predict_daily.py took 3.915 seconds
[2026-07-09T08:49:30.298+0000] {processor.py:157} INFO - Started process (PID=754) to work on /opt/airflow/dags/predict_daily.py
[2026-07-09T08:49:30.301+0000] {processor.py:829} INFO - Processing file /opt/airflow/dags/predict_daily.py for tasks to queue
[2026-07-09T08:49:30.303+0000] {logging_mixin.py:151} INFO - [2026-07-09T08:49:30.302+0000] {dagbag.py:539} INFO - Filling up the DagBag from /opt/airflow/dags/predict_daily.py
[2026-07-09T08:49:34.151+0000] {processor.py:841} WARNING - No viable dags retrieved from /opt/airflow/dags/predict_daily.py
[2026-07-09T08:49:34.184+0000] {processor.py:179} INFO - Processing /opt/airflow/dags/predict_daily.py took 3.894 seconds
[2026-07-09T08:50:04.971+0000] {processor.py:157} INFO - Started process (PID=787) to work on /opt/airflow/dags/predict_daily.py
[2026-07-09T08:50:04.985+0000] {processor.py:829} INFO - Processing file /opt/airflow/dags/predict_daily.py for tasks to queue
[2026-07-09T08:50:04.987+0000] {logging_mixin.py:151} INFO - [2026-07-09T08:50:04.986+0000] {dagbag.py:539} INFO - Filling up the DagBag from /opt/airflow/dags/predict_daily.py
[2026-07-09T08:50:08.164+0000] {processor.py:841} WARNING - No viable dags retrieved from /opt/airflow/dags/predict_daily.py
[2026-07-09T08:50:08.178+0000] {processor.py:179} INFO - Processing /opt/airflow/dags/predict_daily.py took 3.215 seconds
[2026-07-09T08:50:38.634+0000] {processor.py:157} INFO - Started process (PID=826) to work on /opt/airflow/dags/predict_daily.py
[2026-07-09T08:50:38.635+0000] {processor.py:829} INFO - Processing file /opt/airflow/dags/predict_daily.py for tasks to queue
[2026-07-09T08:50:38.637+0000] {logging_mixin.py:151} INFO - [2026-07-09T08:50:38.636+0000] {dagbag.py:539} INFO - Filling up the DagBag from /opt/airflow/dags/predict_daily.py
[2026-07-09T08:50:42.275+0000] {processor.py:841} WARNING - No viable dags retrieved from /opt/airflow/dags/predict_daily.py
[2026-07-09T08:50:42.298+0000] {processor.py:179} INFO - Processing /opt/airflow/dags/predict_daily.py took 3.668 seconds
[2026-07-09T08:51:13.101+0000] {processor.py:157} INFO - Started process (PID=864) to work on /opt/airflow/dags/predict_daily.py
[2026-07-09T08:51:13.103+0000] {processor.py:829} INFO - Processing file /opt/airflow/dags/predict_daily.py for tasks to queue
[2026-07-09T08:51:13.104+0000] {logging_mixin.py:151} INFO - [2026-07-09T08:51:13.104+0000] {dagbag.py:539} INFO - Filling up the DagBag from /opt/airflow/dags/predict_daily.py
[2026-07-09T08:51:18.938+0000] {processor.py:841} WARNING - No viable dags retrieved from /opt/airflow/dags/predict_daily.py
[2026-07-09T08:51:18.956+0000] {processor.py:179} INFO - Processing /opt/airflow/dags/predict_daily.py took 5.859 seconds
[2026-07-09T08:51:49.458+0000] {processor.py:157} INFO - Started process (PID=897) to work on /opt/airflow/dags/predict_daily.py
[2026-07-09T08:51:49.459+0000] {processor.py:829} INFO - Processing file /opt/airflow/dags/predict_daily.py for tasks to queue
[2026-07-09T08:51:49.461+0000] {logging_mixin.py:151} INFO - [2026-07-09T08:51:49.460+0000] {dagbag.py:539} INFO - Filling up the DagBag from /opt/airflow/dags/predict_daily.py
[2026-07-09T08:51:52.808+0000] {processor.py:841} WARNING - No viable dags retrieved from /opt/airflow/dags/predict_daily.py
[2026-07-09T08:51:52.824+0000] {processor.py:179} INFO - Processing /opt/airflow/dags/predict_daily.py took 3.373 seconds
[2026-07-09T08:52:23.775+0000] {processor.py:157} INFO - Started process (PID=930) to work on /opt/airflow/dags/predict_daily.py
[2026-07-09T08:52:23.777+0000] {processor.py:829} INFO - Processing file /opt/airflow/dags/predict_daily.py for tasks to queue
[2026-07-09T08:52:23.779+0000] {logging_mixin.py:151} INFO - [2026-07-09T08:52:23.778+0000] {dagbag.py:539} INFO - Filling up the DagBag from /opt/airflow/dags/predict_daily.py
[2026-07-09T08:52:27.182+0000] {processor.py:841} WARNING - No viable dags retrieved from /opt/airflow/dags/predict_daily.py
[2026-07-09T08:52:27.200+0000] {processor.py:179} INFO - Processing /opt/airflow/dags/predict_daily.py took 3.433 seconds
[2026-07-09T08:52:58.031+0000] {processor.py:157} INFO - Started process (PID=963) to work on /opt/airflow/dags/predict_daily.py
[2026-07-09T08:52:58.033+0000] {processor.py:829} INFO - Processing file /opt/airflow/dags/predict_daily.py for tasks to queue
[2026-07-09T08:52:58.049+0000] {logging_mixin.py:151} INFO - [2026-07-09T08:52:58.034+0000] {dagbag.py:539} INFO - Filling up the DagBag from /opt/airflow/dags/predict_daily.py
[2026-07-09T08:53:04.758+0000] {processor.py:841} WARNING - No viable dags retrieved from /opt/airflow/dags/predict_daily.py
[2026-07-09T08:53:04.789+0000] {processor.py:179} INFO - Processing /opt/airflow/dags/predict_daily.py took 6.774 seconds
[2026-07-09T08:53:35.167+0000] {processor.py:157} INFO - Started process (PID=996) to work on /opt/airflow/dags/predict_daily.py
[2026-07-09T08:53:35.169+0000] {processor.py:829} INFO - Processing file /opt/airflow/dags/predict_daily.py for tasks to queue
[2026-07-09T08:53:35.172+0000] {logging_mixin.py:151} INFO - [2026-07-09T08:53:35.171+0000] {dagbag.py:539} INFO - Filling up the DagBag from /opt/airflow/dags/predict_daily.py
[2026-07-09T08:53:48.442+0000] {processor.py:841} WARNING - No viable dags retrieved from /opt/airflow/dags/predict_daily.py
[2026-07-09T08:53:48.474+0000] {processor.py:179} INFO - Processing /opt/airflow/dags/predict_daily.py took 13.330 seconds
[2026-07-09T08:54:18.977+0000] {processor.py:157} INFO - Started process (PID=1037) to work on /opt/airflow/dags/predict_daily.py
[2026-07-09T08:54:18.979+0000] {processor.py:829} INFO - Processing file /opt/airflow/dags/predict_daily.py for tasks to queue
[2026-07-09T08:54:18.987+0000] {logging_mixin.py:151} INFO - [2026-07-09T08:54:18.987+0000] {dagbag.py:539} INFO - Filling up the DagBag from /opt/airflow/dags/predict_daily.py
[2026-07-09T08:54:24.703+0000] {processor.py:841} WARNING - No viable dags retrieved from /opt/airflow/dags/predict_daily.py
[2026-07-09T08:54:24.719+0000] {processor.py:179} INFO - Processing /opt/airflow/dags/predict_daily.py took 5.749 seconds
[2026-07-09T08:54:55.359+0000] {processor.py:157} INFO - Started process (PID=1070) to work on /opt/airflow/dags/predict_daily.py
[2026-07-09T08:54:55.361+0000] {processor.py:829} INFO - Processing file /opt/airflow/dags/predict_daily.py for tasks to queue
[2026-07-09T08:54:55.364+0000] {logging_mixin.py:151} INFO - [2026-07-09T08:54:55.364+0000] {dagbag.py:539} INFO - Filling up the DagBag from /opt/airflow/dags/predict_daily.py
[2026-07-09T08:54:59.063+0000] {processor.py:841} WARNING - No viable dags retrieved from /opt/airflow/dags/predict_daily.py
[2026-07-09T08:54:59.080+0000] {processor.py:179} INFO - Processing /opt/airflow/dags/predict_daily.py took 3.729 seconds
[2026-07-09T08:55:29.337+0000] {processor.py:157} INFO - Started process (PID=1103) to work on /opt/airflow/dags/predict_daily.py
[2026-07-09T08:55:29.339+0000] {processor.py:829} INFO - Processing file /opt/airflow/dags/predict_daily.py for tasks to queue
[2026-07-09T08:55:29.340+0000] {logging_mixin.py:151} INFO - [2026-07-09T08:55:29.340+0000] {dagbag.py:539} INFO - Filling up the DagBag from /opt/airflow/dags/predict_daily.py
[2026-07-09T08:55:32.013+0000] {processor.py:841} WARNING - No viable dags retrieved from /opt/airflow/dags/predict_daily.py
[2026-07-09T08:55:32.025+0000] {processor.py:179} INFO - Processing /opt/airflow/dags/predict_daily.py took 2.694 seconds
[2026-07-09T08:56:02.453+0000] {processor.py:157} INFO - Started process (PID=1136) to work on /opt/airflow/dags/predict_daily.py
[2026-07-09T08:56:02.455+0000] {processor.py:829} INFO - Processing file /opt/airflow/dags/predict_daily.py for tasks to queue
[2026-07-09T08:56:02.456+0000] {logging_mixin.py:151} INFO - [2026-07-09T08:56:02.455+0000] {dagbag.py:539} INFO - Filling up the DagBag from /opt/airflow/dags/predict_daily.py
[2026-07-09T08:56:06.038+0000] {processor.py:841} WARNING - No viable dags retrieved from /opt/airflow/dags/predict_daily.py
[2026-07-09T08:56:06.055+0000] {processor.py:179} INFO - Processing /opt/airflow/dags/predict_daily.py took 3.608 seconds
[2026-07-09T08:56:36.478+0000] {processor.py:157} INFO - Started process (PID=1169) to work on /opt/airflow/dags/predict_daily.py
[2026-07-09T08:56:36.480+0000] {processor.py:829} INFO - Processing file /opt/airflow/dags/predict_daily.py for tasks to queue
[2026-07-09T08:56:36.482+0000] {logging_mixin.py:151} INFO - [2026-07-09T08:56:36.481+0000] {dagbag.py:539} INFO - Filling up the DagBag from /opt/airflow/dags/predict_daily.py
[2026-07-09T08:56:39.870+0000] {processor.py:841} WARNING - No viable dags retrieved from /opt/airflow/dags/predict_daily.py
[2026-07-09T08:56:39.887+0000] {processor.py:179} INFO - Processing /opt/airflow/dags/predict_daily.py took 3.415 seconds
[2026-07-09T08:57:10.200+0000] {processor.py:157} INFO - Started process (PID=1208) to work on /opt/airflow/dags/predict_daily.py
[2026-07-09T08:57:10.201+0000] {processor.py:829} INFO - Processing file /opt/airflow/dags/predict_daily.py for tasks to queue
[2026-07-09T08:57:10.202+0000] {logging_mixin.py:151} INFO - [2026-07-09T08:57:10.202+0000] {dagbag.py:539} INFO - Filling up the DagBag from /opt/airflow/dags/predict_daily.py
[2026-07-09T08:57:13.086+0000] {processor.py:841} WARNING - No viable dags retrieved from /opt/airflow/dags/predict_daily.py
[2026-07-09T08:57:13.133+0000] {processor.py:179} INFO - Processing /opt/airflow/dags/predict_daily.py took 2.938 seconds
[2026-07-09T08:57:43.582+0000] {processor.py:157} INFO - Started process (PID=1241) to work on /opt/airflow/dags/predict_daily.py
[2026-07-09T08:57:43.584+0000] {processor.py:829} INFO - Processing file /opt/airflow/dags/predict_daily.py for tasks to queue
[2026-07-09T08:57:43.585+0000] {logging_mixin.py:151} INFO - [2026-07-09T08:57:43.585+0000] {dagbag.py:539} INFO - Filling up the DagBag from /opt/airflow/dags/predict_daily.py
[2026-07-09T08:57:46.487+0000] {processor.py:841} WARNING - No viable dags retrieved from /opt/airflow/dags/predict_daily.py
[2026-07-09T08:57:46.503+0000] {processor.py:179} INFO - Processing /opt/airflow/dags/predict_daily.py took 2.927 seconds
[2026-07-09T08:58:16.938+0000] {processor.py:157} INFO - Started process (PID=1274) to work on /opt/airflow/dags/predict_daily.py
[2026-07-09T08:58:16.940+0000] {processor.py:829} INFO - Processing file /opt/airflow/dags/predict_daily.py for tasks to queue
[2026-07-09T08:58:16.942+0000] {logging_mixin.py:151} INFO - [2026-07-09T08:58:16.941+0000] {dagbag.py:539} INFO - Filling up the DagBag from /opt/airflow/dags/predict_daily.py
[2026-07-09T08:58:19.937+0000] {processor.py:841} WARNING - No viable dags retrieved from /opt/airflow/dags/predict_daily.py
[2026-07-09T08:58:19.954+0000] {processor.py:179} INFO - Processing /opt/airflow/dags/predict_daily.py took 3.022 seconds
[2026-07-09T08:58:50.389+0000] {processor.py:157} INFO - Started process (PID=1307) to work on /opt/airflow/dags/predict_daily.py
[2026-07-09T08:58:50.392+0000] {processor.py:829} INFO - Processing file /opt/airflow/dags/predict_daily.py for tasks to queue
[2026-07-09T08:58:50.394+0000] {logging_mixin.py:151} INFO - [2026-07-09T08:58:50.393+0000] {dagbag.py:539} INFO - Filling up the DagBag from /opt/airflow/dags/predict_daily.py
[2026-07-09T08:58:52.784+0000] {processor.py:841} WARNING - No viable dags retrieved from /opt/airflow/dags/predict_daily.py
[2026-07-09T08:58:52.799+0000] {processor.py:179} INFO - Processing /opt/airflow/dags/predict_daily.py took 2.417 seconds
[2026-07-09T08:59:23.239+0000] {processor.py:157} INFO - Started process (PID=1340) to work on /opt/airflow/dags/predict_daily.py
[2026-07-09T08:59:23.241+0000] {processor.py:829} INFO - Processing file /opt/airflow/dags/predict_daily.py for tasks to queue
[2026-07-09T08:59:23.242+0000] {logging_mixin.py:151} INFO - [2026-07-09T08:59:23.241+0000] {dagbag.py:539} INFO - Filling up the DagBag from /opt/airflow/dags/predict_daily.py
[2026-07-09T08:59:25.856+0000] {processor.py:841} WARNING - No viable dags retrieved from /opt/airflow/dags/predict_daily.py
[2026-07-09T08:59:25.870+0000] {processor.py:179} INFO - Processing /opt/airflow/dags/predict_daily.py took 2.636 seconds
[2026-07-09T08:59:56.564+0000] {processor.py:157} INFO - Started process (PID=1373) to work on /opt/airflow/dags/predict_daily.py
[2026-07-09T08:59:56.565+0000] {processor.py:829} INFO - Processing file /opt/airflow/dags/predict_daily.py for tasks to queue
[2026-07-09T08:59:56.566+0000] {logging_mixin.py:151} INFO - [2026-07-09T08:59:56.566+0000] {dagbag.py:539} INFO - Filling up the DagBag from /opt/airflow/dags/predict_daily.py
[2026-07-09T08:59:59.232+0000] {processor.py:841} WARNING - No viable dags retrieved from /opt/airflow/dags/predict_daily.py
[2026-07-09T08:59:59.245+0000] {processor.py:179} INFO - Processing /opt/airflow/dags/predict_daily.py took 2.687 seconds
[2026-07-09T09:00:29.676+0000] {processor.py:157} INFO - Started process (PID=1406) to work on /opt/airflow/dags/predict_daily.py
[2026-07-09T09:00:29.679+0000] {processor.py:829} INFO - Processing file /opt/airflow/dags/predict_daily.py for tasks to queue
[2026-07-09T09:00:29.680+0000] {logging_mixin.py:151} INFO - [2026-07-09T09:00:29.680+0000] {dagbag.py:539} INFO - Filling up the DagBag from /opt/airflow/dags/predict_daily.py
[2026-07-09T09:00:32.355+0000] {processor.py:841} WARNING - No viable dags retrieved from /opt/airflow/dags/predict_daily.py
[2026-07-09T09:00:32.367+0000] {processor.py:179} INFO - Processing /opt/airflow/dags/predict_daily.py took 2.695 seconds
[2026-07-09T09:01:02.869+0000] {processor.py:157} INFO - Started process (PID=1439) to work on /opt/airflow/dags/predict_daily.py
[2026-07-09T09:01:02.871+0000] {processor.py:829} INFO - Processing file /opt/airflow/dags/predict_daily.py for tasks to queue
[2026-07-09T09:01:02.872+0000] {logging_mixin.py:151} INFO - [2026-07-09T09:01:02.872+0000] {dagbag.py:539} INFO - Filling up the DagBag from /opt/airflow/dags/predict_daily.py
[2026-07-09T09:01:05.566+0000] {processor.py:841} WARNING - No viable dags retrieved from /opt/airflow/dags/predict_daily.py
[2026-07-09T09:01:05.579+0000] {processor.py:179} INFO - Processing /opt/airflow/dags/predict_daily.py took 2.717 seconds
[2026-07-09T09:01:36.004+0000] {processor.py:157} INFO - Started process (PID=1472) to work on /opt/airflow/dags/predict_daily.py
[2026-07-09T09:01:36.005+0000] {processor.py:829} INFO - Processing file /opt/airflow/dags/predict_daily.py for tasks to queue
[2026-07-09T09:01:36.006+0000] {logging_mixin.py:151} INFO - [2026-07-09T09:01:36.006+0000] {dagbag.py:539} INFO - Filling up the DagBag from /opt/airflow/dags/predict_daily.py
[2026-07-09T09:01:38.726+0000] {processor.py:841} WARNING - No viable dags retrieved from /opt/airflow/dags/predict_daily.py
[2026-07-09T09:01:38.741+0000] {processor.py:179} INFO - Processing /opt/airflow/dags/predict_daily.py took 2.742 seconds
[2026-07-09T09:02:09.029+0000] {processor.py:157} INFO - Started process (PID=1505) to work on /opt/airflow/dags/predict_daily.py
[2026-07-09T09:02:09.031+0000] {processor.py:829} INFO - Processing file /opt/airflow/dags/predict_daily.py for tasks to queue
[2026-07-09T09:02:09.032+0000] {logging_mixin.py:151} INFO - [2026-07-09T09:02:09.031+0000] {dagbag.py:539} INFO - Filling up the DagBag from /opt/airflow/dags/predict_daily.py
[2026-07-09T09:02:11.711+0000] {processor.py:841} WARNING - No viable dags retrieved from /opt/airflow/dags/predict_daily.py
[2026-07-09T09:02:11.726+0000] {processor.py:179} INFO - Processing /opt/airflow/dags/predict_daily.py took 2.701 seconds
[2026-07-09T09:02:42.137+0000] {processor.py:157} INFO - Started process (PID=1545) to work on /opt/airflow/dags/predict_daily.py
[2026-07-09T09:02:42.139+0000] {processor.py:829} INFO - Processing file /opt/airflow/dags/predict_daily.py for tasks to queue
[2026-07-09T09:02:42.141+0000] {logging_mixin.py:151} INFO - [2026-07-09T09:02:42.140+0000] {dagbag.py:539} INFO - Filling up the DagBag from /opt/airflow/dags/predict_daily.py
[2026-07-09T09:02:44.756+0000] {processor.py:841} WARNING - No viable dags retrieved from /opt/airflow/dags/predict_daily.py
[2026-07-09T09:02:44.770+0000] {processor.py:179} INFO - Processing /opt/airflow/dags/predict_daily.py took 2.639 seconds
[2026-07-09T09:03:14.963+0000] {processor.py:157} INFO - Started process (PID=1578) to work on /opt/airflow/dags/predict_daily.py
[2026-07-09T09:03:14.964+0000] {processor.py:829} INFO - Processing file /opt/airflow/dags/predict_daily.py for tasks to queue
[2026-07-09T09:03:14.966+0000] {logging_mixin.py:151} INFO - [2026-07-09T09:03:14.965+0000] {dagbag.py:539} INFO - Filling up the DagBag from /opt/airflow/dags/predict_daily.py
[2026-07-09T09:03:17.537+0000] {processor.py:841} WARNING - No viable dags retrieved from /opt/airflow/dags/predict_daily.py
[2026-07-09T09:03:17.548+0000] {processor.py:179} INFO - Processing /opt/airflow/dags/predict_daily.py took 2.590 seconds
[2026-07-09T09:03:48.158+0000] {processor.py:157} INFO - Started process (PID=1611) to work on /opt/airflow/dags/predict_daily.py
[2026-07-09T09:03:48.160+0000] {processor.py:829} INFO - Processing file /opt/airflow/dags/predict_daily.py for tasks to queue
[2026-07-09T09:03:48.162+0000] {logging_mixin.py:151} INFO - [2026-07-09T09:03:48.161+0000] {dagbag.py:539} INFO - Filling up the DagBag from /opt/airflow/dags/predict_daily.py
[2026-07-09T09:03:50.794+0000] {processor.py:841} WARNING - No viable dags retrieved from /opt/airflow/dags/predict_daily.py
[2026-07-09T09:03:50.818+0000] {processor.py:179} INFO - Processing /opt/airflow/dags/predict_daily.py took 2.664 seconds
[2026-07-09T09:04:21.281+0000] {processor.py:157} INFO - Started process (PID=1644) to work on /opt/airflow/dags/predict_daily.py
[2026-07-09T09:04:21.283+0000] {processor.py:829} INFO - Processing file /opt/airflow/dags/predict_daily.py for tasks to queue
[2026-07-09T09:04:21.285+0000] {logging_mixin.py:151} INFO - [2026-07-09T09:04:21.284+0000] {dagbag.py:539} INFO - Filling up the DagBag from /opt/airflow/dags/predict_daily.py
[2026-07-09T09:04:23.904+0000] {processor.py:841} WARNING - No viable dags retrieved from /opt/airflow/dags/predict_daily.py
[2026-07-09T09:04:23.917+0000] {processor.py:179} INFO - Processing /opt/airflow/dags/predict_daily.py took 2.641 seconds
[2026-07-09T09:04:54.273+0000] {processor.py:157} INFO - Started process (PID=1677) to work on /opt/airflow/dags/predict_daily.py
[2026-07-09T09:04:54.274+0000] {processor.py:829} INFO - Processing file /opt/airflow/dags/predict_daily.py for tasks to queue
[2026-07-09T09:04:54.275+0000] {logging_mixin.py:151} INFO - [2026-07-09T09:04:54.275+0000] {dagbag.py:539} INFO - Filling up the DagBag from /opt/airflow/dags/predict_daily.py
[2026-07-09T09:04:56.727+0000] {processor.py:841} WARNING - No viable dags retrieved from /opt/airflow/dags/predict_daily.py
[2026-07-09T09:04:56.747+0000] {processor.py:179} INFO - Processing /opt/airflow/dags/predict_daily.py took 2.478 seconds
[2026-07-09T09:05:27.174+0000] {processor.py:157} INFO - Started process (PID=1710) to work on /opt/airflow/dags/predict_daily.py
[2026-07-09T09:05:27.178+0000] {processor.py:829} INFO - Processing file /opt/airflow/dags/predict_daily.py for tasks to queue
[2026-07-09T09:05:27.183+0000] {logging_mixin.py:151} INFO - [2026-07-09T09:05:27.182+0000] {dagbag.py:539} INFO - Filling up the DagBag from /opt/airflow/dags/predict_daily.py
[2026-07-09T09:05:29.928+0000] {processor.py:841} WARNING - No viable dags retrieved from /opt/airflow/dags/predict_daily.py
[2026-07-09T09:05:29.941+0000] {processor.py:179} INFO - Processing /opt/airflow/dags/predict_daily.py took 2.777 seconds
[2026-07-09T09:06:00.320+0000] {processor.py:157} INFO - Started process (PID=1743) to work on /opt/airflow/dags/predict_daily.py
[2026-07-09T09:06:00.321+0000] {processor.py:829} INFO - Processing file /opt/airflow/dags/predict_daily.py for tasks to queue
[2026-07-09T09:06:00.322+0000] {logging_mixin.py:151} INFO - [2026-07-09T09:06:00.322+0000] {dagbag.py:539} INFO - Filling up the DagBag from /opt/airflow/dags/predict_daily.py
[2026-07-09T09:06:03.176+0000] {processor.py:841} WARNING - No viable dags retrieved from /opt/airflow/dags/predict_daily.py
[2026-07-09T09:06:03.193+0000] {processor.py:179} INFO - Processing /opt/airflow/dags/predict_daily.py took 2.878 seconds
[2026-07-09T09:06:33.617+0000] {processor.py:157} INFO - Started process (PID=1777) to work on /opt/airflow/dags/predict_daily.py
[2026-07-09T09:06:33.619+0000] {processor.py:829} INFO - Processing file /opt/airflow/dags/predict_daily.py for tasks to queue
[2026-07-09T09:06:33.620+0000] {logging_mixin.py:151} INFO - [2026-07-09T09:06:33.620+0000] {dagbag.py:539} INFO - Filling up the DagBag from /opt/airflow/dags/predict_daily.py
[2026-07-09T09:06:36.417+0000] {processor.py:841} WARNING - No viable dags retrieved from /opt/airflow/dags/predict_daily.py
[2026-07-09T09:06:36.428+0000] {processor.py:179} INFO - Processing /opt/airflow/dags/predict_daily.py took 2.815 seconds
[2026-07-09T09:07:06.783+0000] {processor.py:157} INFO - Started process (PID=1810) to work on /opt/airflow/dags/predict_daily.py
[2026-07-09T09:07:06.785+0000] {processor.py:829} INFO - Processing file /opt/airflow/dags/predict_daily.py for tasks to queue
[2026-07-09T09:07:06.786+0000] {logging_mixin.py:151} INFO - [2026-07-09T09:07:06.786+0000] {dagbag.py:539} INFO - Filling up the DagBag from /opt/airflow/dags/predict_daily.py
[2026-07-09T09:07:09.582+0000] {processor.py:841} WARNING - No viable dags retrieved from /opt/airflow/dags/predict_daily.py
[2026-07-09T09:07:09.594+0000] {processor.py:179} INFO - Processing /opt/airflow/dags/predict_daily.py took 2.815 seconds
[2026-07-09T09:07:39.993+0000] {processor.py:157} INFO - Started process (PID=1843) to work on /opt/airflow/dags/predict_daily.py
[2026-07-09T09:07:39.994+0000] {processor.py:829} INFO - Processing file /opt/airflow/dags/predict_daily.py for tasks to queue
[2026-07-09T09:07:39.996+0000] {logging_mixin.py:151} INFO - [2026-07-09T09:07:39.995+0000] {dagbag.py:539} INFO - Filling up the DagBag from /opt/airflow/dags/predict_daily.py
[2026-07-09T09:07:42.617+0000] {processor.py:841} WARNING - No viable dags retrieved from /opt/airflow/dags/predict_daily.py
[2026-07-09T09:07:42.632+0000] {processor.py:179} INFO - Processing /opt/airflow/dags/predict_daily.py took 2.644 seconds
[2026-07-09T09:08:13.071+0000] {processor.py:157} INFO - Started process (PID=1884) to work on /opt/airflow/dags/predict_daily.py
[2026-07-09T09:08:13.073+0000] {processor.py:829} INFO - Processing file /opt/airflow/dags/predict_daily.py for tasks to queue
[2026-07-09T09:08:13.074+0000] {logging_mixin.py:151} INFO - [2026-07-09T09:08:13.074+0000] {dagbag.py:539} INFO - Filling up the DagBag from /opt/airflow/dags/predict_daily.py
[2026-07-09T09:08:16.228+0000] {processor.py:841} WARNING - No viable dags retrieved from /opt/airflow/dags/predict_daily.py
[2026-07-09T09:08:16.252+0000] {processor.py:179} INFO - Processing /opt/airflow/dags/predict_daily.py took 3.186 seconds
[2026-07-09T09:08:46.692+0000] {processor.py:157} INFO - Started process (PID=1917) to work on /opt/airflow/dags/predict_daily.py
[2026-07-09T09:08:46.693+0000] {processor.py:829} INFO - Processing file /opt/airflow/dags/predict_daily.py for tasks to queue
[2026-07-09T09:08:46.695+0000] {logging_mixin.py:151} INFO - [2026-07-09T09:08:46.694+0000] {dagbag.py:539} INFO - Filling up the DagBag from /opt/airflow/dags/predict_daily.py
[2026-07-09T09:08:49.294+0000] {processor.py:841} WARNING - No viable dags retrieved from /opt/airflow/dags/predict_daily.py
[2026-07-09T09:08:49.311+0000] {processor.py:179} INFO - Processing /opt/airflow/dags/predict_daily.py took 2.624 seconds
[2026-07-09T09:09:19.692+0000] {processor.py:157} INFO - Started process (PID=1950) to work on /opt/airflow/dags/predict_daily.py
[2026-07-09T09:09:19.694+0000] {processor.py:829} INFO - Processing file /opt/airflow/dags/predict_daily.py for tasks to queue
[2026-07-09T09:09:19.696+0000] {logging_mixin.py:151} INFO - [2026-07-09T09:09:19.695+0000] {dagbag.py:539} INFO - Filling up the DagBag from /opt/airflow/dags/predict_daily.py
[2026-07-09T09:09:22.178+0000] {processor.py:841} WARNING - No viable dags retrieved from /opt/airflow/dags/predict_daily.py
[2026-07-09T09:09:22.197+0000] {processor.py:179} INFO - Processing /opt/airflow/dags/predict_daily.py took 2.510 seconds
[2026-07-09T09:09:52.622+0000] {processor.py:157} INFO - Started process (PID=1983) to work on /opt/airflow/dags/predict_daily.py
[2026-07-09T09:09:52.623+0000] {processor.py:829} INFO - Processing file /opt/airflow/dags/predict_daily.py for tasks to queue
[2026-07-09T09:09:52.625+0000] {logging_mixin.py:151} INFO - [2026-07-09T09:09:52.624+0000] {dagbag.py:539} INFO - Filling up the DagBag from /opt/airflow/dags/predict_daily.py
[2026-07-09T09:09:55.471+0000] {processor.py:841} WARNING - No viable dags retrieved from /opt/airflow/dags/predict_daily.py
[2026-07-09T09:09:55.484+0000] {processor.py:179} INFO - Processing /opt/airflow/dags/predict_daily.py took 2.867 seconds
[2026-07-09T09:10:25.855+0000] {processor.py:157} INFO - Started process (PID=2016) to work on /opt/airflow/dags/predict_daily.py
[2026-07-09T09:10:25.857+0000] {processor.py:829} INFO - Processing file /opt/airflow/dags/predict_daily.py for tasks to queue
[2026-07-09T09:10:25.858+0000] {logging_mixin.py:151} INFO - [2026-07-09T09:10:25.858+0000] {dagbag.py:539} INFO - Filling up the DagBag from /opt/airflow/dags/predict_daily.py
[2026-07-09T09:10:28.924+0000] {processor.py:841} WARNING - No viable dags retrieved from /opt/airflow/dags/predict_daily.py
[2026-07-09T09:10:28.950+0000] {processor.py:179} INFO - Processing /opt/airflow/dags/predict_daily.py took 3.101 seconds
[2026-07-09T09:10:59.126+0000] {processor.py:157} INFO - Started process (PID=2049) to work on /opt/airflow/dags/predict_daily.py
[2026-07-09T09:10:59.127+0000] {processor.py:829} INFO - Processing file /opt/airflow/dags/predict_daily.py for tasks to queue
[2026-07-09T09:10:59.129+0000] {logging_mixin.py:151} INFO - [2026-07-09T09:10:59.128+0000] {dagbag.py:539} INFO - Filling up the DagBag from /opt/airflow/dags/predict_daily.py
[2026-07-09T09:11:01.715+0000] {processor.py:841} WARNING - No viable dags retrieved from /opt/airflow/dags/predict_daily.py
[2026-07-09T09:11:01.732+0000] {processor.py:179} INFO - Processing /opt/airflow/dags/predict_daily.py took 2.611 seconds
[2026-07-09T09:11:32.133+0000] {processor.py:157} INFO - Started process (PID=2082) to work on /opt/airflow/dags/predict_daily.py
[2026-07-09T09:11:32.135+0000] {processor.py:829} INFO - Processing file /opt/airflow/dags/predict_daily.py for tasks to queue
[2026-07-09T09:11:32.136+0000] {logging_mixin.py:151} INFO - [2026-07-09T09:11:32.136+0000] {dagbag.py:539} INFO - Filling up the DagBag from /opt/airflow/dags/predict_daily.py
[2026-07-09T09:11:35.303+0000] {processor.py:841} WARNING - No viable dags retrieved from /opt/airflow/dags/predict_daily.py
[2026-07-09T09:11:35.322+0000] {processor.py:179} INFO - Processing /opt/airflow/dags/predict_daily.py took 3.196 seconds
[2026-07-09T09:12:05.520+0000] {processor.py:157} INFO - Started process (PID=2120) to work on /opt/airflow/dags/predict_daily.py
[2026-07-09T09:12:05.522+0000] {processor.py:829} INFO - Processing file /opt/airflow/dags/predict_daily.py for tasks to queue
[2026-07-09T09:12:05.524+0000] {logging_mixin.py:151} INFO - [2026-07-09T09:12:05.523+0000] {dagbag.py:539} INFO - Filling up the DagBag from /opt/airflow/dags/predict_daily.py
[2026-07-09T09:12:08.314+0000] {processor.py:841} WARNING - No viable dags retrieved from /opt/airflow/dags/predict_daily.py
[2026-07-09T09:12:08.329+0000] {processor.py:179} INFO - Processing /opt/airflow/dags/predict_daily.py took 2.813 seconds
[2026-07-09T09:12:39.139+0000] {processor.py:157} INFO - Started process (PID=2153) to work on /opt/airflow/dags/predict_daily.py
[2026-07-09T09:12:39.142+0000] {processor.py:829} INFO - Processing file /opt/airflow/dags/predict_daily.py for tasks to queue
[2026-07-09T09:12:39.144+0000] {logging_mixin.py:151} INFO - [2026-07-09T09:12:39.144+0000] {dagbag.py:539} INFO - Filling up the DagBag from /opt/airflow/dags/predict_daily.py
[2026-07-09T09:12:42.413+0000] {processor.py:841} WARNING - No viable dags retrieved from /opt/airflow/dags/predict_daily.py
[2026-07-09T09:12:42.427+0000] {processor.py:179} INFO - Processing /opt/airflow/dags/predict_daily.py took 3.294 seconds
[2026-07-09T09:13:12.834+0000] {processor.py:157} INFO - Started process (PID=2194) to work on /opt/airflow/dags/predict_daily.py
[2026-07-09T09:13:12.836+0000] {processor.py:829} INFO - Processing file /opt/airflow/dags/predict_daily.py for tasks to queue
[2026-07-09T09:13:12.837+0000] {logging_mixin.py:151} INFO - [2026-07-09T09:13:12.837+0000] {dagbag.py:539} INFO - Filling up the DagBag from /opt/airflow/dags/predict_daily.py
[2026-07-09T09:13:16.290+0000] {processor.py:841} WARNING - No viable dags retrieved from /opt/airflow/dags/predict_daily.py
[2026-07-09T09:13:16.307+0000] {processor.py:179} INFO - Processing /opt/airflow/dags/predict_daily.py took 3.478 seconds
[2026-07-09T09:13:46.549+0000] {processor.py:157} INFO - Started process (PID=2227) to work on /opt/airflow/dags/predict_daily.py
[2026-07-09T09:13:46.551+0000] {processor.py:829} INFO - Processing file /opt/airflow/dags/predict_daily.py for tasks to queue
[2026-07-09T09:13:46.553+0000] {logging_mixin.py:151} INFO - [2026-07-09T09:13:46.553+0000] {dagbag.py:539} INFO - Filling up the DagBag from /opt/airflow/dags/predict_daily.py
[2026-07-09T09:13:49.597+0000] {processor.py:841} WARNING - No viable dags retrieved from /opt/airflow/dags/predict_daily.py
[2026-07-09T09:13:49.612+0000] {processor.py:179} INFO - Processing /opt/airflow/dags/predict_daily.py took 3.069 seconds
[2026-07-09T09:14:19.946+0000] {processor.py:157} INFO - Started process (PID=2259) to work on /opt/airflow/dags/predict_daily.py
[2026-07-09T09:14:19.948+0000] {processor.py:829} INFO - Processing file /opt/airflow/dags/predict_daily.py for tasks to queue
[2026-07-09T09:14:19.949+0000] {logging_mixin.py:151} INFO - [2026-07-09T09:14:19.948+0000] {dagbag.py:539} INFO - Filling up the DagBag from /opt/airflow/dags/predict_daily.py
[2026-07-09T09:14:22.831+0000] {processor.py:841} WARNING - No viable dags retrieved from /opt/airflow/dags/predict_daily.py
[2026-07-09T09:14:22.861+0000] {processor.py:179} INFO - Processing /opt/airflow/dags/predict_daily.py took 2.920 seconds
[2026-07-09T09:14:53.653+0000] {processor.py:157} INFO - Started process (PID=2292) to work on /opt/airflow/dags/predict_daily.py
[2026-07-09T09:14:53.654+0000] {processor.py:829} INFO - Processing file /opt/airflow/dags/predict_daily.py for tasks to queue
[2026-07-09T09:14:53.655+0000] {logging_mixin.py:151} INFO - [2026-07-09T09:14:53.655+0000] {dagbag.py:539} INFO - Filling up the DagBag from /opt/airflow/dags/predict_daily.py
[2026-07-09T09:14:56.734+0000] {processor.py:841} WARNING - No viable dags retrieved from /opt/airflow/dags/predict_daily.py
[2026-07-09T09:14:56.859+0000] {processor.py:179} INFO - Processing /opt/airflow/dags/predict_daily.py took 3.210 seconds
[2026-07-09T09:15:27.077+0000] {processor.py:157} INFO - Started process (PID=2325) to work on /opt/airflow/dags/predict_daily.py
[2026-07-09T09:15:27.079+0000] {processor.py:829} INFO - Processing file /opt/airflow/dags/predict_daily.py for tasks to queue
[2026-07-09T09:15:27.080+0000] {logging_mixin.py:151} INFO - [2026-07-09T09:15:27.080+0000] {dagbag.py:539} INFO - Filling up the DagBag from /opt/airflow/dags/predict_daily.py
[2026-07-09T09:15:29.732+0000] {processor.py:841} WARNING - No viable dags retrieved from /opt/airflow/dags/predict_daily.py
[2026-07-09T09:15:29.748+0000] {processor.py:179} INFO - Processing /opt/airflow/dags/predict_daily.py took 2.677 seconds
[2026-07-09T09:16:00.240+0000] {processor.py:157} INFO - Started process (PID=2358) to work on /opt/airflow/dags/predict_daily.py
[2026-07-09T09:16:00.241+0000] {processor.py:829} INFO - Processing file /opt/airflow/dags/predict_daily.py for tasks to queue
[2026-07-09T09:16:00.243+0000] {logging_mixin.py:151} INFO - [2026-07-09T09:16:00.242+0000] {dagbag.py:539} INFO - Filling up the DagBag from /opt/airflow/dags/predict_daily.py
[2026-07-09T09:16:02.968+0000] {processor.py:841} WARNING - No viable dags retrieved from /opt/airflow/dags/predict_daily.py
[2026-07-09T09:16:02.983+0000] {processor.py:179} INFO - Processing /opt/airflow/dags/predict_daily.py took 2.749 seconds
[2026-07-09T09:16:33.662+0000] {processor.py:157} INFO - Started process (PID=2391) to work on /opt/airflow/dags/predict_daily.py
[2026-07-09T09:16:33.664+0000] {processor.py:829} INFO - Processing file /opt/airflow/dags/predict_daily.py for tasks to queue
[2026-07-09T09:16:33.665+0000] {logging_mixin.py:151} INFO - [2026-07-09T09:16:33.665+0000] {dagbag.py:539} INFO - Filling up the DagBag from /opt/airflow/dags/predict_daily.py
[2026-07-09T09:16:36.209+0000] {processor.py:841} WARNING - No viable dags retrieved from /opt/airflow/dags/predict_daily.py
[2026-07-09T09:16:36.220+0000] {processor.py:179} INFO - Processing /opt/airflow/dags/predict_daily.py took 2.563 seconds
[2026-07-09T09:17:06.688+0000] {processor.py:157} INFO - Started process (PID=2424) to work on /opt/airflow/dags/predict_daily.py
[2026-07-09T09:17:06.689+0000] {processor.py:829} INFO - Processing file /opt/airflow/dags/predict_daily.py for tasks to queue
[2026-07-09T09:17:06.691+0000] {logging_mixin.py:151} INFO - [2026-07-09T09:17:06.690+0000] {dagbag.py:539} INFO - Filling up the DagBag from /opt/airflow/dags/predict_daily.py
[2026-07-09T09:17:09.496+0000] {processor.py:841} WARNING - No viable dags retrieved from /opt/airflow/dags/predict_daily.py
[2026-07-09T09:17:09.509+0000] {processor.py:179} INFO - Processing /opt/airflow/dags/predict_daily.py took 2.825 seconds
[2026-07-09T09:17:39.750+0000] {processor.py:157} INFO - Started process (PID=2457) to work on /opt/airflow/dags/predict_daily.py
[2026-07-09T09:17:39.752+0000] {processor.py:829} INFO - Processing file /opt/airflow/dags/predict_daily.py for tasks to queue
[2026-07-09T09:17:39.753+0000] {logging_mixin.py:151} INFO - [2026-07-09T09:17:39.752+0000] {dagbag.py:539} INFO - Filling up the DagBag from /opt/airflow/dags/predict_daily.py
[2026-07-09T09:17:42.356+0000] {processor.py:841} WARNING - No viable dags retrieved from /opt/airflow/dags/predict_daily.py
[2026-07-09T09:17:42.371+0000] {processor.py:179} INFO - Processing /opt/airflow/dags/predict_daily.py took 2.625 seconds
[2026-07-09T09:18:12.775+0000] {processor.py:157} INFO - Started process (PID=2502) to work on /opt/airflow/dags/predict_daily.py
[2026-07-09T09:18:12.776+0000] {processor.py:829} INFO - Processing file /opt/airflow/dags/predict_daily.py for tasks to queue
[2026-07-09T09:18:12.777+0000] {logging_mixin.py:151} INFO - [2026-07-09T09:18:12.777+0000] {dagbag.py:539} INFO - Filling up the DagBag from /opt/airflow/dags/predict_daily.py
[2026-07-09T09:18:15.275+0000] {processor.py:841} WARNING - No viable dags retrieved from /opt/airflow/dags/predict_daily.py
[2026-07-09T09:18:15.290+0000] {processor.py:179} INFO - Processing /opt/airflow/dags/predict_daily.py took 2.520 seconds
[2026-07-09T09:18:45.867+0000] {processor.py:157} INFO - Started process (PID=2535) to work on /opt/airflow/dags/predict_daily.py
[2026-07-09T09:18:45.868+0000] {processor.py:829} INFO - Processing file /opt/airflow/dags/predict_daily.py for tasks to queue
[2026-07-09T09:18:45.869+0000] {logging_mixin.py:151} INFO - [2026-07-09T09:18:45.869+0000] {dagbag.py:539} INFO - Filling up the DagBag from /opt/airflow/dags/predict_daily.py
[2026-07-09T09:18:48.465+0000] {processor.py:841} WARNING - No viable dags retrieved from /opt/airflow/dags/predict_daily.py
[2026-07-09T09:18:48.477+0000] {processor.py:179} INFO - Processing /opt/airflow/dags/predict_daily.py took 2.614 seconds
[2026-07-09T09:19:18.813+0000] {processor.py:157} INFO - Started process (PID=2568) to work on /opt/airflow/dags/predict_daily.py
[2026-07-09T09:19:18.816+0000] {processor.py:829} INFO - Processing file /opt/airflow/dags/predict_daily.py for tasks to queue
[2026-07-09T09:19:18.817+0000] {logging_mixin.py:151} INFO - [2026-07-09T09:19:18.817+0000] {dagbag.py:539} INFO - Filling up the DagBag from /opt/airflow/dags/predict_daily.py
[2026-07-09T09:19:21.323+0000] {processor.py:841} WARNING - No viable dags retrieved from /opt/airflow/dags/predict_daily.py
[2026-07-09T09:19:21.335+0000] {processor.py:179} INFO - Processing /opt/airflow/dags/predict_daily.py took 2.527 seconds
[2026-07-09T09:19:51.473+0000] {processor.py:157} INFO - Started process (PID=2601) to work on /opt/airflow/dags/predict_daily.py
[2026-07-09T09:19:51.474+0000] {processor.py:829} INFO - Processing file /opt/airflow/dags/predict_daily.py for tasks to queue
[2026-07-09T09:19:51.475+0000] {logging_mixin.py:151} INFO - [2026-07-09T09:19:51.475+0000] {dagbag.py:539} INFO - Filling up the DagBag from /opt/airflow/dags/predict_daily.py
[2026-07-09T09:19:54.084+0000] {processor.py:841} WARNING - No viable dags retrieved from /opt/airflow/dags/predict_daily.py
[2026-07-09T09:19:54.095+0000] {processor.py:179} INFO - Processing /opt/airflow/dags/predict_daily.py took 2.627 seconds
[2026-07-09T09:20:24.777+0000] {processor.py:157} INFO - Started process (PID=2634) to work on /opt/airflow/dags/predict_daily.py
[2026-07-09T09:20:24.778+0000] {processor.py:829} INFO - Processing file /opt/airflow/dags/predict_daily.py for tasks to queue
[2026-07-09T09:20:24.779+0000] {logging_mixin.py:151} INFO - [2026-07-09T09:20:24.779+0000] {dagbag.py:539} INFO - Filling up the DagBag from /opt/airflow/dags/predict_daily.py
[2026-07-09T09:20:27.318+0000] {processor.py:841} WARNING - No viable dags retrieved from /opt/airflow/dags/predict_daily.py
[2026-07-09T09:20:27.332+0000] {processor.py:179} INFO - Processing /opt/airflow/dags/predict_daily.py took 2.559 seconds
[2026-07-09T09:20:58.111+0000] {processor.py:157} INFO - Started process (PID=2667) to work on /opt/airflow/dags/predict_daily.py
[2026-07-09T09:20:58.112+0000] {processor.py:829} INFO - Processing file /opt/airflow/dags/predict_daily.py for tasks to queue
[2026-07-09T09:20:58.113+0000] {logging_mixin.py:151} INFO - [2026-07-09T09:20:58.112+0000] {dagbag.py:539} INFO - Filling up the DagBag from /opt/airflow/dags/predict_daily.py
[2026-07-09T09:21:00.571+0000] {processor.py:841} WARNING - No viable dags retrieved from /opt/airflow/dags/predict_daily.py
[2026-07-09T09:21:00.587+0000] {processor.py:179} INFO - Processing /opt/airflow/dags/predict_daily.py took 2.480 seconds
[2026-07-09T09:21:30.688+0000] {processor.py:157} INFO - Started process (PID=2700) to work on /opt/airflow/dags/predict_daily.py
[2026-07-09T09:21:30.689+0000] {processor.py:829} INFO - Processing file /opt/airflow/dags/predict_daily.py for tasks to queue
[2026-07-09T09:21:30.690+0000] {logging_mixin.py:151} INFO - [2026-07-09T09:21:30.690+0000] {dagbag.py:539} INFO - Filling up the DagBag from /opt/airflow/dags/predict_daily.py
[2026-07-09T09:21:33.747+0000] {processor.py:841} WARNING - No viable dags retrieved from /opt/airflow/dags/predict_daily.py
[2026-07-09T09:21:33.763+0000] {processor.py:179} INFO - Processing /opt/airflow/dags/predict_daily.py took 3.078 seconds
[2026-07-09T09:22:04.817+0000] {processor.py:157} INFO - Started process (PID=2734) to work on /opt/airflow/dags/predict_daily.py
[2026-07-09T09:22:04.818+0000] {processor.py:829} INFO - Processing file /opt/airflow/dags/predict_daily.py for tasks to queue
[2026-07-09T09:22:04.819+0000] {logging_mixin.py:151} INFO - [2026-07-09T09:22:04.819+0000] {dagbag.py:539} INFO - Filling up the DagBag from /opt/airflow/dags/predict_daily.py
[2026-07-09T09:22:07.319+0000] {processor.py:841} WARNING - No viable dags retrieved from /opt/airflow/dags/predict_daily.py
[2026-07-09T09:22:07.334+0000] {processor.py:179} INFO - Processing /opt/airflow/dags/predict_daily.py took 2.520 seconds
[2026-07-09T09:22:38.058+0000] {processor.py:157} INFO - Started process (PID=2767) to work on /opt/airflow/dags/predict_daily.py
[2026-07-09T09:22:38.059+0000] {processor.py:829} INFO - Processing file /opt/airflow/dags/predict_daily.py for tasks to queue
[2026-07-09T09:22:38.060+0000] {logging_mixin.py:151} INFO - [2026-07-09T09:22:38.060+0000] {dagbag.py:539} INFO - Filling up the DagBag from /opt/airflow/dags/predict_daily.py
[2026-07-09T09:22:40.458+0000] {processor.py:841} WARNING - No viable dags retrieved from /opt/airflow/dags/predict_daily.py
[2026-07-09T09:22:40.469+0000] {processor.py:179} INFO - Processing /opt/airflow/dags/predict_daily.py took 2.416 seconds
[2026-07-09T09:23:11.112+0000] {processor.py:157} INFO - Started process (PID=2800) to work on /opt/airflow/dags/predict_daily.py
[2026-07-09T09:23:11.113+0000] {processor.py:829} INFO - Processing file /opt/airflow/dags/predict_daily.py for tasks to queue
[2026-07-09T09:23:11.114+0000] {logging_mixin.py:151} INFO - [2026-07-09T09:23:11.114+0000] {dagbag.py:539} INFO - Filling up the DagBag from /opt/airflow/dags/predict_daily.py
[2026-07-09T09:23:13.725+0000] {processor.py:841} WARNING - No viable dags retrieved from /opt/airflow/dags/predict_daily.py
[2026-07-09T09:23:13.739+0000] {processor.py:179} INFO - Processing /opt/airflow/dags/predict_daily.py took 2.631 seconds
[2026-07-09T09:23:43.868+0000] {processor.py:157} INFO - Started process (PID=2840) to work on /opt/airflow/dags/predict_daily.py
[2026-07-09T09:23:43.869+0000] {processor.py:829} INFO - Processing file /opt/airflow/dags/predict_daily.py for tasks to queue
[2026-07-09T09:23:43.870+0000] {logging_mixin.py:151} INFO - [2026-07-09T09:23:43.870+0000] {dagbag.py:539} INFO - Filling up the DagBag from /opt/airflow/dags/predict_daily.py
[2026-07-09T09:23:46.328+0000] {processor.py:841} WARNING - No viable dags retrieved from /opt/airflow/dags/predict_daily.py
[2026-07-09T09:23:46.348+0000] {processor.py:179} INFO - Processing /opt/airflow/dags/predict_daily.py took 2.486 seconds
[2026-07-09T09:24:17.231+0000] {processor.py:157} INFO - Started process (PID=2878) to work on /opt/airflow/dags/predict_daily.py
[2026-07-09T09:24:17.233+0000] {processor.py:829} INFO - Processing file /opt/airflow/dags/predict_daily.py for tasks to queue
[2026-07-09T09:24:17.234+0000] {logging_mixin.py:151} INFO - [2026-07-09T09:24:17.234+0000] {dagbag.py:539} INFO - Filling up the DagBag from /opt/airflow/dags/predict_daily.py
[2026-07-09T09:24:20.037+0000] {processor.py:841} WARNING - No viable dags retrieved from /opt/airflow/dags/predict_daily.py
[2026-07-09T09:24:20.049+0000] {processor.py:179} INFO - Processing /opt/airflow/dags/predict_daily.py took 2.822 seconds
[2026-07-09T09:24:50.528+0000] {processor.py:157} INFO - Started process (PID=2911) to work on /opt/airflow/dags/predict_daily.py
[2026-07-09T09:24:50.529+0000] {processor.py:829} INFO - Processing file /opt/airflow/dags/predict_daily.py for tasks to queue
[2026-07-09T09:24:50.530+0000] {logging_mixin.py:151} INFO - [2026-07-09T09:24:50.530+0000] {dagbag.py:539} INFO - Filling up the DagBag from /opt/airflow/dags/predict_daily.py
[2026-07-09T09:24:52.939+0000] {processor.py:841} WARNING - No viable dags retrieved from /opt/airflow/dags/predict_daily.py
[2026-07-09T09:24:52.951+0000] {processor.py:179} INFO - Processing /opt/airflow/dags/predict_daily.py took 2.427 seconds
[2026-07-09T09:25:23.605+0000] {processor.py:157} INFO - Started process (PID=2944) to work on /opt/airflow/dags/predict_daily.py
[2026-07-09T09:25:23.607+0000] {processor.py:829} INFO - Processing file /opt/airflow/dags/predict_daily.py for tasks to queue
[2026-07-09T09:25:23.609+0000] {logging_mixin.py:151} INFO - [2026-07-09T09:25:23.608+0000] {dagbag.py:539} INFO - Filling up the DagBag from /opt/airflow/dags/predict_daily.py
[2026-07-09T09:25:26.457+0000] {processor.py:841} WARNING - No viable dags retrieved from /opt/airflow/dags/predict_daily.py
[2026-07-09T09:25:26.473+0000] {processor.py:179} INFO - Processing /opt/airflow/dags/predict_daily.py took 2.877 seconds
[2026-07-09T09:25:57.028+0000] {processor.py:157} INFO - Started process (PID=2977) to work on /opt/airflow/dags/predict_daily.py
[2026-07-09T09:25:57.030+0000] {processor.py:829} INFO - Processing file /opt/airflow/dags/predict_daily.py for tasks to queue
[2026-07-09T09:25:57.031+0000] {logging_mixin.py:151} INFO - [2026-07-09T09:25:57.031+0000] {dagbag.py:539} INFO - Filling up the DagBag from /opt/airflow/dags/predict_daily.py
[2026-07-09T09:25:59.649+0000] {processor.py:841} WARNING - No viable dags retrieved from /opt/airflow/dags/predict_daily.py
[2026-07-09T09:25:59.665+0000] {processor.py:179} INFO - Processing /opt/airflow/dags/predict_daily.py took 2.644 seconds
[2026-07-09T09:26:30.703+0000] {processor.py:157} INFO - Started process (PID=3010) to work on /opt/airflow/dags/predict_daily.py
[2026-07-09T09:26:30.704+0000] {processor.py:829} INFO - Processing file /opt/airflow/dags/predict_daily.py for tasks to queue
[2026-07-09T09:26:30.706+0000] {logging_mixin.py:151} INFO - [2026-07-09T09:26:30.705+0000] {dagbag.py:539} INFO - Filling up the DagBag from /opt/airflow/dags/predict_daily.py
[2026-07-09T09:26:33.430+0000] {processor.py:841} WARNING - No viable dags retrieved from /opt/airflow/dags/predict_daily.py
[2026-07-09T09:26:33.446+0000] {processor.py:179} INFO - Processing /opt/airflow/dags/predict_daily.py took 2.747 seconds
[2026-07-09T09:27:03.723+0000] {processor.py:157} INFO - Started process (PID=3043) to work on /opt/airflow/dags/predict_daily.py
[2026-07-09T09:27:03.724+0000] {processor.py:829} INFO - Processing file /opt/airflow/dags/predict_daily.py for tasks to queue
[2026-07-09T09:27:03.726+0000] {logging_mixin.py:151} INFO - [2026-07-09T09:27:03.725+0000] {dagbag.py:539} INFO - Filling up the DagBag from /opt/airflow/dags/predict_daily.py
[2026-07-09T09:27:06.408+0000] {processor.py:841} WARNING - No viable dags retrieved from /opt/airflow/dags/predict_daily.py
[2026-07-09T09:27:06.420+0000] {processor.py:179} INFO - Processing /opt/airflow/dags/predict_daily.py took 2.702 seconds
[2026-07-09T09:27:36.923+0000] {processor.py:157} INFO - Started process (PID=3076) to work on /opt/airflow/dags/predict_daily.py
[2026-07-09T09:27:36.924+0000] {processor.py:829} INFO - Processing file /opt/airflow/dags/predict_daily.py for tasks to queue
[2026-07-09T09:27:36.925+0000] {logging_mixin.py:151} INFO - [2026-07-09T09:27:36.925+0000] {dagbag.py:539} INFO - Filling up the DagBag from /opt/airflow/dags/predict_daily.py
[2026-07-09T09:27:39.592+0000] {processor.py:841} WARNING - No viable dags retrieved from /opt/airflow/dags/predict_daily.py
[2026-07-09T09:27:39.603+0000] {processor.py:179} INFO - Processing /opt/airflow/dags/predict_daily.py took 2.683 seconds
[2026-07-09T09:28:10.559+0000] {processor.py:157} INFO - Started process (PID=3109) to work on /opt/airflow/dags/predict_daily.py
[2026-07-09T09:28:10.560+0000] {processor.py:829} INFO - Processing file /opt/airflow/dags/predict_daily.py for tasks to queue
[2026-07-09T09:28:10.562+0000] {logging_mixin.py:151} INFO - [2026-07-09T09:28:10.561+0000] {dagbag.py:539} INFO - Filling up the DagBag from /opt/airflow/dags/predict_daily.py
[2026-07-09T09:28:12.966+0000] {processor.py:841} WARNING - No viable dags retrieved from /opt/airflow/dags/predict_daily.py
[2026-07-09T09:28:12.979+0000] {processor.py:179} INFO - Processing /opt/airflow/dags/predict_daily.py took 2.424 seconds
[2026-07-09T09:28:43.923+0000] {processor.py:157} INFO - Started process (PID=3141) to work on /opt/airflow/dags/predict_daily.py
[2026-07-09T09:28:43.924+0000] {processor.py:829} INFO - Processing file /opt/airflow/dags/predict_daily.py for tasks to queue
[2026-07-09T09:28:43.925+0000] {logging_mixin.py:151} INFO - [2026-07-09T09:28:43.925+0000] {dagbag.py:539} INFO - Filling up the DagBag from /opt/airflow/dags/predict_daily.py
[2026-07-09T09:28:46.361+0000] {processor.py:841} WARNING - No viable dags retrieved from /opt/airflow/dags/predict_daily.py
[2026-07-09T09:28:46.375+0000] {processor.py:179} INFO - Processing /opt/airflow/dags/predict_daily.py took 2.455 seconds
[2026-07-09T09:29:16.985+0000] {processor.py:157} INFO - Started process (PID=3181) to work on /opt/airflow/dags/predict_daily.py
[2026-07-09T09:29:16.986+0000] {processor.py:829} INFO - Processing file /opt/airflow/dags/predict_daily.py for tasks to queue
[2026-07-09T09:29:16.987+0000] {logging_mixin.py:151} INFO - [2026-07-09T09:29:16.987+0000] {dagbag.py:539} INFO - Filling up the DagBag from /opt/airflow/dags/predict_daily.py
[2026-07-09T09:29:19.677+0000] {processor.py:841} WARNING - No viable dags retrieved from /opt/airflow/dags/predict_daily.py
[2026-07-09T09:29:19.695+0000] {processor.py:179} INFO - Processing /opt/airflow/dags/predict_daily.py took 2.713 seconds
[2026-07-09T09:29:50.157+0000] {processor.py:157} INFO - Started process (PID=3214) to work on /opt/airflow/dags/predict_daily.py
[2026-07-09T09:29:50.158+0000] {processor.py:829} INFO - Processing file /opt/airflow/dags/predict_daily.py for tasks to queue
[2026-07-09T09:29:50.160+0000] {logging_mixin.py:151} INFO - [2026-07-09T09:29:50.159+0000] {dagbag.py:539} INFO - Filling up the DagBag from /opt/airflow/dags/predict_daily.py
[2026-07-09T09:29:52.947+0000] {processor.py:841} WARNING - No viable dags retrieved from /opt/airflow/dags/predict_daily.py
[2026-07-09T09:29:52.963+0000] {processor.py:179} INFO - Processing /opt/airflow/dags/predict_daily.py took 2.809 seconds
[2026-07-09T09:30:23.305+0000] {processor.py:157} INFO - Started process (PID=3252) to work on /opt/airflow/dags/predict_daily.py
[2026-07-09T09:30:23.306+0000] {processor.py:829} INFO - Processing file /opt/airflow/dags/predict_daily.py for tasks to queue
[2026-07-09T09:30:23.307+0000] {logging_mixin.py:151} INFO - [2026-07-09T09:30:23.307+0000] {dagbag.py:539} INFO - Filling up the DagBag from /opt/airflow/dags/predict_daily.py
[2026-07-09T09:30:26.129+0000] {processor.py:841} WARNING - No viable dags retrieved from /opt/airflow/dags/predict_daily.py
[2026-07-09T09:30:26.147+0000] {processor.py:179} INFO - Processing /opt/airflow/dags/predict_daily.py took 2.846 seconds
[2026-07-09T09:30:56.805+0000] {processor.py:157} INFO - Started process (PID=3285) to work on /opt/airflow/dags/predict_daily.py
[2026-07-09T09:30:56.806+0000] {processor.py:829} INFO - Processing file /opt/airflow/dags/predict_daily.py for tasks to queue
[2026-07-09T09:30:56.808+0000] {logging_mixin.py:151} INFO - [2026-07-09T09:30:56.808+0000] {dagbag.py:539} INFO - Filling up the DagBag from /opt/airflow/dags/predict_daily.py
[2026-07-09T09:31:00.018+0000] {processor.py:841} WARNING - No viable dags retrieved from /opt/airflow/dags/predict_daily.py
[2026-07-09T09:31:00.031+0000] {processor.py:179} INFO - Processing /opt/airflow/dags/predict_daily.py took 3.236 seconds
[2026-07-09T09:31:30.297+0000] {processor.py:157} INFO - Started process (PID=3317) to work on /opt/airflow/dags/predict_daily.py
[2026-07-09T09:31:30.298+0000] {processor.py:829} INFO - Processing file /opt/airflow/dags/predict_daily.py for tasks to queue
[2026-07-09T09:31:30.299+0000] {logging_mixin.py:151} INFO - [2026-07-09T09:31:30.299+0000] {dagbag.py:539} INFO - Filling up the DagBag from /opt/airflow/dags/predict_daily.py
[2026-07-09T09:31:32.824+0000] {processor.py:841} WARNING - No viable dags retrieved from /opt/airflow/dags/predict_daily.py
[2026-07-09T09:31:32.838+0000] {processor.py:179} INFO - Processing /opt/airflow/dags/predict_daily.py took 2.545 seconds
[2026-07-09T09:32:03.641+0000] {processor.py:157} INFO - Started process (PID=3350) to work on /opt/airflow/dags/predict_daily.py
[2026-07-09T09:32:03.642+0000] {processor.py:829} INFO - Processing file /opt/airflow/dags/predict_daily.py for tasks to queue
[2026-07-09T09:32:03.644+0000] {logging_mixin.py:151} INFO - [2026-07-09T09:32:03.643+0000] {dagbag.py:539} INFO - Filling up the DagBag from /opt/airflow/dags/predict_daily.py
[2026-07-09T09:32:06.251+0000] {processor.py:841} WARNING - No viable dags retrieved from /opt/airflow/dags/predict_daily.py
[2026-07-09T09:32:06.261+0000] {processor.py:179} INFO - Processing /opt/airflow/dags/predict_daily.py took 2.625 seconds
[2026-07-09T09:32:36.960+0000] {processor.py:157} INFO - Started process (PID=3383) to work on /opt/airflow/dags/predict_daily.py
[2026-07-09T09:32:36.961+0000] {processor.py:829} INFO - Processing file /opt/airflow/dags/predict_daily.py for tasks to queue
[2026-07-09T09:32:36.962+0000] {logging_mixin.py:151} INFO - [2026-07-09T09:32:36.962+0000] {dagbag.py:539} INFO - Filling up the DagBag from /opt/airflow/dags/predict_daily.py
[2026-07-09T09:32:39.737+0000] {processor.py:841} WARNING - No viable dags retrieved from /opt/airflow/dags/predict_daily.py
[2026-07-09T09:32:39.750+0000] {processor.py:179} INFO - Processing /opt/airflow/dags/predict_daily.py took 2.794 seconds
[2026-07-09T09:33:10.368+0000] {processor.py:157} INFO - Started process (PID=3416) to work on /opt/airflow/dags/predict_daily.py
[2026-07-09T09:33:10.369+0000] {processor.py:829} INFO - Processing file /opt/airflow/dags/predict_daily.py for tasks to queue
[2026-07-09T09:33:10.370+0000] {logging_mixin.py:151} INFO - [2026-07-09T09:33:10.370+0000] {dagbag.py:539} INFO - Filling up the DagBag from /opt/airflow/dags/predict_daily.py
[2026-07-09T09:33:12.833+0000] {processor.py:841} WARNING - No viable dags retrieved from /opt/airflow/dags/predict_daily.py
[2026-07-09T09:33:12.846+0000] {processor.py:179} INFO - Processing /opt/airflow/dags/predict_daily.py took 2.484 seconds
[2026-07-09T09:33:43.564+0000] {processor.py:157} INFO - Started process (PID=3450) to work on /opt/airflow/dags/predict_daily.py
[2026-07-09T09:33:43.566+0000] {processor.py:829} INFO - Processing file /opt/airflow/dags/predict_daily.py for tasks to queue
[2026-07-09T09:33:43.566+0000] {logging_mixin.py:151} INFO - [2026-07-09T09:33:43.566+0000] {dagbag.py:539} INFO - Filling up the DagBag from /opt/airflow/dags/predict_daily.py
[2026-07-09T09:33:46.166+0000] {processor.py:841} WARNING - No viable dags retrieved from /opt/airflow/dags/predict_daily.py
[2026-07-09T09:33:46.179+0000] {processor.py:179} INFO - Processing /opt/airflow/dags/predict_daily.py took 2.618 seconds
[2026-07-09T09:34:16.937+0000] {processor.py:157} INFO - Started process (PID=3490) to work on /opt/airflow/dags/predict_daily.py
[2026-07-09T09:34:16.939+0000] {processor.py:829} INFO - Processing file /opt/airflow/dags/predict_daily.py for tasks to queue
[2026-07-09T09:34:16.940+0000] {logging_mixin.py:151} INFO - [2026-07-09T09:34:16.939+0000] {dagbag.py:539} INFO - Filling up the DagBag from /opt/airflow/dags/predict_daily.py
[2026-07-09T09:34:19.576+0000] {processor.py:841} WARNING - No viable dags retrieved from /opt/airflow/dags/predict_daily.py
[2026-07-09T09:34:19.589+0000] {processor.py:179} INFO - Processing /opt/airflow/dags/predict_daily.py took 2.656 seconds
[2026-07-09T09:34:50.275+0000] {processor.py:157} INFO - Started process (PID=3523) to work on /opt/airflow/dags/predict_daily.py
[2026-07-09T09:34:50.276+0000] {processor.py:829} INFO - Processing file /opt/airflow/dags/predict_daily.py for tasks to queue
[2026-07-09T09:34:50.278+0000] {logging_mixin.py:151} INFO - [2026-07-09T09:34:50.277+0000] {dagbag.py:539} INFO - Filling up the DagBag from /opt/airflow/dags/predict_daily.py
[2026-07-09T09:34:53.159+0000] {processor.py:841} WARNING - No viable dags retrieved from /opt/airflow/dags/predict_daily.py
[2026-07-09T09:34:53.171+0000] {processor.py:179} INFO - Processing /opt/airflow/dags/predict_daily.py took 2.902 seconds
[2026-07-09T09:35:23.628+0000] {processor.py:157} INFO - Started process (PID=3556) to work on /opt/airflow/dags/predict_daily.py
[2026-07-09T09:35:23.629+0000] {processor.py:829} INFO - Processing file /opt/airflow/dags/predict_daily.py for tasks to queue
[2026-07-09T09:35:23.631+0000] {logging_mixin.py:151} INFO - [2026-07-09T09:35:23.630+0000] {dagbag.py:539} INFO - Filling up the DagBag from /opt/airflow/dags/predict_daily.py
[2026-07-09T09:35:26.713+0000] {processor.py:841} WARNING - No viable dags retrieved from /opt/airflow/dags/predict_daily.py
[2026-07-09T09:35:26.725+0000] {processor.py:179} INFO - Processing /opt/airflow/dags/predict_daily.py took 3.102 seconds
[2026-07-09T09:35:57.036+0000] {processor.py:157} INFO - Started process (PID=3594) to work on /opt/airflow/dags/predict_daily.py
[2026-07-09T09:35:57.037+0000] {processor.py:829} INFO - Processing file /opt/airflow/dags/predict_daily.py for tasks to queue
[2026-07-09T09:35:57.038+0000] {logging_mixin.py:151} INFO - [2026-07-09T09:35:57.038+0000] {dagbag.py:539} INFO - Filling up the DagBag from /opt/airflow/dags/predict_daily.py
[2026-07-09T09:35:59.889+0000] {processor.py:841} WARNING - No viable dags retrieved from /opt/airflow/dags/predict_daily.py
[2026-07-09T09:35:59.906+0000] {processor.py:179} INFO - Processing /opt/airflow/dags/predict_daily.py took 2.875 seconds
[2026-07-09T09:36:30.402+0000] {processor.py:157} INFO - Started process (PID=3628) to work on /opt/airflow/dags/predict_daily.py
[2026-07-09T09:36:30.403+0000] {processor.py:829} INFO - Processing file /opt/airflow/dags/predict_daily.py for tasks to queue
[2026-07-09T09:36:30.404+0000] {logging_mixin.py:151} INFO - [2026-07-09T09:36:30.404+0000] {dagbag.py:539} INFO - Filling up the DagBag from /opt/airflow/dags/predict_daily.py
[2026-07-09T09:36:33.142+0000] {processor.py:841} WARNING - No viable dags retrieved from /opt/airflow/dags/predict_daily.py
[2026-07-09T09:36:33.156+0000] {processor.py:179} INFO - Processing /opt/airflow/dags/predict_daily.py took 2.758 seconds
[2026-07-09T09:37:03.304+0000] {processor.py:157} INFO - Started process (PID=3661) to work on /opt/airflow/dags/predict_daily.py
[2026-07-09T09:37:03.306+0000] {processor.py:829} INFO - Processing file /opt/airflow/dags/predict_daily.py for tasks to queue
[2026-07-09T09:37:03.307+0000] {logging_mixin.py:151} INFO - [2026-07-09T09:37:03.307+0000] {dagbag.py:539} INFO - Filling up the DagBag from /opt/airflow/dags/predict_daily.py
[2026-07-09T09:37:06.198+0000] {processor.py:841} WARNING - No viable dags retrieved from /opt/airflow/dags/predict_daily.py
[2026-07-09T09:37:06.214+0000] {processor.py:179} INFO - Processing /opt/airflow/dags/predict_daily.py took 2.914 seconds
[2026-07-09T09:37:36.342+0000] {processor.py:157} INFO - Started process (PID=3694) to work on /opt/airflow/dags/predict_daily.py
[2026-07-09T09:37:36.344+0000] {processor.py:829} INFO - Processing file /opt/airflow/dags/predict_daily.py for tasks to queue
[2026-07-09T09:37:36.346+0000] {logging_mixin.py:151} INFO - [2026-07-09T09:37:36.345+0000] {dagbag.py:539} INFO - Filling up the DagBag from /opt/airflow/dags/predict_daily.py
[2026-07-09T09:37:39.092+0000] {processor.py:841} WARNING - No viable dags retrieved from /opt/airflow/dags/predict_daily.py
[2026-07-09T09:37:39.110+0000] {processor.py:179} INFO - Processing /opt/airflow/dags/predict_daily.py took 2.772 seconds
[2026-07-09T09:38:09.430+0000] {processor.py:157} INFO - Started process (PID=3727) to work on /opt/airflow/dags/predict_daily.py
[2026-07-09T09:38:09.431+0000] {processor.py:829} INFO - Processing file /opt/airflow/dags/predict_daily.py for tasks to queue
[2026-07-09T09:38:09.432+0000] {logging_mixin.py:151} INFO - [2026-07-09T09:38:09.432+0000] {dagbag.py:539} INFO - Filling up the DagBag from /opt/airflow/dags/predict_daily.py
[2026-07-09T09:38:11.994+0000] {processor.py:841} WARNING - No viable dags retrieved from /opt/airflow/dags/predict_daily.py
[2026-07-09T09:38:12.009+0000] {processor.py:179} INFO - Processing /opt/airflow/dags/predict_daily.py took 2.583 seconds
[2026-07-09T09:38:42.097+0000] {processor.py:157} INFO - Started process (PID=3760) to work on /opt/airflow/dags/predict_daily.py
[2026-07-09T09:38:42.098+0000] {processor.py:829} INFO - Processing file /opt/airflow/dags/predict_daily.py for tasks to queue
[2026-07-09T09:38:42.099+0000] {logging_mixin.py:151} INFO - [2026-07-09T09:38:42.099+0000] {dagbag.py:539} INFO - Filling up the DagBag from /opt/airflow/dags/predict_daily.py
[2026-07-09T09:38:44.770+0000] {processor.py:841} WARNING - No viable dags retrieved from /opt/airflow/dags/predict_daily.py
[2026-07-09T09:38:44.782+0000] {processor.py:179} INFO - Processing /opt/airflow/dags/predict_daily.py took 2.689 seconds
[2026-07-09T09:39:15.574+0000] {processor.py:157} INFO - Started process (PID=3793) to work on /opt/airflow/dags/predict_daily.py
[2026-07-09T09:39:15.575+0000] {processor.py:829} INFO - Processing file /opt/airflow/dags/predict_daily.py for tasks to queue
[2026-07-09T09:39:15.576+0000] {logging_mixin.py:151} INFO - [2026-07-09T09:39:15.576+0000] {dagbag.py:539} INFO - Filling up the DagBag from /opt/airflow/dags/predict_daily.py
[2026-07-09T09:39:18.053+0000] {processor.py:841} WARNING - No viable dags retrieved from /opt/airflow/dags/predict_daily.py
[2026-07-09T09:39:18.148+0000] {processor.py:179} INFO - Processing /opt/airflow/dags/predict_daily.py took 2.578 seconds
[2026-07-09T09:39:48.450+0000] {processor.py:157} INFO - Started process (PID=3834) to work on /opt/airflow/dags/predict_daily.py
[2026-07-09T09:39:48.452+0000] {processor.py:829} INFO - Processing file /opt/airflow/dags/predict_daily.py for tasks to queue
[2026-07-09T09:39:48.454+0000] {logging_mixin.py:151} INFO - [2026-07-09T09:39:48.453+0000] {dagbag.py:539} INFO - Filling up the DagBag from /opt/airflow/dags/predict_daily.py
[2026-07-09T09:39:51.340+0000] {processor.py:841} WARNING - No viable dags retrieved from /opt/airflow/dags/predict_daily.py
[2026-07-09T09:39:51.354+0000] {processor.py:179} INFO - Processing /opt/airflow/dags/predict_daily.py took 2.910 seconds
[2026-07-09T09:40:21.938+0000] {processor.py:157} INFO - Started process (PID=3867) to work on /opt/airflow/dags/predict_daily.py
[2026-07-09T09:40:21.939+0000] {processor.py:829} INFO - Processing file /opt/airflow/dags/predict_daily.py for tasks to queue
[2026-07-09T09:40:21.940+0000] {logging_mixin.py:151} INFO - [2026-07-09T09:40:21.940+0000] {dagbag.py:539} INFO - Filling up the DagBag from /opt/airflow/dags/predict_daily.py
[2026-07-09T09:40:24.472+0000] {processor.py:841} WARNING - No viable dags retrieved from /opt/airflow/dags/predict_daily.py
[2026-07-09T09:40:24.486+0000] {processor.py:179} INFO - Processing /opt/airflow/dags/predict_daily.py took 2.552 seconds
[2026-07-09T09:40:55.138+0000] {processor.py:157} INFO - Started process (PID=3900) to work on /opt/airflow/dags/predict_daily.py
[2026-07-09T09:40:55.140+0000] {processor.py:829} INFO - Processing file /opt/airflow/dags/predict_daily.py for tasks to queue
[2026-07-09T09:40:55.141+0000] {logging_mixin.py:151} INFO - [2026-07-09T09:40:55.140+0000] {dagbag.py:539} INFO - Filling up the DagBag from /opt/airflow/dags/predict_daily.py
[2026-07-09T09:40:57.601+0000] {processor.py:841} WARNING - No viable dags retrieved from /opt/airflow/dags/predict_daily.py
[2026-07-09T09:40:57.613+0000] {processor.py:179} INFO - Processing /opt/airflow/dags/predict_daily.py took 2.479 seconds
[2026-07-09T09:41:28.193+0000] {processor.py:157} INFO - Started process (PID=3933) to work on /opt/airflow/dags/predict_daily.py
[2026-07-09T09:41:28.195+0000] {processor.py:829} INFO - Processing file /opt/airflow/dags/predict_daily.py for tasks to queue
[2026-07-09T09:41:28.197+0000] {logging_mixin.py:151} INFO - [2026-07-09T09:41:28.196+0000] {dagbag.py:539} INFO - Filling up the DagBag from /opt/airflow/dags/predict_daily.py
[2026-07-09T09:41:30.931+0000] {processor.py:841} WARNING - No viable dags retrieved from /opt/airflow/dags/predict_daily.py
[2026-07-09T09:41:30.946+0000] {processor.py:179} INFO - Processing /opt/airflow/dags/predict_daily.py took 2.758 seconds
[2026-07-09T09:42:01.510+0000] {processor.py:157} INFO - Started process (PID=3971) to work on /opt/airflow/dags/predict_daily.py
[2026-07-09T09:42:01.512+0000] {processor.py:829} INFO - Processing file /opt/airflow/dags/predict_daily.py for tasks to queue
[2026-07-09T09:42:01.513+0000] {logging_mixin.py:151} INFO - [2026-07-09T09:42:01.513+0000] {dagbag.py:539} INFO - Filling up the DagBag from /opt/airflow/dags/predict_daily.py
[2026-07-09T09:42:04.155+0000] {processor.py:841} WARNING - No viable dags retrieved from /opt/airflow/dags/predict_daily.py
[2026-07-09T09:42:04.166+0000] {processor.py:179} INFO - Processing /opt/airflow/dags/predict_daily.py took 2.660 seconds
[2026-07-09T09:42:34.890+0000] {processor.py:157} INFO - Started process (PID=4004) to work on /opt/airflow/dags/predict_daily.py
[2026-07-09T09:42:34.892+0000] {processor.py:829} INFO - Processing file /opt/airflow/dags/predict_daily.py for tasks to queue
[2026-07-09T09:42:34.893+0000] {logging_mixin.py:151} INFO - [2026-07-09T09:42:34.893+0000] {dagbag.py:539} INFO - Filling up the DagBag from /opt/airflow/dags/predict_daily.py
[2026-07-09T09:42:37.738+0000] {processor.py:841} WARNING - No viable dags retrieved from /opt/airflow/dags/predict_daily.py
[2026-07-09T09:42:37.751+0000] {processor.py:179} INFO - Processing /opt/airflow/dags/predict_daily.py took 2.865 seconds
[2026-07-09T09:43:08.165+0000] {processor.py:157} INFO - Started process (PID=4038) to work on /opt/airflow/dags/predict_daily.py
[2026-07-09T09:43:08.166+0000] {processor.py:829} INFO - Processing file /opt/airflow/dags/predict_daily.py for tasks to queue
[2026-07-09T09:43:08.167+0000] {logging_mixin.py:151} INFO - [2026-07-09T09:43:08.167+0000] {dagbag.py:539} INFO - Filling up the DagBag from /opt/airflow/dags/predict_daily.py
[2026-07-09T09:43:11.011+0000] {processor.py:841} WARNING - No viable dags retrieved from /opt/airflow/dags/predict_daily.py
[2026-07-09T09:43:11.025+0000] {processor.py:179} INFO - Processing /opt/airflow/dags/predict_daily.py took 2.865 seconds
[2026-07-09T09:43:41.453+0000] {processor.py:157} INFO - Started process (PID=4071) to work on /opt/airflow/dags/predict_daily.py
[2026-07-09T09:43:41.455+0000] {processor.py:829} INFO - Processing file /opt/airflow/dags/predict_daily.py for tasks to queue
[2026-07-09T09:43:41.456+0000] {logging_mixin.py:151} INFO - [2026-07-09T09:43:41.456+0000] {dagbag.py:539} INFO - Filling up the DagBag from /opt/airflow/dags/predict_daily.py
[2026-07-09T09:43:44.331+0000] {processor.py:841} WARNING - No viable dags retrieved from /opt/airflow/dags/predict_daily.py
[2026-07-09T09:43:44.344+0000] {processor.py:179} INFO - Processing /opt/airflow/dags/predict_daily.py took 2.895 seconds
[2026-07-09T09:44:14.833+0000] {processor.py:157} INFO - Started process (PID=4104) to work on /opt/airflow/dags/predict_daily.py
[2026-07-09T09:44:14.834+0000] {processor.py:829} INFO - Processing file /opt/airflow/dags/predict_daily.py for tasks to queue
[2026-07-09T09:44:14.835+0000] {logging_mixin.py:151} INFO - [2026-07-09T09:44:14.835+0000] {dagbag.py:539} INFO - Filling up the DagBag from /opt/airflow/dags/predict_daily.py
[2026-07-09T09:44:17.689+0000] {processor.py:841} WARNING - No viable dags retrieved from /opt/airflow/dags/predict_daily.py
[2026-07-09T09:44:17.703+0000] {processor.py:179} INFO - Processing /opt/airflow/dags/predict_daily.py took 2.875 seconds
[2026-07-09T09:44:48.230+0000] {processor.py:157} INFO - Started process (PID=4144) to work on /opt/airflow/dags/predict_daily.py
[2026-07-09T09:44:48.231+0000] {processor.py:829} INFO - Processing file /opt/airflow/dags/predict_daily.py for tasks to queue
[2026-07-09T09:44:48.232+0000] {logging_mixin.py:151} INFO - [2026-07-09T09:44:48.232+0000] {dagbag.py:539} INFO - Filling up the DagBag from /opt/airflow/dags/predict_daily.py
[2026-07-09T09:44:50.874+0000] {processor.py:841} WARNING - No viable dags retrieved from /opt/airflow/dags/predict_daily.py
[2026-07-09T09:44:50.887+0000] {processor.py:179} INFO - Processing /opt/airflow/dags/predict_daily.py took 2.662 seconds
[2026-07-09T09:45:21.563+0000] {processor.py:157} INFO - Started process (PID=4177) to work on /opt/airflow/dags/predict_daily.py
[2026-07-09T09:45:21.564+0000] {processor.py:829} INFO - Processing file /opt/airflow/dags/predict_daily.py for tasks to queue
[2026-07-09T09:45:21.565+0000] {logging_mixin.py:151} INFO - [2026-07-09T09:45:21.565+0000] {dagbag.py:539} INFO - Filling up the DagBag from /opt/airflow/dags/predict_daily.py
[2026-07-09T09:45:23.920+0000] {processor.py:841} WARNING - No viable dags retrieved from /opt/airflow/dags/predict_daily.py
[2026-07-09T09:45:23.933+0000] {processor.py:179} INFO - Processing /opt/airflow/dags/predict_daily.py took 2.375 seconds
[2026-07-09T09:45:54.362+0000] {processor.py:157} INFO - Started process (PID=4210) to work on /opt/airflow/dags/predict_daily.py
[2026-07-09T09:45:54.363+0000] {processor.py:829} INFO - Processing file /opt/airflow/dags/predict_daily.py for tasks to queue
[2026-07-09T09:45:54.364+0000] {logging_mixin.py:151} INFO - [2026-07-09T09:45:54.363+0000] {dagbag.py:539} INFO - Filling up the DagBag from /opt/airflow/dags/predict_daily.py
[2026-07-09T09:45:56.895+0000] {processor.py:841} WARNING - No viable dags retrieved from /opt/airflow/dags/predict_daily.py
[2026-07-09T09:45:56.910+0000] {processor.py:179} INFO - Processing /opt/airflow/dags/predict_daily.py took 2.553 seconds
[2026-07-09T09:46:27.327+0000] {processor.py:157} INFO - Started process (PID=4243) to work on /opt/airflow/dags/predict_daily.py
[2026-07-09T09:46:27.328+0000] {processor.py:829} INFO - Processing file /opt/airflow/dags/predict_daily.py for tasks to queue
[2026-07-09T09:46:27.329+0000] {logging_mixin.py:151} INFO - [2026-07-09T09:46:27.329+0000] {dagbag.py:539} INFO - Filling up the DagBag from /opt/airflow/dags/predict_daily.py
[2026-07-09T09:46:30.092+0000] {processor.py:841} WARNING - No viable dags retrieved from /opt/airflow/dags/predict_daily.py
[2026-07-09T09:46:30.104+0000] {processor.py:179} INFO - Processing /opt/airflow/dags/predict_daily.py took 2.783 seconds
[2026-07-09T09:47:00.610+0000] {processor.py:157} INFO - Started process (PID=4276) to work on /opt/airflow/dags/predict_daily.py
[2026-07-09T09:47:00.611+0000] {processor.py:829} INFO - Processing file /opt/airflow/dags/predict_daily.py for tasks to queue
[2026-07-09T09:47:00.612+0000] {logging_mixin.py:151} INFO - [2026-07-09T09:47:00.612+0000] {dagbag.py:539} INFO - Filling up the DagBag from /opt/airflow/dags/predict_daily.py
[2026-07-09T09:47:03.091+0000] {processor.py:841} WARNING - No viable dags retrieved from /opt/airflow/dags/predict_daily.py
[2026-07-09T09:47:03.107+0000] {processor.py:179} INFO - Processing /opt/airflow/dags/predict_daily.py took 2.501 seconds
[2026-07-09T09:47:33.757+0000] {processor.py:157} INFO - Started process (PID=4309) to work on /opt/airflow/dags/predict_daily.py
[2026-07-09T09:47:33.758+0000] {processor.py:829} INFO - Processing file /opt/airflow/dags/predict_daily.py for tasks to queue
[2026-07-09T09:47:33.760+0000] {logging_mixin.py:151} INFO - [2026-07-09T09:47:33.760+0000] {dagbag.py:539} INFO - Filling up the DagBag from /opt/airflow/dags/predict_daily.py
[2026-07-09T09:47:35.991+0000] {processor.py:841} WARNING - No viable dags retrieved from /opt/airflow/dags/predict_daily.py
[2026-07-09T09:47:36.006+0000] {processor.py:179} INFO - Processing /opt/airflow/dags/predict_daily.py took 2.253 seconds
[2026-07-09T09:48:06.184+0000] {processor.py:157} INFO - Started process (PID=4342) to work on /opt/airflow/dags/predict_daily.py
[2026-07-09T09:48:06.186+0000] {processor.py:829} INFO - Processing file /opt/airflow/dags/predict_daily.py for tasks to queue
[2026-07-09T09:48:06.188+0000] {logging_mixin.py:151} INFO - [2026-07-09T09:48:06.187+0000] {dagbag.py:539} INFO - Filling up the DagBag from /opt/airflow/dags/predict_daily.py
[2026-07-09T09:48:08.780+0000] {processor.py:841} WARNING - No viable dags retrieved from /opt/airflow/dags/predict_daily.py
[2026-07-09T09:48:08.792+0000] {processor.py:179} INFO - Processing /opt/airflow/dags/predict_daily.py took 2.614 seconds
[2026-07-09T09:48:39.702+0000] {processor.py:157} INFO - Started process (PID=4380) to work on /opt/airflow/dags/predict_daily.py
[2026-07-09T09:48:39.704+0000] {processor.py:829} INFO - Processing file /opt/airflow/dags/predict_daily.py for tasks to queue
[2026-07-09T09:48:39.705+0000] {logging_mixin.py:151} INFO - [2026-07-09T09:48:39.704+0000] {dagbag.py:539} INFO - Filling up the DagBag from /opt/airflow/dags/predict_daily.py
[2026-07-09T09:48:42.239+0000] {processor.py:841} WARNING - No viable dags retrieved from /opt/airflow/dags/predict_daily.py
[2026-07-09T09:48:42.251+0000] {processor.py:179} INFO - Processing /opt/airflow/dags/predict_daily.py took 2.552 seconds
[2026-07-09T09:49:13.027+0000] {processor.py:157} INFO - Started process (PID=4414) to work on /opt/airflow/dags/predict_daily.py
[2026-07-09T09:49:13.028+0000] {processor.py:829} INFO - Processing file /opt/airflow/dags/predict_daily.py for tasks to queue
[2026-07-09T09:49:13.029+0000] {logging_mixin.py:151} INFO - [2026-07-09T09:49:13.029+0000] {dagbag.py:539} INFO - Filling up the DagBag from /opt/airflow/dags/predict_daily.py
[2026-07-09T09:49:16.183+0000] {processor.py:841} WARNING - No viable dags retrieved from /opt/airflow/dags/predict_daily.py
[2026-07-09T09:49:16.202+0000] {processor.py:179} INFO - Processing /opt/airflow/dags/predict_daily.py took 3.179 seconds
[2026-07-09T09:49:46.347+0000] {processor.py:157} INFO - Started process (PID=4447) to work on /opt/airflow/dags/predict_daily.py
[2026-07-09T09:49:46.348+0000] {processor.py:829} INFO - Processing file /opt/airflow/dags/predict_daily.py for tasks to queue
[2026-07-09T09:49:46.349+0000] {logging_mixin.py:151} INFO - [2026-07-09T09:49:46.349+0000] {dagbag.py:539} INFO - Filling up the DagBag from /opt/airflow/dags/predict_daily.py
[2026-07-09T09:49:48.972+0000] {processor.py:841} WARNING - No viable dags retrieved from /opt/airflow/dags/predict_daily.py
[2026-07-09T09:49:48.989+0000] {processor.py:179} INFO - Processing /opt/airflow/dags/predict_daily.py took 2.645 seconds
[2026-07-09T09:50:19.506+0000] {processor.py:157} INFO - Started process (PID=4488) to work on /opt/airflow/dags/predict_daily.py
[2026-07-09T09:50:19.507+0000] {processor.py:829} INFO - Processing file /opt/airflow/dags/predict_daily.py for tasks to queue
[2026-07-09T09:50:19.508+0000] {logging_mixin.py:151} INFO - [2026-07-09T09:50:19.508+0000] {dagbag.py:539} INFO - Filling up the DagBag from /opt/airflow/dags/predict_daily.py
[2026-07-09T09:50:22.198+0000] {processor.py:841} WARNING - No viable dags retrieved from /opt/airflow/dags/predict_daily.py
[2026-07-09T09:50:22.212+0000] {processor.py:179} INFO - Processing /opt/airflow/dags/predict_daily.py took 2.711 seconds
[2026-07-09T09:50:52.870+0000] {processor.py:157} INFO - Started process (PID=4521) to work on /opt/airflow/dags/predict_daily.py
[2026-07-09T09:50:52.872+0000] {processor.py:829} INFO - Processing file /opt/airflow/dags/predict_daily.py for tasks to queue
[2026-07-09T09:50:52.873+0000] {logging_mixin.py:151} INFO - [2026-07-09T09:50:52.873+0000] {dagbag.py:539} INFO - Filling up the DagBag from /opt/airflow/dags/predict_daily.py
[2026-07-09T09:50:55.441+0000] {processor.py:841} WARNING - No viable dags retrieved from /opt/airflow/dags/predict_daily.py
[2026-07-09T09:50:55.455+0000] {processor.py:179} INFO - Processing /opt/airflow/dags/predict_daily.py took 2.589 seconds
[2026-07-09T09:51:26.178+0000] {processor.py:157} INFO - Started process (PID=4554) to work on /opt/airflow/dags/predict_daily.py
[2026-07-09T09:51:26.182+0000] {processor.py:829} INFO - Processing file /opt/airflow/dags/predict_daily.py for tasks to queue
[2026-07-09T09:51:26.186+0000] {logging_mixin.py:151} INFO - [2026-07-09T09:51:26.185+0000] {dagbag.py:539} INFO - Filling up the DagBag from /opt/airflow/dags/predict_daily.py
[2026-07-09T09:51:28.942+0000] {processor.py:841} WARNING - No viable dags retrieved from /opt/airflow/dags/predict_daily.py
[2026-07-09T09:51:28.958+0000] {processor.py:179} INFO - Processing /opt/airflow/dags/predict_daily.py took 2.789 seconds
[2026-07-09T09:51:59.565+0000] {processor.py:157} INFO - Started process (PID=4587) to work on /opt/airflow/dags/predict_daily.py
[2026-07-09T09:51:59.566+0000] {processor.py:829} INFO - Processing file /opt/airflow/dags/predict_daily.py for tasks to queue
[2026-07-09T09:51:59.567+0000] {logging_mixin.py:151} INFO - [2026-07-09T09:51:59.566+0000] {dagbag.py:539} INFO - Filling up the DagBag from /opt/airflow/dags/predict_daily.py
[2026-07-09T09:52:02.186+0000] {processor.py:841} WARNING - No viable dags retrieved from /opt/airflow/dags/predict_daily.py
[2026-07-09T09:52:02.198+0000] {processor.py:179} INFO - Processing /opt/airflow/dags/predict_daily.py took 2.637 seconds
[2026-07-09T09:52:32.936+0000] {processor.py:157} INFO - Started process (PID=4620) to work on /opt/airflow/dags/predict_daily.py
[2026-07-09T09:52:32.938+0000] {processor.py:829} INFO - Processing file /opt/airflow/dags/predict_daily.py for tasks to queue
[2026-07-09T09:52:32.939+0000] {logging_mixin.py:151} INFO - [2026-07-09T09:52:32.939+0000] {dagbag.py:539} INFO - Filling up the DagBag from /opt/airflow/dags/predict_daily.py
[2026-07-09T09:52:35.707+0000] {processor.py:841} WARNING - No viable dags retrieved from /opt/airflow/dags/predict_daily.py
[2026-07-09T09:52:35.724+0000] {processor.py:179} INFO - Processing /opt/airflow/dags/predict_daily.py took 2.794 seconds
[2026-07-09T09:53:06.318+0000] {processor.py:157} INFO - Started process (PID=4653) to work on /opt/airflow/dags/predict_daily.py
[2026-07-09T09:53:06.320+0000] {processor.py:829} INFO - Processing file /opt/airflow/dags/predict_daily.py for tasks to queue
[2026-07-09T09:53:06.321+0000] {logging_mixin.py:151} INFO - [2026-07-09T09:53:06.321+0000] {dagbag.py:539} INFO - Filling up the DagBag from /opt/airflow/dags/predict_daily.py
[2026-07-09T09:53:09.288+0000] {processor.py:841} WARNING - No viable dags retrieved from /opt/airflow/dags/predict_daily.py
[2026-07-09T09:53:09.300+0000] {processor.py:179} INFO - Processing /opt/airflow/dags/predict_daily.py took 2.986 seconds
[2026-07-09T09:53:39.461+0000] {processor.py:157} INFO - Started process (PID=4686) to work on /opt/airflow/dags/predict_daily.py
[2026-07-09T09:53:39.462+0000] {processor.py:829} INFO - Processing file /opt/airflow/dags/predict_daily.py for tasks to queue
[2026-07-09T09:53:39.463+0000] {logging_mixin.py:151} INFO - [2026-07-09T09:53:39.463+0000] {dagbag.py:539} INFO - Filling up the DagBag from /opt/airflow/dags/predict_daily.py
[2026-07-09T09:53:42.187+0000] {processor.py:841} WARNING - No viable dags retrieved from /opt/airflow/dags/predict_daily.py
[2026-07-09T09:53:42.198+0000] {processor.py:179} INFO - Processing /opt/airflow/dags/predict_daily.py took 2.744 seconds
[2026-07-09T09:54:12.423+0000] {processor.py:157} INFO - Started process (PID=4719) to work on /opt/airflow/dags/predict_daily.py
[2026-07-09T09:54:12.424+0000] {processor.py:829} INFO - Processing file /opt/airflow/dags/predict_daily.py for tasks to queue
[2026-07-09T09:54:12.425+0000] {logging_mixin.py:151} INFO - [2026-07-09T09:54:12.425+0000] {dagbag.py:539} INFO - Filling up the DagBag from /opt/airflow/dags/predict_daily.py
[2026-07-09T09:54:14.967+0000] {processor.py:841} WARNING - No viable dags retrieved from /opt/airflow/dags/predict_daily.py
[2026-07-09T09:54:14.982+0000] {processor.py:179} INFO - Processing /opt/airflow/dags/predict_daily.py took 2.564 seconds
[2026-07-09T09:54:45.770+0000] {processor.py:157} INFO - Started process (PID=4757) to work on /opt/airflow/dags/predict_daily.py
[2026-07-09T09:54:45.772+0000] {processor.py:829} INFO - Processing file /opt/airflow/dags/predict_daily.py for tasks to queue
[2026-07-09T09:54:45.773+0000] {logging_mixin.py:151} INFO - [2026-07-09T09:54:45.773+0000] {dagbag.py:539} INFO - Filling up the DagBag from /opt/airflow/dags/predict_daily.py
[2026-07-09T09:54:48.360+0000] {processor.py:841} WARNING - No viable dags retrieved from /opt/airflow/dags/predict_daily.py
[2026-07-09T09:54:48.376+0000] {processor.py:179} INFO - Processing /opt/airflow/dags/predict_daily.py took 2.611 seconds
[2026-07-09T09:55:19.019+0000] {processor.py:157} INFO - Started process (PID=4790) to work on /opt/airflow/dags/predict_daily.py
[2026-07-09T09:55:19.021+0000] {processor.py:829} INFO - Processing file /opt/airflow/dags/predict_daily.py for tasks to queue
[2026-07-09T09:55:19.023+0000] {logging_mixin.py:151} INFO - [2026-07-09T09:55:19.022+0000] {dagbag.py:539} INFO - Filling up the DagBag from /opt/airflow/dags/predict_daily.py
[2026-07-09T09:55:21.702+0000] {processor.py:841} WARNING - No viable dags retrieved from /opt/airflow/dags/predict_daily.py
[2026-07-09T09:55:21.713+0000] {processor.py:179} INFO - Processing /opt/airflow/dags/predict_daily.py took 2.698 seconds
[2026-07-09T09:55:51.983+0000] {processor.py:157} INFO - Started process (PID=4830) to work on /opt/airflow/dags/predict_daily.py
[2026-07-09T09:55:51.984+0000] {processor.py:829} INFO - Processing file /opt/airflow/dags/predict_daily.py for tasks to queue
[2026-07-09T09:55:51.985+0000] {logging_mixin.py:151} INFO - [2026-07-09T09:55:51.985+0000] {dagbag.py:539} INFO - Filling up the DagBag from /opt/airflow/dags/predict_daily.py
[2026-07-09T09:55:54.537+0000] {processor.py:841} WARNING - No viable dags retrieved from /opt/airflow/dags/predict_daily.py
[2026-07-09T09:55:54.549+0000] {processor.py:179} INFO - Processing /opt/airflow/dags/predict_daily.py took 2.570 seconds
[2026-07-09T09:56:25.136+0000] {processor.py:157} INFO - Started process (PID=4863) to work on /opt/airflow/dags/predict_daily.py
[2026-07-09T09:56:25.138+0000] {processor.py:829} INFO - Processing file /opt/airflow/dags/predict_daily.py for tasks to queue
[2026-07-09T09:56:25.139+0000] {logging_mixin.py:151} INFO - [2026-07-09T09:56:25.138+0000] {dagbag.py:539} INFO - Filling up the DagBag from /opt/airflow/dags/predict_daily.py
[2026-07-09T09:56:27.727+0000] {processor.py:841} WARNING - No viable dags retrieved from /opt/airflow/dags/predict_daily.py
[2026-07-09T09:56:27.740+0000] {processor.py:179} INFO - Processing /opt/airflow/dags/predict_daily.py took 2.609 seconds
[2026-07-09T09:56:58.665+0000] {processor.py:157} INFO - Started process (PID=4896) to work on /opt/airflow/dags/predict_daily.py
[2026-07-09T09:56:58.666+0000] {processor.py:829} INFO - Processing file /opt/airflow/dags/predict_daily.py for tasks to queue
[2026-07-09T09:56:58.668+0000] {logging_mixin.py:151} INFO - [2026-07-09T09:56:58.667+0000] {dagbag.py:539} INFO - Filling up the DagBag from /opt/airflow/dags/predict_daily.py
[2026-07-09T09:57:01.499+0000] {processor.py:841} WARNING - No viable dags retrieved from /opt/airflow/dags/predict_daily.py
[2026-07-09T09:57:01.512+0000] {processor.py:179} INFO - Processing /opt/airflow/dags/predict_daily.py took 2.852 seconds
[2026-07-09T09:57:32.294+0000] {processor.py:157} INFO - Started process (PID=4929) to work on /opt/airflow/dags/predict_daily.py
[2026-07-09T09:57:32.295+0000] {processor.py:829} INFO - Processing file /opt/airflow/dags/predict_daily.py for tasks to queue
[2026-07-09T09:57:32.296+0000] {logging_mixin.py:151} INFO - [2026-07-09T09:57:32.296+0000] {dagbag.py:539} INFO - Filling up the DagBag from /opt/airflow/dags/predict_daily.py
[2026-07-09T09:57:35.464+0000] {processor.py:841} WARNING - No viable dags retrieved from /opt/airflow/dags/predict_daily.py
[2026-07-09T09:57:35.481+0000] {processor.py:179} INFO - Processing /opt/airflow/dags/predict_daily.py took 3.192 seconds
[2026-07-09T09:58:05.924+0000] {processor.py:157} INFO - Started process (PID=4962) to work on /opt/airflow/dags/predict_daily.py
[2026-07-09T09:58:05.925+0000] {processor.py:829} INFO - Processing file /opt/airflow/dags/predict_daily.py for tasks to queue
[2026-07-09T09:58:05.926+0000] {logging_mixin.py:151} INFO - [2026-07-09T09:58:05.926+0000] {dagbag.py:539} INFO - Filling up the DagBag from /opt/airflow/dags/predict_daily.py
[2026-07-09T09:58:08.834+0000] {processor.py:841} WARNING - No viable dags retrieved from /opt/airflow/dags/predict_daily.py
[2026-07-09T09:58:08.847+0000] {processor.py:179} INFO - Processing /opt/airflow/dags/predict_daily.py took 2.926 seconds
[2026-07-09T09:58:39.359+0000] {processor.py:157} INFO - Started process (PID=4995) to work on /opt/airflow/dags/predict_daily.py
[2026-07-09T09:58:39.360+0000] {processor.py:829} INFO - Processing file /opt/airflow/dags/predict_daily.py for tasks to queue
[2026-07-09T09:58:39.362+0000] {logging_mixin.py:151} INFO - [2026-07-09T09:58:39.361+0000] {dagbag.py:539} INFO - Filling up the DagBag from /opt/airflow/dags/predict_daily.py
[2026-07-09T09:58:42.119+0000] {processor.py:841} WARNING - No viable dags retrieved from /opt/airflow/dags/predict_daily.py
[2026-07-09T09:58:42.132+0000] {processor.py:179} INFO - Processing /opt/airflow/dags/predict_daily.py took 2.778 seconds
[2026-07-09T09:59:12.684+0000] {processor.py:157} INFO - Started process (PID=5028) to work on /opt/airflow/dags/predict_daily.py
[2026-07-09T09:59:12.685+0000] {processor.py:829} INFO - Processing file /opt/airflow/dags/predict_daily.py for tasks to queue
[2026-07-09T09:59:12.689+0000] {logging_mixin.py:151} INFO - [2026-07-09T09:59:12.688+0000] {dagbag.py:539} INFO - Filling up the DagBag from /opt/airflow/dags/predict_daily.py
[2026-07-09T09:59:15.680+0000] {processor.py:841} WARNING - No viable dags retrieved from /opt/airflow/dags/predict_daily.py
[2026-07-09T09:59:15.694+0000] {processor.py:179} INFO - Processing /opt/airflow/dags/predict_daily.py took 3.015 seconds
[2026-07-09T09:59:46.288+0000] {processor.py:157} INFO - Started process (PID=5061) to work on /opt/airflow/dags/predict_daily.py
[2026-07-09T09:59:46.289+0000] {processor.py:829} INFO - Processing file /opt/airflow/dags/predict_daily.py for tasks to queue
[2026-07-09T09:59:46.291+0000] {logging_mixin.py:151} INFO - [2026-07-09T09:59:46.290+0000] {dagbag.py:539} INFO - Filling up the DagBag from /opt/airflow/dags/predict_daily.py
[2026-07-09T09:59:49.044+0000] {processor.py:841} WARNING - No viable dags retrieved from /opt/airflow/dags/predict_daily.py
[2026-07-09T09:59:49.057+0000] {processor.py:179} INFO - Processing /opt/airflow/dags/predict_daily.py took 2.772 seconds
[2026-07-09T10:00:19.536+0000] {processor.py:157} INFO - Started process (PID=5094) to work on /opt/airflow/dags/predict_daily.py
[2026-07-09T10:00:19.540+0000] {processor.py:829} INFO - Processing file /opt/airflow/dags/predict_daily.py for tasks to queue
[2026-07-09T10:00:19.543+0000] {logging_mixin.py:151} INFO - [2026-07-09T10:00:19.542+0000] {dagbag.py:539} INFO - Filling up the DagBag from /opt/airflow/dags/predict_daily.py
[2026-07-09T10:00:22.507+0000] {processor.py:841} WARNING - No viable dags retrieved from /opt/airflow/dags/predict_daily.py
[2026-07-09T10:00:22.521+0000] {processor.py:179} INFO - Processing /opt/airflow/dags/predict_daily.py took 2.991 seconds
[2026-07-09T10:00:52.970+0000] {processor.py:157} INFO - Started process (PID=5139) to work on /opt/airflow/dags/predict_daily.py
[2026-07-09T10:00:52.971+0000] {processor.py:829} INFO - Processing file /opt/airflow/dags/predict_daily.py for tasks to queue
[2026-07-09T10:00:52.972+0000] {logging_mixin.py:151} INFO - [2026-07-09T10:00:52.972+0000] {dagbag.py:539} INFO - Filling up the DagBag from /opt/airflow/dags/predict_daily.py
[2026-07-09T10:00:55.424+0000] {processor.py:841} WARNING - No viable dags retrieved from /opt/airflow/dags/predict_daily.py
[2026-07-09T10:00:55.435+0000] {processor.py:179} INFO - Processing /opt/airflow/dags/predict_daily.py took 2.469 seconds
[2026-07-09T10:01:26.356+0000] {processor.py:157} INFO - Started process (PID=5172) to work on /opt/airflow/dags/predict_daily.py
[2026-07-09T10:01:26.357+0000] {processor.py:829} INFO - Processing file /opt/airflow/dags/predict_daily.py for tasks to queue
[2026-07-09T10:01:26.358+0000] {logging_mixin.py:151} INFO - [2026-07-09T10:01:26.358+0000] {dagbag.py:539} INFO - Filling up the DagBag from /opt/airflow/dags/predict_daily.py
[2026-07-09T10:01:29.300+0000] {processor.py:841} WARNING - No viable dags retrieved from /opt/airflow/dags/predict_daily.py
[2026-07-09T10:01:29.318+0000] {processor.py:179} INFO - Processing /opt/airflow/dags/predict_daily.py took 2.967 seconds
[2026-07-09T10:01:59.855+0000] {processor.py:157} INFO - Started process (PID=5205) to work on /opt/airflow/dags/predict_daily.py
[2026-07-09T10:01:59.858+0000] {processor.py:829} INFO - Processing file /opt/airflow/dags/predict_daily.py for tasks to queue
[2026-07-09T10:01:59.860+0000] {logging_mixin.py:151} INFO - [2026-07-09T10:01:59.859+0000] {dagbag.py:539} INFO - Filling up the DagBag from /opt/airflow/dags/predict_daily.py
[2026-07-09T10:02:02.647+0000] {processor.py:841} WARNING - No viable dags retrieved from /opt/airflow/dags/predict_daily.py
[2026-07-09T10:02:02.660+0000] {processor.py:179} INFO - Processing /opt/airflow/dags/predict_daily.py took 2.812 seconds
[2026-07-09T10:02:33.195+0000] {processor.py:157} INFO - Started process (PID=5238) to work on /opt/airflow/dags/predict_daily.py
[2026-07-09T10:02:33.196+0000] {processor.py:829} INFO - Processing file /opt/airflow/dags/predict_daily.py for tasks to queue
[2026-07-09T10:02:33.197+0000] {logging_mixin.py:151} INFO - [2026-07-09T10:02:33.197+0000] {dagbag.py:539} INFO - Filling up the DagBag from /opt/airflow/dags/predict_daily.py
[2026-07-09T10:02:35.775+0000] {processor.py:841} WARNING - No viable dags retrieved from /opt/airflow/dags/predict_daily.py
[2026-07-09T10:02:35.791+0000] {processor.py:179} INFO - Processing /opt/airflow/dags/predict_daily.py took 2.600 seconds
[2026-07-09T10:03:06.560+0000] {processor.py:157} INFO - Started process (PID=5271) to work on /opt/airflow/dags/predict_daily.py
[2026-07-09T10:03:06.561+0000] {processor.py:829} INFO - Processing file /opt/airflow/dags/predict_daily.py for tasks to queue
[2026-07-09T10:03:06.562+0000] {logging_mixin.py:151} INFO - [2026-07-09T10:03:06.562+0000] {dagbag.py:539} INFO - Filling up the DagBag from /opt/airflow/dags/predict_daily.py
[2026-07-09T10:03:09.215+0000] {processor.py:841} WARNING - No viable dags retrieved from /opt/airflow/dags/predict_daily.py
[2026-07-09T10:03:09.233+0000] {processor.py:179} INFO - Processing /opt/airflow/dags/predict_daily.py took 2.677 seconds
[2026-07-09T10:03:39.900+0000] {processor.py:157} INFO - Started process (PID=5304) to work on /opt/airflow/dags/predict_daily.py
[2026-07-09T10:03:39.902+0000] {processor.py:829} INFO - Processing file /opt/airflow/dags/predict_daily.py for tasks to queue
[2026-07-09T10:03:39.903+0000] {logging_mixin.py:151} INFO - [2026-07-09T10:03:39.903+0000] {dagbag.py:539} INFO - Filling up the DagBag from /opt/airflow/dags/predict_daily.py
[2026-07-09T10:03:42.468+0000] {processor.py:841} WARNING - No viable dags retrieved from /opt/airflow/dags/predict_daily.py
[2026-07-09T10:03:42.482+0000] {processor.py:179} INFO - Processing /opt/airflow/dags/predict_daily.py took 2.588 seconds
[2026-07-09T10:04:13.209+0000] {processor.py:157} INFO - Started process (PID=5337) to work on /opt/airflow/dags/predict_daily.py
[2026-07-09T10:04:13.211+0000] {processor.py:829} INFO - Processing file /opt/airflow/dags/predict_daily.py for tasks to queue
[2026-07-09T10:04:13.211+0000] {logging_mixin.py:151} INFO - [2026-07-09T10:04:13.211+0000] {dagbag.py:539} INFO - Filling up the DagBag from /opt/airflow/dags/predict_daily.py
[2026-07-09T10:04:16.263+0000] {processor.py:841} WARNING - No viable dags retrieved from /opt/airflow/dags/predict_daily.py
[2026-07-09T10:04:16.274+0000] {processor.py:179} INFO - Processing /opt/airflow/dags/predict_daily.py took 3.069 seconds
[2026-07-09T10:04:47.322+0000] {processor.py:157} INFO - Started process (PID=5370) to work on /opt/airflow/dags/predict_daily.py
[2026-07-09T10:04:47.324+0000] {processor.py:829} INFO - Processing file /opt/airflow/dags/predict_daily.py for tasks to queue
[2026-07-09T10:04:47.325+0000] {logging_mixin.py:151} INFO - [2026-07-09T10:04:47.325+0000] {dagbag.py:539} INFO - Filling up the DagBag from /opt/airflow/dags/predict_daily.py
[2026-07-09T10:04:50.189+0000] {processor.py:841} WARNING - No viable dags retrieved from /opt/airflow/dags/predict_daily.py
[2026-07-09T10:04:50.199+0000] {processor.py:179} INFO - Processing /opt/airflow/dags/predict_daily.py took 2.883 seconds
[2026-07-09T10:05:20.424+0000] {processor.py:157} INFO - Started process (PID=5403) to work on /opt/airflow/dags/predict_daily.py
[2026-07-09T10:05:20.425+0000] {processor.py:829} INFO - Processing file /opt/airflow/dags/predict_daily.py for tasks to queue
[2026-07-09T10:05:20.427+0000] {logging_mixin.py:151} INFO - [2026-07-09T10:05:20.426+0000] {dagbag.py:539} INFO - Filling up the DagBag from /opt/airflow/dags/predict_daily.py
[2026-07-09T10:05:23.443+0000] {processor.py:841} WARNING - No viable dags retrieved from /opt/airflow/dags/predict_daily.py
[2026-07-09T10:05:23.456+0000] {processor.py:179} INFO - Processing /opt/airflow/dags/predict_daily.py took 3.036 seconds
[2026-07-09T10:05:53.701+0000] {processor.py:157} INFO - Started process (PID=5444) to work on /opt/airflow/dags/predict_daily.py
[2026-07-09T10:05:53.703+0000] {processor.py:829} INFO - Processing file /opt/airflow/dags/predict_daily.py for tasks to queue
[2026-07-09T10:05:53.704+0000] {logging_mixin.py:151} INFO - [2026-07-09T10:05:53.704+0000] {dagbag.py:539} INFO - Filling up the DagBag from /opt/airflow/dags/predict_daily.py
[2026-07-09T10:05:57.781+0000] {processor.py:841} WARNING - No viable dags retrieved from /opt/airflow/dags/predict_daily.py
[2026-07-09T10:05:57.794+0000] {processor.py:179} INFO - Processing /opt/airflow/dags/predict_daily.py took 4.097 seconds
[2026-07-09T10:06:28.475+0000] {processor.py:157} INFO - Started process (PID=5477) to work on /opt/airflow/dags/predict_daily.py
[2026-07-09T10:06:28.477+0000] {processor.py:829} INFO - Processing file /opt/airflow/dags/predict_daily.py for tasks to queue
[2026-07-09T10:06:28.478+0000] {logging_mixin.py:151} INFO - [2026-07-09T10:06:28.478+0000] {dagbag.py:539} INFO - Filling up the DagBag from /opt/airflow/dags/predict_daily.py
[2026-07-09T10:06:31.217+0000] {processor.py:841} WARNING - No viable dags retrieved from /opt/airflow/dags/predict_daily.py
[2026-07-09T10:06:31.231+0000] {processor.py:179} INFO - Processing /opt/airflow/dags/predict_daily.py took 2.761 seconds
[2026-07-09T10:07:01.547+0000] {processor.py:157} INFO - Started process (PID=5510) to work on /opt/airflow/dags/predict_daily.py
[2026-07-09T10:07:01.549+0000] {processor.py:829} INFO - Processing file /opt/airflow/dags/predict_daily.py for tasks to queue
[2026-07-09T10:07:01.550+0000] {logging_mixin.py:151} INFO - [2026-07-09T10:07:01.549+0000] {dagbag.py:539} INFO - Filling up the DagBag from /opt/airflow/dags/predict_daily.py
[2026-07-09T10:07:04.167+0000] {processor.py:841} WARNING - No viable dags retrieved from /opt/airflow/dags/predict_daily.py
[2026-07-09T10:07:04.182+0000] {processor.py:179} INFO - Processing /opt/airflow/dags/predict_daily.py took 2.639 seconds
[2026-07-09T10:07:34.301+0000] {processor.py:157} INFO - Started process (PID=5548) to work on /opt/airflow/dags/predict_daily.py
[2026-07-09T10:07:34.303+0000] {processor.py:829} INFO - Processing file /opt/airflow/dags/predict_daily.py for tasks to queue
[2026-07-09T10:07:34.304+0000] {logging_mixin.py:151} INFO - [2026-07-09T10:07:34.304+0000] {dagbag.py:539} INFO - Filling up the DagBag from /opt/airflow/dags/predict_daily.py
[2026-07-09T10:07:37.028+0000] {processor.py:841} WARNING - No viable dags retrieved from /opt/airflow/dags/predict_daily.py
[2026-07-09T10:07:37.042+0000] {processor.py:179} INFO - Processing /opt/airflow/dags/predict_daily.py took 2.746 seconds
[2026-07-09T10:08:07.586+0000] {processor.py:157} INFO - Started process (PID=5581) to work on /opt/airflow/dags/predict_daily.py
[2026-07-09T10:08:07.587+0000] {processor.py:829} INFO - Processing file /opt/airflow/dags/predict_daily.py for tasks to queue
[2026-07-09T10:08:07.588+0000] {logging_mixin.py:151} INFO - [2026-07-09T10:08:07.588+0000] {dagbag.py:539} INFO - Filling up the DagBag from /opt/airflow/dags/predict_daily.py
[2026-07-09T10:08:10.144+0000] {processor.py:841} WARNING - No viable dags retrieved from /opt/airflow/dags/predict_daily.py
[2026-07-09T10:08:10.160+0000] {processor.py:179} INFO - Processing /opt/airflow/dags/predict_daily.py took 2.579 seconds
[2026-07-09T10:08:40.434+0000] {processor.py:157} INFO - Started process (PID=5614) to work on /opt/airflow/dags/predict_daily.py
[2026-07-09T10:08:40.436+0000] {processor.py:829} INFO - Processing file /opt/airflow/dags/predict_daily.py for tasks to queue
[2026-07-09T10:08:40.437+0000] {logging_mixin.py:151} INFO - [2026-07-09T10:08:40.436+0000] {dagbag.py:539} INFO - Filling up the DagBag from /opt/airflow/dags/predict_daily.py
[2026-07-09T10:08:43.052+0000] {processor.py:841} WARNING - No viable dags retrieved from /opt/airflow/dags/predict_daily.py
[2026-07-09T10:08:43.067+0000] {processor.py:179} INFO - Processing /opt/airflow/dags/predict_daily.py took 2.637 seconds
[2026-07-09T10:09:13.580+0000] {processor.py:157} INFO - Started process (PID=5648) to work on /opt/airflow/dags/predict_daily.py
[2026-07-09T10:09:13.582+0000] {processor.py:829} INFO - Processing file /opt/airflow/dags/predict_daily.py for tasks to queue
[2026-07-09T10:09:13.583+0000] {logging_mixin.py:151} INFO - [2026-07-09T10:09:13.583+0000] {dagbag.py:539} INFO - Filling up the DagBag from /opt/airflow/dags/predict_daily.py
[2026-07-09T10:09:16.409+0000] {processor.py:841} WARNING - No viable dags retrieved from /opt/airflow/dags/predict_daily.py
[2026-07-09T10:09:16.424+0000] {processor.py:179} INFO - Processing /opt/airflow/dags/predict_daily.py took 2.850 seconds
[2026-07-09T10:09:46.827+0000] {processor.py:157} INFO - Started process (PID=5681) to work on /opt/airflow/dags/predict_daily.py
[2026-07-09T10:09:46.829+0000] {processor.py:829} INFO - Processing file /opt/airflow/dags/predict_daily.py for tasks to queue
[2026-07-09T10:09:46.831+0000] {logging_mixin.py:151} INFO - [2026-07-09T10:09:46.830+0000] {dagbag.py:539} INFO - Filling up the DagBag from /opt/airflow/dags/predict_daily.py
[2026-07-09T10:09:49.618+0000] {processor.py:841} WARNING - No viable dags retrieved from /opt/airflow/dags/predict_daily.py
[2026-07-09T10:09:49.632+0000] {processor.py:179} INFO - Processing /opt/airflow/dags/predict_daily.py took 2.810 seconds
[2026-07-09T10:10:20.172+0000] {processor.py:157} INFO - Started process (PID=5714) to work on /opt/airflow/dags/predict_daily.py
[2026-07-09T10:10:20.174+0000] {processor.py:829} INFO - Processing file /opt/airflow/dags/predict_daily.py for tasks to queue
[2026-07-09T10:10:20.175+0000] {logging_mixin.py:151} INFO - [2026-07-09T10:10:20.175+0000] {dagbag.py:539} INFO - Filling up the DagBag from /opt/airflow/dags/predict_daily.py
[2026-07-09T10:10:22.740+0000] {processor.py:841} WARNING - No viable dags retrieved from /opt/airflow/dags/predict_daily.py
[2026-07-09T10:10:22.754+0000] {processor.py:179} INFO - Processing /opt/airflow/dags/predict_daily.py took 2.586 seconds
[2026-07-09T10:10:53.567+0000] {processor.py:157} INFO - Started process (PID=5754) to work on /opt/airflow/dags/predict_daily.py
[2026-07-09T10:10:53.569+0000] {processor.py:829} INFO - Processing file /opt/airflow/dags/predict_daily.py for tasks to queue
[2026-07-09T10:10:53.571+0000] {logging_mixin.py:151} INFO - [2026-07-09T10:10:53.571+0000] {dagbag.py:539} INFO - Filling up the DagBag from /opt/airflow/dags/predict_daily.py
[2026-07-09T10:10:56.419+0000] {processor.py:841} WARNING - No viable dags retrieved from /opt/airflow/dags/predict_daily.py
[2026-07-09T10:10:56.436+0000] {processor.py:179} INFO - Processing /opt/airflow/dags/predict_daily.py took 2.874 seconds
[2026-07-09T10:11:26.986+0000] {processor.py:157} INFO - Started process (PID=5787) to work on /opt/airflow/dags/predict_daily.py
[2026-07-09T10:11:26.987+0000] {processor.py:829} INFO - Processing file /opt/airflow/dags/predict_daily.py for tasks to queue
[2026-07-09T10:11:26.989+0000] {logging_mixin.py:151} INFO - [2026-07-09T10:11:26.988+0000] {dagbag.py:539} INFO - Filling up the DagBag from /opt/airflow/dags/predict_daily.py
[2026-07-09T10:11:29.722+0000] {processor.py:841} WARNING - No viable dags retrieved from /opt/airflow/dags/predict_daily.py
[2026-07-09T10:11:29.735+0000] {processor.py:179} INFO - Processing /opt/airflow/dags/predict_daily.py took 2.755 seconds
[2026-07-09T10:11:59.936+0000] {processor.py:157} INFO - Started process (PID=5820) to work on /opt/airflow/dags/predict_daily.py
[2026-07-09T10:11:59.937+0000] {processor.py:829} INFO - Processing file /opt/airflow/dags/predict_daily.py for tasks to queue
[2026-07-09T10:11:59.938+0000] {logging_mixin.py:151} INFO - [2026-07-09T10:11:59.938+0000] {dagbag.py:539} INFO - Filling up the DagBag from /opt/airflow/dags/predict_daily.py
[2026-07-09T10:12:02.579+0000] {processor.py:841} WARNING - No viable dags retrieved from /opt/airflow/dags/predict_daily.py
[2026-07-09T10:12:02.593+0000] {processor.py:179} INFO - Processing /opt/airflow/dags/predict_daily.py took 2.663 seconds
[2026-07-09T10:12:32.876+0000] {processor.py:157} INFO - Started process (PID=5853) to work on /opt/airflow/dags/predict_daily.py
[2026-07-09T10:12:32.878+0000] {processor.py:829} INFO - Processing file /opt/airflow/dags/predict_daily.py for tasks to queue
[2026-07-09T10:12:32.879+0000] {logging_mixin.py:151} INFO - [2026-07-09T10:12:32.879+0000] {dagbag.py:539} INFO - Filling up the DagBag from /opt/airflow/dags/predict_daily.py
[2026-07-09T10:12:35.433+0000] {processor.py:841} WARNING - No viable dags retrieved from /opt/airflow/dags/predict_daily.py
[2026-07-09T10:12:35.449+0000] {processor.py:179} INFO - Processing /opt/airflow/dags/predict_daily.py took 2.578 seconds
[2026-07-09T10:13:05.875+0000] {processor.py:157} INFO - Started process (PID=5886) to work on /opt/airflow/dags/predict_daily.py
[2026-07-09T10:13:05.876+0000] {processor.py:829} INFO - Processing file /opt/airflow/dags/predict_daily.py for tasks to queue
[2026-07-09T10:13:05.877+0000] {logging_mixin.py:151} INFO - [2026-07-09T10:13:05.877+0000] {dagbag.py:539} INFO - Filling up the DagBag from /opt/airflow/dags/predict_daily.py
[2026-07-09T10:13:08.691+0000] {processor.py:841} WARNING - No viable dags retrieved from /opt/airflow/dags/predict_daily.py
[2026-07-09T10:13:08.708+0000] {processor.py:179} INFO - Processing /opt/airflow/dags/predict_daily.py took 2.839 seconds
[2026-07-09T10:13:39.107+0000] {processor.py:157} INFO - Started process (PID=5919) to work on /opt/airflow/dags/predict_daily.py
[2026-07-09T10:13:39.110+0000] {processor.py:829} INFO - Processing file /opt/airflow/dags/predict_daily.py for tasks to queue
[2026-07-09T10:13:39.111+0000] {logging_mixin.py:151} INFO - [2026-07-09T10:13:39.111+0000] {dagbag.py:539} INFO - Filling up the DagBag from /opt/airflow/dags/predict_daily.py
[2026-07-09T10:13:42.127+0000] {processor.py:841} WARNING - No viable dags retrieved from /opt/airflow/dags/predict_daily.py
[2026-07-09T10:13:42.140+0000] {processor.py:179} INFO - Processing /opt/airflow/dags/predict_daily.py took 3.038 seconds
[2026-07-09T10:14:12.440+0000] {processor.py:157} INFO - Started process (PID=5957) to work on /opt/airflow/dags/predict_daily.py
[2026-07-09T10:14:12.441+0000] {processor.py:829} INFO - Processing file /opt/airflow/dags/predict_daily.py for tasks to queue
[2026-07-09T10:14:12.442+0000] {logging_mixin.py:151} INFO - [2026-07-09T10:14:12.442+0000] {dagbag.py:539} INFO - Filling up the DagBag from /opt/airflow/dags/predict_daily.py
[2026-07-09T10:14:15.090+0000] {processor.py:841} WARNING - No viable dags retrieved from /opt/airflow/dags/predict_daily.py
[2026-07-09T10:14:15.102+0000] {processor.py:179} INFO - Processing /opt/airflow/dags/predict_daily.py took 2.666 seconds
[2026-07-09T10:14:45.764+0000] {processor.py:157} INFO - Started process (PID=5990) to work on /opt/airflow/dags/predict_daily.py
[2026-07-09T10:14:45.766+0000] {processor.py:829} INFO - Processing file /opt/airflow/dags/predict_daily.py for tasks to queue
[2026-07-09T10:14:45.768+0000] {logging_mixin.py:151} INFO - [2026-07-09T10:14:45.767+0000] {dagbag.py:539} INFO - Filling up the DagBag from /opt/airflow/dags/predict_daily.py
[2026-07-09T10:14:48.422+0000] {processor.py:841} WARNING - No viable dags retrieved from /opt/airflow/dags/predict_daily.py
[2026-07-09T10:14:48.438+0000] {processor.py:179} INFO - Processing /opt/airflow/dags/predict_daily.py took 2.679 seconds
[2026-07-09T10:15:19.280+0000] {processor.py:157} INFO - Started process (PID=6024) to work on /opt/airflow/dags/predict_daily.py
[2026-07-09T10:15:19.282+0000] {processor.py:829} INFO - Processing file /opt/airflow/dags/predict_daily.py for tasks to queue
[2026-07-09T10:15:19.284+0000] {logging_mixin.py:151} INFO - [2026-07-09T10:15:19.283+0000] {dagbag.py:539} INFO - Filling up the DagBag from /opt/airflow/dags/predict_daily.py
[2026-07-09T10:15:22.290+0000] {processor.py:841} WARNING - No viable dags retrieved from /opt/airflow/dags/predict_daily.py
[2026-07-09T10:15:22.301+0000] {processor.py:179} INFO - Processing /opt/airflow/dags/predict_daily.py took 3.027 seconds
[2026-07-09T10:15:52.554+0000] {processor.py:157} INFO - Started process (PID=6057) to work on /opt/airflow/dags/predict_daily.py
[2026-07-09T10:15:52.555+0000] {processor.py:829} INFO - Processing file /opt/airflow/dags/predict_daily.py for tasks to queue
[2026-07-09T10:15:52.556+0000] {logging_mixin.py:151} INFO - [2026-07-09T10:15:52.556+0000] {dagbag.py:539} INFO - Filling up the DagBag from /opt/airflow/dags/predict_daily.py
[2026-07-09T10:15:55.105+0000] {processor.py:841} WARNING - No viable dags retrieved from /opt/airflow/dags/predict_daily.py
[2026-07-09T10:15:55.121+0000] {processor.py:179} INFO - Processing /opt/airflow/dags/predict_daily.py took 2.571 seconds
[2026-07-09T10:16:25.905+0000] {processor.py:157} INFO - Started process (PID=6097) to work on /opt/airflow/dags/predict_daily.py
[2026-07-09T10:16:25.906+0000] {processor.py:829} INFO - Processing file /opt/airflow/dags/predict_daily.py for tasks to queue
[2026-07-09T10:16:25.907+0000] {logging_mixin.py:151} INFO - [2026-07-09T10:16:25.906+0000] {dagbag.py:539} INFO - Filling up the DagBag from /opt/airflow/dags/predict_daily.py
[2026-07-09T10:16:28.505+0000] {processor.py:841} WARNING - No viable dags retrieved from /opt/airflow/dags/predict_daily.py
[2026-07-09T10:16:28.517+0000] {processor.py:179} INFO - Processing /opt/airflow/dags/predict_daily.py took 2.617 seconds
[2026-07-09T10:16:58.797+0000] {processor.py:157} INFO - Started process (PID=6130) to work on /opt/airflow/dags/predict_daily.py
[2026-07-09T10:16:58.798+0000] {processor.py:829} INFO - Processing file /opt/airflow/dags/predict_daily.py for tasks to queue
[2026-07-09T10:16:58.799+0000] {logging_mixin.py:151} INFO - [2026-07-09T10:16:58.799+0000] {dagbag.py:539} INFO - Filling up the DagBag from /opt/airflow/dags/predict_daily.py
[2026-07-09T10:17:01.631+0000] {processor.py:841} WARNING - No viable dags retrieved from /opt/airflow/dags/predict_daily.py
[2026-07-09T10:17:01.644+0000] {processor.py:179} INFO - Processing /opt/airflow/dags/predict_daily.py took 2.852 seconds
[2026-07-09T10:17:32.207+0000] {processor.py:157} INFO - Started process (PID=6163) to work on /opt/airflow/dags/predict_daily.py
[2026-07-09T10:17:32.209+0000] {processor.py:829} INFO - Processing file /opt/airflow/dags/predict_daily.py for tasks to queue
[2026-07-09T10:17:32.213+0000] {logging_mixin.py:151} INFO - [2026-07-09T10:17:32.212+0000] {dagbag.py:539} INFO - Filling up the DagBag from /opt/airflow/dags/predict_daily.py
[2026-07-09T10:17:34.755+0000] {processor.py:841} WARNING - No viable dags retrieved from /opt/airflow/dags/predict_daily.py
[2026-07-09T10:17:34.768+0000] {processor.py:179} INFO - Processing /opt/airflow/dags/predict_daily.py took 2.570 seconds
[2026-07-09T10:18:05.251+0000] {processor.py:157} INFO - Started process (PID=6196) to work on /opt/airflow/dags/predict_daily.py
[2026-07-09T10:18:05.253+0000] {processor.py:829} INFO - Processing file /opt/airflow/dags/predict_daily.py for tasks to queue
[2026-07-09T10:18:05.254+0000] {logging_mixin.py:151} INFO - [2026-07-09T10:18:05.253+0000] {dagbag.py:539} INFO - Filling up the DagBag from /opt/airflow/dags/predict_daily.py
[2026-07-09T10:18:07.845+0000] {processor.py:841} WARNING - No viable dags retrieved from /opt/airflow/dags/predict_daily.py
[2026-07-09T10:18:07.857+0000] {processor.py:179} INFO - Processing /opt/airflow/dags/predict_daily.py took 2.610 seconds
[2026-07-09T10:18:38.445+0000] {processor.py:157} INFO - Started process (PID=6229) to work on /opt/airflow/dags/predict_daily.py
[2026-07-09T10:18:38.447+0000] {processor.py:829} INFO - Processing file /opt/airflow/dags/predict_daily.py for tasks to queue
[2026-07-09T10:18:38.449+0000] {logging_mixin.py:151} INFO - [2026-07-09T10:18:38.448+0000] {dagbag.py:539} INFO - Filling up the DagBag from /opt/airflow/dags/predict_daily.py
[2026-07-09T10:18:41.012+0000] {processor.py:841} WARNING - No viable dags retrieved from /opt/airflow/dags/predict_daily.py
[2026-07-09T10:18:41.024+0000] {processor.py:179} INFO - Processing /opt/airflow/dags/predict_daily.py took 2.585 seconds
[2026-07-09T10:19:11.399+0000] {processor.py:157} INFO - Started process (PID=6262) to work on /opt/airflow/dags/predict_daily.py
[2026-07-09T10:19:11.400+0000] {processor.py:829} INFO - Processing file /opt/airflow/dags/predict_daily.py for tasks to queue
[2026-07-09T10:19:11.401+0000] {logging_mixin.py:151} INFO - [2026-07-09T10:19:11.401+0000] {dagbag.py:539} INFO - Filling up the DagBag from /opt/airflow/dags/predict_daily.py
[2026-07-09T10:19:15.015+0000] {processor.py:841} WARNING - No viable dags retrieved from /opt/airflow/dags/predict_daily.py
[2026-07-09T10:19:15.030+0000] {processor.py:179} INFO - Processing /opt/airflow/dags/predict_daily.py took 3.635 seconds
[2026-07-09T10:19:45.779+0000] {processor.py:157} INFO - Started process (PID=6300) to work on /opt/airflow/dags/predict_daily.py
[2026-07-09T10:19:45.780+0000] {processor.py:829} INFO - Processing file /opt/airflow/dags/predict_daily.py for tasks to queue
[2026-07-09T10:19:45.781+0000] {logging_mixin.py:151} INFO - [2026-07-09T10:19:45.781+0000] {dagbag.py:539} INFO - Filling up the DagBag from /opt/airflow/dags/predict_daily.py
[2026-07-09T10:19:48.872+0000] {processor.py:841} WARNING - No viable dags retrieved from /opt/airflow/dags/predict_daily.py
[2026-07-09T10:19:48.889+0000] {processor.py:179} INFO - Processing /opt/airflow/dags/predict_daily.py took 3.114 seconds
[2026-07-09T10:20:19.261+0000] {processor.py:157} INFO - Started process (PID=6333) to work on /opt/airflow/dags/predict_daily.py
[2026-07-09T10:20:19.262+0000] {processor.py:829} INFO - Processing file /opt/airflow/dags/predict_daily.py for tasks to queue
[2026-07-09T10:20:19.263+0000] {logging_mixin.py:151} INFO - [2026-07-09T10:20:19.263+0000] {dagbag.py:539} INFO - Filling up the DagBag from /opt/airflow/dags/predict_daily.py
[2026-07-09T10:20:22.176+0000] {processor.py:841} WARNING - No viable dags retrieved from /opt/airflow/dags/predict_daily.py
[2026-07-09T10:20:22.191+0000] {processor.py:179} INFO - Processing /opt/airflow/dags/predict_daily.py took 2.934 seconds
[2026-07-09T10:20:52.613+0000] {processor.py:157} INFO - Started process (PID=6367) to work on /opt/airflow/dags/predict_daily.py
[2026-07-09T10:20:52.614+0000] {processor.py:829} INFO - Processing file /opt/airflow/dags/predict_daily.py for tasks to queue
[2026-07-09T10:20:52.615+0000] {logging_mixin.py:151} INFO - [2026-07-09T10:20:52.615+0000] {dagbag.py:539} INFO - Filling up the DagBag from /opt/airflow/dags/predict_daily.py
[2026-07-09T10:20:55.314+0000] {processor.py:841} WARNING - No viable dags retrieved from /opt/airflow/dags/predict_daily.py
[2026-07-09T10:20:55.327+0000] {processor.py:179} INFO - Processing /opt/airflow/dags/predict_daily.py took 2.718 seconds
[2026-07-09T10:21:25.891+0000] {processor.py:157} INFO - Started process (PID=6407) to work on /opt/airflow/dags/predict_daily.py
[2026-07-09T10:21:25.893+0000] {processor.py:829} INFO - Processing file /opt/airflow/dags/predict_daily.py for tasks to queue
[2026-07-09T10:21:25.894+0000] {logging_mixin.py:151} INFO - [2026-07-09T10:21:25.894+0000] {dagbag.py:539} INFO - Filling up the DagBag from /opt/airflow/dags/predict_daily.py
[2026-07-09T10:21:28.616+0000] {processor.py:841} WARNING - No viable dags retrieved from /opt/airflow/dags/predict_daily.py
[2026-07-09T10:21:28.633+0000] {processor.py:179} INFO - Processing /opt/airflow/dags/predict_daily.py took 2.752 seconds
[2026-07-09T10:21:59.280+0000] {processor.py:157} INFO - Started process (PID=6440) to work on /opt/airflow/dags/predict_daily.py
[2026-07-09T10:21:59.281+0000] {processor.py:829} INFO - Processing file /opt/airflow/dags/predict_daily.py for tasks to queue
[2026-07-09T10:21:59.282+0000] {logging_mixin.py:151} INFO - [2026-07-09T10:21:59.282+0000] {dagbag.py:539} INFO - Filling up the DagBag from /opt/airflow/dags/predict_daily.py
[2026-07-09T10:22:01.859+0000] {processor.py:841} WARNING - No viable dags retrieved from /opt/airflow/dags/predict_daily.py
[2026-07-09T10:22:01.875+0000] {processor.py:179} INFO - Processing /opt/airflow/dags/predict_daily.py took 2.599 seconds
[2026-07-09T10:22:32.517+0000] {processor.py:157} INFO - Started process (PID=6473) to work on /opt/airflow/dags/predict_daily.py
[2026-07-09T10:22:32.518+0000] {processor.py:829} INFO - Processing file /opt/airflow/dags/predict_daily.py for tasks to queue
[2026-07-09T10:22:32.519+0000] {logging_mixin.py:151} INFO - [2026-07-09T10:22:32.519+0000] {dagbag.py:539} INFO - Filling up the DagBag from /opt/airflow/dags/predict_daily.py
[2026-07-09T10:22:35.067+0000] {processor.py:841} WARNING - No viable dags retrieved from /opt/airflow/dags/predict_daily.py
[2026-07-09T10:22:35.079+0000] {processor.py:179} INFO - Processing /opt/airflow/dags/predict_daily.py took 2.566 seconds
[2026-07-09T10:23:05.605+0000] {processor.py:157} INFO - Started process (PID=6506) to work on /opt/airflow/dags/predict_daily.py
[2026-07-09T10:23:05.606+0000] {processor.py:829} INFO - Processing file /opt/airflow/dags/predict_daily.py for tasks to queue
[2026-07-09T10:23:05.607+0000] {logging_mixin.py:151} INFO - [2026-07-09T10:23:05.607+0000] {dagbag.py:539} INFO - Filling up the DagBag from /opt/airflow/dags/predict_daily.py
[2026-07-09T10:23:08.153+0000] {processor.py:841} WARNING - No viable dags retrieved from /opt/airflow/dags/predict_daily.py
[2026-07-09T10:23:08.164+0000] {processor.py:179} INFO - Processing /opt/airflow/dags/predict_daily.py took 2.564 seconds
[2026-07-09T10:23:38.616+0000] {processor.py:157} INFO - Started process (PID=6539) to work on /opt/airflow/dags/predict_daily.py
[2026-07-09T10:23:38.617+0000] {processor.py:829} INFO - Processing file /opt/airflow/dags/predict_daily.py for tasks to queue
[2026-07-09T10:23:38.618+0000] {logging_mixin.py:151} INFO - [2026-07-09T10:23:38.618+0000] {dagbag.py:539} INFO - Filling up the DagBag from /opt/airflow/dags/predict_daily.py
[2026-07-09T10:23:40.923+0000] {processor.py:841} WARNING - No viable dags retrieved from /opt/airflow/dags/predict_daily.py
[2026-07-09T10:23:40.935+0000] {processor.py:179} INFO - Processing /opt/airflow/dags/predict_daily.py took 2.324 seconds
[2026-07-09T10:24:11.307+0000] {processor.py:157} INFO - Started process (PID=6572) to work on /opt/airflow/dags/predict_daily.py
[2026-07-09T10:24:11.308+0000] {processor.py:829} INFO - Processing file /opt/airflow/dags/predict_daily.py for tasks to queue
[2026-07-09T10:24:11.309+0000] {logging_mixin.py:151} INFO - [2026-07-09T10:24:11.309+0000] {dagbag.py:539} INFO - Filling up the DagBag from /opt/airflow/dags/predict_daily.py
[2026-07-09T10:24:13.543+0000] {processor.py:841} WARNING - No viable dags retrieved from /opt/airflow/dags/predict_daily.py
[2026-07-09T10:24:13.555+0000] {processor.py:179} INFO - Processing /opt/airflow/dags/predict_daily.py took 2.252 seconds
[2026-07-09T10:24:44.243+0000] {processor.py:157} INFO - Started process (PID=6605) to work on /opt/airflow/dags/predict_daily.py
[2026-07-09T10:24:44.245+0000] {processor.py:829} INFO - Processing file /opt/airflow/dags/predict_daily.py for tasks to queue
[2026-07-09T10:24:44.246+0000] {logging_mixin.py:151} INFO - [2026-07-09T10:24:44.245+0000] {dagbag.py:539} INFO - Filling up the DagBag from /opt/airflow/dags/predict_daily.py
[2026-07-09T10:24:46.588+0000] {processor.py:841} WARNING - No viable dags retrieved from /opt/airflow/dags/predict_daily.py
[2026-07-09T10:24:46.599+0000] {processor.py:179} INFO - Processing /opt/airflow/dags/predict_daily.py took 2.359 seconds
[2026-07-09T10:25:17.532+0000] {processor.py:157} INFO - Started process (PID=6643) to work on /opt/airflow/dags/predict_daily.py
[2026-07-09T10:25:17.534+0000] {processor.py:829} INFO - Processing file /opt/airflow/dags/predict_daily.py for tasks to queue
[2026-07-09T10:25:17.536+0000] {logging_mixin.py:151} INFO - [2026-07-09T10:25:17.535+0000] {dagbag.py:539} INFO - Filling up the DagBag from /opt/airflow/dags/predict_daily.py
[2026-07-09T10:25:19.821+0000] {processor.py:841} WARNING - No viable dags retrieved from /opt/airflow/dags/predict_daily.py
[2026-07-09T10:25:19.834+0000] {processor.py:179} INFO - Processing /opt/airflow/dags/predict_daily.py took 2.309 seconds
[2026-07-09T10:25:50.493+0000] {processor.py:157} INFO - Started process (PID=6676) to work on /opt/airflow/dags/predict_daily.py
[2026-07-09T10:25:50.495+0000] {processor.py:829} INFO - Processing file /opt/airflow/dags/predict_daily.py for tasks to queue
[2026-07-09T10:25:50.496+0000] {logging_mixin.py:151} INFO - [2026-07-09T10:25:50.496+0000] {dagbag.py:539} INFO - Filling up the DagBag from /opt/airflow/dags/predict_daily.py
[2026-07-09T10:25:53.099+0000] {processor.py:841} WARNING - No viable dags retrieved from /opt/airflow/dags/predict_daily.py
[2026-07-09T10:25:53.120+0000] {processor.py:179} INFO - Processing /opt/airflow/dags/predict_daily.py took 2.631 seconds
[2026-07-09T10:26:23.294+0000] {processor.py:157} INFO - Started process (PID=6709) to work on /opt/airflow/dags/predict_daily.py
[2026-07-09T10:26:23.295+0000] {processor.py:829} INFO - Processing file /opt/airflow/dags/predict_daily.py for tasks to queue
[2026-07-09T10:26:23.301+0000] {logging_mixin.py:151} INFO - [2026-07-09T10:26:23.300+0000] {dagbag.py:539} INFO - Filling up the DagBag from /opt/airflow/dags/predict_daily.py
[2026-07-09T10:26:26.316+0000] {processor.py:841} WARNING - No viable dags retrieved from /opt/airflow/dags/predict_daily.py
[2026-07-09T10:26:26.341+0000] {processor.py:179} INFO - Processing /opt/airflow/dags/predict_daily.py took 3.051 seconds
[2026-07-09T10:26:56.547+0000] {processor.py:157} INFO - Started process (PID=6750) to work on /opt/airflow/dags/predict_daily.py
[2026-07-09T10:26:56.549+0000] {processor.py:829} INFO - Processing file /opt/airflow/dags/predict_daily.py for tasks to queue
[2026-07-09T10:26:56.550+0000] {logging_mixin.py:151} INFO - [2026-07-09T10:26:56.549+0000] {dagbag.py:539} INFO - Filling up the DagBag from /opt/airflow/dags/predict_daily.py
[2026-07-09T10:26:59.395+0000] {processor.py:841} WARNING - No viable dags retrieved from /opt/airflow/dags/predict_daily.py
[2026-07-09T10:26:59.415+0000] {processor.py:179} INFO - Processing /opt/airflow/dags/predict_daily.py took 2.874 seconds
[2026-07-09T10:27:30.390+0000] {processor.py:157} INFO - Started process (PID=6783) to work on /opt/airflow/dags/predict_daily.py
[2026-07-09T10:27:30.391+0000] {processor.py:829} INFO - Processing file /opt/airflow/dags/predict_daily.py for tasks to queue
[2026-07-09T10:27:30.392+0000] {logging_mixin.py:151} INFO - [2026-07-09T10:27:30.392+0000] {dagbag.py:539} INFO - Filling up the DagBag from /opt/airflow/dags/predict_daily.py
[2026-07-09T10:27:33.039+0000] {processor.py:841} WARNING - No viable dags retrieved from /opt/airflow/dags/predict_daily.py
[2026-07-09T10:27:33.056+0000] {processor.py:179} INFO - Processing /opt/airflow/dags/predict_daily.py took 2.671 seconds
[2026-07-09T10:28:03.712+0000] {processor.py:157} INFO - Started process (PID=6816) to work on /opt/airflow/dags/predict_daily.py
[2026-07-09T10:28:03.713+0000] {processor.py:829} INFO - Processing file /opt/airflow/dags/predict_daily.py for tasks to queue
[2026-07-09T10:28:03.715+0000] {logging_mixin.py:151} INFO - [2026-07-09T10:28:03.714+0000] {dagbag.py:539} INFO - Filling up the DagBag from /opt/airflow/dags/predict_daily.py
[2026-07-09T10:28:06.159+0000] {processor.py:841} WARNING - No viable dags retrieved from /opt/airflow/dags/predict_daily.py
[2026-07-09T10:28:06.175+0000] {processor.py:179} INFO - Processing /opt/airflow/dags/predict_daily.py took 2.468 seconds
[2026-07-09T10:28:36.798+0000] {processor.py:157} INFO - Started process (PID=6849) to work on /opt/airflow/dags/predict_daily.py
[2026-07-09T10:28:36.799+0000] {processor.py:829} INFO - Processing file /opt/airflow/dags/predict_daily.py for tasks to queue
[2026-07-09T10:28:36.800+0000] {logging_mixin.py:151} INFO - [2026-07-09T10:28:36.800+0000] {dagbag.py:539} INFO - Filling up the DagBag from /opt/airflow/dags/predict_daily.py
[2026-07-09T10:28:39.185+0000] {processor.py:841} WARNING - No viable dags retrieved from /opt/airflow/dags/predict_daily.py
[2026-07-09T10:28:39.196+0000] {processor.py:179} INFO - Processing /opt/airflow/dags/predict_daily.py took 2.403 seconds
[2026-07-09T10:29:09.593+0000] {processor.py:157} INFO - Started process (PID=6882) to work on /opt/airflow/dags/predict_daily.py
[2026-07-09T10:29:09.594+0000] {processor.py:829} INFO - Processing file /opt/airflow/dags/predict_daily.py for tasks to queue
[2026-07-09T10:29:09.596+0000] {logging_mixin.py:151} INFO - [2026-07-09T10:29:09.595+0000] {dagbag.py:539} INFO - Filling up the DagBag from /opt/airflow/dags/predict_daily.py
[2026-07-09T10:29:12.066+0000] {processor.py:841} WARNING - No viable dags retrieved from /opt/airflow/dags/predict_daily.py
[2026-07-09T10:29:12.077+0000] {processor.py:179} INFO - Processing /opt/airflow/dags/predict_daily.py took 2.488 seconds
[2026-07-09T10:29:42.387+0000] {processor.py:157} INFO - Started process (PID=6915) to work on /opt/airflow/dags/predict_daily.py
[2026-07-09T10:29:42.390+0000] {processor.py:829} INFO - Processing file /opt/airflow/dags/predict_daily.py for tasks to queue
[2026-07-09T10:29:42.392+0000] {logging_mixin.py:151} INFO - [2026-07-09T10:29:42.391+0000] {dagbag.py:539} INFO - Filling up the DagBag from /opt/airflow/dags/predict_daily.py
[2026-07-09T10:29:45.014+0000] {processor.py:841} WARNING - No viable dags retrieved from /opt/airflow/dags/predict_daily.py
[2026-07-09T10:29:45.028+0000] {processor.py:179} INFO - Processing /opt/airflow/dags/predict_daily.py took 2.646 seconds
[2026-07-09T10:30:15.391+0000] {processor.py:157} INFO - Started process (PID=6948) to work on /opt/airflow/dags/predict_daily.py
[2026-07-09T10:30:15.393+0000] {processor.py:829} INFO - Processing file /opt/airflow/dags/predict_daily.py for tasks to queue
[2026-07-09T10:30:15.395+0000] {logging_mixin.py:151} INFO - [2026-07-09T10:30:15.394+0000] {dagbag.py:539} INFO - Filling up the DagBag from /opt/airflow/dags/predict_daily.py
[2026-07-09T10:30:17.578+0000] {processor.py:841} WARNING - No viable dags retrieved from /opt/airflow/dags/predict_daily.py
[2026-07-09T10:30:17.591+0000] {processor.py:179} INFO - Processing /opt/airflow/dags/predict_daily.py took 2.209 seconds
[2026-07-09T10:30:47.694+0000] {processor.py:157} INFO - Started process (PID=6981) to work on /opt/airflow/dags/predict_daily.py
[2026-07-09T10:30:47.695+0000] {processor.py:829} INFO - Processing file /opt/airflow/dags/predict_daily.py for tasks to queue
[2026-07-09T10:30:47.697+0000] {logging_mixin.py:151} INFO - [2026-07-09T10:30:47.697+0000] {dagbag.py:539} INFO - Filling up the DagBag from /opt/airflow/dags/predict_daily.py
[2026-07-09T10:30:50.087+0000] {processor.py:841} WARNING - No viable dags retrieved from /opt/airflow/dags/predict_daily.py
[2026-07-09T10:30:50.111+0000] {processor.py:179} INFO - Processing /opt/airflow/dags/predict_daily.py took 2.423 seconds
[2026-07-09T10:31:20.333+0000] {processor.py:157} INFO - Started process (PID=7014) to work on /opt/airflow/dags/predict_daily.py
[2026-07-09T10:31:20.336+0000] {processor.py:829} INFO - Processing file /opt/airflow/dags/predict_daily.py for tasks to queue
[2026-07-09T10:31:20.351+0000] {logging_mixin.py:151} INFO - [2026-07-09T10:31:20.350+0000] {dagbag.py:539} INFO - Filling up the DagBag from /opt/airflow/dags/predict_daily.py
[2026-07-09T10:31:23.235+0000] {processor.py:841} WARNING - No viable dags retrieved from /opt/airflow/dags/predict_daily.py
[2026-07-09T10:31:23.248+0000] {processor.py:179} INFO - Processing /opt/airflow/dags/predict_daily.py took 2.920 seconds
[2026-07-09T10:31:53.653+0000] {processor.py:157} INFO - Started process (PID=7052) to work on /opt/airflow/dags/predict_daily.py
[2026-07-09T10:31:53.654+0000] {processor.py:829} INFO - Processing file /opt/airflow/dags/predict_daily.py for tasks to queue
[2026-07-09T10:31:53.655+0000] {logging_mixin.py:151} INFO - [2026-07-09T10:31:53.655+0000] {dagbag.py:539} INFO - Filling up the DagBag from /opt/airflow/dags/predict_daily.py
[2026-07-09T10:31:56.484+0000] {processor.py:841} WARNING - No viable dags retrieved from /opt/airflow/dags/predict_daily.py
[2026-07-09T10:31:56.501+0000] {processor.py:179} INFO - Processing /opt/airflow/dags/predict_daily.py took 2.853 seconds
[2026-07-09T10:32:26.950+0000] {processor.py:157} INFO - Started process (PID=7091) to work on /opt/airflow/dags/predict_daily.py
[2026-07-09T10:32:26.952+0000] {processor.py:829} INFO - Processing file /opt/airflow/dags/predict_daily.py for tasks to queue
[2026-07-09T10:32:26.954+0000] {logging_mixin.py:151} INFO - [2026-07-09T10:32:26.953+0000] {dagbag.py:539} INFO - Filling up the DagBag from /opt/airflow/dags/predict_daily.py
[2026-07-09T10:32:29.744+0000] {processor.py:841} WARNING - No viable dags retrieved from /opt/airflow/dags/predict_daily.py
[2026-07-09T10:32:29.760+0000] {processor.py:179} INFO - Processing /opt/airflow/dags/predict_daily.py took 2.817 seconds
[2026-07-09T10:33:00.271+0000] {processor.py:157} INFO - Started process (PID=7124) to work on /opt/airflow/dags/predict_daily.py
[2026-07-09T10:33:00.273+0000] {processor.py:829} INFO - Processing file /opt/airflow/dags/predict_daily.py for tasks to queue
[2026-07-09T10:33:00.275+0000] {logging_mixin.py:151} INFO - [2026-07-09T10:33:00.274+0000] {dagbag.py:539} INFO - Filling up the DagBag from /opt/airflow/dags/predict_daily.py
[2026-07-09T10:33:02.912+0000] {processor.py:841} WARNING - No viable dags retrieved from /opt/airflow/dags/predict_daily.py
[2026-07-09T10:33:02.923+0000] {processor.py:179} INFO - Processing /opt/airflow/dags/predict_daily.py took 2.657 seconds
[2026-07-09T10:33:33.655+0000] {processor.py:157} INFO - Started process (PID=7157) to work on /opt/airflow/dags/predict_daily.py
[2026-07-09T10:33:33.656+0000] {processor.py:829} INFO - Processing file /opt/airflow/dags/predict_daily.py for tasks to queue
[2026-07-09T10:33:33.657+0000] {logging_mixin.py:151} INFO - [2026-07-09T10:33:33.657+0000] {dagbag.py:539} INFO - Filling up the DagBag from /opt/airflow/dags/predict_daily.py
[2026-07-09T10:33:36.022+0000] {processor.py:841} WARNING - No viable dags retrieved from /opt/airflow/dags/predict_daily.py
[2026-07-09T10:33:36.034+0000] {processor.py:179} INFO - Processing /opt/airflow/dags/predict_daily.py took 2.383 seconds
[2026-07-09T10:34:06.355+0000] {processor.py:157} INFO - Started process (PID=7190) to work on /opt/airflow/dags/predict_daily.py
[2026-07-09T10:34:06.357+0000] {processor.py:829} INFO - Processing file /opt/airflow/dags/predict_daily.py for tasks to queue
[2026-07-09T10:34:06.358+0000] {logging_mixin.py:151} INFO - [2026-07-09T10:34:06.358+0000] {dagbag.py:539} INFO - Filling up the DagBag from /opt/airflow/dags/predict_daily.py
[2026-07-09T10:34:09.066+0000] {processor.py:841} WARNING - No viable dags retrieved from /opt/airflow/dags/predict_daily.py
[2026-07-09T10:34:09.079+0000] {processor.py:179} INFO - Processing /opt/airflow/dags/predict_daily.py took 2.728 seconds
[2026-07-09T10:34:39.748+0000] {processor.py:157} INFO - Started process (PID=7223) to work on /opt/airflow/dags/predict_daily.py
[2026-07-09T10:34:39.749+0000] {processor.py:829} INFO - Processing file /opt/airflow/dags/predict_daily.py for tasks to queue
[2026-07-09T10:34:39.750+0000] {logging_mixin.py:151} INFO - [2026-07-09T10:34:39.750+0000] {dagbag.py:539} INFO - Filling up the DagBag from /opt/airflow/dags/predict_daily.py
[2026-07-09T10:34:42.307+0000] {processor.py:841} WARNING - No viable dags retrieved from /opt/airflow/dags/predict_daily.py
[2026-07-09T10:34:42.318+0000] {processor.py:179} INFO - Processing /opt/airflow/dags/predict_daily.py took 2.575 seconds
[2026-07-09T10:35:13.078+0000] {processor.py:157} INFO - Started process (PID=7256) to work on /opt/airflow/dags/predict_daily.py
[2026-07-09T10:35:13.081+0000] {processor.py:829} INFO - Processing file /opt/airflow/dags/predict_daily.py for tasks to queue
[2026-07-09T10:35:13.085+0000] {logging_mixin.py:151} INFO - [2026-07-09T10:35:13.084+0000] {dagbag.py:539} INFO - Filling up the DagBag from /opt/airflow/dags/predict_daily.py
[2026-07-09T10:35:25.792+0000] {processor.py:841} WARNING - No viable dags retrieved from /opt/airflow/dags/predict_daily.py
[2026-07-09T10:35:25.888+0000] {processor.py:179} INFO - Processing /opt/airflow/dags/predict_daily.py took 12.826 seconds
[2026-07-09T10:35:56.137+0000] {processor.py:157} INFO - Started process (PID=7290) to work on /opt/airflow/dags/predict_daily.py
[2026-07-09T10:35:56.139+0000] {processor.py:829} INFO - Processing file /opt/airflow/dags/predict_daily.py for tasks to queue
[2026-07-09T10:35:56.140+0000] {logging_mixin.py:151} INFO - [2026-07-09T10:35:56.140+0000] {dagbag.py:539} INFO - Filling up the DagBag from /opt/airflow/dags/predict_daily.py
[2026-07-09T10:36:03.154+0000] {processor.py:841} WARNING - No viable dags retrieved from /opt/airflow/dags/predict_daily.py
[2026-07-09T10:36:03.249+0000] {processor.py:179} INFO - Processing /opt/airflow/dags/predict_daily.py took 7.117 seconds
[2026-07-09T10:36:33.825+0000] {processor.py:157} INFO - Started process (PID=7334) to work on /opt/airflow/dags/predict_daily.py
[2026-07-09T10:36:33.828+0000] {processor.py:829} INFO - Processing file /opt/airflow/dags/predict_daily.py for tasks to queue
[2026-07-09T10:36:33.831+0000] {logging_mixin.py:151} INFO - [2026-07-09T10:36:33.830+0000] {dagbag.py:539} INFO - Filling up the DagBag from /opt/airflow/dags/predict_daily.py
[2026-07-09T10:36:39.047+0000] {processor.py:841} WARNING - No viable dags retrieved from /opt/airflow/dags/predict_daily.py
[2026-07-09T10:36:39.068+0000] {processor.py:179} INFO - Processing /opt/airflow/dags/predict_daily.py took 5.250 seconds
[2026-07-09T10:37:09.666+0000] {processor.py:157} INFO - Started process (PID=7367) to work on /opt/airflow/dags/predict_daily.py
[2026-07-09T10:37:09.668+0000] {processor.py:829} INFO - Processing file /opt/airflow/dags/predict_daily.py for tasks to queue
[2026-07-09T10:37:09.670+0000] {logging_mixin.py:151} INFO - [2026-07-09T10:37:09.669+0000] {dagbag.py:539} INFO - Filling up the DagBag from /opt/airflow/dags/predict_daily.py
[2026-07-09T10:37:13.703+0000] {processor.py:841} WARNING - No viable dags retrieved from /opt/airflow/dags/predict_daily.py
[2026-07-09T10:37:13.724+0000] {processor.py:179} INFO - Processing /opt/airflow/dags/predict_daily.py took 4.065 seconds
[2026-07-09T10:37:44.383+0000] {processor.py:157} INFO - Started process (PID=7400) to work on /opt/airflow/dags/predict_daily.py
[2026-07-09T10:37:44.386+0000] {processor.py:829} INFO - Processing file /opt/airflow/dags/predict_daily.py for tasks to queue
[2026-07-09T10:37:44.388+0000] {logging_mixin.py:151} INFO - [2026-07-09T10:37:44.387+0000] {dagbag.py:539} INFO - Filling up the DagBag from /opt/airflow/dags/predict_daily.py
[2026-07-09T10:37:49.093+0000] {processor.py:841} WARNING - No viable dags retrieved from /opt/airflow/dags/predict_daily.py
[2026-07-09T10:37:49.121+0000] {processor.py:179} INFO - Processing /opt/airflow/dags/predict_daily.py took 4.748 seconds
[2026-07-09T10:38:19.345+0000] {processor.py:157} INFO - Started process (PID=7433) to work on /opt/airflow/dags/predict_daily.py
[2026-07-09T10:38:19.347+0000] {processor.py:829} INFO - Processing file /opt/airflow/dags/predict_daily.py for tasks to queue
[2026-07-09T10:38:19.349+0000] {logging_mixin.py:151} INFO - [2026-07-09T10:38:19.349+0000] {dagbag.py:539} INFO - Filling up the DagBag from /opt/airflow/dags/predict_daily.py
[2026-07-09T10:38:23.640+0000] {processor.py:841} WARNING - No viable dags retrieved from /opt/airflow/dags/predict_daily.py
[2026-07-09T10:38:23.670+0000] {processor.py:179} INFO - Processing /opt/airflow/dags/predict_daily.py took 4.332 seconds
[2026-07-09T10:38:54.398+0000] {processor.py:157} INFO - Started process (PID=7466) to work on /opt/airflow/dags/predict_daily.py
[2026-07-09T10:38:54.400+0000] {processor.py:829} INFO - Processing file /opt/airflow/dags/predict_daily.py for tasks to queue
[2026-07-09T10:38:54.402+0000] {logging_mixin.py:151} INFO - [2026-07-09T10:38:54.401+0000] {dagbag.py:539} INFO - Filling up the DagBag from /opt/airflow/dags/predict_daily.py
[2026-07-09T10:38:58.885+0000] {processor.py:841} WARNING - No viable dags retrieved from /opt/airflow/dags/predict_daily.py
[2026-07-09T10:38:58.905+0000] {processor.py:179} INFO - Processing /opt/airflow/dags/predict_daily.py took 4.516 seconds
[2026-07-09T10:39:29.233+0000] {processor.py:157} INFO - Started process (PID=7507) to work on /opt/airflow/dags/predict_daily.py
[2026-07-09T10:39:29.235+0000] {processor.py:829} INFO - Processing file /opt/airflow/dags/predict_daily.py for tasks to queue
[2026-07-09T10:39:29.238+0000] {logging_mixin.py:151} INFO - [2026-07-09T10:39:29.237+0000] {dagbag.py:539} INFO - Filling up the DagBag from /opt/airflow/dags/predict_daily.py
[2026-07-09T10:39:34.190+0000] {processor.py:841} WARNING - No viable dags retrieved from /opt/airflow/dags/predict_daily.py
[2026-07-09T10:39:34.247+0000] {processor.py:179} INFO - Processing /opt/airflow/dags/predict_daily.py took 5.024 seconds
[2026-07-09T10:40:04.962+0000] {processor.py:157} INFO - Started process (PID=7546) to work on /opt/airflow/dags/predict_daily.py
[2026-07-09T10:40:04.965+0000] {processor.py:829} INFO - Processing file /opt/airflow/dags/predict_daily.py for tasks to queue
[2026-07-09T10:40:04.968+0000] {logging_mixin.py:151} INFO - [2026-07-09T10:40:04.967+0000] {dagbag.py:539} INFO - Filling up the DagBag from /opt/airflow/dags/predict_daily.py
[2026-07-09T10:40:10.278+0000] {processor.py:841} WARNING - No viable dags retrieved from /opt/airflow/dags/predict_daily.py
[2026-07-09T10:40:10.303+0000] {processor.py:179} INFO - Processing /opt/airflow/dags/predict_daily.py took 5.347 seconds
[2026-07-09T10:40:41.199+0000] {processor.py:157} INFO - Started process (PID=7579) to work on /opt/airflow/dags/predict_daily.py
[2026-07-09T10:40:41.204+0000] {processor.py:829} INFO - Processing file /opt/airflow/dags/predict_daily.py for tasks to queue
[2026-07-09T10:40:41.206+0000] {logging_mixin.py:151} INFO - [2026-07-09T10:40:41.206+0000] {dagbag.py:539} INFO - Filling up the DagBag from /opt/airflow/dags/predict_daily.py
[2026-07-09T10:40:45.634+0000] {processor.py:841} WARNING - No viable dags retrieved from /opt/airflow/dags/predict_daily.py
[2026-07-09T10:40:45.659+0000] {processor.py:179} INFO - Processing /opt/airflow/dags/predict_daily.py took 4.469 seconds
[2026-07-09T10:41:15.844+0000] {processor.py:157} INFO - Started process (PID=7612) to work on /opt/airflow/dags/predict_daily.py
[2026-07-09T10:41:15.846+0000] {processor.py:829} INFO - Processing file /opt/airflow/dags/predict_daily.py for tasks to queue
[2026-07-09T10:41:15.848+0000] {logging_mixin.py:151} INFO - [2026-07-09T10:41:15.847+0000] {dagbag.py:539} INFO - Filling up the DagBag from /opt/airflow/dags/predict_daily.py
[2026-07-09T10:41:20.395+0000] {processor.py:841} WARNING - No viable dags retrieved from /opt/airflow/dags/predict_daily.py
[2026-07-09T10:41:20.412+0000] {processor.py:179} INFO - Processing /opt/airflow/dags/predict_daily.py took 4.576 seconds
[2026-07-09T10:41:51.094+0000] {processor.py:157} INFO - Started process (PID=7645) to work on /opt/airflow/dags/predict_daily.py
[2026-07-09T10:41:51.097+0000] {processor.py:829} INFO - Processing file /opt/airflow/dags/predict_daily.py for tasks to queue
[2026-07-09T10:41:51.098+0000] {logging_mixin.py:151} INFO - [2026-07-09T10:41:51.098+0000] {dagbag.py:539} INFO - Filling up the DagBag from /opt/airflow/dags/predict_daily.py
[2026-07-09T10:41:56.058+0000] {processor.py:841} WARNING - No viable dags retrieved from /opt/airflow/dags/predict_daily.py
[2026-07-09T10:41:56.077+0000] {processor.py:179} INFO - Processing /opt/airflow/dags/predict_daily.py took 4.991 seconds
[2026-07-09T10:42:26.809+0000] {processor.py:157} INFO - Started process (PID=7678) to work on /opt/airflow/dags/predict_daily.py
[2026-07-09T10:42:26.811+0000] {processor.py:829} INFO - Processing file /opt/airflow/dags/predict_daily.py for tasks to queue
[2026-07-09T10:42:26.813+0000] {logging_mixin.py:151} INFO - [2026-07-09T10:42:26.813+0000] {dagbag.py:539} INFO - Filling up the DagBag from /opt/airflow/dags/predict_daily.py
[2026-07-09T10:42:32.017+0000] {processor.py:841} WARNING - No viable dags retrieved from /opt/airflow/dags/predict_daily.py
[2026-07-09T10:42:32.041+0000] {processor.py:179} INFO - Processing /opt/airflow/dags/predict_daily.py took 5.240 seconds
[2026-07-09T10:43:02.495+0000] {processor.py:157} INFO - Started process (PID=7719) to work on /opt/airflow/dags/predict_daily.py
[2026-07-09T10:43:02.497+0000] {processor.py:829} INFO - Processing file /opt/airflow/dags/predict_daily.py for tasks to queue
[2026-07-09T10:43:02.499+0000] {logging_mixin.py:151} INFO - [2026-07-09T10:43:02.498+0000] {dagbag.py:539} INFO - Filling up the DagBag from /opt/airflow/dags/predict_daily.py
[2026-07-09T10:43:06.968+0000] {processor.py:841} WARNING - No viable dags retrieved from /opt/airflow/dags/predict_daily.py
[2026-07-09T10:43:06.991+0000] {processor.py:179} INFO - Processing /opt/airflow/dags/predict_daily.py took 4.503 seconds
[2026-07-09T10:43:37.876+0000] {processor.py:157} INFO - Started process (PID=7757) to work on /opt/airflow/dags/predict_daily.py
[2026-07-09T10:43:37.879+0000] {processor.py:829} INFO - Processing file /opt/airflow/dags/predict_daily.py for tasks to queue
[2026-07-09T10:43:37.882+0000] {logging_mixin.py:151} INFO - [2026-07-09T10:43:37.881+0000] {dagbag.py:539} INFO - Filling up the DagBag from /opt/airflow/dags/predict_daily.py
[2026-07-09T10:43:42.309+0000] {processor.py:841} WARNING - No viable dags retrieved from /opt/airflow/dags/predict_daily.py
[2026-07-09T10:43:42.326+0000] {processor.py:179} INFO - Processing /opt/airflow/dags/predict_daily.py took 4.456 seconds
[2026-07-09T10:44:13.271+0000] {processor.py:157} INFO - Started process (PID=7790) to work on /opt/airflow/dags/predict_daily.py
[2026-07-09T10:44:13.273+0000] {processor.py:829} INFO - Processing file /opt/airflow/dags/predict_daily.py for tasks to queue
[2026-07-09T10:44:13.275+0000] {logging_mixin.py:151} INFO - [2026-07-09T10:44:13.274+0000] {dagbag.py:539} INFO - Filling up the DagBag from /opt/airflow/dags/predict_daily.py
[2026-07-09T10:44:18.007+0000] {processor.py:841} WARNING - No viable dags retrieved from /opt/airflow/dags/predict_daily.py
[2026-07-09T10:44:18.033+0000] {processor.py:179} INFO - Processing /opt/airflow/dags/predict_daily.py took 4.770 seconds
[2026-07-09T10:44:48.877+0000] {processor.py:157} INFO - Started process (PID=7823) to work on /opt/airflow/dags/predict_daily.py
[2026-07-09T10:44:48.879+0000] {processor.py:829} INFO - Processing file /opt/airflow/dags/predict_daily.py for tasks to queue
[2026-07-09T10:44:48.881+0000] {logging_mixin.py:151} INFO - [2026-07-09T10:44:48.880+0000] {dagbag.py:539} INFO - Filling up the DagBag from /opt/airflow/dags/predict_daily.py
[2026-07-09T10:44:52.849+0000] {processor.py:841} WARNING - No viable dags retrieved from /opt/airflow/dags/predict_daily.py
[2026-07-09T10:44:52.873+0000] {processor.py:179} INFO - Processing /opt/airflow/dags/predict_daily.py took 4.002 seconds
[2026-07-09T10:45:23.083+0000] {processor.py:157} INFO - Started process (PID=7857) to work on /opt/airflow/dags/predict_daily.py
[2026-07-09T10:45:23.086+0000] {processor.py:829} INFO - Processing file /opt/airflow/dags/predict_daily.py for tasks to queue
[2026-07-09T10:45:23.089+0000] {logging_mixin.py:151} INFO - [2026-07-09T10:45:23.088+0000] {dagbag.py:539} INFO - Filling up the DagBag from /opt/airflow/dags/predict_daily.py
[2026-07-09T10:45:27.459+0000] {processor.py:841} WARNING - No viable dags retrieved from /opt/airflow/dags/predict_daily.py
[2026-07-09T10:45:27.481+0000] {processor.py:179} INFO - Processing /opt/airflow/dags/predict_daily.py took 4.405 seconds
[2026-07-09T10:45:57.957+0000] {processor.py:157} INFO - Started process (PID=7890) to work on /opt/airflow/dags/predict_daily.py
[2026-07-09T10:45:57.959+0000] {processor.py:829} INFO - Processing file /opt/airflow/dags/predict_daily.py for tasks to queue
[2026-07-09T10:45:57.962+0000] {logging_mixin.py:151} INFO - [2026-07-09T10:45:57.961+0000] {dagbag.py:539} INFO - Filling up the DagBag from /opt/airflow/dags/predict_daily.py
[2026-07-09T10:46:02.396+0000] {processor.py:841} WARNING - No viable dags retrieved from /opt/airflow/dags/predict_daily.py
[2026-07-09T10:46:02.416+0000] {processor.py:179} INFO - Processing /opt/airflow/dags/predict_daily.py took 4.468 seconds
[2026-07-09T10:46:32.653+0000] {processor.py:157} INFO - Started process (PID=7930) to work on /opt/airflow/dags/predict_daily.py
[2026-07-09T10:46:32.655+0000] {processor.py:829} INFO - Processing file /opt/airflow/dags/predict_daily.py for tasks to queue
[2026-07-09T10:46:32.657+0000] {logging_mixin.py:151} INFO - [2026-07-09T10:46:32.657+0000] {dagbag.py:539} INFO - Filling up the DagBag from /opt/airflow/dags/predict_daily.py
[2026-07-09T10:46:39.900+0000] {processor.py:841} WARNING - No viable dags retrieved from /opt/airflow/dags/predict_daily.py
[2026-07-09T10:46:39.933+0000] {processor.py:179} INFO - Processing /opt/airflow/dags/predict_daily.py took 7.286 seconds
[2026-07-09T10:47:10.266+0000] {processor.py:157} INFO - Started process (PID=7963) to work on /opt/airflow/dags/predict_daily.py
[2026-07-09T10:47:10.268+0000] {processor.py:829} INFO - Processing file /opt/airflow/dags/predict_daily.py for tasks to queue
[2026-07-09T10:47:10.270+0000] {logging_mixin.py:151} INFO - [2026-07-09T10:47:10.270+0000] {dagbag.py:539} INFO - Filling up the DagBag from /opt/airflow/dags/predict_daily.py
[2026-07-09T10:47:14.520+0000] {processor.py:841} WARNING - No viable dags retrieved from /opt/airflow/dags/predict_daily.py
[2026-07-09T10:47:14.543+0000] {processor.py:179} INFO - Processing /opt/airflow/dags/predict_daily.py took 4.283 seconds
[2026-07-09T10:47:44.778+0000] {processor.py:157} INFO - Started process (PID=8001) to work on /opt/airflow/dags/predict_daily.py
[2026-07-09T10:47:44.781+0000] {processor.py:829} INFO - Processing file /opt/airflow/dags/predict_daily.py for tasks to queue
[2026-07-09T10:47:44.784+0000] {logging_mixin.py:151} INFO - [2026-07-09T10:47:44.783+0000] {dagbag.py:539} INFO - Filling up the DagBag from /opt/airflow/dags/predict_daily.py
[2026-07-09T10:47:49.057+0000] {processor.py:841} WARNING - No viable dags retrieved from /opt/airflow/dags/predict_daily.py
[2026-07-09T10:47:49.078+0000] {processor.py:179} INFO - Processing /opt/airflow/dags/predict_daily.py took 4.307 seconds
[2026-07-09T10:48:19.936+0000] {processor.py:157} INFO - Started process (PID=8034) to work on /opt/airflow/dags/predict_daily.py
[2026-07-09T10:48:19.939+0000] {processor.py:829} INFO - Processing file /opt/airflow/dags/predict_daily.py for tasks to queue
[2026-07-09T10:48:19.941+0000] {logging_mixin.py:151} INFO - [2026-07-09T10:48:19.941+0000] {dagbag.py:539} INFO - Filling up the DagBag from /opt/airflow/dags/predict_daily.py
[2026-07-09T10:48:24.428+0000] {processor.py:841} WARNING - No viable dags retrieved from /opt/airflow/dags/predict_daily.py
[2026-07-09T10:48:24.453+0000] {processor.py:179} INFO - Processing /opt/airflow/dags/predict_daily.py took 4.525 seconds
[2026-07-09T10:48:55.033+0000] {processor.py:157} INFO - Started process (PID=8067) to work on /opt/airflow/dags/predict_daily.py
[2026-07-09T10:48:55.035+0000] {processor.py:829} INFO - Processing file /opt/airflow/dags/predict_daily.py for tasks to queue
[2026-07-09T10:48:55.038+0000] {logging_mixin.py:151} INFO - [2026-07-09T10:48:55.037+0000] {dagbag.py:539} INFO - Filling up the DagBag from /opt/airflow/dags/predict_daily.py
[2026-07-09T10:48:59.549+0000] {processor.py:841} WARNING - No viable dags retrieved from /opt/airflow/dags/predict_daily.py
[2026-07-09T10:48:59.569+0000] {processor.py:179} INFO - Processing /opt/airflow/dags/predict_daily.py took 4.546 seconds
[2026-07-09T10:49:30.256+0000] {processor.py:157} INFO - Started process (PID=8100) to work on /opt/airflow/dags/predict_daily.py
[2026-07-09T10:49:30.259+0000] {processor.py:829} INFO - Processing file /opt/airflow/dags/predict_daily.py for tasks to queue
[2026-07-09T10:49:30.263+0000] {logging_mixin.py:151} INFO - [2026-07-09T10:49:30.261+0000] {dagbag.py:539} INFO - Filling up the DagBag from /opt/airflow/dags/predict_daily.py
[2026-07-09T10:49:34.256+0000] {processor.py:841} WARNING - No viable dags retrieved from /opt/airflow/dags/predict_daily.py
[2026-07-09T10:49:34.287+0000] {processor.py:179} INFO - Processing /opt/airflow/dags/predict_daily.py took 4.038 seconds
[2026-07-09T10:50:04.572+0000] {processor.py:157} INFO - Started process (PID=8140) to work on /opt/airflow/dags/predict_daily.py
[2026-07-09T10:50:04.575+0000] {processor.py:829} INFO - Processing file /opt/airflow/dags/predict_daily.py for tasks to queue
[2026-07-09T10:50:04.577+0000] {logging_mixin.py:151} INFO - [2026-07-09T10:50:04.576+0000] {dagbag.py:539} INFO - Filling up the DagBag from /opt/airflow/dags/predict_daily.py
[2026-07-09T10:50:08.843+0000] {processor.py:841} WARNING - No viable dags retrieved from /opt/airflow/dags/predict_daily.py
[2026-07-09T10:50:08.863+0000] {processor.py:179} INFO - Processing /opt/airflow/dags/predict_daily.py took 4.298 seconds
[2026-07-09T10:50:39.575+0000] {processor.py:157} INFO - Started process (PID=8173) to work on /opt/airflow/dags/predict_daily.py
[2026-07-09T10:50:39.577+0000] {processor.py:829} INFO - Processing file /opt/airflow/dags/predict_daily.py for tasks to queue
[2026-07-09T10:50:39.579+0000] {logging_mixin.py:151} INFO - [2026-07-09T10:50:39.578+0000] {dagbag.py:539} INFO - Filling up the DagBag from /opt/airflow/dags/predict_daily.py
[2026-07-09T10:50:43.069+0000] {processor.py:841} WARNING - No viable dags retrieved from /opt/airflow/dags/predict_daily.py
[2026-07-09T10:50:43.085+0000] {processor.py:179} INFO - Processing /opt/airflow/dags/predict_daily.py took 3.515 seconds
[2026-07-09T10:51:13.387+0000] {processor.py:157} INFO - Started process (PID=8206) to work on /opt/airflow/dags/predict_daily.py
[2026-07-09T10:51:13.389+0000] {processor.py:829} INFO - Processing file /opt/airflow/dags/predict_daily.py for tasks to queue
[2026-07-09T10:51:13.390+0000] {logging_mixin.py:151} INFO - [2026-07-09T10:51:13.390+0000] {dagbag.py:539} INFO - Filling up the DagBag from /opt/airflow/dags/predict_daily.py
[2026-07-09T10:51:17.834+0000] {processor.py:841} WARNING - No viable dags retrieved from /opt/airflow/dags/predict_daily.py
[2026-07-09T10:51:17.855+0000] {processor.py:179} INFO - Processing /opt/airflow/dags/predict_daily.py took 4.476 seconds
[2026-07-09T10:51:48.294+0000] {processor.py:157} INFO - Started process (PID=8244) to work on /opt/airflow/dags/predict_daily.py
[2026-07-09T10:51:48.296+0000] {processor.py:829} INFO - Processing file /opt/airflow/dags/predict_daily.py for tasks to queue
[2026-07-09T10:51:48.298+0000] {logging_mixin.py:151} INFO - [2026-07-09T10:51:48.298+0000] {dagbag.py:539} INFO - Filling up the DagBag from /opt/airflow/dags/predict_daily.py
[2026-07-09T10:51:52.263+0000] {processor.py:841} WARNING - No viable dags retrieved from /opt/airflow/dags/predict_daily.py
[2026-07-09T10:51:52.282+0000] {processor.py:179} INFO - Processing /opt/airflow/dags/predict_daily.py took 3.996 seconds
[2026-07-09T10:52:23.184+0000] {processor.py:157} INFO - Started process (PID=8277) to work on /opt/airflow/dags/predict_daily.py
[2026-07-09T10:52:23.186+0000] {processor.py:829} INFO - Processing file /opt/airflow/dags/predict_daily.py for tasks to queue
[2026-07-09T10:52:23.188+0000] {logging_mixin.py:151} INFO - [2026-07-09T10:52:23.187+0000] {dagbag.py:539} INFO - Filling up the DagBag from /opt/airflow/dags/predict_daily.py
[2026-07-09T10:52:27.433+0000] {processor.py:841} WARNING - No viable dags retrieved from /opt/airflow/dags/predict_daily.py
[2026-07-09T10:52:27.463+0000] {processor.py:179} INFO - Processing /opt/airflow/dags/predict_daily.py took 4.286 seconds
[2026-07-09T10:52:57.819+0000] {processor.py:157} INFO - Started process (PID=8310) to work on /opt/airflow/dags/predict_daily.py
[2026-07-09T10:52:57.822+0000] {processor.py:829} INFO - Processing file /opt/airflow/dags/predict_daily.py for tasks to queue
[2026-07-09T10:52:57.826+0000] {logging_mixin.py:151} INFO - [2026-07-09T10:52:57.824+0000] {dagbag.py:539} INFO - Filling up the DagBag from /opt/airflow/dags/predict_daily.py
[2026-07-09T10:53:02.411+0000] {processor.py:841} WARNING - No viable dags retrieved from /opt/airflow/dags/predict_daily.py
[2026-07-09T10:53:02.435+0000] {processor.py:179} INFO - Processing /opt/airflow/dags/predict_daily.py took 4.624 seconds
[2026-07-09T10:53:33.240+0000] {processor.py:157} INFO - Started process (PID=8350) to work on /opt/airflow/dags/predict_daily.py
[2026-07-09T10:53:33.244+0000] {processor.py:829} INFO - Processing file /opt/airflow/dags/predict_daily.py for tasks to queue
[2026-07-09T10:53:33.246+0000] {logging_mixin.py:151} INFO - [2026-07-09T10:53:33.246+0000] {dagbag.py:539} INFO - Filling up the DagBag from /opt/airflow/dags/predict_daily.py
[2026-07-09T10:53:37.741+0000] {processor.py:841} WARNING - No viable dags retrieved from /opt/airflow/dags/predict_daily.py
[2026-07-09T10:53:37.762+0000] {processor.py:179} INFO - Processing /opt/airflow/dags/predict_daily.py took 4.531 seconds
[2026-07-09T10:54:08.439+0000] {processor.py:157} INFO - Started process (PID=8383) to work on /opt/airflow/dags/predict_daily.py
[2026-07-09T10:54:08.441+0000] {processor.py:829} INFO - Processing file /opt/airflow/dags/predict_daily.py for tasks to queue
[2026-07-09T10:54:08.442+0000] {logging_mixin.py:151} INFO - [2026-07-09T10:54:08.442+0000] {dagbag.py:539} INFO - Filling up the DagBag from /opt/airflow/dags/predict_daily.py
[2026-07-09T10:54:12.618+0000] {processor.py:841} WARNING - No viable dags retrieved from /opt/airflow/dags/predict_daily.py
[2026-07-09T10:54:12.635+0000] {processor.py:179} INFO - Processing /opt/airflow/dags/predict_daily.py took 4.204 seconds
[2026-07-09T10:54:43.255+0000] {processor.py:157} INFO - Started process (PID=8417) to work on /opt/airflow/dags/predict_daily.py
[2026-07-09T10:54:43.257+0000] {processor.py:829} INFO - Processing file /opt/airflow/dags/predict_daily.py for tasks to queue
[2026-07-09T10:54:43.259+0000] {logging_mixin.py:151} INFO - [2026-07-09T10:54:43.258+0000] {dagbag.py:539} INFO - Filling up the DagBag from /opt/airflow/dags/predict_daily.py
[2026-07-09T10:54:47.425+0000] {processor.py:841} WARNING - No viable dags retrieved from /opt/airflow/dags/predict_daily.py
[2026-07-09T10:54:47.448+0000] {processor.py:179} INFO - Processing /opt/airflow/dags/predict_daily.py took 4.200 seconds
[2026-07-09T10:55:18.096+0000] {processor.py:157} INFO - Started process (PID=8450) to work on /opt/airflow/dags/predict_daily.py
[2026-07-09T10:55:18.098+0000] {processor.py:829} INFO - Processing file /opt/airflow/dags/predict_daily.py for tasks to queue
[2026-07-09T10:55:18.100+0000] {logging_mixin.py:151} INFO - [2026-07-09T10:55:18.100+0000] {dagbag.py:539} INFO - Filling up the DagBag from /opt/airflow/dags/predict_daily.py
[2026-07-09T10:55:22.328+0000] {processor.py:841} WARNING - No viable dags retrieved from /opt/airflow/dags/predict_daily.py
[2026-07-09T10:55:22.349+0000] {processor.py:179} INFO - Processing /opt/airflow/dags/predict_daily.py took 4.260 seconds
[2026-07-09T10:55:52.492+0000] {processor.py:157} INFO - Started process (PID=8488) to work on /opt/airflow/dags/predict_daily.py
[2026-07-09T10:55:52.495+0000] {processor.py:829} INFO - Processing file /opt/airflow/dags/predict_daily.py for tasks to queue
[2026-07-09T10:55:52.498+0000] {logging_mixin.py:151} INFO - [2026-07-09T10:55:52.496+0000] {dagbag.py:539} INFO - Filling up the DagBag from /opt/airflow/dags/predict_daily.py
[2026-07-09T10:55:56.791+0000] {processor.py:841} WARNING - No viable dags retrieved from /opt/airflow/dags/predict_daily.py
[2026-07-09T10:55:56.810+0000] {processor.py:179} INFO - Processing /opt/airflow/dags/predict_daily.py took 4.324 seconds
[2026-07-09T10:56:27.838+0000] {processor.py:157} INFO - Started process (PID=8521) to work on /opt/airflow/dags/predict_daily.py
[2026-07-09T10:56:27.841+0000] {processor.py:829} INFO - Processing file /opt/airflow/dags/predict_daily.py for tasks to queue
[2026-07-09T10:56:27.843+0000] {logging_mixin.py:151} INFO - [2026-07-09T10:56:27.843+0000] {dagbag.py:539} INFO - Filling up the DagBag from /opt/airflow/dags/predict_daily.py
[2026-07-09T10:56:32.417+0000] {processor.py:841} WARNING - No viable dags retrieved from /opt/airflow/dags/predict_daily.py
[2026-07-09T10:56:32.440+0000] {processor.py:179} INFO - Processing /opt/airflow/dags/predict_daily.py took 4.614 seconds
[2026-07-09T10:57:02.877+0000] {processor.py:157} INFO - Started process (PID=8555) to work on /opt/airflow/dags/predict_daily.py
[2026-07-09T10:57:02.879+0000] {processor.py:829} INFO - Processing file /opt/airflow/dags/predict_daily.py for tasks to queue
[2026-07-09T10:57:02.881+0000] {logging_mixin.py:151} INFO - [2026-07-09T10:57:02.880+0000] {dagbag.py:539} INFO - Filling up the DagBag from /opt/airflow/dags/predict_daily.py
[2026-07-09T10:57:06.935+0000] {processor.py:841} WARNING - No viable dags retrieved from /opt/airflow/dags/predict_daily.py
[2026-07-09T10:57:06.955+0000] {processor.py:179} INFO - Processing /opt/airflow/dags/predict_daily.py took 4.086 seconds
[2026-07-09T10:57:37.278+0000] {processor.py:157} INFO - Started process (PID=8595) to work on /opt/airflow/dags/predict_daily.py
[2026-07-09T10:57:37.281+0000] {processor.py:829} INFO - Processing file /opt/airflow/dags/predict_daily.py for tasks to queue
[2026-07-09T10:57:37.283+0000] {logging_mixin.py:151} INFO - [2026-07-09T10:57:37.283+0000] {dagbag.py:539} INFO - Filling up the DagBag from /opt/airflow/dags/predict_daily.py
[2026-07-09T10:57:41.734+0000] {processor.py:841} WARNING - No viable dags retrieved from /opt/airflow/dags/predict_daily.py
[2026-07-09T10:57:41.756+0000] {processor.py:179} INFO - Processing /opt/airflow/dags/predict_daily.py took 4.485 seconds
[2026-07-09T10:58:12.334+0000] {processor.py:157} INFO - Started process (PID=8628) to work on /opt/airflow/dags/predict_daily.py
[2026-07-09T10:58:12.336+0000] {processor.py:829} INFO - Processing file /opt/airflow/dags/predict_daily.py for tasks to queue
[2026-07-09T10:58:12.337+0000] {logging_mixin.py:151} INFO - [2026-07-09T10:58:12.337+0000] {dagbag.py:539} INFO - Filling up the DagBag from /opt/airflow/dags/predict_daily.py
[2026-07-09T10:58:16.700+0000] {processor.py:841} WARNING - No viable dags retrieved from /opt/airflow/dags/predict_daily.py
[2026-07-09T10:58:16.723+0000] {processor.py:179} INFO - Processing /opt/airflow/dags/predict_daily.py took 4.396 seconds
[2026-07-09T10:58:47.195+0000] {processor.py:157} INFO - Started process (PID=8661) to work on /opt/airflow/dags/predict_daily.py
[2026-07-09T10:58:47.197+0000] {processor.py:829} INFO - Processing file /opt/airflow/dags/predict_daily.py for tasks to queue
[2026-07-09T10:58:47.200+0000] {logging_mixin.py:151} INFO - [2026-07-09T10:58:47.200+0000] {dagbag.py:539} INFO - Filling up the DagBag from /opt/airflow/dags/predict_daily.py
[2026-07-09T10:58:51.447+0000] {processor.py:841} WARNING - No viable dags retrieved from /opt/airflow/dags/predict_daily.py
[2026-07-09T10:58:51.468+0000] {processor.py:179} INFO - Processing /opt/airflow/dags/predict_daily.py took 4.283 seconds
[2026-07-09T10:59:21.917+0000] {processor.py:157} INFO - Started process (PID=8694) to work on /opt/airflow/dags/predict_daily.py
[2026-07-09T10:59:21.919+0000] {processor.py:829} INFO - Processing file /opt/airflow/dags/predict_daily.py for tasks to queue
[2026-07-09T10:59:21.921+0000] {logging_mixin.py:151} INFO - [2026-07-09T10:59:21.920+0000] {dagbag.py:539} INFO - Filling up the DagBag from /opt/airflow/dags/predict_daily.py
[2026-07-09T10:59:26.022+0000] {processor.py:841} WARNING - No viable dags retrieved from /opt/airflow/dags/predict_daily.py
[2026-07-09T10:59:26.043+0000] {processor.py:179} INFO - Processing /opt/airflow/dags/predict_daily.py took 4.133 seconds
[2026-07-09T10:59:56.547+0000] {processor.py:157} INFO - Started process (PID=8732) to work on /opt/airflow/dags/predict_daily.py
[2026-07-09T10:59:56.551+0000] {processor.py:829} INFO - Processing file /opt/airflow/dags/predict_daily.py for tasks to queue
[2026-07-09T10:59:56.553+0000] {logging_mixin.py:151} INFO - [2026-07-09T10:59:56.552+0000] {dagbag.py:539} INFO - Filling up the DagBag from /opt/airflow/dags/predict_daily.py
[2026-07-09T11:00:00.954+0000] {processor.py:841} WARNING - No viable dags retrieved from /opt/airflow/dags/predict_daily.py
[2026-07-09T11:00:00.972+0000] {processor.py:179} INFO - Processing /opt/airflow/dags/predict_daily.py took 4.434 seconds
[2026-07-09T11:00:31.850+0000] {processor.py:157} INFO - Started process (PID=8765) to work on /opt/airflow/dags/predict_daily.py
[2026-07-09T11:00:31.853+0000] {processor.py:829} INFO - Processing file /opt/airflow/dags/predict_daily.py for tasks to queue
[2026-07-09T11:00:31.856+0000] {logging_mixin.py:151} INFO - [2026-07-09T11:00:31.855+0000] {dagbag.py:539} INFO - Filling up the DagBag from /opt/airflow/dags/predict_daily.py
[2026-07-09T11:00:36.264+0000] {processor.py:841} WARNING - No viable dags retrieved from /opt/airflow/dags/predict_daily.py
[2026-07-09T11:00:36.284+0000] {processor.py:179} INFO - Processing /opt/airflow/dags/predict_daily.py took 4.441 seconds
[2026-07-09T11:01:07.205+0000] {processor.py:157} INFO - Started process (PID=8806) to work on /opt/airflow/dags/predict_daily.py
[2026-07-09T11:01:07.208+0000] {processor.py:829} INFO - Processing file /opt/airflow/dags/predict_daily.py for tasks to queue
[2026-07-09T11:01:07.209+0000] {logging_mixin.py:151} INFO - [2026-07-09T11:01:07.209+0000] {dagbag.py:539} INFO - Filling up the DagBag from /opt/airflow/dags/predict_daily.py
[2026-07-09T11:01:11.134+0000] {processor.py:841} WARNING - No viable dags retrieved from /opt/airflow/dags/predict_daily.py
[2026-07-09T11:01:11.152+0000] {processor.py:179} INFO - Processing /opt/airflow/dags/predict_daily.py took 3.953 seconds
[2026-07-09T11:01:41.518+0000] {processor.py:157} INFO - Started process (PID=8839) to work on /opt/airflow/dags/predict_daily.py
[2026-07-09T11:01:41.522+0000] {processor.py:829} INFO - Processing file /opt/airflow/dags/predict_daily.py for tasks to queue
[2026-07-09T11:01:41.523+0000] {logging_mixin.py:151} INFO - [2026-07-09T11:01:41.523+0000] {dagbag.py:539} INFO - Filling up the DagBag from /opt/airflow/dags/predict_daily.py
[2026-07-09T11:01:45.802+0000] {processor.py:841} WARNING - No viable dags retrieved from /opt/airflow/dags/predict_daily.py
[2026-07-09T11:01:45.821+0000] {processor.py:179} INFO - Processing /opt/airflow/dags/predict_daily.py took 4.309 seconds
[2026-07-09T11:02:16.024+0000] {processor.py:157} INFO - Started process (PID=8872) to work on /opt/airflow/dags/predict_daily.py
[2026-07-09T11:02:16.026+0000] {processor.py:829} INFO - Processing file /opt/airflow/dags/predict_daily.py for tasks to queue
[2026-07-09T11:02:16.029+0000] {logging_mixin.py:151} INFO - [2026-07-09T11:02:16.028+0000] {dagbag.py:539} INFO - Filling up the DagBag from /opt/airflow/dags/predict_daily.py
[2026-07-09T11:02:20.453+0000] {processor.py:841} WARNING - No viable dags retrieved from /opt/airflow/dags/predict_daily.py
[2026-07-09T11:02:20.473+0000] {processor.py:179} INFO - Processing /opt/airflow/dags/predict_daily.py took 4.456 seconds
[2026-07-09T11:02:50.899+0000] {processor.py:157} INFO - Started process (PID=8905) to work on /opt/airflow/dags/predict_daily.py
[2026-07-09T11:02:50.902+0000] {processor.py:829} INFO - Processing file /opt/airflow/dags/predict_daily.py for tasks to queue
[2026-07-09T11:02:50.904+0000] {logging_mixin.py:151} INFO - [2026-07-09T11:02:50.903+0000] {dagbag.py:539} INFO - Filling up the DagBag from /opt/airflow/dags/predict_daily.py
[2026-07-09T11:02:55.153+0000] {processor.py:841} WARNING - No viable dags retrieved from /opt/airflow/dags/predict_daily.py
[2026-07-09T11:02:55.169+0000] {processor.py:179} INFO - Processing /opt/airflow/dags/predict_daily.py took 4.279 seconds
[2026-07-09T11:03:25.612+0000] {processor.py:157} INFO - Started process (PID=8942) to work on /opt/airflow/dags/predict_daily.py
[2026-07-09T11:03:25.614+0000] {processor.py:829} INFO - Processing file /opt/airflow/dags/predict_daily.py for tasks to queue
[2026-07-09T11:03:25.616+0000] {logging_mixin.py:151} INFO - [2026-07-09T11:03:25.615+0000] {dagbag.py:539} INFO - Filling up the DagBag from /opt/airflow/dags/predict_daily.py
[2026-07-09T11:03:30.280+0000] {processor.py:841} WARNING - No viable dags retrieved from /opt/airflow/dags/predict_daily.py
[2026-07-09T11:03:30.309+0000] {processor.py:179} INFO - Processing /opt/airflow/dags/predict_daily.py took 4.704 seconds
[2026-07-09T11:04:01.241+0000] {processor.py:157} INFO - Started process (PID=8975) to work on /opt/airflow/dags/predict_daily.py
[2026-07-09T11:04:01.244+0000] {processor.py:829} INFO - Processing file /opt/airflow/dags/predict_daily.py for tasks to queue
[2026-07-09T11:04:01.246+0000] {logging_mixin.py:151} INFO - [2026-07-09T11:04:01.245+0000] {dagbag.py:539} INFO - Filling up the DagBag from /opt/airflow/dags/predict_daily.py
[2026-07-09T11:04:05.718+0000] {processor.py:841} WARNING - No viable dags retrieved from /opt/airflow/dags/predict_daily.py
[2026-07-09T11:04:05.739+0000] {processor.py:179} INFO - Processing /opt/airflow/dags/predict_daily.py took 4.506 seconds
[2026-07-09T11:04:36.093+0000] {processor.py:157} INFO - Started process (PID=9013) to work on /opt/airflow/dags/predict_daily.py
[2026-07-09T11:04:36.095+0000] {processor.py:829} INFO - Processing file /opt/airflow/dags/predict_daily.py for tasks to queue
[2026-07-09T11:04:36.098+0000] {logging_mixin.py:151} INFO - [2026-07-09T11:04:36.097+0000] {dagbag.py:539} INFO - Filling up the DagBag from /opt/airflow/dags/predict_daily.py
[2026-07-09T11:04:40.410+0000] {processor.py:841} WARNING - No viable dags retrieved from /opt/airflow/dags/predict_daily.py
[2026-07-09T11:04:40.434+0000] {processor.py:179} INFO - Processing /opt/airflow/dags/predict_daily.py took 4.349 seconds
[2026-07-09T11:05:10.699+0000] {processor.py:157} INFO - Started process (PID=9046) to work on /opt/airflow/dags/predict_daily.py
[2026-07-09T11:05:10.701+0000] {processor.py:829} INFO - Processing file /opt/airflow/dags/predict_daily.py for tasks to queue
[2026-07-09T11:05:10.703+0000] {logging_mixin.py:151} INFO - [2026-07-09T11:05:10.702+0000] {dagbag.py:539} INFO - Filling up the DagBag from /opt/airflow/dags/predict_daily.py
[2026-07-09T11:05:15.190+0000] {processor.py:841} WARNING - No viable dags retrieved from /opt/airflow/dags/predict_daily.py
[2026-07-09T11:05:15.215+0000] {processor.py:179} INFO - Processing /opt/airflow/dags/predict_daily.py took 4.523 seconds
[2026-07-09T11:05:45.827+0000] {processor.py:157} INFO - Started process (PID=9080) to work on /opt/airflow/dags/predict_daily.py
[2026-07-09T11:05:45.829+0000] {processor.py:829} INFO - Processing file /opt/airflow/dags/predict_daily.py for tasks to queue
[2026-07-09T11:05:45.832+0000] {logging_mixin.py:151} INFO - [2026-07-09T11:05:45.832+0000] {dagbag.py:539} INFO - Filling up the DagBag from /opt/airflow/dags/predict_daily.py
[2026-07-09T11:05:50.422+0000] {processor.py:841} WARNING - No viable dags retrieved from /opt/airflow/dags/predict_daily.py
[2026-07-09T11:05:50.449+0000] {processor.py:179} INFO - Processing /opt/airflow/dags/predict_daily.py took 4.630 seconds
[2026-07-09T11:06:20.788+0000] {processor.py:157} INFO - Started process (PID=9114) to work on /opt/airflow/dags/predict_daily.py
[2026-07-09T11:06:20.790+0000] {processor.py:829} INFO - Processing file /opt/airflow/dags/predict_daily.py for tasks to queue
[2026-07-09T11:06:20.791+0000] {logging_mixin.py:151} INFO - [2026-07-09T11:06:20.791+0000] {dagbag.py:539} INFO - Filling up the DagBag from /opt/airflow/dags/predict_daily.py
[2026-07-09T11:06:25.388+0000] {processor.py:841} WARNING - No viable dags retrieved from /opt/airflow/dags/predict_daily.py
[2026-07-09T11:06:25.408+0000] {processor.py:179} INFO - Processing /opt/airflow/dags/predict_daily.py took 4.628 seconds
[2026-07-09T11:06:55.656+0000] {processor.py:157} INFO - Started process (PID=9147) to work on /opt/airflow/dags/predict_daily.py
[2026-07-09T11:06:55.659+0000] {processor.py:829} INFO - Processing file /opt/airflow/dags/predict_daily.py for tasks to queue
[2026-07-09T11:06:55.662+0000] {logging_mixin.py:151} INFO - [2026-07-09T11:06:55.661+0000] {dagbag.py:539} INFO - Filling up the DagBag from /opt/airflow/dags/predict_daily.py
[2026-07-09T11:06:59.932+0000] {processor.py:841} WARNING - No viable dags retrieved from /opt/airflow/dags/predict_daily.py
[2026-07-09T11:06:59.951+0000] {processor.py:179} INFO - Processing /opt/airflow/dags/predict_daily.py took 4.306 seconds
[2026-07-09T11:07:30.763+0000] {processor.py:157} INFO - Started process (PID=9185) to work on /opt/airflow/dags/predict_daily.py
[2026-07-09T11:07:30.765+0000] {processor.py:829} INFO - Processing file /opt/airflow/dags/predict_daily.py for tasks to queue
[2026-07-09T11:07:30.771+0000] {logging_mixin.py:151} INFO - [2026-07-09T11:07:30.770+0000] {dagbag.py:539} INFO - Filling up the DagBag from /opt/airflow/dags/predict_daily.py
[2026-07-09T11:07:34.663+0000] {processor.py:841} WARNING - No viable dags retrieved from /opt/airflow/dags/predict_daily.py
[2026-07-09T11:07:34.679+0000] {processor.py:179} INFO - Processing /opt/airflow/dags/predict_daily.py took 3.923 seconds
[2026-07-09T11:08:05.204+0000] {processor.py:157} INFO - Started process (PID=9218) to work on /opt/airflow/dags/predict_daily.py
[2026-07-09T11:08:05.207+0000] {processor.py:829} INFO - Processing file /opt/airflow/dags/predict_daily.py for tasks to queue
[2026-07-09T11:08:05.209+0000] {logging_mixin.py:151} INFO - [2026-07-09T11:08:05.209+0000] {dagbag.py:539} INFO - Filling up the DagBag from /opt/airflow/dags/predict_daily.py
[2026-07-09T11:08:09.261+0000] {processor.py:841} WARNING - No viable dags retrieved from /opt/airflow/dags/predict_daily.py
[2026-07-09T11:08:09.282+0000] {processor.py:179} INFO - Processing /opt/airflow/dags/predict_daily.py took 4.084 seconds
[2026-07-09T11:08:39.880+0000] {processor.py:157} INFO - Started process (PID=9258) to work on /opt/airflow/dags/predict_daily.py
[2026-07-09T11:08:39.883+0000] {processor.py:829} INFO - Processing file /opt/airflow/dags/predict_daily.py for tasks to queue
[2026-07-09T11:08:39.884+0000] {logging_mixin.py:151} INFO - [2026-07-09T11:08:39.884+0000] {dagbag.py:539} INFO - Filling up the DagBag from /opt/airflow/dags/predict_daily.py
[2026-07-09T11:08:43.569+0000] {processor.py:841} WARNING - No viable dags retrieved from /opt/airflow/dags/predict_daily.py
[2026-07-09T11:08:43.588+0000] {processor.py:179} INFO - Processing /opt/airflow/dags/predict_daily.py took 3.715 seconds
[2026-07-09T11:09:14.122+0000] {processor.py:157} INFO - Started process (PID=9291) to work on /opt/airflow/dags/predict_daily.py
[2026-07-09T11:09:14.124+0000] {processor.py:829} INFO - Processing file /opt/airflow/dags/predict_daily.py for tasks to queue
[2026-07-09T11:09:14.126+0000] {logging_mixin.py:151} INFO - [2026-07-09T11:09:14.125+0000] {dagbag.py:539} INFO - Filling up the DagBag from /opt/airflow/dags/predict_daily.py
[2026-07-09T11:09:18.447+0000] {processor.py:841} WARNING - No viable dags retrieved from /opt/airflow/dags/predict_daily.py
[2026-07-09T11:09:18.469+0000] {processor.py:179} INFO - Processing /opt/airflow/dags/predict_daily.py took 4.352 seconds
[2026-07-09T11:09:48.735+0000] {processor.py:157} INFO - Started process (PID=9324) to work on /opt/airflow/dags/predict_daily.py
[2026-07-09T11:09:48.738+0000] {processor.py:829} INFO - Processing file /opt/airflow/dags/predict_daily.py for tasks to queue
[2026-07-09T11:09:48.741+0000] {logging_mixin.py:151} INFO - [2026-07-09T11:09:48.740+0000] {dagbag.py:539} INFO - Filling up the DagBag from /opt/airflow/dags/predict_daily.py
[2026-07-09T11:09:52.723+0000] {processor.py:841} WARNING - No viable dags retrieved from /opt/airflow/dags/predict_daily.py
[2026-07-09T11:09:52.738+0000] {processor.py:179} INFO - Processing /opt/airflow/dags/predict_daily.py took 4.010 seconds
[2026-07-09T11:10:23.297+0000] {processor.py:157} INFO - Started process (PID=9357) to work on /opt/airflow/dags/predict_daily.py
[2026-07-09T11:10:23.300+0000] {processor.py:829} INFO - Processing file /opt/airflow/dags/predict_daily.py for tasks to queue
[2026-07-09T11:10:23.304+0000] {logging_mixin.py:151} INFO - [2026-07-09T11:10:23.302+0000] {dagbag.py:539} INFO - Filling up the DagBag from /opt/airflow/dags/predict_daily.py
[2026-07-09T11:10:26.876+0000] {processor.py:841} WARNING - No viable dags retrieved from /opt/airflow/dags/predict_daily.py
[2026-07-09T11:10:26.895+0000] {processor.py:179} INFO - Processing /opt/airflow/dags/predict_daily.py took 3.603 seconds
[2026-07-09T11:10:57.343+0000] {processor.py:157} INFO - Started process (PID=9390) to work on /opt/airflow/dags/predict_daily.py
[2026-07-09T11:10:57.346+0000] {processor.py:829} INFO - Processing file /opt/airflow/dags/predict_daily.py for tasks to queue
[2026-07-09T11:10:57.348+0000] {logging_mixin.py:151} INFO - [2026-07-09T11:10:57.348+0000] {dagbag.py:539} INFO - Filling up the DagBag from /opt/airflow/dags/predict_daily.py
[2026-07-09T11:11:01.036+0000] {processor.py:841} WARNING - No viable dags retrieved from /opt/airflow/dags/predict_daily.py
[2026-07-09T11:11:01.057+0000] {processor.py:179} INFO - Processing /opt/airflow/dags/predict_daily.py took 3.723 seconds
[2026-07-09T11:11:31.696+0000] {processor.py:157} INFO - Started process (PID=9423) to work on /opt/airflow/dags/predict_daily.py
[2026-07-09T11:11:31.698+0000] {processor.py:829} INFO - Processing file /opt/airflow/dags/predict_daily.py for tasks to queue
[2026-07-09T11:11:31.700+0000] {logging_mixin.py:151} INFO - [2026-07-09T11:11:31.699+0000] {dagbag.py:539} INFO - Filling up the DagBag from /opt/airflow/dags/predict_daily.py
[2026-07-09T11:11:35.744+0000] {processor.py:841} WARNING - No viable dags retrieved from /opt/airflow/dags/predict_daily.py
[2026-07-09T11:11:35.763+0000] {processor.py:179} INFO - Processing /opt/airflow/dags/predict_daily.py took 4.073 seconds
[2026-07-09T11:12:06.490+0000] {processor.py:157} INFO - Started process (PID=9461) to work on /opt/airflow/dags/predict_daily.py
[2026-07-09T11:12:06.492+0000] {processor.py:829} INFO - Processing file /opt/airflow/dags/predict_daily.py for tasks to queue
[2026-07-09T11:12:06.494+0000] {logging_mixin.py:151} INFO - [2026-07-09T11:12:06.494+0000] {dagbag.py:539} INFO - Filling up the DagBag from /opt/airflow/dags/predict_daily.py
[2026-07-09T11:12:10.909+0000] {processor.py:841} WARNING - No viable dags retrieved from /opt/airflow/dags/predict_daily.py
[2026-07-09T11:12:10.932+0000] {processor.py:179} INFO - Processing /opt/airflow/dags/predict_daily.py took 4.449 seconds
[2026-07-09T11:12:41.924+0000] {processor.py:157} INFO - Started process (PID=9501) to work on /opt/airflow/dags/predict_daily.py
[2026-07-09T11:12:41.926+0000] {processor.py:829} INFO - Processing file /opt/airflow/dags/predict_daily.py for tasks to queue
[2026-07-09T11:12:41.928+0000] {logging_mixin.py:151} INFO - [2026-07-09T11:12:41.928+0000] {dagbag.py:539} INFO - Filling up the DagBag from /opt/airflow/dags/predict_daily.py
[2026-07-09T11:12:45.967+0000] {processor.py:841} WARNING - No viable dags retrieved from /opt/airflow/dags/predict_daily.py
[2026-07-09T11:12:46.070+0000] {processor.py:179} INFO - Processing /opt/airflow/dags/predict_daily.py took 4.151 seconds
[2026-07-09T11:13:16.662+0000] {processor.py:157} INFO - Started process (PID=9534) to work on /opt/airflow/dags/predict_daily.py
[2026-07-09T11:13:16.665+0000] {processor.py:829} INFO - Processing file /opt/airflow/dags/predict_daily.py for tasks to queue
[2026-07-09T11:13:16.669+0000] {logging_mixin.py:151} INFO - [2026-07-09T11:13:16.668+0000] {dagbag.py:539} INFO - Filling up the DagBag from /opt/airflow/dags/predict_daily.py
[2026-07-09T11:13:20.591+0000] {processor.py:841} WARNING - No viable dags retrieved from /opt/airflow/dags/predict_daily.py
[2026-07-09T11:13:20.608+0000] {processor.py:179} INFO - Processing /opt/airflow/dags/predict_daily.py took 3.952 seconds
[2026-07-09T11:13:50.893+0000] {processor.py:157} INFO - Started process (PID=9567) to work on /opt/airflow/dags/predict_daily.py
[2026-07-09T11:13:50.895+0000] {processor.py:829} INFO - Processing file /opt/airflow/dags/predict_daily.py for tasks to queue
[2026-07-09T11:13:50.897+0000] {logging_mixin.py:151} INFO - [2026-07-09T11:13:50.896+0000] {dagbag.py:539} INFO - Filling up the DagBag from /opt/airflow/dags/predict_daily.py
[2026-07-09T11:13:54.825+0000] {processor.py:841} WARNING - No viable dags retrieved from /opt/airflow/dags/predict_daily.py
[2026-07-09T11:13:54.847+0000] {processor.py:179} INFO - Processing /opt/airflow/dags/predict_daily.py took 3.959 seconds
[2026-07-09T11:14:25.338+0000] {processor.py:157} INFO - Started process (PID=9600) to work on /opt/airflow/dags/predict_daily.py
[2026-07-09T11:14:25.341+0000] {processor.py:829} INFO - Processing file /opt/airflow/dags/predict_daily.py for tasks to queue
[2026-07-09T11:14:25.343+0000] {logging_mixin.py:151} INFO - [2026-07-09T11:14:25.343+0000] {dagbag.py:539} INFO - Filling up the DagBag from /opt/airflow/dags/predict_daily.py
[2026-07-09T11:14:29.013+0000] {processor.py:841} WARNING - No viable dags retrieved from /opt/airflow/dags/predict_daily.py
[2026-07-09T11:14:29.037+0000] {processor.py:179} INFO - Processing /opt/airflow/dags/predict_daily.py took 3.708 seconds
[2026-07-09T11:14:59.416+0000] {processor.py:157} INFO - Started process (PID=9633) to work on /opt/airflow/dags/predict_daily.py
[2026-07-09T11:14:59.418+0000] {processor.py:829} INFO - Processing file /opt/airflow/dags/predict_daily.py for tasks to queue
[2026-07-09T11:14:59.419+0000] {logging_mixin.py:151} INFO - [2026-07-09T11:14:59.419+0000] {dagbag.py:539} INFO - Filling up the DagBag from /opt/airflow/dags/predict_daily.py
[2026-07-09T11:15:03.079+0000] {processor.py:841} WARNING - No viable dags retrieved from /opt/airflow/dags/predict_daily.py
[2026-07-09T11:15:03.099+0000] {processor.py:179} INFO - Processing /opt/airflow/dags/predict_daily.py took 3.688 seconds
[2026-07-09T11:15:33.356+0000] {processor.py:157} INFO - Started process (PID=9666) to work on /opt/airflow/dags/predict_daily.py
[2026-07-09T11:15:33.359+0000] {processor.py:829} INFO - Processing file /opt/airflow/dags/predict_daily.py for tasks to queue
[2026-07-09T11:15:33.362+0000] {logging_mixin.py:151} INFO - [2026-07-09T11:15:33.361+0000] {dagbag.py:539} INFO - Filling up the DagBag from /opt/airflow/dags/predict_daily.py
[2026-07-09T11:15:37.182+0000] {processor.py:841} WARNING - No viable dags retrieved from /opt/airflow/dags/predict_daily.py
[2026-07-09T11:15:37.199+0000] {processor.py:179} INFO - Processing /opt/airflow/dags/predict_daily.py took 3.852 seconds
[2026-07-09T11:16:07.355+0000] {processor.py:157} INFO - Started process (PID=9704) to work on /opt/airflow/dags/predict_daily.py
[2026-07-09T11:16:07.357+0000] {processor.py:829} INFO - Processing file /opt/airflow/dags/predict_daily.py for tasks to queue
[2026-07-09T11:16:07.358+0000] {logging_mixin.py:151} INFO - [2026-07-09T11:16:07.358+0000] {dagbag.py:539} INFO - Filling up the DagBag from /opt/airflow/dags/predict_daily.py
[2026-07-09T11:16:11.222+0000] {processor.py:841} WARNING - No viable dags retrieved from /opt/airflow/dags/predict_daily.py
[2026-07-09T11:16:11.242+0000] {processor.py:179} INFO - Processing /opt/airflow/dags/predict_daily.py took 3.891 seconds
[2026-07-09T11:16:41.684+0000] {processor.py:157} INFO - Started process (PID=9744) to work on /opt/airflow/dags/predict_daily.py
[2026-07-09T11:16:41.687+0000] {processor.py:829} INFO - Processing file /opt/airflow/dags/predict_daily.py for tasks to queue
[2026-07-09T11:16:41.689+0000] {logging_mixin.py:151} INFO - [2026-07-09T11:16:41.688+0000] {dagbag.py:539} INFO - Filling up the DagBag from /opt/airflow/dags/predict_daily.py
[2026-07-09T11:16:45.272+0000] {processor.py:841} WARNING - No viable dags retrieved from /opt/airflow/dags/predict_daily.py
[2026-07-09T11:16:45.293+0000] {processor.py:179} INFO - Processing /opt/airflow/dags/predict_daily.py took 3.614 seconds
[2026-07-09T11:17:15.697+0000] {processor.py:157} INFO - Started process (PID=9777) to work on /opt/airflow/dags/predict_daily.py
[2026-07-09T11:17:15.699+0000] {processor.py:829} INFO - Processing file /opt/airflow/dags/predict_daily.py for tasks to queue
[2026-07-09T11:17:15.701+0000] {logging_mixin.py:151} INFO - [2026-07-09T11:17:15.701+0000] {dagbag.py:539} INFO - Filling up the DagBag from /opt/airflow/dags/predict_daily.py
[2026-07-09T11:17:19.709+0000] {processor.py:841} WARNING - No viable dags retrieved from /opt/airflow/dags/predict_daily.py
[2026-07-09T11:17:19.733+0000] {processor.py:179} INFO - Processing /opt/airflow/dags/predict_daily.py took 4.042 seconds
[2026-07-09T11:17:50.267+0000] {processor.py:157} INFO - Started process (PID=9811) to work on /opt/airflow/dags/predict_daily.py
[2026-07-09T11:17:50.270+0000] {processor.py:829} INFO - Processing file /opt/airflow/dags/predict_daily.py for tasks to queue
[2026-07-09T11:17:50.272+0000] {logging_mixin.py:151} INFO - [2026-07-09T11:17:50.271+0000] {dagbag.py:539} INFO - Filling up the DagBag from /opt/airflow/dags/predict_daily.py
[2026-07-09T11:17:54.038+0000] {processor.py:841} WARNING - No viable dags retrieved from /opt/airflow/dags/predict_daily.py
[2026-07-09T11:17:54.060+0000] {processor.py:179} INFO - Processing /opt/airflow/dags/predict_daily.py took 3.799 seconds
[2026-07-09T11:18:24.437+0000] {processor.py:157} INFO - Started process (PID=9844) to work on /opt/airflow/dags/predict_daily.py
[2026-07-09T11:18:24.440+0000] {processor.py:829} INFO - Processing file /opt/airflow/dags/predict_daily.py for tasks to queue
[2026-07-09T11:18:24.443+0000] {logging_mixin.py:151} INFO - [2026-07-09T11:18:24.443+0000] {dagbag.py:539} INFO - Filling up the DagBag from /opt/airflow/dags/predict_daily.py
[2026-07-09T11:18:28.435+0000] {processor.py:841} WARNING - No viable dags retrieved from /opt/airflow/dags/predict_daily.py
[2026-07-09T11:18:28.455+0000] {processor.py:179} INFO - Processing /opt/airflow/dags/predict_daily.py took 4.027 seconds
[2026-07-09T11:18:58.818+0000] {processor.py:157} INFO - Started process (PID=9877) to work on /opt/airflow/dags/predict_daily.py
[2026-07-09T11:18:58.821+0000] {processor.py:829} INFO - Processing file /opt/airflow/dags/predict_daily.py for tasks to queue
[2026-07-09T11:18:58.823+0000] {logging_mixin.py:151} INFO - [2026-07-09T11:18:58.822+0000] {dagbag.py:539} INFO - Filling up the DagBag from /opt/airflow/dags/predict_daily.py
[2026-07-09T11:19:02.675+0000] {processor.py:841} WARNING - No viable dags retrieved from /opt/airflow/dags/predict_daily.py
[2026-07-09T11:19:02.696+0000] {processor.py:179} INFO - Processing /opt/airflow/dags/predict_daily.py took 3.883 seconds
[2026-07-09T11:19:33.381+0000] {processor.py:157} INFO - Started process (PID=9910) to work on /opt/airflow/dags/predict_daily.py
[2026-07-09T11:19:33.383+0000] {processor.py:829} INFO - Processing file /opt/airflow/dags/predict_daily.py for tasks to queue
[2026-07-09T11:19:33.385+0000] {logging_mixin.py:151} INFO - [2026-07-09T11:19:33.384+0000] {dagbag.py:539} INFO - Filling up the DagBag from /opt/airflow/dags/predict_daily.py
[2026-07-09T11:19:37.991+0000] {processor.py:841} WARNING - No viable dags retrieved from /opt/airflow/dags/predict_daily.py
[2026-07-09T11:19:38.016+0000] {processor.py:179} INFO - Processing /opt/airflow/dags/predict_daily.py took 4.643 seconds
[2026-07-09T11:20:08.615+0000] {processor.py:157} INFO - Started process (PID=9943) to work on /opt/airflow/dags/predict_daily.py
[2026-07-09T11:20:08.618+0000] {processor.py:829} INFO - Processing file /opt/airflow/dags/predict_daily.py for tasks to queue
[2026-07-09T11:20:08.620+0000] {logging_mixin.py:151} INFO - [2026-07-09T11:20:08.619+0000] {dagbag.py:539} INFO - Filling up the DagBag from /opt/airflow/dags/predict_daily.py
[2026-07-09T11:20:12.596+0000] {processor.py:841} WARNING - No viable dags retrieved from /opt/airflow/dags/predict_daily.py
[2026-07-09T11:20:12.617+0000] {processor.py:179} INFO - Processing /opt/airflow/dags/predict_daily.py took 4.009 seconds
[2026-07-09T11:20:43.207+0000] {processor.py:157} INFO - Started process (PID=9988) to work on /opt/airflow/dags/predict_daily.py
[2026-07-09T11:20:43.209+0000] {processor.py:829} INFO - Processing file /opt/airflow/dags/predict_daily.py for tasks to queue
[2026-07-09T11:20:43.211+0000] {logging_mixin.py:151} INFO - [2026-07-09T11:20:43.210+0000] {dagbag.py:539} INFO - Filling up the DagBag from /opt/airflow/dags/predict_daily.py
[2026-07-09T11:20:46.955+0000] {processor.py:841} WARNING - No viable dags retrieved from /opt/airflow/dags/predict_daily.py
[2026-07-09T11:20:46.976+0000] {processor.py:179} INFO - Processing /opt/airflow/dags/predict_daily.py took 3.775 seconds
[2026-07-09T11:21:17.696+0000] {processor.py:157} INFO - Started process (PID=10021) to work on /opt/airflow/dags/predict_daily.py
[2026-07-09T11:21:17.700+0000] {processor.py:829} INFO - Processing file /opt/airflow/dags/predict_daily.py for tasks to queue
[2026-07-09T11:21:17.702+0000] {logging_mixin.py:151} INFO - [2026-07-09T11:21:17.701+0000] {dagbag.py:539} INFO - Filling up the DagBag from /opt/airflow/dags/predict_daily.py
[2026-07-09T11:21:22.215+0000] {processor.py:841} WARNING - No viable dags retrieved from /opt/airflow/dags/predict_daily.py
[2026-07-09T11:21:22.238+0000] {processor.py:179} INFO - Processing /opt/airflow/dags/predict_daily.py took 4.549 seconds
[2026-07-09T11:21:52.506+0000] {processor.py:157} INFO - Started process (PID=10054) to work on /opt/airflow/dags/predict_daily.py
[2026-07-09T11:21:52.510+0000] {processor.py:829} INFO - Processing file /opt/airflow/dags/predict_daily.py for tasks to queue
[2026-07-09T11:21:52.512+0000] {logging_mixin.py:151} INFO - [2026-07-09T11:21:52.512+0000] {dagbag.py:539} INFO - Filling up the DagBag from /opt/airflow/dags/predict_daily.py
[2026-07-09T11:21:56.656+0000] {processor.py:841} WARNING - No viable dags retrieved from /opt/airflow/dags/predict_daily.py
[2026-07-09T11:21:56.679+0000] {processor.py:179} INFO - Processing /opt/airflow/dags/predict_daily.py took 4.180 seconds
[2026-07-09T11:22:27.005+0000] {processor.py:157} INFO - Started process (PID=10087) to work on /opt/airflow/dags/predict_daily.py
[2026-07-09T11:22:27.007+0000] {processor.py:829} INFO - Processing file /opt/airflow/dags/predict_daily.py for tasks to queue
[2026-07-09T11:22:27.009+0000] {logging_mixin.py:151} INFO - [2026-07-09T11:22:27.008+0000] {dagbag.py:539} INFO - Filling up the DagBag from /opt/airflow/dags/predict_daily.py
[2026-07-09T11:22:31.099+0000] {processor.py:841} WARNING - No viable dags retrieved from /opt/airflow/dags/predict_daily.py
[2026-07-09T11:22:31.119+0000] {processor.py:179} INFO - Processing /opt/airflow/dags/predict_daily.py took 4.121 seconds
[2026-07-09T11:23:01.697+0000] {processor.py:157} INFO - Started process (PID=10120) to work on /opt/airflow/dags/predict_daily.py
[2026-07-09T11:23:01.699+0000] {processor.py:829} INFO - Processing file /opt/airflow/dags/predict_daily.py for tasks to queue
[2026-07-09T11:23:01.700+0000] {logging_mixin.py:151} INFO - [2026-07-09T11:23:01.700+0000] {dagbag.py:539} INFO - Filling up the DagBag from /opt/airflow/dags/predict_daily.py
[2026-07-09T11:23:05.993+0000] {processor.py:841} WARNING - No viable dags retrieved from /opt/airflow/dags/predict_daily.py
[2026-07-09T11:23:06.014+0000] {processor.py:179} INFO - Processing /opt/airflow/dags/predict_daily.py took 4.323 seconds
[2026-07-09T11:23:36.647+0000] {processor.py:157} INFO - Started process (PID=10153) to work on /opt/airflow/dags/predict_daily.py
[2026-07-09T11:23:36.649+0000] {processor.py:829} INFO - Processing file /opt/airflow/dags/predict_daily.py for tasks to queue
[2026-07-09T11:23:36.651+0000] {logging_mixin.py:151} INFO - [2026-07-09T11:23:36.651+0000] {dagbag.py:539} INFO - Filling up the DagBag from /opt/airflow/dags/predict_daily.py
[2026-07-09T11:23:40.561+0000] {processor.py:841} WARNING - No viable dags retrieved from /opt/airflow/dags/predict_daily.py
[2026-07-09T11:23:40.580+0000] {processor.py:179} INFO - Processing /opt/airflow/dags/predict_daily.py took 3.939 seconds
[2026-07-09T11:24:11.094+0000] {processor.py:157} INFO - Started process (PID=10193) to work on /opt/airflow/dags/predict_daily.py
[2026-07-09T11:24:11.096+0000] {processor.py:829} INFO - Processing file /opt/airflow/dags/predict_daily.py for tasks to queue
[2026-07-09T11:24:11.098+0000] {logging_mixin.py:151} INFO - [2026-07-09T11:24:11.098+0000] {dagbag.py:539} INFO - Filling up the DagBag from /opt/airflow/dags/predict_daily.py
[2026-07-09T11:24:15.881+0000] {processor.py:841} WARNING - No viable dags retrieved from /opt/airflow/dags/predict_daily.py
[2026-07-09T11:24:15.979+0000] {processor.py:179} INFO - Processing /opt/airflow/dags/predict_daily.py took 4.891 seconds
[2026-07-09T11:24:46.490+0000] {processor.py:157} INFO - Started process (PID=10230) to work on /opt/airflow/dags/predict_daily.py
[2026-07-09T11:24:46.492+0000] {processor.py:829} INFO - Processing file /opt/airflow/dags/predict_daily.py for tasks to queue
[2026-07-09T11:24:46.494+0000] {logging_mixin.py:151} INFO - [2026-07-09T11:24:46.493+0000] {dagbag.py:539} INFO - Filling up the DagBag from /opt/airflow/dags/predict_daily.py
[2026-07-09T11:24:50.799+0000] {processor.py:841} WARNING - No viable dags retrieved from /opt/airflow/dags/predict_daily.py
[2026-07-09T11:24:50.824+0000] {processor.py:179} INFO - Processing /opt/airflow/dags/predict_daily.py took 4.340 seconds
[2026-07-09T11:25:21.559+0000] {processor.py:157} INFO - Started process (PID=10263) to work on /opt/airflow/dags/predict_daily.py
[2026-07-09T11:25:21.562+0000] {processor.py:829} INFO - Processing file /opt/airflow/dags/predict_daily.py for tasks to queue
[2026-07-09T11:25:21.564+0000] {logging_mixin.py:151} INFO - [2026-07-09T11:25:21.563+0000] {dagbag.py:539} INFO - Filling up the DagBag from /opt/airflow/dags/predict_daily.py
[2026-07-09T11:25:25.485+0000] {processor.py:841} WARNING - No viable dags retrieved from /opt/airflow/dags/predict_daily.py
[2026-07-09T11:25:25.505+0000] {processor.py:179} INFO - Processing /opt/airflow/dags/predict_daily.py took 3.951 seconds
[2026-07-09T11:25:56.108+0000] {processor.py:157} INFO - Started process (PID=10296) to work on /opt/airflow/dags/predict_daily.py
[2026-07-09T11:25:56.110+0000] {processor.py:829} INFO - Processing file /opt/airflow/dags/predict_daily.py for tasks to queue
[2026-07-09T11:25:56.112+0000] {logging_mixin.py:151} INFO - [2026-07-09T11:25:56.111+0000] {dagbag.py:539} INFO - Filling up the DagBag from /opt/airflow/dags/predict_daily.py
[2026-07-09T11:26:00.390+0000] {processor.py:841} WARNING - No viable dags retrieved from /opt/airflow/dags/predict_daily.py
[2026-07-09T11:26:00.409+0000] {processor.py:179} INFO - Processing /opt/airflow/dags/predict_daily.py took 4.312 seconds
[2026-07-09T11:26:30.972+0000] {processor.py:157} INFO - Started process (PID=10329) to work on /opt/airflow/dags/predict_daily.py
[2026-07-09T11:26:30.974+0000] {processor.py:829} INFO - Processing file /opt/airflow/dags/predict_daily.py for tasks to queue
[2026-07-09T11:26:30.976+0000] {logging_mixin.py:151} INFO - [2026-07-09T11:26:30.975+0000] {dagbag.py:539} INFO - Filling up the DagBag from /opt/airflow/dags/predict_daily.py
[2026-07-09T11:26:35.365+0000] {processor.py:841} WARNING - No viable dags retrieved from /opt/airflow/dags/predict_daily.py
[2026-07-09T11:26:35.385+0000] {processor.py:179} INFO - Processing /opt/airflow/dags/predict_daily.py took 4.419 seconds
[2026-07-09T11:27:06.022+0000] {processor.py:157} INFO - Started process (PID=10362) to work on /opt/airflow/dags/predict_daily.py
[2026-07-09T11:27:06.028+0000] {processor.py:829} INFO - Processing file /opt/airflow/dags/predict_daily.py for tasks to queue
[2026-07-09T11:27:06.035+0000] {logging_mixin.py:151} INFO - [2026-07-09T11:27:06.035+0000] {dagbag.py:539} INFO - Filling up the DagBag from /opt/airflow/dags/predict_daily.py
[2026-07-09T11:27:10.242+0000] {processor.py:841} WARNING - No viable dags retrieved from /opt/airflow/dags/predict_daily.py
[2026-07-09T11:27:10.266+0000] {processor.py:179} INFO - Processing /opt/airflow/dags/predict_daily.py took 4.249 seconds
[2026-07-09T11:27:40.491+0000] {processor.py:157} INFO - Started process (PID=10395) to work on /opt/airflow/dags/predict_daily.py
[2026-07-09T11:27:40.493+0000] {processor.py:829} INFO - Processing file /opt/airflow/dags/predict_daily.py for tasks to queue
[2026-07-09T11:27:40.494+0000] {logging_mixin.py:151} INFO - [2026-07-09T11:27:40.494+0000] {dagbag.py:539} INFO - Filling up the DagBag from /opt/airflow/dags/predict_daily.py
[2026-07-09T11:27:44.612+0000] {processor.py:841} WARNING - No viable dags retrieved from /opt/airflow/dags/predict_daily.py
[2026-07-09T11:27:44.634+0000] {processor.py:179} INFO - Processing /opt/airflow/dags/predict_daily.py took 4.149 seconds
[2026-07-09T11:28:15.323+0000] {processor.py:157} INFO - Started process (PID=10435) to work on /opt/airflow/dags/predict_daily.py
[2026-07-09T11:28:15.326+0000] {processor.py:829} INFO - Processing file /opt/airflow/dags/predict_daily.py for tasks to queue
[2026-07-09T11:28:15.328+0000] {logging_mixin.py:151} INFO - [2026-07-09T11:28:15.327+0000] {dagbag.py:539} INFO - Filling up the DagBag from /opt/airflow/dags/predict_daily.py
[2026-07-09T11:28:19.222+0000] {processor.py:841} WARNING - No viable dags retrieved from /opt/airflow/dags/predict_daily.py
[2026-07-09T11:28:19.241+0000] {processor.py:179} INFO - Processing /opt/airflow/dags/predict_daily.py took 3.925 seconds
[2026-07-09T11:28:49.554+0000] {processor.py:157} INFO - Started process (PID=10467) to work on /opt/airflow/dags/predict_daily.py
[2026-07-09T11:28:49.556+0000] {processor.py:829} INFO - Processing file /opt/airflow/dags/predict_daily.py for tasks to queue
[2026-07-09T11:28:49.558+0000] {logging_mixin.py:151} INFO - [2026-07-09T11:28:49.558+0000] {dagbag.py:539} INFO - Filling up the DagBag from /opt/airflow/dags/predict_daily.py
[2026-07-09T11:28:53.378+0000] {processor.py:841} WARNING - No viable dags retrieved from /opt/airflow/dags/predict_daily.py
[2026-07-09T11:28:53.399+0000] {processor.py:179} INFO - Processing /opt/airflow/dags/predict_daily.py took 3.850 seconds
[2026-07-09T11:29:24.206+0000] {processor.py:157} INFO - Started process (PID=10505) to work on /opt/airflow/dags/predict_daily.py
[2026-07-09T11:29:24.208+0000] {processor.py:829} INFO - Processing file /opt/airflow/dags/predict_daily.py for tasks to queue
[2026-07-09T11:29:24.209+0000] {logging_mixin.py:151} INFO - [2026-07-09T11:29:24.209+0000] {dagbag.py:539} INFO - Filling up the DagBag from /opt/airflow/dags/predict_daily.py
[2026-07-09T11:29:28.780+0000] {processor.py:841} WARNING - No viable dags retrieved from /opt/airflow/dags/predict_daily.py
[2026-07-09T11:29:28.825+0000] {processor.py:179} INFO - Processing /opt/airflow/dags/predict_daily.py took 4.629 seconds
[2026-07-09T11:29:59.862+0000] {processor.py:157} INFO - Started process (PID=10538) to work on /opt/airflow/dags/predict_daily.py
[2026-07-09T11:29:59.864+0000] {processor.py:829} INFO - Processing file /opt/airflow/dags/predict_daily.py for tasks to queue
[2026-07-09T11:29:59.866+0000] {logging_mixin.py:151} INFO - [2026-07-09T11:29:59.865+0000] {dagbag.py:539} INFO - Filling up the DagBag from /opt/airflow/dags/predict_daily.py
[2026-07-09T11:30:04.161+0000] {processor.py:841} WARNING - No viable dags retrieved from /opt/airflow/dags/predict_daily.py
[2026-07-09T11:30:04.209+0000] {processor.py:179} INFO - Processing /opt/airflow/dags/predict_daily.py took 4.351 seconds
[2026-07-09T11:30:34.391+0000] {processor.py:157} INFO - Started process (PID=10571) to work on /opt/airflow/dags/predict_daily.py
[2026-07-09T11:30:34.393+0000] {processor.py:829} INFO - Processing file /opt/airflow/dags/predict_daily.py for tasks to queue
[2026-07-09T11:30:34.395+0000] {logging_mixin.py:151} INFO - [2026-07-09T11:30:34.394+0000] {dagbag.py:539} INFO - Filling up the DagBag from /opt/airflow/dags/predict_daily.py
[2026-07-09T11:30:38.302+0000] {processor.py:841} WARNING - No viable dags retrieved from /opt/airflow/dags/predict_daily.py
[2026-07-09T11:30:38.325+0000] {processor.py:179} INFO - Processing /opt/airflow/dags/predict_daily.py took 3.939 seconds
[2026-07-09T11:31:08.796+0000] {processor.py:157} INFO - Started process (PID=10604) to work on /opt/airflow/dags/predict_daily.py
[2026-07-09T11:31:08.798+0000] {processor.py:829} INFO - Processing file /opt/airflow/dags/predict_daily.py for tasks to queue
[2026-07-09T11:31:08.800+0000] {logging_mixin.py:151} INFO - [2026-07-09T11:31:08.800+0000] {dagbag.py:539} INFO - Filling up the DagBag from /opt/airflow/dags/predict_daily.py
[2026-07-09T11:31:12.379+0000] {processor.py:841} WARNING - No viable dags retrieved from /opt/airflow/dags/predict_daily.py
[2026-07-09T11:31:12.395+0000] {processor.py:179} INFO - Processing /opt/airflow/dags/predict_daily.py took 3.605 seconds
[2026-07-09T11:31:42.893+0000] {processor.py:157} INFO - Started process (PID=10644) to work on /opt/airflow/dags/predict_daily.py
[2026-07-09T11:31:42.895+0000] {processor.py:829} INFO - Processing file /opt/airflow/dags/predict_daily.py for tasks to queue
[2026-07-09T11:31:42.897+0000] {logging_mixin.py:151} INFO - [2026-07-09T11:31:42.896+0000] {dagbag.py:539} INFO - Filling up the DagBag from /opt/airflow/dags/predict_daily.py
[2026-07-09T11:31:46.720+0000] {processor.py:841} WARNING - No viable dags retrieved from /opt/airflow/dags/predict_daily.py
[2026-07-09T11:31:46.741+0000] {processor.py:179} INFO - Processing /opt/airflow/dags/predict_daily.py took 3.853 seconds
[2026-07-09T11:32:17.183+0000] {processor.py:157} INFO - Started process (PID=10677) to work on /opt/airflow/dags/predict_daily.py
[2026-07-09T11:32:17.185+0000] {processor.py:829} INFO - Processing file /opt/airflow/dags/predict_daily.py for tasks to queue
[2026-07-09T11:32:17.187+0000] {logging_mixin.py:151} INFO - [2026-07-09T11:32:17.186+0000] {dagbag.py:539} INFO - Filling up the DagBag from /opt/airflow/dags/predict_daily.py
[2026-07-09T11:32:21.328+0000] {processor.py:841} WARNING - No viable dags retrieved from /opt/airflow/dags/predict_daily.py
[2026-07-09T11:32:21.349+0000] {processor.py:179} INFO - Processing /opt/airflow/dags/predict_daily.py took 4.172 seconds
[2026-07-09T11:32:52.308+0000] {processor.py:157} INFO - Started process (PID=10710) to work on /opt/airflow/dags/predict_daily.py
[2026-07-09T11:32:52.310+0000] {processor.py:829} INFO - Processing file /opt/airflow/dags/predict_daily.py for tasks to queue
[2026-07-09T11:32:52.312+0000] {logging_mixin.py:151} INFO - [2026-07-09T11:32:52.311+0000] {dagbag.py:539} INFO - Filling up the DagBag from /opt/airflow/dags/predict_daily.py
[2026-07-09T11:32:56.920+0000] {processor.py:841} WARNING - No viable dags retrieved from /opt/airflow/dags/predict_daily.py
[2026-07-09T11:32:57.045+0000] {processor.py:179} INFO - Processing /opt/airflow/dags/predict_daily.py took 4.746 seconds
[2026-07-09T11:33:27.902+0000] {processor.py:157} INFO - Started process (PID=10749) to work on /opt/airflow/dags/predict_daily.py
[2026-07-09T11:33:27.905+0000] {processor.py:829} INFO - Processing file /opt/airflow/dags/predict_daily.py for tasks to queue
[2026-07-09T11:33:27.908+0000] {logging_mixin.py:151} INFO - [2026-07-09T11:33:27.907+0000] {dagbag.py:539} INFO - Filling up the DagBag from /opt/airflow/dags/predict_daily.py
[2026-07-09T11:33:32.322+0000] {processor.py:841} WARNING - No viable dags retrieved from /opt/airflow/dags/predict_daily.py
[2026-07-09T11:33:32.364+0000] {processor.py:179} INFO - Processing /opt/airflow/dags/predict_daily.py took 4.475 seconds
[2026-07-09T11:34:02.904+0000] {processor.py:157} INFO - Started process (PID=10782) to work on /opt/airflow/dags/predict_daily.py
[2026-07-09T11:34:02.906+0000] {processor.py:829} INFO - Processing file /opt/airflow/dags/predict_daily.py for tasks to queue
[2026-07-09T11:34:02.908+0000] {logging_mixin.py:151} INFO - [2026-07-09T11:34:02.908+0000] {dagbag.py:539} INFO - Filling up the DagBag from /opt/airflow/dags/predict_daily.py
[2026-07-09T11:34:07.507+0000] {processor.py:841} WARNING - No viable dags retrieved from /opt/airflow/dags/predict_daily.py
[2026-07-09T11:34:07.600+0000] {processor.py:179} INFO - Processing /opt/airflow/dags/predict_daily.py took 4.702 seconds
[2026-07-09T11:34:38.252+0000] {processor.py:157} INFO - Started process (PID=10815) to work on /opt/airflow/dags/predict_daily.py
[2026-07-09T11:34:38.253+0000] {processor.py:829} INFO - Processing file /opt/airflow/dags/predict_daily.py for tasks to queue
[2026-07-09T11:34:38.255+0000] {logging_mixin.py:151} INFO - [2026-07-09T11:34:38.255+0000] {dagbag.py:539} INFO - Filling up the DagBag from /opt/airflow/dags/predict_daily.py
[2026-07-09T11:34:42.214+0000] {processor.py:841} WARNING - No viable dags retrieved from /opt/airflow/dags/predict_daily.py
[2026-07-09T11:34:42.234+0000] {processor.py:179} INFO - Processing /opt/airflow/dags/predict_daily.py took 3.989 seconds
[2026-07-09T11:35:12.761+0000] {processor.py:157} INFO - Started process (PID=10855) to work on /opt/airflow/dags/predict_daily.py
[2026-07-09T11:35:12.763+0000] {processor.py:829} INFO - Processing file /opt/airflow/dags/predict_daily.py for tasks to queue
[2026-07-09T11:35:12.765+0000] {logging_mixin.py:151} INFO - [2026-07-09T11:35:12.764+0000] {dagbag.py:539} INFO - Filling up the DagBag from /opt/airflow/dags/predict_daily.py
[2026-07-09T11:35:17.652+0000] {processor.py:841} WARNING - No viable dags retrieved from /opt/airflow/dags/predict_daily.py
[2026-07-09T11:35:17.674+0000] {processor.py:179} INFO - Processing /opt/airflow/dags/predict_daily.py took 4.917 seconds
[2026-07-09T11:35:48.357+0000] {processor.py:157} INFO - Started process (PID=10888) to work on /opt/airflow/dags/predict_daily.py
[2026-07-09T11:35:48.361+0000] {processor.py:829} INFO - Processing file /opt/airflow/dags/predict_daily.py for tasks to queue
[2026-07-09T11:35:48.363+0000] {logging_mixin.py:151} INFO - [2026-07-09T11:35:48.363+0000] {dagbag.py:539} INFO - Filling up the DagBag from /opt/airflow/dags/predict_daily.py
[2026-07-09T11:35:52.617+0000] {processor.py:841} WARNING - No viable dags retrieved from /opt/airflow/dags/predict_daily.py
[2026-07-09T11:35:52.639+0000] {processor.py:179} INFO - Processing /opt/airflow/dags/predict_daily.py took 4.293 seconds
[2026-07-09T11:36:22.880+0000] {processor.py:157} INFO - Started process (PID=10921) to work on /opt/airflow/dags/predict_daily.py
[2026-07-09T11:36:22.886+0000] {processor.py:829} INFO - Processing file /opt/airflow/dags/predict_daily.py for tasks to queue
[2026-07-09T11:36:22.888+0000] {logging_mixin.py:151} INFO - [2026-07-09T11:36:22.888+0000] {dagbag.py:539} INFO - Filling up the DagBag from /opt/airflow/dags/predict_daily.py
[2026-07-09T11:36:27.247+0000] {processor.py:841} WARNING - No viable dags retrieved from /opt/airflow/dags/predict_daily.py
[2026-07-09T11:36:27.270+0000] {processor.py:179} INFO - Processing /opt/airflow/dags/predict_daily.py took 4.397 seconds
[2026-07-09T11:36:58.338+0000] {processor.py:157} INFO - Started process (PID=10954) to work on /opt/airflow/dags/predict_daily.py
[2026-07-09T11:36:58.341+0000] {processor.py:829} INFO - Processing file /opt/airflow/dags/predict_daily.py for tasks to queue
[2026-07-09T11:36:58.345+0000] {logging_mixin.py:151} INFO - [2026-07-09T11:36:58.343+0000] {dagbag.py:539} INFO - Filling up the DagBag from /opt/airflow/dags/predict_daily.py
[2026-07-09T11:37:03.087+0000] {processor.py:841} WARNING - No viable dags retrieved from /opt/airflow/dags/predict_daily.py
[2026-07-09T11:37:03.184+0000] {processor.py:179} INFO - Processing /opt/airflow/dags/predict_daily.py took 4.856 seconds
[2026-07-09T11:37:33.697+0000] {processor.py:157} INFO - Started process (PID=10992) to work on /opt/airflow/dags/predict_daily.py
[2026-07-09T11:37:33.699+0000] {processor.py:829} INFO - Processing file /opt/airflow/dags/predict_daily.py for tasks to queue
[2026-07-09T11:37:33.701+0000] {logging_mixin.py:151} INFO - [2026-07-09T11:37:33.701+0000] {dagbag.py:539} INFO - Filling up the DagBag from /opt/airflow/dags/predict_daily.py
[2026-07-09T11:37:38.980+0000] {processor.py:841} WARNING - No viable dags retrieved from /opt/airflow/dags/predict_daily.py
[2026-07-09T11:37:39.102+0000] {processor.py:179} INFO - Processing /opt/airflow/dags/predict_daily.py took 5.413 seconds
[2026-07-09T11:38:09.669+0000] {processor.py:157} INFO - Started process (PID=11026) to work on /opt/airflow/dags/predict_daily.py
[2026-07-09T11:38:09.672+0000] {processor.py:829} INFO - Processing file /opt/airflow/dags/predict_daily.py for tasks to queue
[2026-07-09T11:38:09.675+0000] {logging_mixin.py:151} INFO - [2026-07-09T11:38:09.674+0000] {dagbag.py:539} INFO - Filling up the DagBag from /opt/airflow/dags/predict_daily.py
[2026-07-09T11:38:14.295+0000] {processor.py:841} WARNING - No viable dags retrieved from /opt/airflow/dags/predict_daily.py
[2026-07-09T11:38:14.323+0000] {processor.py:179} INFO - Processing /opt/airflow/dags/predict_daily.py took 4.660 seconds
[2026-07-09T11:38:44.692+0000] {processor.py:157} INFO - Started process (PID=11066) to work on /opt/airflow/dags/predict_daily.py
[2026-07-09T11:38:44.694+0000] {processor.py:829} INFO - Processing file /opt/airflow/dags/predict_daily.py for tasks to queue
[2026-07-09T11:38:44.695+0000] {logging_mixin.py:151} INFO - [2026-07-09T11:38:44.695+0000] {dagbag.py:539} INFO - Filling up the DagBag from /opt/airflow/dags/predict_daily.py
[2026-07-09T11:38:49.334+0000] {processor.py:841} WARNING - No viable dags retrieved from /opt/airflow/dags/predict_daily.py
[2026-07-09T11:38:49.401+0000] {processor.py:179} INFO - Processing /opt/airflow/dags/predict_daily.py took 4.713 seconds
[2026-07-09T11:39:19.619+0000] {processor.py:157} INFO - Started process (PID=11099) to work on /opt/airflow/dags/predict_daily.py
[2026-07-09T11:39:19.622+0000] {processor.py:829} INFO - Processing file /opt/airflow/dags/predict_daily.py for tasks to queue
[2026-07-09T11:39:19.623+0000] {logging_mixin.py:151} INFO - [2026-07-09T11:39:19.623+0000] {dagbag.py:539} INFO - Filling up the DagBag from /opt/airflow/dags/predict_daily.py
[2026-07-09T11:39:23.812+0000] {processor.py:841} WARNING - No viable dags retrieved from /opt/airflow/dags/predict_daily.py
[2026-07-09T11:39:23.839+0000] {processor.py:179} INFO - Processing /opt/airflow/dags/predict_daily.py took 4.226 seconds
[2026-07-09T11:39:54.507+0000] {processor.py:157} INFO - Started process (PID=11132) to work on /opt/airflow/dags/predict_daily.py
[2026-07-09T11:39:54.509+0000] {processor.py:829} INFO - Processing file /opt/airflow/dags/predict_daily.py for tasks to queue
[2026-07-09T11:39:54.511+0000] {logging_mixin.py:151} INFO - [2026-07-09T11:39:54.510+0000] {dagbag.py:539} INFO - Filling up the DagBag from /opt/airflow/dags/predict_daily.py
[2026-07-09T11:39:58.727+0000] {processor.py:841} WARNING - No viable dags retrieved from /opt/airflow/dags/predict_daily.py
[2026-07-09T11:39:58.748+0000] {processor.py:179} INFO - Processing /opt/airflow/dags/predict_daily.py took 4.251 seconds
[2026-07-09T11:40:29.551+0000] {processor.py:157} INFO - Started process (PID=11165) to work on /opt/airflow/dags/predict_daily.py
[2026-07-09T11:40:29.553+0000] {processor.py:829} INFO - Processing file /opt/airflow/dags/predict_daily.py for tasks to queue
[2026-07-09T11:40:29.554+0000] {logging_mixin.py:151} INFO - [2026-07-09T11:40:29.554+0000] {dagbag.py:539} INFO - Filling up the DagBag from /opt/airflow/dags/predict_daily.py
[2026-07-09T11:40:34.538+0000] {processor.py:841} WARNING - No viable dags retrieved from /opt/airflow/dags/predict_daily.py
[2026-07-09T11:40:34.560+0000] {processor.py:179} INFO - Processing /opt/airflow/dags/predict_daily.py took 5.017 seconds
[2026-07-09T11:41:05.199+0000] {processor.py:157} INFO - Started process (PID=11198) to work on /opt/airflow/dags/predict_daily.py
[2026-07-09T11:41:05.202+0000] {processor.py:829} INFO - Processing file /opt/airflow/dags/predict_daily.py for tasks to queue
[2026-07-09T11:41:05.204+0000] {logging_mixin.py:151} INFO - [2026-07-09T11:41:05.203+0000] {dagbag.py:539} INFO - Filling up the DagBag from /opt/airflow/dags/predict_daily.py
[2026-07-09T11:41:09.451+0000] {processor.py:841} WARNING - No viable dags retrieved from /opt/airflow/dags/predict_daily.py
[2026-07-09T11:41:09.474+0000] {processor.py:179} INFO - Processing /opt/airflow/dags/predict_daily.py took 4.283 seconds
[2026-07-09T11:41:39.888+0000] {processor.py:157} INFO - Started process (PID=11236) to work on /opt/airflow/dags/predict_daily.py
[2026-07-09T11:41:39.890+0000] {processor.py:829} INFO - Processing file /opt/airflow/dags/predict_daily.py for tasks to queue
[2026-07-09T11:41:39.891+0000] {logging_mixin.py:151} INFO - [2026-07-09T11:41:39.890+0000] {dagbag.py:539} INFO - Filling up the DagBag from /opt/airflow/dags/predict_daily.py
[2026-07-09T11:41:44.188+0000] {processor.py:841} WARNING - No viable dags retrieved from /opt/airflow/dags/predict_daily.py
[2026-07-09T11:41:44.207+0000] {processor.py:179} INFO - Processing /opt/airflow/dags/predict_daily.py took 4.326 seconds
[2026-07-09T11:42:14.724+0000] {processor.py:157} INFO - Started process (PID=11276) to work on /opt/airflow/dags/predict_daily.py
[2026-07-09T11:42:14.727+0000] {processor.py:829} INFO - Processing file /opt/airflow/dags/predict_daily.py for tasks to queue
[2026-07-09T11:42:14.730+0000] {logging_mixin.py:151} INFO - [2026-07-09T11:42:14.730+0000] {dagbag.py:539} INFO - Filling up the DagBag from /opt/airflow/dags/predict_daily.py
[2026-07-09T11:42:19.498+0000] {processor.py:841} WARNING - No viable dags retrieved from /opt/airflow/dags/predict_daily.py
[2026-07-09T11:42:19.521+0000] {processor.py:179} INFO - Processing /opt/airflow/dags/predict_daily.py took 4.803 seconds
[2026-07-09T11:42:49.979+0000] {processor.py:157} INFO - Started process (PID=11309) to work on /opt/airflow/dags/predict_daily.py
[2026-07-09T11:42:49.981+0000] {processor.py:829} INFO - Processing file /opt/airflow/dags/predict_daily.py for tasks to queue
[2026-07-09T11:42:49.983+0000] {logging_mixin.py:151} INFO - [2026-07-09T11:42:49.982+0000] {dagbag.py:539} INFO - Filling up the DagBag from /opt/airflow/dags/predict_daily.py
[2026-07-09T11:42:54.318+0000] {processor.py:841} WARNING - No viable dags retrieved from /opt/airflow/dags/predict_daily.py
[2026-07-09T11:42:54.338+0000] {processor.py:179} INFO - Processing /opt/airflow/dags/predict_daily.py took 4.366 seconds
[2026-07-09T11:43:24.643+0000] {processor.py:157} INFO - Started process (PID=11342) to work on /opt/airflow/dags/predict_daily.py
[2026-07-09T11:43:24.646+0000] {processor.py:829} INFO - Processing file /opt/airflow/dags/predict_daily.py for tasks to queue
[2026-07-09T11:43:24.647+0000] {logging_mixin.py:151} INFO - [2026-07-09T11:43:24.647+0000] {dagbag.py:539} INFO - Filling up the DagBag from /opt/airflow/dags/predict_daily.py
[2026-07-09T11:43:28.675+0000] {processor.py:841} WARNING - No viable dags retrieved from /opt/airflow/dags/predict_daily.py
[2026-07-09T11:43:28.697+0000] {processor.py:179} INFO - Processing /opt/airflow/dags/predict_daily.py took 4.065 seconds
[2026-07-09T11:43:59.170+0000] {processor.py:157} INFO - Started process (PID=11375) to work on /opt/airflow/dags/predict_daily.py
[2026-07-09T11:43:59.172+0000] {processor.py:829} INFO - Processing file /opt/airflow/dags/predict_daily.py for tasks to queue
[2026-07-09T11:43:59.181+0000] {logging_mixin.py:151} INFO - [2026-07-09T11:43:59.180+0000] {dagbag.py:539} INFO - Filling up the DagBag from /opt/airflow/dags/predict_daily.py
[2026-07-09T11:44:02.885+0000] {processor.py:841} WARNING - No viable dags retrieved from /opt/airflow/dags/predict_daily.py
[2026-07-09T11:44:02.910+0000] {processor.py:179} INFO - Processing /opt/airflow/dags/predict_daily.py took 3.746 seconds
[2026-07-09T11:44:33.396+0000] {processor.py:157} INFO - Started process (PID=11408) to work on /opt/airflow/dags/predict_daily.py
[2026-07-09T11:44:33.399+0000] {processor.py:829} INFO - Processing file /opt/airflow/dags/predict_daily.py for tasks to queue
[2026-07-09T11:44:33.400+0000] {logging_mixin.py:151} INFO - [2026-07-09T11:44:33.400+0000] {dagbag.py:539} INFO - Filling up the DagBag from /opt/airflow/dags/predict_daily.py
[2026-07-09T11:44:37.616+0000] {processor.py:841} WARNING - No viable dags retrieved from /opt/airflow/dags/predict_daily.py
[2026-07-09T11:44:37.638+0000] {processor.py:179} INFO - Processing /opt/airflow/dags/predict_daily.py took 4.247 seconds
[2026-07-09T11:45:08.256+0000] {processor.py:157} INFO - Started process (PID=11441) to work on /opt/airflow/dags/predict_daily.py
[2026-07-09T11:45:08.259+0000] {processor.py:829} INFO - Processing file /opt/airflow/dags/predict_daily.py for tasks to queue
[2026-07-09T11:45:08.260+0000] {logging_mixin.py:151} INFO - [2026-07-09T11:45:08.260+0000] {dagbag.py:539} INFO - Filling up the DagBag from /opt/airflow/dags/predict_daily.py
[2026-07-09T11:45:12.522+0000] {processor.py:841} WARNING - No viable dags retrieved from /opt/airflow/dags/predict_daily.py
[2026-07-09T11:45:12.540+0000] {processor.py:179} INFO - Processing /opt/airflow/dags/predict_daily.py took 4.290 seconds
[2026-07-09T11:45:42.860+0000] {processor.py:157} INFO - Started process (PID=11480) to work on /opt/airflow/dags/predict_daily.py
[2026-07-09T11:45:42.862+0000] {processor.py:829} INFO - Processing file /opt/airflow/dags/predict_daily.py for tasks to queue
[2026-07-09T11:45:42.864+0000] {logging_mixin.py:151} INFO - [2026-07-09T11:45:42.864+0000] {dagbag.py:539} INFO - Filling up the DagBag from /opt/airflow/dags/predict_daily.py
[2026-07-09T11:45:47.256+0000] {processor.py:841} WARNING - No viable dags retrieved from /opt/airflow/dags/predict_daily.py
[2026-07-09T11:45:47.368+0000] {processor.py:179} INFO - Processing /opt/airflow/dags/predict_daily.py took 4.516 seconds
[2026-07-09T11:46:17.778+0000] {processor.py:157} INFO - Started process (PID=11521) to work on /opt/airflow/dags/predict_daily.py
[2026-07-09T11:46:17.781+0000] {processor.py:829} INFO - Processing file /opt/airflow/dags/predict_daily.py for tasks to queue
[2026-07-09T11:46:17.784+0000] {logging_mixin.py:151} INFO - [2026-07-09T11:46:17.783+0000] {dagbag.py:539} INFO - Filling up the DagBag from /opt/airflow/dags/predict_daily.py
[2026-07-09T11:46:21.751+0000] {processor.py:841} WARNING - No viable dags retrieved from /opt/airflow/dags/predict_daily.py
[2026-07-09T11:46:21.772+0000] {processor.py:179} INFO - Processing /opt/airflow/dags/predict_daily.py took 4.001 seconds
[2026-07-09T11:46:52.092+0000] {processor.py:157} INFO - Started process (PID=11554) to work on /opt/airflow/dags/predict_daily.py
[2026-07-09T11:46:52.095+0000] {processor.py:829} INFO - Processing file /opt/airflow/dags/predict_daily.py for tasks to queue
[2026-07-09T11:46:52.098+0000] {logging_mixin.py:151} INFO - [2026-07-09T11:46:52.097+0000] {dagbag.py:539} INFO - Filling up the DagBag from /opt/airflow/dags/predict_daily.py
[2026-07-09T11:46:56.653+0000] {processor.py:841} WARNING - No viable dags retrieved from /opt/airflow/dags/predict_daily.py
[2026-07-09T11:46:56.697+0000] {processor.py:179} INFO - Processing /opt/airflow/dags/predict_daily.py took 4.611 seconds
[2026-07-09T11:47:27.498+0000] {processor.py:157} INFO - Started process (PID=11587) to work on /opt/airflow/dags/predict_daily.py
[2026-07-09T11:47:27.501+0000] {processor.py:829} INFO - Processing file /opt/airflow/dags/predict_daily.py for tasks to queue
[2026-07-09T11:47:27.505+0000] {logging_mixin.py:151} INFO - [2026-07-09T11:47:27.503+0000] {dagbag.py:539} INFO - Filling up the DagBag from /opt/airflow/dags/predict_daily.py
[2026-07-09T11:47:31.868+0000] {processor.py:841} WARNING - No viable dags retrieved from /opt/airflow/dags/predict_daily.py
[2026-07-09T11:47:31.890+0000] {processor.py:179} INFO - Processing /opt/airflow/dags/predict_daily.py took 4.403 seconds
[2026-07-09T11:48:02.270+0000] {processor.py:157} INFO - Started process (PID=11620) to work on /opt/airflow/dags/predict_daily.py
[2026-07-09T11:48:02.275+0000] {processor.py:829} INFO - Processing file /opt/airflow/dags/predict_daily.py for tasks to queue
[2026-07-09T11:48:02.277+0000] {logging_mixin.py:151} INFO - [2026-07-09T11:48:02.276+0000] {dagbag.py:539} INFO - Filling up the DagBag from /opt/airflow/dags/predict_daily.py
[2026-07-09T11:48:06.508+0000] {processor.py:841} WARNING - No viable dags retrieved from /opt/airflow/dags/predict_daily.py
[2026-07-09T11:48:06.530+0000] {processor.py:179} INFO - Processing /opt/airflow/dags/predict_daily.py took 4.267 seconds
[2026-07-09T11:48:36.760+0000] {processor.py:157} INFO - Started process (PID=11653) to work on /opt/airflow/dags/predict_daily.py
[2026-07-09T11:48:36.763+0000] {processor.py:829} INFO - Processing file /opt/airflow/dags/predict_daily.py for tasks to queue
[2026-07-09T11:48:36.766+0000] {logging_mixin.py:151} INFO - [2026-07-09T11:48:36.765+0000] {dagbag.py:539} INFO - Filling up the DagBag from /opt/airflow/dags/predict_daily.py
[2026-07-09T11:48:40.983+0000] {processor.py:841} WARNING - No viable dags retrieved from /opt/airflow/dags/predict_daily.py
[2026-07-09T11:48:41.003+0000] {processor.py:179} INFO - Processing /opt/airflow/dags/predict_daily.py took 4.250 seconds
[2026-07-09T11:49:11.537+0000] {processor.py:157} INFO - Started process (PID=11686) to work on /opt/airflow/dags/predict_daily.py
[2026-07-09T11:49:11.539+0000] {processor.py:829} INFO - Processing file /opt/airflow/dags/predict_daily.py for tasks to queue
[2026-07-09T11:49:11.541+0000] {logging_mixin.py:151} INFO - [2026-07-09T11:49:11.540+0000] {dagbag.py:539} INFO - Filling up the DagBag from /opt/airflow/dags/predict_daily.py
[2026-07-09T11:49:15.398+0000] {processor.py:841} WARNING - No viable dags retrieved from /opt/airflow/dags/predict_daily.py
[2026-07-09T11:49:15.419+0000] {processor.py:179} INFO - Processing /opt/airflow/dags/predict_daily.py took 3.887 seconds
[2026-07-09T11:49:45.625+0000] {processor.py:157} INFO - Started process (PID=11719) to work on /opt/airflow/dags/predict_daily.py
[2026-07-09T11:49:45.627+0000] {processor.py:829} INFO - Processing file /opt/airflow/dags/predict_daily.py for tasks to queue
[2026-07-09T11:49:45.629+0000] {logging_mixin.py:151} INFO - [2026-07-09T11:49:45.628+0000] {dagbag.py:539} INFO - Filling up the DagBag from /opt/airflow/dags/predict_daily.py
[2026-07-09T11:49:49.816+0000] {processor.py:841} WARNING - No viable dags retrieved from /opt/airflow/dags/predict_daily.py
[2026-07-09T11:49:49.842+0000] {processor.py:179} INFO - Processing /opt/airflow/dags/predict_daily.py took 4.223 seconds
[2026-07-09T11:50:20.439+0000] {processor.py:157} INFO - Started process (PID=11764) to work on /opt/airflow/dags/predict_daily.py
[2026-07-09T11:50:20.442+0000] {processor.py:829} INFO - Processing file /opt/airflow/dags/predict_daily.py for tasks to queue
[2026-07-09T11:50:20.444+0000] {logging_mixin.py:151} INFO - [2026-07-09T11:50:20.444+0000] {dagbag.py:539} INFO - Filling up the DagBag from /opt/airflow/dags/predict_daily.py
[2026-07-09T11:50:24.465+0000] {processor.py:841} WARNING - No viable dags retrieved from /opt/airflow/dags/predict_daily.py
[2026-07-09T11:50:24.484+0000] {processor.py:179} INFO - Processing /opt/airflow/dags/predict_daily.py took 4.051 seconds
[2026-07-09T11:50:54.989+0000] {processor.py:157} INFO - Started process (PID=11797) to work on /opt/airflow/dags/predict_daily.py
[2026-07-09T11:50:54.992+0000] {processor.py:829} INFO - Processing file /opt/airflow/dags/predict_daily.py for tasks to queue
[2026-07-09T11:50:54.995+0000] {logging_mixin.py:151} INFO - [2026-07-09T11:50:54.994+0000] {dagbag.py:539} INFO - Filling up the DagBag from /opt/airflow/dags/predict_daily.py
[2026-07-09T11:50:58.995+0000] {processor.py:841} WARNING - No viable dags retrieved from /opt/airflow/dags/predict_daily.py
[2026-07-09T11:50:59.016+0000] {processor.py:179} INFO - Processing /opt/airflow/dags/predict_daily.py took 4.037 seconds
[2026-07-09T11:51:29.533+0000] {processor.py:157} INFO - Started process (PID=11830) to work on /opt/airflow/dags/predict_daily.py
[2026-07-09T11:51:29.535+0000] {processor.py:829} INFO - Processing file /opt/airflow/dags/predict_daily.py for tasks to queue
[2026-07-09T11:51:29.537+0000] {logging_mixin.py:151} INFO - [2026-07-09T11:51:29.536+0000] {dagbag.py:539} INFO - Filling up the DagBag from /opt/airflow/dags/predict_daily.py
[2026-07-09T11:51:33.448+0000] {processor.py:841} WARNING - No viable dags retrieved from /opt/airflow/dags/predict_daily.py
[2026-07-09T11:51:33.472+0000] {processor.py:179} INFO - Processing /opt/airflow/dags/predict_daily.py took 3.947 seconds
[2026-07-09T11:52:03.908+0000] {processor.py:157} INFO - Started process (PID=11863) to work on /opt/airflow/dags/predict_daily.py
[2026-07-09T11:52:03.914+0000] {processor.py:829} INFO - Processing file /opt/airflow/dags/predict_daily.py for tasks to queue
[2026-07-09T11:52:03.920+0000] {logging_mixin.py:151} INFO - [2026-07-09T11:52:03.919+0000] {dagbag.py:539} INFO - Filling up the DagBag from /opt/airflow/dags/predict_daily.py
[2026-07-09T11:52:08.174+0000] {processor.py:841} WARNING - No viable dags retrieved from /opt/airflow/dags/predict_daily.py
[2026-07-09T11:52:08.195+0000] {processor.py:179} INFO - Processing /opt/airflow/dags/predict_daily.py took 4.293 seconds
[2026-07-09T11:52:38.943+0000] {processor.py:157} INFO - Started process (PID=11896) to work on /opt/airflow/dags/predict_daily.py
[2026-07-09T11:52:38.946+0000] {processor.py:829} INFO - Processing file /opt/airflow/dags/predict_daily.py for tasks to queue
[2026-07-09T11:52:38.948+0000] {logging_mixin.py:151} INFO - [2026-07-09T11:52:38.947+0000] {dagbag.py:539} INFO - Filling up the DagBag from /opt/airflow/dags/predict_daily.py
[2026-07-09T11:52:42.767+0000] {processor.py:841} WARNING - No viable dags retrieved from /opt/airflow/dags/predict_daily.py
[2026-07-09T11:52:42.789+0000] {processor.py:179} INFO - Processing /opt/airflow/dags/predict_daily.py took 3.851 seconds
[2026-07-09T11:53:13.268+0000] {processor.py:157} INFO - Started process (PID=11929) to work on /opt/airflow/dags/predict_daily.py
[2026-07-09T11:53:13.271+0000] {processor.py:829} INFO - Processing file /opt/airflow/dags/predict_daily.py for tasks to queue
[2026-07-09T11:53:13.273+0000] {logging_mixin.py:151} INFO - [2026-07-09T11:53:13.272+0000] {dagbag.py:539} INFO - Filling up the DagBag from /opt/airflow/dags/predict_daily.py
[2026-07-09T11:53:19.797+0000] {processor.py:841} WARNING - No viable dags retrieved from /opt/airflow/dags/predict_daily.py
[2026-07-09T11:53:20.039+0000] {processor.py:179} INFO - Processing /opt/airflow/dags/predict_daily.py took 6.777 seconds
[2026-07-09T11:53:50.271+0000] {processor.py:157} INFO - Started process (PID=11969) to work on /opt/airflow/dags/predict_daily.py
[2026-07-09T11:53:50.273+0000] {processor.py:829} INFO - Processing file /opt/airflow/dags/predict_daily.py for tasks to queue
[2026-07-09T11:53:50.277+0000] {logging_mixin.py:151} INFO - [2026-07-09T11:53:50.276+0000] {dagbag.py:539} INFO - Filling up the DagBag from /opt/airflow/dags/predict_daily.py
[2026-07-09T11:53:54.799+0000] {processor.py:841} WARNING - No viable dags retrieved from /opt/airflow/dags/predict_daily.py
[2026-07-09T11:53:54.820+0000] {processor.py:179} INFO - Processing /opt/airflow/dags/predict_daily.py took 4.556 seconds
[2026-07-09T11:54:25.318+0000] {processor.py:157} INFO - Started process (PID=12007) to work on /opt/airflow/dags/predict_daily.py
[2026-07-09T11:54:25.321+0000] {processor.py:829} INFO - Processing file /opt/airflow/dags/predict_daily.py for tasks to queue
[2026-07-09T11:54:25.323+0000] {logging_mixin.py:151} INFO - [2026-07-09T11:54:25.323+0000] {dagbag.py:539} INFO - Filling up the DagBag from /opt/airflow/dags/predict_daily.py
[2026-07-09T11:54:29.616+0000] {processor.py:841} WARNING - No viable dags retrieved from /opt/airflow/dags/predict_daily.py
[2026-07-09T11:54:29.651+0000] {processor.py:179} INFO - Processing /opt/airflow/dags/predict_daily.py took 4.344 seconds
[2026-07-09T11:54:59.895+0000] {processor.py:157} INFO - Started process (PID=12039) to work on /opt/airflow/dags/predict_daily.py
[2026-07-09T11:54:59.897+0000] {processor.py:829} INFO - Processing file /opt/airflow/dags/predict_daily.py for tasks to queue
[2026-07-09T11:54:59.899+0000] {logging_mixin.py:151} INFO - [2026-07-09T11:54:59.898+0000] {dagbag.py:539} INFO - Filling up the DagBag from /opt/airflow/dags/predict_daily.py
[2026-07-09T11:55:03.755+0000] {processor.py:841} WARNING - No viable dags retrieved from /opt/airflow/dags/predict_daily.py
[2026-07-09T11:55:03.776+0000] {processor.py:179} INFO - Processing /opt/airflow/dags/predict_daily.py took 3.886 seconds
[2026-07-09T11:55:34.365+0000] {processor.py:157} INFO - Started process (PID=12072) to work on /opt/airflow/dags/predict_daily.py
[2026-07-09T11:55:34.368+0000] {processor.py:829} INFO - Processing file /opt/airflow/dags/predict_daily.py for tasks to queue
[2026-07-09T11:55:34.370+0000] {logging_mixin.py:151} INFO - [2026-07-09T11:55:34.369+0000] {dagbag.py:539} INFO - Filling up the DagBag from /opt/airflow/dags/predict_daily.py
[2026-07-09T11:55:38.781+0000] {processor.py:841} WARNING - No viable dags retrieved from /opt/airflow/dags/predict_daily.py
[2026-07-09T11:55:38.919+0000] {processor.py:179} INFO - Processing /opt/airflow/dags/predict_daily.py took 4.559 seconds
[2026-07-09T11:56:09.891+0000] {processor.py:157} INFO - Started process (PID=12105) to work on /opt/airflow/dags/predict_daily.py
[2026-07-09T11:56:09.896+0000] {processor.py:829} INFO - Processing file /opt/airflow/dags/predict_daily.py for tasks to queue
[2026-07-09T11:56:09.900+0000] {logging_mixin.py:151} INFO - [2026-07-09T11:56:09.900+0000] {dagbag.py:539} INFO - Filling up the DagBag from /opt/airflow/dags/predict_daily.py
[2026-07-09T11:56:14.067+0000] {processor.py:841} WARNING - No viable dags retrieved from /opt/airflow/dags/predict_daily.py
[2026-07-09T11:56:14.093+0000] {processor.py:179} INFO - Processing /opt/airflow/dags/predict_daily.py took 4.208 seconds
[2026-07-09T11:56:44.421+0000] {processor.py:157} INFO - Started process (PID=12138) to work on /opt/airflow/dags/predict_daily.py
[2026-07-09T11:56:44.423+0000] {processor.py:829} INFO - Processing file /opt/airflow/dags/predict_daily.py for tasks to queue
[2026-07-09T11:56:44.425+0000] {logging_mixin.py:151} INFO - [2026-07-09T11:56:44.424+0000] {dagbag.py:539} INFO - Filling up the DagBag from /opt/airflow/dags/predict_daily.py
[2026-07-09T11:56:48.596+0000] {processor.py:841} WARNING - No viable dags retrieved from /opt/airflow/dags/predict_daily.py
[2026-07-09T11:56:48.619+0000] {processor.py:179} INFO - Processing /opt/airflow/dags/predict_daily.py took 4.205 seconds
[2026-07-09T11:57:19.015+0000] {processor.py:157} INFO - Started process (PID=12178) to work on /opt/airflow/dags/predict_daily.py
[2026-07-09T11:57:19.019+0000] {processor.py:829} INFO - Processing file /opt/airflow/dags/predict_daily.py for tasks to queue
[2026-07-09T11:57:19.021+0000] {logging_mixin.py:151} INFO - [2026-07-09T11:57:19.020+0000] {dagbag.py:539} INFO - Filling up the DagBag from /opt/airflow/dags/predict_daily.py
[2026-07-09T11:57:23.709+0000] {processor.py:841} WARNING - No viable dags retrieved from /opt/airflow/dags/predict_daily.py
[2026-07-09T11:57:23.731+0000] {processor.py:179} INFO - Processing /opt/airflow/dags/predict_daily.py took 4.722 seconds
[2026-07-09T11:57:54.142+0000] {processor.py:157} INFO - Started process (PID=12211) to work on /opt/airflow/dags/predict_daily.py
[2026-07-09T11:57:54.144+0000] {processor.py:829} INFO - Processing file /opt/airflow/dags/predict_daily.py for tasks to queue
[2026-07-09T11:57:54.145+0000] {logging_mixin.py:151} INFO - [2026-07-09T11:57:54.145+0000] {dagbag.py:539} INFO - Filling up the DagBag from /opt/airflow/dags/predict_daily.py
[2026-07-09T11:57:57.953+0000] {processor.py:841} WARNING - No viable dags retrieved from /opt/airflow/dags/predict_daily.py
[2026-07-09T11:57:57.983+0000] {processor.py:179} INFO - Processing /opt/airflow/dags/predict_daily.py took 3.850 seconds
[2026-07-09T11:58:28.574+0000] {processor.py:157} INFO - Started process (PID=12249) to work on /opt/airflow/dags/predict_daily.py
[2026-07-09T11:58:28.576+0000] {processor.py:829} INFO - Processing file /opt/airflow/dags/predict_daily.py for tasks to queue
[2026-07-09T11:58:28.578+0000] {logging_mixin.py:151} INFO - [2026-07-09T11:58:28.578+0000] {dagbag.py:539} INFO - Filling up the DagBag from /opt/airflow/dags/predict_daily.py
[2026-07-09T11:58:32.657+0000] {processor.py:841} WARNING - No viable dags retrieved from /opt/airflow/dags/predict_daily.py
[2026-07-09T11:58:32.682+0000] {processor.py:179} INFO - Processing /opt/airflow/dags/predict_daily.py took 4.115 seconds
[2026-07-09T11:59:03.242+0000] {processor.py:157} INFO - Started process (PID=12282) to work on /opt/airflow/dags/predict_daily.py
[2026-07-09T11:59:03.244+0000] {processor.py:829} INFO - Processing file /opt/airflow/dags/predict_daily.py for tasks to queue
[2026-07-09T11:59:03.246+0000] {logging_mixin.py:151} INFO - [2026-07-09T11:59:03.245+0000] {dagbag.py:539} INFO - Filling up the DagBag from /opt/airflow/dags/predict_daily.py
[2026-07-09T11:59:07.165+0000] {processor.py:841} WARNING - No viable dags retrieved from /opt/airflow/dags/predict_daily.py
[2026-07-09T11:59:07.188+0000] {processor.py:179} INFO - Processing /opt/airflow/dags/predict_daily.py took 3.952 seconds
[2026-07-09T11:59:37.762+0000] {processor.py:157} INFO - Started process (PID=12315) to work on /opt/airflow/dags/predict_daily.py
[2026-07-09T11:59:37.764+0000] {processor.py:829} INFO - Processing file /opt/airflow/dags/predict_daily.py for tasks to queue
[2026-07-09T11:59:37.766+0000] {logging_mixin.py:151} INFO - [2026-07-09T11:59:37.766+0000] {dagbag.py:539} INFO - Filling up the DagBag from /opt/airflow/dags/predict_daily.py
[2026-07-09T11:59:42.722+0000] {processor.py:841} WARNING - No viable dags retrieved from /opt/airflow/dags/predict_daily.py
[2026-07-09T11:59:42.767+0000] {processor.py:179} INFO - Processing /opt/airflow/dags/predict_daily.py took 5.011 seconds
[2026-07-09T12:00:12.920+0000] {processor.py:157} INFO - Started process (PID=12348) to work on /opt/airflow/dags/predict_daily.py
[2026-07-09T12:00:12.923+0000] {processor.py:829} INFO - Processing file /opt/airflow/dags/predict_daily.py for tasks to queue
[2026-07-09T12:00:12.925+0000] {logging_mixin.py:151} INFO - [2026-07-09T12:00:12.924+0000] {dagbag.py:539} INFO - Filling up the DagBag from /opt/airflow/dags/predict_daily.py
[2026-07-09T12:00:16.889+0000] {processor.py:841} WARNING - No viable dags retrieved from /opt/airflow/dags/predict_daily.py
[2026-07-09T12:00:16.907+0000] {processor.py:179} INFO - Processing /opt/airflow/dags/predict_daily.py took 3.994 seconds
[2026-07-09T12:00:47.622+0000] {processor.py:157} INFO - Started process (PID=12381) to work on /opt/airflow/dags/predict_daily.py
[2026-07-09T12:00:47.626+0000] {processor.py:829} INFO - Processing file /opt/airflow/dags/predict_daily.py for tasks to queue
[2026-07-09T12:00:47.628+0000] {logging_mixin.py:151} INFO - [2026-07-09T12:00:47.628+0000] {dagbag.py:539} INFO - Filling up the DagBag from /opt/airflow/dags/predict_daily.py
[2026-07-09T12:00:51.589+0000] {processor.py:841} WARNING - No viable dags retrieved from /opt/airflow/dags/predict_daily.py
[2026-07-09T12:00:51.621+0000] {processor.py:179} INFO - Processing /opt/airflow/dags/predict_daily.py took 4.005 seconds
[2026-07-09T12:01:22.115+0000] {processor.py:157} INFO - Started process (PID=12421) to work on /opt/airflow/dags/predict_daily.py
[2026-07-09T12:01:22.118+0000] {processor.py:829} INFO - Processing file /opt/airflow/dags/predict_daily.py for tasks to queue
[2026-07-09T12:01:22.121+0000] {logging_mixin.py:151} INFO - [2026-07-09T12:01:22.120+0000] {dagbag.py:539} INFO - Filling up the DagBag from /opt/airflow/dags/predict_daily.py
[2026-07-09T12:01:26.572+0000] {processor.py:841} WARNING - No viable dags retrieved from /opt/airflow/dags/predict_daily.py
[2026-07-09T12:01:26.592+0000] {processor.py:179} INFO - Processing /opt/airflow/dags/predict_daily.py took 4.484 seconds
[2026-07-09T12:01:56.966+0000] {processor.py:157} INFO - Started process (PID=12454) to work on /opt/airflow/dags/predict_daily.py
[2026-07-09T12:01:56.967+0000] {processor.py:829} INFO - Processing file /opt/airflow/dags/predict_daily.py for tasks to queue
[2026-07-09T12:01:56.969+0000] {logging_mixin.py:151} INFO - [2026-07-09T12:01:56.968+0000] {dagbag.py:539} INFO - Filling up the DagBag from /opt/airflow/dags/predict_daily.py
[2026-07-09T12:02:01.265+0000] {processor.py:841} WARNING - No viable dags retrieved from /opt/airflow/dags/predict_daily.py
[2026-07-09T12:02:01.286+0000] {processor.py:179} INFO - Processing /opt/airflow/dags/predict_daily.py took 4.329 seconds
[2026-07-09T12:02:31.874+0000] {processor.py:157} INFO - Started process (PID=12487) to work on /opt/airflow/dags/predict_daily.py
[2026-07-09T12:02:31.876+0000] {processor.py:829} INFO - Processing file /opt/airflow/dags/predict_daily.py for tasks to queue
[2026-07-09T12:02:31.879+0000] {logging_mixin.py:151} INFO - [2026-07-09T12:02:31.878+0000] {dagbag.py:539} INFO - Filling up the DagBag from /opt/airflow/dags/predict_daily.py
[2026-07-09T12:02:36.987+0000] {processor.py:841} WARNING - No viable dags retrieved from /opt/airflow/dags/predict_daily.py
[2026-07-09T12:02:37.176+0000] {processor.py:179} INFO - Processing /opt/airflow/dags/predict_daily.py took 5.308 seconds
[2026-07-09T12:03:07.534+0000] {processor.py:157} INFO - Started process (PID=12525) to work on /opt/airflow/dags/predict_daily.py
[2026-07-09T12:03:07.536+0000] {processor.py:829} INFO - Processing file /opt/airflow/dags/predict_daily.py for tasks to queue
[2026-07-09T12:03:07.538+0000] {logging_mixin.py:151} INFO - [2026-07-09T12:03:07.537+0000] {dagbag.py:539} INFO - Filling up the DagBag from /opt/airflow/dags/predict_daily.py
[2026-07-09T12:03:11.843+0000] {processor.py:841} WARNING - No viable dags retrieved from /opt/airflow/dags/predict_daily.py
[2026-07-09T12:03:11.862+0000] {processor.py:179} INFO - Processing /opt/airflow/dags/predict_daily.py took 4.333 seconds
[2026-07-09T12:03:42.030+0000] {processor.py:157} INFO - Started process (PID=12558) to work on /opt/airflow/dags/predict_daily.py
[2026-07-09T12:03:42.032+0000] {processor.py:829} INFO - Processing file /opt/airflow/dags/predict_daily.py for tasks to queue
[2026-07-09T12:03:42.034+0000] {logging_mixin.py:151} INFO - [2026-07-09T12:03:42.034+0000] {dagbag.py:539} INFO - Filling up the DagBag from /opt/airflow/dags/predict_daily.py
[2026-07-09T12:03:45.810+0000] {processor.py:841} WARNING - No viable dags retrieved from /opt/airflow/dags/predict_daily.py
[2026-07-09T12:03:45.831+0000] {processor.py:179} INFO - Processing /opt/airflow/dags/predict_daily.py took 3.808 seconds
[2026-07-09T12:04:16.285+0000] {processor.py:157} INFO - Started process (PID=12591) to work on /opt/airflow/dags/predict_daily.py
[2026-07-09T12:04:16.288+0000] {processor.py:829} INFO - Processing file /opt/airflow/dags/predict_daily.py for tasks to queue
[2026-07-09T12:04:16.289+0000] {logging_mixin.py:151} INFO - [2026-07-09T12:04:16.289+0000] {dagbag.py:539} INFO - Filling up the DagBag from /opt/airflow/dags/predict_daily.py
[2026-07-09T12:04:20.128+0000] {processor.py:841} WARNING - No viable dags retrieved from /opt/airflow/dags/predict_daily.py
[2026-07-09T12:04:20.152+0000] {processor.py:179} INFO - Processing /opt/airflow/dags/predict_daily.py took 3.874 seconds
[2026-07-09T12:04:50.568+0000] {processor.py:157} INFO - Started process (PID=12632) to work on /opt/airflow/dags/predict_daily.py
[2026-07-09T12:04:50.570+0000] {processor.py:829} INFO - Processing file /opt/airflow/dags/predict_daily.py for tasks to queue
[2026-07-09T12:04:50.572+0000] {logging_mixin.py:151} INFO - [2026-07-09T12:04:50.571+0000] {dagbag.py:539} INFO - Filling up the DagBag from /opt/airflow/dags/predict_daily.py
[2026-07-09T12:04:54.749+0000] {processor.py:841} WARNING - No viable dags retrieved from /opt/airflow/dags/predict_daily.py
[2026-07-09T12:04:54.770+0000] {processor.py:179} INFO - Processing /opt/airflow/dags/predict_daily.py took 4.206 seconds
[2026-07-09T12:05:25.222+0000] {processor.py:157} INFO - Started process (PID=12665) to work on /opt/airflow/dags/predict_daily.py
[2026-07-09T12:05:25.224+0000] {processor.py:829} INFO - Processing file /opt/airflow/dags/predict_daily.py for tasks to queue
[2026-07-09T12:05:25.226+0000] {logging_mixin.py:151} INFO - [2026-07-09T12:05:25.225+0000] {dagbag.py:539} INFO - Filling up the DagBag from /opt/airflow/dags/predict_daily.py
[2026-07-09T12:05:29.136+0000] {processor.py:841} WARNING - No viable dags retrieved from /opt/airflow/dags/predict_daily.py
[2026-07-09T12:05:29.155+0000] {processor.py:179} INFO - Processing /opt/airflow/dags/predict_daily.py took 3.942 seconds
[2026-07-09T12:05:59.852+0000] {processor.py:157} INFO - Started process (PID=12699) to work on /opt/airflow/dags/predict_daily.py
[2026-07-09T12:05:59.855+0000] {processor.py:829} INFO - Processing file /opt/airflow/dags/predict_daily.py for tasks to queue
[2026-07-09T12:05:59.857+0000] {logging_mixin.py:151} INFO - [2026-07-09T12:05:59.857+0000] {dagbag.py:539} INFO - Filling up the DagBag from /opt/airflow/dags/predict_daily.py
[2026-07-09T12:06:04.376+0000] {processor.py:841} WARNING - No viable dags retrieved from /opt/airflow/dags/predict_daily.py
[2026-07-09T12:06:04.399+0000] {processor.py:179} INFO - Processing /opt/airflow/dags/predict_daily.py took 4.555 seconds
[2026-07-09T12:06:34.889+0000] {processor.py:157} INFO - Started process (PID=12732) to work on /opt/airflow/dags/predict_daily.py
[2026-07-09T12:06:34.892+0000] {processor.py:829} INFO - Processing file /opt/airflow/dags/predict_daily.py for tasks to queue
[2026-07-09T12:06:34.895+0000] {logging_mixin.py:151} INFO - [2026-07-09T12:06:34.893+0000] {dagbag.py:539} INFO - Filling up the DagBag from /opt/airflow/dags/predict_daily.py
[2026-07-09T12:06:39.008+0000] {processor.py:841} WARNING - No viable dags retrieved from /opt/airflow/dags/predict_daily.py
[2026-07-09T12:06:39.031+0000] {processor.py:179} INFO - Processing /opt/airflow/dags/predict_daily.py took 4.147 seconds
[2026-07-09T12:07:09.343+0000] {processor.py:157} INFO - Started process (PID=12766) to work on /opt/airflow/dags/predict_daily.py
[2026-07-09T12:07:09.345+0000] {processor.py:829} INFO - Processing file /opt/airflow/dags/predict_daily.py for tasks to queue
[2026-07-09T12:07:09.347+0000] {logging_mixin.py:151} INFO - [2026-07-09T12:07:09.347+0000] {dagbag.py:539} INFO - Filling up the DagBag from /opt/airflow/dags/predict_daily.py
[2026-07-09T12:07:13.799+0000] {processor.py:841} WARNING - No viable dags retrieved from /opt/airflow/dags/predict_daily.py
[2026-07-09T12:07:13.823+0000] {processor.py:179} INFO - Processing /opt/airflow/dags/predict_daily.py took 4.487 seconds
[2026-07-09T12:07:44.161+0000] {processor.py:157} INFO - Started process (PID=12804) to work on /opt/airflow/dags/predict_daily.py
[2026-07-09T12:07:44.163+0000] {processor.py:829} INFO - Processing file /opt/airflow/dags/predict_daily.py for tasks to queue
[2026-07-09T12:07:44.165+0000] {logging_mixin.py:151} INFO - [2026-07-09T12:07:44.164+0000] {dagbag.py:539} INFO - Filling up the DagBag from /opt/airflow/dags/predict_daily.py
[2026-07-09T12:07:49.178+0000] {processor.py:841} WARNING - No viable dags retrieved from /opt/airflow/dags/predict_daily.py
[2026-07-09T12:07:49.203+0000] {processor.py:179} INFO - Processing /opt/airflow/dags/predict_daily.py took 5.048 seconds
[2026-07-09T12:08:19.926+0000] {processor.py:157} INFO - Started process (PID=12837) to work on /opt/airflow/dags/predict_daily.py
[2026-07-09T12:08:19.929+0000] {processor.py:829} INFO - Processing file /opt/airflow/dags/predict_daily.py for tasks to queue
[2026-07-09T12:08:19.931+0000] {logging_mixin.py:151} INFO - [2026-07-09T12:08:19.930+0000] {dagbag.py:539} INFO - Filling up the DagBag from /opt/airflow/dags/predict_daily.py
[2026-07-09T12:08:23.954+0000] {processor.py:841} WARNING - No viable dags retrieved from /opt/airflow/dags/predict_daily.py
[2026-07-09T12:08:23.978+0000] {processor.py:179} INFO - Processing /opt/airflow/dags/predict_daily.py took 4.058 seconds
[2026-07-09T12:08:54.230+0000] {processor.py:157} INFO - Started process (PID=12876) to work on /opt/airflow/dags/predict_daily.py
[2026-07-09T12:08:54.232+0000] {processor.py:829} INFO - Processing file /opt/airflow/dags/predict_daily.py for tasks to queue
[2026-07-09T12:08:54.235+0000] {logging_mixin.py:151} INFO - [2026-07-09T12:08:54.234+0000] {dagbag.py:539} INFO - Filling up the DagBag from /opt/airflow/dags/predict_daily.py
[2026-07-09T12:08:58.592+0000] {processor.py:841} WARNING - No viable dags retrieved from /opt/airflow/dags/predict_daily.py
[2026-07-09T12:08:58.614+0000] {processor.py:179} INFO - Processing /opt/airflow/dags/predict_daily.py took 4.393 seconds
[2026-07-09T12:09:28.997+0000] {processor.py:157} INFO - Started process (PID=12909) to work on /opt/airflow/dags/predict_daily.py
[2026-07-09T12:09:28.999+0000] {processor.py:829} INFO - Processing file /opt/airflow/dags/predict_daily.py for tasks to queue
[2026-07-09T12:09:29.003+0000] {logging_mixin.py:151} INFO - [2026-07-09T12:09:29.002+0000] {dagbag.py:539} INFO - Filling up the DagBag from /opt/airflow/dags/predict_daily.py
[2026-07-09T12:09:32.984+0000] {processor.py:841} WARNING - No viable dags retrieved from /opt/airflow/dags/predict_daily.py
[2026-07-09T12:09:33.004+0000] {processor.py:179} INFO - Processing /opt/airflow/dags/predict_daily.py took 4.013 seconds
[2026-07-09T12:10:03.594+0000] {processor.py:157} INFO - Started process (PID=12942) to work on /opt/airflow/dags/predict_daily.py
[2026-07-09T12:10:03.595+0000] {processor.py:829} INFO - Processing file /opt/airflow/dags/predict_daily.py for tasks to queue
[2026-07-09T12:10:03.597+0000] {logging_mixin.py:151} INFO - [2026-07-09T12:10:03.597+0000] {dagbag.py:539} INFO - Filling up the DagBag from /opt/airflow/dags/predict_daily.py
[2026-07-09T12:10:08.081+0000] {processor.py:841} WARNING - No viable dags retrieved from /opt/airflow/dags/predict_daily.py
[2026-07-09T12:10:08.102+0000] {processor.py:179} INFO - Processing /opt/airflow/dags/predict_daily.py took 4.515 seconds
[2026-07-09T12:10:39.071+0000] {processor.py:157} INFO - Started process (PID=12975) to work on /opt/airflow/dags/predict_daily.py
[2026-07-09T12:10:39.074+0000] {processor.py:829} INFO - Processing file /opt/airflow/dags/predict_daily.py for tasks to queue
[2026-07-09T12:10:39.076+0000] {logging_mixin.py:151} INFO - [2026-07-09T12:10:39.075+0000] {dagbag.py:539} INFO - Filling up the DagBag from /opt/airflow/dags/predict_daily.py
[2026-07-09T12:10:43.772+0000] {processor.py:841} WARNING - No viable dags retrieved from /opt/airflow/dags/predict_daily.py
[2026-07-09T12:10:43.808+0000] {processor.py:179} INFO - Processing /opt/airflow/dags/predict_daily.py took 4.742 seconds
[2026-07-09T12:11:14.319+0000] {processor.py:157} INFO - Started process (PID=13008) to work on /opt/airflow/dags/predict_daily.py
[2026-07-09T12:11:14.322+0000] {processor.py:829} INFO - Processing file /opt/airflow/dags/predict_daily.py for tasks to queue
[2026-07-09T12:11:14.324+0000] {logging_mixin.py:151} INFO - [2026-07-09T12:11:14.324+0000] {dagbag.py:539} INFO - Filling up the DagBag from /opt/airflow/dags/predict_daily.py
[2026-07-09T12:11:18.634+0000] {processor.py:841} WARNING - No viable dags retrieved from /opt/airflow/dags/predict_daily.py
[2026-07-09T12:11:18.658+0000] {processor.py:179} INFO - Processing /opt/airflow/dags/predict_daily.py took 4.344 seconds
[2026-07-09T12:11:49.117+0000] {processor.py:157} INFO - Started process (PID=13041) to work on /opt/airflow/dags/predict_daily.py
[2026-07-09T12:11:49.121+0000] {processor.py:829} INFO - Processing file /opt/airflow/dags/predict_daily.py for tasks to queue
[2026-07-09T12:11:49.124+0000] {logging_mixin.py:151} INFO - [2026-07-09T12:11:49.122+0000] {dagbag.py:539} INFO - Filling up the DagBag from /opt/airflow/dags/predict_daily.py
[2026-07-09T12:11:53.651+0000] {processor.py:841} WARNING - No viable dags retrieved from /opt/airflow/dags/predict_daily.py
[2026-07-09T12:11:53.672+0000] {processor.py:179} INFO - Processing /opt/airflow/dags/predict_daily.py took 4.563 seconds
[2026-07-09T12:12:24.247+0000] {processor.py:157} INFO - Started process (PID=13081) to work on /opt/airflow/dags/predict_daily.py
[2026-07-09T12:12:24.249+0000] {processor.py:829} INFO - Processing file /opt/airflow/dags/predict_daily.py for tasks to queue
[2026-07-09T12:12:24.251+0000] {logging_mixin.py:151} INFO - [2026-07-09T12:12:24.251+0000] {dagbag.py:539} INFO - Filling up the DagBag from /opt/airflow/dags/predict_daily.py
[2026-07-09T12:12:28.460+0000] {processor.py:841} WARNING - No viable dags retrieved from /opt/airflow/dags/predict_daily.py
[2026-07-09T12:12:28.479+0000] {processor.py:179} INFO - Processing /opt/airflow/dags/predict_daily.py took 4.240 seconds
[2026-07-09T12:12:58.923+0000] {processor.py:157} INFO - Started process (PID=13114) to work on /opt/airflow/dags/predict_daily.py
[2026-07-09T12:12:58.926+0000] {processor.py:829} INFO - Processing file /opt/airflow/dags/predict_daily.py for tasks to queue
[2026-07-09T12:12:58.928+0000] {logging_mixin.py:151} INFO - [2026-07-09T12:12:58.927+0000] {dagbag.py:539} INFO - Filling up the DagBag from /opt/airflow/dags/predict_daily.py
[2026-07-09T12:13:03.519+0000] {processor.py:841} WARNING - No viable dags retrieved from /opt/airflow/dags/predict_daily.py
[2026-07-09T12:13:03.540+0000] {processor.py:179} INFO - Processing /opt/airflow/dags/predict_daily.py took 4.623 seconds
[2026-07-09T12:13:33.745+0000] {processor.py:157} INFO - Started process (PID=13147) to work on /opt/airflow/dags/predict_daily.py
[2026-07-09T12:13:33.747+0000] {processor.py:829} INFO - Processing file /opt/airflow/dags/predict_daily.py for tasks to queue
[2026-07-09T12:13:33.748+0000] {logging_mixin.py:151} INFO - [2026-07-09T12:13:33.748+0000] {dagbag.py:539} INFO - Filling up the DagBag from /opt/airflow/dags/predict_daily.py
[2026-07-09T12:13:37.471+0000] {processor.py:841} WARNING - No viable dags retrieved from /opt/airflow/dags/predict_daily.py
[2026-07-09T12:13:37.490+0000] {processor.py:179} INFO - Processing /opt/airflow/dags/predict_daily.py took 3.749 seconds
[2026-07-09T12:14:07.884+0000] {processor.py:157} INFO - Started process (PID=13180) to work on /opt/airflow/dags/predict_daily.py
[2026-07-09T12:14:07.887+0000] {processor.py:829} INFO - Processing file /opt/airflow/dags/predict_daily.py for tasks to queue
[2026-07-09T12:14:07.889+0000] {logging_mixin.py:151} INFO - [2026-07-09T12:14:07.888+0000] {dagbag.py:539} INFO - Filling up the DagBag from /opt/airflow/dags/predict_daily.py
[2026-07-09T12:14:12.350+0000] {processor.py:841} WARNING - No viable dags retrieved from /opt/airflow/dags/predict_daily.py
[2026-07-09T12:14:12.369+0000] {processor.py:179} INFO - Processing /opt/airflow/dags/predict_daily.py took 4.496 seconds
[2026-07-09T12:14:42.838+0000] {processor.py:157} INFO - Started process (PID=13211) to work on /opt/airflow/dags/predict_daily.py
[2026-07-09T12:14:42.840+0000] {processor.py:829} INFO - Processing file /opt/airflow/dags/predict_daily.py for tasks to queue
[2026-07-09T12:14:42.843+0000] {logging_mixin.py:151} INFO - [2026-07-09T12:14:42.842+0000] {dagbag.py:539} INFO - Filling up the DagBag from /opt/airflow/dags/predict_daily.py
[2026-07-09T12:14:47.020+0000] {processor.py:841} WARNING - No viable dags retrieved from /opt/airflow/dags/predict_daily.py
[2026-07-09T12:14:47.038+0000] {processor.py:179} INFO - Processing /opt/airflow/dags/predict_daily.py took 4.205 seconds
[2026-07-09T12:15:17.764+0000] {processor.py:157} INFO - Started process (PID=13244) to work on /opt/airflow/dags/predict_daily.py
[2026-07-09T12:15:17.766+0000] {processor.py:829} INFO - Processing file /opt/airflow/dags/predict_daily.py for tasks to queue
[2026-07-09T12:15:17.768+0000] {logging_mixin.py:151} INFO - [2026-07-09T12:15:17.767+0000] {dagbag.py:539} INFO - Filling up the DagBag from /opt/airflow/dags/predict_daily.py
[2026-07-09T12:15:21.774+0000] {processor.py:841} WARNING - No viable dags retrieved from /opt/airflow/dags/predict_daily.py
[2026-07-09T12:15:21.795+0000] {processor.py:179} INFO - Processing /opt/airflow/dags/predict_daily.py took 4.037 seconds
[2026-07-09T12:15:52.383+0000] {processor.py:157} INFO - Started process (PID=13284) to work on /opt/airflow/dags/predict_daily.py
[2026-07-09T12:15:52.385+0000] {processor.py:829} INFO - Processing file /opt/airflow/dags/predict_daily.py for tasks to queue
[2026-07-09T12:15:52.387+0000] {logging_mixin.py:151} INFO - [2026-07-09T12:15:52.386+0000] {dagbag.py:539} INFO - Filling up the DagBag from /opt/airflow/dags/predict_daily.py
[2026-07-09T12:15:56.692+0000] {processor.py:841} WARNING - No viable dags retrieved from /opt/airflow/dags/predict_daily.py
[2026-07-09T12:15:56.718+0000] {processor.py:179} INFO - Processing /opt/airflow/dags/predict_daily.py took 4.341 seconds
[2026-07-09T12:16:27.317+0000] {processor.py:157} INFO - Started process (PID=13319) to work on /opt/airflow/dags/predict_daily.py
[2026-07-09T12:16:27.320+0000] {processor.py:829} INFO - Processing file /opt/airflow/dags/predict_daily.py for tasks to queue
[2026-07-09T12:16:27.321+0000] {logging_mixin.py:151} INFO - [2026-07-09T12:16:27.321+0000] {dagbag.py:539} INFO - Filling up the DagBag from /opt/airflow/dags/predict_daily.py
[2026-07-09T12:16:31.162+0000] {processor.py:841} WARNING - No viable dags retrieved from /opt/airflow/dags/predict_daily.py
[2026-07-09T12:16:31.182+0000] {processor.py:179} INFO - Processing /opt/airflow/dags/predict_daily.py took 3.873 seconds
[2026-07-09T12:17:01.666+0000] {processor.py:157} INFO - Started process (PID=13350) to work on /opt/airflow/dags/predict_daily.py
[2026-07-09T12:17:01.668+0000] {processor.py:829} INFO - Processing file /opt/airflow/dags/predict_daily.py for tasks to queue
[2026-07-09T12:17:01.669+0000] {logging_mixin.py:151} INFO - [2026-07-09T12:17:01.669+0000] {dagbag.py:539} INFO - Filling up the DagBag from /opt/airflow/dags/predict_daily.py
[2026-07-09T12:17:06.113+0000] {processor.py:841} WARNING - No viable dags retrieved from /opt/airflow/dags/predict_daily.py
[2026-07-09T12:17:06.145+0000] {processor.py:179} INFO - Processing /opt/airflow/dags/predict_daily.py took 4.485 seconds
[2026-07-09T12:17:36.828+0000] {processor.py:157} INFO - Started process (PID=13383) to work on /opt/airflow/dags/predict_daily.py
[2026-07-09T12:17:36.830+0000] {processor.py:829} INFO - Processing file /opt/airflow/dags/predict_daily.py for tasks to queue
[2026-07-09T12:17:36.832+0000] {logging_mixin.py:151} INFO - [2026-07-09T12:17:36.831+0000] {dagbag.py:539} INFO - Filling up the DagBag from /opt/airflow/dags/predict_daily.py
[2026-07-09T12:17:40.860+0000] {processor.py:841} WARNING - No viable dags retrieved from /opt/airflow/dags/predict_daily.py
[2026-07-09T12:17:40.880+0000] {processor.py:179} INFO - Processing /opt/airflow/dags/predict_daily.py took 4.057 seconds
[2026-07-09T12:18:11.473+0000] {processor.py:157} INFO - Started process (PID=13416) to work on /opt/airflow/dags/predict_daily.py
[2026-07-09T12:18:11.482+0000] {processor.py:829} INFO - Processing file /opt/airflow/dags/predict_daily.py for tasks to queue
[2026-07-09T12:18:11.483+0000] {logging_mixin.py:151} INFO - [2026-07-09T12:18:11.483+0000] {dagbag.py:539} INFO - Filling up the DagBag from /opt/airflow/dags/predict_daily.py
[2026-07-09T12:18:16.016+0000] {processor.py:841} WARNING - No viable dags retrieved from /opt/airflow/dags/predict_daily.py
[2026-07-09T12:18:16.039+0000] {processor.py:179} INFO - Processing /opt/airflow/dags/predict_daily.py took 4.581 seconds
[2026-07-09T12:18:46.681+0000] {processor.py:157} INFO - Started process (PID=13449) to work on /opt/airflow/dags/predict_daily.py
[2026-07-09T12:18:46.683+0000] {processor.py:829} INFO - Processing file /opt/airflow/dags/predict_daily.py for tasks to queue
[2026-07-09T12:18:46.685+0000] {logging_mixin.py:151} INFO - [2026-07-09T12:18:46.684+0000] {dagbag.py:539} INFO - Filling up the DagBag from /opt/airflow/dags/predict_daily.py
[2026-07-09T12:18:50.593+0000] {processor.py:841} WARNING - No viable dags retrieved from /opt/airflow/dags/predict_daily.py
[2026-07-09T12:18:50.614+0000] {processor.py:179} INFO - Processing /opt/airflow/dags/predict_daily.py took 3.939 seconds
[2026-07-09T12:19:20.793+0000] {processor.py:157} INFO - Started process (PID=13487) to work on /opt/airflow/dags/predict_daily.py
[2026-07-09T12:19:20.796+0000] {processor.py:829} INFO - Processing file /opt/airflow/dags/predict_daily.py for tasks to queue
[2026-07-09T12:19:20.798+0000] {logging_mixin.py:151} INFO - [2026-07-09T12:19:20.797+0000] {dagbag.py:539} INFO - Filling up the DagBag from /opt/airflow/dags/predict_daily.py
[2026-07-09T12:19:24.963+0000] {processor.py:841} WARNING - No viable dags retrieved from /opt/airflow/dags/predict_daily.py
[2026-07-09T12:19:25.022+0000] {processor.py:179} INFO - Processing /opt/airflow/dags/predict_daily.py took 4.235 seconds
[2026-07-09T12:19:55.562+0000] {processor.py:157} INFO - Started process (PID=13527) to work on /opt/airflow/dags/predict_daily.py
[2026-07-09T12:19:55.564+0000] {processor.py:829} INFO - Processing file /opt/airflow/dags/predict_daily.py for tasks to queue
[2026-07-09T12:19:55.566+0000] {logging_mixin.py:151} INFO - [2026-07-09T12:19:55.565+0000] {dagbag.py:539} INFO - Filling up the DagBag from /opt/airflow/dags/predict_daily.py
[2026-07-09T12:19:59.690+0000] {processor.py:841} WARNING - No viable dags retrieved from /opt/airflow/dags/predict_daily.py
[2026-07-09T12:19:59.710+0000] {processor.py:179} INFO - Processing /opt/airflow/dags/predict_daily.py took 4.159 seconds
[2026-07-09T12:20:30.236+0000] {processor.py:157} INFO - Started process (PID=13560) to work on /opt/airflow/dags/predict_daily.py
[2026-07-09T12:20:30.241+0000] {processor.py:829} INFO - Processing file /opt/airflow/dags/predict_daily.py for tasks to queue
[2026-07-09T12:20:30.245+0000] {logging_mixin.py:151} INFO - [2026-07-09T12:20:30.244+0000] {dagbag.py:539} INFO - Filling up the DagBag from /opt/airflow/dags/predict_daily.py
[2026-07-09T12:20:34.003+0000] {processor.py:841} WARNING - No viable dags retrieved from /opt/airflow/dags/predict_daily.py
[2026-07-09T12:20:34.021+0000] {processor.py:179} INFO - Processing /opt/airflow/dags/predict_daily.py took 3.791 seconds
[2026-07-09T12:21:04.477+0000] {processor.py:157} INFO - Started process (PID=13593) to work on /opt/airflow/dags/predict_daily.py
[2026-07-09T12:21:04.480+0000] {processor.py:829} INFO - Processing file /opt/airflow/dags/predict_daily.py for tasks to queue
[2026-07-09T12:21:04.481+0000] {logging_mixin.py:151} INFO - [2026-07-09T12:21:04.481+0000] {dagbag.py:539} INFO - Filling up the DagBag from /opt/airflow/dags/predict_daily.py
[2026-07-09T12:21:08.715+0000] {processor.py:841} WARNING - No viable dags retrieved from /opt/airflow/dags/predict_daily.py
[2026-07-09T12:21:08.735+0000] {processor.py:179} INFO - Processing /opt/airflow/dags/predict_daily.py took 4.264 seconds
[2026-07-09T12:21:39.290+0000] {processor.py:157} INFO - Started process (PID=13626) to work on /opt/airflow/dags/predict_daily.py
[2026-07-09T12:21:39.292+0000] {processor.py:829} INFO - Processing file /opt/airflow/dags/predict_daily.py for tasks to queue
[2026-07-09T12:21:39.293+0000] {logging_mixin.py:151} INFO - [2026-07-09T12:21:39.293+0000] {dagbag.py:539} INFO - Filling up the DagBag from /opt/airflow/dags/predict_daily.py
[2026-07-09T12:21:43.483+0000] {processor.py:841} WARNING - No viable dags retrieved from /opt/airflow/dags/predict_daily.py
[2026-07-09T12:21:43.503+0000] {processor.py:179} INFO - Processing /opt/airflow/dags/predict_daily.py took 4.217 seconds
[2026-07-09T12:22:13.808+0000] {processor.py:157} INFO - Started process (PID=13659) to work on /opt/airflow/dags/predict_daily.py
[2026-07-09T12:22:13.810+0000] {processor.py:829} INFO - Processing file /opt/airflow/dags/predict_daily.py for tasks to queue
[2026-07-09T12:22:13.812+0000] {logging_mixin.py:151} INFO - [2026-07-09T12:22:13.812+0000] {dagbag.py:539} INFO - Filling up the DagBag from /opt/airflow/dags/predict_daily.py
[2026-07-09T12:22:17.971+0000] {processor.py:841} WARNING - No viable dags retrieved from /opt/airflow/dags/predict_daily.py
[2026-07-09T12:22:17.992+0000] {processor.py:179} INFO - Processing /opt/airflow/dags/predict_daily.py took 4.194 seconds
[2026-07-09T12:22:48.353+0000] {processor.py:157} INFO - Started process (PID=13692) to work on /opt/airflow/dags/predict_daily.py
[2026-07-09T12:22:48.355+0000] {processor.py:829} INFO - Processing file /opt/airflow/dags/predict_daily.py for tasks to queue
[2026-07-09T12:22:48.357+0000] {logging_mixin.py:151} INFO - [2026-07-09T12:22:48.356+0000] {dagbag.py:539} INFO - Filling up the DagBag from /opt/airflow/dags/predict_daily.py
[2026-07-09T12:22:52.494+0000] {processor.py:841} WARNING - No viable dags retrieved from /opt/airflow/dags/predict_daily.py
[2026-07-09T12:22:52.516+0000] {processor.py:179} INFO - Processing /opt/airflow/dags/predict_daily.py took 4.168 seconds
[2026-07-09T12:23:23.094+0000] {processor.py:157} INFO - Started process (PID=13725) to work on /opt/airflow/dags/predict_daily.py
[2026-07-09T12:23:23.096+0000] {processor.py:829} INFO - Processing file /opt/airflow/dags/predict_daily.py for tasks to queue
[2026-07-09T12:23:23.098+0000] {logging_mixin.py:151} INFO - [2026-07-09T12:23:23.097+0000] {dagbag.py:539} INFO - Filling up the DagBag from /opt/airflow/dags/predict_daily.py
[2026-07-09T12:23:27.035+0000] {processor.py:841} WARNING - No viable dags retrieved from /opt/airflow/dags/predict_daily.py
[2026-07-09T12:23:27.058+0000] {processor.py:179} INFO - Processing /opt/airflow/dags/predict_daily.py took 3.971 seconds
[2026-07-09T12:23:57.544+0000] {processor.py:157} INFO - Started process (PID=13770) to work on /opt/airflow/dags/predict_daily.py
[2026-07-09T12:23:57.546+0000] {processor.py:829} INFO - Processing file /opt/airflow/dags/predict_daily.py for tasks to queue
[2026-07-09T12:23:57.547+0000] {logging_mixin.py:151} INFO - [2026-07-09T12:23:57.547+0000] {dagbag.py:539} INFO - Filling up the DagBag from /opt/airflow/dags/predict_daily.py
[2026-07-09T12:24:01.337+0000] {processor.py:841} WARNING - No viable dags retrieved from /opt/airflow/dags/predict_daily.py
[2026-07-09T12:24:01.355+0000] {processor.py:179} INFO - Processing /opt/airflow/dags/predict_daily.py took 3.821 seconds
[2026-07-09T12:24:31.749+0000] {processor.py:157} INFO - Started process (PID=13803) to work on /opt/airflow/dags/predict_daily.py
[2026-07-09T12:24:31.753+0000] {processor.py:829} INFO - Processing file /opt/airflow/dags/predict_daily.py for tasks to queue
[2026-07-09T12:24:31.755+0000] {logging_mixin.py:151} INFO - [2026-07-09T12:24:31.755+0000] {dagbag.py:539} INFO - Filling up the DagBag from /opt/airflow/dags/predict_daily.py
[2026-07-09T12:24:35.964+0000] {processor.py:841} WARNING - No viable dags retrieved from /opt/airflow/dags/predict_daily.py
[2026-07-09T12:24:35.998+0000] {processor.py:179} INFO - Processing /opt/airflow/dags/predict_daily.py took 4.256 seconds
[2026-07-09T12:25:06.405+0000] {processor.py:157} INFO - Started process (PID=13836) to work on /opt/airflow/dags/predict_daily.py
[2026-07-09T12:25:06.406+0000] {processor.py:829} INFO - Processing file /opt/airflow/dags/predict_daily.py for tasks to queue
[2026-07-09T12:25:06.408+0000] {logging_mixin.py:151} INFO - [2026-07-09T12:25:06.408+0000] {dagbag.py:539} INFO - Filling up the DagBag from /opt/airflow/dags/predict_daily.py
[2026-07-09T12:25:10.296+0000] {processor.py:841} WARNING - No viable dags retrieved from /opt/airflow/dags/predict_daily.py
[2026-07-09T12:25:10.322+0000] {processor.py:179} INFO - Processing /opt/airflow/dags/predict_daily.py took 3.922 seconds
[2026-07-09T12:25:40.823+0000] {processor.py:157} INFO - Started process (PID=13870) to work on /opt/airflow/dags/predict_daily.py
[2026-07-09T12:25:40.826+0000] {processor.py:829} INFO - Processing file /opt/airflow/dags/predict_daily.py for tasks to queue
[2026-07-09T12:25:40.829+0000] {logging_mixin.py:151} INFO - [2026-07-09T12:25:40.829+0000] {dagbag.py:539} INFO - Filling up the DagBag from /opt/airflow/dags/predict_daily.py
[2026-07-09T12:25:44.728+0000] {processor.py:841} WARNING - No viable dags retrieved from /opt/airflow/dags/predict_daily.py
[2026-07-09T12:25:44.753+0000] {processor.py:179} INFO - Processing /opt/airflow/dags/predict_daily.py took 3.941 seconds
[2026-07-09T12:26:15.232+0000] {processor.py:157} INFO - Started process (PID=13903) to work on /opt/airflow/dags/predict_daily.py
[2026-07-09T12:26:15.234+0000] {processor.py:829} INFO - Processing file /opt/airflow/dags/predict_daily.py for tasks to queue
[2026-07-09T12:26:15.236+0000] {logging_mixin.py:151} INFO - [2026-07-09T12:26:15.236+0000] {dagbag.py:539} INFO - Filling up the DagBag from /opt/airflow/dags/predict_daily.py
[2026-07-09T12:26:20.310+0000] {processor.py:841} WARNING - No viable dags retrieved from /opt/airflow/dags/predict_daily.py
[2026-07-09T12:26:20.330+0000] {processor.py:179} INFO - Processing /opt/airflow/dags/predict_daily.py took 5.104 seconds
[2026-07-09T12:26:50.808+0000] {processor.py:157} INFO - Started process (PID=13935) to work on /opt/airflow/dags/predict_daily.py
[2026-07-09T12:26:50.810+0000] {processor.py:829} INFO - Processing file /opt/airflow/dags/predict_daily.py for tasks to queue
[2026-07-09T12:26:50.812+0000] {logging_mixin.py:151} INFO - [2026-07-09T12:26:50.811+0000] {dagbag.py:539} INFO - Filling up the DagBag from /opt/airflow/dags/predict_daily.py
[2026-07-09T12:26:55.361+0000] {processor.py:841} WARNING - No viable dags retrieved from /opt/airflow/dags/predict_daily.py
[2026-07-09T12:26:55.383+0000] {processor.py:179} INFO - Processing /opt/airflow/dags/predict_daily.py took 4.582 seconds
[2026-07-09T12:27:26.440+0000] {processor.py:157} INFO - Started process (PID=13975) to work on /opt/airflow/dags/predict_daily.py
[2026-07-09T12:27:26.442+0000] {processor.py:829} INFO - Processing file /opt/airflow/dags/predict_daily.py for tasks to queue
[2026-07-09T12:27:26.444+0000] {logging_mixin.py:151} INFO - [2026-07-09T12:27:26.443+0000] {dagbag.py:539} INFO - Filling up the DagBag from /opt/airflow/dags/predict_daily.py
[2026-07-09T12:27:30.675+0000] {processor.py:841} WARNING - No viable dags retrieved from /opt/airflow/dags/predict_daily.py
[2026-07-09T12:27:30.697+0000] {processor.py:179} INFO - Processing /opt/airflow/dags/predict_daily.py took 4.267 seconds
[2026-07-09T12:28:00.855+0000] {processor.py:157} INFO - Started process (PID=14013) to work on /opt/airflow/dags/predict_daily.py
[2026-07-09T12:28:00.857+0000] {processor.py:829} INFO - Processing file /opt/airflow/dags/predict_daily.py for tasks to queue
[2026-07-09T12:28:00.859+0000] {logging_mixin.py:151} INFO - [2026-07-09T12:28:00.858+0000] {dagbag.py:539} INFO - Filling up the DagBag from /opt/airflow/dags/predict_daily.py
[2026-07-09T12:28:10.698+0000] {processor.py:841} WARNING - No viable dags retrieved from /opt/airflow/dags/predict_daily.py
[2026-07-09T12:28:10.715+0000] {processor.py:179} INFO - Processing /opt/airflow/dags/predict_daily.py took 9.865 seconds
[2026-07-09T12:28:41.338+0000] {processor.py:157} INFO - Started process (PID=14042) to work on /opt/airflow/dags/predict_daily.py
[2026-07-09T12:28:41.356+0000] {processor.py:829} INFO - Processing file /opt/airflow/dags/predict_daily.py for tasks to queue
[2026-07-09T12:28:41.367+0000] {logging_mixin.py:151} INFO - [2026-07-09T12:28:41.362+0000] {dagbag.py:539} INFO - Filling up the DagBag from /opt/airflow/dags/predict_daily.py
[2026-07-09T12:28:51.697+0000] {processor.py:841} WARNING - No viable dags retrieved from /opt/airflow/dags/predict_daily.py
[2026-07-09T12:28:51.800+0000] {processor.py:179} INFO - Processing /opt/airflow/dags/predict_daily.py took 10.560 seconds
[2026-07-09T12:29:22.550+0000] {processor.py:157} INFO - Started process (PID=14075) to work on /opt/airflow/dags/predict_daily.py
[2026-07-09T12:29:22.557+0000] {processor.py:829} INFO - Processing file /opt/airflow/dags/predict_daily.py for tasks to queue
[2026-07-09T12:29:22.561+0000] {logging_mixin.py:151} INFO - [2026-07-09T12:29:22.560+0000] {dagbag.py:539} INFO - Filling up the DagBag from /opt/airflow/dags/predict_daily.py
[2026-07-09T12:29:30.678+0000] {processor.py:841} WARNING - No viable dags retrieved from /opt/airflow/dags/predict_daily.py
[2026-07-09T12:29:31.498+0000] {processor.py:179} INFO - Processing /opt/airflow/dags/predict_daily.py took 9.006 seconds
[2026-07-09T12:30:01.865+0000] {processor.py:157} INFO - Started process (PID=14115) to work on /opt/airflow/dags/predict_daily.py
[2026-07-09T12:30:01.870+0000] {processor.py:829} INFO - Processing file /opt/airflow/dags/predict_daily.py for tasks to queue
[2026-07-09T12:30:01.875+0000] {logging_mixin.py:151} INFO - [2026-07-09T12:30:01.873+0000] {dagbag.py:539} INFO - Filling up the DagBag from /opt/airflow/dags/predict_daily.py
[2026-07-09T12:30:12.363+0000] {processor.py:841} WARNING - No viable dags retrieved from /opt/airflow/dags/predict_daily.py
[2026-07-09T12:30:12.420+0000] {processor.py:179} INFO - Processing /opt/airflow/dags/predict_daily.py took 10.588 seconds
[2026-07-09T12:30:43.106+0000] {processor.py:157} INFO - Started process (PID=14148) to work on /opt/airflow/dags/predict_daily.py
[2026-07-09T12:30:43.110+0000] {processor.py:829} INFO - Processing file /opt/airflow/dags/predict_daily.py for tasks to queue
[2026-07-09T12:30:43.113+0000] {logging_mixin.py:151} INFO - [2026-07-09T12:30:43.112+0000] {dagbag.py:539} INFO - Filling up the DagBag from /opt/airflow/dags/predict_daily.py
[2026-07-09T12:30:47.700+0000] {processor.py:841} WARNING - No viable dags retrieved from /opt/airflow/dags/predict_daily.py
[2026-07-09T12:30:47.735+0000] {processor.py:179} INFO - Processing /opt/airflow/dags/predict_daily.py took 4.637 seconds
[2026-07-09T12:31:18.700+0000] {processor.py:157} INFO - Started process (PID=14181) to work on /opt/airflow/dags/predict_daily.py
[2026-07-09T12:31:18.701+0000] {processor.py:829} INFO - Processing file /opt/airflow/dags/predict_daily.py for tasks to queue
[2026-07-09T12:31:18.702+0000] {logging_mixin.py:151} INFO - [2026-07-09T12:31:18.702+0000] {dagbag.py:539} INFO - Filling up the DagBag from /opt/airflow/dags/predict_daily.py
[2026-07-09T12:31:23.483+0000] {processor.py:841} WARNING - No viable dags retrieved from /opt/airflow/dags/predict_daily.py
[2026-07-09T12:31:23.512+0000] {processor.py:179} INFO - Processing /opt/airflow/dags/predict_daily.py took 4.818 seconds
[2026-07-09T12:31:54.464+0000] {processor.py:157} INFO - Started process (PID=14214) to work on /opt/airflow/dags/predict_daily.py
[2026-07-09T12:31:54.466+0000] {processor.py:829} INFO - Processing file /opt/airflow/dags/predict_daily.py for tasks to queue
[2026-07-09T12:31:54.468+0000] {logging_mixin.py:151} INFO - [2026-07-09T12:31:54.468+0000] {dagbag.py:539} INFO - Filling up the DagBag from /opt/airflow/dags/predict_daily.py
[2026-07-09T12:31:58.648+0000] {processor.py:841} WARNING - No viable dags retrieved from /opt/airflow/dags/predict_daily.py
[2026-07-09T12:31:58.669+0000] {processor.py:179} INFO - Processing /opt/airflow/dags/predict_daily.py took 4.214 seconds
[2026-07-09T12:32:29.144+0000] {processor.py:157} INFO - Started process (PID=14254) to work on /opt/airflow/dags/predict_daily.py
[2026-07-09T12:32:29.146+0000] {processor.py:829} INFO - Processing file /opt/airflow/dags/predict_daily.py for tasks to queue
[2026-07-09T12:32:29.148+0000] {logging_mixin.py:151} INFO - [2026-07-09T12:32:29.148+0000] {dagbag.py:539} INFO - Filling up the DagBag from /opt/airflow/dags/predict_daily.py
[2026-07-09T12:32:33.537+0000] {processor.py:841} WARNING - No viable dags retrieved from /opt/airflow/dags/predict_daily.py
[2026-07-09T12:32:33.557+0000] {processor.py:179} INFO - Processing /opt/airflow/dags/predict_daily.py took 4.418 seconds
[2026-07-09T12:33:04.147+0000] {processor.py:157} INFO - Started process (PID=14287) to work on /opt/airflow/dags/predict_daily.py
[2026-07-09T12:33:04.148+0000] {processor.py:829} INFO - Processing file /opt/airflow/dags/predict_daily.py for tasks to queue
[2026-07-09T12:33:04.149+0000] {logging_mixin.py:151} INFO - [2026-07-09T12:33:04.149+0000] {dagbag.py:539} INFO - Filling up the DagBag from /opt/airflow/dags/predict_daily.py
[2026-07-09T12:33:08.070+0000] {processor.py:841} WARNING - No viable dags retrieved from /opt/airflow/dags/predict_daily.py
[2026-07-09T12:33:08.092+0000] {processor.py:179} INFO - Processing /opt/airflow/dags/predict_daily.py took 3.949 seconds
[2026-07-09T12:33:38.500+0000] {processor.py:157} INFO - Started process (PID=14325) to work on /opt/airflow/dags/predict_daily.py
[2026-07-09T12:33:38.504+0000] {processor.py:829} INFO - Processing file /opt/airflow/dags/predict_daily.py for tasks to queue
[2026-07-09T12:33:38.506+0000] {logging_mixin.py:151} INFO - [2026-07-09T12:33:38.505+0000] {dagbag.py:539} INFO - Filling up the DagBag from /opt/airflow/dags/predict_daily.py
[2026-07-09T12:33:44.499+0000] {processor.py:841} WARNING - No viable dags retrieved from /opt/airflow/dags/predict_daily.py
[2026-07-09T12:33:44.521+0000] {processor.py:179} INFO - Processing /opt/airflow/dags/predict_daily.py took 6.053 seconds
[2026-07-09T12:34:14.748+0000] {processor.py:157} INFO - Started process (PID=14358) to work on /opt/airflow/dags/predict_daily.py
[2026-07-09T12:34:14.751+0000] {processor.py:829} INFO - Processing file /opt/airflow/dags/predict_daily.py for tasks to queue
[2026-07-09T12:34:14.752+0000] {logging_mixin.py:151} INFO - [2026-07-09T12:34:14.752+0000] {dagbag.py:539} INFO - Filling up the DagBag from /opt/airflow/dags/predict_daily.py
[2026-07-09T12:34:17.626+0000] {processor.py:841} WARNING - No viable dags retrieved from /opt/airflow/dags/predict_daily.py
[2026-07-09T12:34:17.639+0000] {processor.py:179} INFO - Processing /opt/airflow/dags/predict_daily.py took 2.895 seconds
[2026-07-09T12:34:48.543+0000] {processor.py:157} INFO - Started process (PID=14391) to work on /opt/airflow/dags/predict_daily.py
[2026-07-09T12:34:48.544+0000] {processor.py:829} INFO - Processing file /opt/airflow/dags/predict_daily.py for tasks to queue
[2026-07-09T12:34:48.546+0000] {logging_mixin.py:151} INFO - [2026-07-09T12:34:48.545+0000] {dagbag.py:539} INFO - Filling up the DagBag from /opt/airflow/dags/predict_daily.py
[2026-07-09T12:34:51.062+0000] {processor.py:841} WARNING - No viable dags retrieved from /opt/airflow/dags/predict_daily.py
[2026-07-09T12:34:51.078+0000] {processor.py:179} INFO - Processing /opt/airflow/dags/predict_daily.py took 2.539 seconds
[2026-07-09T12:35:21.827+0000] {processor.py:157} INFO - Started process (PID=14424) to work on /opt/airflow/dags/predict_daily.py
[2026-07-09T12:35:21.828+0000] {processor.py:829} INFO - Processing file /opt/airflow/dags/predict_daily.py for tasks to queue
[2026-07-09T12:35:21.829+0000] {logging_mixin.py:151} INFO - [2026-07-09T12:35:21.829+0000] {dagbag.py:539} INFO - Filling up the DagBag from /opt/airflow/dags/predict_daily.py
[2026-07-09T12:35:24.260+0000] {processor.py:841} WARNING - No viable dags retrieved from /opt/airflow/dags/predict_daily.py
[2026-07-09T12:35:24.273+0000] {processor.py:179} INFO - Processing /opt/airflow/dags/predict_daily.py took 2.450 seconds
[2026-07-09T12:35:54.923+0000] {processor.py:157} INFO - Started process (PID=14457) to work on /opt/airflow/dags/predict_daily.py
[2026-07-09T12:35:54.925+0000] {processor.py:829} INFO - Processing file /opt/airflow/dags/predict_daily.py for tasks to queue
[2026-07-09T12:35:54.926+0000] {logging_mixin.py:151} INFO - [2026-07-09T12:35:54.926+0000] {dagbag.py:539} INFO - Filling up the DagBag from /opt/airflow/dags/predict_daily.py
[2026-07-09T12:35:57.261+0000] {processor.py:841} WARNING - No viable dags retrieved from /opt/airflow/dags/predict_daily.py
[2026-07-09T12:35:57.274+0000] {processor.py:179} INFO - Processing /opt/airflow/dags/predict_daily.py took 2.356 seconds
[2026-07-09T12:36:27.396+0000] {processor.py:157} INFO - Started process (PID=14497) to work on /opt/airflow/dags/predict_daily.py
[2026-07-09T12:36:27.399+0000] {processor.py:829} INFO - Processing file /opt/airflow/dags/predict_daily.py for tasks to queue
[2026-07-09T12:36:27.402+0000] {logging_mixin.py:151} INFO - [2026-07-09T12:36:27.401+0000] {dagbag.py:539} INFO - Filling up the DagBag from /opt/airflow/dags/predict_daily.py
[2026-07-09T12:36:30.193+0000] {processor.py:841} WARNING - No viable dags retrieved from /opt/airflow/dags/predict_daily.py
[2026-07-09T12:36:30.205+0000] {processor.py:179} INFO - Processing /opt/airflow/dags/predict_daily.py took 2.820 seconds
[2026-07-09T12:37:00.691+0000] {processor.py:157} INFO - Started process (PID=14530) to work on /opt/airflow/dags/predict_daily.py
[2026-07-09T12:37:00.693+0000] {processor.py:829} INFO - Processing file /opt/airflow/dags/predict_daily.py for tasks to queue
[2026-07-09T12:37:00.694+0000] {logging_mixin.py:151} INFO - [2026-07-09T12:37:00.693+0000] {dagbag.py:539} INFO - Filling up the DagBag from /opt/airflow/dags/predict_daily.py
[2026-07-09T12:37:03.441+0000] {processor.py:841} WARNING - No viable dags retrieved from /opt/airflow/dags/predict_daily.py
[2026-07-09T12:37:03.453+0000] {processor.py:179} INFO - Processing /opt/airflow/dags/predict_daily.py took 2.765 seconds
[2026-07-09T12:37:34.109+0000] {processor.py:157} INFO - Started process (PID=14563) to work on /opt/airflow/dags/predict_daily.py
[2026-07-09T12:37:34.111+0000] {processor.py:829} INFO - Processing file /opt/airflow/dags/predict_daily.py for tasks to queue
[2026-07-09T12:37:34.112+0000] {logging_mixin.py:151} INFO - [2026-07-09T12:37:34.112+0000] {dagbag.py:539} INFO - Filling up the DagBag from /opt/airflow/dags/predict_daily.py
[2026-07-09T12:37:37.260+0000] {processor.py:841} WARNING - No viable dags retrieved from /opt/airflow/dags/predict_daily.py
[2026-07-09T12:37:37.274+0000] {processor.py:179} INFO - Processing /opt/airflow/dags/predict_daily.py took 3.169 seconds
[2026-07-09T12:38:07.673+0000] {processor.py:157} INFO - Started process (PID=14596) to work on /opt/airflow/dags/predict_daily.py
[2026-07-09T12:38:07.675+0000] {processor.py:829} INFO - Processing file /opt/airflow/dags/predict_daily.py for tasks to queue
[2026-07-09T12:38:07.675+0000] {logging_mixin.py:151} INFO - [2026-07-09T12:38:07.675+0000] {dagbag.py:539} INFO - Filling up the DagBag from /opt/airflow/dags/predict_daily.py
[2026-07-09T12:38:10.251+0000] {processor.py:841} WARNING - No viable dags retrieved from /opt/airflow/dags/predict_daily.py
[2026-07-09T12:38:10.268+0000] {processor.py:179} INFO - Processing /opt/airflow/dags/predict_daily.py took 2.598 seconds
[2026-07-09T12:38:40.862+0000] {processor.py:157} INFO - Started process (PID=14634) to work on /opt/airflow/dags/predict_daily.py
[2026-07-09T12:38:40.864+0000] {processor.py:829} INFO - Processing file /opt/airflow/dags/predict_daily.py for tasks to queue
[2026-07-09T12:38:40.866+0000] {logging_mixin.py:151} INFO - [2026-07-09T12:38:40.865+0000] {dagbag.py:539} INFO - Filling up the DagBag from /opt/airflow/dags/predict_daily.py
[2026-07-09T12:38:43.485+0000] {processor.py:841} WARNING - No viable dags retrieved from /opt/airflow/dags/predict_daily.py
[2026-07-09T12:38:43.500+0000] {processor.py:179} INFO - Processing /opt/airflow/dags/predict_daily.py took 2.641 seconds
[2026-07-09T12:39:14.126+0000] {processor.py:157} INFO - Started process (PID=14667) to work on /opt/airflow/dags/predict_daily.py
[2026-07-09T12:39:14.128+0000] {processor.py:829} INFO - Processing file /opt/airflow/dags/predict_daily.py for tasks to queue
[2026-07-09T12:39:14.129+0000] {logging_mixin.py:151} INFO - [2026-07-09T12:39:14.129+0000] {dagbag.py:539} INFO - Filling up the DagBag from /opt/airflow/dags/predict_daily.py
[2026-07-09T12:39:16.653+0000] {processor.py:841} WARNING - No viable dags retrieved from /opt/airflow/dags/predict_daily.py
[2026-07-09T12:39:16.668+0000] {processor.py:179} INFO - Processing /opt/airflow/dags/predict_daily.py took 2.546 seconds
[2026-07-09T12:39:47.234+0000] {processor.py:157} INFO - Started process (PID=14700) to work on /opt/airflow/dags/predict_daily.py
[2026-07-09T12:39:47.236+0000] {processor.py:829} INFO - Processing file /opt/airflow/dags/predict_daily.py for tasks to queue
[2026-07-09T12:39:47.237+0000] {logging_mixin.py:151} INFO - [2026-07-09T12:39:47.237+0000] {dagbag.py:539} INFO - Filling up the DagBag from /opt/airflow/dags/predict_daily.py
[2026-07-09T12:39:49.763+0000] {processor.py:841} WARNING - No viable dags retrieved from /opt/airflow/dags/predict_daily.py
[2026-07-09T12:39:49.777+0000] {processor.py:179} INFO - Processing /opt/airflow/dags/predict_daily.py took 2.548 seconds
[2026-07-09T12:40:20.543+0000] {processor.py:157} INFO - Started process (PID=14733) to work on /opt/airflow/dags/predict_daily.py
[2026-07-09T12:40:20.545+0000] {processor.py:829} INFO - Processing file /opt/airflow/dags/predict_daily.py for tasks to queue
[2026-07-09T12:40:20.546+0000] {logging_mixin.py:151} INFO - [2026-07-09T12:40:20.546+0000] {dagbag.py:539} INFO - Filling up the DagBag from /opt/airflow/dags/predict_daily.py
[2026-07-09T12:40:23.174+0000] {processor.py:841} WARNING - No viable dags retrieved from /opt/airflow/dags/predict_daily.py
[2026-07-09T12:40:23.190+0000] {processor.py:179} INFO - Processing /opt/airflow/dags/predict_daily.py took 2.651 seconds
[2026-07-09T12:40:53.847+0000] {processor.py:157} INFO - Started process (PID=14766) to work on /opt/airflow/dags/predict_daily.py
[2026-07-09T12:40:53.848+0000] {processor.py:829} INFO - Processing file /opt/airflow/dags/predict_daily.py for tasks to queue
[2026-07-09T12:40:53.850+0000] {logging_mixin.py:151} INFO - [2026-07-09T12:40:53.849+0000] {dagbag.py:539} INFO - Filling up the DagBag from /opt/airflow/dags/predict_daily.py
[2026-07-09T12:40:56.315+0000] {processor.py:841} WARNING - No viable dags retrieved from /opt/airflow/dags/predict_daily.py
[2026-07-09T12:40:56.329+0000] {processor.py:179} INFO - Processing /opt/airflow/dags/predict_daily.py took 2.486 seconds
[2026-07-09T12:41:27.269+0000] {processor.py:157} INFO - Started process (PID=14799) to work on /opt/airflow/dags/predict_daily.py
[2026-07-09T12:41:27.272+0000] {processor.py:829} INFO - Processing file /opt/airflow/dags/predict_daily.py for tasks to queue
[2026-07-09T12:41:27.276+0000] {logging_mixin.py:151} INFO - [2026-07-09T12:41:27.275+0000] {dagbag.py:539} INFO - Filling up the DagBag from /opt/airflow/dags/predict_daily.py
[2026-07-09T12:41:40.456+0000] {processor.py:841} WARNING - No viable dags retrieved from /opt/airflow/dags/predict_daily.py
[2026-07-09T12:41:40.511+0000] {processor.py:179} INFO - Processing /opt/airflow/dags/predict_daily.py took 13.262 seconds
[2026-07-09T12:42:10.719+0000] {processor.py:157} INFO - Started process (PID=14839) to work on /opt/airflow/dags/predict_daily.py
[2026-07-09T12:42:10.721+0000] {processor.py:829} INFO - Processing file /opt/airflow/dags/predict_daily.py for tasks to queue
[2026-07-09T12:42:10.724+0000] {logging_mixin.py:151} INFO - [2026-07-09T12:42:10.723+0000] {dagbag.py:539} INFO - Filling up the DagBag from /opt/airflow/dags/predict_daily.py
[2026-07-09T12:42:16.434+0000] {processor.py:841} WARNING - No viable dags retrieved from /opt/airflow/dags/predict_daily.py
[2026-07-09T12:42:16.456+0000] {processor.py:179} INFO - Processing /opt/airflow/dags/predict_daily.py took 5.744 seconds
[2026-07-09T12:42:46.786+0000] {processor.py:157} INFO - Started process (PID=14872) to work on /opt/airflow/dags/predict_daily.py
[2026-07-09T12:42:46.793+0000] {processor.py:829} INFO - Processing file /opt/airflow/dags/predict_daily.py for tasks to queue
[2026-07-09T12:42:46.795+0000] {logging_mixin.py:151} INFO - [2026-07-09T12:42:46.795+0000] {dagbag.py:539} INFO - Filling up the DagBag from /opt/airflow/dags/predict_daily.py
[2026-07-09T12:42:50.474+0000] {processor.py:841} WARNING - No viable dags retrieved from /opt/airflow/dags/predict_daily.py
[2026-07-09T12:42:50.487+0000] {processor.py:179} INFO - Processing /opt/airflow/dags/predict_daily.py took 3.708 seconds
[2026-07-09T12:43:21.386+0000] {processor.py:157} INFO - Started process (PID=14910) to work on /opt/airflow/dags/predict_daily.py
[2026-07-09T12:43:21.387+0000] {processor.py:829} INFO - Processing file /opt/airflow/dags/predict_daily.py for tasks to queue
[2026-07-09T12:43:21.388+0000] {logging_mixin.py:151} INFO - [2026-07-09T12:43:21.388+0000] {dagbag.py:539} INFO - Filling up the DagBag from /opt/airflow/dags/predict_daily.py
[2026-07-09T12:43:25.541+0000] {processor.py:841} WARNING - No viable dags retrieved from /opt/airflow/dags/predict_daily.py
[2026-07-09T12:43:25.614+0000] {processor.py:179} INFO - Processing /opt/airflow/dags/predict_daily.py took 4.233 seconds
[2026-07-09T12:43:55.926+0000] {processor.py:157} INFO - Started process (PID=14943) to work on /opt/airflow/dags/predict_daily.py
[2026-07-09T12:43:55.929+0000] {processor.py:829} INFO - Processing file /opt/airflow/dags/predict_daily.py for tasks to queue
[2026-07-09T12:43:55.932+0000] {logging_mixin.py:151} INFO - [2026-07-09T12:43:55.931+0000] {dagbag.py:539} INFO - Filling up the DagBag from /opt/airflow/dags/predict_daily.py
[2026-07-09T12:43:59.984+0000] {processor.py:841} WARNING - No viable dags retrieved from /opt/airflow/dags/predict_daily.py
[2026-07-09T12:44:00.011+0000] {processor.py:179} INFO - Processing /opt/airflow/dags/predict_daily.py took 4.097 seconds
[2026-07-09T12:44:30.546+0000] {processor.py:157} INFO - Started process (PID=14983) to work on /opt/airflow/dags/predict_daily.py
[2026-07-09T12:44:30.548+0000] {processor.py:829} INFO - Processing file /opt/airflow/dags/predict_daily.py for tasks to queue
[2026-07-09T12:44:30.550+0000] {logging_mixin.py:151} INFO - [2026-07-09T12:44:30.550+0000] {dagbag.py:539} INFO - Filling up the DagBag from /opt/airflow/dags/predict_daily.py
[2026-07-09T12:44:34.664+0000] {processor.py:841} WARNING - No viable dags retrieved from /opt/airflow/dags/predict_daily.py
[2026-07-09T12:44:34.676+0000] {processor.py:179} INFO - Processing /opt/airflow/dags/predict_daily.py took 4.136 seconds
[2026-07-09T12:45:04.944+0000] {processor.py:157} INFO - Started process (PID=15016) to work on /opt/airflow/dags/predict_daily.py
[2026-07-09T12:45:04.950+0000] {processor.py:829} INFO - Processing file /opt/airflow/dags/predict_daily.py for tasks to queue
[2026-07-09T12:45:04.954+0000] {logging_mixin.py:151} INFO - [2026-07-09T12:45:04.952+0000] {dagbag.py:539} INFO - Filling up the DagBag from /opt/airflow/dags/predict_daily.py
[2026-07-09T12:45:16.586+0000] {processor.py:841} WARNING - No viable dags retrieved from /opt/airflow/dags/predict_daily.py
[2026-07-09T12:45:16.639+0000] {processor.py:179} INFO - Processing /opt/airflow/dags/predict_daily.py took 11.703 seconds
[2026-07-09T12:45:46.844+0000] {processor.py:157} INFO - Started process (PID=15049) to work on /opt/airflow/dags/predict_daily.py
[2026-07-09T12:45:46.846+0000] {processor.py:829} INFO - Processing file /opt/airflow/dags/predict_daily.py for tasks to queue
[2026-07-09T12:45:46.848+0000] {logging_mixin.py:151} INFO - [2026-07-09T12:45:46.847+0000] {dagbag.py:539} INFO - Filling up the DagBag from /opt/airflow/dags/predict_daily.py
[2026-07-09T12:45:50.655+0000] {processor.py:841} WARNING - No viable dags retrieved from /opt/airflow/dags/predict_daily.py
[2026-07-09T12:45:50.675+0000] {processor.py:179} INFO - Processing /opt/airflow/dags/predict_daily.py took 3.836 seconds
[2026-07-09T12:46:20.982+0000] {processor.py:157} INFO - Started process (PID=15082) to work on /opt/airflow/dags/predict_daily.py
[2026-07-09T12:46:20.984+0000] {processor.py:829} INFO - Processing file /opt/airflow/dags/predict_daily.py for tasks to queue
[2026-07-09T12:46:20.985+0000] {logging_mixin.py:151} INFO - [2026-07-09T12:46:20.985+0000] {dagbag.py:539} INFO - Filling up the DagBag from /opt/airflow/dags/predict_daily.py
[2026-07-09T12:46:25.811+0000] {processor.py:841} WARNING - No viable dags retrieved from /opt/airflow/dags/predict_daily.py
[2026-07-09T12:46:25.833+0000] {processor.py:179} INFO - Processing /opt/airflow/dags/predict_daily.py took 4.855 seconds
[2026-07-09T12:46:56.358+0000] {processor.py:157} INFO - Started process (PID=15120) to work on /opt/airflow/dags/predict_daily.py
[2026-07-09T12:46:56.363+0000] {processor.py:829} INFO - Processing file /opt/airflow/dags/predict_daily.py for tasks to queue
[2026-07-09T12:46:56.372+0000] {logging_mixin.py:151} INFO - [2026-07-09T12:46:56.370+0000] {dagbag.py:539} INFO - Filling up the DagBag from /opt/airflow/dags/predict_daily.py
[2026-07-09T12:47:04.098+0000] {processor.py:841} WARNING - No viable dags retrieved from /opt/airflow/dags/predict_daily.py
[2026-07-09T12:47:04.123+0000] {processor.py:179} INFO - Processing /opt/airflow/dags/predict_daily.py took 7.775 seconds
[2026-07-09T12:47:34.914+0000] {processor.py:157} INFO - Started process (PID=15160) to work on /opt/airflow/dags/predict_daily.py
[2026-07-09T12:47:34.916+0000] {processor.py:829} INFO - Processing file /opt/airflow/dags/predict_daily.py for tasks to queue
[2026-07-09T12:47:34.917+0000] {logging_mixin.py:151} INFO - [2026-07-09T12:47:34.917+0000] {dagbag.py:539} INFO - Filling up the DagBag from /opt/airflow/dags/predict_daily.py
[2026-07-09T12:47:39.801+0000] {processor.py:841} WARNING - No viable dags retrieved from /opt/airflow/dags/predict_daily.py
[2026-07-09T12:47:39.828+0000] {processor.py:179} INFO - Processing /opt/airflow/dags/predict_daily.py took 4.918 seconds
[2026-07-09T12:48:10.069+0000] {processor.py:157} INFO - Started process (PID=15193) to work on /opt/airflow/dags/predict_daily.py
[2026-07-09T12:48:10.071+0000] {processor.py:829} INFO - Processing file /opt/airflow/dags/predict_daily.py for tasks to queue
[2026-07-09T12:48:10.073+0000] {logging_mixin.py:151} INFO - [2026-07-09T12:48:10.073+0000] {dagbag.py:539} INFO - Filling up the DagBag from /opt/airflow/dags/predict_daily.py
[2026-07-09T12:48:14.416+0000] {processor.py:841} WARNING - No viable dags retrieved from /opt/airflow/dags/predict_daily.py
[2026-07-09T12:48:14.439+0000] {processor.py:179} INFO - Processing /opt/airflow/dags/predict_daily.py took 4.378 seconds
[2026-07-09T12:48:44.930+0000] {processor.py:157} INFO - Started process (PID=15226) to work on /opt/airflow/dags/predict_daily.py
[2026-07-09T12:48:44.934+0000] {processor.py:829} INFO - Processing file /opt/airflow/dags/predict_daily.py for tasks to queue
[2026-07-09T12:48:44.936+0000] {logging_mixin.py:151} INFO - [2026-07-09T12:48:44.935+0000] {dagbag.py:539} INFO - Filling up the DagBag from /opt/airflow/dags/predict_daily.py
[2026-07-09T12:48:49.392+0000] {processor.py:841} WARNING - No viable dags retrieved from /opt/airflow/dags/predict_daily.py
[2026-07-09T12:48:49.408+0000] {processor.py:179} INFO - Processing /opt/airflow/dags/predict_daily.py took 4.485 seconds
[2026-07-09T12:49:19.697+0000] {processor.py:157} INFO - Started process (PID=15259) to work on /opt/airflow/dags/predict_daily.py
[2026-07-09T12:49:19.699+0000] {processor.py:829} INFO - Processing file /opt/airflow/dags/predict_daily.py for tasks to queue
[2026-07-09T12:49:19.701+0000] {logging_mixin.py:151} INFO - [2026-07-09T12:49:19.700+0000] {dagbag.py:539} INFO - Filling up the DagBag from /opt/airflow/dags/predict_daily.py
[2026-07-09T12:49:24.114+0000] {processor.py:841} WARNING - No viable dags retrieved from /opt/airflow/dags/predict_daily.py
[2026-07-09T12:49:24.139+0000] {processor.py:179} INFO - Processing /opt/airflow/dags/predict_daily.py took 4.451 seconds
[2026-07-09T12:49:54.984+0000] {processor.py:157} INFO - Started process (PID=15292) to work on /opt/airflow/dags/predict_daily.py
[2026-07-09T12:49:54.986+0000] {processor.py:829} INFO - Processing file /opt/airflow/dags/predict_daily.py for tasks to queue
[2026-07-09T12:49:54.988+0000] {logging_mixin.py:151} INFO - [2026-07-09T12:49:54.987+0000] {dagbag.py:539} INFO - Filling up the DagBag from /opt/airflow/dags/predict_daily.py
[2026-07-09T12:49:58.960+0000] {processor.py:841} WARNING - No viable dags retrieved from /opt/airflow/dags/predict_daily.py
[2026-07-09T12:49:58.980+0000] {processor.py:179} INFO - Processing /opt/airflow/dags/predict_daily.py took 4.006 seconds
[2026-07-09T12:50:29.605+0000] {processor.py:157} INFO - Started process (PID=15326) to work on /opt/airflow/dags/predict_daily.py
[2026-07-09T12:50:29.607+0000] {processor.py:829} INFO - Processing file /opt/airflow/dags/predict_daily.py for tasks to queue
[2026-07-09T12:50:29.610+0000] {logging_mixin.py:151} INFO - [2026-07-09T12:50:29.609+0000] {dagbag.py:539} INFO - Filling up the DagBag from /opt/airflow/dags/predict_daily.py
[2026-07-09T12:50:34.689+0000] {processor.py:841} WARNING - No viable dags retrieved from /opt/airflow/dags/predict_daily.py
[2026-07-09T12:50:34.715+0000] {processor.py:179} INFO - Processing /opt/airflow/dags/predict_daily.py took 5.124 seconds
[2026-07-09T12:51:04.948+0000] {processor.py:157} INFO - Started process (PID=15371) to work on /opt/airflow/dags/predict_daily.py
[2026-07-09T12:51:04.951+0000] {processor.py:829} INFO - Processing file /opt/airflow/dags/predict_daily.py for tasks to queue
[2026-07-09T12:51:04.953+0000] {logging_mixin.py:151} INFO - [2026-07-09T12:51:04.952+0000] {dagbag.py:539} INFO - Filling up the DagBag from /opt/airflow/dags/predict_daily.py
[2026-07-09T12:51:09.885+0000] {processor.py:841} WARNING - No viable dags retrieved from /opt/airflow/dags/predict_daily.py
[2026-07-09T12:51:09.910+0000] {processor.py:179} INFO - Processing /opt/airflow/dags/predict_daily.py took 4.969 seconds
[2026-07-09T12:51:40.194+0000] {processor.py:157} INFO - Started process (PID=15404) to work on /opt/airflow/dags/predict_daily.py
[2026-07-09T12:51:40.197+0000] {processor.py:829} INFO - Processing file /opt/airflow/dags/predict_daily.py for tasks to queue
[2026-07-09T12:51:40.199+0000] {logging_mixin.py:151} INFO - [2026-07-09T12:51:40.198+0000] {dagbag.py:539} INFO - Filling up the DagBag from /opt/airflow/dags/predict_daily.py
[2026-07-09T12:51:45.124+0000] {processor.py:841} WARNING - No viable dags retrieved from /opt/airflow/dags/predict_daily.py
[2026-07-09T12:51:45.141+0000] {processor.py:179} INFO - Processing /opt/airflow/dags/predict_daily.py took 4.954 seconds
[2026-07-09T12:52:15.925+0000] {processor.py:157} INFO - Started process (PID=15437) to work on /opt/airflow/dags/predict_daily.py
[2026-07-09T12:52:15.928+0000] {processor.py:829} INFO - Processing file /opt/airflow/dags/predict_daily.py for tasks to queue
[2026-07-09T12:52:15.930+0000] {logging_mixin.py:151} INFO - [2026-07-09T12:52:15.929+0000] {dagbag.py:539} INFO - Filling up the DagBag from /opt/airflow/dags/predict_daily.py
[2026-07-09T12:52:21.095+0000] {processor.py:841} WARNING - No viable dags retrieved from /opt/airflow/dags/predict_daily.py
[2026-07-09T12:52:21.116+0000] {processor.py:179} INFO - Processing /opt/airflow/dags/predict_daily.py took 5.198 seconds
[2026-07-09T12:52:51.562+0000] {processor.py:157} INFO - Started process (PID=15470) to work on /opt/airflow/dags/predict_daily.py
[2026-07-09T12:52:51.565+0000] {processor.py:829} INFO - Processing file /opt/airflow/dags/predict_daily.py for tasks to queue
[2026-07-09T12:52:51.568+0000] {logging_mixin.py:151} INFO - [2026-07-09T12:52:51.567+0000] {dagbag.py:539} INFO - Filling up the DagBag from /opt/airflow/dags/predict_daily.py
[2026-07-09T12:52:55.675+0000] {processor.py:841} WARNING - No viable dags retrieved from /opt/airflow/dags/predict_daily.py
[2026-07-09T12:52:55.694+0000] {processor.py:179} INFO - Processing /opt/airflow/dags/predict_daily.py took 4.140 seconds
[2026-07-09T12:53:25.829+0000] {processor.py:157} INFO - Started process (PID=15503) to work on /opt/airflow/dags/predict_daily.py
[2026-07-09T12:53:25.831+0000] {processor.py:829} INFO - Processing file /opt/airflow/dags/predict_daily.py for tasks to queue
[2026-07-09T12:53:25.833+0000] {logging_mixin.py:151} INFO - [2026-07-09T12:53:25.832+0000] {dagbag.py:539} INFO - Filling up the DagBag from /opt/airflow/dags/predict_daily.py
[2026-07-09T12:53:30.280+0000] {processor.py:841} WARNING - No viable dags retrieved from /opt/airflow/dags/predict_daily.py
[2026-07-09T12:53:30.301+0000] {processor.py:179} INFO - Processing /opt/airflow/dags/predict_daily.py took 4.478 seconds
[2026-07-09T12:54:00.856+0000] {processor.py:157} INFO - Started process (PID=15536) to work on /opt/airflow/dags/predict_daily.py
[2026-07-09T12:54:00.858+0000] {processor.py:829} INFO - Processing file /opt/airflow/dags/predict_daily.py for tasks to queue
[2026-07-09T12:54:00.860+0000] {logging_mixin.py:151} INFO - [2026-07-09T12:54:00.860+0000] {dagbag.py:539} INFO - Filling up the DagBag from /opt/airflow/dags/predict_daily.py
[2026-07-09T12:54:04.898+0000] {processor.py:841} WARNING - No viable dags retrieved from /opt/airflow/dags/predict_daily.py
[2026-07-09T12:54:04.922+0000] {processor.py:179} INFO - Processing /opt/airflow/dags/predict_daily.py took 4.074 seconds
[2026-07-09T12:54:35.598+0000] {processor.py:157} INFO - Started process (PID=15576) to work on /opt/airflow/dags/predict_daily.py
[2026-07-09T12:54:35.600+0000] {processor.py:829} INFO - Processing file /opt/airflow/dags/predict_daily.py for tasks to queue
[2026-07-09T12:54:35.602+0000] {logging_mixin.py:151} INFO - [2026-07-09T12:54:35.602+0000] {dagbag.py:539} INFO - Filling up the DagBag from /opt/airflow/dags/predict_daily.py
[2026-07-09T12:54:39.892+0000] {processor.py:841} WARNING - No viable dags retrieved from /opt/airflow/dags/predict_daily.py
[2026-07-09T12:54:39.914+0000] {processor.py:179} INFO - Processing /opt/airflow/dags/predict_daily.py took 4.322 seconds
[2026-07-09T12:55:10.552+0000] {processor.py:157} INFO - Started process (PID=15608) to work on /opt/airflow/dags/predict_daily.py
[2026-07-09T12:55:10.555+0000] {processor.py:829} INFO - Processing file /opt/airflow/dags/predict_daily.py for tasks to queue
[2026-07-09T12:55:10.558+0000] {logging_mixin.py:151} INFO - [2026-07-09T12:55:10.557+0000] {dagbag.py:539} INFO - Filling up the DagBag from /opt/airflow/dags/predict_daily.py
[2026-07-09T12:55:15.391+0000] {processor.py:841} WARNING - No viable dags retrieved from /opt/airflow/dags/predict_daily.py
[2026-07-09T12:55:15.418+0000] {processor.py:179} INFO - Processing /opt/airflow/dags/predict_daily.py took 4.904 seconds
[2026-07-09T12:55:45.835+0000] {processor.py:157} INFO - Started process (PID=15647) to work on /opt/airflow/dags/predict_daily.py
[2026-07-09T12:55:45.838+0000] {processor.py:829} INFO - Processing file /opt/airflow/dags/predict_daily.py for tasks to queue
[2026-07-09T12:55:45.839+0000] {logging_mixin.py:151} INFO - [2026-07-09T12:55:45.839+0000] {dagbag.py:539} INFO - Filling up the DagBag from /opt/airflow/dags/predict_daily.py
[2026-07-09T12:55:49.654+0000] {processor.py:841} WARNING - No viable dags retrieved from /opt/airflow/dags/predict_daily.py
[2026-07-09T12:55:49.674+0000] {processor.py:179} INFO - Processing /opt/airflow/dags/predict_daily.py took 3.845 seconds
[2026-07-09T12:56:20.246+0000] {processor.py:157} INFO - Started process (PID=15680) to work on /opt/airflow/dags/predict_daily.py
[2026-07-09T12:56:20.249+0000] {processor.py:829} INFO - Processing file /opt/airflow/dags/predict_daily.py for tasks to queue
[2026-07-09T12:56:20.251+0000] {logging_mixin.py:151} INFO - [2026-07-09T12:56:20.251+0000] {dagbag.py:539} INFO - Filling up the DagBag from /opt/airflow/dags/predict_daily.py
[2026-07-09T12:56:24.212+0000] {processor.py:841} WARNING - No viable dags retrieved from /opt/airflow/dags/predict_daily.py
[2026-07-09T12:56:24.229+0000] {processor.py:179} INFO - Processing /opt/airflow/dags/predict_daily.py took 3.990 seconds
[2026-07-09T12:56:54.886+0000] {processor.py:157} INFO - Started process (PID=15713) to work on /opt/airflow/dags/predict_daily.py
[2026-07-09T12:56:54.889+0000] {processor.py:829} INFO - Processing file /opt/airflow/dags/predict_daily.py for tasks to queue
[2026-07-09T12:56:54.890+0000] {logging_mixin.py:151} INFO - [2026-07-09T12:56:54.890+0000] {dagbag.py:539} INFO - Filling up the DagBag from /opt/airflow/dags/predict_daily.py
[2026-07-09T12:56:58.649+0000] {processor.py:841} WARNING - No viable dags retrieved from /opt/airflow/dags/predict_daily.py
[2026-07-09T12:56:58.663+0000] {processor.py:179} INFO - Processing /opt/airflow/dags/predict_daily.py took 3.787 seconds
[2026-07-09T12:57:29.221+0000] {processor.py:157} INFO - Started process (PID=15746) to work on /opt/airflow/dags/predict_daily.py
[2026-07-09T12:57:29.223+0000] {processor.py:829} INFO - Processing file /opt/airflow/dags/predict_daily.py for tasks to queue
[2026-07-09T12:57:29.224+0000] {logging_mixin.py:151} INFO - [2026-07-09T12:57:29.224+0000] {dagbag.py:539} INFO - Filling up the DagBag from /opt/airflow/dags/predict_daily.py
[2026-07-09T12:57:33.198+0000] {processor.py:841} WARNING - No viable dags retrieved from /opt/airflow/dags/predict_daily.py
[2026-07-09T12:57:33.219+0000] {processor.py:179} INFO - Processing /opt/airflow/dags/predict_daily.py took 4.002 seconds
[2026-07-09T12:58:03.713+0000] {processor.py:157} INFO - Started process (PID=15786) to work on /opt/airflow/dags/predict_daily.py
[2026-07-09T12:58:03.715+0000] {processor.py:829} INFO - Processing file /opt/airflow/dags/predict_daily.py for tasks to queue
[2026-07-09T12:58:03.716+0000] {logging_mixin.py:151} INFO - [2026-07-09T12:58:03.716+0000] {dagbag.py:539} INFO - Filling up the DagBag from /opt/airflow/dags/predict_daily.py
[2026-07-09T12:58:07.455+0000] {processor.py:841} WARNING - No viable dags retrieved from /opt/airflow/dags/predict_daily.py
[2026-07-09T12:58:07.475+0000] {processor.py:179} INFO - Processing /opt/airflow/dags/predict_daily.py took 3.768 seconds
[2026-07-09T12:58:37.768+0000] {processor.py:157} INFO - Started process (PID=15819) to work on /opt/airflow/dags/predict_daily.py
[2026-07-09T12:58:37.771+0000] {processor.py:829} INFO - Processing file /opt/airflow/dags/predict_daily.py for tasks to queue
[2026-07-09T12:58:37.773+0000] {logging_mixin.py:151} INFO - [2026-07-09T12:58:37.772+0000] {dagbag.py:539} INFO - Filling up the DagBag from /opt/airflow/dags/predict_daily.py
[2026-07-09T12:58:41.380+0000] {processor.py:841} WARNING - No viable dags retrieved from /opt/airflow/dags/predict_daily.py
[2026-07-09T12:58:41.400+0000] {processor.py:179} INFO - Processing /opt/airflow/dags/predict_daily.py took 3.640 seconds
[2026-07-09T12:59:11.731+0000] {processor.py:157} INFO - Started process (PID=15852) to work on /opt/airflow/dags/predict_daily.py
[2026-07-09T12:59:11.733+0000] {processor.py:829} INFO - Processing file /opt/airflow/dags/predict_daily.py for tasks to queue
[2026-07-09T12:59:11.734+0000] {logging_mixin.py:151} INFO - [2026-07-09T12:59:11.734+0000] {dagbag.py:539} INFO - Filling up the DagBag from /opt/airflow/dags/predict_daily.py
[2026-07-09T12:59:16.181+0000] {processor.py:841} WARNING - No viable dags retrieved from /opt/airflow/dags/predict_daily.py
[2026-07-09T12:59:16.198+0000] {processor.py:179} INFO - Processing /opt/airflow/dags/predict_daily.py took 4.472 seconds
[2026-07-09T12:59:46.581+0000] {processor.py:157} INFO - Started process (PID=15885) to work on /opt/airflow/dags/predict_daily.py
[2026-07-09T12:59:46.583+0000] {processor.py:829} INFO - Processing file /opt/airflow/dags/predict_daily.py for tasks to queue
[2026-07-09T12:59:46.585+0000] {logging_mixin.py:151} INFO - [2026-07-09T12:59:46.585+0000] {dagbag.py:539} INFO - Filling up the DagBag from /opt/airflow/dags/predict_daily.py
[2026-07-09T12:59:50.508+0000] {processor.py:841} WARNING - No viable dags retrieved from /opt/airflow/dags/predict_daily.py
[2026-07-09T12:59:50.523+0000] {processor.py:179} INFO - Processing /opt/airflow/dags/predict_daily.py took 3.949 seconds
[2026-07-09T13:00:21.071+0000] {processor.py:157} INFO - Started process (PID=15923) to work on /opt/airflow/dags/predict_daily.py
[2026-07-09T13:00:21.073+0000] {processor.py:829} INFO - Processing file /opt/airflow/dags/predict_daily.py for tasks to queue
[2026-07-09T13:00:21.075+0000] {logging_mixin.py:151} INFO - [2026-07-09T13:00:21.074+0000] {dagbag.py:539} INFO - Filling up the DagBag from /opt/airflow/dags/predict_daily.py
[2026-07-09T13:00:25.091+0000] {processor.py:841} WARNING - No viable dags retrieved from /opt/airflow/dags/predict_daily.py
[2026-07-09T13:00:25.103+0000] {processor.py:179} INFO - Processing /opt/airflow/dags/predict_daily.py took 4.039 seconds
[2026-07-09T13:00:55.473+0000] {processor.py:157} INFO - Started process (PID=15956) to work on /opt/airflow/dags/predict_daily.py
[2026-07-09T13:00:55.477+0000] {processor.py:829} INFO - Processing file /opt/airflow/dags/predict_daily.py for tasks to queue
[2026-07-09T13:00:55.479+0000] {logging_mixin.py:151} INFO - [2026-07-09T13:00:55.479+0000] {dagbag.py:539} INFO - Filling up the DagBag from /opt/airflow/dags/predict_daily.py
[2026-07-09T13:00:59.216+0000] {processor.py:841} WARNING - No viable dags retrieved from /opt/airflow/dags/predict_daily.py
[2026-07-09T13:00:59.246+0000] {processor.py:179} INFO - Processing /opt/airflow/dags/predict_daily.py took 3.780 seconds
[2026-07-09T13:01:29.739+0000] {processor.py:157} INFO - Started process (PID=15989) to work on /opt/airflow/dags/predict_daily.py
[2026-07-09T13:01:29.742+0000] {processor.py:829} INFO - Processing file /opt/airflow/dags/predict_daily.py for tasks to queue
[2026-07-09T13:01:29.745+0000] {logging_mixin.py:151} INFO - [2026-07-09T13:01:29.744+0000] {dagbag.py:539} INFO - Filling up the DagBag from /opt/airflow/dags/predict_daily.py
[2026-07-09T13:01:33.724+0000] {processor.py:841} WARNING - No viable dags retrieved from /opt/airflow/dags/predict_daily.py
[2026-07-09T13:01:33.741+0000] {processor.py:179} INFO - Processing /opt/airflow/dags/predict_daily.py took 4.010 seconds
[2026-07-09T13:02:03.895+0000] {processor.py:157} INFO - Started process (PID=16029) to work on /opt/airflow/dags/predict_daily.py
[2026-07-09T13:02:03.897+0000] {processor.py:829} INFO - Processing file /opt/airflow/dags/predict_daily.py for tasks to queue
[2026-07-09T13:02:03.899+0000] {logging_mixin.py:151} INFO - [2026-07-09T13:02:03.898+0000] {dagbag.py:539} INFO - Filling up the DagBag from /opt/airflow/dags/predict_daily.py
[2026-07-09T13:02:08.450+0000] {processor.py:841} WARNING - No viable dags retrieved from /opt/airflow/dags/predict_daily.py
[2026-07-09T13:02:08.481+0000] {processor.py:179} INFO - Processing /opt/airflow/dags/predict_daily.py took 4.595 seconds
[2026-07-09T13:02:39.309+0000] {processor.py:157} INFO - Started process (PID=16062) to work on /opt/airflow/dags/predict_daily.py
[2026-07-09T13:02:39.312+0000] {processor.py:829} INFO - Processing file /opt/airflow/dags/predict_daily.py for tasks to queue
[2026-07-09T13:02:39.314+0000] {logging_mixin.py:151} INFO - [2026-07-09T13:02:39.313+0000] {dagbag.py:539} INFO - Filling up the DagBag from /opt/airflow/dags/predict_daily.py
[2026-07-09T13:02:43.215+0000] {processor.py:841} WARNING - No viable dags retrieved from /opt/airflow/dags/predict_daily.py
[2026-07-09T13:02:43.234+0000] {processor.py:179} INFO - Processing /opt/airflow/dags/predict_daily.py took 3.933 seconds
[2026-07-09T13:03:13.803+0000] {processor.py:157} INFO - Started process (PID=16095) to work on /opt/airflow/dags/predict_daily.py
[2026-07-09T13:03:13.805+0000] {processor.py:829} INFO - Processing file /opt/airflow/dags/predict_daily.py for tasks to queue
[2026-07-09T13:03:13.807+0000] {logging_mixin.py:151} INFO - [2026-07-09T13:03:13.807+0000] {dagbag.py:539} INFO - Filling up the DagBag from /opt/airflow/dags/predict_daily.py
[2026-07-09T13:03:18.824+0000] {processor.py:841} WARNING - No viable dags retrieved from /opt/airflow/dags/predict_daily.py
[2026-07-09T13:03:18.846+0000] {processor.py:179} INFO - Processing /opt/airflow/dags/predict_daily.py took 5.062 seconds
[2026-07-09T13:03:49.057+0000] {processor.py:157} INFO - Started process (PID=16128) to work on /opt/airflow/dags/predict_daily.py
[2026-07-09T13:03:49.059+0000] {processor.py:829} INFO - Processing file /opt/airflow/dags/predict_daily.py for tasks to queue
[2026-07-09T13:03:49.062+0000] {logging_mixin.py:151} INFO - [2026-07-09T13:03:49.061+0000] {dagbag.py:539} INFO - Filling up the DagBag from /opt/airflow/dags/predict_daily.py
[2026-07-09T13:03:53.896+0000] {processor.py:841} WARNING - No viable dags retrieved from /opt/airflow/dags/predict_daily.py
[2026-07-09T13:03:53.916+0000] {processor.py:179} INFO - Processing /opt/airflow/dags/predict_daily.py took 4.867 seconds
[2026-07-09T13:04:24.161+0000] {processor.py:157} INFO - Started process (PID=16166) to work on /opt/airflow/dags/predict_daily.py
[2026-07-09T13:04:24.163+0000] {processor.py:829} INFO - Processing file /opt/airflow/dags/predict_daily.py for tasks to queue
[2026-07-09T13:04:24.165+0000] {logging_mixin.py:151} INFO - [2026-07-09T13:04:24.164+0000] {dagbag.py:539} INFO - Filling up the DagBag from /opt/airflow/dags/predict_daily.py
[2026-07-09T13:04:28.235+0000] {processor.py:841} WARNING - No viable dags retrieved from /opt/airflow/dags/predict_daily.py
[2026-07-09T13:04:28.250+0000] {processor.py:179} INFO - Processing /opt/airflow/dags/predict_daily.py took 4.096 seconds
[2026-07-09T13:04:58.449+0000] {processor.py:157} INFO - Started process (PID=16199) to work on /opt/airflow/dags/predict_daily.py
[2026-07-09T13:04:58.451+0000] {processor.py:829} INFO - Processing file /opt/airflow/dags/predict_daily.py for tasks to queue
[2026-07-09T13:04:58.453+0000] {logging_mixin.py:151} INFO - [2026-07-09T13:04:58.453+0000] {dagbag.py:539} INFO - Filling up the DagBag from /opt/airflow/dags/predict_daily.py
[2026-07-09T13:05:02.723+0000] {processor.py:841} WARNING - No viable dags retrieved from /opt/airflow/dags/predict_daily.py
[2026-07-09T13:05:02.745+0000] {processor.py:179} INFO - Processing /opt/airflow/dags/predict_daily.py took 4.305 seconds
[2026-07-09T13:05:33.671+0000] {processor.py:157} INFO - Started process (PID=16232) to work on /opt/airflow/dags/predict_daily.py
[2026-07-09T13:05:33.678+0000] {processor.py:829} INFO - Processing file /opt/airflow/dags/predict_daily.py for tasks to queue
[2026-07-09T13:05:33.680+0000] {logging_mixin.py:151} INFO - [2026-07-09T13:05:33.679+0000] {dagbag.py:539} INFO - Filling up the DagBag from /opt/airflow/dags/predict_daily.py
[2026-07-09T13:05:39.058+0000] {processor.py:841} WARNING - No viable dags retrieved from /opt/airflow/dags/predict_daily.py
[2026-07-09T13:05:39.076+0000] {processor.py:179} INFO - Processing /opt/airflow/dags/predict_daily.py took 5.417 seconds
[2026-07-09T13:06:09.946+0000] {processor.py:157} INFO - Started process (PID=16272) to work on /opt/airflow/dags/predict_daily.py
[2026-07-09T13:06:09.951+0000] {processor.py:829} INFO - Processing file /opt/airflow/dags/predict_daily.py for tasks to queue
[2026-07-09T13:06:09.954+0000] {logging_mixin.py:151} INFO - [2026-07-09T13:06:09.953+0000] {dagbag.py:539} INFO - Filling up the DagBag from /opt/airflow/dags/predict_daily.py
[2026-07-09T13:06:15.481+0000] {processor.py:841} WARNING - No viable dags retrieved from /opt/airflow/dags/predict_daily.py
[2026-07-09T13:06:15.509+0000] {processor.py:179} INFO - Processing /opt/airflow/dags/predict_daily.py took 5.570 seconds
[2026-07-09T13:06:45.948+0000] {processor.py:157} INFO - Started process (PID=16305) to work on /opt/airflow/dags/predict_daily.py
[2026-07-09T13:06:45.950+0000] {processor.py:829} INFO - Processing file /opt/airflow/dags/predict_daily.py for tasks to queue
[2026-07-09T13:06:45.952+0000] {logging_mixin.py:151} INFO - [2026-07-09T13:06:45.951+0000] {dagbag.py:539} INFO - Filling up the DagBag from /opt/airflow/dags/predict_daily.py
[2026-07-09T13:06:49.883+0000] {processor.py:841} WARNING - No viable dags retrieved from /opt/airflow/dags/predict_daily.py
[2026-07-09T13:06:49.896+0000] {processor.py:179} INFO - Processing /opt/airflow/dags/predict_daily.py took 3.955 seconds
[2026-07-09T13:07:20.963+0000] {processor.py:157} INFO - Started process (PID=16338) to work on /opt/airflow/dags/predict_daily.py
[2026-07-09T13:07:20.967+0000] {processor.py:829} INFO - Processing file /opt/airflow/dags/predict_daily.py for tasks to queue
[2026-07-09T13:07:20.971+0000] {logging_mixin.py:151} INFO - [2026-07-09T13:07:20.970+0000] {dagbag.py:539} INFO - Filling up the DagBag from /opt/airflow/dags/predict_daily.py
[2026-07-09T13:07:25.491+0000] {processor.py:841} WARNING - No viable dags retrieved from /opt/airflow/dags/predict_daily.py
[2026-07-09T13:07:25.516+0000] {processor.py:179} INFO - Processing /opt/airflow/dags/predict_daily.py took 4.559 seconds
[2026-07-09T13:07:56.341+0000] {processor.py:157} INFO - Started process (PID=16376) to work on /opt/airflow/dags/predict_daily.py
[2026-07-09T13:07:56.343+0000] {processor.py:829} INFO - Processing file /opt/airflow/dags/predict_daily.py for tasks to queue
[2026-07-09T13:07:56.345+0000] {logging_mixin.py:151} INFO - [2026-07-09T13:07:56.344+0000] {dagbag.py:539} INFO - Filling up the DagBag from /opt/airflow/dags/predict_daily.py
[2026-07-09T13:08:00.696+0000] {processor.py:841} WARNING - No viable dags retrieved from /opt/airflow/dags/predict_daily.py
[2026-07-09T13:08:00.722+0000] {processor.py:179} INFO - Processing /opt/airflow/dags/predict_daily.py took 4.391 seconds
[2026-07-09T13:08:31.774+0000] {processor.py:157} INFO - Started process (PID=16409) to work on /opt/airflow/dags/predict_daily.py
[2026-07-09T13:08:31.776+0000] {processor.py:829} INFO - Processing file /opt/airflow/dags/predict_daily.py for tasks to queue
[2026-07-09T13:08:31.778+0000] {logging_mixin.py:151} INFO - [2026-07-09T13:08:31.777+0000] {dagbag.py:539} INFO - Filling up the DagBag from /opt/airflow/dags/predict_daily.py
[2026-07-09T13:08:35.735+0000] {processor.py:841} WARNING - No viable dags retrieved from /opt/airflow/dags/predict_daily.py
[2026-07-09T13:08:35.752+0000] {processor.py:179} INFO - Processing /opt/airflow/dags/predict_daily.py took 3.984 seconds
[2026-07-09T13:09:06.209+0000] {processor.py:157} INFO - Started process (PID=16449) to work on /opt/airflow/dags/predict_daily.py
[2026-07-09T13:09:06.212+0000] {processor.py:829} INFO - Processing file /opt/airflow/dags/predict_daily.py for tasks to queue
[2026-07-09T13:09:06.214+0000] {logging_mixin.py:151} INFO - [2026-07-09T13:09:06.213+0000] {dagbag.py:539} INFO - Filling up the DagBag from /opt/airflow/dags/predict_daily.py
[2026-07-09T13:09:10.244+0000] {processor.py:841} WARNING - No viable dags retrieved from /opt/airflow/dags/predict_daily.py
[2026-07-09T13:09:10.265+0000] {processor.py:179} INFO - Processing /opt/airflow/dags/predict_daily.py took 4.063 seconds
[2026-07-09T13:09:40.740+0000] {processor.py:157} INFO - Started process (PID=16482) to work on /opt/airflow/dags/predict_daily.py
[2026-07-09T13:09:40.743+0000] {processor.py:829} INFO - Processing file /opt/airflow/dags/predict_daily.py for tasks to queue
[2026-07-09T13:09:40.745+0000] {logging_mixin.py:151} INFO - [2026-07-09T13:09:40.744+0000] {dagbag.py:539} INFO - Filling up the DagBag from /opt/airflow/dags/predict_daily.py
[2026-07-09T13:09:44.774+0000] {processor.py:841} WARNING - No viable dags retrieved from /opt/airflow/dags/predict_daily.py
[2026-07-09T13:09:44.794+0000] {processor.py:179} INFO - Processing /opt/airflow/dags/predict_daily.py took 4.061 seconds
[2026-07-09T13:10:15.469+0000] {processor.py:157} INFO - Started process (PID=16517) to work on /opt/airflow/dags/predict_daily.py
[2026-07-09T13:10:15.470+0000] {processor.py:829} INFO - Processing file /opt/airflow/dags/predict_daily.py for tasks to queue
[2026-07-09T13:10:15.472+0000] {logging_mixin.py:151} INFO - [2026-07-09T13:10:15.471+0000] {dagbag.py:539} INFO - Filling up the DagBag from /opt/airflow/dags/predict_daily.py
[2026-07-09T13:10:18.995+0000] {processor.py:841} WARNING - No viable dags retrieved from /opt/airflow/dags/predict_daily.py
[2026-07-09T13:10:19.017+0000] {processor.py:179} INFO - Processing /opt/airflow/dags/predict_daily.py took 3.552 seconds
[2026-07-09T13:10:49.555+0000] {processor.py:157} INFO - Started process (PID=16550) to work on /opt/airflow/dags/predict_daily.py
[2026-07-09T13:10:49.557+0000] {processor.py:829} INFO - Processing file /opt/airflow/dags/predict_daily.py for tasks to queue
[2026-07-09T13:10:49.558+0000] {logging_mixin.py:151} INFO - [2026-07-09T13:10:49.557+0000] {dagbag.py:539} INFO - Filling up the DagBag from /opt/airflow/dags/predict_daily.py
[2026-07-09T13:10:53.337+0000] {processor.py:841} WARNING - No viable dags retrieved from /opt/airflow/dags/predict_daily.py
[2026-07-09T13:10:53.361+0000] {processor.py:179} INFO - Processing /opt/airflow/dags/predict_daily.py took 3.809 seconds
[2026-07-09T13:11:23.732+0000] {processor.py:157} INFO - Started process (PID=16583) to work on /opt/airflow/dags/predict_daily.py
[2026-07-09T13:11:23.734+0000] {processor.py:829} INFO - Processing file /opt/airflow/dags/predict_daily.py for tasks to queue
[2026-07-09T13:11:23.736+0000] {logging_mixin.py:151} INFO - [2026-07-09T13:11:23.736+0000] {dagbag.py:539} INFO - Filling up the DagBag from /opt/airflow/dags/predict_daily.py
[2026-07-09T13:11:27.541+0000] {processor.py:841} WARNING - No viable dags retrieved from /opt/airflow/dags/predict_daily.py
[2026-07-09T13:11:27.559+0000] {processor.py:179} INFO - Processing /opt/airflow/dags/predict_daily.py took 3.835 seconds
[2026-07-09T13:11:58.019+0000] {processor.py:157} INFO - Started process (PID=16621) to work on /opt/airflow/dags/predict_daily.py
[2026-07-09T13:11:58.021+0000] {processor.py:829} INFO - Processing file /opt/airflow/dags/predict_daily.py for tasks to queue
[2026-07-09T13:11:58.023+0000] {logging_mixin.py:151} INFO - [2026-07-09T13:11:58.022+0000] {dagbag.py:539} INFO - Filling up the DagBag from /opt/airflow/dags/predict_daily.py
[2026-07-09T13:12:01.569+0000] {processor.py:841} WARNING - No viable dags retrieved from /opt/airflow/dags/predict_daily.py
[2026-07-09T13:12:01.589+0000] {processor.py:179} INFO - Processing /opt/airflow/dags/predict_daily.py took 3.577 seconds
[2026-07-09T13:12:32.525+0000] {processor.py:157} INFO - Started process (PID=16654) to work on /opt/airflow/dags/predict_daily.py
[2026-07-09T13:12:32.527+0000] {processor.py:829} INFO - Processing file /opt/airflow/dags/predict_daily.py for tasks to queue
[2026-07-09T13:12:32.529+0000] {logging_mixin.py:151} INFO - [2026-07-09T13:12:32.528+0000] {dagbag.py:539} INFO - Filling up the DagBag from /opt/airflow/dags/predict_daily.py
[2026-07-09T13:12:36.472+0000] {processor.py:841} WARNING - No viable dags retrieved from /opt/airflow/dags/predict_daily.py
[2026-07-09T13:12:36.490+0000] {processor.py:179} INFO - Processing /opt/airflow/dags/predict_daily.py took 3.973 seconds
[2026-07-09T13:13:06.944+0000] {processor.py:157} INFO - Started process (PID=16694) to work on /opt/airflow/dags/predict_daily.py
[2026-07-09T13:13:06.947+0000] {processor.py:829} INFO - Processing file /opt/airflow/dags/predict_daily.py for tasks to queue
[2026-07-09T13:13:06.951+0000] {logging_mixin.py:151} INFO - [2026-07-09T13:13:06.949+0000] {dagbag.py:539} INFO - Filling up the DagBag from /opt/airflow/dags/predict_daily.py
[2026-07-09T13:13:11.470+0000] {processor.py:841} WARNING - No viable dags retrieved from /opt/airflow/dags/predict_daily.py
[2026-07-09T13:13:11.484+0000] {processor.py:179} INFO - Processing /opt/airflow/dags/predict_daily.py took 4.547 seconds
[2026-07-09T13:13:42.438+0000] {processor.py:157} INFO - Started process (PID=16727) to work on /opt/airflow/dags/predict_daily.py
[2026-07-09T13:13:42.440+0000] {processor.py:829} INFO - Processing file /opt/airflow/dags/predict_daily.py for tasks to queue
[2026-07-09T13:13:42.442+0000] {logging_mixin.py:151} INFO - [2026-07-09T13:13:42.441+0000] {dagbag.py:539} INFO - Filling up the DagBag from /opt/airflow/dags/predict_daily.py
[2026-07-09T13:13:46.493+0000] {processor.py:841} WARNING - No viable dags retrieved from /opt/airflow/dags/predict_daily.py
[2026-07-09T13:13:46.514+0000] {processor.py:179} INFO - Processing /opt/airflow/dags/predict_daily.py took 4.080 seconds
[2026-07-09T13:14:17.016+0000] {processor.py:157} INFO - Started process (PID=16760) to work on /opt/airflow/dags/predict_daily.py
[2026-07-09T13:14:17.019+0000] {processor.py:829} INFO - Processing file /opt/airflow/dags/predict_daily.py for tasks to queue
[2026-07-09T13:14:17.020+0000] {logging_mixin.py:151} INFO - [2026-07-09T13:14:17.020+0000] {dagbag.py:539} INFO - Filling up the DagBag from /opt/airflow/dags/predict_daily.py
[2026-07-09T13:14:20.625+0000] {processor.py:841} WARNING - No viable dags retrieved from /opt/airflow/dags/predict_daily.py
[2026-07-09T13:14:20.643+0000] {processor.py:179} INFO - Processing /opt/airflow/dags/predict_daily.py took 3.633 seconds
[2026-07-09T13:14:50.838+0000] {processor.py:157} INFO - Started process (PID=16793) to work on /opt/airflow/dags/predict_daily.py
[2026-07-09T13:14:50.840+0000] {processor.py:829} INFO - Processing file /opt/airflow/dags/predict_daily.py for tasks to queue
[2026-07-09T13:14:50.843+0000] {logging_mixin.py:151} INFO - [2026-07-09T13:14:50.842+0000] {dagbag.py:539} INFO - Filling up the DagBag from /opt/airflow/dags/predict_daily.py
[2026-07-09T13:14:56.050+0000] {processor.py:841} WARNING - No viable dags retrieved from /opt/airflow/dags/predict_daily.py
[2026-07-09T13:14:56.071+0000] {processor.py:179} INFO - Processing /opt/airflow/dags/predict_daily.py took 5.244 seconds
[2026-07-09T13:15:26.416+0000] {processor.py:157} INFO - Started process (PID=16826) to work on /opt/airflow/dags/predict_daily.py
[2026-07-09T13:15:26.418+0000] {processor.py:829} INFO - Processing file /opt/airflow/dags/predict_daily.py for tasks to queue
[2026-07-09T13:15:26.420+0000] {logging_mixin.py:151} INFO - [2026-07-09T13:15:26.419+0000] {dagbag.py:539} INFO - Filling up the DagBag from /opt/airflow/dags/predict_daily.py
[2026-07-09T13:15:30.276+0000] {processor.py:841} WARNING - No viable dags retrieved from /opt/airflow/dags/predict_daily.py
[2026-07-09T13:15:30.297+0000] {processor.py:179} INFO - Processing /opt/airflow/dags/predict_daily.py took 3.890 seconds
[2026-07-09T13:16:01.069+0000] {processor.py:157} INFO - Started process (PID=16864) to work on /opt/airflow/dags/predict_daily.py
[2026-07-09T13:16:01.072+0000] {processor.py:829} INFO - Processing file /opt/airflow/dags/predict_daily.py for tasks to queue
[2026-07-09T13:16:01.074+0000] {logging_mixin.py:151} INFO - [2026-07-09T13:16:01.073+0000] {dagbag.py:539} INFO - Filling up the DagBag from /opt/airflow/dags/predict_daily.py
[2026-07-09T13:16:07.089+0000] {processor.py:841} WARNING - No viable dags retrieved from /opt/airflow/dags/predict_daily.py
[2026-07-09T13:16:07.116+0000] {processor.py:179} INFO - Processing /opt/airflow/dags/predict_daily.py took 6.067 seconds
[2026-07-09T13:16:37.701+0000] {processor.py:157} INFO - Started process (PID=16904) to work on /opt/airflow/dags/predict_daily.py
[2026-07-09T13:16:37.704+0000] {processor.py:829} INFO - Processing file /opt/airflow/dags/predict_daily.py for tasks to queue
[2026-07-09T13:16:37.707+0000] {logging_mixin.py:151} INFO - [2026-07-09T13:16:37.706+0000] {dagbag.py:539} INFO - Filling up the DagBag from /opt/airflow/dags/predict_daily.py
[2026-07-09T13:16:41.886+0000] {processor.py:841} WARNING - No viable dags retrieved from /opt/airflow/dags/predict_daily.py
[2026-07-09T13:16:41.902+0000] {processor.py:179} INFO - Processing /opt/airflow/dags/predict_daily.py took 4.209 seconds
[2026-07-09T13:17:12.170+0000] {processor.py:157} INFO - Started process (PID=16937) to work on /opt/airflow/dags/predict_daily.py
[2026-07-09T13:17:12.171+0000] {processor.py:829} INFO - Processing file /opt/airflow/dags/predict_daily.py for tasks to queue
[2026-07-09T13:17:12.173+0000] {logging_mixin.py:151} INFO - [2026-07-09T13:17:12.172+0000] {dagbag.py:539} INFO - Filling up the DagBag from /opt/airflow/dags/predict_daily.py
[2026-07-09T13:17:16.581+0000] {processor.py:841} WARNING - No viable dags retrieved from /opt/airflow/dags/predict_daily.py
[2026-07-09T13:17:16.593+0000] {processor.py:179} INFO - Processing /opt/airflow/dags/predict_daily.py took 4.429 seconds
[2026-07-09T13:17:46.834+0000] {processor.py:157} INFO - Started process (PID=16970) to work on /opt/airflow/dags/predict_daily.py
[2026-07-09T13:17:46.836+0000] {processor.py:829} INFO - Processing file /opt/airflow/dags/predict_daily.py for tasks to queue
[2026-07-09T13:17:46.838+0000] {logging_mixin.py:151} INFO - [2026-07-09T13:17:46.837+0000] {dagbag.py:539} INFO - Filling up the DagBag from /opt/airflow/dags/predict_daily.py
[2026-07-09T13:17:50.810+0000] {processor.py:841} WARNING - No viable dags retrieved from /opt/airflow/dags/predict_daily.py
[2026-07-09T13:17:50.844+0000] {processor.py:179} INFO - Processing /opt/airflow/dags/predict_daily.py took 4.016 seconds
[2026-07-09T13:18:21.148+0000] {processor.py:157} INFO - Started process (PID=17003) to work on /opt/airflow/dags/predict_daily.py
[2026-07-09T13:18:21.151+0000] {processor.py:829} INFO - Processing file /opt/airflow/dags/predict_daily.py for tasks to queue
[2026-07-09T13:18:21.153+0000] {logging_mixin.py:151} INFO - [2026-07-09T13:18:21.152+0000] {dagbag.py:539} INFO - Filling up the DagBag from /opt/airflow/dags/predict_daily.py
[2026-07-09T13:18:26.212+0000] {processor.py:841} WARNING - No viable dags retrieved from /opt/airflow/dags/predict_daily.py
[2026-07-09T13:18:26.240+0000] {processor.py:179} INFO - Processing /opt/airflow/dags/predict_daily.py took 5.110 seconds
[2026-07-09T13:18:56.646+0000] {processor.py:157} INFO - Started process (PID=17036) to work on /opt/airflow/dags/predict_daily.py
[2026-07-09T13:18:56.648+0000] {processor.py:829} INFO - Processing file /opt/airflow/dags/predict_daily.py for tasks to queue
[2026-07-09T13:18:56.650+0000] {logging_mixin.py:151} INFO - [2026-07-09T13:18:56.650+0000] {dagbag.py:539} INFO - Filling up the DagBag from /opt/airflow/dags/predict_daily.py
[2026-07-09T13:19:00.338+0000] {processor.py:841} WARNING - No viable dags retrieved from /opt/airflow/dags/predict_daily.py
[2026-07-09T13:19:00.359+0000] {processor.py:179} INFO - Processing /opt/airflow/dags/predict_daily.py took 3.721 seconds
[2026-07-09T13:19:31.061+0000] {processor.py:157} INFO - Started process (PID=17069) to work on /opt/airflow/dags/predict_daily.py
[2026-07-09T13:19:31.063+0000] {processor.py:829} INFO - Processing file /opt/airflow/dags/predict_daily.py for tasks to queue
[2026-07-09T13:19:31.064+0000] {logging_mixin.py:151} INFO - [2026-07-09T13:19:31.064+0000] {dagbag.py:539} INFO - Filling up the DagBag from /opt/airflow/dags/predict_daily.py
[2026-07-09T13:19:34.967+0000] {processor.py:841} WARNING - No viable dags retrieved from /opt/airflow/dags/predict_daily.py
[2026-07-09T13:19:34.988+0000] {processor.py:179} INFO - Processing /opt/airflow/dags/predict_daily.py took 3.931 seconds
[2026-07-09T13:20:05.668+0000] {processor.py:157} INFO - Started process (PID=17107) to work on /opt/airflow/dags/predict_daily.py
[2026-07-09T13:20:05.671+0000] {processor.py:829} INFO - Processing file /opt/airflow/dags/predict_daily.py for tasks to queue
[2026-07-09T13:20:05.673+0000] {logging_mixin.py:151} INFO - [2026-07-09T13:20:05.672+0000] {dagbag.py:539} INFO - Filling up the DagBag from /opt/airflow/dags/predict_daily.py
[2026-07-09T13:20:09.640+0000] {processor.py:841} WARNING - No viable dags retrieved from /opt/airflow/dags/predict_daily.py
[2026-07-09T13:20:09.661+0000] {processor.py:179} INFO - Processing /opt/airflow/dags/predict_daily.py took 4.002 seconds
[2026-07-09T13:20:40.034+0000] {processor.py:157} INFO - Started process (PID=17147) to work on /opt/airflow/dags/predict_daily.py
[2026-07-09T13:20:40.036+0000] {processor.py:829} INFO - Processing file /opt/airflow/dags/predict_daily.py for tasks to queue
[2026-07-09T13:20:40.037+0000] {logging_mixin.py:151} INFO - [2026-07-09T13:20:40.037+0000] {dagbag.py:539} INFO - Filling up the DagBag from /opt/airflow/dags/predict_daily.py
[2026-07-09T13:20:43.764+0000] {processor.py:841} WARNING - No viable dags retrieved from /opt/airflow/dags/predict_daily.py
[2026-07-09T13:20:43.801+0000] {processor.py:179} INFO - Processing /opt/airflow/dags/predict_daily.py took 3.773 seconds
[2026-07-09T13:21:14.643+0000] {processor.py:157} INFO - Started process (PID=17180) to work on /opt/airflow/dags/predict_daily.py
[2026-07-09T13:21:14.645+0000] {processor.py:829} INFO - Processing file /opt/airflow/dags/predict_daily.py for tasks to queue
[2026-07-09T13:21:14.647+0000] {logging_mixin.py:151} INFO - [2026-07-09T13:21:14.646+0000] {dagbag.py:539} INFO - Filling up the DagBag from /opt/airflow/dags/predict_daily.py
[2026-07-09T13:21:18.676+0000] {processor.py:841} WARNING - No viable dags retrieved from /opt/airflow/dags/predict_daily.py
[2026-07-09T13:21:18.688+0000] {processor.py:179} INFO - Processing /opt/airflow/dags/predict_daily.py took 4.051 seconds
[2026-07-09T13:21:49.162+0000] {processor.py:157} INFO - Started process (PID=17213) to work on /opt/airflow/dags/predict_daily.py
[2026-07-09T13:21:49.165+0000] {processor.py:829} INFO - Processing file /opt/airflow/dags/predict_daily.py for tasks to queue
[2026-07-09T13:21:49.167+0000] {logging_mixin.py:151} INFO - [2026-07-09T13:21:49.166+0000] {dagbag.py:539} INFO - Filling up the DagBag from /opt/airflow/dags/predict_daily.py
[2026-07-09T13:21:52.980+0000] {processor.py:841} WARNING - No viable dags retrieved from /opt/airflow/dags/predict_daily.py
[2026-07-09T13:21:53.012+0000] {processor.py:179} INFO - Processing /opt/airflow/dags/predict_daily.py took 3.857 seconds
[2026-07-09T13:22:23.556+0000] {processor.py:157} INFO - Started process (PID=17246) to work on /opt/airflow/dags/predict_daily.py
[2026-07-09T13:22:23.558+0000] {processor.py:829} INFO - Processing file /opt/airflow/dags/predict_daily.py for tasks to queue
[2026-07-09T13:22:23.559+0000] {logging_mixin.py:151} INFO - [2026-07-09T13:22:23.559+0000] {dagbag.py:539} INFO - Filling up the DagBag from /opt/airflow/dags/predict_daily.py
[2026-07-09T13:22:27.421+0000] {processor.py:841} WARNING - No viable dags retrieved from /opt/airflow/dags/predict_daily.py
[2026-07-09T13:22:27.441+0000] {processor.py:179} INFO - Processing /opt/airflow/dags/predict_daily.py took 3.893 seconds
[2026-07-09T13:22:57.962+0000] {processor.py:157} INFO - Started process (PID=17279) to work on /opt/airflow/dags/predict_daily.py
[2026-07-09T13:22:57.964+0000] {processor.py:829} INFO - Processing file /opt/airflow/dags/predict_daily.py for tasks to queue
[2026-07-09T13:22:57.967+0000] {logging_mixin.py:151} INFO - [2026-07-09T13:22:57.966+0000] {dagbag.py:539} INFO - Filling up the DagBag from /opt/airflow/dags/predict_daily.py
[2026-07-09T13:23:01.854+0000] {processor.py:841} WARNING - No viable dags retrieved from /opt/airflow/dags/predict_daily.py
[2026-07-09T13:23:01.868+0000] {processor.py:179} INFO - Processing /opt/airflow/dags/predict_daily.py took 3.917 seconds
[2026-07-09T13:23:32.410+0000] {processor.py:157} INFO - Started process (PID=17312) to work on /opt/airflow/dags/predict_daily.py
[2026-07-09T13:23:32.413+0000] {processor.py:829} INFO - Processing file /opt/airflow/dags/predict_daily.py for tasks to queue
[2026-07-09T13:23:32.415+0000] {logging_mixin.py:151} INFO - [2026-07-09T13:23:32.414+0000] {dagbag.py:539} INFO - Filling up the DagBag from /opt/airflow/dags/predict_daily.py
[2026-07-09T13:23:36.117+0000] {processor.py:841} WARNING - No viable dags retrieved from /opt/airflow/dags/predict_daily.py
[2026-07-09T13:23:36.137+0000] {processor.py:179} INFO - Processing /opt/airflow/dags/predict_daily.py took 3.733 seconds
[2026-07-09T13:24:06.570+0000] {processor.py:157} INFO - Started process (PID=17344) to work on /opt/airflow/dags/predict_daily.py
[2026-07-09T13:24:06.575+0000] {processor.py:829} INFO - Processing file /opt/airflow/dags/predict_daily.py for tasks to queue
[2026-07-09T13:24:06.578+0000] {logging_mixin.py:151} INFO - [2026-07-09T13:24:06.577+0000] {dagbag.py:539} INFO - Filling up the DagBag from /opt/airflow/dags/predict_daily.py
[2026-07-09T13:24:10.059+0000] {processor.py:841} WARNING - No viable dags retrieved from /opt/airflow/dags/predict_daily.py
[2026-07-09T13:24:10.076+0000] {processor.py:179} INFO - Processing /opt/airflow/dags/predict_daily.py took 3.512 seconds
[2026-07-09T13:24:40.936+0000] {processor.py:157} INFO - Started process (PID=17389) to work on /opt/airflow/dags/predict_daily.py
[2026-07-09T13:24:40.938+0000] {processor.py:829} INFO - Processing file /opt/airflow/dags/predict_daily.py for tasks to queue
[2026-07-09T13:24:40.940+0000] {logging_mixin.py:151} INFO - [2026-07-09T13:24:40.939+0000] {dagbag.py:539} INFO - Filling up the DagBag from /opt/airflow/dags/predict_daily.py
[2026-07-09T13:24:44.776+0000] {processor.py:841} WARNING - No viable dags retrieved from /opt/airflow/dags/predict_daily.py
[2026-07-09T13:24:44.798+0000] {processor.py:179} INFO - Processing /opt/airflow/dags/predict_daily.py took 3.870 seconds
[2026-07-09T13:25:15.563+0000] {processor.py:157} INFO - Started process (PID=17423) to work on /opt/airflow/dags/predict_daily.py
[2026-07-09T13:25:15.565+0000] {processor.py:829} INFO - Processing file /opt/airflow/dags/predict_daily.py for tasks to queue
[2026-07-09T13:25:15.566+0000] {logging_mixin.py:151} INFO - [2026-07-09T13:25:15.566+0000] {dagbag.py:539} INFO - Filling up the DagBag from /opt/airflow/dags/predict_daily.py
[2026-07-09T13:25:20.137+0000] {processor.py:841} WARNING - No viable dags retrieved from /opt/airflow/dags/predict_daily.py
[2026-07-09T13:25:20.151+0000] {processor.py:179} INFO - Processing /opt/airflow/dags/predict_daily.py took 4.595 seconds
[2026-07-09T13:25:50.562+0000] {processor.py:157} INFO - Started process (PID=17456) to work on /opt/airflow/dags/predict_daily.py
[2026-07-09T13:25:50.563+0000] {processor.py:829} INFO - Processing file /opt/airflow/dags/predict_daily.py for tasks to queue
[2026-07-09T13:25:50.564+0000] {logging_mixin.py:151} INFO - [2026-07-09T13:25:50.564+0000] {dagbag.py:539} INFO - Filling up the DagBag from /opt/airflow/dags/predict_daily.py
[2026-07-09T13:25:54.570+0000] {processor.py:841} WARNING - No viable dags retrieved from /opt/airflow/dags/predict_daily.py
[2026-07-09T13:25:54.591+0000] {processor.py:179} INFO - Processing /opt/airflow/dags/predict_daily.py took 4.034 seconds
[2026-07-09T13:26:25.161+0000] {processor.py:157} INFO - Started process (PID=17489) to work on /opt/airflow/dags/predict_daily.py
[2026-07-09T13:26:25.163+0000] {processor.py:829} INFO - Processing file /opt/airflow/dags/predict_daily.py for tasks to queue
[2026-07-09T13:26:25.166+0000] {logging_mixin.py:151} INFO - [2026-07-09T13:26:25.165+0000] {dagbag.py:539} INFO - Filling up the DagBag from /opt/airflow/dags/predict_daily.py
[2026-07-09T13:26:28.619+0000] {processor.py:841} WARNING - No viable dags retrieved from /opt/airflow/dags/predict_daily.py
[2026-07-09T13:26:28.643+0000] {processor.py:179} INFO - Processing /opt/airflow/dags/predict_daily.py took 3.488 seconds
[2026-07-09T13:26:59.445+0000] {processor.py:157} INFO - Started process (PID=17522) to work on /opt/airflow/dags/predict_daily.py
[2026-07-09T13:26:59.447+0000] {processor.py:829} INFO - Processing file /opt/airflow/dags/predict_daily.py for tasks to queue
[2026-07-09T13:26:59.450+0000] {logging_mixin.py:151} INFO - [2026-07-09T13:26:59.449+0000] {dagbag.py:539} INFO - Filling up the DagBag from /opt/airflow/dags/predict_daily.py
[2026-07-09T13:27:03.251+0000] {processor.py:841} WARNING - No viable dags retrieved from /opt/airflow/dags/predict_daily.py
[2026-07-09T13:27:03.270+0000] {processor.py:179} INFO - Processing /opt/airflow/dags/predict_daily.py took 3.832 seconds
[2026-07-09T13:27:33.810+0000] {processor.py:157} INFO - Started process (PID=17555) to work on /opt/airflow/dags/predict_daily.py
[2026-07-09T13:27:33.812+0000] {processor.py:829} INFO - Processing file /opt/airflow/dags/predict_daily.py for tasks to queue
[2026-07-09T13:27:33.814+0000] {logging_mixin.py:151} INFO - [2026-07-09T13:27:33.814+0000] {dagbag.py:539} INFO - Filling up the DagBag from /opt/airflow/dags/predict_daily.py
[2026-07-09T13:27:37.938+0000] {processor.py:841} WARNING - No viable dags retrieved from /opt/airflow/dags/predict_daily.py
[2026-07-09T13:27:37.953+0000] {processor.py:179} INFO - Processing /opt/airflow/dags/predict_daily.py took 4.150 seconds
[2026-07-09T13:28:08.289+0000] {processor.py:157} INFO - Started process (PID=17589) to work on /opt/airflow/dags/predict_daily.py
[2026-07-09T13:28:08.291+0000] {processor.py:829} INFO - Processing file /opt/airflow/dags/predict_daily.py for tasks to queue
[2026-07-09T13:28:08.292+0000] {logging_mixin.py:151} INFO - [2026-07-09T13:28:08.292+0000] {dagbag.py:539} INFO - Filling up the DagBag from /opt/airflow/dags/predict_daily.py
[2026-07-09T13:28:12.233+0000] {processor.py:841} WARNING - No viable dags retrieved from /opt/airflow/dags/predict_daily.py
[2026-07-09T13:28:12.254+0000] {processor.py:179} INFO - Processing /opt/airflow/dags/predict_daily.py took 3.969 seconds
[2026-07-09T13:28:42.807+0000] {processor.py:157} INFO - Started process (PID=17634) to work on /opt/airflow/dags/predict_daily.py
[2026-07-09T13:28:42.809+0000] {processor.py:829} INFO - Processing file /opt/airflow/dags/predict_daily.py for tasks to queue
[2026-07-09T13:28:42.813+0000] {logging_mixin.py:151} INFO - [2026-07-09T13:28:42.811+0000] {dagbag.py:539} INFO - Filling up the DagBag from /opt/airflow/dags/predict_daily.py
[2026-07-09T13:28:46.891+0000] {processor.py:841} WARNING - No viable dags retrieved from /opt/airflow/dags/predict_daily.py
[2026-07-09T13:28:46.912+0000] {processor.py:179} INFO - Processing /opt/airflow/dags/predict_daily.py took 4.112 seconds
[2026-07-09T13:29:17.244+0000] {processor.py:157} INFO - Started process (PID=17667) to work on /opt/airflow/dags/predict_daily.py
[2026-07-09T13:29:17.246+0000] {processor.py:829} INFO - Processing file /opt/airflow/dags/predict_daily.py for tasks to queue
[2026-07-09T13:29:17.248+0000] {logging_mixin.py:151} INFO - [2026-07-09T13:29:17.247+0000] {dagbag.py:539} INFO - Filling up the DagBag from /opt/airflow/dags/predict_daily.py
[2026-07-09T13:29:20.743+0000] {processor.py:841} WARNING - No viable dags retrieved from /opt/airflow/dags/predict_daily.py
[2026-07-09T13:29:20.762+0000] {processor.py:179} INFO - Processing /opt/airflow/dags/predict_daily.py took 3.526 seconds
[2026-07-09T13:29:51.372+0000] {processor.py:157} INFO - Started process (PID=17700) to work on /opt/airflow/dags/predict_daily.py
[2026-07-09T13:29:51.375+0000] {processor.py:829} INFO - Processing file /opt/airflow/dags/predict_daily.py for tasks to queue
[2026-07-09T13:29:51.383+0000] {logging_mixin.py:151} INFO - [2026-07-09T13:29:51.382+0000] {dagbag.py:539} INFO - Filling up the DagBag from /opt/airflow/dags/predict_daily.py
[2026-07-09T13:29:56.384+0000] {processor.py:841} WARNING - No viable dags retrieved from /opt/airflow/dags/predict_daily.py
[2026-07-09T13:29:56.544+0000] {processor.py:179} INFO - Processing /opt/airflow/dags/predict_daily.py took 5.178 seconds
[2026-07-09T13:30:27.519+0000] {processor.py:157} INFO - Started process (PID=17733) to work on /opt/airflow/dags/predict_daily.py
[2026-07-09T13:30:27.521+0000] {processor.py:829} INFO - Processing file /opt/airflow/dags/predict_daily.py for tasks to queue
[2026-07-09T13:30:27.522+0000] {logging_mixin.py:151} INFO - [2026-07-09T13:30:27.522+0000] {dagbag.py:539} INFO - Filling up the DagBag from /opt/airflow/dags/predict_daily.py
[2026-07-09T13:30:32.677+0000] {processor.py:841} WARNING - No viable dags retrieved from /opt/airflow/dags/predict_daily.py
[2026-07-09T13:30:32.825+0000] {processor.py:179} INFO - Processing /opt/airflow/dags/predict_daily.py took 5.314 seconds
[2026-07-09T13:31:03.723+0000] {processor.py:157} INFO - Started process (PID=17767) to work on /opt/airflow/dags/predict_daily.py
[2026-07-09T13:31:03.727+0000] {processor.py:829} INFO - Processing file /opt/airflow/dags/predict_daily.py for tasks to queue
[2026-07-09T13:31:03.730+0000] {logging_mixin.py:151} INFO - [2026-07-09T13:31:03.729+0000] {dagbag.py:539} INFO - Filling up the DagBag from /opt/airflow/dags/predict_daily.py
[2026-07-09T13:31:08.330+0000] {processor.py:841} WARNING - No viable dags retrieved from /opt/airflow/dags/predict_daily.py
[2026-07-09T13:31:08.360+0000] {processor.py:179} INFO - Processing /opt/airflow/dags/predict_daily.py took 4.645 seconds
[2026-07-09T13:31:39.113+0000] {processor.py:157} INFO - Started process (PID=17800) to work on /opt/airflow/dags/predict_daily.py
[2026-07-09T13:31:39.118+0000] {processor.py:829} INFO - Processing file /opt/airflow/dags/predict_daily.py for tasks to queue
[2026-07-09T13:31:39.121+0000] {logging_mixin.py:151} INFO - [2026-07-09T13:31:39.120+0000] {dagbag.py:539} INFO - Filling up the DagBag from /opt/airflow/dags/predict_daily.py
[2026-07-09T13:31:43.214+0000] {processor.py:841} WARNING - No viable dags retrieved from /opt/airflow/dags/predict_daily.py
[2026-07-09T13:31:43.231+0000] {processor.py:179} INFO - Processing /opt/airflow/dags/predict_daily.py took 4.125 seconds
[2026-07-09T13:32:13.635+0000] {processor.py:157} INFO - Started process (PID=17840) to work on /opt/airflow/dags/predict_daily.py
[2026-07-09T13:32:13.641+0000] {processor.py:829} INFO - Processing file /opt/airflow/dags/predict_daily.py for tasks to queue
[2026-07-09T13:32:13.644+0000] {logging_mixin.py:151} INFO - [2026-07-09T13:32:13.643+0000] {dagbag.py:539} INFO - Filling up the DagBag from /opt/airflow/dags/predict_daily.py
[2026-07-09T13:32:17.881+0000] {processor.py:841} WARNING - No viable dags retrieved from /opt/airflow/dags/predict_daily.py
[2026-07-09T13:32:17.907+0000] {processor.py:179} INFO - Processing /opt/airflow/dags/predict_daily.py took 4.287 seconds
[2026-07-09T13:32:48.394+0000] {processor.py:157} INFO - Started process (PID=17878) to work on /opt/airflow/dags/predict_daily.py
[2026-07-09T13:32:48.396+0000] {processor.py:829} INFO - Processing file /opt/airflow/dags/predict_daily.py for tasks to queue
[2026-07-09T13:32:48.397+0000] {logging_mixin.py:151} INFO - [2026-07-09T13:32:48.396+0000] {dagbag.py:539} INFO - Filling up the DagBag from /opt/airflow/dags/predict_daily.py
[2026-07-09T13:32:52.399+0000] {processor.py:841} WARNING - No viable dags retrieved from /opt/airflow/dags/predict_daily.py
[2026-07-09T13:32:52.424+0000] {processor.py:179} INFO - Processing /opt/airflow/dags/predict_daily.py took 4.036 seconds
[2026-07-09T13:33:22.995+0000] {processor.py:157} INFO - Started process (PID=17911) to work on /opt/airflow/dags/predict_daily.py
[2026-07-09T13:33:22.997+0000] {processor.py:829} INFO - Processing file /opt/airflow/dags/predict_daily.py for tasks to queue
[2026-07-09T13:33:22.999+0000] {logging_mixin.py:151} INFO - [2026-07-09T13:33:22.998+0000] {dagbag.py:539} INFO - Filling up the DagBag from /opt/airflow/dags/predict_daily.py
[2026-07-09T13:33:28.773+0000] {processor.py:841} WARNING - No viable dags retrieved from /opt/airflow/dags/predict_daily.py
[2026-07-09T13:33:28.799+0000] {processor.py:179} INFO - Processing /opt/airflow/dags/predict_daily.py took 5.815 seconds
[2026-07-09T13:33:59.213+0000] {processor.py:157} INFO - Started process (PID=17944) to work on /opt/airflow/dags/predict_daily.py
[2026-07-09T13:33:59.216+0000] {processor.py:829} INFO - Processing file /opt/airflow/dags/predict_daily.py for tasks to queue
[2026-07-09T13:33:59.218+0000] {logging_mixin.py:151} INFO - [2026-07-09T13:33:59.217+0000] {dagbag.py:539} INFO - Filling up the DagBag from /opt/airflow/dags/predict_daily.py
[2026-07-09T13:34:03.418+0000] {processor.py:841} WARNING - No viable dags retrieved from /opt/airflow/dags/predict_daily.py
[2026-07-09T13:34:03.440+0000] {processor.py:179} INFO - Processing /opt/airflow/dags/predict_daily.py took 4.235 seconds
[2026-07-09T13:34:34.080+0000] {processor.py:157} INFO - Started process (PID=17977) to work on /opt/airflow/dags/predict_daily.py
[2026-07-09T13:34:34.082+0000] {processor.py:829} INFO - Processing file /opt/airflow/dags/predict_daily.py for tasks to queue
[2026-07-09T13:34:34.083+0000] {logging_mixin.py:151} INFO - [2026-07-09T13:34:34.082+0000] {dagbag.py:539} INFO - Filling up the DagBag from /opt/airflow/dags/predict_daily.py
[2026-07-09T13:34:37.903+0000] {processor.py:841} WARNING - No viable dags retrieved from /opt/airflow/dags/predict_daily.py
[2026-07-09T13:34:37.924+0000] {processor.py:179} INFO - Processing /opt/airflow/dags/predict_daily.py took 3.849 seconds
[2026-07-09T13:35:08.299+0000] {processor.py:157} INFO - Started process (PID=18010) to work on /opt/airflow/dags/predict_daily.py
[2026-07-09T13:35:08.303+0000] {processor.py:829} INFO - Processing file /opt/airflow/dags/predict_daily.py for tasks to queue
[2026-07-09T13:35:08.305+0000] {logging_mixin.py:151} INFO - [2026-07-09T13:35:08.304+0000] {dagbag.py:539} INFO - Filling up the DagBag from /opt/airflow/dags/predict_daily.py
[2026-07-09T13:35:12.234+0000] {processor.py:841} WARNING - No viable dags retrieved from /opt/airflow/dags/predict_daily.py
[2026-07-09T13:35:12.247+0000] {processor.py:179} INFO - Processing /opt/airflow/dags/predict_daily.py took 3.955 seconds
[2026-07-09T13:35:42.456+0000] {processor.py:157} INFO - Started process (PID=18049) to work on /opt/airflow/dags/predict_daily.py
[2026-07-09T13:35:42.458+0000] {processor.py:829} INFO - Processing file /opt/airflow/dags/predict_daily.py for tasks to queue
[2026-07-09T13:35:42.460+0000] {logging_mixin.py:151} INFO - [2026-07-09T13:35:42.459+0000] {dagbag.py:539} INFO - Filling up the DagBag from /opt/airflow/dags/predict_daily.py
[2026-07-09T13:35:46.543+0000] {processor.py:841} WARNING - No viable dags retrieved from /opt/airflow/dags/predict_daily.py
[2026-07-09T13:35:46.563+0000] {processor.py:179} INFO - Processing /opt/airflow/dags/predict_daily.py took 4.115 seconds
[2026-07-09T13:36:16.780+0000] {processor.py:157} INFO - Started process (PID=18082) to work on /opt/airflow/dags/predict_daily.py
[2026-07-09T13:36:16.781+0000] {processor.py:829} INFO - Processing file /opt/airflow/dags/predict_daily.py for tasks to queue
[2026-07-09T13:36:16.782+0000] {logging_mixin.py:151} INFO - [2026-07-09T13:36:16.782+0000] {dagbag.py:539} INFO - Filling up the DagBag from /opt/airflow/dags/predict_daily.py
[2026-07-09T13:36:20.380+0000] {processor.py:841} WARNING - No viable dags retrieved from /opt/airflow/dags/predict_daily.py
[2026-07-09T13:36:20.400+0000] {processor.py:179} INFO - Processing /opt/airflow/dags/predict_daily.py took 3.624 seconds
[2026-07-09T13:36:50.866+0000] {processor.py:157} INFO - Started process (PID=18120) to work on /opt/airflow/dags/predict_daily.py
[2026-07-09T13:36:50.868+0000] {processor.py:829} INFO - Processing file /opt/airflow/dags/predict_daily.py for tasks to queue
[2026-07-09T13:36:50.870+0000] {logging_mixin.py:151} INFO - [2026-07-09T13:36:50.869+0000] {dagbag.py:539} INFO - Filling up the DagBag from /opt/airflow/dags/predict_daily.py
[2026-07-09T13:36:54.883+0000] {processor.py:841} WARNING - No viable dags retrieved from /opt/airflow/dags/predict_daily.py
[2026-07-09T13:36:54.905+0000] {processor.py:179} INFO - Processing /opt/airflow/dags/predict_daily.py took 4.043 seconds
[2026-07-09T13:37:25.316+0000] {processor.py:157} INFO - Started process (PID=18153) to work on /opt/airflow/dags/predict_daily.py
[2026-07-09T13:37:25.318+0000] {processor.py:829} INFO - Processing file /opt/airflow/dags/predict_daily.py for tasks to queue
[2026-07-09T13:37:25.320+0000] {logging_mixin.py:151} INFO - [2026-07-09T13:37:25.319+0000] {dagbag.py:539} INFO - Filling up the DagBag from /opt/airflow/dags/predict_daily.py
[2026-07-09T13:37:29.258+0000] {processor.py:841} WARNING - No viable dags retrieved from /opt/airflow/dags/predict_daily.py
[2026-07-09T13:37:29.279+0000] {processor.py:179} INFO - Processing /opt/airflow/dags/predict_daily.py took 3.973 seconds
[2026-07-09T13:37:59.754+0000] {processor.py:157} INFO - Started process (PID=18186) to work on /opt/airflow/dags/predict_daily.py
[2026-07-09T13:37:59.756+0000] {processor.py:829} INFO - Processing file /opt/airflow/dags/predict_daily.py for tasks to queue
[2026-07-09T13:37:59.757+0000] {logging_mixin.py:151} INFO - [2026-07-09T13:37:59.757+0000] {dagbag.py:539} INFO - Filling up the DagBag from /opt/airflow/dags/predict_daily.py
[2026-07-09T13:38:03.579+0000] {processor.py:841} WARNING - No viable dags retrieved from /opt/airflow/dags/predict_daily.py
[2026-07-09T13:38:03.604+0000] {processor.py:179} INFO - Processing /opt/airflow/dags/predict_daily.py took 3.855 seconds
[2026-07-09T13:38:34.229+0000] {processor.py:157} INFO - Started process (PID=18219) to work on /opt/airflow/dags/predict_daily.py
[2026-07-09T13:38:34.230+0000] {processor.py:829} INFO - Processing file /opt/airflow/dags/predict_daily.py for tasks to queue
[2026-07-09T13:38:34.231+0000] {logging_mixin.py:151} INFO - [2026-07-09T13:38:34.231+0000] {dagbag.py:539} INFO - Filling up the DagBag from /opt/airflow/dags/predict_daily.py
[2026-07-09T13:38:38.140+0000] {processor.py:841} WARNING - No viable dags retrieved from /opt/airflow/dags/predict_daily.py
[2026-07-09T13:38:38.162+0000] {processor.py:179} INFO - Processing /opt/airflow/dags/predict_daily.py took 3.940 seconds
[2026-07-09T13:39:08.675+0000] {processor.py:157} INFO - Started process (PID=18253) to work on /opt/airflow/dags/predict_daily.py
[2026-07-09T13:39:08.679+0000] {processor.py:829} INFO - Processing file /opt/airflow/dags/predict_daily.py for tasks to queue
[2026-07-09T13:39:08.681+0000] {logging_mixin.py:151} INFO - [2026-07-09T13:39:08.680+0000] {dagbag.py:539} INFO - Filling up the DagBag from /opt/airflow/dags/predict_daily.py
[2026-07-09T13:39:12.374+0000] {processor.py:841} WARNING - No viable dags retrieved from /opt/airflow/dags/predict_daily.py
[2026-07-09T13:39:12.394+0000] {processor.py:179} INFO - Processing /opt/airflow/dags/predict_daily.py took 3.725 seconds
[2026-07-09T13:39:43.094+0000] {processor.py:157} INFO - Started process (PID=18293) to work on /opt/airflow/dags/predict_daily.py
[2026-07-09T13:39:43.096+0000] {processor.py:829} INFO - Processing file /opt/airflow/dags/predict_daily.py for tasks to queue
[2026-07-09T13:39:43.098+0000] {logging_mixin.py:151} INFO - [2026-07-09T13:39:43.097+0000] {dagbag.py:539} INFO - Filling up the DagBag from /opt/airflow/dags/predict_daily.py
[2026-07-09T13:39:47.279+0000] {processor.py:841} WARNING - No viable dags retrieved from /opt/airflow/dags/predict_daily.py
[2026-07-09T13:39:47.311+0000] {processor.py:179} INFO - Processing /opt/airflow/dags/predict_daily.py took 4.224 seconds
[2026-07-09T13:40:17.696+0000] {processor.py:157} INFO - Started process (PID=18326) to work on /opt/airflow/dags/predict_daily.py
[2026-07-09T13:40:17.698+0000] {processor.py:829} INFO - Processing file /opt/airflow/dags/predict_daily.py for tasks to queue
[2026-07-09T13:40:17.699+0000] {logging_mixin.py:151} INFO - [2026-07-09T13:40:17.698+0000] {dagbag.py:539} INFO - Filling up the DagBag from /opt/airflow/dags/predict_daily.py
[2026-07-09T13:40:21.802+0000] {processor.py:841} WARNING - No viable dags retrieved from /opt/airflow/dags/predict_daily.py
[2026-07-09T13:40:21.824+0000] {processor.py:179} INFO - Processing /opt/airflow/dags/predict_daily.py took 4.133 seconds
[2026-07-09T13:40:52.173+0000] {processor.py:157} INFO - Started process (PID=18359) to work on /opt/airflow/dags/predict_daily.py
[2026-07-09T13:40:52.175+0000] {processor.py:829} INFO - Processing file /opt/airflow/dags/predict_daily.py for tasks to queue
[2026-07-09T13:40:52.178+0000] {logging_mixin.py:151} INFO - [2026-07-09T13:40:52.177+0000] {dagbag.py:539} INFO - Filling up the DagBag from /opt/airflow/dags/predict_daily.py
[2026-07-09T13:40:57.347+0000] {processor.py:841} WARNING - No viable dags retrieved from /opt/airflow/dags/predict_daily.py
[2026-07-09T13:40:57.373+0000] {processor.py:179} INFO - Processing /opt/airflow/dags/predict_daily.py took 5.207 seconds
[2026-07-09T13:41:27.887+0000] {processor.py:157} INFO - Started process (PID=18397) to work on /opt/airflow/dags/predict_daily.py
[2026-07-09T13:41:27.889+0000] {processor.py:829} INFO - Processing file /opt/airflow/dags/predict_daily.py for tasks to queue
[2026-07-09T13:41:27.896+0000] {logging_mixin.py:151} INFO - [2026-07-09T13:41:27.896+0000] {dagbag.py:539} INFO - Filling up the DagBag from /opt/airflow/dags/predict_daily.py
[2026-07-09T13:41:31.813+0000] {processor.py:841} WARNING - No viable dags retrieved from /opt/airflow/dags/predict_daily.py
[2026-07-09T13:41:31.829+0000] {processor.py:179} INFO - Processing /opt/airflow/dags/predict_daily.py took 3.949 seconds
[2026-07-09T13:42:02.544+0000] {processor.py:157} INFO - Started process (PID=18430) to work on /opt/airflow/dags/predict_daily.py
[2026-07-09T13:42:02.547+0000] {processor.py:829} INFO - Processing file /opt/airflow/dags/predict_daily.py for tasks to queue
[2026-07-09T13:42:02.549+0000] {logging_mixin.py:151} INFO - [2026-07-09T13:42:02.548+0000] {dagbag.py:539} INFO - Filling up the DagBag from /opt/airflow/dags/predict_daily.py
[2026-07-09T13:42:06.515+0000] {processor.py:841} WARNING - No viable dags retrieved from /opt/airflow/dags/predict_daily.py
[2026-07-09T13:42:06.535+0000] {processor.py:179} INFO - Processing /opt/airflow/dags/predict_daily.py took 3.997 seconds
[2026-07-09T13:42:36.777+0000] {processor.py:157} INFO - Started process (PID=18463) to work on /opt/airflow/dags/predict_daily.py
[2026-07-09T13:42:36.778+0000] {processor.py:829} INFO - Processing file /opt/airflow/dags/predict_daily.py for tasks to queue
[2026-07-09T13:42:36.779+0000] {logging_mixin.py:151} INFO - [2026-07-09T13:42:36.779+0000] {dagbag.py:539} INFO - Filling up the DagBag from /opt/airflow/dags/predict_daily.py
[2026-07-09T13:42:40.587+0000] {processor.py:841} WARNING - No viable dags retrieved from /opt/airflow/dags/predict_daily.py
[2026-07-09T13:42:40.608+0000] {processor.py:179} INFO - Processing /opt/airflow/dags/predict_daily.py took 3.837 seconds
[2026-07-09T13:43:11.326+0000] {processor.py:157} INFO - Started process (PID=18496) to work on /opt/airflow/dags/predict_daily.py
[2026-07-09T13:43:11.328+0000] {processor.py:829} INFO - Processing file /opt/airflow/dags/predict_daily.py for tasks to queue
[2026-07-09T13:43:11.330+0000] {logging_mixin.py:151} INFO - [2026-07-09T13:43:11.330+0000] {dagbag.py:539} INFO - Filling up the DagBag from /opt/airflow/dags/predict_daily.py
[2026-07-09T13:43:15.816+0000] {processor.py:841} WARNING - No viable dags retrieved from /opt/airflow/dags/predict_daily.py
[2026-07-09T13:43:15.834+0000] {processor.py:179} INFO - Processing /opt/airflow/dags/predict_daily.py took 4.515 seconds
[2026-07-09T13:43:46.497+0000] {processor.py:157} INFO - Started process (PID=18536) to work on /opt/airflow/dags/predict_daily.py
[2026-07-09T13:43:46.499+0000] {processor.py:829} INFO - Processing file /opt/airflow/dags/predict_daily.py for tasks to queue
[2026-07-09T13:43:46.501+0000] {logging_mixin.py:151} INFO - [2026-07-09T13:43:46.500+0000] {dagbag.py:539} INFO - Filling up the DagBag from /opt/airflow/dags/predict_daily.py
[2026-07-09T13:43:50.166+0000] {processor.py:841} WARNING - No viable dags retrieved from /opt/airflow/dags/predict_daily.py
[2026-07-09T13:43:50.188+0000] {processor.py:179} INFO - Processing /opt/airflow/dags/predict_daily.py took 3.697 seconds
[2026-07-09T13:44:20.801+0000] {processor.py:157} INFO - Started process (PID=18569) to work on /opt/airflow/dags/predict_daily.py
[2026-07-09T13:44:20.802+0000] {processor.py:829} INFO - Processing file /opt/airflow/dags/predict_daily.py for tasks to queue
[2026-07-09T13:44:20.804+0000] {logging_mixin.py:151} INFO - [2026-07-09T13:44:20.803+0000] {dagbag.py:539} INFO - Filling up the DagBag from /opt/airflow/dags/predict_daily.py
[2026-07-09T13:44:24.806+0000] {processor.py:841} WARNING - No viable dags retrieved from /opt/airflow/dags/predict_daily.py
[2026-07-09T13:44:24.849+0000] {processor.py:179} INFO - Processing /opt/airflow/dags/predict_daily.py took 4.052 seconds
[2026-07-09T13:44:55.015+0000] {processor.py:157} INFO - Started process (PID=18602) to work on /opt/airflow/dags/predict_daily.py
[2026-07-09T13:44:55.017+0000] {processor.py:829} INFO - Processing file /opt/airflow/dags/predict_daily.py for tasks to queue
[2026-07-09T13:44:55.019+0000] {logging_mixin.py:151} INFO - [2026-07-09T13:44:55.018+0000] {dagbag.py:539} INFO - Filling up the DagBag from /opt/airflow/dags/predict_daily.py
[2026-07-09T13:44:59.085+0000] {processor.py:841} WARNING - No viable dags retrieved from /opt/airflow/dags/predict_daily.py
[2026-07-09T13:44:59.106+0000] {processor.py:179} INFO - Processing /opt/airflow/dags/predict_daily.py took 4.100 seconds
[2026-07-09T13:45:29.591+0000] {processor.py:157} INFO - Started process (PID=18636) to work on /opt/airflow/dags/predict_daily.py
[2026-07-09T13:45:29.594+0000] {processor.py:829} INFO - Processing file /opt/airflow/dags/predict_daily.py for tasks to queue
[2026-07-09T13:45:29.596+0000] {logging_mixin.py:151} INFO - [2026-07-09T13:45:29.595+0000] {dagbag.py:539} INFO - Filling up the DagBag from /opt/airflow/dags/predict_daily.py
[2026-07-09T13:45:33.498+0000] {processor.py:841} WARNING - No viable dags retrieved from /opt/airflow/dags/predict_daily.py
[2026-07-09T13:45:33.519+0000] {processor.py:179} INFO - Processing /opt/airflow/dags/predict_daily.py took 3.935 seconds
[2026-07-09T13:46:03.900+0000] {processor.py:157} INFO - Started process (PID=18675) to work on /opt/airflow/dags/predict_daily.py
[2026-07-09T13:46:03.902+0000] {processor.py:829} INFO - Processing file /opt/airflow/dags/predict_daily.py for tasks to queue
[2026-07-09T13:46:03.905+0000] {logging_mixin.py:151} INFO - [2026-07-09T13:46:03.905+0000] {dagbag.py:539} INFO - Filling up the DagBag from /opt/airflow/dags/predict_daily.py
[2026-07-09T13:46:07.883+0000] {processor.py:841} WARNING - No viable dags retrieved from /opt/airflow/dags/predict_daily.py
[2026-07-09T13:46:07.907+0000] {processor.py:179} INFO - Processing /opt/airflow/dags/predict_daily.py took 4.016 seconds
[2026-07-09T13:46:38.377+0000] {processor.py:157} INFO - Started process (PID=18708) to work on /opt/airflow/dags/predict_daily.py
[2026-07-09T13:46:38.380+0000] {processor.py:829} INFO - Processing file /opt/airflow/dags/predict_daily.py for tasks to queue
[2026-07-09T13:46:38.382+0000] {logging_mixin.py:151} INFO - [2026-07-09T13:46:38.381+0000] {dagbag.py:539} INFO - Filling up the DagBag from /opt/airflow/dags/predict_daily.py
[2026-07-09T13:46:42.235+0000] {processor.py:841} WARNING - No viable dags retrieved from /opt/airflow/dags/predict_daily.py
[2026-07-09T13:46:42.259+0000] {processor.py:179} INFO - Processing /opt/airflow/dags/predict_daily.py took 3.888 seconds
[2026-07-09T13:47:12.833+0000] {processor.py:157} INFO - Started process (PID=18741) to work on /opt/airflow/dags/predict_daily.py
[2026-07-09T13:47:12.836+0000] {processor.py:829} INFO - Processing file /opt/airflow/dags/predict_daily.py for tasks to queue
[2026-07-09T13:47:12.838+0000] {logging_mixin.py:151} INFO - [2026-07-09T13:47:12.837+0000] {dagbag.py:539} INFO - Filling up the DagBag from /opt/airflow/dags/predict_daily.py
[2026-07-09T13:47:17.521+0000] {processor.py:841} WARNING - No viable dags retrieved from /opt/airflow/dags/predict_daily.py
[2026-07-09T13:47:17.556+0000] {processor.py:179} INFO - Processing /opt/airflow/dags/predict_daily.py took 4.732 seconds
[2026-07-09T13:47:48.234+0000] {processor.py:157} INFO - Started process (PID=18781) to work on /opt/airflow/dags/predict_daily.py
[2026-07-09T13:47:48.236+0000] {processor.py:829} INFO - Processing file /opt/airflow/dags/predict_daily.py for tasks to queue
[2026-07-09T13:47:48.237+0000] {logging_mixin.py:151} INFO - [2026-07-09T13:47:48.236+0000] {dagbag.py:539} INFO - Filling up the DagBag from /opt/airflow/dags/predict_daily.py
[2026-07-09T13:47:50.566+0000] {processor.py:841} WARNING - No viable dags retrieved from /opt/airflow/dags/predict_daily.py
[2026-07-09T13:47:50.589+0000] {processor.py:179} INFO - Processing /opt/airflow/dags/predict_daily.py took 2.358 seconds
[2026-07-09T13:48:21.363+0000] {processor.py:157} INFO - Started process (PID=18814) to work on /opt/airflow/dags/predict_daily.py
[2026-07-09T13:48:21.365+0000] {processor.py:829} INFO - Processing file /opt/airflow/dags/predict_daily.py for tasks to queue
[2026-07-09T13:48:21.366+0000] {logging_mixin.py:151} INFO - [2026-07-09T13:48:21.365+0000] {dagbag.py:539} INFO - Filling up the DagBag from /opt/airflow/dags/predict_daily.py
[2026-07-09T13:48:24.280+0000] {processor.py:841} WARNING - No viable dags retrieved from /opt/airflow/dags/predict_daily.py
[2026-07-09T13:48:24.355+0000] {processor.py:179} INFO - Processing /opt/airflow/dags/predict_daily.py took 2.997 seconds
[2026-07-09T13:48:54.852+0000] {processor.py:157} INFO - Started process (PID=18847) to work on /opt/airflow/dags/predict_daily.py
[2026-07-09T13:48:54.853+0000] {processor.py:829} INFO - Processing file /opt/airflow/dags/predict_daily.py for tasks to queue
[2026-07-09T13:48:54.854+0000] {logging_mixin.py:151} INFO - [2026-07-09T13:48:54.854+0000] {dagbag.py:539} INFO - Filling up the DagBag from /opt/airflow/dags/predict_daily.py
[2026-07-09T13:48:57.448+0000] {processor.py:841} WARNING - No viable dags retrieved from /opt/airflow/dags/predict_daily.py
[2026-07-09T13:48:57.471+0000] {processor.py:179} INFO - Processing /opt/airflow/dags/predict_daily.py took 2.623 seconds
[2026-07-09T13:49:28.510+0000] {processor.py:157} INFO - Started process (PID=18880) to work on /opt/airflow/dags/predict_daily.py
[2026-07-09T13:49:28.512+0000] {processor.py:829} INFO - Processing file /opt/airflow/dags/predict_daily.py for tasks to queue
[2026-07-09T13:49:28.513+0000] {logging_mixin.py:151} INFO - [2026-07-09T13:49:28.512+0000] {dagbag.py:539} INFO - Filling up the DagBag from /opt/airflow/dags/predict_daily.py
[2026-07-09T13:49:31.415+0000] {processor.py:841} WARNING - No viable dags retrieved from /opt/airflow/dags/predict_daily.py
[2026-07-09T13:49:31.493+0000] {processor.py:179} INFO - Processing /opt/airflow/dags/predict_daily.py took 2.988 seconds
[2026-07-09T13:50:02.337+0000] {processor.py:157} INFO - Started process (PID=18913) to work on /opt/airflow/dags/predict_daily.py
[2026-07-09T13:50:02.338+0000] {processor.py:829} INFO - Processing file /opt/airflow/dags/predict_daily.py for tasks to queue
[2026-07-09T13:50:02.341+0000] {logging_mixin.py:151} INFO - [2026-07-09T13:50:02.340+0000] {dagbag.py:539} INFO - Filling up the DagBag from /opt/airflow/dags/predict_daily.py
[2026-07-09T13:50:05.117+0000] {processor.py:841} WARNING - No viable dags retrieved from /opt/airflow/dags/predict_daily.py
[2026-07-09T13:50:05.128+0000] {processor.py:179} INFO - Processing /opt/airflow/dags/predict_daily.py took 2.796 seconds
[2026-07-09T13:50:35.286+0000] {processor.py:157} INFO - Started process (PID=18946) to work on /opt/airflow/dags/predict_daily.py
[2026-07-09T13:50:35.288+0000] {processor.py:829} INFO - Processing file /opt/airflow/dags/predict_daily.py for tasks to queue
[2026-07-09T13:50:35.289+0000] {logging_mixin.py:151} INFO - [2026-07-09T13:50:35.289+0000] {dagbag.py:539} INFO - Filling up the DagBag from /opt/airflow/dags/predict_daily.py
[2026-07-09T13:50:37.696+0000] {processor.py:841} WARNING - No viable dags retrieved from /opt/airflow/dags/predict_daily.py
[2026-07-09T13:50:37.710+0000] {processor.py:179} INFO - Processing /opt/airflow/dags/predict_daily.py took 2.429 seconds
[2026-07-09T13:51:08.029+0000] {processor.py:157} INFO - Started process (PID=18984) to work on /opt/airflow/dags/predict_daily.py
[2026-07-09T13:51:08.031+0000] {processor.py:829} INFO - Processing file /opt/airflow/dags/predict_daily.py for tasks to queue
[2026-07-09T13:51:08.032+0000] {logging_mixin.py:151} INFO - [2026-07-09T13:51:08.031+0000] {dagbag.py:539} INFO - Filling up the DagBag from /opt/airflow/dags/predict_daily.py
[2026-07-09T13:51:10.232+0000] {processor.py:841} WARNING - No viable dags retrieved from /opt/airflow/dags/predict_daily.py
[2026-07-09T13:51:10.244+0000] {processor.py:179} INFO - Processing /opt/airflow/dags/predict_daily.py took 2.219 seconds
[2026-07-09T13:51:40.582+0000] {processor.py:157} INFO - Started process (PID=19018) to work on /opt/airflow/dags/predict_daily.py
[2026-07-09T13:51:40.584+0000] {processor.py:829} INFO - Processing file /opt/airflow/dags/predict_daily.py for tasks to queue
[2026-07-09T13:51:40.585+0000] {logging_mixin.py:151} INFO - [2026-07-09T13:51:40.585+0000] {dagbag.py:539} INFO - Filling up the DagBag from /opt/airflow/dags/predict_daily.py
[2026-07-09T13:51:43.018+0000] {processor.py:841} WARNING - No viable dags retrieved from /opt/airflow/dags/predict_daily.py
[2026-07-09T13:51:43.028+0000] {processor.py:179} INFO - Processing /opt/airflow/dags/predict_daily.py took 2.450 seconds
[2026-07-09T13:52:14.061+0000] {processor.py:157} INFO - Started process (PID=19051) to work on /opt/airflow/dags/predict_daily.py
[2026-07-09T13:52:14.062+0000] {processor.py:829} INFO - Processing file /opt/airflow/dags/predict_daily.py for tasks to queue
[2026-07-09T13:52:14.064+0000] {logging_mixin.py:151} INFO - [2026-07-09T13:52:14.063+0000] {dagbag.py:539} INFO - Filling up the DagBag from /opt/airflow/dags/predict_daily.py
[2026-07-09T13:52:17.130+0000] {processor.py:841} WARNING - No viable dags retrieved from /opt/airflow/dags/predict_daily.py
[2026-07-09T13:52:17.142+0000] {processor.py:179} INFO - Processing /opt/airflow/dags/predict_daily.py took 3.088 seconds
[2026-07-09T13:52:47.472+0000] {processor.py:157} INFO - Started process (PID=19091) to work on /opt/airflow/dags/predict_daily.py
[2026-07-09T13:52:47.473+0000] {processor.py:829} INFO - Processing file /opt/airflow/dags/predict_daily.py for tasks to queue
[2026-07-09T13:52:47.474+0000] {logging_mixin.py:151} INFO - [2026-07-09T13:52:47.474+0000] {dagbag.py:539} INFO - Filling up the DagBag from /opt/airflow/dags/predict_daily.py
[2026-07-09T13:52:49.874+0000] {processor.py:841} WARNING - No viable dags retrieved from /opt/airflow/dags/predict_daily.py
[2026-07-09T13:52:49.887+0000] {processor.py:179} INFO - Processing /opt/airflow/dags/predict_daily.py took 2.419 seconds
[2026-07-09T13:53:20.880+0000] {processor.py:157} INFO - Started process (PID=19124) to work on /opt/airflow/dags/predict_daily.py
[2026-07-09T13:53:20.881+0000] {processor.py:829} INFO - Processing file /opt/airflow/dags/predict_daily.py for tasks to queue
[2026-07-09T13:53:20.883+0000] {logging_mixin.py:151} INFO - [2026-07-09T13:53:20.882+0000] {dagbag.py:539} INFO - Filling up the DagBag from /opt/airflow/dags/predict_daily.py
[2026-07-09T13:53:23.406+0000] {processor.py:841} WARNING - No viable dags retrieved from /opt/airflow/dags/predict_daily.py
[2026-07-09T13:53:23.417+0000] {processor.py:179} INFO - Processing /opt/airflow/dags/predict_daily.py took 2.542 seconds
[2026-07-09T13:53:53.740+0000] {processor.py:157} INFO - Started process (PID=19157) to work on /opt/airflow/dags/predict_daily.py
[2026-07-09T13:53:53.741+0000] {processor.py:829} INFO - Processing file /opt/airflow/dags/predict_daily.py for tasks to queue
[2026-07-09T13:53:53.742+0000] {logging_mixin.py:151} INFO - [2026-07-09T13:53:53.742+0000] {dagbag.py:539} INFO - Filling up the DagBag from /opt/airflow/dags/predict_daily.py
[2026-07-09T13:53:56.285+0000] {processor.py:841} WARNING - No viable dags retrieved from /opt/airflow/dags/predict_daily.py
[2026-07-09T13:53:56.297+0000] {processor.py:179} INFO - Processing /opt/airflow/dags/predict_daily.py took 2.561 seconds
[2026-07-09T13:54:26.400+0000] {processor.py:157} INFO - Started process (PID=19190) to work on /opt/airflow/dags/predict_daily.py
[2026-07-09T13:54:26.402+0000] {processor.py:829} INFO - Processing file /opt/airflow/dags/predict_daily.py for tasks to queue
[2026-07-09T13:54:26.404+0000] {logging_mixin.py:151} INFO - [2026-07-09T13:54:26.403+0000] {dagbag.py:539} INFO - Filling up the DagBag from /opt/airflow/dags/predict_daily.py
[2026-07-09T13:54:29.085+0000] {processor.py:841} WARNING - No viable dags retrieved from /opt/airflow/dags/predict_daily.py
[2026-07-09T13:54:29.126+0000] {processor.py:179} INFO - Processing /opt/airflow/dags/predict_daily.py took 2.732 seconds
[2026-07-09T13:54:59.510+0000] {processor.py:157} INFO - Started process (PID=19223) to work on /opt/airflow/dags/predict_daily.py
[2026-07-09T13:54:59.512+0000] {processor.py:829} INFO - Processing file /opt/airflow/dags/predict_daily.py for tasks to queue
[2026-07-09T13:54:59.513+0000] {logging_mixin.py:151} INFO - [2026-07-09T13:54:59.513+0000] {dagbag.py:539} INFO - Filling up the DagBag from /opt/airflow/dags/predict_daily.py
[2026-07-09T13:55:02.260+0000] {processor.py:841} WARNING - No viable dags retrieved from /opt/airflow/dags/predict_daily.py
[2026-07-09T13:55:02.272+0000] {processor.py:179} INFO - Processing /opt/airflow/dags/predict_daily.py took 2.766 seconds
[2026-07-09T13:55:32.766+0000] {processor.py:157} INFO - Started process (PID=19256) to work on /opt/airflow/dags/predict_daily.py
[2026-07-09T13:55:32.768+0000] {processor.py:829} INFO - Processing file /opt/airflow/dags/predict_daily.py for tasks to queue
[2026-07-09T13:55:32.769+0000] {logging_mixin.py:151} INFO - [2026-07-09T13:55:32.769+0000] {dagbag.py:539} INFO - Filling up the DagBag from /opt/airflow/dags/predict_daily.py
[2026-07-09T13:55:35.356+0000] {processor.py:841} WARNING - No viable dags retrieved from /opt/airflow/dags/predict_daily.py
[2026-07-09T13:55:35.371+0000] {processor.py:179} INFO - Processing /opt/airflow/dags/predict_daily.py took 2.608 seconds
[2026-07-09T13:56:05.516+0000] {processor.py:157} INFO - Started process (PID=19289) to work on /opt/airflow/dags/predict_daily.py
[2026-07-09T13:56:05.517+0000] {processor.py:829} INFO - Processing file /opt/airflow/dags/predict_daily.py for tasks to queue
[2026-07-09T13:56:05.518+0000] {logging_mixin.py:151} INFO - [2026-07-09T13:56:05.518+0000] {dagbag.py:539} INFO - Filling up the DagBag from /opt/airflow/dags/predict_daily.py
[2026-07-09T13:56:08.066+0000] {processor.py:841} WARNING - No viable dags retrieved from /opt/airflow/dags/predict_daily.py
[2026-07-09T13:56:08.078+0000] {processor.py:179} INFO - Processing /opt/airflow/dags/predict_daily.py took 2.567 seconds
[2026-07-09T13:56:38.522+0000] {processor.py:157} INFO - Started process (PID=19322) to work on /opt/airflow/dags/predict_daily.py
[2026-07-09T13:56:38.524+0000] {processor.py:829} INFO - Processing file /opt/airflow/dags/predict_daily.py for tasks to queue
[2026-07-09T13:56:38.525+0000] {logging_mixin.py:151} INFO - [2026-07-09T13:56:38.525+0000] {dagbag.py:539} INFO - Filling up the DagBag from /opt/airflow/dags/predict_daily.py
[2026-07-09T13:56:47.701+0000] {processor.py:841} WARNING - No viable dags retrieved from /opt/airflow/dags/predict_daily.py
[2026-07-09T13:56:47.716+0000] {processor.py:179} INFO - Processing /opt/airflow/dags/predict_daily.py took 9.198 seconds
[2026-07-09T13:57:18.452+0000] {processor.py:157} INFO - Started process (PID=19362) to work on /opt/airflow/dags/predict_daily.py
[2026-07-09T13:57:18.454+0000] {processor.py:829} INFO - Processing file /opt/airflow/dags/predict_daily.py for tasks to queue
[2026-07-09T13:57:18.471+0000] {logging_mixin.py:151} INFO - [2026-07-09T13:57:18.464+0000] {dagbag.py:539} INFO - Filling up the DagBag from /opt/airflow/dags/predict_daily.py
[2026-07-09T13:57:30.038+0000] {processor.py:841} WARNING - No viable dags retrieved from /opt/airflow/dags/predict_daily.py
[2026-07-09T13:57:30.074+0000] {processor.py:179} INFO - Processing /opt/airflow/dags/predict_daily.py took 11.654 seconds
[2026-07-09T13:58:01.015+0000] {processor.py:157} INFO - Started process (PID=19395) to work on /opt/airflow/dags/predict_daily.py
[2026-07-09T13:58:01.073+0000] {processor.py:829} INFO - Processing file /opt/airflow/dags/predict_daily.py for tasks to queue
[2026-07-09T13:58:01.097+0000] {logging_mixin.py:151} INFO - [2026-07-09T13:58:01.090+0000] {dagbag.py:539} INFO - Filling up the DagBag from /opt/airflow/dags/predict_daily.py
[2026-07-09T13:58:14.212+0000] {processor.py:841} WARNING - No viable dags retrieved from /opt/airflow/dags/predict_daily.py
[2026-07-09T13:58:14.592+0000] {processor.py:179} INFO - Processing /opt/airflow/dags/predict_daily.py took 13.787 seconds
[2026-07-09T13:58:44.977+0000] {processor.py:157} INFO - Started process (PID=19427) to work on /opt/airflow/dags/predict_daily.py
[2026-07-09T13:58:44.980+0000] {processor.py:829} INFO - Processing file /opt/airflow/dags/predict_daily.py for tasks to queue
[2026-07-09T13:58:44.984+0000] {logging_mixin.py:151} INFO - [2026-07-09T13:58:44.982+0000] {dagbag.py:539} INFO - Filling up the DagBag from /opt/airflow/dags/predict_daily.py
[2026-07-09T13:58:49.864+0000] {processor.py:841} WARNING - No viable dags retrieved from /opt/airflow/dags/predict_daily.py
[2026-07-09T13:58:49.888+0000] {processor.py:179} INFO - Processing /opt/airflow/dags/predict_daily.py took 4.920 seconds
[2026-07-09T13:59:20.637+0000] {processor.py:157} INFO - Started process (PID=19467) to work on /opt/airflow/dags/predict_daily.py
[2026-07-09T13:59:20.639+0000] {processor.py:829} INFO - Processing file /opt/airflow/dags/predict_daily.py for tasks to queue
[2026-07-09T13:59:20.641+0000] {logging_mixin.py:151} INFO - [2026-07-09T13:59:20.640+0000] {dagbag.py:539} INFO - Filling up the DagBag from /opt/airflow/dags/predict_daily.py
[2026-07-09T13:59:25.278+0000] {processor.py:841} WARNING - No viable dags retrieved from /opt/airflow/dags/predict_daily.py
[2026-07-09T13:59:25.305+0000] {processor.py:179} INFO - Processing /opt/airflow/dags/predict_daily.py took 4.676 seconds
[2026-07-09T13:59:56.298+0000] {processor.py:157} INFO - Started process (PID=19505) to work on /opt/airflow/dags/predict_daily.py
[2026-07-09T13:59:56.300+0000] {processor.py:829} INFO - Processing file /opt/airflow/dags/predict_daily.py for tasks to queue
[2026-07-09T13:59:56.302+0000] {logging_mixin.py:151} INFO - [2026-07-09T13:59:56.301+0000] {dagbag.py:539} INFO - Filling up the DagBag from /opt/airflow/dags/predict_daily.py
[2026-07-09T14:00:00.812+0000] {processor.py:841} WARNING - No viable dags retrieved from /opt/airflow/dags/predict_daily.py
[2026-07-09T14:00:00.827+0000] {processor.py:179} INFO - Processing /opt/airflow/dags/predict_daily.py took 4.538 seconds
[2026-07-09T14:00:31.118+0000] {processor.py:157} INFO - Started process (PID=19538) to work on /opt/airflow/dags/predict_daily.py
[2026-07-09T14:00:31.121+0000] {processor.py:829} INFO - Processing file /opt/airflow/dags/predict_daily.py for tasks to queue
[2026-07-09T14:00:31.123+0000] {logging_mixin.py:151} INFO - [2026-07-09T14:00:31.122+0000] {dagbag.py:539} INFO - Filling up the DagBag from /opt/airflow/dags/predict_daily.py
[2026-07-09T14:00:36.724+0000] {processor.py:841} WARNING - No viable dags retrieved from /opt/airflow/dags/predict_daily.py
[2026-07-09T14:00:36.750+0000] {processor.py:179} INFO - Processing /opt/airflow/dags/predict_daily.py took 5.639 seconds
[2026-07-09T14:01:06.980+0000] {processor.py:157} INFO - Started process (PID=19570) to work on /opt/airflow/dags/predict_daily.py
[2026-07-09T14:01:06.982+0000] {processor.py:829} INFO - Processing file /opt/airflow/dags/predict_daily.py for tasks to queue
[2026-07-09T14:01:06.984+0000] {logging_mixin.py:151} INFO - [2026-07-09T14:01:06.983+0000] {dagbag.py:539} INFO - Filling up the DagBag from /opt/airflow/dags/predict_daily.py
[2026-07-09T14:01:11.401+0000] {processor.py:841} WARNING - No viable dags retrieved from /opt/airflow/dags/predict_daily.py
[2026-07-09T14:01:11.427+0000] {processor.py:179} INFO - Processing /opt/airflow/dags/predict_daily.py took 4.455 seconds
[2026-07-09T14:01:41.844+0000] {processor.py:157} INFO - Started process (PID=19603) to work on /opt/airflow/dags/predict_daily.py
[2026-07-09T14:01:41.847+0000] {processor.py:829} INFO - Processing file /opt/airflow/dags/predict_daily.py for tasks to queue
[2026-07-09T14:01:41.849+0000] {logging_mixin.py:151} INFO - [2026-07-09T14:01:41.849+0000] {dagbag.py:539} INFO - Filling up the DagBag from /opt/airflow/dags/predict_daily.py
[2026-07-09T14:01:46.272+0000] {processor.py:841} WARNING - No viable dags retrieved from /opt/airflow/dags/predict_daily.py
[2026-07-09T14:01:46.293+0000] {processor.py:179} INFO - Processing /opt/airflow/dags/predict_daily.py took 4.456 seconds
[2026-07-09T14:02:17.421+0000] {processor.py:157} INFO - Started process (PID=19636) to work on /opt/airflow/dags/predict_daily.py
[2026-07-09T14:02:17.422+0000] {processor.py:829} INFO - Processing file /opt/airflow/dags/predict_daily.py for tasks to queue
[2026-07-09T14:02:17.423+0000] {logging_mixin.py:151} INFO - [2026-07-09T14:02:17.423+0000] {dagbag.py:539} INFO - Filling up the DagBag from /opt/airflow/dags/predict_daily.py
[2026-07-09T14:02:21.314+0000] {processor.py:841} WARNING - No viable dags retrieved from /opt/airflow/dags/predict_daily.py
[2026-07-09T14:02:21.338+0000] {processor.py:179} INFO - Processing /opt/airflow/dags/predict_daily.py took 3.920 seconds
[2026-07-09T14:02:51.938+0000] {processor.py:157} INFO - Started process (PID=19676) to work on /opt/airflow/dags/predict_daily.py
[2026-07-09T14:02:51.940+0000] {processor.py:829} INFO - Processing file /opt/airflow/dags/predict_daily.py for tasks to queue
[2026-07-09T14:02:51.942+0000] {logging_mixin.py:151} INFO - [2026-07-09T14:02:51.942+0000] {dagbag.py:539} INFO - Filling up the DagBag from /opt/airflow/dags/predict_daily.py
[2026-07-09T14:02:56.129+0000] {processor.py:841} WARNING - No viable dags retrieved from /opt/airflow/dags/predict_daily.py
[2026-07-09T14:02:56.156+0000] {processor.py:179} INFO - Processing /opt/airflow/dags/predict_daily.py took 4.225 seconds
[2026-07-09T14:03:26.545+0000] {processor.py:157} INFO - Started process (PID=19709) to work on /opt/airflow/dags/predict_daily.py
[2026-07-09T14:03:26.547+0000] {processor.py:829} INFO - Processing file /opt/airflow/dags/predict_daily.py for tasks to queue
[2026-07-09T14:03:26.549+0000] {logging_mixin.py:151} INFO - [2026-07-09T14:03:26.549+0000] {dagbag.py:539} INFO - Filling up the DagBag from /opt/airflow/dags/predict_daily.py
[2026-07-09T14:03:31.835+0000] {processor.py:841} WARNING - No viable dags retrieved from /opt/airflow/dags/predict_daily.py
[2026-07-09T14:03:31.850+0000] {processor.py:179} INFO - Processing /opt/airflow/dags/predict_daily.py took 5.313 seconds
[2026-07-09T14:04:02.859+0000] {processor.py:157} INFO - Started process (PID=19747) to work on /opt/airflow/dags/predict_daily.py
[2026-07-09T14:04:02.861+0000] {processor.py:829} INFO - Processing file /opt/airflow/dags/predict_daily.py for tasks to queue
[2026-07-09T14:04:02.862+0000] {logging_mixin.py:151} INFO - [2026-07-09T14:04:02.862+0000] {dagbag.py:539} INFO - Filling up the DagBag from /opt/airflow/dags/predict_daily.py
[2026-07-09T14:04:07.272+0000] {processor.py:841} WARNING - No viable dags retrieved from /opt/airflow/dags/predict_daily.py
[2026-07-09T14:04:07.304+0000] {processor.py:179} INFO - Processing /opt/airflow/dags/predict_daily.py took 4.451 seconds
[2026-07-09T14:04:38.214+0000] {processor.py:157} INFO - Started process (PID=19780) to work on /opt/airflow/dags/predict_daily.py
[2026-07-09T14:04:38.217+0000] {processor.py:829} INFO - Processing file /opt/airflow/dags/predict_daily.py for tasks to queue
[2026-07-09T14:04:38.219+0000] {logging_mixin.py:151} INFO - [2026-07-09T14:04:38.218+0000] {dagbag.py:539} INFO - Filling up the DagBag from /opt/airflow/dags/predict_daily.py
[2026-07-09T14:04:43.538+0000] {processor.py:841} WARNING - No viable dags retrieved from /opt/airflow/dags/predict_daily.py
[2026-07-09T14:04:43.567+0000] {processor.py:179} INFO - Processing /opt/airflow/dags/predict_daily.py took 5.363 seconds
[2026-07-09T14:05:14.783+0000] {processor.py:157} INFO - Started process (PID=19813) to work on /opt/airflow/dags/predict_daily.py
[2026-07-09T14:05:14.813+0000] {processor.py:829} INFO - Processing file /opt/airflow/dags/predict_daily.py for tasks to queue
[2026-07-09T14:05:14.832+0000] {logging_mixin.py:151} INFO - [2026-07-09T14:05:14.824+0000] {dagbag.py:539} INFO - Filling up the DagBag from /opt/airflow/dags/predict_daily.py
[2026-07-09T14:05:24.891+0000] {processor.py:841} WARNING - No viable dags retrieved from /opt/airflow/dags/predict_daily.py
[2026-07-09T14:05:24.937+0000] {processor.py:179} INFO - Processing /opt/airflow/dags/predict_daily.py took 10.330 seconds
[2026-07-09T14:05:55.460+0000] {processor.py:157} INFO - Started process (PID=19853) to work on /opt/airflow/dags/predict_daily.py
[2026-07-09T14:05:55.462+0000] {processor.py:829} INFO - Processing file /opt/airflow/dags/predict_daily.py for tasks to queue
[2026-07-09T14:05:55.463+0000] {logging_mixin.py:151} INFO - [2026-07-09T14:05:55.463+0000] {dagbag.py:539} INFO - Filling up the DagBag from /opt/airflow/dags/predict_daily.py
[2026-07-09T14:06:00.221+0000] {processor.py:841} WARNING - No viable dags retrieved from /opt/airflow/dags/predict_daily.py
[2026-07-09T14:06:00.233+0000] {processor.py:179} INFO - Processing /opt/airflow/dags/predict_daily.py took 4.780 seconds
[2026-07-09T14:06:31.048+0000] {processor.py:157} INFO - Started process (PID=19886) to work on /opt/airflow/dags/predict_daily.py
[2026-07-09T14:06:31.049+0000] {processor.py:829} INFO - Processing file /opt/airflow/dags/predict_daily.py for tasks to queue
[2026-07-09T14:06:31.051+0000] {logging_mixin.py:151} INFO - [2026-07-09T14:06:31.050+0000] {dagbag.py:539} INFO - Filling up the DagBag from /opt/airflow/dags/predict_daily.py
[2026-07-09T14:06:33.963+0000] {processor.py:841} WARNING - No viable dags retrieved from /opt/airflow/dags/predict_daily.py
[2026-07-09T14:06:33.977+0000] {processor.py:179} INFO - Processing /opt/airflow/dags/predict_daily.py took 2.935 seconds
[2026-07-09T14:07:04.368+0000] {processor.py:157} INFO - Started process (PID=19919) to work on /opt/airflow/dags/predict_daily.py
[2026-07-09T14:07:04.369+0000] {processor.py:829} INFO - Processing file /opt/airflow/dags/predict_daily.py for tasks to queue
[2026-07-09T14:07:04.371+0000] {logging_mixin.py:151} INFO - [2026-07-09T14:07:04.371+0000] {dagbag.py:539} INFO - Filling up the DagBag from /opt/airflow/dags/predict_daily.py
[2026-07-09T14:07:07.356+0000] {processor.py:841} WARNING - No viable dags retrieved from /opt/airflow/dags/predict_daily.py
[2026-07-09T14:07:07.372+0000] {processor.py:179} INFO - Processing /opt/airflow/dags/predict_daily.py took 3.009 seconds
[2026-07-09T14:07:37.836+0000] {processor.py:157} INFO - Started process (PID=19952) to work on /opt/airflow/dags/predict_daily.py
[2026-07-09T14:07:37.841+0000] {processor.py:829} INFO - Processing file /opt/airflow/dags/predict_daily.py for tasks to queue
[2026-07-09T14:07:37.842+0000] {logging_mixin.py:151} INFO - [2026-07-09T14:07:37.842+0000] {dagbag.py:539} INFO - Filling up the DagBag from /opt/airflow/dags/predict_daily.py
[2026-07-09T14:07:41.172+0000] {processor.py:841} WARNING - No viable dags retrieved from /opt/airflow/dags/predict_daily.py
[2026-07-09T14:07:41.186+0000] {processor.py:179} INFO - Processing /opt/airflow/dags/predict_daily.py took 3.355 seconds
[2026-07-09T14:08:11.432+0000] {processor.py:157} INFO - Started process (PID=19986) to work on /opt/airflow/dags/predict_daily.py
[2026-07-09T14:08:11.441+0000] {processor.py:829} INFO - Processing file /opt/airflow/dags/predict_daily.py for tasks to queue
[2026-07-09T14:08:11.452+0000] {logging_mixin.py:151} INFO - [2026-07-09T14:08:11.452+0000] {dagbag.py:539} INFO - Filling up the DagBag from /opt/airflow/dags/predict_daily.py
[2026-07-09T14:08:15.622+0000] {processor.py:841} WARNING - No viable dags retrieved from /opt/airflow/dags/predict_daily.py
[2026-07-09T14:08:15.642+0000] {processor.py:179} INFO - Processing /opt/airflow/dags/predict_daily.py took 4.215 seconds
[2026-07-09T14:08:45.801+0000] {processor.py:157} INFO - Started process (PID=20019) to work on /opt/airflow/dags/predict_daily.py
[2026-07-09T14:08:45.802+0000] {processor.py:829} INFO - Processing file /opt/airflow/dags/predict_daily.py for tasks to queue
[2026-07-09T14:08:45.804+0000] {logging_mixin.py:151} INFO - [2026-07-09T14:08:45.803+0000] {dagbag.py:539} INFO - Filling up the DagBag from /opt/airflow/dags/predict_daily.py
[2026-07-09T14:08:49.619+0000] {processor.py:841} WARNING - No viable dags retrieved from /opt/airflow/dags/predict_daily.py
[2026-07-09T14:08:49.681+0000] {processor.py:179} INFO - Processing /opt/airflow/dags/predict_daily.py took 3.886 seconds
[2026-07-09T14:09:20.253+0000] {processor.py:157} INFO - Started process (PID=20052) to work on /opt/airflow/dags/predict_daily.py
[2026-07-09T14:09:20.255+0000] {processor.py:829} INFO - Processing file /opt/airflow/dags/predict_daily.py for tasks to queue
[2026-07-09T14:09:20.256+0000] {logging_mixin.py:151} INFO - [2026-07-09T14:09:20.256+0000] {dagbag.py:539} INFO - Filling up the DagBag from /opt/airflow/dags/predict_daily.py
[2026-07-09T14:09:23.121+0000] {processor.py:841} WARNING - No viable dags retrieved from /opt/airflow/dags/predict_daily.py
[2026-07-09T14:09:23.136+0000] {processor.py:179} INFO - Processing /opt/airflow/dags/predict_daily.py took 2.887 seconds
[2026-07-09T14:09:53.576+0000] {processor.py:157} INFO - Started process (PID=20092) to work on /opt/airflow/dags/predict_daily.py
[2026-07-09T14:09:53.578+0000] {processor.py:829} INFO - Processing file /opt/airflow/dags/predict_daily.py for tasks to queue
[2026-07-09T14:09:53.579+0000] {logging_mixin.py:151} INFO - [2026-07-09T14:09:53.579+0000] {dagbag.py:539} INFO - Filling up the DagBag from /opt/airflow/dags/predict_daily.py
[2026-07-09T14:09:56.869+0000] {processor.py:841} WARNING - No viable dags retrieved from /opt/airflow/dags/predict_daily.py
[2026-07-09T14:09:56.883+0000] {processor.py:179} INFO - Processing /opt/airflow/dags/predict_daily.py took 3.312 seconds
[2026-07-09T14:10:27.518+0000] {processor.py:157} INFO - Started process (PID=20125) to work on /opt/airflow/dags/predict_daily.py
[2026-07-09T14:10:27.521+0000] {processor.py:829} INFO - Processing file /opt/airflow/dags/predict_daily.py for tasks to queue
[2026-07-09T14:10:27.523+0000] {logging_mixin.py:151} INFO - [2026-07-09T14:10:27.522+0000] {dagbag.py:539} INFO - Filling up the DagBag from /opt/airflow/dags/predict_daily.py
[2026-07-09T14:10:31.326+0000] {processor.py:841} WARNING - No viable dags retrieved from /opt/airflow/dags/predict_daily.py
[2026-07-09T14:10:31.345+0000] {processor.py:179} INFO - Processing /opt/airflow/dags/predict_daily.py took 3.834 seconds
[2026-07-09T14:11:01.763+0000] {processor.py:157} INFO - Started process (PID=20158) to work on /opt/airflow/dags/predict_daily.py
[2026-07-09T14:11:01.765+0000] {processor.py:829} INFO - Processing file /opt/airflow/dags/predict_daily.py for tasks to queue
[2026-07-09T14:11:01.766+0000] {logging_mixin.py:151} INFO - [2026-07-09T14:11:01.766+0000] {dagbag.py:539} INFO - Filling up the DagBag from /opt/airflow/dags/predict_daily.py
[2026-07-09T14:11:05.000+0000] {processor.py:841} WARNING - No viable dags retrieved from /opt/airflow/dags/predict_daily.py
[2026-07-09T14:11:05.025+0000] {processor.py:179} INFO - Processing /opt/airflow/dags/predict_daily.py took 3.266 seconds
[2026-07-09T14:11:35.418+0000] {processor.py:157} INFO - Started process (PID=20191) to work on /opt/airflow/dags/predict_daily.py
[2026-07-09T14:11:35.419+0000] {processor.py:829} INFO - Processing file /opt/airflow/dags/predict_daily.py for tasks to queue
[2026-07-09T14:11:35.421+0000] {logging_mixin.py:151} INFO - [2026-07-09T14:11:35.420+0000] {dagbag.py:539} INFO - Filling up the DagBag from /opt/airflow/dags/predict_daily.py
[2026-07-09T14:11:38.348+0000] {processor.py:841} WARNING - No viable dags retrieved from /opt/airflow/dags/predict_daily.py
[2026-07-09T14:11:38.369+0000] {processor.py:179} INFO - Processing /opt/airflow/dags/predict_daily.py took 2.956 seconds
[2026-07-09T14:12:08.772+0000] {processor.py:157} INFO - Started process (PID=20227) to work on /opt/airflow/dags/predict_daily.py
[2026-07-09T14:12:08.774+0000] {processor.py:829} INFO - Processing file /opt/airflow/dags/predict_daily.py for tasks to queue
[2026-07-09T14:12:08.776+0000] {logging_mixin.py:151} INFO - [2026-07-09T14:12:08.775+0000] {dagbag.py:539} INFO - Filling up the DagBag from /opt/airflow/dags/predict_daily.py
[2026-07-09T14:12:11.634+0000] {processor.py:841} WARNING - No viable dags retrieved from /opt/airflow/dags/predict_daily.py
[2026-07-09T14:12:11.648+0000] {processor.py:179} INFO - Processing /opt/airflow/dags/predict_daily.py took 2.879 seconds
[2026-07-09T14:12:42.674+0000] {processor.py:157} INFO - Started process (PID=20266) to work on /opt/airflow/dags/predict_daily.py
[2026-07-09T14:12:42.675+0000] {processor.py:829} INFO - Processing file /opt/airflow/dags/predict_daily.py for tasks to queue
[2026-07-09T14:12:42.676+0000] {logging_mixin.py:151} INFO - [2026-07-09T14:12:42.676+0000] {dagbag.py:539} INFO - Filling up the DagBag from /opt/airflow/dags/predict_daily.py
[2026-07-09T14:12:45.440+0000] {processor.py:841} WARNING - No viable dags retrieved from /opt/airflow/dags/predict_daily.py
[2026-07-09T14:12:45.456+0000] {processor.py:179} INFO - Processing /opt/airflow/dags/predict_daily.py took 2.785 seconds
[2026-07-09T14:13:15.817+0000] {processor.py:157} INFO - Started process (PID=20299) to work on /opt/airflow/dags/predict_daily.py
[2026-07-09T14:13:15.821+0000] {processor.py:829} INFO - Processing file /opt/airflow/dags/predict_daily.py for tasks to queue
[2026-07-09T14:13:15.823+0000] {logging_mixin.py:151} INFO - [2026-07-09T14:13:15.822+0000] {dagbag.py:539} INFO - Filling up the DagBag from /opt/airflow/dags/predict_daily.py
[2026-07-09T14:13:18.631+0000] {processor.py:841} WARNING - No viable dags retrieved from /opt/airflow/dags/predict_daily.py
[2026-07-09T14:13:18.644+0000] {processor.py:179} INFO - Processing /opt/airflow/dags/predict_daily.py took 2.835 seconds
[2026-07-09T14:13:49.149+0000] {processor.py:157} INFO - Started process (PID=20332) to work on /opt/airflow/dags/predict_daily.py
[2026-07-09T14:13:49.151+0000] {processor.py:829} INFO - Processing file /opt/airflow/dags/predict_daily.py for tasks to queue
[2026-07-09T14:13:49.153+0000] {logging_mixin.py:151} INFO - [2026-07-09T14:13:49.152+0000] {dagbag.py:539} INFO - Filling up the DagBag from /opt/airflow/dags/predict_daily.py
[2026-07-09T14:13:52.070+0000] {processor.py:841} WARNING - No viable dags retrieved from /opt/airflow/dags/predict_daily.py
[2026-07-09T14:13:52.087+0000] {processor.py:179} INFO - Processing /opt/airflow/dags/predict_daily.py took 2.943 seconds
[2026-07-09T14:14:23.113+0000] {processor.py:157} INFO - Started process (PID=20372) to work on /opt/airflow/dags/predict_daily.py
[2026-07-09T14:14:23.117+0000] {processor.py:829} INFO - Processing file /opt/airflow/dags/predict_daily.py for tasks to queue
[2026-07-09T14:14:23.122+0000] {logging_mixin.py:151} INFO - [2026-07-09T14:14:23.120+0000] {dagbag.py:539} INFO - Filling up the DagBag from /opt/airflow/dags/predict_daily.py
[2026-07-09T14:14:30.707+0000] {processor.py:841} WARNING - No viable dags retrieved from /opt/airflow/dags/predict_daily.py
[2026-07-09T14:14:30.738+0000] {processor.py:179} INFO - Processing /opt/airflow/dags/predict_daily.py took 7.646 seconds
[2026-07-09T14:15:01.628+0000] {processor.py:157} INFO - Started process (PID=20404) to work on /opt/airflow/dags/predict_daily.py
[2026-07-09T14:15:01.647+0000] {processor.py:829} INFO - Processing file /opt/airflow/dags/predict_daily.py for tasks to queue
[2026-07-09T14:15:01.648+0000] {logging_mixin.py:151} INFO - [2026-07-09T14:15:01.648+0000] {dagbag.py:539} INFO - Filling up the DagBag from /opt/airflow/dags/predict_daily.py
[2026-07-09T14:15:14.253+0000] {processor.py:841} WARNING - No viable dags retrieved from /opt/airflow/dags/predict_daily.py
[2026-07-09T14:15:14.333+0000] {processor.py:179} INFO - Processing /opt/airflow/dags/predict_daily.py took 12.735 seconds
[2026-07-09T14:15:44.878+0000] {processor.py:157} INFO - Started process (PID=20434) to work on /opt/airflow/dags/predict_daily.py
[2026-07-09T14:15:44.880+0000] {processor.py:829} INFO - Processing file /opt/airflow/dags/predict_daily.py for tasks to queue
[2026-07-09T14:15:44.881+0000] {logging_mixin.py:151} INFO - [2026-07-09T14:15:44.881+0000] {dagbag.py:539} INFO - Filling up the DagBag from /opt/airflow/dags/predict_daily.py
[2026-07-09T14:15:49.532+0000] {processor.py:841} WARNING - No viable dags retrieved from /opt/airflow/dags/predict_daily.py
[2026-07-09T14:15:49.639+0000] {processor.py:179} INFO - Processing /opt/airflow/dags/predict_daily.py took 4.765 seconds
[2026-07-09T14:16:20.303+0000] {processor.py:157} INFO - Started process (PID=20467) to work on /opt/airflow/dags/predict_daily.py
[2026-07-09T14:16:20.307+0000] {processor.py:829} INFO - Processing file /opt/airflow/dags/predict_daily.py for tasks to queue
[2026-07-09T14:16:20.310+0000] {logging_mixin.py:151} INFO - [2026-07-09T14:16:20.309+0000] {dagbag.py:539} INFO - Filling up the DagBag from /opt/airflow/dags/predict_daily.py
[2026-07-09T14:16:24.441+0000] {processor.py:841} WARNING - No viable dags retrieved from /opt/airflow/dags/predict_daily.py
[2026-07-09T14:16:24.468+0000] {processor.py:179} INFO - Processing /opt/airflow/dags/predict_daily.py took 4.173 seconds
[2026-07-09T14:16:55.444+0000] {processor.py:157} INFO - Started process (PID=20511) to work on /opt/airflow/dags/predict_daily.py
[2026-07-09T14:16:55.480+0000] {processor.py:829} INFO - Processing file /opt/airflow/dags/predict_daily.py for tasks to queue
[2026-07-09T14:16:55.485+0000] {logging_mixin.py:151} INFO - [2026-07-09T14:16:55.484+0000] {dagbag.py:539} INFO - Filling up the DagBag from /opt/airflow/dags/predict_daily.py
[2026-07-09T14:17:00.464+0000] {processor.py:841} WARNING - No viable dags retrieved from /opt/airflow/dags/predict_daily.py
[2026-07-09T14:17:00.488+0000] {processor.py:179} INFO - Processing /opt/airflow/dags/predict_daily.py took 5.063 seconds
[2026-07-09T14:17:31.080+0000] {processor.py:157} INFO - Started process (PID=20544) to work on /opt/airflow/dags/predict_daily.py
[2026-07-09T14:17:31.082+0000] {processor.py:829} INFO - Processing file /opt/airflow/dags/predict_daily.py for tasks to queue
[2026-07-09T14:17:31.085+0000] {logging_mixin.py:151} INFO - [2026-07-09T14:17:31.085+0000] {dagbag.py:539} INFO - Filling up the DagBag from /opt/airflow/dags/predict_daily.py
[2026-07-09T14:17:35.334+0000] {processor.py:841} WARNING - No viable dags retrieved from /opt/airflow/dags/predict_daily.py
[2026-07-09T14:17:35.372+0000] {processor.py:179} INFO - Processing /opt/airflow/dags/predict_daily.py took 4.299 seconds
[2026-07-09T14:18:05.549+0000] {processor.py:157} INFO - Started process (PID=20577) to work on /opt/airflow/dags/predict_daily.py
[2026-07-09T14:18:05.551+0000] {processor.py:829} INFO - Processing file /opt/airflow/dags/predict_daily.py for tasks to queue
[2026-07-09T14:18:05.553+0000] {logging_mixin.py:151} INFO - [2026-07-09T14:18:05.552+0000] {dagbag.py:539} INFO - Filling up the DagBag from /opt/airflow/dags/predict_daily.py
[2026-07-09T14:18:10.299+0000] {processor.py:841} WARNING - No viable dags retrieved from /opt/airflow/dags/predict_daily.py
[2026-07-09T14:18:10.324+0000] {processor.py:179} INFO - Processing /opt/airflow/dags/predict_daily.py took 4.783 seconds
[2026-07-09T14:18:41.041+0000] {processor.py:157} INFO - Started process (PID=20610) to work on /opt/airflow/dags/predict_daily.py
[2026-07-09T14:18:41.068+0000] {processor.py:829} INFO - Processing file /opt/airflow/dags/predict_daily.py for tasks to queue
[2026-07-09T14:18:41.082+0000] {logging_mixin.py:151} INFO - [2026-07-09T14:18:41.077+0000] {dagbag.py:539} INFO - Filling up the DagBag from /opt/airflow/dags/predict_daily.py
[2026-07-09T14:18:49.274+0000] {processor.py:841} WARNING - No viable dags retrieved from /opt/airflow/dags/predict_daily.py
[2026-07-09T14:18:49.302+0000] {processor.py:179} INFO - Processing /opt/airflow/dags/predict_daily.py took 8.376 seconds
[2026-07-09T14:19:20.503+0000] {processor.py:157} INFO - Started process (PID=20643) to work on /opt/airflow/dags/predict_daily.py
[2026-07-09T14:19:20.510+0000] {processor.py:829} INFO - Processing file /opt/airflow/dags/predict_daily.py for tasks to queue
[2026-07-09T14:19:20.514+0000] {logging_mixin.py:151} INFO - [2026-07-09T14:19:20.513+0000] {dagbag.py:539} INFO - Filling up the DagBag from /opt/airflow/dags/predict_daily.py
[2026-07-09T14:19:29.567+0000] {processor.py:841} WARNING - No viable dags retrieved from /opt/airflow/dags/predict_daily.py
[2026-07-09T14:19:29.670+0000] {processor.py:179} INFO - Processing /opt/airflow/dags/predict_daily.py took 9.257 seconds
[2026-07-09T14:19:59.972+0000] {processor.py:157} INFO - Started process (PID=20683) to work on /opt/airflow/dags/predict_daily.py
[2026-07-09T14:19:59.976+0000] {processor.py:829} INFO - Processing file /opt/airflow/dags/predict_daily.py for tasks to queue
[2026-07-09T14:19:59.979+0000] {logging_mixin.py:151} INFO - [2026-07-09T14:19:59.978+0000] {dagbag.py:539} INFO - Filling up the DagBag from /opt/airflow/dags/predict_daily.py
[2026-07-09T14:20:04.422+0000] {processor.py:841} WARNING - No viable dags retrieved from /opt/airflow/dags/predict_daily.py
[2026-07-09T14:20:04.441+0000] {processor.py:179} INFO - Processing /opt/airflow/dags/predict_daily.py took 4.477 seconds
[2026-07-09T14:20:34.756+0000] {processor.py:157} INFO - Started process (PID=20716) to work on /opt/airflow/dags/predict_daily.py
[2026-07-09T14:20:34.758+0000] {processor.py:829} INFO - Processing file /opt/airflow/dags/predict_daily.py for tasks to queue
[2026-07-09T14:20:34.759+0000] {logging_mixin.py:151} INFO - [2026-07-09T14:20:34.759+0000] {dagbag.py:539} INFO - Filling up the DagBag from /opt/airflow/dags/predict_daily.py
[2026-07-09T14:20:38.745+0000] {processor.py:841} WARNING - No viable dags retrieved from /opt/airflow/dags/predict_daily.py
[2026-07-09T14:20:38.771+0000] {processor.py:179} INFO - Processing /opt/airflow/dags/predict_daily.py took 4.023 seconds
[2026-07-09T14:21:09.767+0000] {processor.py:157} INFO - Started process (PID=20754) to work on /opt/airflow/dags/predict_daily.py
[2026-07-09T14:21:09.769+0000] {processor.py:829} INFO - Processing file /opt/airflow/dags/predict_daily.py for tasks to queue
[2026-07-09T14:21:09.771+0000] {logging_mixin.py:151} INFO - [2026-07-09T14:21:09.770+0000] {dagbag.py:539} INFO - Filling up the DagBag from /opt/airflow/dags/predict_daily.py
[2026-07-09T14:21:15.537+0000] {processor.py:841} WARNING - No viable dags retrieved from /opt/airflow/dags/predict_daily.py
[2026-07-09T14:21:15.573+0000] {processor.py:179} INFO - Processing /opt/airflow/dags/predict_daily.py took 5.813 seconds
[2026-07-09T14:21:46.545+0000] {processor.py:157} INFO - Started process (PID=20787) to work on /opt/airflow/dags/predict_daily.py
[2026-07-09T14:21:46.548+0000] {processor.py:829} INFO - Processing file /opt/airflow/dags/predict_daily.py for tasks to queue
[2026-07-09T14:21:46.551+0000] {logging_mixin.py:151} INFO - [2026-07-09T14:21:46.551+0000] {dagbag.py:539} INFO - Filling up the DagBag from /opt/airflow/dags/predict_daily.py
[2026-07-09T14:21:50.730+0000] {processor.py:841} WARNING - No viable dags retrieved from /opt/airflow/dags/predict_daily.py
[2026-07-09T14:21:50.756+0000] {processor.py:179} INFO - Processing /opt/airflow/dags/predict_daily.py took 4.219 seconds
[2026-07-09T14:22:20.976+0000] {processor.py:157} INFO - Started process (PID=20821) to work on /opt/airflow/dags/predict_daily.py
[2026-07-09T14:22:20.978+0000] {processor.py:829} INFO - Processing file /opt/airflow/dags/predict_daily.py for tasks to queue
[2026-07-09T14:22:20.979+0000] {logging_mixin.py:151} INFO - [2026-07-09T14:22:20.978+0000] {dagbag.py:539} INFO - Filling up the DagBag from /opt/airflow/dags/predict_daily.py
[2026-07-09T14:22:24.700+0000] {processor.py:841} WARNING - No viable dags retrieved from /opt/airflow/dags/predict_daily.py
[2026-07-09T14:22:24.726+0000] {processor.py:179} INFO - Processing /opt/airflow/dags/predict_daily.py took 3.756 seconds
[2026-07-09T14:22:55.533+0000] {processor.py:157} INFO - Started process (PID=20861) to work on /opt/airflow/dags/predict_daily.py
[2026-07-09T14:22:55.535+0000] {processor.py:829} INFO - Processing file /opt/airflow/dags/predict_daily.py for tasks to queue
[2026-07-09T14:22:55.538+0000] {logging_mixin.py:151} INFO - [2026-07-09T14:22:55.537+0000] {dagbag.py:539} INFO - Filling up the DagBag from /opt/airflow/dags/predict_daily.py
[2026-07-09T14:22:59.764+0000] {processor.py:841} WARNING - No viable dags retrieved from /opt/airflow/dags/predict_daily.py
[2026-07-09T14:22:59.786+0000] {processor.py:179} INFO - Processing /opt/airflow/dags/predict_daily.py took 4.264 seconds
[2026-07-09T14:23:30.438+0000] {processor.py:157} INFO - Started process (PID=20894) to work on /opt/airflow/dags/predict_daily.py
[2026-07-09T14:23:30.441+0000] {processor.py:829} INFO - Processing file /opt/airflow/dags/predict_daily.py for tasks to queue
[2026-07-09T14:23:30.443+0000] {logging_mixin.py:151} INFO - [2026-07-09T14:23:30.442+0000] {dagbag.py:539} INFO - Filling up the DagBag from /opt/airflow/dags/predict_daily.py
[2026-07-09T14:23:35.029+0000] {processor.py:841} WARNING - No viable dags retrieved from /opt/airflow/dags/predict_daily.py
[2026-07-09T14:23:35.053+0000] {processor.py:179} INFO - Processing /opt/airflow/dags/predict_daily.py took 4.622 seconds
[2026-07-09T14:24:06.034+0000] {processor.py:157} INFO - Started process (PID=20927) to work on /opt/airflow/dags/predict_daily.py
[2026-07-09T14:24:06.036+0000] {processor.py:829} INFO - Processing file /opt/airflow/dags/predict_daily.py for tasks to queue
[2026-07-09T14:24:06.038+0000] {logging_mixin.py:151} INFO - [2026-07-09T14:24:06.037+0000] {dagbag.py:539} INFO - Filling up the DagBag from /opt/airflow/dags/predict_daily.py
[2026-07-09T14:24:10.016+0000] {processor.py:841} WARNING - No viable dags retrieved from /opt/airflow/dags/predict_daily.py
[2026-07-09T14:24:10.046+0000] {processor.py:179} INFO - Processing /opt/airflow/dags/predict_daily.py took 4.019 seconds
[2026-07-09T14:24:40.297+0000] {processor.py:157} INFO - Started process (PID=20960) to work on /opt/airflow/dags/predict_daily.py
[2026-07-09T14:24:40.299+0000] {processor.py:829} INFO - Processing file /opt/airflow/dags/predict_daily.py for tasks to queue
[2026-07-09T14:24:40.300+0000] {logging_mixin.py:151} INFO - [2026-07-09T14:24:40.299+0000] {dagbag.py:539} INFO - Filling up the DagBag from /opt/airflow/dags/predict_daily.py
[2026-07-09T14:24:43.994+0000] {processor.py:841} WARNING - No viable dags retrieved from /opt/airflow/dags/predict_daily.py
[2026-07-09T14:24:44.015+0000] {processor.py:179} INFO - Processing /opt/airflow/dags/predict_daily.py took 3.722 seconds
[2026-07-09T14:25:14.189+0000] {processor.py:157} INFO - Started process (PID=20998) to work on /opt/airflow/dags/predict_daily.py
[2026-07-09T14:25:14.193+0000] {processor.py:829} INFO - Processing file /opt/airflow/dags/predict_daily.py for tasks to queue
[2026-07-09T14:25:14.195+0000] {logging_mixin.py:151} INFO - [2026-07-09T14:25:14.194+0000] {dagbag.py:539} INFO - Filling up the DagBag from /opt/airflow/dags/predict_daily.py
[2026-07-09T14:25:19.680+0000] {processor.py:841} WARNING - No viable dags retrieved from /opt/airflow/dags/predict_daily.py
[2026-07-09T14:25:19.704+0000] {processor.py:179} INFO - Processing /opt/airflow/dags/predict_daily.py took 5.522 seconds
[2026-07-09T14:25:49.936+0000] {processor.py:157} INFO - Started process (PID=21031) to work on /opt/airflow/dags/predict_daily.py
[2026-07-09T14:25:49.951+0000] {processor.py:829} INFO - Processing file /opt/airflow/dags/predict_daily.py for tasks to queue
[2026-07-09T14:25:49.954+0000] {logging_mixin.py:151} INFO - [2026-07-09T14:25:49.954+0000] {dagbag.py:539} INFO - Filling up the DagBag from /opt/airflow/dags/predict_daily.py
[2026-07-09T14:25:53.906+0000] {processor.py:841} WARNING - No viable dags retrieved from /opt/airflow/dags/predict_daily.py
[2026-07-09T14:25:53.928+0000] {processor.py:179} INFO - Processing /opt/airflow/dags/predict_daily.py took 4.001 seconds
[2026-07-09T14:26:24.730+0000] {processor.py:157} INFO - Started process (PID=21064) to work on /opt/airflow/dags/predict_daily.py
[2026-07-09T14:26:24.732+0000] {processor.py:829} INFO - Processing file /opt/airflow/dags/predict_daily.py for tasks to queue
[2026-07-09T14:26:24.734+0000] {logging_mixin.py:151} INFO - [2026-07-09T14:26:24.734+0000] {dagbag.py:539} INFO - Filling up the DagBag from /opt/airflow/dags/predict_daily.py
[2026-07-09T14:26:29.166+0000] {processor.py:841} WARNING - No viable dags retrieved from /opt/airflow/dags/predict_daily.py
[2026-07-09T14:26:29.189+0000] {processor.py:179} INFO - Processing /opt/airflow/dags/predict_daily.py took 4.467 seconds
[2026-07-09T14:26:59.336+0000] {processor.py:157} INFO - Started process (PID=21105) to work on /opt/airflow/dags/predict_daily.py
[2026-07-09T14:26:59.338+0000] {processor.py:829} INFO - Processing file /opt/airflow/dags/predict_daily.py for tasks to queue
[2026-07-09T14:26:59.339+0000] {logging_mixin.py:151} INFO - [2026-07-09T14:26:59.339+0000] {dagbag.py:539} INFO - Filling up the DagBag from /opt/airflow/dags/predict_daily.py
[2026-07-09T14:27:02.921+0000] {processor.py:841} WARNING - No viable dags retrieved from /opt/airflow/dags/predict_daily.py
[2026-07-09T14:27:02.941+0000] {processor.py:179} INFO - Processing /opt/airflow/dags/predict_daily.py took 3.611 seconds
[2026-07-09T14:27:33.802+0000] {processor.py:157} INFO - Started process (PID=21138) to work on /opt/airflow/dags/predict_daily.py
[2026-07-09T14:27:33.805+0000] {processor.py:829} INFO - Processing file /opt/airflow/dags/predict_daily.py for tasks to queue
[2026-07-09T14:27:33.807+0000] {logging_mixin.py:151} INFO - [2026-07-09T14:27:33.807+0000] {dagbag.py:539} INFO - Filling up the DagBag from /opt/airflow/dags/predict_daily.py
[2026-07-09T14:27:38.448+0000] {processor.py:841} WARNING - No viable dags retrieved from /opt/airflow/dags/predict_daily.py
[2026-07-09T14:27:38.477+0000] {processor.py:179} INFO - Processing /opt/airflow/dags/predict_daily.py took 4.682 seconds
[2026-07-09T14:28:08.738+0000] {processor.py:157} INFO - Started process (PID=21171) to work on /opt/airflow/dags/predict_daily.py
[2026-07-09T14:28:08.741+0000] {processor.py:829} INFO - Processing file /opt/airflow/dags/predict_daily.py for tasks to queue
[2026-07-09T14:28:08.744+0000] {logging_mixin.py:151} INFO - [2026-07-09T14:28:08.743+0000] {dagbag.py:539} INFO - Filling up the DagBag from /opt/airflow/dags/predict_daily.py
[2026-07-09T14:28:14.527+0000] {processor.py:841} WARNING - No viable dags retrieved from /opt/airflow/dags/predict_daily.py
[2026-07-09T14:28:14.753+0000] {processor.py:179} INFO - Processing /opt/airflow/dags/predict_daily.py took 6.028 seconds
[2026-07-09T14:28:45.341+0000] {processor.py:157} INFO - Started process (PID=21204) to work on /opt/airflow/dags/predict_daily.py
[2026-07-09T14:28:45.342+0000] {processor.py:829} INFO - Processing file /opt/airflow/dags/predict_daily.py for tasks to queue
[2026-07-09T14:28:45.344+0000] {logging_mixin.py:151} INFO - [2026-07-09T14:28:45.343+0000] {dagbag.py:539} INFO - Filling up the DagBag from /opt/airflow/dags/predict_daily.py
[2026-07-09T14:28:52.666+0000] {processor.py:841} WARNING - No viable dags retrieved from /opt/airflow/dags/predict_daily.py
[2026-07-09T14:28:52.799+0000] {processor.py:179} INFO - Processing /opt/airflow/dags/predict_daily.py took 7.462 seconds
[2026-07-09T14:29:23.043+0000] {processor.py:157} INFO - Started process (PID=21243) to work on /opt/airflow/dags/predict_daily.py
[2026-07-09T14:29:23.046+0000] {processor.py:829} INFO - Processing file /opt/airflow/dags/predict_daily.py for tasks to queue
[2026-07-09T14:29:23.047+0000] {logging_mixin.py:151} INFO - [2026-07-09T14:29:23.047+0000] {dagbag.py:539} INFO - Filling up the DagBag from /opt/airflow/dags/predict_daily.py
[2026-07-09T14:29:27.768+0000] {processor.py:841} WARNING - No viable dags retrieved from /opt/airflow/dags/predict_daily.py
[2026-07-09T14:29:27.808+0000] {processor.py:179} INFO - Processing /opt/airflow/dags/predict_daily.py took 4.769 seconds
[2026-07-09T14:29:58.453+0000] {processor.py:157} INFO - Started process (PID=21283) to work on /opt/airflow/dags/predict_daily.py
[2026-07-09T14:29:58.455+0000] {processor.py:829} INFO - Processing file /opt/airflow/dags/predict_daily.py for tasks to queue
[2026-07-09T14:29:58.457+0000] {logging_mixin.py:151} INFO - [2026-07-09T14:29:58.457+0000] {dagbag.py:539} INFO - Filling up the DagBag from /opt/airflow/dags/predict_daily.py
[2026-07-09T14:30:02.442+0000] {processor.py:841} WARNING - No viable dags retrieved from /opt/airflow/dags/predict_daily.py
[2026-07-09T14:30:02.480+0000] {processor.py:179} INFO - Processing /opt/airflow/dags/predict_daily.py took 4.037 seconds
[2026-07-09T14:30:33.277+0000] {processor.py:157} INFO - Started process (PID=21316) to work on /opt/airflow/dags/predict_daily.py
[2026-07-09T14:30:33.280+0000] {processor.py:829} INFO - Processing file /opt/airflow/dags/predict_daily.py for tasks to queue
[2026-07-09T14:30:33.282+0000] {logging_mixin.py:151} INFO - [2026-07-09T14:30:33.281+0000] {dagbag.py:539} INFO - Filling up the DagBag from /opt/airflow/dags/predict_daily.py
[2026-07-09T14:30:38.516+0000] {processor.py:841} WARNING - No viable dags retrieved from /opt/airflow/dags/predict_daily.py
[2026-07-09T14:30:38.538+0000] {processor.py:179} INFO - Processing /opt/airflow/dags/predict_daily.py took 5.274 seconds
[2026-07-09T14:31:09.535+0000] {processor.py:157} INFO - Started process (PID=21349) to work on /opt/airflow/dags/predict_daily.py
[2026-07-09T14:31:09.538+0000] {processor.py:829} INFO - Processing file /opt/airflow/dags/predict_daily.py for tasks to queue
[2026-07-09T14:31:09.540+0000] {logging_mixin.py:151} INFO - [2026-07-09T14:31:09.539+0000] {dagbag.py:539} INFO - Filling up the DagBag from /opt/airflow/dags/predict_daily.py
[2026-07-09T14:31:13.124+0000] {processor.py:841} WARNING - No viable dags retrieved from /opt/airflow/dags/predict_daily.py
[2026-07-09T14:31:13.143+0000] {processor.py:179} INFO - Processing /opt/airflow/dags/predict_daily.py took 3.615 seconds
[2026-07-09T14:31:43.686+0000] {processor.py:157} INFO - Started process (PID=21382) to work on /opt/airflow/dags/predict_daily.py
[2026-07-09T14:31:43.689+0000] {processor.py:829} INFO - Processing file /opt/airflow/dags/predict_daily.py for tasks to queue
[2026-07-09T14:31:43.690+0000] {logging_mixin.py:151} INFO - [2026-07-09T14:31:43.690+0000] {dagbag.py:539} INFO - Filling up the DagBag from /opt/airflow/dags/predict_daily.py
[2026-07-09T14:31:47.477+0000] {processor.py:841} WARNING - No viable dags retrieved from /opt/airflow/dags/predict_daily.py
[2026-07-09T14:31:47.496+0000] {processor.py:179} INFO - Processing /opt/airflow/dags/predict_daily.py took 3.817 seconds
[2026-07-09T14:32:18.199+0000] {processor.py:157} INFO - Started process (PID=21416) to work on /opt/airflow/dags/predict_daily.py
[2026-07-09T14:32:18.202+0000] {processor.py:829} INFO - Processing file /opt/airflow/dags/predict_daily.py for tasks to queue
[2026-07-09T14:32:18.204+0000] {logging_mixin.py:151} INFO - [2026-07-09T14:32:18.204+0000] {dagbag.py:539} INFO - Filling up the DagBag from /opt/airflow/dags/predict_daily.py
[2026-07-09T14:32:22.332+0000] {processor.py:841} WARNING - No viable dags retrieved from /opt/airflow/dags/predict_daily.py
[2026-07-09T14:32:22.360+0000] {processor.py:179} INFO - Processing /opt/airflow/dags/predict_daily.py took 4.170 seconds
[2026-07-09T14:32:53.518+0000] {processor.py:157} INFO - Started process (PID=21454) to work on /opt/airflow/dags/predict_daily.py
[2026-07-09T14:32:53.520+0000] {processor.py:829} INFO - Processing file /opt/airflow/dags/predict_daily.py for tasks to queue
[2026-07-09T14:32:53.522+0000] {logging_mixin.py:151} INFO - [2026-07-09T14:32:53.521+0000] {dagbag.py:539} INFO - Filling up the DagBag from /opt/airflow/dags/predict_daily.py
[2026-07-09T14:32:56.844+0000] {processor.py:841} WARNING - No viable dags retrieved from /opt/airflow/dags/predict_daily.py
[2026-07-09T14:32:56.860+0000] {processor.py:179} INFO - Processing /opt/airflow/dags/predict_daily.py took 3.347 seconds
[2026-07-09T14:33:27.584+0000] {processor.py:157} INFO - Started process (PID=21494) to work on /opt/airflow/dags/predict_daily.py
[2026-07-09T14:33:27.587+0000] {processor.py:829} INFO - Processing file /opt/airflow/dags/predict_daily.py for tasks to queue
[2026-07-09T14:33:27.589+0000] {logging_mixin.py:151} INFO - [2026-07-09T14:33:27.588+0000] {dagbag.py:539} INFO - Filling up the DagBag from /opt/airflow/dags/predict_daily.py
[2026-07-09T14:33:32.775+0000] {processor.py:841} WARNING - No viable dags retrieved from /opt/airflow/dags/predict_daily.py
[2026-07-09T14:33:32.799+0000] {processor.py:179} INFO - Processing /opt/airflow/dags/predict_daily.py took 5.229 seconds
[2026-07-09T14:34:03.268+0000] {processor.py:157} INFO - Started process (PID=21527) to work on /opt/airflow/dags/predict_daily.py
[2026-07-09T14:34:03.270+0000] {processor.py:829} INFO - Processing file /opt/airflow/dags/predict_daily.py for tasks to queue
[2026-07-09T14:34:03.272+0000] {logging_mixin.py:151} INFO - [2026-07-09T14:34:03.271+0000] {dagbag.py:539} INFO - Filling up the DagBag from /opt/airflow/dags/predict_daily.py
[2026-07-09T14:34:07.352+0000] {processor.py:841} WARNING - No viable dags retrieved from /opt/airflow/dags/predict_daily.py
[2026-07-09T14:34:07.373+0000] {processor.py:179} INFO - Processing /opt/airflow/dags/predict_daily.py took 4.110 seconds
[2026-07-09T14:34:37.662+0000] {processor.py:157} INFO - Started process (PID=21560) to work on /opt/airflow/dags/predict_daily.py
[2026-07-09T14:34:37.665+0000] {processor.py:829} INFO - Processing file /opt/airflow/dags/predict_daily.py for tasks to queue
[2026-07-09T14:34:37.667+0000] {logging_mixin.py:151} INFO - [2026-07-09T14:34:37.667+0000] {dagbag.py:539} INFO - Filling up the DagBag from /opt/airflow/dags/predict_daily.py
[2026-07-09T14:34:41.482+0000] {processor.py:841} WARNING - No viable dags retrieved from /opt/airflow/dags/predict_daily.py
[2026-07-09T14:34:41.500+0000] {processor.py:179} INFO - Processing /opt/airflow/dags/predict_daily.py took 3.844 seconds
[2026-07-09T14:35:12.267+0000] {processor.py:157} INFO - Started process (PID=21593) to work on /opt/airflow/dags/predict_daily.py
[2026-07-09T14:35:12.269+0000] {processor.py:829} INFO - Processing file /opt/airflow/dags/predict_daily.py for tasks to queue
[2026-07-09T14:35:12.272+0000] {logging_mixin.py:151} INFO - [2026-07-09T14:35:12.271+0000] {dagbag.py:539} INFO - Filling up the DagBag from /opt/airflow/dags/predict_daily.py
[2026-07-09T14:35:18.329+0000] {processor.py:841} WARNING - No viable dags retrieved from /opt/airflow/dags/predict_daily.py
[2026-07-09T14:35:18.356+0000] {processor.py:179} INFO - Processing /opt/airflow/dags/predict_daily.py took 6.095 seconds
[2026-07-09T14:35:49.272+0000] {processor.py:157} INFO - Started process (PID=21627) to work on /opt/airflow/dags/predict_daily.py
[2026-07-09T14:35:49.274+0000] {processor.py:829} INFO - Processing file /opt/airflow/dags/predict_daily.py for tasks to queue
[2026-07-09T14:35:49.276+0000] {logging_mixin.py:151} INFO - [2026-07-09T14:35:49.275+0000] {dagbag.py:539} INFO - Filling up the DagBag from /opt/airflow/dags/predict_daily.py
[2026-07-09T14:35:53.560+0000] {processor.py:841} WARNING - No viable dags retrieved from /opt/airflow/dags/predict_daily.py
[2026-07-09T14:35:53.583+0000] {processor.py:179} INFO - Processing /opt/airflow/dags/predict_daily.py took 4.318 seconds
[2026-07-09T14:36:24.237+0000] {processor.py:157} INFO - Started process (PID=21660) to work on /opt/airflow/dags/predict_daily.py
[2026-07-09T14:36:24.239+0000] {processor.py:829} INFO - Processing file /opt/airflow/dags/predict_daily.py for tasks to queue
[2026-07-09T14:36:24.241+0000] {logging_mixin.py:151} INFO - [2026-07-09T14:36:24.240+0000] {dagbag.py:539} INFO - Filling up the DagBag from /opt/airflow/dags/predict_daily.py
[2026-07-09T14:36:26.943+0000] {processor.py:841} WARNING - No viable dags retrieved from /opt/airflow/dags/predict_daily.py
[2026-07-09T14:36:26.958+0000] {processor.py:179} INFO - Processing /opt/airflow/dags/predict_daily.py took 2.726 seconds
[2026-07-09T14:36:57.509+0000] {processor.py:157} INFO - Started process (PID=21693) to work on /opt/airflow/dags/predict_daily.py
[2026-07-09T14:36:57.511+0000] {processor.py:829} INFO - Processing file /opt/airflow/dags/predict_daily.py for tasks to queue
[2026-07-09T14:36:57.512+0000] {logging_mixin.py:151} INFO - [2026-07-09T14:36:57.512+0000] {dagbag.py:539} INFO - Filling up the DagBag from /opt/airflow/dags/predict_daily.py
[2026-07-09T14:37:01.970+0000] {processor.py:841} WARNING - No viable dags retrieved from /opt/airflow/dags/predict_daily.py
[2026-07-09T14:37:01.989+0000] {processor.py:179} INFO - Processing /opt/airflow/dags/predict_daily.py took 4.490 seconds
[2026-07-09T14:37:32.621+0000] {processor.py:157} INFO - Started process (PID=21732) to work on /opt/airflow/dags/predict_daily.py
[2026-07-09T14:37:32.625+0000] {processor.py:829} INFO - Processing file /opt/airflow/dags/predict_daily.py for tasks to queue
[2026-07-09T14:37:32.627+0000] {logging_mixin.py:151} INFO - [2026-07-09T14:37:32.626+0000] {dagbag.py:539} INFO - Filling up the DagBag from /opt/airflow/dags/predict_daily.py
[2026-07-09T14:37:38.415+0000] {processor.py:841} WARNING - No viable dags retrieved from /opt/airflow/dags/predict_daily.py
[2026-07-09T14:37:38.433+0000] {processor.py:179} INFO - Processing /opt/airflow/dags/predict_daily.py took 5.822 seconds
[2026-07-09T14:38:09.402+0000] {processor.py:157} INFO - Started process (PID=21770) to work on /opt/airflow/dags/predict_daily.py
[2026-07-09T14:38:09.405+0000] {processor.py:829} INFO - Processing file /opt/airflow/dags/predict_daily.py for tasks to queue
[2026-07-09T14:38:09.406+0000] {logging_mixin.py:151} INFO - [2026-07-09T14:38:09.406+0000] {dagbag.py:539} INFO - Filling up the DagBag from /opt/airflow/dags/predict_daily.py
[2026-07-09T14:38:13.357+0000] {processor.py:841} WARNING - No viable dags retrieved from /opt/airflow/dags/predict_daily.py
[2026-07-09T14:38:13.382+0000] {processor.py:179} INFO - Processing /opt/airflow/dags/predict_daily.py took 3.989 seconds
[2026-07-09T14:38:43.876+0000] {processor.py:157} INFO - Started process (PID=21803) to work on /opt/airflow/dags/predict_daily.py
[2026-07-09T14:38:43.879+0000] {processor.py:829} INFO - Processing file /opt/airflow/dags/predict_daily.py for tasks to queue
[2026-07-09T14:38:43.881+0000] {logging_mixin.py:151} INFO - [2026-07-09T14:38:43.880+0000] {dagbag.py:539} INFO - Filling up the DagBag from /opt/airflow/dags/predict_daily.py
[2026-07-09T14:38:47.499+0000] {processor.py:841} WARNING - No viable dags retrieved from /opt/airflow/dags/predict_daily.py
[2026-07-09T14:38:47.521+0000] {processor.py:179} INFO - Processing /opt/airflow/dags/predict_daily.py took 3.650 seconds
[2026-07-09T14:39:18.314+0000] {processor.py:157} INFO - Started process (PID=21836) to work on /opt/airflow/dags/predict_daily.py
[2026-07-09T14:39:18.316+0000] {processor.py:829} INFO - Processing file /opt/airflow/dags/predict_daily.py for tasks to queue
[2026-07-09T14:39:18.319+0000] {logging_mixin.py:151} INFO - [2026-07-09T14:39:18.318+0000] {dagbag.py:539} INFO - Filling up the DagBag from /opt/airflow/dags/predict_daily.py
[2026-07-09T14:39:23.015+0000] {processor.py:841} WARNING - No viable dags retrieved from /opt/airflow/dags/predict_daily.py
[2026-07-09T14:39:23.035+0000] {processor.py:179} INFO - Processing /opt/airflow/dags/predict_daily.py took 4.727 seconds
[2026-07-09T14:39:53.261+0000] {processor.py:157} INFO - Started process (PID=21869) to work on /opt/airflow/dags/predict_daily.py
[2026-07-09T14:39:53.263+0000] {processor.py:829} INFO - Processing file /opt/airflow/dags/predict_daily.py for tasks to queue
[2026-07-09T14:39:53.266+0000] {logging_mixin.py:151} INFO - [2026-07-09T14:39:53.266+0000] {dagbag.py:539} INFO - Filling up the DagBag from /opt/airflow/dags/predict_daily.py
[2026-07-09T14:39:56.067+0000] {processor.py:841} WARNING - No viable dags retrieved from /opt/airflow/dags/predict_daily.py
[2026-07-09T14:39:56.081+0000] {processor.py:179} INFO - Processing /opt/airflow/dags/predict_daily.py took 2.825 seconds
[2026-07-09T14:40:26.498+0000] {processor.py:157} INFO - Started process (PID=21902) to work on /opt/airflow/dags/predict_daily.py
[2026-07-09T14:40:26.501+0000] {processor.py:829} INFO - Processing file /opt/airflow/dags/predict_daily.py for tasks to queue
[2026-07-09T14:40:26.502+0000] {logging_mixin.py:151} INFO - [2026-07-09T14:40:26.502+0000] {dagbag.py:539} INFO - Filling up the DagBag from /opt/airflow/dags/predict_daily.py
[2026-07-09T14:40:32.444+0000] {processor.py:841} WARNING - No viable dags retrieved from /opt/airflow/dags/predict_daily.py
[2026-07-09T14:40:32.469+0000] {processor.py:179} INFO - Processing /opt/airflow/dags/predict_daily.py took 5.983 seconds
[2026-07-09T14:41:02.880+0000] {processor.py:157} INFO - Started process (PID=21942) to work on /opt/airflow/dags/predict_daily.py
[2026-07-09T14:41:02.882+0000] {processor.py:829} INFO - Processing file /opt/airflow/dags/predict_daily.py for tasks to queue
[2026-07-09T14:41:02.883+0000] {logging_mixin.py:151} INFO - [2026-07-09T14:41:02.883+0000] {dagbag.py:539} INFO - Filling up the DagBag from /opt/airflow/dags/predict_daily.py
[2026-07-09T14:41:10.798+0000] {processor.py:841} WARNING - No viable dags retrieved from /opt/airflow/dags/predict_daily.py
[2026-07-09T14:41:10.822+0000] {processor.py:179} INFO - Processing /opt/airflow/dags/predict_daily.py took 7.949 seconds
[2026-07-09T14:41:41.165+0000] {processor.py:157} INFO - Started process (PID=21980) to work on /opt/airflow/dags/predict_daily.py
[2026-07-09T14:41:41.167+0000] {processor.py:829} INFO - Processing file /opt/airflow/dags/predict_daily.py for tasks to queue
[2026-07-09T14:41:41.169+0000] {logging_mixin.py:151} INFO - [2026-07-09T14:41:41.168+0000] {dagbag.py:539} INFO - Filling up the DagBag from /opt/airflow/dags/predict_daily.py
[2026-07-09T14:41:45.333+0000] {processor.py:841} WARNING - No viable dags retrieved from /opt/airflow/dags/predict_daily.py
[2026-07-09T14:41:45.354+0000] {processor.py:179} INFO - Processing /opt/airflow/dags/predict_daily.py took 4.196 seconds
[2026-07-09T14:42:15.847+0000] {processor.py:157} INFO - Started process (PID=22013) to work on /opt/airflow/dags/predict_daily.py
[2026-07-09T14:42:15.850+0000] {processor.py:829} INFO - Processing file /opt/airflow/dags/predict_daily.py for tasks to queue
[2026-07-09T14:42:15.854+0000] {logging_mixin.py:151} INFO - [2026-07-09T14:42:15.853+0000] {dagbag.py:539} INFO - Filling up the DagBag from /opt/airflow/dags/predict_daily.py
[2026-07-09T14:42:19.840+0000] {processor.py:841} WARNING - No viable dags retrieved from /opt/airflow/dags/predict_daily.py
[2026-07-09T14:42:19.865+0000] {processor.py:179} INFO - Processing /opt/airflow/dags/predict_daily.py took 4.024 seconds
[2026-07-09T14:42:50.381+0000] {processor.py:157} INFO - Started process (PID=22047) to work on /opt/airflow/dags/predict_daily.py
[2026-07-09T14:42:50.384+0000] {processor.py:829} INFO - Processing file /opt/airflow/dags/predict_daily.py for tasks to queue
[2026-07-09T14:42:50.386+0000] {logging_mixin.py:151} INFO - [2026-07-09T14:42:50.385+0000] {dagbag.py:539} INFO - Filling up the DagBag from /opt/airflow/dags/predict_daily.py
[2026-07-09T14:42:54.538+0000] {processor.py:841} WARNING - No viable dags retrieved from /opt/airflow/dags/predict_daily.py
[2026-07-09T14:42:54.561+0000] {processor.py:179} INFO - Processing /opt/airflow/dags/predict_daily.py took 4.187 seconds
[2026-07-09T14:43:24.869+0000] {processor.py:157} INFO - Started process (PID=22080) to work on /opt/airflow/dags/predict_daily.py
[2026-07-09T14:43:24.872+0000] {processor.py:829} INFO - Processing file /opt/airflow/dags/predict_daily.py for tasks to queue
[2026-07-09T14:43:24.875+0000] {logging_mixin.py:151} INFO - [2026-07-09T14:43:24.874+0000] {dagbag.py:539} INFO - Filling up the DagBag from /opt/airflow/dags/predict_daily.py
[2026-07-09T14:43:28.719+0000] {processor.py:841} WARNING - No viable dags retrieved from /opt/airflow/dags/predict_daily.py
[2026-07-09T14:43:28.742+0000] {processor.py:179} INFO - Processing /opt/airflow/dags/predict_daily.py took 3.879 seconds
[2026-07-09T14:43:59.250+0000] {processor.py:157} INFO - Started process (PID=22113) to work on /opt/airflow/dags/predict_daily.py
[2026-07-09T14:43:59.252+0000] {processor.py:829} INFO - Processing file /opt/airflow/dags/predict_daily.py for tasks to queue
[2026-07-09T14:43:59.253+0000] {logging_mixin.py:151} INFO - [2026-07-09T14:43:59.253+0000] {dagbag.py:539} INFO - Filling up the DagBag from /opt/airflow/dags/predict_daily.py
[2026-07-09T14:44:03.435+0000] {processor.py:841} WARNING - No viable dags retrieved from /opt/airflow/dags/predict_daily.py
[2026-07-09T14:44:03.448+0000] {processor.py:179} INFO - Processing /opt/airflow/dags/predict_daily.py took 4.203 seconds
[2026-07-09T14:44:33.876+0000] {processor.py:157} INFO - Started process (PID=22153) to work on /opt/airflow/dags/predict_daily.py
[2026-07-09T14:44:33.878+0000] {processor.py:829} INFO - Processing file /opt/airflow/dags/predict_daily.py for tasks to queue
[2026-07-09T14:44:33.879+0000] {logging_mixin.py:151} INFO - [2026-07-09T14:44:33.878+0000] {dagbag.py:539} INFO - Filling up the DagBag from /opt/airflow/dags/predict_daily.py
[2026-07-09T14:44:38.060+0000] {processor.py:841} WARNING - No viable dags retrieved from /opt/airflow/dags/predict_daily.py
[2026-07-09T14:44:38.081+0000] {processor.py:179} INFO - Processing /opt/airflow/dags/predict_daily.py took 4.211 seconds
[2026-07-09T14:45:08.259+0000] {processor.py:157} INFO - Started process (PID=22186) to work on /opt/airflow/dags/predict_daily.py
[2026-07-09T14:45:08.262+0000] {processor.py:829} INFO - Processing file /opt/airflow/dags/predict_daily.py for tasks to queue
[2026-07-09T14:45:08.263+0000] {logging_mixin.py:151} INFO - [2026-07-09T14:45:08.263+0000] {dagbag.py:539} INFO - Filling up the DagBag from /opt/airflow/dags/predict_daily.py
[2026-07-09T14:45:12.333+0000] {processor.py:841} WARNING - No viable dags retrieved from /opt/airflow/dags/predict_daily.py
[2026-07-09T14:45:12.347+0000] {processor.py:179} INFO - Processing /opt/airflow/dags/predict_daily.py took 4.097 seconds
[2026-07-09T14:45:42.782+0000] {processor.py:157} INFO - Started process (PID=22219) to work on /opt/airflow/dags/predict_daily.py
[2026-07-09T14:45:42.785+0000] {processor.py:829} INFO - Processing file /opt/airflow/dags/predict_daily.py for tasks to queue
[2026-07-09T14:45:42.786+0000] {logging_mixin.py:151} INFO - [2026-07-09T14:45:42.786+0000] {dagbag.py:539} INFO - Filling up the DagBag from /opt/airflow/dags/predict_daily.py
[2026-07-09T14:45:46.754+0000] {processor.py:841} WARNING - No viable dags retrieved from /opt/airflow/dags/predict_daily.py
[2026-07-09T14:45:46.780+0000] {processor.py:179} INFO - Processing /opt/airflow/dags/predict_daily.py took 4.004 seconds
[2026-07-09T14:46:17.457+0000] {processor.py:157} INFO - Started process (PID=22257) to work on /opt/airflow/dags/predict_daily.py
[2026-07-09T14:46:17.460+0000] {processor.py:829} INFO - Processing file /opt/airflow/dags/predict_daily.py for tasks to queue
[2026-07-09T14:46:17.462+0000] {logging_mixin.py:151} INFO - [2026-07-09T14:46:17.461+0000] {dagbag.py:539} INFO - Filling up the DagBag from /opt/airflow/dags/predict_daily.py
[2026-07-09T14:46:21.920+0000] {processor.py:841} WARNING - No viable dags retrieved from /opt/airflow/dags/predict_daily.py
[2026-07-09T14:46:21.938+0000] {processor.py:179} INFO - Processing /opt/airflow/dags/predict_daily.py took 4.487 seconds
[2026-07-09T14:46:52.157+0000] {processor.py:157} INFO - Started process (PID=22290) to work on /opt/airflow/dags/predict_daily.py
[2026-07-09T14:46:52.160+0000] {processor.py:829} INFO - Processing file /opt/airflow/dags/predict_daily.py for tasks to queue
[2026-07-09T14:46:52.162+0000] {logging_mixin.py:151} INFO - [2026-07-09T14:46:52.161+0000] {dagbag.py:539} INFO - Filling up the DagBag from /opt/airflow/dags/predict_daily.py
[2026-07-09T14:46:57.556+0000] {processor.py:841} WARNING - No viable dags retrieved from /opt/airflow/dags/predict_daily.py
[2026-07-09T14:46:57.586+0000] {processor.py:179} INFO - Processing /opt/airflow/dags/predict_daily.py took 5.436 seconds
