[2026-06-19T05:45:44.682+0000] {processor.py:157} INFO - Started process (PID=8670) to work on /opt/airflow/dags/binance_daily_dag.py
[2026-06-19T05:45:44.685+0000] {processor.py:829} INFO - Processing file /opt/airflow/dags/binance_daily_dag.py for tasks to queue
[2026-06-19T05:45:44.709+0000] {logging_mixin.py:151} INFO - [2026-06-19T05:45:44.699+0000] {dagbag.py:539} INFO - Filling up the DagBag from /opt/airflow/dags/binance_daily_dag.py
[2026-06-19T05:45:58.028+0000] {logging_mixin.py:151} INFO - [2026-06-19T05:45:58.022+0000] {dagbag.py:347} ERROR - Failed to import: /opt/airflow/dags/binance_daily_dag.py
Traceback (most recent call last):
  File "/home/airflow/.local/lib/python3.10/site-packages/airflow/models/dagbag.py", line 343, in parse
    loader.exec_module(new_module)
  File "<frozen importlib._bootstrap_external>", line 883, in exec_module
  File "<frozen importlib._bootstrap>", line 241, in _call_with_frames_removed
  File "/opt/airflow/dags/binance_daily_dag.py", line 10, in <module>
    local_tz = pendulum.timezone("Asia/Ho_Chi_Minh")
NameError: name 'pendulum' is not defined
[2026-06-19T05:45:58.036+0000] {processor.py:841} WARNING - No viable dags retrieved from /opt/airflow/dags/binance_daily_dag.py
[2026-06-19T05:45:58.067+0000] {processor.py:179} INFO - Processing /opt/airflow/dags/binance_daily_dag.py took 13.414 seconds
[2026-06-19T05:46:28.999+0000] {processor.py:157} INFO - Started process (PID=8710) to work on /opt/airflow/dags/binance_daily_dag.py
[2026-06-19T05:46:29.000+0000] {processor.py:829} INFO - Processing file /opt/airflow/dags/binance_daily_dag.py for tasks to queue
[2026-06-19T05:46:29.001+0000] {logging_mixin.py:151} INFO - [2026-06-19T05:46:29.001+0000] {dagbag.py:539} INFO - Filling up the DagBag from /opt/airflow/dags/binance_daily_dag.py
[2026-06-19T05:46:31.637+0000] {logging_mixin.py:151} INFO - [2026-06-19T05:46:31.632+0000] {dagbag.py:347} ERROR - Failed to import: /opt/airflow/dags/binance_daily_dag.py
Traceback (most recent call last):
  File "/home/airflow/.local/lib/python3.10/site-packages/airflow/models/dagbag.py", line 343, in parse
    loader.exec_module(new_module)
  File "<frozen importlib._bootstrap_external>", line 883, in exec_module
  File "<frozen importlib._bootstrap>", line 241, in _call_with_frames_removed
  File "/opt/airflow/dags/binance_daily_dag.py", line 10, in <module>
    local_tz = pendulum.timezone("Asia/Ho_Chi_Minh")
NameError: name 'pendulum' is not defined
[2026-06-19T05:46:31.642+0000] {processor.py:841} WARNING - No viable dags retrieved from /opt/airflow/dags/binance_daily_dag.py
[2026-06-19T05:46:31.664+0000] {processor.py:179} INFO - Processing /opt/airflow/dags/binance_daily_dag.py took 2.668 seconds
[2026-06-19T05:47:02.406+0000] {processor.py:157} INFO - Started process (PID=8743) to work on /opt/airflow/dags/binance_daily_dag.py
[2026-06-19T05:47:02.408+0000] {processor.py:829} INFO - Processing file /opt/airflow/dags/binance_daily_dag.py for tasks to queue
[2026-06-19T05:47:02.409+0000] {logging_mixin.py:151} INFO - [2026-06-19T05:47:02.409+0000] {dagbag.py:539} INFO - Filling up the DagBag from /opt/airflow/dags/binance_daily_dag.py
[2026-06-19T05:47:09.725+0000] {logging_mixin.py:151} INFO - [2026-06-19T05:47:09.718+0000] {dagbag.py:347} ERROR - Failed to import: /opt/airflow/dags/binance_daily_dag.py
Traceback (most recent call last):
  File "/home/airflow/.local/lib/python3.10/site-packages/airflow/models/dagbag.py", line 343, in parse
    loader.exec_module(new_module)
  File "<frozen importlib._bootstrap_external>", line 883, in exec_module
  File "<frozen importlib._bootstrap>", line 241, in _call_with_frames_removed
  File "/opt/airflow/dags/binance_daily_dag.py", line 10, in <module>
    local_tz = pendulum.timezone("Asia/Ho_Chi_Minh")
NameError: name 'pendulum' is not defined
[2026-06-19T05:47:09.731+0000] {processor.py:841} WARNING - No viable dags retrieved from /opt/airflow/dags/binance_daily_dag.py
[2026-06-19T05:47:09.775+0000] {processor.py:179} INFO - Processing /opt/airflow/dags/binance_daily_dag.py took 7.383 seconds
[2026-06-19T05:47:40.824+0000] {processor.py:157} INFO - Started process (PID=8781) to work on /opt/airflow/dags/binance_daily_dag.py
[2026-06-19T05:47:40.825+0000] {processor.py:829} INFO - Processing file /opt/airflow/dags/binance_daily_dag.py for tasks to queue
[2026-06-19T05:47:40.826+0000] {logging_mixin.py:151} INFO - [2026-06-19T05:47:40.826+0000] {dagbag.py:539} INFO - Filling up the DagBag from /opt/airflow/dags/binance_daily_dag.py
[2026-06-19T05:47:43.752+0000] {logging_mixin.py:151} INFO - [2026-06-19T05:47:43.747+0000] {dagbag.py:347} ERROR - Failed to import: /opt/airflow/dags/binance_daily_dag.py
Traceback (most recent call last):
  File "/home/airflow/.local/lib/python3.10/site-packages/airflow/models/dagbag.py", line 343, in parse
    loader.exec_module(new_module)
  File "<frozen importlib._bootstrap_external>", line 883, in exec_module
  File "<frozen importlib._bootstrap>", line 241, in _call_with_frames_removed
  File "/opt/airflow/dags/binance_daily_dag.py", line 10, in <module>
    local_tz = pendulum.timezone("Asia/Ho_Chi_Minh")
NameError: name 'pendulum' is not defined
[2026-06-19T05:47:43.757+0000] {processor.py:841} WARNING - No viable dags retrieved from /opt/airflow/dags/binance_daily_dag.py
[2026-06-19T05:47:43.783+0000] {processor.py:179} INFO - Processing /opt/airflow/dags/binance_daily_dag.py took 2.963 seconds
[2026-06-19T05:48:14.344+0000] {processor.py:157} INFO - Started process (PID=8814) to work on /opt/airflow/dags/binance_daily_dag.py
[2026-06-19T05:48:14.346+0000] {processor.py:829} INFO - Processing file /opt/airflow/dags/binance_daily_dag.py for tasks to queue
[2026-06-19T05:48:14.347+0000] {logging_mixin.py:151} INFO - [2026-06-19T05:48:14.347+0000] {dagbag.py:539} INFO - Filling up the DagBag from /opt/airflow/dags/binance_daily_dag.py
[2026-06-19T05:48:17.261+0000] {logging_mixin.py:151} INFO - [2026-06-19T05:48:17.257+0000] {dagbag.py:347} ERROR - Failed to import: /opt/airflow/dags/binance_daily_dag.py
Traceback (most recent call last):
  File "/home/airflow/.local/lib/python3.10/site-packages/airflow/models/dagbag.py", line 343, in parse
    loader.exec_module(new_module)
  File "<frozen importlib._bootstrap_external>", line 883, in exec_module
  File "<frozen importlib._bootstrap>", line 241, in _call_with_frames_removed
  File "/opt/airflow/dags/binance_daily_dag.py", line 10, in <module>
    local_tz = pendulum.timezone("Asia/Ho_Chi_Minh")
NameError: name 'pendulum' is not defined
[2026-06-19T05:48:17.266+0000] {processor.py:841} WARNING - No viable dags retrieved from /opt/airflow/dags/binance_daily_dag.py
[2026-06-19T05:48:17.292+0000] {processor.py:179} INFO - Processing /opt/airflow/dags/binance_daily_dag.py took 2.953 seconds
[2026-06-19T05:48:47.679+0000] {processor.py:157} INFO - Started process (PID=8847) to work on /opt/airflow/dags/binance_daily_dag.py
[2026-06-19T05:48:47.681+0000] {processor.py:829} INFO - Processing file /opt/airflow/dags/binance_daily_dag.py for tasks to queue
[2026-06-19T05:48:47.682+0000] {logging_mixin.py:151} INFO - [2026-06-19T05:48:47.682+0000] {dagbag.py:539} INFO - Filling up the DagBag from /opt/airflow/dags/binance_daily_dag.py
[2026-06-19T05:48:50.600+0000] {logging_mixin.py:151} INFO - [2026-06-19T05:48:50.595+0000] {dagbag.py:347} ERROR - Failed to import: /opt/airflow/dags/binance_daily_dag.py
Traceback (most recent call last):
  File "/home/airflow/.local/lib/python3.10/site-packages/airflow/models/dagbag.py", line 343, in parse
    loader.exec_module(new_module)
  File "<frozen importlib._bootstrap_external>", line 883, in exec_module
  File "<frozen importlib._bootstrap>", line 241, in _call_with_frames_removed
  File "/opt/airflow/dags/binance_daily_dag.py", line 10, in <module>
    local_tz = pendulum.timezone("Asia/Ho_Chi_Minh")
NameError: name 'pendulum' is not defined
[2026-06-19T05:48:50.604+0000] {processor.py:841} WARNING - No viable dags retrieved from /opt/airflow/dags/binance_daily_dag.py
[2026-06-19T05:48:50.628+0000] {processor.py:179} INFO - Processing /opt/airflow/dags/binance_daily_dag.py took 2.953 seconds
[2026-06-19T05:49:21.042+0000] {processor.py:157} INFO - Started process (PID=8880) to work on /opt/airflow/dags/binance_daily_dag.py
[2026-06-19T05:49:21.043+0000] {processor.py:829} INFO - Processing file /opt/airflow/dags/binance_daily_dag.py for tasks to queue
[2026-06-19T05:49:21.044+0000] {logging_mixin.py:151} INFO - [2026-06-19T05:49:21.044+0000] {dagbag.py:539} INFO - Filling up the DagBag from /opt/airflow/dags/binance_daily_dag.py
[2026-06-19T05:49:24.266+0000] {logging_mixin.py:151} INFO - [2026-06-19T05:49:24.262+0000] {dagbag.py:347} ERROR - Failed to import: /opt/airflow/dags/binance_daily_dag.py
Traceback (most recent call last):
  File "/home/airflow/.local/lib/python3.10/site-packages/airflow/models/dagbag.py", line 343, in parse
    loader.exec_module(new_module)
  File "<frozen importlib._bootstrap_external>", line 883, in exec_module
  File "<frozen importlib._bootstrap>", line 241, in _call_with_frames_removed
  File "/opt/airflow/dags/binance_daily_dag.py", line 10, in <module>
    local_tz = pendulum.timezone("Asia/Ho_Chi_Minh")
NameError: name 'pendulum' is not defined
[2026-06-19T05:49:24.270+0000] {processor.py:841} WARNING - No viable dags retrieved from /opt/airflow/dags/binance_daily_dag.py
[2026-06-19T05:49:24.298+0000] {processor.py:179} INFO - Processing /opt/airflow/dags/binance_daily_dag.py took 3.259 seconds
[2026-06-19T05:49:54.574+0000] {processor.py:157} INFO - Started process (PID=8916) to work on /opt/airflow/dags/binance_daily_dag.py
[2026-06-19T05:49:54.578+0000] {processor.py:829} INFO - Processing file /opt/airflow/dags/binance_daily_dag.py for tasks to queue
[2026-06-19T05:49:54.580+0000] {logging_mixin.py:151} INFO - [2026-06-19T05:49:54.580+0000] {dagbag.py:539} INFO - Filling up the DagBag from /opt/airflow/dags/binance_daily_dag.py
[2026-06-19T05:50:00.080+0000] {logging_mixin.py:151} INFO - [2026-06-19T05:50:00.072+0000] {dagbag.py:347} ERROR - Failed to import: /opt/airflow/dags/binance_daily_dag.py
Traceback (most recent call last):
  File "/home/airflow/.local/lib/python3.10/site-packages/airflow/models/dagbag.py", line 343, in parse
    loader.exec_module(new_module)
  File "<frozen importlib._bootstrap_external>", line 883, in exec_module
  File "<frozen importlib._bootstrap>", line 241, in _call_with_frames_removed
  File "/opt/airflow/dags/binance_daily_dag.py", line 10, in <module>
    local_tz = pendulum.timezone("Asia/Ho_Chi_Minh")
NameError: name 'pendulum' is not defined
[2026-06-19T05:50:00.088+0000] {processor.py:841} WARNING - No viable dags retrieved from /opt/airflow/dags/binance_daily_dag.py
[2026-06-19T05:50:00.156+0000] {processor.py:179} INFO - Processing /opt/airflow/dags/binance_daily_dag.py took 5.590 seconds
[2026-06-19T05:50:30.886+0000] {processor.py:157} INFO - Started process (PID=8956) to work on /opt/airflow/dags/binance_daily_dag.py
[2026-06-19T05:50:30.888+0000] {processor.py:829} INFO - Processing file /opt/airflow/dags/binance_daily_dag.py for tasks to queue
[2026-06-19T05:50:30.889+0000] {logging_mixin.py:151} INFO - [2026-06-19T05:50:30.889+0000] {dagbag.py:539} INFO - Filling up the DagBag from /opt/airflow/dags/binance_daily_dag.py
[2026-06-19T05:50:34.615+0000] {logging_mixin.py:151} INFO - [2026-06-19T05:50:34.610+0000] {dagbag.py:347} ERROR - Failed to import: /opt/airflow/dags/binance_daily_dag.py
Traceback (most recent call last):
  File "/home/airflow/.local/lib/python3.10/site-packages/airflow/models/dagbag.py", line 343, in parse
    loader.exec_module(new_module)
  File "<frozen importlib._bootstrap_external>", line 883, in exec_module
  File "<frozen importlib._bootstrap>", line 241, in _call_with_frames_removed
  File "/opt/airflow/dags/binance_daily_dag.py", line 10, in <module>
    local_tz = pendulum.timezone("Asia/Ho_Chi_Minh")
NameError: name 'pendulum' is not defined
[2026-06-19T05:50:34.619+0000] {processor.py:841} WARNING - No viable dags retrieved from /opt/airflow/dags/binance_daily_dag.py
[2026-06-19T05:50:34.642+0000] {processor.py:179} INFO - Processing /opt/airflow/dags/binance_daily_dag.py took 3.761 seconds
[2026-06-19T05:51:04.969+0000] {processor.py:157} INFO - Started process (PID=8989) to work on /opt/airflow/dags/binance_daily_dag.py
[2026-06-19T05:51:04.978+0000] {processor.py:829} INFO - Processing file /opt/airflow/dags/binance_daily_dag.py for tasks to queue
[2026-06-19T05:51:04.981+0000] {logging_mixin.py:151} INFO - [2026-06-19T05:51:04.980+0000] {dagbag.py:539} INFO - Filling up the DagBag from /opt/airflow/dags/binance_daily_dag.py
[2026-06-19T05:51:12.737+0000] {logging_mixin.py:151} INFO - [2026-06-19T05:51:12.729+0000] {dagbag.py:347} ERROR - Failed to import: /opt/airflow/dags/binance_daily_dag.py
Traceback (most recent call last):
  File "/home/airflow/.local/lib/python3.10/site-packages/airflow/models/dagbag.py", line 343, in parse
    loader.exec_module(new_module)
  File "<frozen importlib._bootstrap_external>", line 883, in exec_module
  File "<frozen importlib._bootstrap>", line 241, in _call_with_frames_removed
  File "/opt/airflow/dags/binance_daily_dag.py", line 10, in <module>
    local_tz = pendulum.timezone("Asia/Ho_Chi_Minh")
NameError: name 'pendulum' is not defined
[2026-06-19T05:51:12.746+0000] {processor.py:841} WARNING - No viable dags retrieved from /opt/airflow/dags/binance_daily_dag.py
[2026-06-19T05:51:12.791+0000] {processor.py:179} INFO - Processing /opt/airflow/dags/binance_daily_dag.py took 7.850 seconds
[2026-06-19T05:51:43.713+0000] {processor.py:157} INFO - Started process (PID=9028) to work on /opt/airflow/dags/binance_daily_dag.py
[2026-06-19T05:51:43.716+0000] {processor.py:829} INFO - Processing file /opt/airflow/dags/binance_daily_dag.py for tasks to queue
[2026-06-19T05:51:43.718+0000] {logging_mixin.py:151} INFO - [2026-06-19T05:51:43.717+0000] {dagbag.py:539} INFO - Filling up the DagBag from /opt/airflow/dags/binance_daily_dag.py
[2026-06-19T05:51:48.964+0000] {logging_mixin.py:151} INFO - [2026-06-19T05:51:48.958+0000] {dagbag.py:347} ERROR - Failed to import: /opt/airflow/dags/binance_daily_dag.py
Traceback (most recent call last):
  File "/home/airflow/.local/lib/python3.10/site-packages/airflow/models/dagbag.py", line 343, in parse
    loader.exec_module(new_module)
  File "<frozen importlib._bootstrap_external>", line 883, in exec_module
  File "<frozen importlib._bootstrap>", line 241, in _call_with_frames_removed
  File "/opt/airflow/dags/binance_daily_dag.py", line 10, in <module>
    local_tz = pendulum.timezone("Asia/Ho_Chi_Minh")
NameError: name 'pendulum' is not defined
[2026-06-19T05:51:48.973+0000] {processor.py:841} WARNING - No viable dags retrieved from /opt/airflow/dags/binance_daily_dag.py
[2026-06-19T05:51:49.022+0000] {processor.py:179} INFO - Processing /opt/airflow/dags/binance_daily_dag.py took 5.319 seconds
[2026-06-19T05:52:12.762+0000] {processor.py:157} INFO - Started process (PID=9053) to work on /opt/airflow/dags/binance_daily_dag.py
[2026-06-19T05:52:12.765+0000] {processor.py:829} INFO - Processing file /opt/airflow/dags/binance_daily_dag.py for tasks to queue
[2026-06-19T05:52:12.767+0000] {logging_mixin.py:151} INFO - [2026-06-19T05:52:12.767+0000] {dagbag.py:539} INFO - Filling up the DagBag from /opt/airflow/dags/binance_daily_dag.py
[2026-06-19T05:52:17.821+0000] {logging_mixin.py:151} INFO - [2026-06-19T05:52:17.817+0000] {dagbag.py:347} ERROR - Failed to import: /opt/airflow/dags/binance_daily_dag.py
Traceback (most recent call last):
  File "/home/airflow/.local/lib/python3.10/site-packages/airflow/models/dagbag.py", line 343, in parse
    loader.exec_module(new_module)
  File "<frozen importlib._bootstrap_external>", line 883, in exec_module
  File "<frozen importlib._bootstrap>", line 241, in _call_with_frames_removed
  File "/opt/airflow/dags/binance_daily_dag.py", line 10, in <module>
    local_tz = pendulum.timezone("Asia/Ho_Chi_Minh")
NameError: name 'pendulum' is not defined
[2026-06-19T05:52:17.825+0000] {processor.py:841} WARNING - No viable dags retrieved from /opt/airflow/dags/binance_daily_dag.py
[2026-06-19T05:52:17.852+0000] {processor.py:179} INFO - Processing /opt/airflow/dags/binance_daily_dag.py took 5.101 seconds
[2026-06-19T05:52:30.912+0000] {processor.py:157} INFO - Started process (PID=9086) to work on /opt/airflow/dags/binance_daily_dag.py
[2026-06-19T05:52:30.921+0000] {processor.py:829} INFO - Processing file /opt/airflow/dags/binance_daily_dag.py for tasks to queue
[2026-06-19T05:52:30.923+0000] {logging_mixin.py:151} INFO - [2026-06-19T05:52:30.923+0000] {dagbag.py:539} INFO - Filling up the DagBag from /opt/airflow/dags/binance_daily_dag.py
[2026-06-19T05:52:36.343+0000] {logging_mixin.py:151} INFO - [2026-06-19T05:52:36.337+0000] {dagbag.py:347} ERROR - Failed to import: /opt/airflow/dags/binance_daily_dag.py
Traceback (most recent call last):
  File "/home/airflow/.local/lib/python3.10/site-packages/airflow/models/dagbag.py", line 343, in parse
    loader.exec_module(new_module)
  File "<frozen importlib._bootstrap_external>", line 883, in exec_module
  File "<frozen importlib._bootstrap>", line 241, in _call_with_frames_removed
  File "/opt/airflow/dags/binance_daily_dag.py", line 10, in <module>
    local_tz = pendulum.timezone("Asia/Ho_Chi_Minh")
NameError: name 'pendulum' is not defined
[2026-06-19T05:52:36.348+0000] {processor.py:841} WARNING - No viable dags retrieved from /opt/airflow/dags/binance_daily_dag.py
[2026-06-19T05:52:36.380+0000] {processor.py:179} INFO - Processing /opt/airflow/dags/binance_daily_dag.py took 5.475 seconds
[2026-06-19T01:40:48.957+0000] {processor.py:157} INFO - Started process (PID=189) to work on /opt/airflow/dags/binance_daily_dag.py
[2026-06-19T01:40:48.958+0000] {processor.py:829} INFO - Processing file /opt/airflow/dags/binance_daily_dag.py for tasks to queue
[2026-06-19T01:40:48.960+0000] {logging_mixin.py:151} INFO - [2026-06-19T01:40:48.960+0000] {dagbag.py:539} INFO - Filling up the DagBag from /opt/airflow/dags/binance_daily_dag.py
[2026-06-19T01:40:54.280+0000] {logging_mixin.py:151} INFO - [2026-06-19T01:40:54.277+0000] {dagbag.py:347} ERROR - Failed to import: /opt/airflow/dags/binance_daily_dag.py
Traceback (most recent call last):
  File "/home/airflow/.local/lib/python3.10/site-packages/airflow/models/dagbag.py", line 343, in parse
    loader.exec_module(new_module)
  File "<frozen importlib._bootstrap_external>", line 883, in exec_module
  File "<frozen importlib._bootstrap>", line 241, in _call_with_frames_removed
  File "/opt/airflow/dags/binance_daily_dag.py", line 10, in <module>
    local_tz = pendulum.timezone("Asia/Ho_Chi_Minh")
NameError: name 'pendulum' is not defined
[2026-06-19T01:40:54.282+0000] {processor.py:841} WARNING - No viable dags retrieved from /opt/airflow/dags/binance_daily_dag.py
[2026-06-19T01:40:54.305+0000] {processor.py:179} INFO - Processing /opt/airflow/dags/binance_daily_dag.py took 5.354 seconds
[2026-06-19T01:40:54.794+0000] {processor.py:157} INFO - Started process (PID=219) to work on /opt/airflow/dags/binance_daily_dag.py
[2026-06-19T01:40:54.795+0000] {processor.py:829} INFO - Processing file /opt/airflow/dags/binance_daily_dag.py for tasks to queue
[2026-06-19T01:40:54.795+0000] {logging_mixin.py:151} INFO - [2026-06-19T01:40:54.795+0000] {dagbag.py:539} INFO - Filling up the DagBag from /opt/airflow/dags/binance_daily_dag.py
[2026-06-19T01:40:58.027+0000] {logging_mixin.py:151} INFO - [2026-06-19T01:40:58.024+0000] {dagbag.py:347} ERROR - Failed to import: /opt/airflow/dags/binance_daily_dag.py
Traceback (most recent call last):
  File "/home/airflow/.local/lib/python3.10/site-packages/airflow/models/dagbag.py", line 343, in parse
    loader.exec_module(new_module)
  File "<frozen importlib._bootstrap_external>", line 883, in exec_module
  File "<frozen importlib._bootstrap>", line 241, in _call_with_frames_removed
  File "/opt/airflow/dags/binance_daily_dag.py", line 10, in <module>
    local_tz = pendulum.timezone("Asia/Ho_Chi_Minh")
NameError: name 'pendulum' is not defined
[2026-06-19T01:40:58.030+0000] {processor.py:841} WARNING - No viable dags retrieved from /opt/airflow/dags/binance_daily_dag.py
[2026-06-19T01:40:58.053+0000] {processor.py:179} INFO - Processing /opt/airflow/dags/binance_daily_dag.py took 3.265 seconds
[2026-06-19T01:40:58.143+0000] {processor.py:157} INFO - Started process (PID=236) to work on /opt/airflow/dags/binance_daily_dag.py
[2026-06-19T01:40:58.145+0000] {processor.py:829} INFO - Processing file /opt/airflow/dags/binance_daily_dag.py for tasks to queue
[2026-06-19T01:40:58.146+0000] {logging_mixin.py:151} INFO - [2026-06-19T01:40:58.146+0000] {dagbag.py:539} INFO - Filling up the DagBag from /opt/airflow/dags/binance_daily_dag.py
[2026-06-19T01:41:01.054+0000] {logging_mixin.py:151} INFO - [2026-06-19T01:41:01.050+0000] {dagbag.py:347} ERROR - Failed to import: /opt/airflow/dags/binance_daily_dag.py
Traceback (most recent call last):
  File "/home/airflow/.local/lib/python3.10/site-packages/airflow/models/dagbag.py", line 343, in parse
    loader.exec_module(new_module)
  File "<frozen importlib._bootstrap_external>", line 883, in exec_module
  File "<frozen importlib._bootstrap>", line 241, in _call_with_frames_removed
  File "/opt/airflow/dags/binance_daily_dag.py", line 10, in <module>
    local_tz = pendulum.timezone("Asia/Ho_Chi_Minh")
NameError: name 'pendulum' is not defined
[2026-06-19T01:41:01.057+0000] {processor.py:841} WARNING - No viable dags retrieved from /opt/airflow/dags/binance_daily_dag.py
[2026-06-19T01:41:01.083+0000] {processor.py:179} INFO - Processing /opt/airflow/dags/binance_daily_dag.py took 2.945 seconds
[2026-06-19T01:41:01.177+0000] {processor.py:157} INFO - Started process (PID=243) to work on /opt/airflow/dags/binance_daily_dag.py
[2026-06-19T01:41:01.178+0000] {processor.py:829} INFO - Processing file /opt/airflow/dags/binance_daily_dag.py for tasks to queue
[2026-06-19T01:41:01.179+0000] {logging_mixin.py:151} INFO - [2026-06-19T01:41:01.179+0000] {dagbag.py:539} INFO - Filling up the DagBag from /opt/airflow/dags/binance_daily_dag.py
[2026-06-19T01:41:04.407+0000] {logging_mixin.py:151} INFO - [2026-06-19T01:41:04.404+0000] {dagbag.py:347} ERROR - Failed to import: /opt/airflow/dags/binance_daily_dag.py
Traceback (most recent call last):
  File "/home/airflow/.local/lib/python3.10/site-packages/airflow/models/dagbag.py", line 343, in parse
    loader.exec_module(new_module)
  File "<frozen importlib._bootstrap_external>", line 883, in exec_module
  File "<frozen importlib._bootstrap>", line 241, in _call_with_frames_removed
  File "/opt/airflow/dags/binance_daily_dag.py", line 10, in <module>
    local_tz = pendulum.timezone("Asia/Ho_Chi_Minh")
NameError: name 'pendulum' is not defined
[2026-06-19T01:41:04.411+0000] {processor.py:841} WARNING - No viable dags retrieved from /opt/airflow/dags/binance_daily_dag.py
[2026-06-19T01:41:04.437+0000] {processor.py:179} INFO - Processing /opt/airflow/dags/binance_daily_dag.py took 3.264 seconds
[2026-06-19T01:41:04.544+0000] {processor.py:157} INFO - Started process (PID=257) to work on /opt/airflow/dags/binance_daily_dag.py
[2026-06-19T01:41:04.546+0000] {processor.py:829} INFO - Processing file /opt/airflow/dags/binance_daily_dag.py for tasks to queue
[2026-06-19T01:41:04.547+0000] {logging_mixin.py:151} INFO - [2026-06-19T01:41:04.547+0000] {dagbag.py:539} INFO - Filling up the DagBag from /opt/airflow/dags/binance_daily_dag.py
[2026-06-19T01:41:07.665+0000] {logging_mixin.py:151} INFO - [2026-06-19T01:41:07.661+0000] {dagbag.py:347} ERROR - Failed to import: /opt/airflow/dags/binance_daily_dag.py
Traceback (most recent call last):
  File "/home/airflow/.local/lib/python3.10/site-packages/airflow/models/dagbag.py", line 343, in parse
    loader.exec_module(new_module)
  File "<frozen importlib._bootstrap_external>", line 883, in exec_module
  File "<frozen importlib._bootstrap>", line 241, in _call_with_frames_removed
  File "/opt/airflow/dags/binance_daily_dag.py", line 10, in <module>
    local_tz = pendulum.timezone("Asia/Ho_Chi_Minh")
NameError: name 'pendulum' is not defined
[2026-06-19T01:41:07.667+0000] {processor.py:841} WARNING - No viable dags retrieved from /opt/airflow/dags/binance_daily_dag.py
[2026-06-19T01:41:07.728+0000] {processor.py:179} INFO - Processing /opt/airflow/dags/binance_daily_dag.py took 3.188 seconds
[2026-06-19T01:41:07.820+0000] {processor.py:157} INFO - Started process (PID=264) to work on /opt/airflow/dags/binance_daily_dag.py
[2026-06-19T01:41:07.821+0000] {processor.py:829} INFO - Processing file /opt/airflow/dags/binance_daily_dag.py for tasks to queue
[2026-06-19T01:41:07.822+0000] {logging_mixin.py:151} INFO - [2026-06-19T01:41:07.822+0000] {dagbag.py:539} INFO - Filling up the DagBag from /opt/airflow/dags/binance_daily_dag.py
[2026-06-19T01:41:10.988+0000] {logging_mixin.py:151} INFO - [2026-06-19T01:41:10.983+0000] {dagbag.py:347} ERROR - Failed to import: /opt/airflow/dags/binance_daily_dag.py
Traceback (most recent call last):
  File "/home/airflow/.local/lib/python3.10/site-packages/airflow/models/dagbag.py", line 343, in parse
    loader.exec_module(new_module)
  File "<frozen importlib._bootstrap_external>", line 883, in exec_module
  File "<frozen importlib._bootstrap>", line 241, in _call_with_frames_removed
  File "/opt/airflow/dags/binance_daily_dag.py", line 10, in <module>
    local_tz = pendulum.timezone("Asia/Ho_Chi_Minh")
NameError: name 'pendulum' is not defined
[2026-06-19T01:41:10.992+0000] {processor.py:841} WARNING - No viable dags retrieved from /opt/airflow/dags/binance_daily_dag.py
[2026-06-19T01:41:11.021+0000] {processor.py:179} INFO - Processing /opt/airflow/dags/binance_daily_dag.py took 3.205 seconds
[2026-06-19T01:41:11.156+0000] {processor.py:157} INFO - Started process (PID=271) to work on /opt/airflow/dags/binance_daily_dag.py
[2026-06-19T01:41:11.159+0000] {processor.py:829} INFO - Processing file /opt/airflow/dags/binance_daily_dag.py for tasks to queue
[2026-06-19T01:41:11.161+0000] {logging_mixin.py:151} INFO - [2026-06-19T01:41:11.161+0000] {dagbag.py:539} INFO - Filling up the DagBag from /opt/airflow/dags/binance_daily_dag.py
[2026-06-19T01:41:15.834+0000] {logging_mixin.py:151} INFO - [2026-06-19T01:41:15.823+0000] {dagbag.py:347} ERROR - Failed to import: /opt/airflow/dags/binance_daily_dag.py
Traceback (most recent call last):
  File "/home/airflow/.local/lib/python3.10/site-packages/airflow/models/dagbag.py", line 343, in parse
    loader.exec_module(new_module)
  File "<frozen importlib._bootstrap_external>", line 883, in exec_module
  File "<frozen importlib._bootstrap>", line 241, in _call_with_frames_removed
  File "/opt/airflow/dags/binance_daily_dag.py", line 10, in <module>
    local_tz = pendulum.timezone("Asia/Ho_Chi_Minh")
NameError: name 'pendulum' is not defined
[2026-06-19T01:41:15.845+0000] {processor.py:841} WARNING - No viable dags retrieved from /opt/airflow/dags/binance_daily_dag.py
[2026-06-19T01:41:15.929+0000] {processor.py:179} INFO - Processing /opt/airflow/dags/binance_daily_dag.py took 4.781 seconds
[2026-06-19T01:41:16.084+0000] {processor.py:157} INFO - Started process (PID=278) to work on /opt/airflow/dags/binance_daily_dag.py
[2026-06-19T01:41:16.086+0000] {processor.py:829} INFO - Processing file /opt/airflow/dags/binance_daily_dag.py for tasks to queue
[2026-06-19T01:41:16.087+0000] {logging_mixin.py:151} INFO - [2026-06-19T01:41:16.087+0000] {dagbag.py:539} INFO - Filling up the DagBag from /opt/airflow/dags/binance_daily_dag.py
[2026-06-19T01:41:22.021+0000] {logging_mixin.py:151} INFO - [2026-06-19T01:41:22.015+0000] {dagbag.py:347} ERROR - Failed to import: /opt/airflow/dags/binance_daily_dag.py
Traceback (most recent call last):
  File "/home/airflow/.local/lib/python3.10/site-packages/airflow/models/dagbag.py", line 343, in parse
    loader.exec_module(new_module)
  File "<frozen importlib._bootstrap_external>", line 883, in exec_module
  File "<frozen importlib._bootstrap>", line 241, in _call_with_frames_removed
  File "/opt/airflow/dags/binance_daily_dag.py", line 10, in <module>
    local_tz = pendulum.timezone("Asia/Ho_Chi_Minh")
NameError: name 'pendulum' is not defined
[2026-06-19T01:41:22.024+0000] {processor.py:841} WARNING - No viable dags retrieved from /opt/airflow/dags/binance_daily_dag.py
[2026-06-19T01:41:22.046+0000] {processor.py:179} INFO - Processing /opt/airflow/dags/binance_daily_dag.py took 5.970 seconds
[2026-06-19T01:41:22.138+0000] {processor.py:157} INFO - Started process (PID=285) to work on /opt/airflow/dags/binance_daily_dag.py
[2026-06-19T01:41:22.140+0000] {processor.py:829} INFO - Processing file /opt/airflow/dags/binance_daily_dag.py for tasks to queue
[2026-06-19T01:41:22.141+0000] {logging_mixin.py:151} INFO - [2026-06-19T01:41:22.140+0000] {dagbag.py:539} INFO - Filling up the DagBag from /opt/airflow/dags/binance_daily_dag.py
[2026-06-19T01:41:25.505+0000] {logging_mixin.py:151} INFO - [2026-06-19T01:41:25.499+0000] {dagbag.py:347} ERROR - Failed to import: /opt/airflow/dags/binance_daily_dag.py
Traceback (most recent call last):
  File "/home/airflow/.local/lib/python3.10/site-packages/airflow/models/dagbag.py", line 343, in parse
    loader.exec_module(new_module)
  File "<frozen importlib._bootstrap_external>", line 883, in exec_module
  File "<frozen importlib._bootstrap>", line 241, in _call_with_frames_removed
  File "/opt/airflow/dags/binance_daily_dag.py", line 10, in <module>
    local_tz = pendulum.timezone("Asia/Ho_Chi_Minh")
NameError: name 'pendulum' is not defined
[2026-06-19T01:41:25.514+0000] {processor.py:841} WARNING - No viable dags retrieved from /opt/airflow/dags/binance_daily_dag.py
[2026-06-19T01:41:25.559+0000] {processor.py:179} INFO - Processing /opt/airflow/dags/binance_daily_dag.py took 3.433 seconds
[2026-06-19T01:41:25.945+0000] {processor.py:157} INFO - Started process (PID=300) to work on /opt/airflow/dags/binance_daily_dag.py
[2026-06-19T01:41:25.952+0000] {processor.py:829} INFO - Processing file /opt/airflow/dags/binance_daily_dag.py for tasks to queue
[2026-06-19T01:41:25.954+0000] {logging_mixin.py:151} INFO - [2026-06-19T01:41:25.954+0000] {dagbag.py:539} INFO - Filling up the DagBag from /opt/airflow/dags/binance_daily_dag.py
[2026-06-19T01:41:30.470+0000] {logging_mixin.py:151} INFO - [2026-06-19T01:41:30.462+0000] {dagbag.py:347} ERROR - Failed to import: /opt/airflow/dags/binance_daily_dag.py
Traceback (most recent call last):
  File "/home/airflow/.local/lib/python3.10/site-packages/airflow/models/dagbag.py", line 343, in parse
    loader.exec_module(new_module)
  File "<frozen importlib._bootstrap_external>", line 883, in exec_module
  File "<frozen importlib._bootstrap>", line 241, in _call_with_frames_removed
  File "/opt/airflow/dags/binance_daily_dag.py", line 10, in <module>
    local_tz = pendulum.timezone("Asia/Ho_Chi_Minh")
NameError: name 'pendulum' is not defined
[2026-06-19T01:41:30.479+0000] {processor.py:841} WARNING - No viable dags retrieved from /opt/airflow/dags/binance_daily_dag.py
[2026-06-19T01:41:30.512+0000] {processor.py:179} INFO - Processing /opt/airflow/dags/binance_daily_dag.py took 4.573 seconds
[2026-06-19T01:41:30.651+0000] {processor.py:157} INFO - Started process (PID=315) to work on /opt/airflow/dags/binance_daily_dag.py
[2026-06-19T01:41:30.653+0000] {processor.py:829} INFO - Processing file /opt/airflow/dags/binance_daily_dag.py for tasks to queue
[2026-06-19T01:41:30.654+0000] {logging_mixin.py:151} INFO - [2026-06-19T01:41:30.654+0000] {dagbag.py:539} INFO - Filling up the DagBag from /opt/airflow/dags/binance_daily_dag.py
[2026-06-19T01:41:36.226+0000] {logging_mixin.py:151} INFO - [2026-06-19T01:41:36.221+0000] {dagbag.py:347} ERROR - Failed to import: /opt/airflow/dags/binance_daily_dag.py
Traceback (most recent call last):
  File "/home/airflow/.local/lib/python3.10/site-packages/airflow/models/dagbag.py", line 343, in parse
    loader.exec_module(new_module)
  File "<frozen importlib._bootstrap_external>", line 883, in exec_module
  File "<frozen importlib._bootstrap>", line 241, in _call_with_frames_removed
  File "/opt/airflow/dags/binance_daily_dag.py", line 10, in <module>
    local_tz = pendulum.timezone("Asia/Ho_Chi_Minh")
NameError: name 'pendulum' is not defined
[2026-06-19T01:41:36.231+0000] {processor.py:841} WARNING - No viable dags retrieved from /opt/airflow/dags/binance_daily_dag.py
[2026-06-19T01:41:36.263+0000] {processor.py:179} INFO - Processing /opt/airflow/dags/binance_daily_dag.py took 5.617 seconds
[2026-06-19T01:41:36.359+0000] {processor.py:157} INFO - Started process (PID=332) to work on /opt/airflow/dags/binance_daily_dag.py
[2026-06-19T01:41:36.360+0000] {processor.py:829} INFO - Processing file /opt/airflow/dags/binance_daily_dag.py for tasks to queue
[2026-06-19T01:41:36.362+0000] {logging_mixin.py:151} INFO - [2026-06-19T01:41:36.361+0000] {dagbag.py:539} INFO - Filling up the DagBag from /opt/airflow/dags/binance_daily_dag.py
[2026-06-19T01:41:39.833+0000] {logging_mixin.py:151} INFO - [2026-06-19T01:41:39.828+0000] {dagbag.py:347} ERROR - Failed to import: /opt/airflow/dags/binance_daily_dag.py
Traceback (most recent call last):
  File "/home/airflow/.local/lib/python3.10/site-packages/airflow/models/dagbag.py", line 343, in parse
    loader.exec_module(new_module)
  File "<frozen importlib._bootstrap_external>", line 883, in exec_module
  File "<frozen importlib._bootstrap>", line 241, in _call_with_frames_removed
  File "/opt/airflow/dags/binance_daily_dag.py", line 10, in <module>
    local_tz = pendulum.timezone("Asia/Ho_Chi_Minh")
NameError: name 'pendulum' is not defined
[2026-06-19T01:41:39.837+0000] {processor.py:841} WARNING - No viable dags retrieved from /opt/airflow/dags/binance_daily_dag.py
[2026-06-19T01:41:39.856+0000] {processor.py:179} INFO - Processing /opt/airflow/dags/binance_daily_dag.py took 3.501 seconds
[2026-06-19T01:41:39.930+0000] {processor.py:157} INFO - Started process (PID=339) to work on /opt/airflow/dags/binance_daily_dag.py
[2026-06-19T01:41:39.931+0000] {processor.py:829} INFO - Processing file /opt/airflow/dags/binance_daily_dag.py for tasks to queue
[2026-06-19T01:41:39.931+0000] {logging_mixin.py:151} INFO - [2026-06-19T01:41:39.931+0000] {dagbag.py:539} INFO - Filling up the DagBag from /opt/airflow/dags/binance_daily_dag.py
[2026-06-19T01:41:42.273+0000] {logging_mixin.py:151} INFO - [2026-06-19T01:41:42.268+0000] {dagbag.py:347} ERROR - Failed to import: /opt/airflow/dags/binance_daily_dag.py
Traceback (most recent call last):
  File "/home/airflow/.local/lib/python3.10/site-packages/airflow/models/dagbag.py", line 343, in parse
    loader.exec_module(new_module)
  File "<frozen importlib._bootstrap_external>", line 883, in exec_module
  File "<frozen importlib._bootstrap>", line 241, in _call_with_frames_removed
  File "/opt/airflow/dags/binance_daily_dag.py", line 10, in <module>
    local_tz = pendulum.timezone("Asia/Ho_Chi_Minh")
NameError: name 'pendulum' is not defined
[2026-06-19T01:41:42.277+0000] {processor.py:841} WARNING - No viable dags retrieved from /opt/airflow/dags/binance_daily_dag.py
[2026-06-19T01:41:42.297+0000] {processor.py:179} INFO - Processing /opt/airflow/dags/binance_daily_dag.py took 2.370 seconds
[2026-06-19T01:41:42.405+0000] {processor.py:157} INFO - Started process (PID=346) to work on /opt/airflow/dags/binance_daily_dag.py
[2026-06-19T01:41:42.406+0000] {processor.py:829} INFO - Processing file /opt/airflow/dags/binance_daily_dag.py for tasks to queue
[2026-06-19T01:41:42.408+0000] {logging_mixin.py:151} INFO - [2026-06-19T01:41:42.407+0000] {dagbag.py:539} INFO - Filling up the DagBag from /opt/airflow/dags/binance_daily_dag.py
[2026-06-19T01:41:45.569+0000] {logging_mixin.py:151} INFO - [2026-06-19T01:41:45.551+0000] {dagbag.py:347} ERROR - Failed to import: /opt/airflow/dags/binance_daily_dag.py
Traceback (most recent call last):
  File "/home/airflow/.local/lib/python3.10/site-packages/airflow/models/dagbag.py", line 343, in parse
    loader.exec_module(new_module)
  File "<frozen importlib._bootstrap_external>", line 883, in exec_module
  File "<frozen importlib._bootstrap>", line 241, in _call_with_frames_removed
  File "/opt/airflow/dags/binance_daily_dag.py", line 10, in <module>
    local_tz = pendulum.timezone("Asia/Ho_Chi_Minh")
NameError: name 'pendulum' is not defined
[2026-06-19T01:41:45.578+0000] {processor.py:841} WARNING - No viable dags retrieved from /opt/airflow/dags/binance_daily_dag.py
[2026-06-19T01:41:45.637+0000] {processor.py:179} INFO - Processing /opt/airflow/dags/binance_daily_dag.py took 3.236 seconds
[2026-06-19T01:41:45.801+0000] {processor.py:157} INFO - Started process (PID=353) to work on /opt/airflow/dags/binance_daily_dag.py
[2026-06-19T01:41:45.805+0000] {processor.py:829} INFO - Processing file /opt/airflow/dags/binance_daily_dag.py for tasks to queue
[2026-06-19T01:41:45.808+0000] {logging_mixin.py:151} INFO - [2026-06-19T01:41:45.807+0000] {dagbag.py:539} INFO - Filling up the DagBag from /opt/airflow/dags/binance_daily_dag.py
[2026-06-19T01:41:51.402+0000] {logging_mixin.py:151} INFO - [2026-06-19T01:41:51.396+0000] {dagbag.py:347} ERROR - Failed to import: /opt/airflow/dags/binance_daily_dag.py
Traceback (most recent call last):
  File "/home/airflow/.local/lib/python3.10/site-packages/airflow/models/dagbag.py", line 343, in parse
    loader.exec_module(new_module)
  File "<frozen importlib._bootstrap_external>", line 883, in exec_module
  File "<frozen importlib._bootstrap>", line 241, in _call_with_frames_removed
  File "/opt/airflow/dags/binance_daily_dag.py", line 10, in <module>
    local_tz = pendulum.timezone("Asia/Ho_Chi_Minh")
NameError: name 'pendulum' is not defined
[2026-06-19T01:41:51.407+0000] {processor.py:841} WARNING - No viable dags retrieved from /opt/airflow/dags/binance_daily_dag.py
[2026-06-19T01:41:51.437+0000] {processor.py:179} INFO - Processing /opt/airflow/dags/binance_daily_dag.py took 5.642 seconds
[2026-06-19T01:41:51.547+0000] {processor.py:157} INFO - Started process (PID=360) to work on /opt/airflow/dags/binance_daily_dag.py
[2026-06-19T01:41:51.548+0000] {processor.py:829} INFO - Processing file /opt/airflow/dags/binance_daily_dag.py for tasks to queue
[2026-06-19T01:41:51.550+0000] {logging_mixin.py:151} INFO - [2026-06-19T01:41:51.549+0000] {dagbag.py:539} INFO - Filling up the DagBag from /opt/airflow/dags/binance_daily_dag.py
[2026-06-19T01:41:54.645+0000] {logging_mixin.py:151} INFO - [2026-06-19T01:41:54.641+0000] {dagbag.py:347} ERROR - Failed to import: /opt/airflow/dags/binance_daily_dag.py
Traceback (most recent call last):
  File "/home/airflow/.local/lib/python3.10/site-packages/airflow/models/dagbag.py", line 343, in parse
    loader.exec_module(new_module)
  File "<frozen importlib._bootstrap_external>", line 883, in exec_module
  File "<frozen importlib._bootstrap>", line 241, in _call_with_frames_removed
  File "/opt/airflow/dags/binance_daily_dag.py", line 10, in <module>
    local_tz = pendulum.timezone("Asia/Ho_Chi_Minh")
NameError: name 'pendulum' is not defined
[2026-06-19T01:41:54.647+0000] {processor.py:841} WARNING - No viable dags retrieved from /opt/airflow/dags/binance_daily_dag.py
[2026-06-19T01:41:54.668+0000] {processor.py:179} INFO - Processing /opt/airflow/dags/binance_daily_dag.py took 3.125 seconds
[2026-06-19T01:41:54.768+0000] {processor.py:157} INFO - Started process (PID=367) to work on /opt/airflow/dags/binance_daily_dag.py
[2026-06-19T01:41:54.770+0000] {processor.py:829} INFO - Processing file /opt/airflow/dags/binance_daily_dag.py for tasks to queue
[2026-06-19T01:41:54.771+0000] {logging_mixin.py:151} INFO - [2026-06-19T01:41:54.770+0000] {dagbag.py:539} INFO - Filling up the DagBag from /opt/airflow/dags/binance_daily_dag.py
[2026-06-19T01:41:57.631+0000] {logging_mixin.py:151} INFO - [2026-06-19T01:41:57.628+0000] {dagbag.py:347} ERROR - Failed to import: /opt/airflow/dags/binance_daily_dag.py
Traceback (most recent call last):
  File "/home/airflow/.local/lib/python3.10/site-packages/airflow/models/dagbag.py", line 343, in parse
    loader.exec_module(new_module)
  File "<frozen importlib._bootstrap_external>", line 883, in exec_module
  File "<frozen importlib._bootstrap>", line 241, in _call_with_frames_removed
  File "/opt/airflow/dags/binance_daily_dag.py", line 10, in <module>
    local_tz = pendulum.timezone("Asia/Ho_Chi_Minh")
NameError: name 'pendulum' is not defined
[2026-06-19T01:41:57.634+0000] {processor.py:841} WARNING - No viable dags retrieved from /opt/airflow/dags/binance_daily_dag.py
[2026-06-19T01:41:57.656+0000] {processor.py:179} INFO - Processing /opt/airflow/dags/binance_daily_dag.py took 2.890 seconds
[2026-06-19T01:41:57.746+0000] {processor.py:157} INFO - Started process (PID=379) to work on /opt/airflow/dags/binance_daily_dag.py
[2026-06-19T01:41:57.748+0000] {processor.py:829} INFO - Processing file /opt/airflow/dags/binance_daily_dag.py for tasks to queue
[2026-06-19T01:41:57.749+0000] {logging_mixin.py:151} INFO - [2026-06-19T01:41:57.748+0000] {dagbag.py:539} INFO - Filling up the DagBag from /opt/airflow/dags/binance_daily_dag.py
[2026-06-19T01:42:00.387+0000] {logging_mixin.py:151} INFO - [2026-06-19T01:42:00.382+0000] {dagbag.py:347} ERROR - Failed to import: /opt/airflow/dags/binance_daily_dag.py
Traceback (most recent call last):
  File "/home/airflow/.local/lib/python3.10/site-packages/airflow/models/dagbag.py", line 343, in parse
    loader.exec_module(new_module)
  File "<frozen importlib._bootstrap_external>", line 883, in exec_module
  File "<frozen importlib._bootstrap>", line 241, in _call_with_frames_removed
  File "/opt/airflow/dags/binance_daily_dag.py", line 10, in <module>
    local_tz = pendulum.timezone("Asia/Ho_Chi_Minh")
NameError: name 'pendulum' is not defined
[2026-06-19T01:42:00.390+0000] {processor.py:841} WARNING - No viable dags retrieved from /opt/airflow/dags/binance_daily_dag.py
[2026-06-19T01:42:00.414+0000] {processor.py:179} INFO - Processing /opt/airflow/dags/binance_daily_dag.py took 2.671 seconds
[2026-06-19T01:42:00.494+0000] {processor.py:157} INFO - Started process (PID=389) to work on /opt/airflow/dags/binance_daily_dag.py
[2026-06-19T01:42:00.495+0000] {processor.py:829} INFO - Processing file /opt/airflow/dags/binance_daily_dag.py for tasks to queue
[2026-06-19T01:42:00.496+0000] {logging_mixin.py:151} INFO - [2026-06-19T01:42:00.496+0000] {dagbag.py:539} INFO - Filling up the DagBag from /opt/airflow/dags/binance_daily_dag.py
[2026-06-19T01:42:04.344+0000] {logging_mixin.py:151} INFO - [2026-06-19T01:42:04.340+0000] {dagbag.py:347} ERROR - Failed to import: /opt/airflow/dags/binance_daily_dag.py
Traceback (most recent call last):
  File "/home/airflow/.local/lib/python3.10/site-packages/airflow/models/dagbag.py", line 343, in parse
    loader.exec_module(new_module)
  File "<frozen importlib._bootstrap_external>", line 883, in exec_module
  File "<frozen importlib._bootstrap>", line 241, in _call_with_frames_removed
  File "/opt/airflow/dags/binance_daily_dag.py", line 10, in <module>
    local_tz = pendulum.timezone("Asia/Ho_Chi_Minh")
NameError: name 'pendulum' is not defined
[2026-06-19T01:42:04.350+0000] {processor.py:841} WARNING - No viable dags retrieved from /opt/airflow/dags/binance_daily_dag.py
[2026-06-19T01:42:04.375+0000] {processor.py:179} INFO - Processing /opt/airflow/dags/binance_daily_dag.py took 3.885 seconds
[2026-06-19T01:42:04.484+0000] {processor.py:157} INFO - Started process (PID=408) to work on /opt/airflow/dags/binance_daily_dag.py
[2026-06-19T01:42:04.486+0000] {processor.py:829} INFO - Processing file /opt/airflow/dags/binance_daily_dag.py for tasks to queue
[2026-06-19T01:42:04.488+0000] {logging_mixin.py:151} INFO - [2026-06-19T01:42:04.487+0000] {dagbag.py:539} INFO - Filling up the DagBag from /opt/airflow/dags/binance_daily_dag.py
[2026-06-19T01:42:08.807+0000] {logging_mixin.py:151} INFO - [2026-06-19T01:42:08.804+0000] {dagbag.py:347} ERROR - Failed to import: /opt/airflow/dags/binance_daily_dag.py
Traceback (most recent call last):
  File "/home/airflow/.local/lib/python3.10/site-packages/airflow/models/dagbag.py", line 343, in parse
    loader.exec_module(new_module)
  File "<frozen importlib._bootstrap_external>", line 883, in exec_module
  File "<frozen importlib._bootstrap>", line 241, in _call_with_frames_removed
  File "/opt/airflow/dags/binance_daily_dag.py", line 10, in <module>
    local_tz = pendulum.timezone("Asia/Ho_Chi_Minh")
NameError: name 'pendulum' is not defined
[2026-06-19T01:42:08.810+0000] {processor.py:841} WARNING - No viable dags retrieved from /opt/airflow/dags/binance_daily_dag.py
[2026-06-19T01:42:08.832+0000] {processor.py:179} INFO - Processing /opt/airflow/dags/binance_daily_dag.py took 4.354 seconds
[2026-06-19T01:42:08.918+0000] {processor.py:157} INFO - Started process (PID=420) to work on /opt/airflow/dags/binance_daily_dag.py
[2026-06-19T01:42:08.919+0000] {processor.py:829} INFO - Processing file /opt/airflow/dags/binance_daily_dag.py for tasks to queue
[2026-06-19T01:42:08.920+0000] {logging_mixin.py:151} INFO - [2026-06-19T01:42:08.920+0000] {dagbag.py:539} INFO - Filling up the DagBag from /opt/airflow/dags/binance_daily_dag.py
[2026-06-19T01:42:11.504+0000] {logging_mixin.py:151} INFO - [2026-06-19T01:42:11.500+0000] {dagbag.py:347} ERROR - Failed to import: /opt/airflow/dags/binance_daily_dag.py
Traceback (most recent call last):
  File "/home/airflow/.local/lib/python3.10/site-packages/airflow/models/dagbag.py", line 343, in parse
    loader.exec_module(new_module)
  File "<frozen importlib._bootstrap_external>", line 883, in exec_module
  File "<frozen importlib._bootstrap>", line 241, in _call_with_frames_removed
  File "/opt/airflow/dags/binance_daily_dag.py", line 10, in <module>
    local_tz = pendulum.timezone("Asia/Ho_Chi_Minh")
NameError: name 'pendulum' is not defined
[2026-06-19T01:42:11.507+0000] {processor.py:841} WARNING - No viable dags retrieved from /opt/airflow/dags/binance_daily_dag.py
[2026-06-19T01:42:11.533+0000] {processor.py:179} INFO - Processing /opt/airflow/dags/binance_daily_dag.py took 2.619 seconds
[2026-06-19T01:42:11.620+0000] {processor.py:157} INFO - Started process (PID=429) to work on /opt/airflow/dags/binance_daily_dag.py
[2026-06-19T01:42:11.623+0000] {processor.py:829} INFO - Processing file /opt/airflow/dags/binance_daily_dag.py for tasks to queue
[2026-06-19T01:42:11.624+0000] {logging_mixin.py:151} INFO - [2026-06-19T01:42:11.624+0000] {dagbag.py:539} INFO - Filling up the DagBag from /opt/airflow/dags/binance_daily_dag.py
[2026-06-19T01:42:13.961+0000] {logging_mixin.py:151} INFO - [2026-06-19T01:42:13.957+0000] {dagbag.py:347} ERROR - Failed to import: /opt/airflow/dags/binance_daily_dag.py
Traceback (most recent call last):
  File "/home/airflow/.local/lib/python3.10/site-packages/airflow/models/dagbag.py", line 343, in parse
    loader.exec_module(new_module)
  File "<frozen importlib._bootstrap_external>", line 883, in exec_module
  File "<frozen importlib._bootstrap>", line 241, in _call_with_frames_removed
  File "/opt/airflow/dags/binance_daily_dag.py", line 10, in <module>
    local_tz = pendulum.timezone("Asia/Ho_Chi_Minh")
NameError: name 'pendulum' is not defined
[2026-06-19T01:42:13.965+0000] {processor.py:841} WARNING - No viable dags retrieved from /opt/airflow/dags/binance_daily_dag.py
[2026-06-19T01:42:13.989+0000] {processor.py:179} INFO - Processing /opt/airflow/dags/binance_daily_dag.py took 2.374 seconds
[2026-06-19T01:42:14.080+0000] {processor.py:157} INFO - Started process (PID=436) to work on /opt/airflow/dags/binance_daily_dag.py
[2026-06-19T01:42:14.081+0000] {processor.py:829} INFO - Processing file /opt/airflow/dags/binance_daily_dag.py for tasks to queue
[2026-06-19T01:42:14.082+0000] {logging_mixin.py:151} INFO - [2026-06-19T01:42:14.082+0000] {dagbag.py:539} INFO - Filling up the DagBag from /opt/airflow/dags/binance_daily_dag.py
[2026-06-19T01:42:17.207+0000] {logging_mixin.py:151} INFO - [2026-06-19T01:42:17.203+0000] {dagbag.py:347} ERROR - Failed to import: /opt/airflow/dags/binance_daily_dag.py
Traceback (most recent call last):
  File "/home/airflow/.local/lib/python3.10/site-packages/airflow/models/dagbag.py", line 343, in parse
    loader.exec_module(new_module)
  File "<frozen importlib._bootstrap_external>", line 883, in exec_module
  File "<frozen importlib._bootstrap>", line 241, in _call_with_frames_removed
  File "/opt/airflow/dags/binance_daily_dag.py", line 10, in <module>
    local_tz = pendulum.timezone("Asia/Ho_Chi_Minh")
NameError: name 'pendulum' is not defined
[2026-06-19T01:42:17.210+0000] {processor.py:841} WARNING - No viable dags retrieved from /opt/airflow/dags/binance_daily_dag.py
[2026-06-19T01:42:17.235+0000] {processor.py:179} INFO - Processing /opt/airflow/dags/binance_daily_dag.py took 3.158 seconds
[2026-06-19T01:42:17.344+0000] {processor.py:157} INFO - Started process (PID=443) to work on /opt/airflow/dags/binance_daily_dag.py
[2026-06-19T01:42:17.346+0000] {processor.py:829} INFO - Processing file /opt/airflow/dags/binance_daily_dag.py for tasks to queue
[2026-06-19T01:42:17.347+0000] {logging_mixin.py:151} INFO - [2026-06-19T01:42:17.347+0000] {dagbag.py:539} INFO - Filling up the DagBag from /opt/airflow/dags/binance_daily_dag.py
[2026-06-19T01:42:20.081+0000] {logging_mixin.py:151} INFO - [2026-06-19T01:42:20.078+0000] {dagbag.py:347} ERROR - Failed to import: /opt/airflow/dags/binance_daily_dag.py
Traceback (most recent call last):
  File "/home/airflow/.local/lib/python3.10/site-packages/airflow/models/dagbag.py", line 343, in parse
    loader.exec_module(new_module)
  File "<frozen importlib._bootstrap_external>", line 883, in exec_module
  File "<frozen importlib._bootstrap>", line 241, in _call_with_frames_removed
  File "/opt/airflow/dags/binance_daily_dag.py", line 10, in <module>
    local_tz = pendulum.timezone("Asia/Ho_Chi_Minh")
NameError: name 'pendulum' is not defined
[2026-06-19T01:42:20.084+0000] {processor.py:841} WARNING - No viable dags retrieved from /opt/airflow/dags/binance_daily_dag.py
[2026-06-19T01:42:20.102+0000] {processor.py:179} INFO - Processing /opt/airflow/dags/binance_daily_dag.py took 2.762 seconds
[2026-06-19T01:42:20.187+0000] {processor.py:157} INFO - Started process (PID=450) to work on /opt/airflow/dags/binance_daily_dag.py
[2026-06-19T01:42:20.189+0000] {processor.py:829} INFO - Processing file /opt/airflow/dags/binance_daily_dag.py for tasks to queue
[2026-06-19T01:42:20.190+0000] {logging_mixin.py:151} INFO - [2026-06-19T01:42:20.189+0000] {dagbag.py:539} INFO - Filling up the DagBag from /opt/airflow/dags/binance_daily_dag.py
[2026-06-19T01:42:23.050+0000] {logging_mixin.py:151} INFO - [2026-06-19T01:42:23.047+0000] {dagbag.py:347} ERROR - Failed to import: /opt/airflow/dags/binance_daily_dag.py
Traceback (most recent call last):
  File "/home/airflow/.local/lib/python3.10/site-packages/airflow/models/dagbag.py", line 343, in parse
    loader.exec_module(new_module)
  File "<frozen importlib._bootstrap_external>", line 883, in exec_module
  File "<frozen importlib._bootstrap>", line 241, in _call_with_frames_removed
  File "/opt/airflow/dags/binance_daily_dag.py", line 10, in <module>
    local_tz = pendulum.timezone("Asia/Ho_Chi_Minh")
NameError: name 'pendulum' is not defined
[2026-06-19T01:42:23.052+0000] {processor.py:841} WARNING - No viable dags retrieved from /opt/airflow/dags/binance_daily_dag.py
[2026-06-19T01:42:23.076+0000] {processor.py:179} INFO - Processing /opt/airflow/dags/binance_daily_dag.py took 2.894 seconds
[2026-06-19T01:42:23.160+0000] {processor.py:157} INFO - Started process (PID=457) to work on /opt/airflow/dags/binance_daily_dag.py
[2026-06-19T01:42:23.161+0000] {processor.py:829} INFO - Processing file /opt/airflow/dags/binance_daily_dag.py for tasks to queue
[2026-06-19T01:42:23.162+0000] {logging_mixin.py:151} INFO - [2026-06-19T01:42:23.162+0000] {dagbag.py:539} INFO - Filling up the DagBag from /opt/airflow/dags/binance_daily_dag.py
[2026-06-19T01:42:26.301+0000] {logging_mixin.py:151} INFO - [2026-06-19T01:42:26.298+0000] {dagbag.py:347} ERROR - Failed to import: /opt/airflow/dags/binance_daily_dag.py
Traceback (most recent call last):
  File "/home/airflow/.local/lib/python3.10/site-packages/airflow/models/dagbag.py", line 343, in parse
    loader.exec_module(new_module)
  File "<frozen importlib._bootstrap_external>", line 883, in exec_module
  File "<frozen importlib._bootstrap>", line 241, in _call_with_frames_removed
  File "/opt/airflow/dags/binance_daily_dag.py", line 10, in <module>
    local_tz = pendulum.timezone("Asia/Ho_Chi_Minh")
NameError: name 'pendulum' is not defined
[2026-06-19T01:42:26.303+0000] {processor.py:841} WARNING - No viable dags retrieved from /opt/airflow/dags/binance_daily_dag.py
[2026-06-19T01:42:26.320+0000] {processor.py:179} INFO - Processing /opt/airflow/dags/binance_daily_dag.py took 3.166 seconds
[2026-06-19T01:42:26.399+0000] {processor.py:157} INFO - Started process (PID=464) to work on /opt/airflow/dags/binance_daily_dag.py
[2026-06-19T01:42:26.401+0000] {processor.py:829} INFO - Processing file /opt/airflow/dags/binance_daily_dag.py for tasks to queue
[2026-06-19T01:42:26.402+0000] {logging_mixin.py:151} INFO - [2026-06-19T01:42:26.402+0000] {dagbag.py:539} INFO - Filling up the DagBag from /opt/airflow/dags/binance_daily_dag.py
[2026-06-19T01:42:28.866+0000] {logging_mixin.py:151} INFO - [2026-06-19T01:42:28.863+0000] {dagbag.py:347} ERROR - Failed to import: /opt/airflow/dags/binance_daily_dag.py
Traceback (most recent call last):
  File "/home/airflow/.local/lib/python3.10/site-packages/airflow/models/dagbag.py", line 343, in parse
    loader.exec_module(new_module)
  File "<frozen importlib._bootstrap_external>", line 883, in exec_module
  File "<frozen importlib._bootstrap>", line 241, in _call_with_frames_removed
  File "/opt/airflow/dags/binance_daily_dag.py", line 10, in <module>
    local_tz = pendulum.timezone("Asia/Ho_Chi_Minh")
NameError: name 'pendulum' is not defined
[2026-06-19T01:42:28.868+0000] {processor.py:841} WARNING - No viable dags retrieved from /opt/airflow/dags/binance_daily_dag.py
[2026-06-19T01:42:28.887+0000] {processor.py:179} INFO - Processing /opt/airflow/dags/binance_daily_dag.py took 2.492 seconds
[2026-06-19T01:42:28.959+0000] {processor.py:157} INFO - Started process (PID=476) to work on /opt/airflow/dags/binance_daily_dag.py
[2026-06-19T01:42:28.960+0000] {processor.py:829} INFO - Processing file /opt/airflow/dags/binance_daily_dag.py for tasks to queue
[2026-06-19T01:42:28.961+0000] {logging_mixin.py:151} INFO - [2026-06-19T01:42:28.960+0000] {dagbag.py:539} INFO - Filling up the DagBag from /opt/airflow/dags/binance_daily_dag.py
[2026-06-19T01:42:31.728+0000] {logging_mixin.py:151} INFO - [2026-06-19T01:42:31.721+0000] {dagbag.py:347} ERROR - Failed to import: /opt/airflow/dags/binance_daily_dag.py
Traceback (most recent call last):
  File "/home/airflow/.local/lib/python3.10/site-packages/airflow/models/dagbag.py", line 343, in parse
    loader.exec_module(new_module)
  File "<frozen importlib._bootstrap_external>", line 883, in exec_module
  File "<frozen importlib._bootstrap>", line 241, in _call_with_frames_removed
  File "/opt/airflow/dags/binance_daily_dag.py", line 10, in <module>
    local_tz = pendulum.timezone("Asia/Ho_Chi_Minh")
NameError: name 'pendulum' is not defined
[2026-06-19T01:42:31.734+0000] {processor.py:841} WARNING - No viable dags retrieved from /opt/airflow/dags/binance_daily_dag.py
[2026-06-19T01:42:31.789+0000] {processor.py:179} INFO - Processing /opt/airflow/dags/binance_daily_dag.py took 2.833 seconds
[2026-06-19T01:42:31.920+0000] {processor.py:157} INFO - Started process (PID=483) to work on /opt/airflow/dags/binance_daily_dag.py
[2026-06-19T01:42:31.922+0000] {processor.py:829} INFO - Processing file /opt/airflow/dags/binance_daily_dag.py for tasks to queue
[2026-06-19T01:42:31.923+0000] {logging_mixin.py:151} INFO - [2026-06-19T01:42:31.923+0000] {dagbag.py:539} INFO - Filling up the DagBag from /opt/airflow/dags/binance_daily_dag.py
[2026-06-19T01:42:35.852+0000] {logging_mixin.py:151} INFO - [2026-06-19T01:42:35.847+0000] {dagbag.py:347} ERROR - Failed to import: /opt/airflow/dags/binance_daily_dag.py
Traceback (most recent call last):
  File "/home/airflow/.local/lib/python3.10/site-packages/airflow/models/dagbag.py", line 343, in parse
    loader.exec_module(new_module)
  File "<frozen importlib._bootstrap_external>", line 883, in exec_module
  File "<frozen importlib._bootstrap>", line 241, in _call_with_frames_removed
  File "/opt/airflow/dags/binance_daily_dag.py", line 10, in <module>
    local_tz = pendulum.timezone("Asia/Ho_Chi_Minh")
NameError: name 'pendulum' is not defined
[2026-06-19T01:42:35.855+0000] {processor.py:841} WARNING - No viable dags retrieved from /opt/airflow/dags/binance_daily_dag.py
[2026-06-19T01:42:35.885+0000] {processor.py:179} INFO - Processing /opt/airflow/dags/binance_daily_dag.py took 3.969 seconds
[2026-06-19T01:42:36.482+0000] {processor.py:157} INFO - Started process (PID=501) to work on /opt/airflow/dags/binance_daily_dag.py
[2026-06-19T01:42:36.484+0000] {processor.py:829} INFO - Processing file /opt/airflow/dags/binance_daily_dag.py for tasks to queue
[2026-06-19T01:42:36.485+0000] {logging_mixin.py:151} INFO - [2026-06-19T01:42:36.485+0000] {dagbag.py:539} INFO - Filling up the DagBag from /opt/airflow/dags/binance_daily_dag.py
[2026-06-19T01:42:39.430+0000] {logging_mixin.py:151} INFO - [2026-06-19T01:42:39.426+0000] {dagbag.py:347} ERROR - Failed to import: /opt/airflow/dags/binance_daily_dag.py
Traceback (most recent call last):
  File "/home/airflow/.local/lib/python3.10/site-packages/airflow/models/dagbag.py", line 343, in parse
    loader.exec_module(new_module)
  File "<frozen importlib._bootstrap_external>", line 883, in exec_module
  File "<frozen importlib._bootstrap>", line 241, in _call_with_frames_removed
  File "/opt/airflow/dags/binance_daily_dag.py", line 10, in <module>
    local_tz = pendulum.timezone("Asia/Ho_Chi_Minh")
NameError: name 'pendulum' is not defined
[2026-06-19T01:42:39.432+0000] {processor.py:841} WARNING - No viable dags retrieved from /opt/airflow/dags/binance_daily_dag.py
[2026-06-19T01:42:39.452+0000] {processor.py:179} INFO - Processing /opt/airflow/dags/binance_daily_dag.py took 2.977 seconds
[2026-06-19T01:42:39.542+0000] {processor.py:157} INFO - Started process (PID=511) to work on /opt/airflow/dags/binance_daily_dag.py
[2026-06-19T01:42:39.543+0000] {processor.py:829} INFO - Processing file /opt/airflow/dags/binance_daily_dag.py for tasks to queue
[2026-06-19T01:42:39.544+0000] {logging_mixin.py:151} INFO - [2026-06-19T01:42:39.544+0000] {dagbag.py:539} INFO - Filling up the DagBag from /opt/airflow/dags/binance_daily_dag.py
[2026-06-19T01:42:43.844+0000] {logging_mixin.py:151} INFO - [2026-06-19T01:42:43.836+0000] {dagbag.py:347} ERROR - Failed to import: /opt/airflow/dags/binance_daily_dag.py
Traceback (most recent call last):
  File "/home/airflow/.local/lib/python3.10/site-packages/airflow/models/dagbag.py", line 343, in parse
    loader.exec_module(new_module)
  File "<frozen importlib._bootstrap_external>", line 883, in exec_module
  File "<frozen importlib._bootstrap>", line 241, in _call_with_frames_removed
  File "/opt/airflow/dags/binance_daily_dag.py", line 10, in <module>
    local_tz = pendulum.timezone("Asia/Ho_Chi_Minh")
NameError: name 'pendulum' is not defined
[2026-06-19T01:42:43.847+0000] {processor.py:841} WARNING - No viable dags retrieved from /opt/airflow/dags/binance_daily_dag.py
[2026-06-19T01:42:43.872+0000] {processor.py:179} INFO - Processing /opt/airflow/dags/binance_daily_dag.py took 4.334 seconds
[2026-06-19T01:42:43.953+0000] {processor.py:157} INFO - Started process (PID=523) to work on /opt/airflow/dags/binance_daily_dag.py
[2026-06-19T01:42:43.955+0000] {processor.py:829} INFO - Processing file /opt/airflow/dags/binance_daily_dag.py for tasks to queue
[2026-06-19T01:42:43.956+0000] {logging_mixin.py:151} INFO - [2026-06-19T01:42:43.956+0000] {dagbag.py:539} INFO - Filling up the DagBag from /opt/airflow/dags/binance_daily_dag.py
[2026-06-19T01:42:46.348+0000] {logging_mixin.py:151} INFO - [2026-06-19T01:42:46.345+0000] {dagbag.py:347} ERROR - Failed to import: /opt/airflow/dags/binance_daily_dag.py
Traceback (most recent call last):
  File "/home/airflow/.local/lib/python3.10/site-packages/airflow/models/dagbag.py", line 343, in parse
    loader.exec_module(new_module)
  File "<frozen importlib._bootstrap_external>", line 883, in exec_module
  File "<frozen importlib._bootstrap>", line 241, in _call_with_frames_removed
  File "/opt/airflow/dags/binance_daily_dag.py", line 10, in <module>
    local_tz = pendulum.timezone("Asia/Ho_Chi_Minh")
NameError: name 'pendulum' is not defined
[2026-06-19T01:42:46.351+0000] {processor.py:841} WARNING - No viable dags retrieved from /opt/airflow/dags/binance_daily_dag.py
[2026-06-19T01:42:46.371+0000] {processor.py:179} INFO - Processing /opt/airflow/dags/binance_daily_dag.py took 2.422 seconds
[2026-06-19T01:42:46.453+0000] {processor.py:157} INFO - Started process (PID=532) to work on /opt/airflow/dags/binance_daily_dag.py
[2026-06-19T01:42:46.454+0000] {processor.py:829} INFO - Processing file /opt/airflow/dags/binance_daily_dag.py for tasks to queue
[2026-06-19T01:42:46.455+0000] {logging_mixin.py:151} INFO - [2026-06-19T01:42:46.455+0000] {dagbag.py:539} INFO - Filling up the DagBag from /opt/airflow/dags/binance_daily_dag.py
[2026-06-19T01:42:48.794+0000] {logging_mixin.py:151} INFO - [2026-06-19T01:42:48.791+0000] {dagbag.py:347} ERROR - Failed to import: /opt/airflow/dags/binance_daily_dag.py
Traceback (most recent call last):
  File "/home/airflow/.local/lib/python3.10/site-packages/airflow/models/dagbag.py", line 343, in parse
    loader.exec_module(new_module)
  File "<frozen importlib._bootstrap_external>", line 883, in exec_module
  File "<frozen importlib._bootstrap>", line 241, in _call_with_frames_removed
  File "/opt/airflow/dags/binance_daily_dag.py", line 10, in <module>
    local_tz = pendulum.timezone("Asia/Ho_Chi_Minh")
NameError: name 'pendulum' is not defined
[2026-06-19T01:42:48.797+0000] {processor.py:841} WARNING - No viable dags retrieved from /opt/airflow/dags/binance_daily_dag.py
[2026-06-19T01:42:48.817+0000] {processor.py:179} INFO - Processing /opt/airflow/dags/binance_daily_dag.py took 2.368 seconds
[2026-06-19T01:42:48.911+0000] {processor.py:157} INFO - Started process (PID=539) to work on /opt/airflow/dags/binance_daily_dag.py
[2026-06-19T01:42:48.912+0000] {processor.py:829} INFO - Processing file /opt/airflow/dags/binance_daily_dag.py for tasks to queue
[2026-06-19T01:42:48.913+0000] {logging_mixin.py:151} INFO - [2026-06-19T01:42:48.912+0000] {dagbag.py:539} INFO - Filling up the DagBag from /opt/airflow/dags/binance_daily_dag.py
[2026-06-19T01:42:51.453+0000] {logging_mixin.py:151} INFO - [2026-06-19T01:42:51.450+0000] {dagbag.py:347} ERROR - Failed to import: /opt/airflow/dags/binance_daily_dag.py
Traceback (most recent call last):
  File "/home/airflow/.local/lib/python3.10/site-packages/airflow/models/dagbag.py", line 343, in parse
    loader.exec_module(new_module)
  File "<frozen importlib._bootstrap_external>", line 883, in exec_module
  File "<frozen importlib._bootstrap>", line 241, in _call_with_frames_removed
  File "/opt/airflow/dags/binance_daily_dag.py", line 10, in <module>
    local_tz = pendulum.timezone("Asia/Ho_Chi_Minh")
NameError: name 'pendulum' is not defined
[2026-06-19T01:42:51.456+0000] {processor.py:841} WARNING - No viable dags retrieved from /opt/airflow/dags/binance_daily_dag.py
[2026-06-19T01:42:51.474+0000] {processor.py:179} INFO - Processing /opt/airflow/dags/binance_daily_dag.py took 2.568 seconds
[2026-06-19T01:42:51.587+0000] {processor.py:157} INFO - Started process (PID=546) to work on /opt/airflow/dags/binance_daily_dag.py
[2026-06-19T01:42:51.588+0000] {processor.py:829} INFO - Processing file /opt/airflow/dags/binance_daily_dag.py for tasks to queue
[2026-06-19T01:42:51.588+0000] {logging_mixin.py:151} INFO - [2026-06-19T01:42:51.588+0000] {dagbag.py:539} INFO - Filling up the DagBag from /opt/airflow/dags/binance_daily_dag.py
[2026-06-19T01:42:54.690+0000] {logging_mixin.py:151} INFO - [2026-06-19T01:42:54.687+0000] {dagbag.py:347} ERROR - Failed to import: /opt/airflow/dags/binance_daily_dag.py
Traceback (most recent call last):
  File "/home/airflow/.local/lib/python3.10/site-packages/airflow/models/dagbag.py", line 343, in parse
    loader.exec_module(new_module)
  File "<frozen importlib._bootstrap_external>", line 883, in exec_module
  File "<frozen importlib._bootstrap>", line 241, in _call_with_frames_removed
  File "/opt/airflow/dags/binance_daily_dag.py", line 10, in <module>
    local_tz = pendulum.timezone("Asia/Ho_Chi_Minh")
NameError: name 'pendulum' is not defined
[2026-06-19T01:42:54.693+0000] {processor.py:841} WARNING - No viable dags retrieved from /opt/airflow/dags/binance_daily_dag.py
[2026-06-19T01:42:54.714+0000] {processor.py:179} INFO - Processing /opt/airflow/dags/binance_daily_dag.py took 3.131 seconds
[2026-06-19T01:42:54.789+0000] {processor.py:157} INFO - Started process (PID=553) to work on /opt/airflow/dags/binance_daily_dag.py
[2026-06-19T01:42:54.791+0000] {processor.py:829} INFO - Processing file /opt/airflow/dags/binance_daily_dag.py for tasks to queue
[2026-06-19T01:42:54.791+0000] {logging_mixin.py:151} INFO - [2026-06-19T01:42:54.791+0000] {dagbag.py:539} INFO - Filling up the DagBag from /opt/airflow/dags/binance_daily_dag.py
[2026-06-19T01:42:57.529+0000] {logging_mixin.py:151} INFO - [2026-06-19T01:42:57.526+0000] {dagbag.py:347} ERROR - Failed to import: /opt/airflow/dags/binance_daily_dag.py
Traceback (most recent call last):
  File "/home/airflow/.local/lib/python3.10/site-packages/airflow/models/dagbag.py", line 343, in parse
    loader.exec_module(new_module)
  File "<frozen importlib._bootstrap_external>", line 883, in exec_module
  File "<frozen importlib._bootstrap>", line 241, in _call_with_frames_removed
  File "/opt/airflow/dags/binance_daily_dag.py", line 10, in <module>
    local_tz = pendulum.timezone("Asia/Ho_Chi_Minh")
NameError: name 'pendulum' is not defined
[2026-06-19T01:42:57.531+0000] {processor.py:841} WARNING - No viable dags retrieved from /opt/airflow/dags/binance_daily_dag.py
[2026-06-19T01:42:57.586+0000] {processor.py:179} INFO - Processing /opt/airflow/dags/binance_daily_dag.py took 2.809 seconds
[2026-06-19T01:42:57.678+0000] {processor.py:157} INFO - Started process (PID=563) to work on /opt/airflow/dags/binance_daily_dag.py
[2026-06-19T01:42:57.680+0000] {processor.py:829} INFO - Processing file /opt/airflow/dags/binance_daily_dag.py for tasks to queue
[2026-06-19T01:42:57.680+0000] {logging_mixin.py:151} INFO - [2026-06-19T01:42:57.680+0000] {dagbag.py:539} INFO - Filling up the DagBag from /opt/airflow/dags/binance_daily_dag.py
[2026-06-19T01:43:00.147+0000] {logging_mixin.py:151} INFO - [2026-06-19T01:43:00.144+0000] {dagbag.py:347} ERROR - Failed to import: /opt/airflow/dags/binance_daily_dag.py
Traceback (most recent call last):
  File "/home/airflow/.local/lib/python3.10/site-packages/airflow/models/dagbag.py", line 343, in parse
    loader.exec_module(new_module)
  File "<frozen importlib._bootstrap_external>", line 883, in exec_module
  File "<frozen importlib._bootstrap>", line 241, in _call_with_frames_removed
  File "/opt/airflow/dags/binance_daily_dag.py", line 10, in <module>
    local_tz = pendulum.timezone("Asia/Ho_Chi_Minh")
NameError: name 'pendulum' is not defined
[2026-06-19T01:43:00.150+0000] {processor.py:841} WARNING - No viable dags retrieved from /opt/airflow/dags/binance_daily_dag.py
[2026-06-19T01:43:00.170+0000] {processor.py:179} INFO - Processing /opt/airflow/dags/binance_daily_dag.py took 2.497 seconds
[2026-06-19T01:43:00.256+0000] {processor.py:157} INFO - Started process (PID=572) to work on /opt/airflow/dags/binance_daily_dag.py
[2026-06-19T01:43:00.257+0000] {processor.py:829} INFO - Processing file /opt/airflow/dags/binance_daily_dag.py for tasks to queue
[2026-06-19T01:43:00.258+0000] {logging_mixin.py:151} INFO - [2026-06-19T01:43:00.258+0000] {dagbag.py:539} INFO - Filling up the DagBag from /opt/airflow/dags/binance_daily_dag.py
[2026-06-19T01:43:02.992+0000] {logging_mixin.py:151} INFO - [2026-06-19T01:43:02.987+0000] {dagbag.py:347} ERROR - Failed to import: /opt/airflow/dags/binance_daily_dag.py
Traceback (most recent call last):
  File "/home/airflow/.local/lib/python3.10/site-packages/airflow/models/dagbag.py", line 343, in parse
    loader.exec_module(new_module)
  File "<frozen importlib._bootstrap_external>", line 883, in exec_module
  File "<frozen importlib._bootstrap>", line 241, in _call_with_frames_removed
  File "/opt/airflow/dags/binance_daily_dag.py", line 10, in <module>
    local_tz = pendulum.timezone("Asia/Ho_Chi_Minh")
NameError: name 'pendulum' is not defined
[2026-06-19T01:43:02.996+0000] {processor.py:841} WARNING - No viable dags retrieved from /opt/airflow/dags/binance_daily_dag.py
[2026-06-19T01:43:03.018+0000] {processor.py:179} INFO - Processing /opt/airflow/dags/binance_daily_dag.py took 2.767 seconds
[2026-06-19T01:43:03.105+0000] {processor.py:157} INFO - Started process (PID=579) to work on /opt/airflow/dags/binance_daily_dag.py
[2026-06-19T01:43:03.106+0000] {processor.py:829} INFO - Processing file /opt/airflow/dags/binance_daily_dag.py for tasks to queue
[2026-06-19T01:43:03.107+0000] {logging_mixin.py:151} INFO - [2026-06-19T01:43:03.107+0000] {dagbag.py:539} INFO - Filling up the DagBag from /opt/airflow/dags/binance_daily_dag.py
[2026-06-19T01:43:07.058+0000] {logging_mixin.py:151} INFO - [2026-06-19T01:43:07.054+0000] {dagbag.py:347} ERROR - Failed to import: /opt/airflow/dags/binance_daily_dag.py
Traceback (most recent call last):
  File "/home/airflow/.local/lib/python3.10/site-packages/airflow/models/dagbag.py", line 343, in parse
    loader.exec_module(new_module)
  File "<frozen importlib._bootstrap_external>", line 883, in exec_module
  File "<frozen importlib._bootstrap>", line 241, in _call_with_frames_removed
  File "/opt/airflow/dags/binance_daily_dag.py", line 10, in <module>
    local_tz = pendulum.timezone("Asia/Ho_Chi_Minh")
NameError: name 'pendulum' is not defined
[2026-06-19T01:43:07.062+0000] {processor.py:841} WARNING - No viable dags retrieved from /opt/airflow/dags/binance_daily_dag.py
[2026-06-19T01:43:07.090+0000] {processor.py:179} INFO - Processing /opt/airflow/dags/binance_daily_dag.py took 3.988 seconds
[2026-06-19T01:43:07.207+0000] {processor.py:157} INFO - Started process (PID=593) to work on /opt/airflow/dags/binance_daily_dag.py
[2026-06-19T01:43:07.209+0000] {processor.py:829} INFO - Processing file /opt/airflow/dags/binance_daily_dag.py for tasks to queue
[2026-06-19T01:43:07.210+0000] {logging_mixin.py:151} INFO - [2026-06-19T01:43:07.210+0000] {dagbag.py:539} INFO - Filling up the DagBag from /opt/airflow/dags/binance_daily_dag.py
[2026-06-19T08:43:42.567+0000] {processor.py:157} INFO - Started process (PID=626) to work on /opt/airflow/dags/binance_daily_dag.py
[2026-06-19T08:43:42.570+0000] {processor.py:829} INFO - Processing file /opt/airflow/dags/binance_daily_dag.py for tasks to queue
[2026-06-19T08:43:42.574+0000] {logging_mixin.py:151} INFO - [2026-06-19T08:43:42.573+0000] {dagbag.py:539} INFO - Filling up the DagBag from /opt/airflow/dags/binance_daily_dag.py
[2026-06-19T08:43:46.784+0000] {logging_mixin.py:151} INFO - [2026-06-19T08:43:46.780+0000] {dagbag.py:347} ERROR - Failed to import: /opt/airflow/dags/binance_daily_dag.py
Traceback (most recent call last):
  File "/home/airflow/.local/lib/python3.10/site-packages/airflow/models/dagbag.py", line 343, in parse
    loader.exec_module(new_module)
  File "<frozen importlib._bootstrap_external>", line 883, in exec_module
  File "<frozen importlib._bootstrap>", line 241, in _call_with_frames_removed
  File "/opt/airflow/dags/binance_daily_dag.py", line 10, in <module>
    local_tz = pendulum.timezone("Asia/Ho_Chi_Minh")
NameError: name 'pendulum' is not defined
[2026-06-19T08:43:46.788+0000] {processor.py:841} WARNING - No viable dags retrieved from /opt/airflow/dags/binance_daily_dag.py
[2026-06-19T08:43:46.811+0000] {processor.py:179} INFO - Processing /opt/airflow/dags/binance_daily_dag.py took 4.250 seconds
[2026-06-19T08:44:17.341+0000] {processor.py:157} INFO - Started process (PID=659) to work on /opt/airflow/dags/binance_daily_dag.py
[2026-06-19T08:44:17.344+0000] {processor.py:829} INFO - Processing file /opt/airflow/dags/binance_daily_dag.py for tasks to queue
[2026-06-19T08:44:17.345+0000] {logging_mixin.py:151} INFO - [2026-06-19T08:44:17.345+0000] {dagbag.py:539} INFO - Filling up the DagBag from /opt/airflow/dags/binance_daily_dag.py
[2026-06-19T08:44:20.461+0000] {logging_mixin.py:151} INFO - [2026-06-19T08:44:20.458+0000] {dagbag.py:347} ERROR - Failed to import: /opt/airflow/dags/binance_daily_dag.py
Traceback (most recent call last):
  File "/home/airflow/.local/lib/python3.10/site-packages/airflow/models/dagbag.py", line 343, in parse
    loader.exec_module(new_module)
  File "<frozen importlib._bootstrap_external>", line 883, in exec_module
  File "<frozen importlib._bootstrap>", line 241, in _call_with_frames_removed
  File "/opt/airflow/dags/binance_daily_dag.py", line 10, in <module>
    local_tz = pendulum.timezone("Asia/Ho_Chi_Minh")
NameError: name 'pendulum' is not defined
[2026-06-19T08:44:20.464+0000] {processor.py:841} WARNING - No viable dags retrieved from /opt/airflow/dags/binance_daily_dag.py
[2026-06-19T08:44:20.482+0000] {processor.py:179} INFO - Processing /opt/airflow/dags/binance_daily_dag.py took 3.146 seconds
[2026-06-19T08:44:51.151+0000] {processor.py:157} INFO - Started process (PID=692) to work on /opt/airflow/dags/binance_daily_dag.py
[2026-06-19T08:44:51.153+0000] {processor.py:829} INFO - Processing file /opt/airflow/dags/binance_daily_dag.py for tasks to queue
[2026-06-19T08:44:51.154+0000] {logging_mixin.py:151} INFO - [2026-06-19T08:44:51.153+0000] {dagbag.py:539} INFO - Filling up the DagBag from /opt/airflow/dags/binance_daily_dag.py
[2026-06-19T08:44:55.700+0000] {logging_mixin.py:151} INFO - [2026-06-19T08:44:55.697+0000] {dagbag.py:347} ERROR - Failed to import: /opt/airflow/dags/binance_daily_dag.py
Traceback (most recent call last):
  File "/home/airflow/.local/lib/python3.10/site-packages/airflow/models/dagbag.py", line 343, in parse
    loader.exec_module(new_module)
  File "<frozen importlib._bootstrap_external>", line 883, in exec_module
  File "<frozen importlib._bootstrap>", line 241, in _call_with_frames_removed
  File "/opt/airflow/dags/binance_daily_dag.py", line 10, in <module>
    local_tz = pendulum.timezone("Asia/Ho_Chi_Minh")
NameError: name 'pendulum' is not defined
[2026-06-19T08:44:55.702+0000] {processor.py:841} WARNING - No viable dags retrieved from /opt/airflow/dags/binance_daily_dag.py
[2026-06-19T08:44:55.718+0000] {processor.py:179} INFO - Processing /opt/airflow/dags/binance_daily_dag.py took 4.571 seconds
[2026-06-19T08:45:25.992+0000] {processor.py:157} INFO - Started process (PID=726) to work on /opt/airflow/dags/binance_daily_dag.py
[2026-06-19T08:45:25.993+0000] {processor.py:829} INFO - Processing file /opt/airflow/dags/binance_daily_dag.py for tasks to queue
[2026-06-19T08:45:25.995+0000] {logging_mixin.py:151} INFO - [2026-06-19T08:45:25.994+0000] {dagbag.py:539} INFO - Filling up the DagBag from /opt/airflow/dags/binance_daily_dag.py
[2026-06-19T08:45:28.970+0000] {logging_mixin.py:151} INFO - [2026-06-19T08:45:28.967+0000] {dagbag.py:347} ERROR - Failed to import: /opt/airflow/dags/binance_daily_dag.py
Traceback (most recent call last):
  File "/home/airflow/.local/lib/python3.10/site-packages/airflow/models/dagbag.py", line 343, in parse
    loader.exec_module(new_module)
  File "<frozen importlib._bootstrap_external>", line 883, in exec_module
  File "<frozen importlib._bootstrap>", line 241, in _call_with_frames_removed
  File "/opt/airflow/dags/binance_daily_dag.py", line 10, in <module>
    local_tz = pendulum.timezone("Asia/Ho_Chi_Minh")
NameError: name 'pendulum' is not defined
[2026-06-19T08:45:28.972+0000] {processor.py:841} WARNING - No viable dags retrieved from /opt/airflow/dags/binance_daily_dag.py
[2026-06-19T08:45:28.994+0000] {processor.py:179} INFO - Processing /opt/airflow/dags/binance_daily_dag.py took 3.009 seconds
[2026-06-19T08:45:59.366+0000] {processor.py:157} INFO - Started process (PID=759) to work on /opt/airflow/dags/binance_daily_dag.py
[2026-06-19T08:45:59.367+0000] {processor.py:829} INFO - Processing file /opt/airflow/dags/binance_daily_dag.py for tasks to queue
[2026-06-19T08:45:59.368+0000] {logging_mixin.py:151} INFO - [2026-06-19T08:45:59.368+0000] {dagbag.py:539} INFO - Filling up the DagBag from /opt/airflow/dags/binance_daily_dag.py
[2026-06-19T08:46:03.653+0000] {logging_mixin.py:151} INFO - [2026-06-19T08:46:03.650+0000] {dagbag.py:347} ERROR - Failed to import: /opt/airflow/dags/binance_daily_dag.py
Traceback (most recent call last):
  File "/home/airflow/.local/lib/python3.10/site-packages/airflow/models/dagbag.py", line 343, in parse
    loader.exec_module(new_module)
  File "<frozen importlib._bootstrap_external>", line 883, in exec_module
  File "<frozen importlib._bootstrap>", line 241, in _call_with_frames_removed
  File "/opt/airflow/dags/binance_daily_dag.py", line 10, in <module>
    local_tz = pendulum.timezone("Asia/Ho_Chi_Minh")
NameError: name 'pendulum' is not defined
[2026-06-19T08:46:03.656+0000] {processor.py:841} WARNING - No viable dags retrieved from /opt/airflow/dags/binance_daily_dag.py
[2026-06-19T08:46:03.719+0000] {processor.py:179} INFO - Processing /opt/airflow/dags/binance_daily_dag.py took 4.358 seconds
[2026-06-19T08:46:34.578+0000] {processor.py:157} INFO - Started process (PID=797) to work on /opt/airflow/dags/binance_daily_dag.py
[2026-06-19T08:46:34.579+0000] {processor.py:829} INFO - Processing file /opt/airflow/dags/binance_daily_dag.py for tasks to queue
[2026-06-19T08:46:34.580+0000] {logging_mixin.py:151} INFO - [2026-06-19T08:46:34.580+0000] {dagbag.py:539} INFO - Filling up the DagBag from /opt/airflow/dags/binance_daily_dag.py
[2026-06-19T08:46:37.261+0000] {logging_mixin.py:151} INFO - [2026-06-19T08:46:37.258+0000] {dagbag.py:347} ERROR - Failed to import: /opt/airflow/dags/binance_daily_dag.py
Traceback (most recent call last):
  File "/home/airflow/.local/lib/python3.10/site-packages/airflow/models/dagbag.py", line 343, in parse
    loader.exec_module(new_module)
  File "<frozen importlib._bootstrap_external>", line 883, in exec_module
  File "<frozen importlib._bootstrap>", line 241, in _call_with_frames_removed
  File "/opt/airflow/dags/binance_daily_dag.py", line 10, in <module>
    local_tz = pendulum.timezone("Asia/Ho_Chi_Minh")
NameError: name 'pendulum' is not defined
[2026-06-19T08:46:37.263+0000] {processor.py:841} WARNING - No viable dags retrieved from /opt/airflow/dags/binance_daily_dag.py
[2026-06-19T08:46:37.283+0000] {processor.py:179} INFO - Processing /opt/airflow/dags/binance_daily_dag.py took 2.708 seconds
[2026-06-19T08:47:08.037+0000] {processor.py:157} INFO - Started process (PID=837) to work on /opt/airflow/dags/binance_daily_dag.py
[2026-06-19T08:47:08.039+0000] {processor.py:829} INFO - Processing file /opt/airflow/dags/binance_daily_dag.py for tasks to queue
[2026-06-19T08:47:08.040+0000] {logging_mixin.py:151} INFO - [2026-06-19T08:47:08.040+0000] {dagbag.py:539} INFO - Filling up the DagBag from /opt/airflow/dags/binance_daily_dag.py
[2026-06-19T08:47:10.609+0000] {logging_mixin.py:151} INFO - [2026-06-19T08:47:10.606+0000] {dagbag.py:347} ERROR - Failed to import: /opt/airflow/dags/binance_daily_dag.py
Traceback (most recent call last):
  File "/home/airflow/.local/lib/python3.10/site-packages/airflow/models/dagbag.py", line 343, in parse
    loader.exec_module(new_module)
  File "<frozen importlib._bootstrap_external>", line 883, in exec_module
  File "<frozen importlib._bootstrap>", line 241, in _call_with_frames_removed
  File "/opt/airflow/dags/binance_daily_dag.py", line 10, in <module>
    local_tz = pendulum.timezone("Asia/Ho_Chi_Minh")
NameError: name 'pendulum' is not defined
[2026-06-19T08:47:10.612+0000] {processor.py:841} WARNING - No viable dags retrieved from /opt/airflow/dags/binance_daily_dag.py
[2026-06-19T08:47:10.632+0000] {processor.py:179} INFO - Processing /opt/airflow/dags/binance_daily_dag.py took 2.600 seconds
[2026-06-19T08:47:41.386+0000] {processor.py:157} INFO - Started process (PID=870) to work on /opt/airflow/dags/binance_daily_dag.py
[2026-06-19T08:47:41.387+0000] {processor.py:829} INFO - Processing file /opt/airflow/dags/binance_daily_dag.py for tasks to queue
[2026-06-19T08:47:41.390+0000] {logging_mixin.py:151} INFO - [2026-06-19T08:47:41.389+0000] {dagbag.py:539} INFO - Filling up the DagBag from /opt/airflow/dags/binance_daily_dag.py
[2026-06-19T08:47:44.722+0000] {logging_mixin.py:151} INFO - [2026-06-19T08:47:44.717+0000] {dagbag.py:347} ERROR - Failed to import: /opt/airflow/dags/binance_daily_dag.py
Traceback (most recent call last):
  File "/home/airflow/.local/lib/python3.10/site-packages/airflow/models/dagbag.py", line 343, in parse
    loader.exec_module(new_module)
  File "<frozen importlib._bootstrap_external>", line 883, in exec_module
  File "<frozen importlib._bootstrap>", line 241, in _call_with_frames_removed
  File "/opt/airflow/dags/binance_daily_dag.py", line 10, in <module>
    local_tz = pendulum.timezone("Asia/Ho_Chi_Minh")
NameError: name 'pendulum' is not defined
[2026-06-19T08:47:44.725+0000] {processor.py:841} WARNING - No viable dags retrieved from /opt/airflow/dags/binance_daily_dag.py
[2026-06-19T08:47:44.761+0000] {processor.py:179} INFO - Processing /opt/airflow/dags/binance_daily_dag.py took 3.380 seconds
[2026-06-19T08:48:14.943+0000] {processor.py:157} INFO - Started process (PID=903) to work on /opt/airflow/dags/binance_daily_dag.py
[2026-06-19T08:48:14.945+0000] {processor.py:829} INFO - Processing file /opt/airflow/dags/binance_daily_dag.py for tasks to queue
[2026-06-19T08:48:14.946+0000] {logging_mixin.py:151} INFO - [2026-06-19T08:48:14.946+0000] {dagbag.py:539} INFO - Filling up the DagBag from /opt/airflow/dags/binance_daily_dag.py
[2026-06-19T08:48:17.860+0000] {logging_mixin.py:151} INFO - [2026-06-19T08:48:17.857+0000] {dagbag.py:347} ERROR - Failed to import: /opt/airflow/dags/binance_daily_dag.py
Traceback (most recent call last):
  File "/home/airflow/.local/lib/python3.10/site-packages/airflow/models/dagbag.py", line 343, in parse
    loader.exec_module(new_module)
  File "<frozen importlib._bootstrap_external>", line 883, in exec_module
  File "<frozen importlib._bootstrap>", line 241, in _call_with_frames_removed
  File "/opt/airflow/dags/binance_daily_dag.py", line 10, in <module>
    local_tz = pendulum.timezone("Asia/Ho_Chi_Minh")
NameError: name 'pendulum' is not defined
[2026-06-19T08:48:17.862+0000] {processor.py:841} WARNING - No viable dags retrieved from /opt/airflow/dags/binance_daily_dag.py
[2026-06-19T08:48:17.885+0000] {processor.py:179} INFO - Processing /opt/airflow/dags/binance_daily_dag.py took 2.946 seconds
[2026-06-19T08:48:20.000+0000] {processor.py:157} INFO - Started process (PID=915) to work on /opt/airflow/dags/binance_daily_dag.py
[2026-06-19T08:48:20.001+0000] {processor.py:829} INFO - Processing file /opt/airflow/dags/binance_daily_dag.py for tasks to queue
[2026-06-19T08:48:20.002+0000] {logging_mixin.py:151} INFO - [2026-06-19T08:48:20.001+0000] {dagbag.py:539} INFO - Filling up the DagBag from /opt/airflow/dags/binance_daily_dag.py
[2026-06-19T08:48:22.676+0000] {processor.py:839} INFO - DAG(s) dict_keys(['daily_crypto_lstm_pipeline']) retrieved from /opt/airflow/dags/binance_daily_dag.py
[2026-06-19T08:48:23.001+0000] {logging_mixin.py:151} INFO - [2026-06-19T08:48:23.000+0000] {security.py:708} INFO - Not syncing DAG-level permissions for DAG 'DAG:daily_crypto_lstm_pipeline' as access control is unset.
[2026-06-19T08:48:23.002+0000] {logging_mixin.py:151} INFO - [2026-06-19T08:48:23.002+0000] {dag.py:2915} INFO - Sync 1 DAGs
[2026-06-19T08:48:23.045+0000] {logging_mixin.py:151} INFO - [2026-06-19T08:48:23.045+0000] {dag.py:3696} INFO - Setting next_dagrun for daily_crypto_lstm_pipeline to 2026-06-18T00:02:00+00:00, run_after=2026-06-19T00:02:00+00:00
[2026-06-19T08:48:23.099+0000] {processor.py:179} INFO - Processing /opt/airflow/dags/binance_daily_dag.py took 3.103 seconds
[2026-06-19T08:48:53.462+0000] {processor.py:157} INFO - Started process (PID=977) to work on /opt/airflow/dags/binance_daily_dag.py
[2026-06-19T08:48:53.464+0000] {processor.py:829} INFO - Processing file /opt/airflow/dags/binance_daily_dag.py for tasks to queue
[2026-06-19T08:48:53.465+0000] {logging_mixin.py:151} INFO - [2026-06-19T08:48:53.465+0000] {dagbag.py:539} INFO - Filling up the DagBag from /opt/airflow/dags/binance_daily_dag.py
[2026-06-19T08:48:56.172+0000] {processor.py:839} INFO - DAG(s) dict_keys(['daily_crypto_lstm_pipeline']) retrieved from /opt/airflow/dags/binance_daily_dag.py
[2026-06-19T08:48:56.195+0000] {logging_mixin.py:151} INFO - [2026-06-19T08:48:56.194+0000] {dag.py:2915} INFO - Sync 1 DAGs
[2026-06-19T08:48:56.213+0000] {logging_mixin.py:151} INFO - [2026-06-19T08:48:56.213+0000] {dag.py:3696} INFO - Setting next_dagrun for daily_crypto_lstm_pipeline to 2026-06-19T00:02:00+00:00, run_after=2026-06-20T00:02:00+00:00
[2026-06-19T08:48:56.235+0000] {processor.py:179} INFO - Processing /opt/airflow/dags/binance_daily_dag.py took 2.777 seconds
[2026-06-19T08:49:26.519+0000] {processor.py:157} INFO - Started process (PID=1010) to work on /opt/airflow/dags/binance_daily_dag.py
[2026-06-19T08:49:26.521+0000] {processor.py:829} INFO - Processing file /opt/airflow/dags/binance_daily_dag.py for tasks to queue
[2026-06-19T08:49:26.523+0000] {logging_mixin.py:151} INFO - [2026-06-19T08:49:26.523+0000] {dagbag.py:539} INFO - Filling up the DagBag from /opt/airflow/dags/binance_daily_dag.py
[2026-06-19T08:49:29.495+0000] {processor.py:839} INFO - DAG(s) dict_keys(['daily_crypto_lstm_pipeline']) retrieved from /opt/airflow/dags/binance_daily_dag.py
[2026-06-19T08:49:29.519+0000] {logging_mixin.py:151} INFO - [2026-06-19T08:49:29.518+0000] {dag.py:2915} INFO - Sync 1 DAGs
[2026-06-19T08:49:29.545+0000] {logging_mixin.py:151} INFO - [2026-06-19T08:49:29.544+0000] {dag.py:3696} INFO - Setting next_dagrun for daily_crypto_lstm_pipeline to 2026-06-19T00:02:00+00:00, run_after=2026-06-20T00:02:00+00:00
[2026-06-19T08:49:29.570+0000] {processor.py:179} INFO - Processing /opt/airflow/dags/binance_daily_dag.py took 3.056 seconds
[2026-06-19T08:49:59.901+0000] {processor.py:157} INFO - Started process (PID=1043) to work on /opt/airflow/dags/binance_daily_dag.py
[2026-06-19T08:49:59.902+0000] {processor.py:829} INFO - Processing file /opt/airflow/dags/binance_daily_dag.py for tasks to queue
[2026-06-19T08:49:59.903+0000] {logging_mixin.py:151} INFO - [2026-06-19T08:49:59.903+0000] {dagbag.py:539} INFO - Filling up the DagBag from /opt/airflow/dags/binance_daily_dag.py
[2026-06-19T08:50:03.168+0000] {processor.py:839} INFO - DAG(s) dict_keys(['daily_crypto_lstm_pipeline']) retrieved from /opt/airflow/dags/binance_daily_dag.py
[2026-06-19T08:50:03.191+0000] {logging_mixin.py:151} INFO - [2026-06-19T08:50:03.191+0000] {dag.py:2915} INFO - Sync 1 DAGs
[2026-06-19T08:50:03.212+0000] {logging_mixin.py:151} INFO - [2026-06-19T08:50:03.212+0000] {dag.py:3696} INFO - Setting next_dagrun for daily_crypto_lstm_pipeline to 2026-06-19T00:02:00+00:00, run_after=2026-06-20T00:02:00+00:00
[2026-06-19T08:50:03.238+0000] {processor.py:179} INFO - Processing /opt/airflow/dags/binance_daily_dag.py took 3.341 seconds
[2026-06-19T08:50:33.519+0000] {processor.py:157} INFO - Started process (PID=1080) to work on /opt/airflow/dags/binance_daily_dag.py
[2026-06-19T08:50:33.521+0000] {processor.py:829} INFO - Processing file /opt/airflow/dags/binance_daily_dag.py for tasks to queue
[2026-06-19T08:50:33.523+0000] {logging_mixin.py:151} INFO - [2026-06-19T08:50:33.522+0000] {dagbag.py:539} INFO - Filling up the DagBag from /opt/airflow/dags/binance_daily_dag.py
[2026-06-19T08:50:36.246+0000] {processor.py:839} INFO - DAG(s) dict_keys(['daily_crypto_lstm_pipeline']) retrieved from /opt/airflow/dags/binance_daily_dag.py
[2026-06-19T08:50:36.269+0000] {logging_mixin.py:151} INFO - [2026-06-19T08:50:36.268+0000] {dag.py:2915} INFO - Sync 1 DAGs
[2026-06-19T08:50:36.297+0000] {logging_mixin.py:151} INFO - [2026-06-19T08:50:36.297+0000] {dag.py:3696} INFO - Setting next_dagrun for daily_crypto_lstm_pipeline to 2026-06-19T00:02:00+00:00, run_after=2026-06-20T00:02:00+00:00
[2026-06-19T08:50:36.317+0000] {processor.py:179} INFO - Processing /opt/airflow/dags/binance_daily_dag.py took 2.803 seconds
[2026-06-19T08:51:07.385+0000] {processor.py:157} INFO - Started process (PID=1152) to work on /opt/airflow/dags/binance_daily_dag.py
[2026-06-19T08:51:07.387+0000] {processor.py:829} INFO - Processing file /opt/airflow/dags/binance_daily_dag.py for tasks to queue
[2026-06-19T08:51:07.388+0000] {logging_mixin.py:151} INFO - [2026-06-19T08:51:07.388+0000] {dagbag.py:539} INFO - Filling up the DagBag from /opt/airflow/dags/binance_daily_dag.py
[2026-06-19T08:51:10.436+0000] {processor.py:839} INFO - DAG(s) dict_keys(['daily_crypto_lstm_pipeline']) retrieved from /opt/airflow/dags/binance_daily_dag.py
[2026-06-19T08:51:10.457+0000] {logging_mixin.py:151} INFO - [2026-06-19T08:51:10.456+0000] {dag.py:2915} INFO - Sync 1 DAGs
[2026-06-19T08:51:10.478+0000] {logging_mixin.py:151} INFO - [2026-06-19T08:51:10.478+0000] {dag.py:3696} INFO - Setting next_dagrun for daily_crypto_lstm_pipeline to 2026-06-19T00:02:00+00:00, run_after=2026-06-20T00:02:00+00:00
[2026-06-19T08:51:10.498+0000] {processor.py:179} INFO - Processing /opt/airflow/dags/binance_daily_dag.py took 3.119 seconds
[2026-06-19T08:51:40.701+0000] {processor.py:157} INFO - Started process (PID=1185) to work on /opt/airflow/dags/binance_daily_dag.py
[2026-06-19T08:51:40.702+0000] {processor.py:829} INFO - Processing file /opt/airflow/dags/binance_daily_dag.py for tasks to queue
[2026-06-19T08:51:40.703+0000] {logging_mixin.py:151} INFO - [2026-06-19T08:51:40.703+0000] {dagbag.py:539} INFO - Filling up the DagBag from /opt/airflow/dags/binance_daily_dag.py
[2026-06-19T08:51:43.139+0000] {processor.py:839} INFO - DAG(s) dict_keys(['daily_crypto_lstm_pipeline']) retrieved from /opt/airflow/dags/binance_daily_dag.py
[2026-06-19T08:51:43.161+0000] {logging_mixin.py:151} INFO - [2026-06-19T08:51:43.160+0000] {dag.py:2915} INFO - Sync 1 DAGs
[2026-06-19T08:51:43.179+0000] {logging_mixin.py:151} INFO - [2026-06-19T08:51:43.179+0000] {dag.py:3696} INFO - Setting next_dagrun for daily_crypto_lstm_pipeline to 2026-06-19T00:02:00+00:00, run_after=2026-06-20T00:02:00+00:00
[2026-06-19T08:51:43.198+0000] {processor.py:179} INFO - Processing /opt/airflow/dags/binance_daily_dag.py took 2.503 seconds
[2026-06-19T08:52:13.367+0000] {processor.py:157} INFO - Started process (PID=1218) to work on /opt/airflow/dags/binance_daily_dag.py
[2026-06-19T08:52:13.368+0000] {processor.py:829} INFO - Processing file /opt/airflow/dags/binance_daily_dag.py for tasks to queue
[2026-06-19T08:52:13.369+0000] {logging_mixin.py:151} INFO - [2026-06-19T08:52:13.369+0000] {dagbag.py:539} INFO - Filling up the DagBag from /opt/airflow/dags/binance_daily_dag.py
[2026-06-19T08:52:15.919+0000] {processor.py:839} INFO - DAG(s) dict_keys(['daily_crypto_lstm_pipeline']) retrieved from /opt/airflow/dags/binance_daily_dag.py
[2026-06-19T08:52:15.938+0000] {logging_mixin.py:151} INFO - [2026-06-19T08:52:15.937+0000] {dag.py:2915} INFO - Sync 1 DAGs
[2026-06-19T08:52:15.954+0000] {logging_mixin.py:151} INFO - [2026-06-19T08:52:15.954+0000] {dag.py:3696} INFO - Setting next_dagrun for daily_crypto_lstm_pipeline to 2026-06-19T00:02:00+00:00, run_after=2026-06-20T00:02:00+00:00
[2026-06-19T08:52:15.971+0000] {processor.py:179} INFO - Processing /opt/airflow/dags/binance_daily_dag.py took 2.608 seconds
[2026-06-19T08:52:46.131+0000] {processor.py:157} INFO - Started process (PID=1251) to work on /opt/airflow/dags/binance_daily_dag.py
[2026-06-19T08:52:46.133+0000] {processor.py:829} INFO - Processing file /opt/airflow/dags/binance_daily_dag.py for tasks to queue
[2026-06-19T08:52:46.134+0000] {logging_mixin.py:151} INFO - [2026-06-19T08:52:46.134+0000] {dagbag.py:539} INFO - Filling up the DagBag from /opt/airflow/dags/binance_daily_dag.py
[2026-06-19T08:52:48.796+0000] {processor.py:839} INFO - DAG(s) dict_keys(['daily_crypto_lstm_pipeline']) retrieved from /opt/airflow/dags/binance_daily_dag.py
[2026-06-19T08:52:48.826+0000] {logging_mixin.py:151} INFO - [2026-06-19T08:52:48.826+0000] {dag.py:2915} INFO - Sync 1 DAGs
[2026-06-19T08:52:48.858+0000] {logging_mixin.py:151} INFO - [2026-06-19T08:52:48.858+0000] {dag.py:3696} INFO - Setting next_dagrun for daily_crypto_lstm_pipeline to 2026-06-19T00:02:00+00:00, run_after=2026-06-20T00:02:00+00:00
[2026-06-19T08:52:48.922+0000] {processor.py:179} INFO - Processing /opt/airflow/dags/binance_daily_dag.py took 2.794 seconds
[2026-06-19T08:53:19.032+0000] {processor.py:157} INFO - Started process (PID=1284) to work on /opt/airflow/dags/binance_daily_dag.py
[2026-06-19T08:53:19.034+0000] {processor.py:829} INFO - Processing file /opt/airflow/dags/binance_daily_dag.py for tasks to queue
[2026-06-19T08:53:19.034+0000] {logging_mixin.py:151} INFO - [2026-06-19T08:53:19.034+0000] {dagbag.py:539} INFO - Filling up the DagBag from /opt/airflow/dags/binance_daily_dag.py
[2026-06-19T08:53:21.386+0000] {processor.py:839} INFO - DAG(s) dict_keys(['daily_crypto_lstm_pipeline']) retrieved from /opt/airflow/dags/binance_daily_dag.py
[2026-06-19T08:53:21.407+0000] {logging_mixin.py:151} INFO - [2026-06-19T08:53:21.406+0000] {dag.py:2915} INFO - Sync 1 DAGs
[2026-06-19T08:53:21.425+0000] {logging_mixin.py:151} INFO - [2026-06-19T08:53:21.425+0000] {dag.py:3696} INFO - Setting next_dagrun for daily_crypto_lstm_pipeline to 2026-06-19T00:02:00+00:00, run_after=2026-06-20T00:02:00+00:00
[2026-06-19T08:53:21.481+0000] {processor.py:179} INFO - Processing /opt/airflow/dags/binance_daily_dag.py took 2.452 seconds
[2026-06-19T08:53:51.780+0000] {processor.py:157} INFO - Started process (PID=1310) to work on /opt/airflow/dags/binance_daily_dag.py
[2026-06-19T08:53:51.782+0000] {processor.py:829} INFO - Processing file /opt/airflow/dags/binance_daily_dag.py for tasks to queue
[2026-06-19T08:53:51.783+0000] {logging_mixin.py:151} INFO - [2026-06-19T08:53:51.783+0000] {dagbag.py:539} INFO - Filling up the DagBag from /opt/airflow/dags/binance_daily_dag.py
[2026-06-19T08:53:54.194+0000] {processor.py:839} INFO - DAG(s) dict_keys(['daily_crypto_lstm_pipeline']) retrieved from /opt/airflow/dags/binance_daily_dag.py
[2026-06-19T08:53:54.221+0000] {logging_mixin.py:151} INFO - [2026-06-19T08:53:54.220+0000] {dag.py:2915} INFO - Sync 1 DAGs
[2026-06-19T08:53:54.250+0000] {logging_mixin.py:151} INFO - [2026-06-19T08:53:54.249+0000] {dag.py:3696} INFO - Setting next_dagrun for daily_crypto_lstm_pipeline to 2026-06-19T00:02:00+00:00, run_after=2026-06-20T00:02:00+00:00
[2026-06-19T08:53:54.278+0000] {processor.py:179} INFO - Processing /opt/airflow/dags/binance_daily_dag.py took 2.503 seconds
[2026-06-19T08:54:24.533+0000] {processor.py:157} INFO - Started process (PID=1352) to work on /opt/airflow/dags/binance_daily_dag.py
[2026-06-19T08:54:24.534+0000] {processor.py:829} INFO - Processing file /opt/airflow/dags/binance_daily_dag.py for tasks to queue
[2026-06-19T08:54:24.535+0000] {logging_mixin.py:151} INFO - [2026-06-19T08:54:24.535+0000] {dagbag.py:539} INFO - Filling up the DagBag from /opt/airflow/dags/binance_daily_dag.py
[2026-06-19T08:54:27.094+0000] {processor.py:839} INFO - DAG(s) dict_keys(['daily_crypto_lstm_pipeline']) retrieved from /opt/airflow/dags/binance_daily_dag.py
[2026-06-19T08:54:27.123+0000] {logging_mixin.py:151} INFO - [2026-06-19T08:54:27.123+0000] {dag.py:2915} INFO - Sync 1 DAGs
[2026-06-19T08:54:27.153+0000] {logging_mixin.py:151} INFO - [2026-06-19T08:54:27.152+0000] {dag.py:3696} INFO - Setting next_dagrun for daily_crypto_lstm_pipeline to 2026-06-19T00:02:00+00:00, run_after=2026-06-20T00:02:00+00:00
[2026-06-19T08:54:27.174+0000] {processor.py:179} INFO - Processing /opt/airflow/dags/binance_daily_dag.py took 2.649 seconds
[2026-06-19T08:54:57.546+0000] {processor.py:157} INFO - Started process (PID=1385) to work on /opt/airflow/dags/binance_daily_dag.py
[2026-06-19T08:54:57.547+0000] {processor.py:829} INFO - Processing file /opt/airflow/dags/binance_daily_dag.py for tasks to queue
[2026-06-19T08:54:57.548+0000] {logging_mixin.py:151} INFO - [2026-06-19T08:54:57.548+0000] {dagbag.py:539} INFO - Filling up the DagBag from /opt/airflow/dags/binance_daily_dag.py
[2026-06-19T08:54:59.913+0000] {processor.py:839} INFO - DAG(s) dict_keys(['daily_crypto_lstm_pipeline']) retrieved from /opt/airflow/dags/binance_daily_dag.py
[2026-06-19T08:54:59.934+0000] {logging_mixin.py:151} INFO - [2026-06-19T08:54:59.933+0000] {dag.py:2915} INFO - Sync 1 DAGs
[2026-06-19T08:54:59.951+0000] {logging_mixin.py:151} INFO - [2026-06-19T08:54:59.951+0000] {dag.py:3696} INFO - Setting next_dagrun for daily_crypto_lstm_pipeline to 2026-06-19T00:02:00+00:00, run_after=2026-06-20T00:02:00+00:00
[2026-06-19T08:54:59.968+0000] {processor.py:179} INFO - Processing /opt/airflow/dags/binance_daily_dag.py took 2.425 seconds
[2026-06-19T08:55:30.108+0000] {processor.py:157} INFO - Started process (PID=1418) to work on /opt/airflow/dags/binance_daily_dag.py
[2026-06-19T08:55:30.109+0000] {processor.py:829} INFO - Processing file /opt/airflow/dags/binance_daily_dag.py for tasks to queue
[2026-06-19T08:55:30.110+0000] {logging_mixin.py:151} INFO - [2026-06-19T08:55:30.110+0000] {dagbag.py:539} INFO - Filling up the DagBag from /opt/airflow/dags/binance_daily_dag.py
[2026-06-19T08:55:32.551+0000] {processor.py:839} INFO - DAG(s) dict_keys(['daily_crypto_lstm_pipeline']) retrieved from /opt/airflow/dags/binance_daily_dag.py
[2026-06-19T08:55:32.569+0000] {logging_mixin.py:151} INFO - [2026-06-19T08:55:32.569+0000] {dag.py:2915} INFO - Sync 1 DAGs
[2026-06-19T08:55:32.590+0000] {logging_mixin.py:151} INFO - [2026-06-19T08:55:32.589+0000] {dag.py:3696} INFO - Setting next_dagrun for daily_crypto_lstm_pipeline to 2026-06-19T00:02:00+00:00, run_after=2026-06-20T00:02:00+00:00
[2026-06-19T08:55:32.647+0000] {processor.py:179} INFO - Processing /opt/airflow/dags/binance_daily_dag.py took 2.542 seconds
[2026-06-19T08:56:02.738+0000] {processor.py:157} INFO - Started process (PID=1450) to work on /opt/airflow/dags/binance_daily_dag.py
[2026-06-19T08:56:02.740+0000] {processor.py:829} INFO - Processing file /opt/airflow/dags/binance_daily_dag.py for tasks to queue
[2026-06-19T08:56:02.740+0000] {logging_mixin.py:151} INFO - [2026-06-19T08:56:02.740+0000] {dagbag.py:539} INFO - Filling up the DagBag from /opt/airflow/dags/binance_daily_dag.py
[2026-06-19T08:56:05.080+0000] {processor.py:839} INFO - DAG(s) dict_keys(['daily_crypto_lstm_pipeline']) retrieved from /opt/airflow/dags/binance_daily_dag.py
[2026-06-19T08:56:05.098+0000] {logging_mixin.py:151} INFO - [2026-06-19T08:56:05.098+0000] {dag.py:2915} INFO - Sync 1 DAGs
[2026-06-19T08:56:05.115+0000] {logging_mixin.py:151} INFO - [2026-06-19T08:56:05.115+0000] {dag.py:3696} INFO - Setting next_dagrun for daily_crypto_lstm_pipeline to 2026-06-19T00:02:00+00:00, run_after=2026-06-20T00:02:00+00:00
[2026-06-19T08:56:05.170+0000] {processor.py:179} INFO - Processing /opt/airflow/dags/binance_daily_dag.py took 2.435 seconds
[2026-06-19T08:56:35.845+0000] {processor.py:157} INFO - Started process (PID=1483) to work on /opt/airflow/dags/binance_daily_dag.py
[2026-06-19T08:56:35.847+0000] {processor.py:829} INFO - Processing file /opt/airflow/dags/binance_daily_dag.py for tasks to queue
[2026-06-19T08:56:35.848+0000] {logging_mixin.py:151} INFO - [2026-06-19T08:56:35.848+0000] {dagbag.py:539} INFO - Filling up the DagBag from /opt/airflow/dags/binance_daily_dag.py
[2026-06-19T08:56:38.167+0000] {processor.py:839} INFO - DAG(s) dict_keys(['daily_crypto_lstm_pipeline']) retrieved from /opt/airflow/dags/binance_daily_dag.py
[2026-06-19T08:56:38.194+0000] {logging_mixin.py:151} INFO - [2026-06-19T08:56:38.193+0000] {dag.py:2915} INFO - Sync 1 DAGs
[2026-06-19T08:56:38.217+0000] {logging_mixin.py:151} INFO - [2026-06-19T08:56:38.217+0000] {dag.py:3696} INFO - Setting next_dagrun for daily_crypto_lstm_pipeline to 2026-06-19T00:02:00+00:00, run_after=2026-06-20T00:02:00+00:00
[2026-06-19T08:56:38.246+0000] {processor.py:179} INFO - Processing /opt/airflow/dags/binance_daily_dag.py took 2.405 seconds
[2026-06-19T08:57:08.946+0000] {processor.py:157} INFO - Started process (PID=1523) to work on /opt/airflow/dags/binance_daily_dag.py
[2026-06-19T08:57:08.947+0000] {processor.py:829} INFO - Processing file /opt/airflow/dags/binance_daily_dag.py for tasks to queue
[2026-06-19T08:57:08.948+0000] {logging_mixin.py:151} INFO - [2026-06-19T08:57:08.948+0000] {dagbag.py:539} INFO - Filling up the DagBag from /opt/airflow/dags/binance_daily_dag.py
[2026-06-19T08:57:11.274+0000] {processor.py:839} INFO - DAG(s) dict_keys(['daily_crypto_lstm_pipeline']) retrieved from /opt/airflow/dags/binance_daily_dag.py
[2026-06-19T08:57:11.293+0000] {logging_mixin.py:151} INFO - [2026-06-19T08:57:11.293+0000] {dag.py:2915} INFO - Sync 1 DAGs
[2026-06-19T08:57:11.311+0000] {logging_mixin.py:151} INFO - [2026-06-19T08:57:11.311+0000] {dag.py:3696} INFO - Setting next_dagrun for daily_crypto_lstm_pipeline to 2026-06-19T00:02:00+00:00, run_after=2026-06-20T00:02:00+00:00
[2026-06-19T08:57:11.369+0000] {processor.py:179} INFO - Processing /opt/airflow/dags/binance_daily_dag.py took 2.427 seconds
[2026-06-19T08:57:42.107+0000] {processor.py:157} INFO - Started process (PID=1556) to work on /opt/airflow/dags/binance_daily_dag.py
[2026-06-19T08:57:42.109+0000] {processor.py:829} INFO - Processing file /opt/airflow/dags/binance_daily_dag.py for tasks to queue
[2026-06-19T08:57:42.110+0000] {logging_mixin.py:151} INFO - [2026-06-19T08:57:42.110+0000] {dagbag.py:539} INFO - Filling up the DagBag from /opt/airflow/dags/binance_daily_dag.py
[2026-06-19T08:57:44.212+0000] {processor.py:839} INFO - DAG(s) dict_keys(['daily_crypto_lstm_pipeline']) retrieved from /opt/airflow/dags/binance_daily_dag.py
[2026-06-19T08:57:44.230+0000] {logging_mixin.py:151} INFO - [2026-06-19T08:57:44.230+0000] {dag.py:2915} INFO - Sync 1 DAGs
[2026-06-19T08:57:44.247+0000] {logging_mixin.py:151} INFO - [2026-06-19T08:57:44.247+0000] {dag.py:3696} INFO - Setting next_dagrun for daily_crypto_lstm_pipeline to 2026-06-19T00:02:00+00:00, run_after=2026-06-20T00:02:00+00:00
[2026-06-19T08:57:44.302+0000] {processor.py:179} INFO - Processing /opt/airflow/dags/binance_daily_dag.py took 2.198 seconds
[2026-06-19T08:58:15.021+0000] {processor.py:157} INFO - Started process (PID=1594) to work on /opt/airflow/dags/binance_daily_dag.py
[2026-06-19T08:58:15.022+0000] {processor.py:829} INFO - Processing file /opt/airflow/dags/binance_daily_dag.py for tasks to queue
[2026-06-19T08:58:15.023+0000] {logging_mixin.py:151} INFO - [2026-06-19T08:58:15.023+0000] {dagbag.py:539} INFO - Filling up the DagBag from /opt/airflow/dags/binance_daily_dag.py
[2026-06-19T08:58:17.408+0000] {processor.py:839} INFO - DAG(s) dict_keys(['daily_crypto_lstm_pipeline']) retrieved from /opt/airflow/dags/binance_daily_dag.py
[2026-06-19T08:58:17.432+0000] {logging_mixin.py:151} INFO - [2026-06-19T08:58:17.431+0000] {dag.py:2915} INFO - Sync 1 DAGs
[2026-06-19T08:58:17.460+0000] {logging_mixin.py:151} INFO - [2026-06-19T08:58:17.460+0000] {dag.py:3696} INFO - Setting next_dagrun for daily_crypto_lstm_pipeline to 2026-06-19T00:02:00+00:00, run_after=2026-06-20T00:02:00+00:00
[2026-06-19T08:58:17.502+0000] {processor.py:179} INFO - Processing /opt/airflow/dags/binance_daily_dag.py took 2.485 seconds
[2026-06-19T08:58:47.946+0000] {processor.py:157} INFO - Started process (PID=1627) to work on /opt/airflow/dags/binance_daily_dag.py
[2026-06-19T08:58:47.947+0000] {processor.py:829} INFO - Processing file /opt/airflow/dags/binance_daily_dag.py for tasks to queue
[2026-06-19T08:58:47.948+0000] {logging_mixin.py:151} INFO - [2026-06-19T08:58:47.948+0000] {dagbag.py:539} INFO - Filling up the DagBag from /opt/airflow/dags/binance_daily_dag.py
[2026-06-19T08:58:50.083+0000] {processor.py:839} INFO - DAG(s) dict_keys(['daily_crypto_lstm_pipeline']) retrieved from /opt/airflow/dags/binance_daily_dag.py
[2026-06-19T08:58:50.107+0000] {logging_mixin.py:151} INFO - [2026-06-19T08:58:50.106+0000] {dag.py:2915} INFO - Sync 1 DAGs
[2026-06-19T08:58:50.128+0000] {logging_mixin.py:151} INFO - [2026-06-19T08:58:50.128+0000] {dag.py:3696} INFO - Setting next_dagrun for daily_crypto_lstm_pipeline to 2026-06-19T00:02:00+00:00, run_after=2026-06-20T00:02:00+00:00
[2026-06-19T08:58:50.146+0000] {processor.py:179} INFO - Processing /opt/airflow/dags/binance_daily_dag.py took 2.204 seconds
[2026-06-19T08:59:21.182+0000] {processor.py:157} INFO - Started process (PID=1660) to work on /opt/airflow/dags/binance_daily_dag.py
[2026-06-19T08:59:21.183+0000] {processor.py:829} INFO - Processing file /opt/airflow/dags/binance_daily_dag.py for tasks to queue
[2026-06-19T08:59:21.185+0000] {logging_mixin.py:151} INFO - [2026-06-19T08:59:21.184+0000] {dagbag.py:539} INFO - Filling up the DagBag from /opt/airflow/dags/binance_daily_dag.py
[2026-06-19T08:59:23.339+0000] {processor.py:839} INFO - DAG(s) dict_keys(['daily_crypto_lstm_pipeline']) retrieved from /opt/airflow/dags/binance_daily_dag.py
[2026-06-19T08:59:23.355+0000] {logging_mixin.py:151} INFO - [2026-06-19T08:59:23.355+0000] {dag.py:2915} INFO - Sync 1 DAGs
[2026-06-19T08:59:23.372+0000] {logging_mixin.py:151} INFO - [2026-06-19T08:59:23.372+0000] {dag.py:3696} INFO - Setting next_dagrun for daily_crypto_lstm_pipeline to 2026-06-19T00:02:00+00:00, run_after=2026-06-20T00:02:00+00:00
[2026-06-19T08:59:23.393+0000] {processor.py:179} INFO - Processing /opt/airflow/dags/binance_daily_dag.py took 2.215 seconds
[2026-06-19T08:59:54.215+0000] {processor.py:157} INFO - Started process (PID=1693) to work on /opt/airflow/dags/binance_daily_dag.py
[2026-06-19T08:59:54.216+0000] {processor.py:829} INFO - Processing file /opt/airflow/dags/binance_daily_dag.py for tasks to queue
[2026-06-19T08:59:54.217+0000] {logging_mixin.py:151} INFO - [2026-06-19T08:59:54.217+0000] {dagbag.py:539} INFO - Filling up the DagBag from /opt/airflow/dags/binance_daily_dag.py
[2026-06-19T08:59:56.394+0000] {processor.py:839} INFO - DAG(s) dict_keys(['daily_crypto_lstm_pipeline']) retrieved from /opt/airflow/dags/binance_daily_dag.py
[2026-06-19T08:59:56.430+0000] {logging_mixin.py:151} INFO - [2026-06-19T08:59:56.429+0000] {dag.py:2915} INFO - Sync 1 DAGs
[2026-06-19T08:59:56.467+0000] {logging_mixin.py:151} INFO - [2026-06-19T08:59:56.467+0000] {dag.py:3696} INFO - Setting next_dagrun for daily_crypto_lstm_pipeline to 2026-06-19T00:02:00+00:00, run_after=2026-06-20T00:02:00+00:00
[2026-06-19T08:59:56.498+0000] {processor.py:179} INFO - Processing /opt/airflow/dags/binance_daily_dag.py took 2.288 seconds
[2026-06-19T09:00:27.736+0000] {processor.py:157} INFO - Started process (PID=1726) to work on /opt/airflow/dags/binance_daily_dag.py
[2026-06-19T09:00:27.738+0000] {processor.py:829} INFO - Processing file /opt/airflow/dags/binance_daily_dag.py for tasks to queue
[2026-06-19T09:00:27.739+0000] {logging_mixin.py:151} INFO - [2026-06-19T09:00:27.738+0000] {dagbag.py:539} INFO - Filling up the DagBag from /opt/airflow/dags/binance_daily_dag.py
[2026-06-19T09:00:29.953+0000] {processor.py:839} INFO - DAG(s) dict_keys(['daily_crypto_lstm_pipeline']) retrieved from /opt/airflow/dags/binance_daily_dag.py
[2026-06-19T09:00:29.986+0000] {logging_mixin.py:151} INFO - [2026-06-19T09:00:29.985+0000] {dag.py:2915} INFO - Sync 1 DAGs
[2026-06-19T09:00:30.009+0000] {logging_mixin.py:151} INFO - [2026-06-19T09:00:30.009+0000] {dag.py:3696} INFO - Setting next_dagrun for daily_crypto_lstm_pipeline to 2026-06-19T00:02:00+00:00, run_after=2026-06-20T00:02:00+00:00
[2026-06-19T09:00:30.062+0000] {processor.py:179} INFO - Processing /opt/airflow/dags/binance_daily_dag.py took 2.329 seconds
[2026-06-19T09:01:01.068+0000] {processor.py:157} INFO - Started process (PID=1759) to work on /opt/airflow/dags/binance_daily_dag.py
[2026-06-19T09:01:01.070+0000] {processor.py:829} INFO - Processing file /opt/airflow/dags/binance_daily_dag.py for tasks to queue
[2026-06-19T09:01:01.071+0000] {logging_mixin.py:151} INFO - [2026-06-19T09:01:01.071+0000] {dagbag.py:539} INFO - Filling up the DagBag from /opt/airflow/dags/binance_daily_dag.py
[2026-06-19T09:01:03.398+0000] {processor.py:839} INFO - DAG(s) dict_keys(['daily_crypto_lstm_pipeline']) retrieved from /opt/airflow/dags/binance_daily_dag.py
[2026-06-19T09:01:03.415+0000] {logging_mixin.py:151} INFO - [2026-06-19T09:01:03.415+0000] {dag.py:2915} INFO - Sync 1 DAGs
[2026-06-19T09:01:03.432+0000] {logging_mixin.py:151} INFO - [2026-06-19T09:01:03.432+0000] {dag.py:3696} INFO - Setting next_dagrun for daily_crypto_lstm_pipeline to 2026-06-19T00:02:00+00:00, run_after=2026-06-20T00:02:00+00:00
[2026-06-19T09:01:03.492+0000] {processor.py:179} INFO - Processing /opt/airflow/dags/binance_daily_dag.py took 2.430 seconds
[2026-06-19T09:01:34.041+0000] {processor.py:157} INFO - Started process (PID=1792) to work on /opt/airflow/dags/binance_daily_dag.py
[2026-06-19T09:01:34.043+0000] {processor.py:829} INFO - Processing file /opt/airflow/dags/binance_daily_dag.py for tasks to queue
[2026-06-19T09:01:34.043+0000] {logging_mixin.py:151} INFO - [2026-06-19T09:01:34.043+0000] {dagbag.py:539} INFO - Filling up the DagBag from /opt/airflow/dags/binance_daily_dag.py
[2026-06-19T09:01:36.551+0000] {processor.py:839} INFO - DAG(s) dict_keys(['daily_crypto_lstm_pipeline']) retrieved from /opt/airflow/dags/binance_daily_dag.py
[2026-06-19T09:01:36.585+0000] {logging_mixin.py:151} INFO - [2026-06-19T09:01:36.584+0000] {dag.py:2915} INFO - Sync 1 DAGs
[2026-06-19T09:01:36.616+0000] {logging_mixin.py:151} INFO - [2026-06-19T09:01:36.616+0000] {dag.py:3696} INFO - Setting next_dagrun for daily_crypto_lstm_pipeline to 2026-06-19T00:02:00+00:00, run_after=2026-06-20T00:02:00+00:00
[2026-06-19T09:01:36.641+0000] {processor.py:179} INFO - Processing /opt/airflow/dags/binance_daily_dag.py took 2.605 seconds
[2026-06-19T09:02:07.582+0000] {processor.py:157} INFO - Started process (PID=1825) to work on /opt/airflow/dags/binance_daily_dag.py
[2026-06-19T09:02:07.583+0000] {processor.py:829} INFO - Processing file /opt/airflow/dags/binance_daily_dag.py for tasks to queue
[2026-06-19T09:02:07.584+0000] {logging_mixin.py:151} INFO - [2026-06-19T09:02:07.583+0000] {dagbag.py:539} INFO - Filling up the DagBag from /opt/airflow/dags/binance_daily_dag.py
[2026-06-19T09:02:10.101+0000] {processor.py:839} INFO - DAG(s) dict_keys(['daily_crypto_lstm_pipeline']) retrieved from /opt/airflow/dags/binance_daily_dag.py
[2026-06-19T09:02:10.120+0000] {logging_mixin.py:151} INFO - [2026-06-19T09:02:10.120+0000] {dag.py:2915} INFO - Sync 1 DAGs
[2026-06-19T09:02:10.144+0000] {logging_mixin.py:151} INFO - [2026-06-19T09:02:10.144+0000] {dag.py:3696} INFO - Setting next_dagrun for daily_crypto_lstm_pipeline to 2026-06-19T00:02:00+00:00, run_after=2026-06-20T00:02:00+00:00
[2026-06-19T09:02:10.201+0000] {processor.py:179} INFO - Processing /opt/airflow/dags/binance_daily_dag.py took 2.624 seconds
[2026-06-19T09:02:41.100+0000] {processor.py:157} INFO - Started process (PID=1865) to work on /opt/airflow/dags/binance_daily_dag.py
[2026-06-19T09:02:41.102+0000] {processor.py:829} INFO - Processing file /opt/airflow/dags/binance_daily_dag.py for tasks to queue
[2026-06-19T09:02:41.104+0000] {logging_mixin.py:151} INFO - [2026-06-19T09:02:41.103+0000] {dagbag.py:539} INFO - Filling up the DagBag from /opt/airflow/dags/binance_daily_dag.py
[2026-06-19T09:02:43.755+0000] {processor.py:839} INFO - DAG(s) dict_keys(['daily_crypto_lstm_pipeline']) retrieved from /opt/airflow/dags/binance_daily_dag.py
[2026-06-19T09:02:43.785+0000] {logging_mixin.py:151} INFO - [2026-06-19T09:02:43.785+0000] {dag.py:2915} INFO - Sync 1 DAGs
[2026-06-19T09:02:43.823+0000] {logging_mixin.py:151} INFO - [2026-06-19T09:02:43.821+0000] {dag.py:3696} INFO - Setting next_dagrun for daily_crypto_lstm_pipeline to 2026-06-19T00:02:00+00:00, run_after=2026-06-20T00:02:00+00:00
[2026-06-19T09:02:43.861+0000] {processor.py:179} INFO - Processing /opt/airflow/dags/binance_daily_dag.py took 2.770 seconds
[2026-06-19T09:03:14.405+0000] {processor.py:157} INFO - Started process (PID=1898) to work on /opt/airflow/dags/binance_daily_dag.py
[2026-06-19T09:03:14.408+0000] {processor.py:829} INFO - Processing file /opt/airflow/dags/binance_daily_dag.py for tasks to queue
[2026-06-19T09:03:14.409+0000] {logging_mixin.py:151} INFO - [2026-06-19T09:03:14.409+0000] {dagbag.py:539} INFO - Filling up the DagBag from /opt/airflow/dags/binance_daily_dag.py
[2026-06-19T09:03:17.218+0000] {processor.py:839} INFO - DAG(s) dict_keys(['daily_crypto_lstm_pipeline']) retrieved from /opt/airflow/dags/binance_daily_dag.py
[2026-06-19T09:03:17.256+0000] {logging_mixin.py:151} INFO - [2026-06-19T09:03:17.255+0000] {dag.py:2915} INFO - Sync 1 DAGs
[2026-06-19T09:03:17.296+0000] {logging_mixin.py:151} INFO - [2026-06-19T09:03:17.295+0000] {dag.py:3696} INFO - Setting next_dagrun for daily_crypto_lstm_pipeline to 2026-06-19T00:02:00+00:00, run_after=2026-06-20T00:02:00+00:00
[2026-06-19T09:03:17.330+0000] {processor.py:179} INFO - Processing /opt/airflow/dags/binance_daily_dag.py took 2.930 seconds
[2026-06-19T09:03:47.730+0000] {processor.py:157} INFO - Started process (PID=1931) to work on /opt/airflow/dags/binance_daily_dag.py
[2026-06-19T09:03:47.732+0000] {processor.py:829} INFO - Processing file /opt/airflow/dags/binance_daily_dag.py for tasks to queue
[2026-06-19T09:03:47.733+0000] {logging_mixin.py:151} INFO - [2026-06-19T09:03:47.732+0000] {dagbag.py:539} INFO - Filling up the DagBag from /opt/airflow/dags/binance_daily_dag.py
[2026-06-19T09:03:50.318+0000] {processor.py:839} INFO - DAG(s) dict_keys(['daily_crypto_lstm_pipeline']) retrieved from /opt/airflow/dags/binance_daily_dag.py
[2026-06-19T09:03:50.359+0000] {logging_mixin.py:151} INFO - [2026-06-19T09:03:50.358+0000] {dag.py:2915} INFO - Sync 1 DAGs
[2026-06-19T09:03:50.388+0000] {logging_mixin.py:151} INFO - [2026-06-19T09:03:50.387+0000] {dag.py:3696} INFO - Setting next_dagrun for daily_crypto_lstm_pipeline to 2026-06-19T00:02:00+00:00, run_after=2026-06-20T00:02:00+00:00
[2026-06-19T09:03:50.415+0000] {processor.py:179} INFO - Processing /opt/airflow/dags/binance_daily_dag.py took 2.688 seconds
[2026-06-19T09:04:21.081+0000] {processor.py:157} INFO - Started process (PID=1972) to work on /opt/airflow/dags/binance_daily_dag.py
[2026-06-19T09:04:21.087+0000] {processor.py:829} INFO - Processing file /opt/airflow/dags/binance_daily_dag.py for tasks to queue
[2026-06-19T09:04:21.089+0000] {logging_mixin.py:151} INFO - [2026-06-19T09:04:21.089+0000] {dagbag.py:539} INFO - Filling up the DagBag from /opt/airflow/dags/binance_daily_dag.py
[2026-06-19T09:04:23.418+0000] {processor.py:839} INFO - DAG(s) dict_keys(['daily_crypto_lstm_pipeline']) retrieved from /opt/airflow/dags/binance_daily_dag.py
[2026-06-19T09:04:23.438+0000] {logging_mixin.py:151} INFO - [2026-06-19T09:04:23.438+0000] {dag.py:2915} INFO - Sync 1 DAGs
[2026-06-19T09:04:23.459+0000] {logging_mixin.py:151} INFO - [2026-06-19T09:04:23.459+0000] {dag.py:3696} INFO - Setting next_dagrun for daily_crypto_lstm_pipeline to 2026-06-19T00:02:00+00:00, run_after=2026-06-20T00:02:00+00:00
[2026-06-19T09:04:23.518+0000] {processor.py:179} INFO - Processing /opt/airflow/dags/binance_daily_dag.py took 2.441 seconds
[2026-06-19T09:04:53.769+0000] {processor.py:157} INFO - Started process (PID=2003) to work on /opt/airflow/dags/binance_daily_dag.py
[2026-06-19T09:04:53.770+0000] {processor.py:829} INFO - Processing file /opt/airflow/dags/binance_daily_dag.py for tasks to queue
[2026-06-19T09:04:53.771+0000] {logging_mixin.py:151} INFO - [2026-06-19T09:04:53.771+0000] {dagbag.py:539} INFO - Filling up the DagBag from /opt/airflow/dags/binance_daily_dag.py
[2026-06-19T09:04:56.072+0000] {processor.py:839} INFO - DAG(s) dict_keys(['daily_crypto_lstm_pipeline']) retrieved from /opt/airflow/dags/binance_daily_dag.py
[2026-06-19T09:04:56.093+0000] {logging_mixin.py:151} INFO - [2026-06-19T09:04:56.092+0000] {dag.py:2915} INFO - Sync 1 DAGs
[2026-06-19T09:04:56.112+0000] {logging_mixin.py:151} INFO - [2026-06-19T09:04:56.111+0000] {dag.py:3696} INFO - Setting next_dagrun for daily_crypto_lstm_pipeline to 2026-06-19T00:02:00+00:00, run_after=2026-06-20T00:02:00+00:00
[2026-06-19T09:04:56.169+0000] {processor.py:179} INFO - Processing /opt/airflow/dags/binance_daily_dag.py took 2.405 seconds
[2026-06-19T09:05:26.251+0000] {processor.py:157} INFO - Started process (PID=2035) to work on /opt/airflow/dags/binance_daily_dag.py
[2026-06-19T09:05:26.252+0000] {processor.py:829} INFO - Processing file /opt/airflow/dags/binance_daily_dag.py for tasks to queue
[2026-06-19T09:05:26.253+0000] {logging_mixin.py:151} INFO - [2026-06-19T09:05:26.253+0000] {dagbag.py:539} INFO - Filling up the DagBag from /opt/airflow/dags/binance_daily_dag.py
[2026-06-19T09:05:28.728+0000] {processor.py:839} INFO - DAG(s) dict_keys(['daily_crypto_lstm_pipeline']) retrieved from /opt/airflow/dags/binance_daily_dag.py
[2026-06-19T09:05:28.748+0000] {logging_mixin.py:151} INFO - [2026-06-19T09:05:28.747+0000] {dag.py:2915} INFO - Sync 1 DAGs
[2026-06-19T09:05:28.766+0000] {logging_mixin.py:151} INFO - [2026-06-19T09:05:28.765+0000] {dag.py:3696} INFO - Setting next_dagrun for daily_crypto_lstm_pipeline to 2026-06-19T00:02:00+00:00, run_after=2026-06-20T00:02:00+00:00
[2026-06-19T09:05:28.789+0000] {processor.py:179} INFO - Processing /opt/airflow/dags/binance_daily_dag.py took 2.543 seconds
[2026-06-19T09:05:59.125+0000] {processor.py:157} INFO - Started process (PID=2068) to work on /opt/airflow/dags/binance_daily_dag.py
[2026-06-19T09:05:59.126+0000] {processor.py:829} INFO - Processing file /opt/airflow/dags/binance_daily_dag.py for tasks to queue
[2026-06-19T09:05:59.127+0000] {logging_mixin.py:151} INFO - [2026-06-19T09:05:59.127+0000] {dagbag.py:539} INFO - Filling up the DagBag from /opt/airflow/dags/binance_daily_dag.py
[2026-06-19T09:06:01.829+0000] {processor.py:839} INFO - DAG(s) dict_keys(['daily_crypto_lstm_pipeline']) retrieved from /opt/airflow/dags/binance_daily_dag.py
[2026-06-19T09:06:01.849+0000] {logging_mixin.py:151} INFO - [2026-06-19T09:06:01.848+0000] {dag.py:2915} INFO - Sync 1 DAGs
[2026-06-19T09:06:01.868+0000] {logging_mixin.py:151} INFO - [2026-06-19T09:06:01.868+0000] {dag.py:3696} INFO - Setting next_dagrun for daily_crypto_lstm_pipeline to 2026-06-19T00:02:00+00:00, run_after=2026-06-20T00:02:00+00:00
[2026-06-19T09:06:01.930+0000] {processor.py:179} INFO - Processing /opt/airflow/dags/binance_daily_dag.py took 2.810 seconds
[2026-06-19T09:06:32.670+0000] {processor.py:157} INFO - Started process (PID=2102) to work on /opt/airflow/dags/binance_daily_dag.py
[2026-06-19T09:06:32.672+0000] {processor.py:829} INFO - Processing file /opt/airflow/dags/binance_daily_dag.py for tasks to queue
[2026-06-19T09:06:32.673+0000] {logging_mixin.py:151} INFO - [2026-06-19T09:06:32.672+0000] {dagbag.py:539} INFO - Filling up the DagBag from /opt/airflow/dags/binance_daily_dag.py
[2026-06-19T09:06:35.126+0000] {processor.py:839} INFO - DAG(s) dict_keys(['daily_crypto_lstm_pipeline']) retrieved from /opt/airflow/dags/binance_daily_dag.py
[2026-06-19T09:06:35.152+0000] {logging_mixin.py:151} INFO - [2026-06-19T09:06:35.152+0000] {dag.py:2915} INFO - Sync 1 DAGs
[2026-06-19T09:06:35.175+0000] {logging_mixin.py:151} INFO - [2026-06-19T09:06:35.174+0000] {dag.py:3696} INFO - Setting next_dagrun for daily_crypto_lstm_pipeline to 2026-06-19T00:02:00+00:00, run_after=2026-06-20T00:02:00+00:00
[2026-06-19T09:06:35.233+0000] {processor.py:179} INFO - Processing /opt/airflow/dags/binance_daily_dag.py took 2.567 seconds
[2026-06-19T09:07:05.316+0000] {processor.py:157} INFO - Started process (PID=2135) to work on /opt/airflow/dags/binance_daily_dag.py
[2026-06-19T09:07:05.317+0000] {processor.py:829} INFO - Processing file /opt/airflow/dags/binance_daily_dag.py for tasks to queue
[2026-06-19T09:07:05.318+0000] {logging_mixin.py:151} INFO - [2026-06-19T09:07:05.318+0000] {dagbag.py:539} INFO - Filling up the DagBag from /opt/airflow/dags/binance_daily_dag.py
[2026-06-19T09:07:07.595+0000] {processor.py:839} INFO - DAG(s) dict_keys(['daily_crypto_lstm_pipeline']) retrieved from /opt/airflow/dags/binance_daily_dag.py
[2026-06-19T09:07:07.645+0000] {logging_mixin.py:151} INFO - [2026-06-19T09:07:07.644+0000] {dag.py:2915} INFO - Sync 1 DAGs
[2026-06-19T09:07:07.677+0000] {logging_mixin.py:151} INFO - [2026-06-19T09:07:07.677+0000] {dag.py:3696} INFO - Setting next_dagrun for daily_crypto_lstm_pipeline to 2026-06-19T00:02:00+00:00, run_after=2026-06-20T00:02:00+00:00
[2026-06-19T09:07:07.699+0000] {processor.py:179} INFO - Processing /opt/airflow/dags/binance_daily_dag.py took 2.387 seconds
[2026-06-19T09:07:37.988+0000] {processor.py:157} INFO - Started process (PID=2167) to work on /opt/airflow/dags/binance_daily_dag.py
[2026-06-19T09:07:37.989+0000] {processor.py:829} INFO - Processing file /opt/airflow/dags/binance_daily_dag.py for tasks to queue
[2026-06-19T09:07:37.990+0000] {logging_mixin.py:151} INFO - [2026-06-19T09:07:37.990+0000] {dagbag.py:539} INFO - Filling up the DagBag from /opt/airflow/dags/binance_daily_dag.py
[2026-06-19T09:07:40.183+0000] {processor.py:839} INFO - DAG(s) dict_keys(['daily_crypto_lstm_pipeline']) retrieved from /opt/airflow/dags/binance_daily_dag.py
[2026-06-19T09:07:40.210+0000] {logging_mixin.py:151} INFO - [2026-06-19T09:07:40.209+0000] {dag.py:2915} INFO - Sync 1 DAGs
[2026-06-19T09:07:40.232+0000] {logging_mixin.py:151} INFO - [2026-06-19T09:07:40.232+0000] {dag.py:3696} INFO - Setting next_dagrun for daily_crypto_lstm_pipeline to 2026-06-19T00:02:00+00:00, run_after=2026-06-20T00:02:00+00:00
[2026-06-19T09:07:40.292+0000] {processor.py:179} INFO - Processing /opt/airflow/dags/binance_daily_dag.py took 2.307 seconds
[2026-06-19T09:08:10.706+0000] {processor.py:157} INFO - Started process (PID=2208) to work on /opt/airflow/dags/binance_daily_dag.py
[2026-06-19T09:08:10.708+0000] {processor.py:829} INFO - Processing file /opt/airflow/dags/binance_daily_dag.py for tasks to queue
[2026-06-19T09:08:10.709+0000] {logging_mixin.py:151} INFO - [2026-06-19T09:08:10.709+0000] {dagbag.py:539} INFO - Filling up the DagBag from /opt/airflow/dags/binance_daily_dag.py
[2026-06-19T09:08:13.066+0000] {processor.py:839} INFO - DAG(s) dict_keys(['daily_crypto_lstm_pipeline']) retrieved from /opt/airflow/dags/binance_daily_dag.py
[2026-06-19T09:08:13.084+0000] {logging_mixin.py:151} INFO - [2026-06-19T09:08:13.084+0000] {dag.py:2915} INFO - Sync 1 DAGs
[2026-06-19T09:08:13.102+0000] {logging_mixin.py:151} INFO - [2026-06-19T09:08:13.102+0000] {dag.py:3696} INFO - Setting next_dagrun for daily_crypto_lstm_pipeline to 2026-06-19T00:02:00+00:00, run_after=2026-06-20T00:02:00+00:00
[2026-06-19T09:08:13.119+0000] {processor.py:179} INFO - Processing /opt/airflow/dags/binance_daily_dag.py took 2.419 seconds
[2026-06-19T09:08:43.474+0000] {processor.py:157} INFO - Started process (PID=2241) to work on /opt/airflow/dags/binance_daily_dag.py
[2026-06-19T09:08:43.475+0000] {processor.py:829} INFO - Processing file /opt/airflow/dags/binance_daily_dag.py for tasks to queue
[2026-06-19T09:08:43.475+0000] {logging_mixin.py:151} INFO - [2026-06-19T09:08:43.475+0000] {dagbag.py:539} INFO - Filling up the DagBag from /opt/airflow/dags/binance_daily_dag.py
[2026-06-19T09:08:45.928+0000] {processor.py:839} INFO - DAG(s) dict_keys(['daily_crypto_lstm_pipeline']) retrieved from /opt/airflow/dags/binance_daily_dag.py
[2026-06-19T09:08:45.964+0000] {logging_mixin.py:151} INFO - [2026-06-19T09:08:45.963+0000] {dag.py:2915} INFO - Sync 1 DAGs
[2026-06-19T09:08:46.000+0000] {logging_mixin.py:151} INFO - [2026-06-19T09:08:46.000+0000] {dag.py:3696} INFO - Setting next_dagrun for daily_crypto_lstm_pipeline to 2026-06-19T00:02:00+00:00, run_after=2026-06-20T00:02:00+00:00
[2026-06-19T09:08:46.039+0000] {processor.py:179} INFO - Processing /opt/airflow/dags/binance_daily_dag.py took 2.569 seconds
[2026-06-19T09:09:16.446+0000] {processor.py:157} INFO - Started process (PID=2275) to work on /opt/airflow/dags/binance_daily_dag.py
[2026-06-19T09:09:16.447+0000] {processor.py:829} INFO - Processing file /opt/airflow/dags/binance_daily_dag.py for tasks to queue
[2026-06-19T09:09:16.448+0000] {logging_mixin.py:151} INFO - [2026-06-19T09:09:16.448+0000] {dagbag.py:539} INFO - Filling up the DagBag from /opt/airflow/dags/binance_daily_dag.py
[2026-06-19T09:09:18.937+0000] {processor.py:839} INFO - DAG(s) dict_keys(['daily_crypto_lstm_pipeline']) retrieved from /opt/airflow/dags/binance_daily_dag.py
[2026-06-19T09:09:18.972+0000] {logging_mixin.py:151} INFO - [2026-06-19T09:09:18.971+0000] {dag.py:2915} INFO - Sync 1 DAGs
[2026-06-19T09:09:19.012+0000] {logging_mixin.py:151} INFO - [2026-06-19T09:09:19.012+0000] {dag.py:3696} INFO - Setting next_dagrun for daily_crypto_lstm_pipeline to 2026-06-19T00:02:00+00:00, run_after=2026-06-20T00:02:00+00:00
[2026-06-19T09:09:19.075+0000] {processor.py:179} INFO - Processing /opt/airflow/dags/binance_daily_dag.py took 2.632 seconds
[2026-06-19T09:09:49.190+0000] {processor.py:157} INFO - Started process (PID=2307) to work on /opt/airflow/dags/binance_daily_dag.py
[2026-06-19T09:09:49.192+0000] {processor.py:829} INFO - Processing file /opt/airflow/dags/binance_daily_dag.py for tasks to queue
[2026-06-19T09:09:49.193+0000] {logging_mixin.py:151} INFO - [2026-06-19T09:09:49.193+0000] {dagbag.py:539} INFO - Filling up the DagBag from /opt/airflow/dags/binance_daily_dag.py
[2026-06-19T09:09:51.775+0000] {processor.py:839} INFO - DAG(s) dict_keys(['daily_crypto_lstm_pipeline']) retrieved from /opt/airflow/dags/binance_daily_dag.py
[2026-06-19T09:09:51.797+0000] {logging_mixin.py:151} INFO - [2026-06-19T09:09:51.796+0000] {dag.py:2915} INFO - Sync 1 DAGs
[2026-06-19T09:09:51.819+0000] {logging_mixin.py:151} INFO - [2026-06-19T09:09:51.818+0000] {dag.py:3696} INFO - Setting next_dagrun for daily_crypto_lstm_pipeline to 2026-06-19T00:02:00+00:00, run_after=2026-06-20T00:02:00+00:00
[2026-06-19T09:09:51.838+0000] {processor.py:179} INFO - Processing /opt/airflow/dags/binance_daily_dag.py took 2.652 seconds
[2026-06-19T09:10:22.447+0000] {processor.py:157} INFO - Started process (PID=2341) to work on /opt/airflow/dags/binance_daily_dag.py
[2026-06-19T09:10:22.449+0000] {processor.py:829} INFO - Processing file /opt/airflow/dags/binance_daily_dag.py for tasks to queue
[2026-06-19T09:10:22.450+0000] {logging_mixin.py:151} INFO - [2026-06-19T09:10:22.450+0000] {dagbag.py:539} INFO - Filling up the DagBag from /opt/airflow/dags/binance_daily_dag.py
[2026-06-19T09:10:24.766+0000] {processor.py:839} INFO - DAG(s) dict_keys(['daily_crypto_lstm_pipeline']) retrieved from /opt/airflow/dags/binance_daily_dag.py
[2026-06-19T09:10:24.787+0000] {logging_mixin.py:151} INFO - [2026-06-19T09:10:24.786+0000] {dag.py:2915} INFO - Sync 1 DAGs
[2026-06-19T09:10:24.812+0000] {logging_mixin.py:151} INFO - [2026-06-19T09:10:24.812+0000] {dag.py:3696} INFO - Setting next_dagrun for daily_crypto_lstm_pipeline to 2026-06-19T00:02:00+00:00, run_after=2026-06-20T00:02:00+00:00
[2026-06-19T09:10:24.835+0000] {processor.py:179} INFO - Processing /opt/airflow/dags/binance_daily_dag.py took 2.393 seconds
[2026-06-19T09:10:55.195+0000] {processor.py:157} INFO - Started process (PID=2374) to work on /opt/airflow/dags/binance_daily_dag.py
[2026-06-19T09:10:55.196+0000] {processor.py:829} INFO - Processing file /opt/airflow/dags/binance_daily_dag.py for tasks to queue
[2026-06-19T09:10:55.197+0000] {logging_mixin.py:151} INFO - [2026-06-19T09:10:55.197+0000] {dagbag.py:539} INFO - Filling up the DagBag from /opt/airflow/dags/binance_daily_dag.py
[2026-06-19T09:10:58.012+0000] {processor.py:839} INFO - DAG(s) dict_keys(['daily_crypto_lstm_pipeline']) retrieved from /opt/airflow/dags/binance_daily_dag.py
[2026-06-19T09:10:58.041+0000] {logging_mixin.py:151} INFO - [2026-06-19T09:10:58.041+0000] {dag.py:2915} INFO - Sync 1 DAGs
[2026-06-19T09:10:58.067+0000] {logging_mixin.py:151} INFO - [2026-06-19T09:10:58.067+0000] {dag.py:3696} INFO - Setting next_dagrun for daily_crypto_lstm_pipeline to 2026-06-19T00:02:00+00:00, run_after=2026-06-20T00:02:00+00:00
[2026-06-19T09:10:58.105+0000] {processor.py:179} INFO - Processing /opt/airflow/dags/binance_daily_dag.py took 2.916 seconds
[2026-06-19T09:11:28.709+0000] {processor.py:157} INFO - Started process (PID=2414) to work on /opt/airflow/dags/binance_daily_dag.py
[2026-06-19T09:11:28.711+0000] {processor.py:829} INFO - Processing file /opt/airflow/dags/binance_daily_dag.py for tasks to queue
[2026-06-19T09:11:28.713+0000] {logging_mixin.py:151} INFO - [2026-06-19T09:11:28.712+0000] {dagbag.py:539} INFO - Filling up the DagBag from /opt/airflow/dags/binance_daily_dag.py
[2026-06-19T09:11:31.515+0000] {processor.py:839} INFO - DAG(s) dict_keys(['daily_crypto_lstm_pipeline']) retrieved from /opt/airflow/dags/binance_daily_dag.py
[2026-06-19T09:11:31.537+0000] {logging_mixin.py:151} INFO - [2026-06-19T09:11:31.536+0000] {dag.py:2915} INFO - Sync 1 DAGs
[2026-06-19T09:11:31.555+0000] {logging_mixin.py:151} INFO - [2026-06-19T09:11:31.554+0000] {dag.py:3696} INFO - Setting next_dagrun for daily_crypto_lstm_pipeline to 2026-06-19T00:02:00+00:00, run_after=2026-06-20T00:02:00+00:00
[2026-06-19T09:11:31.573+0000] {processor.py:179} INFO - Processing /opt/airflow/dags/binance_daily_dag.py took 2.869 seconds
[2026-06-19T09:12:01.987+0000] {processor.py:157} INFO - Started process (PID=2447) to work on /opt/airflow/dags/binance_daily_dag.py
[2026-06-19T09:12:01.988+0000] {processor.py:829} INFO - Processing file /opt/airflow/dags/binance_daily_dag.py for tasks to queue
[2026-06-19T09:12:01.989+0000] {logging_mixin.py:151} INFO - [2026-06-19T09:12:01.989+0000] {dagbag.py:539} INFO - Filling up the DagBag from /opt/airflow/dags/binance_daily_dag.py
[2026-06-19T09:12:04.202+0000] {processor.py:839} INFO - DAG(s) dict_keys(['daily_crypto_lstm_pipeline']) retrieved from /opt/airflow/dags/binance_daily_dag.py
[2026-06-19T09:12:04.230+0000] {logging_mixin.py:151} INFO - [2026-06-19T09:12:04.230+0000] {dag.py:2915} INFO - Sync 1 DAGs
[2026-06-19T09:12:04.255+0000] {logging_mixin.py:151} INFO - [2026-06-19T09:12:04.255+0000] {dag.py:3696} INFO - Setting next_dagrun for daily_crypto_lstm_pipeline to 2026-06-19T00:02:00+00:00, run_after=2026-06-20T00:02:00+00:00
[2026-06-19T09:12:04.276+0000] {processor.py:179} INFO - Processing /opt/airflow/dags/binance_daily_dag.py took 2.292 seconds
[2026-06-19T09:12:34.574+0000] {processor.py:157} INFO - Started process (PID=2478) to work on /opt/airflow/dags/binance_daily_dag.py
[2026-06-19T09:12:34.576+0000] {processor.py:829} INFO - Processing file /opt/airflow/dags/binance_daily_dag.py for tasks to queue
[2026-06-19T09:12:34.577+0000] {logging_mixin.py:151} INFO - [2026-06-19T09:12:34.576+0000] {dagbag.py:539} INFO - Filling up the DagBag from /opt/airflow/dags/binance_daily_dag.py
[2026-06-19T09:12:37.690+0000] {processor.py:839} INFO - DAG(s) dict_keys(['daily_crypto_lstm_pipeline']) retrieved from /opt/airflow/dags/binance_daily_dag.py
[2026-06-19T09:12:37.733+0000] {logging_mixin.py:151} INFO - [2026-06-19T09:12:37.732+0000] {dag.py:2915} INFO - Sync 1 DAGs
[2026-06-19T09:12:37.763+0000] {logging_mixin.py:151} INFO - [2026-06-19T09:12:37.763+0000] {dag.py:3696} INFO - Setting next_dagrun for daily_crypto_lstm_pipeline to 2026-06-19T00:02:00+00:00, run_after=2026-06-20T00:02:00+00:00
[2026-06-19T09:12:37.813+0000] {processor.py:179} INFO - Processing /opt/airflow/dags/binance_daily_dag.py took 3.245 seconds
[2026-06-19T09:13:08.027+0000] {processor.py:157} INFO - Started process (PID=2513) to work on /opt/airflow/dags/binance_daily_dag.py
[2026-06-19T09:13:08.029+0000] {processor.py:829} INFO - Processing file /opt/airflow/dags/binance_daily_dag.py for tasks to queue
[2026-06-19T09:13:08.030+0000] {logging_mixin.py:151} INFO - [2026-06-19T09:13:08.030+0000] {dagbag.py:539} INFO - Filling up the DagBag from /opt/airflow/dags/binance_daily_dag.py
[2026-06-19T09:13:10.238+0000] {processor.py:839} INFO - DAG(s) dict_keys(['daily_crypto_lstm_pipeline']) retrieved from /opt/airflow/dags/binance_daily_dag.py
[2026-06-19T09:13:10.260+0000] {logging_mixin.py:151} INFO - [2026-06-19T09:13:10.259+0000] {dag.py:2915} INFO - Sync 1 DAGs
[2026-06-19T09:13:10.280+0000] {logging_mixin.py:151} INFO - [2026-06-19T09:13:10.280+0000] {dag.py:3696} INFO - Setting next_dagrun for daily_crypto_lstm_pipeline to 2026-06-19T00:02:00+00:00, run_after=2026-06-20T00:02:00+00:00
[2026-06-19T09:13:10.299+0000] {processor.py:179} INFO - Processing /opt/airflow/dags/binance_daily_dag.py took 2.278 seconds
[2026-06-19T09:13:40.454+0000] {processor.py:157} INFO - Started process (PID=2543) to work on /opt/airflow/dags/binance_daily_dag.py
[2026-06-19T09:13:40.456+0000] {processor.py:829} INFO - Processing file /opt/airflow/dags/binance_daily_dag.py for tasks to queue
[2026-06-19T09:13:40.457+0000] {logging_mixin.py:151} INFO - [2026-06-19T09:13:40.457+0000] {dagbag.py:539} INFO - Filling up the DagBag from /opt/airflow/dags/binance_daily_dag.py
[2026-06-19T09:13:42.703+0000] {processor.py:839} INFO - DAG(s) dict_keys(['daily_crypto_lstm_pipeline']) retrieved from /opt/airflow/dags/binance_daily_dag.py
[2026-06-19T09:13:42.725+0000] {logging_mixin.py:151} INFO - [2026-06-19T09:13:42.724+0000] {dag.py:2915} INFO - Sync 1 DAGs
[2026-06-19T09:13:42.744+0000] {logging_mixin.py:151} INFO - [2026-06-19T09:13:42.744+0000] {dag.py:3696} INFO - Setting next_dagrun for daily_crypto_lstm_pipeline to 2026-06-19T00:02:00+00:00, run_after=2026-06-20T00:02:00+00:00
[2026-06-19T09:13:42.760+0000] {processor.py:179} INFO - Processing /opt/airflow/dags/binance_daily_dag.py took 2.309 seconds
[2026-06-19T09:14:13.360+0000] {processor.py:157} INFO - Started process (PID=2584) to work on /opt/airflow/dags/binance_daily_dag.py
[2026-06-19T09:14:13.361+0000] {processor.py:829} INFO - Processing file /opt/airflow/dags/binance_daily_dag.py for tasks to queue
[2026-06-19T09:14:13.362+0000] {logging_mixin.py:151} INFO - [2026-06-19T09:14:13.362+0000] {dagbag.py:539} INFO - Filling up the DagBag from /opt/airflow/dags/binance_daily_dag.py
[2026-06-19T09:14:15.801+0000] {processor.py:839} INFO - DAG(s) dict_keys(['daily_crypto_lstm_pipeline']) retrieved from /opt/airflow/dags/binance_daily_dag.py
[2026-06-19T09:14:15.825+0000] {logging_mixin.py:151} INFO - [2026-06-19T09:14:15.824+0000] {dag.py:2915} INFO - Sync 1 DAGs
[2026-06-19T09:14:15.844+0000] {logging_mixin.py:151} INFO - [2026-06-19T09:14:15.844+0000] {dag.py:3696} INFO - Setting next_dagrun for daily_crypto_lstm_pipeline to 2026-06-19T00:02:00+00:00, run_after=2026-06-20T00:02:00+00:00
[2026-06-19T09:14:15.864+0000] {processor.py:179} INFO - Processing /opt/airflow/dags/binance_daily_dag.py took 2.509 seconds
[2026-06-19T09:14:46.728+0000] {processor.py:157} INFO - Started process (PID=2617) to work on /opt/airflow/dags/binance_daily_dag.py
[2026-06-19T09:14:46.730+0000] {processor.py:829} INFO - Processing file /opt/airflow/dags/binance_daily_dag.py for tasks to queue
[2026-06-19T09:14:46.731+0000] {logging_mixin.py:151} INFO - [2026-06-19T09:14:46.731+0000] {dagbag.py:539} INFO - Filling up the DagBag from /opt/airflow/dags/binance_daily_dag.py
[2026-06-19T09:14:48.949+0000] {processor.py:839} INFO - DAG(s) dict_keys(['daily_crypto_lstm_pipeline']) retrieved from /opt/airflow/dags/binance_daily_dag.py
[2026-06-19T09:14:48.975+0000] {logging_mixin.py:151} INFO - [2026-06-19T09:14:48.975+0000] {dag.py:2915} INFO - Sync 1 DAGs
[2026-06-19T09:14:48.998+0000] {logging_mixin.py:151} INFO - [2026-06-19T09:14:48.997+0000] {dag.py:3696} INFO - Setting next_dagrun for daily_crypto_lstm_pipeline to 2026-06-19T00:02:00+00:00, run_after=2026-06-20T00:02:00+00:00
[2026-06-19T09:14:49.026+0000] {processor.py:179} INFO - Processing /opt/airflow/dags/binance_daily_dag.py took 2.301 seconds
[2026-06-19T09:15:19.917+0000] {processor.py:157} INFO - Started process (PID=2650) to work on /opt/airflow/dags/binance_daily_dag.py
[2026-06-19T09:15:19.918+0000] {processor.py:829} INFO - Processing file /opt/airflow/dags/binance_daily_dag.py for tasks to queue
[2026-06-19T09:15:19.919+0000] {logging_mixin.py:151} INFO - [2026-06-19T09:15:19.919+0000] {dagbag.py:539} INFO - Filling up the DagBag from /opt/airflow/dags/binance_daily_dag.py
[2026-06-19T09:15:22.052+0000] {processor.py:839} INFO - DAG(s) dict_keys(['daily_crypto_lstm_pipeline']) retrieved from /opt/airflow/dags/binance_daily_dag.py
[2026-06-19T09:15:22.075+0000] {logging_mixin.py:151} INFO - [2026-06-19T09:15:22.074+0000] {dag.py:2915} INFO - Sync 1 DAGs
[2026-06-19T09:15:22.094+0000] {logging_mixin.py:151} INFO - [2026-06-19T09:15:22.093+0000] {dag.py:3696} INFO - Setting next_dagrun for daily_crypto_lstm_pipeline to 2026-06-19T00:02:00+00:00, run_after=2026-06-20T00:02:00+00:00
[2026-06-19T09:15:22.151+0000] {processor.py:179} INFO - Processing /opt/airflow/dags/binance_daily_dag.py took 2.237 seconds
[2026-06-19T09:15:52.926+0000] {processor.py:157} INFO - Started process (PID=2683) to work on /opt/airflow/dags/binance_daily_dag.py
[2026-06-19T09:15:52.927+0000] {processor.py:829} INFO - Processing file /opt/airflow/dags/binance_daily_dag.py for tasks to queue
[2026-06-19T09:15:52.928+0000] {logging_mixin.py:151} INFO - [2026-06-19T09:15:52.928+0000] {dagbag.py:539} INFO - Filling up the DagBag from /opt/airflow/dags/binance_daily_dag.py
[2026-06-19T09:15:55.409+0000] {processor.py:839} INFO - DAG(s) dict_keys(['daily_crypto_lstm_pipeline']) retrieved from /opt/airflow/dags/binance_daily_dag.py
[2026-06-19T09:15:55.432+0000] {logging_mixin.py:151} INFO - [2026-06-19T09:15:55.431+0000] {dag.py:2915} INFO - Sync 1 DAGs
[2026-06-19T09:15:55.453+0000] {logging_mixin.py:151} INFO - [2026-06-19T09:15:55.453+0000] {dag.py:3696} INFO - Setting next_dagrun for daily_crypto_lstm_pipeline to 2026-06-19T00:02:00+00:00, run_after=2026-06-20T00:02:00+00:00
[2026-06-19T09:15:55.478+0000] {processor.py:179} INFO - Processing /opt/airflow/dags/binance_daily_dag.py took 2.555 seconds
[2026-06-19T09:16:26.639+0000] {processor.py:157} INFO - Started process (PID=2716) to work on /opt/airflow/dags/binance_daily_dag.py
[2026-06-19T09:16:26.640+0000] {processor.py:829} INFO - Processing file /opt/airflow/dags/binance_daily_dag.py for tasks to queue
[2026-06-19T09:16:26.641+0000] {logging_mixin.py:151} INFO - [2026-06-19T09:16:26.641+0000] {dagbag.py:539} INFO - Filling up the DagBag from /opt/airflow/dags/binance_daily_dag.py
[2026-06-19T09:16:28.915+0000] {processor.py:839} INFO - DAG(s) dict_keys(['daily_crypto_lstm_pipeline']) retrieved from /opt/airflow/dags/binance_daily_dag.py
[2026-06-19T09:16:28.940+0000] {logging_mixin.py:151} INFO - [2026-06-19T09:16:28.939+0000] {dag.py:2915} INFO - Sync 1 DAGs
[2026-06-19T09:16:28.969+0000] {logging_mixin.py:151} INFO - [2026-06-19T09:16:28.968+0000] {dag.py:3696} INFO - Setting next_dagrun for daily_crypto_lstm_pipeline to 2026-06-19T00:02:00+00:00, run_after=2026-06-20T00:02:00+00:00
[2026-06-19T09:16:29.035+0000] {processor.py:179} INFO - Processing /opt/airflow/dags/binance_daily_dag.py took 2.399 seconds
[2026-06-19T09:17:00.263+0000] {processor.py:157} INFO - Started process (PID=2749) to work on /opt/airflow/dags/binance_daily_dag.py
[2026-06-19T09:17:00.264+0000] {processor.py:829} INFO - Processing file /opt/airflow/dags/binance_daily_dag.py for tasks to queue
[2026-06-19T09:17:00.265+0000] {logging_mixin.py:151} INFO - [2026-06-19T09:17:00.265+0000] {dagbag.py:539} INFO - Filling up the DagBag from /opt/airflow/dags/binance_daily_dag.py
[2026-06-19T09:17:02.591+0000] {processor.py:839} INFO - DAG(s) dict_keys(['daily_crypto_lstm_pipeline']) retrieved from /opt/airflow/dags/binance_daily_dag.py
[2026-06-19T09:17:02.609+0000] {logging_mixin.py:151} INFO - [2026-06-19T09:17:02.609+0000] {dag.py:2915} INFO - Sync 1 DAGs
[2026-06-19T09:17:02.627+0000] {logging_mixin.py:151} INFO - [2026-06-19T09:17:02.627+0000] {dag.py:3696} INFO - Setting next_dagrun for daily_crypto_lstm_pipeline to 2026-06-19T00:02:00+00:00, run_after=2026-06-20T00:02:00+00:00
[2026-06-19T09:17:02.643+0000] {processor.py:179} INFO - Processing /opt/airflow/dags/binance_daily_dag.py took 2.384 seconds
[2026-06-19T09:17:33.172+0000] {processor.py:157} INFO - Started process (PID=2786) to work on /opt/airflow/dags/binance_daily_dag.py
[2026-06-19T09:17:33.173+0000] {processor.py:829} INFO - Processing file /opt/airflow/dags/binance_daily_dag.py for tasks to queue
[2026-06-19T09:17:33.174+0000] {logging_mixin.py:151} INFO - [2026-06-19T09:17:33.174+0000] {dagbag.py:539} INFO - Filling up the DagBag from /opt/airflow/dags/binance_daily_dag.py
[2026-06-19T09:17:35.655+0000] {processor.py:839} INFO - DAG(s) dict_keys(['daily_crypto_lstm_pipeline']) retrieved from /opt/airflow/dags/binance_daily_dag.py
[2026-06-19T09:17:35.675+0000] {logging_mixin.py:151} INFO - [2026-06-19T09:17:35.674+0000] {dag.py:2915} INFO - Sync 1 DAGs
[2026-06-19T09:17:35.696+0000] {logging_mixin.py:151} INFO - [2026-06-19T09:17:35.695+0000] {dag.py:3696} INFO - Setting next_dagrun for daily_crypto_lstm_pipeline to 2026-06-19T00:02:00+00:00, run_after=2026-06-20T00:02:00+00:00
[2026-06-19T09:17:35.720+0000] {processor.py:179} INFO - Processing /opt/airflow/dags/binance_daily_dag.py took 2.552 seconds
[2026-06-19T09:18:06.358+0000] {processor.py:157} INFO - Started process (PID=2819) to work on /opt/airflow/dags/binance_daily_dag.py
[2026-06-19T09:18:06.360+0000] {processor.py:829} INFO - Processing file /opt/airflow/dags/binance_daily_dag.py for tasks to queue
[2026-06-19T09:18:06.362+0000] {logging_mixin.py:151} INFO - [2026-06-19T09:18:06.361+0000] {dagbag.py:539} INFO - Filling up the DagBag from /opt/airflow/dags/binance_daily_dag.py
[2026-06-19T09:18:09.803+0000] {processor.py:839} INFO - DAG(s) dict_keys(['daily_crypto_lstm_pipeline']) retrieved from /opt/airflow/dags/binance_daily_dag.py
[2026-06-19T09:18:09.863+0000] {logging_mixin.py:151} INFO - [2026-06-19T09:18:09.863+0000] {dag.py:2915} INFO - Sync 1 DAGs
[2026-06-19T09:18:09.963+0000] {logging_mixin.py:151} INFO - [2026-06-19T09:18:09.963+0000] {dag.py:3696} INFO - Setting next_dagrun for daily_crypto_lstm_pipeline to 2026-06-19T00:02:00+00:00, run_after=2026-06-20T00:02:00+00:00
[2026-06-19T09:18:09.990+0000] {processor.py:179} INFO - Processing /opt/airflow/dags/binance_daily_dag.py took 3.637 seconds
[2026-06-19T09:18:40.626+0000] {processor.py:157} INFO - Started process (PID=2882) to work on /opt/airflow/dags/binance_daily_dag.py
[2026-06-19T09:18:40.627+0000] {processor.py:829} INFO - Processing file /opt/airflow/dags/binance_daily_dag.py for tasks to queue
[2026-06-19T09:18:40.628+0000] {logging_mixin.py:151} INFO - [2026-06-19T09:18:40.628+0000] {dagbag.py:539} INFO - Filling up the DagBag from /opt/airflow/dags/binance_daily_dag.py
[2026-06-19T09:18:43.273+0000] {processor.py:839} INFO - DAG(s) dict_keys(['daily_crypto_lstm_pipeline']) retrieved from /opt/airflow/dags/binance_daily_dag.py
[2026-06-19T09:18:43.297+0000] {logging_mixin.py:151} INFO - [2026-06-19T09:18:43.296+0000] {dag.py:2915} INFO - Sync 1 DAGs
[2026-06-19T09:18:43.319+0000] {logging_mixin.py:151} INFO - [2026-06-19T09:18:43.319+0000] {dag.py:3696} INFO - Setting next_dagrun for daily_crypto_lstm_pipeline to 2026-06-19T00:02:00+00:00, run_after=2026-06-20T00:02:00+00:00
[2026-06-19T09:18:43.380+0000] {processor.py:179} INFO - Processing /opt/airflow/dags/binance_daily_dag.py took 2.757 seconds
[2026-06-19T09:19:13.730+0000] {processor.py:157} INFO - Started process (PID=2919) to work on /opt/airflow/dags/binance_daily_dag.py
[2026-06-19T09:19:13.731+0000] {processor.py:829} INFO - Processing file /opt/airflow/dags/binance_daily_dag.py for tasks to queue
[2026-06-19T09:19:13.732+0000] {logging_mixin.py:151} INFO - [2026-06-19T09:19:13.732+0000] {dagbag.py:539} INFO - Filling up the DagBag from /opt/airflow/dags/binance_daily_dag.py
[2026-06-19T09:19:16.070+0000] {processor.py:839} INFO - DAG(s) dict_keys(['daily_crypto_lstm_pipeline']) retrieved from /opt/airflow/dags/binance_daily_dag.py
[2026-06-19T09:19:16.089+0000] {logging_mixin.py:151} INFO - [2026-06-19T09:19:16.088+0000] {dag.py:2915} INFO - Sync 1 DAGs
[2026-06-19T09:19:16.116+0000] {logging_mixin.py:151} INFO - [2026-06-19T09:19:16.116+0000] {dag.py:3696} INFO - Setting next_dagrun for daily_crypto_lstm_pipeline to 2026-06-19T00:02:00+00:00, run_after=2026-06-20T00:02:00+00:00
[2026-06-19T09:19:16.176+0000] {processor.py:179} INFO - Processing /opt/airflow/dags/binance_daily_dag.py took 2.450 seconds
[2026-06-19T09:19:47.348+0000] {processor.py:157} INFO - Started process (PID=2952) to work on /opt/airflow/dags/binance_daily_dag.py
[2026-06-19T09:19:47.350+0000] {processor.py:829} INFO - Processing file /opt/airflow/dags/binance_daily_dag.py for tasks to queue
[2026-06-19T09:19:47.351+0000] {logging_mixin.py:151} INFO - [2026-06-19T09:19:47.351+0000] {dagbag.py:539} INFO - Filling up the DagBag from /opt/airflow/dags/binance_daily_dag.py
[2026-06-19T09:19:49.689+0000] {processor.py:839} INFO - DAG(s) dict_keys(['daily_crypto_lstm_pipeline']) retrieved from /opt/airflow/dags/binance_daily_dag.py
[2026-06-19T09:19:49.710+0000] {logging_mixin.py:151} INFO - [2026-06-19T09:19:49.709+0000] {dag.py:2915} INFO - Sync 1 DAGs
[2026-06-19T09:19:49.730+0000] {logging_mixin.py:151} INFO - [2026-06-19T09:19:49.730+0000] {dag.py:3696} INFO - Setting next_dagrun for daily_crypto_lstm_pipeline to 2026-06-19T00:02:00+00:00, run_after=2026-06-20T00:02:00+00:00
[2026-06-19T09:19:49.788+0000] {processor.py:179} INFO - Processing /opt/airflow/dags/binance_daily_dag.py took 2.444 seconds
[2026-06-19T09:20:20.243+0000] {processor.py:157} INFO - Started process (PID=2985) to work on /opt/airflow/dags/binance_daily_dag.py
[2026-06-19T09:20:20.245+0000] {processor.py:829} INFO - Processing file /opt/airflow/dags/binance_daily_dag.py for tasks to queue
[2026-06-19T09:20:20.246+0000] {logging_mixin.py:151} INFO - [2026-06-19T09:20:20.246+0000] {dagbag.py:539} INFO - Filling up the DagBag from /opt/airflow/dags/binance_daily_dag.py
[2026-06-19T09:20:22.756+0000] {processor.py:839} INFO - DAG(s) dict_keys(['daily_crypto_lstm_pipeline']) retrieved from /opt/airflow/dags/binance_daily_dag.py
[2026-06-19T09:20:22.782+0000] {logging_mixin.py:151} INFO - [2026-06-19T09:20:22.780+0000] {dag.py:2915} INFO - Sync 1 DAGs
[2026-06-19T09:20:22.803+0000] {logging_mixin.py:151} INFO - [2026-06-19T09:20:22.803+0000] {dag.py:3696} INFO - Setting next_dagrun for daily_crypto_lstm_pipeline to 2026-06-19T00:02:00+00:00, run_after=2026-06-20T00:02:00+00:00
[2026-06-19T09:20:22.823+0000] {processor.py:179} INFO - Processing /opt/airflow/dags/binance_daily_dag.py took 2.586 seconds
[2026-06-19T09:20:53.540+0000] {processor.py:157} INFO - Started process (PID=3018) to work on /opt/airflow/dags/binance_daily_dag.py
[2026-06-19T09:20:53.542+0000] {processor.py:829} INFO - Processing file /opt/airflow/dags/binance_daily_dag.py for tasks to queue
[2026-06-19T09:20:53.543+0000] {logging_mixin.py:151} INFO - [2026-06-19T09:20:53.542+0000] {dagbag.py:539} INFO - Filling up the DagBag from /opt/airflow/dags/binance_daily_dag.py
[2026-06-19T09:20:55.796+0000] {processor.py:839} INFO - DAG(s) dict_keys(['daily_crypto_lstm_pipeline']) retrieved from /opt/airflow/dags/binance_daily_dag.py
[2026-06-19T09:20:55.816+0000] {logging_mixin.py:151} INFO - [2026-06-19T09:20:55.815+0000] {dag.py:2915} INFO - Sync 1 DAGs
[2026-06-19T09:20:55.834+0000] {logging_mixin.py:151} INFO - [2026-06-19T09:20:55.834+0000] {dag.py:3696} INFO - Setting next_dagrun for daily_crypto_lstm_pipeline to 2026-06-19T00:02:00+00:00, run_after=2026-06-20T00:02:00+00:00
[2026-06-19T09:20:55.891+0000] {processor.py:179} INFO - Processing /opt/airflow/dags/binance_daily_dag.py took 2.357 seconds
[2026-06-19T09:21:26.534+0000] {processor.py:157} INFO - Started process (PID=3051) to work on /opt/airflow/dags/binance_daily_dag.py
[2026-06-19T09:21:26.535+0000] {processor.py:829} INFO - Processing file /opt/airflow/dags/binance_daily_dag.py for tasks to queue
[2026-06-19T09:21:26.536+0000] {logging_mixin.py:151} INFO - [2026-06-19T09:21:26.536+0000] {dagbag.py:539} INFO - Filling up the DagBag from /opt/airflow/dags/binance_daily_dag.py
[2026-06-19T09:21:28.763+0000] {processor.py:839} INFO - DAG(s) dict_keys(['daily_crypto_lstm_pipeline']) retrieved from /opt/airflow/dags/binance_daily_dag.py
[2026-06-19T09:21:28.784+0000] {logging_mixin.py:151} INFO - [2026-06-19T09:21:28.783+0000] {dag.py:2915} INFO - Sync 1 DAGs
[2026-06-19T09:21:28.803+0000] {logging_mixin.py:151} INFO - [2026-06-19T09:21:28.803+0000] {dag.py:3696} INFO - Setting next_dagrun for daily_crypto_lstm_pipeline to 2026-06-19T00:02:00+00:00, run_after=2026-06-20T00:02:00+00:00
[2026-06-19T09:21:28.861+0000] {processor.py:179} INFO - Processing /opt/airflow/dags/binance_daily_dag.py took 2.330 seconds
[2026-06-19T09:21:59.554+0000] {processor.py:157} INFO - Started process (PID=3084) to work on /opt/airflow/dags/binance_daily_dag.py
[2026-06-19T09:21:59.555+0000] {processor.py:829} INFO - Processing file /opt/airflow/dags/binance_daily_dag.py for tasks to queue
[2026-06-19T09:21:59.556+0000] {logging_mixin.py:151} INFO - [2026-06-19T09:21:59.556+0000] {dagbag.py:539} INFO - Filling up the DagBag from /opt/airflow/dags/binance_daily_dag.py
[2026-06-19T09:22:01.639+0000] {processor.py:839} INFO - DAG(s) dict_keys(['daily_crypto_lstm_pipeline']) retrieved from /opt/airflow/dags/binance_daily_dag.py
[2026-06-19T09:22:01.659+0000] {logging_mixin.py:151} INFO - [2026-06-19T09:22:01.659+0000] {dag.py:2915} INFO - Sync 1 DAGs
[2026-06-19T09:22:01.679+0000] {logging_mixin.py:151} INFO - [2026-06-19T09:22:01.679+0000] {dag.py:3696} INFO - Setting next_dagrun for daily_crypto_lstm_pipeline to 2026-06-19T00:02:00+00:00, run_after=2026-06-20T00:02:00+00:00
[2026-06-19T09:22:01.717+0000] {processor.py:179} INFO - Processing /opt/airflow/dags/binance_daily_dag.py took 2.167 seconds
[2026-06-19T09:22:32.268+0000] {processor.py:157} INFO - Started process (PID=3117) to work on /opt/airflow/dags/binance_daily_dag.py
[2026-06-19T09:22:32.269+0000] {processor.py:829} INFO - Processing file /opt/airflow/dags/binance_daily_dag.py for tasks to queue
[2026-06-19T09:22:32.270+0000] {logging_mixin.py:151} INFO - [2026-06-19T09:22:32.269+0000] {dagbag.py:539} INFO - Filling up the DagBag from /opt/airflow/dags/binance_daily_dag.py
[2026-06-19T09:22:34.369+0000] {processor.py:839} INFO - DAG(s) dict_keys(['daily_crypto_lstm_pipeline']) retrieved from /opt/airflow/dags/binance_daily_dag.py
[2026-06-19T09:22:34.397+0000] {logging_mixin.py:151} INFO - [2026-06-19T09:22:34.396+0000] {dag.py:2915} INFO - Sync 1 DAGs
[2026-06-19T09:22:34.417+0000] {logging_mixin.py:151} INFO - [2026-06-19T09:22:34.417+0000] {dag.py:3696} INFO - Setting next_dagrun for daily_crypto_lstm_pipeline to 2026-06-19T00:02:00+00:00, run_after=2026-06-20T00:02:00+00:00
[2026-06-19T09:22:34.433+0000] {processor.py:179} INFO - Processing /opt/airflow/dags/binance_daily_dag.py took 2.169 seconds
[2026-06-19T09:23:05.102+0000] {processor.py:157} INFO - Started process (PID=3150) to work on /opt/airflow/dags/binance_daily_dag.py
[2026-06-19T09:23:05.104+0000] {processor.py:829} INFO - Processing file /opt/airflow/dags/binance_daily_dag.py for tasks to queue
[2026-06-19T09:23:05.105+0000] {logging_mixin.py:151} INFO - [2026-06-19T09:23:05.104+0000] {dagbag.py:539} INFO - Filling up the DagBag from /opt/airflow/dags/binance_daily_dag.py
[2026-06-19T09:23:07.286+0000] {processor.py:839} INFO - DAG(s) dict_keys(['daily_crypto_lstm_pipeline']) retrieved from /opt/airflow/dags/binance_daily_dag.py
[2026-06-19T09:23:07.308+0000] {logging_mixin.py:151} INFO - [2026-06-19T09:23:07.308+0000] {dag.py:2915} INFO - Sync 1 DAGs
[2026-06-19T09:23:07.326+0000] {logging_mixin.py:151} INFO - [2026-06-19T09:23:07.326+0000] {dag.py:3696} INFO - Setting next_dagrun for daily_crypto_lstm_pipeline to 2026-06-19T00:02:00+00:00, run_after=2026-06-20T00:02:00+00:00
[2026-06-19T09:23:07.381+0000] {processor.py:179} INFO - Processing /opt/airflow/dags/binance_daily_dag.py took 2.282 seconds
[2026-06-19T09:23:38.503+0000] {processor.py:157} INFO - Started process (PID=3183) to work on /opt/airflow/dags/binance_daily_dag.py
[2026-06-19T09:23:38.505+0000] {processor.py:829} INFO - Processing file /opt/airflow/dags/binance_daily_dag.py for tasks to queue
[2026-06-19T09:23:38.506+0000] {logging_mixin.py:151} INFO - [2026-06-19T09:23:38.505+0000] {dagbag.py:539} INFO - Filling up the DagBag from /opt/airflow/dags/binance_daily_dag.py
[2026-06-19T09:23:40.797+0000] {processor.py:839} INFO - DAG(s) dict_keys(['daily_crypto_lstm_pipeline']) retrieved from /opt/airflow/dags/binance_daily_dag.py
[2026-06-19T09:23:40.822+0000] {logging_mixin.py:151} INFO - [2026-06-19T09:23:40.821+0000] {dag.py:2915} INFO - Sync 1 DAGs
[2026-06-19T09:23:40.845+0000] {logging_mixin.py:151} INFO - [2026-06-19T09:23:40.844+0000] {dag.py:3696} INFO - Setting next_dagrun for daily_crypto_lstm_pipeline to 2026-06-19T00:02:00+00:00, run_after=2026-06-20T00:02:00+00:00
[2026-06-19T09:23:40.881+0000] {processor.py:179} INFO - Processing /opt/airflow/dags/binance_daily_dag.py took 2.381 seconds
[2026-06-19T09:24:11.146+0000] {processor.py:157} INFO - Started process (PID=3221) to work on /opt/airflow/dags/binance_daily_dag.py
[2026-06-19T09:24:11.147+0000] {processor.py:829} INFO - Processing file /opt/airflow/dags/binance_daily_dag.py for tasks to queue
[2026-06-19T09:24:11.148+0000] {logging_mixin.py:151} INFO - [2026-06-19T09:24:11.148+0000] {dagbag.py:539} INFO - Filling up the DagBag from /opt/airflow/dags/binance_daily_dag.py
[2026-06-19T09:24:13.397+0000] {processor.py:839} INFO - DAG(s) dict_keys(['daily_crypto_lstm_pipeline']) retrieved from /opt/airflow/dags/binance_daily_dag.py
[2026-06-19T09:24:13.416+0000] {logging_mixin.py:151} INFO - [2026-06-19T09:24:13.415+0000] {dag.py:2915} INFO - Sync 1 DAGs
[2026-06-19T09:24:13.434+0000] {logging_mixin.py:151} INFO - [2026-06-19T09:24:13.434+0000] {dag.py:3696} INFO - Setting next_dagrun for daily_crypto_lstm_pipeline to 2026-06-19T00:02:00+00:00, run_after=2026-06-20T00:02:00+00:00
[2026-06-19T09:24:13.451+0000] {processor.py:179} INFO - Processing /opt/airflow/dags/binance_daily_dag.py took 2.308 seconds
[2026-06-19T09:24:43.897+0000] {processor.py:157} INFO - Started process (PID=3261) to work on /opt/airflow/dags/binance_daily_dag.py
[2026-06-19T09:24:43.899+0000] {processor.py:829} INFO - Processing file /opt/airflow/dags/binance_daily_dag.py for tasks to queue
[2026-06-19T09:24:43.899+0000] {logging_mixin.py:151} INFO - [2026-06-19T09:24:43.899+0000] {dagbag.py:539} INFO - Filling up the DagBag from /opt/airflow/dags/binance_daily_dag.py
[2026-06-19T09:24:46.092+0000] {processor.py:839} INFO - DAG(s) dict_keys(['daily_crypto_lstm_pipeline']) retrieved from /opt/airflow/dags/binance_daily_dag.py
[2026-06-19T09:24:46.112+0000] {logging_mixin.py:151} INFO - [2026-06-19T09:24:46.111+0000] {dag.py:2915} INFO - Sync 1 DAGs
[2026-06-19T09:24:46.129+0000] {logging_mixin.py:151} INFO - [2026-06-19T09:24:46.129+0000] {dag.py:3696} INFO - Setting next_dagrun for daily_crypto_lstm_pipeline to 2026-06-19T00:02:00+00:00, run_after=2026-06-20T00:02:00+00:00
[2026-06-19T09:24:46.145+0000] {processor.py:179} INFO - Processing /opt/airflow/dags/binance_daily_dag.py took 2.251 seconds
[2026-06-19T09:25:16.757+0000] {processor.py:157} INFO - Started process (PID=3294) to work on /opt/airflow/dags/binance_daily_dag.py
[2026-06-19T09:25:16.759+0000] {processor.py:829} INFO - Processing file /opt/airflow/dags/binance_daily_dag.py for tasks to queue
[2026-06-19T09:25:16.760+0000] {logging_mixin.py:151} INFO - [2026-06-19T09:25:16.760+0000] {dagbag.py:539} INFO - Filling up the DagBag from /opt/airflow/dags/binance_daily_dag.py
[2026-06-19T09:25:19.074+0000] {processor.py:839} INFO - DAG(s) dict_keys(['daily_crypto_lstm_pipeline']) retrieved from /opt/airflow/dags/binance_daily_dag.py
[2026-06-19T09:25:19.106+0000] {logging_mixin.py:151} INFO - [2026-06-19T09:25:19.106+0000] {dag.py:2915} INFO - Sync 1 DAGs
[2026-06-19T09:25:19.125+0000] {logging_mixin.py:151} INFO - [2026-06-19T09:25:19.125+0000] {dag.py:3696} INFO - Setting next_dagrun for daily_crypto_lstm_pipeline to 2026-06-19T00:02:00+00:00, run_after=2026-06-20T00:02:00+00:00
[2026-06-19T09:25:19.182+0000] {processor.py:179} INFO - Processing /opt/airflow/dags/binance_daily_dag.py took 2.431 seconds
[2026-06-19T09:25:50.107+0000] {processor.py:157} INFO - Started process (PID=3327) to work on /opt/airflow/dags/binance_daily_dag.py
[2026-06-19T09:25:50.108+0000] {processor.py:829} INFO - Processing file /opt/airflow/dags/binance_daily_dag.py for tasks to queue
[2026-06-19T09:25:50.109+0000] {logging_mixin.py:151} INFO - [2026-06-19T09:25:50.109+0000] {dagbag.py:539} INFO - Filling up the DagBag from /opt/airflow/dags/binance_daily_dag.py
[2026-06-19T09:25:52.297+0000] {processor.py:839} INFO - DAG(s) dict_keys(['daily_crypto_lstm_pipeline']) retrieved from /opt/airflow/dags/binance_daily_dag.py
[2026-06-19T09:25:52.339+0000] {logging_mixin.py:151} INFO - [2026-06-19T09:25:52.339+0000] {dag.py:2915} INFO - Sync 1 DAGs
[2026-06-19T09:25:52.364+0000] {logging_mixin.py:151} INFO - [2026-06-19T09:25:52.363+0000] {dag.py:3696} INFO - Setting next_dagrun for daily_crypto_lstm_pipeline to 2026-06-19T00:02:00+00:00, run_after=2026-06-20T00:02:00+00:00
[2026-06-19T09:25:52.423+0000] {processor.py:179} INFO - Processing /opt/airflow/dags/binance_daily_dag.py took 2.320 seconds
[2026-06-19T09:26:23.651+0000] {processor.py:157} INFO - Started process (PID=3359) to work on /opt/airflow/dags/binance_daily_dag.py
[2026-06-19T09:26:23.653+0000] {processor.py:829} INFO - Processing file /opt/airflow/dags/binance_daily_dag.py for tasks to queue
[2026-06-19T09:26:23.654+0000] {logging_mixin.py:151} INFO - [2026-06-19T09:26:23.653+0000] {dagbag.py:539} INFO - Filling up the DagBag from /opt/airflow/dags/binance_daily_dag.py
[2026-06-19T09:26:26.321+0000] {processor.py:839} INFO - DAG(s) dict_keys(['daily_crypto_lstm_pipeline']) retrieved from /opt/airflow/dags/binance_daily_dag.py
[2026-06-19T09:26:26.345+0000] {logging_mixin.py:151} INFO - [2026-06-19T09:26:26.345+0000] {dag.py:2915} INFO - Sync 1 DAGs
[2026-06-19T09:26:26.372+0000] {logging_mixin.py:151} INFO - [2026-06-19T09:26:26.374+0000] {dag.py:3696} INFO - Setting next_dagrun for daily_crypto_lstm_pipeline to 2026-06-19T00:02:00+00:00, run_after=2026-06-20T00:02:00+00:00
[2026-06-19T09:26:26.395+0000] {processor.py:179} INFO - Processing /opt/airflow/dags/binance_daily_dag.py took 2.750 seconds
[2026-06-19T09:26:57.118+0000] {processor.py:157} INFO - Started process (PID=3393) to work on /opt/airflow/dags/binance_daily_dag.py
[2026-06-19T09:26:57.119+0000] {processor.py:829} INFO - Processing file /opt/airflow/dags/binance_daily_dag.py for tasks to queue
[2026-06-19T09:26:57.120+0000] {logging_mixin.py:151} INFO - [2026-06-19T09:26:57.120+0000] {dagbag.py:539} INFO - Filling up the DagBag from /opt/airflow/dags/binance_daily_dag.py
[2026-06-19T09:26:59.171+0000] {processor.py:839} INFO - DAG(s) dict_keys(['daily_crypto_lstm_pipeline']) retrieved from /opt/airflow/dags/binance_daily_dag.py
[2026-06-19T09:26:59.191+0000] {logging_mixin.py:151} INFO - [2026-06-19T09:26:59.190+0000] {dag.py:2915} INFO - Sync 1 DAGs
[2026-06-19T09:26:59.207+0000] {logging_mixin.py:151} INFO - [2026-06-19T09:26:59.207+0000] {dag.py:3696} INFO - Setting next_dagrun for daily_crypto_lstm_pipeline to 2026-06-19T00:02:00+00:00, run_after=2026-06-20T00:02:00+00:00
[2026-06-19T09:26:59.262+0000] {processor.py:179} INFO - Processing /opt/airflow/dags/binance_daily_dag.py took 2.146 seconds
[2026-06-19T09:27:29.715+0000] {processor.py:157} INFO - Started process (PID=3425) to work on /opt/airflow/dags/binance_daily_dag.py
[2026-06-19T09:27:29.716+0000] {processor.py:829} INFO - Processing file /opt/airflow/dags/binance_daily_dag.py for tasks to queue
[2026-06-19T09:27:29.717+0000] {logging_mixin.py:151} INFO - [2026-06-19T09:27:29.716+0000] {dagbag.py:539} INFO - Filling up the DagBag from /opt/airflow/dags/binance_daily_dag.py
[2026-06-19T09:27:31.754+0000] {processor.py:839} INFO - DAG(s) dict_keys(['daily_crypto_lstm_pipeline']) retrieved from /opt/airflow/dags/binance_daily_dag.py
[2026-06-19T09:27:31.777+0000] {logging_mixin.py:151} INFO - [2026-06-19T09:27:31.777+0000] {dag.py:2915} INFO - Sync 1 DAGs
[2026-06-19T09:27:31.795+0000] {logging_mixin.py:151} INFO - [2026-06-19T09:27:31.795+0000] {dag.py:3696} INFO - Setting next_dagrun for daily_crypto_lstm_pipeline to 2026-06-19T00:02:00+00:00, run_after=2026-06-20T00:02:00+00:00
[2026-06-19T09:27:31.832+0000] {processor.py:179} INFO - Processing /opt/airflow/dags/binance_daily_dag.py took 2.121 seconds
[2026-06-19T09:28:02.265+0000] {processor.py:157} INFO - Started process (PID=3458) to work on /opt/airflow/dags/binance_daily_dag.py
[2026-06-19T09:28:02.266+0000] {processor.py:829} INFO - Processing file /opt/airflow/dags/binance_daily_dag.py for tasks to queue
[2026-06-19T09:28:02.267+0000] {logging_mixin.py:151} INFO - [2026-06-19T09:28:02.267+0000] {dagbag.py:539} INFO - Filling up the DagBag from /opt/airflow/dags/binance_daily_dag.py
[2026-06-19T09:28:04.169+0000] {processor.py:839} INFO - DAG(s) dict_keys(['daily_crypto_lstm_pipeline']) retrieved from /opt/airflow/dags/binance_daily_dag.py
[2026-06-19T09:28:04.187+0000] {logging_mixin.py:151} INFO - [2026-06-19T09:28:04.186+0000] {dag.py:2915} INFO - Sync 1 DAGs
[2026-06-19T09:28:04.204+0000] {logging_mixin.py:151} INFO - [2026-06-19T09:28:04.203+0000] {dag.py:3696} INFO - Setting next_dagrun for daily_crypto_lstm_pipeline to 2026-06-19T00:02:00+00:00, run_after=2026-06-20T00:02:00+00:00
[2026-06-19T09:28:04.262+0000] {processor.py:179} INFO - Processing /opt/airflow/dags/binance_daily_dag.py took 2.001 seconds
[2026-06-19T09:28:34.894+0000] {processor.py:157} INFO - Started process (PID=3491) to work on /opt/airflow/dags/binance_daily_dag.py
[2026-06-19T09:28:34.896+0000] {processor.py:829} INFO - Processing file /opt/airflow/dags/binance_daily_dag.py for tasks to queue
[2026-06-19T09:28:34.897+0000] {logging_mixin.py:151} INFO - [2026-06-19T09:28:34.896+0000] {dagbag.py:539} INFO - Filling up the DagBag from /opt/airflow/dags/binance_daily_dag.py
[2026-06-19T09:28:37.004+0000] {processor.py:839} INFO - DAG(s) dict_keys(['daily_crypto_lstm_pipeline']) retrieved from /opt/airflow/dags/binance_daily_dag.py
[2026-06-19T09:28:37.030+0000] {logging_mixin.py:151} INFO - [2026-06-19T09:28:37.029+0000] {dag.py:2915} INFO - Sync 1 DAGs
[2026-06-19T09:28:37.048+0000] {logging_mixin.py:151} INFO - [2026-06-19T09:28:37.048+0000] {dag.py:3696} INFO - Setting next_dagrun for daily_crypto_lstm_pipeline to 2026-06-19T00:02:00+00:00, run_after=2026-06-20T00:02:00+00:00
[2026-06-19T09:28:37.064+0000] {processor.py:179} INFO - Processing /opt/airflow/dags/binance_daily_dag.py took 2.173 seconds
[2026-06-19T09:29:07.580+0000] {processor.py:157} INFO - Started process (PID=3525) to work on /opt/airflow/dags/binance_daily_dag.py
[2026-06-19T09:29:07.581+0000] {processor.py:829} INFO - Processing file /opt/airflow/dags/binance_daily_dag.py for tasks to queue
[2026-06-19T09:29:07.582+0000] {logging_mixin.py:151} INFO - [2026-06-19T09:29:07.582+0000] {dagbag.py:539} INFO - Filling up the DagBag from /opt/airflow/dags/binance_daily_dag.py
[2026-06-19T09:29:09.974+0000] {processor.py:839} INFO - DAG(s) dict_keys(['daily_crypto_lstm_pipeline']) retrieved from /opt/airflow/dags/binance_daily_dag.py
[2026-06-19T09:29:09.995+0000] {logging_mixin.py:151} INFO - [2026-06-19T09:29:09.994+0000] {dag.py:2915} INFO - Sync 1 DAGs
[2026-06-19T09:29:10.018+0000] {logging_mixin.py:151} INFO - [2026-06-19T09:29:10.018+0000] {dag.py:3696} INFO - Setting next_dagrun for daily_crypto_lstm_pipeline to 2026-06-19T00:02:00+00:00, run_after=2026-06-20T00:02:00+00:00
[2026-06-19T09:29:10.036+0000] {processor.py:179} INFO - Processing /opt/airflow/dags/binance_daily_dag.py took 2.459 seconds
[2026-06-19T09:29:40.866+0000] {processor.py:157} INFO - Started process (PID=3558) to work on /opt/airflow/dags/binance_daily_dag.py
[2026-06-19T09:29:40.868+0000] {processor.py:829} INFO - Processing file /opt/airflow/dags/binance_daily_dag.py for tasks to queue
[2026-06-19T09:29:40.868+0000] {logging_mixin.py:151} INFO - [2026-06-19T09:29:40.868+0000] {dagbag.py:539} INFO - Filling up the DagBag from /opt/airflow/dags/binance_daily_dag.py
[2026-06-19T09:29:43.148+0000] {processor.py:839} INFO - DAG(s) dict_keys(['daily_crypto_lstm_pipeline']) retrieved from /opt/airflow/dags/binance_daily_dag.py
[2026-06-19T09:29:43.169+0000] {logging_mixin.py:151} INFO - [2026-06-19T09:29:43.168+0000] {dag.py:2915} INFO - Sync 1 DAGs
[2026-06-19T09:29:43.185+0000] {logging_mixin.py:151} INFO - [2026-06-19T09:29:43.185+0000] {dag.py:3696} INFO - Setting next_dagrun for daily_crypto_lstm_pipeline to 2026-06-19T00:02:00+00:00, run_after=2026-06-20T00:02:00+00:00
[2026-06-19T09:29:43.239+0000] {processor.py:179} INFO - Processing /opt/airflow/dags/binance_daily_dag.py took 2.376 seconds
[2026-06-19T09:30:13.939+0000] {processor.py:157} INFO - Started process (PID=3598) to work on /opt/airflow/dags/binance_daily_dag.py
[2026-06-19T09:30:13.940+0000] {processor.py:829} INFO - Processing file /opt/airflow/dags/binance_daily_dag.py for tasks to queue
[2026-06-19T09:30:13.941+0000] {logging_mixin.py:151} INFO - [2026-06-19T09:30:13.940+0000] {dagbag.py:539} INFO - Filling up the DagBag from /opt/airflow/dags/binance_daily_dag.py
[2026-06-19T09:30:16.103+0000] {processor.py:839} INFO - DAG(s) dict_keys(['daily_crypto_lstm_pipeline']) retrieved from /opt/airflow/dags/binance_daily_dag.py
[2026-06-19T09:30:16.121+0000] {logging_mixin.py:151} INFO - [2026-06-19T09:30:16.120+0000] {dag.py:2915} INFO - Sync 1 DAGs
[2026-06-19T09:30:16.137+0000] {logging_mixin.py:151} INFO - [2026-06-19T09:30:16.137+0000] {dag.py:3696} INFO - Setting next_dagrun for daily_crypto_lstm_pipeline to 2026-06-19T00:02:00+00:00, run_after=2026-06-20T00:02:00+00:00
[2026-06-19T09:30:16.189+0000] {processor.py:179} INFO - Processing /opt/airflow/dags/binance_daily_dag.py took 2.254 seconds
[2026-06-19T09:30:47.010+0000] {processor.py:157} INFO - Started process (PID=3636) to work on /opt/airflow/dags/binance_daily_dag.py
[2026-06-19T09:30:47.011+0000] {processor.py:829} INFO - Processing file /opt/airflow/dags/binance_daily_dag.py for tasks to queue
[2026-06-19T09:30:47.013+0000] {logging_mixin.py:151} INFO - [2026-06-19T09:30:47.012+0000] {dagbag.py:539} INFO - Filling up the DagBag from /opt/airflow/dags/binance_daily_dag.py
[2026-06-19T09:30:49.325+0000] {processor.py:839} INFO - DAG(s) dict_keys(['daily_crypto_lstm_pipeline']) retrieved from /opt/airflow/dags/binance_daily_dag.py
[2026-06-19T09:30:49.345+0000] {logging_mixin.py:151} INFO - [2026-06-19T09:30:49.344+0000] {dag.py:2915} INFO - Sync 1 DAGs
[2026-06-19T09:30:49.363+0000] {logging_mixin.py:151} INFO - [2026-06-19T09:30:49.363+0000] {dag.py:3696} INFO - Setting next_dagrun for daily_crypto_lstm_pipeline to 2026-06-19T00:02:00+00:00, run_after=2026-06-20T00:02:00+00:00
[2026-06-19T09:30:49.380+0000] {processor.py:179} INFO - Processing /opt/airflow/dags/binance_daily_dag.py took 2.375 seconds
[2026-06-19T09:31:20.113+0000] {processor.py:157} INFO - Started process (PID=3669) to work on /opt/airflow/dags/binance_daily_dag.py
[2026-06-19T09:31:20.114+0000] {processor.py:829} INFO - Processing file /opt/airflow/dags/binance_daily_dag.py for tasks to queue
[2026-06-19T09:31:20.115+0000] {logging_mixin.py:151} INFO - [2026-06-19T09:31:20.115+0000] {dagbag.py:539} INFO - Filling up the DagBag from /opt/airflow/dags/binance_daily_dag.py
[2026-06-19T09:31:22.360+0000] {processor.py:839} INFO - DAG(s) dict_keys(['daily_crypto_lstm_pipeline']) retrieved from /opt/airflow/dags/binance_daily_dag.py
[2026-06-19T09:31:22.382+0000] {logging_mixin.py:151} INFO - [2026-06-19T09:31:22.382+0000] {dag.py:2915} INFO - Sync 1 DAGs
[2026-06-19T09:31:22.404+0000] {logging_mixin.py:151} INFO - [2026-06-19T09:31:22.404+0000] {dag.py:3696} INFO - Setting next_dagrun for daily_crypto_lstm_pipeline to 2026-06-19T00:02:00+00:00, run_after=2026-06-20T00:02:00+00:00
[2026-06-19T09:31:22.430+0000] {processor.py:179} INFO - Processing /opt/airflow/dags/binance_daily_dag.py took 2.321 seconds
[2026-06-19T09:31:53.273+0000] {processor.py:157} INFO - Started process (PID=3703) to work on /opt/airflow/dags/binance_daily_dag.py
[2026-06-19T09:31:53.274+0000] {processor.py:829} INFO - Processing file /opt/airflow/dags/binance_daily_dag.py for tasks to queue
[2026-06-19T09:31:53.275+0000] {logging_mixin.py:151} INFO - [2026-06-19T09:31:53.275+0000] {dagbag.py:539} INFO - Filling up the DagBag from /opt/airflow/dags/binance_daily_dag.py
[2026-06-19T09:31:55.484+0000] {processor.py:839} INFO - DAG(s) dict_keys(['daily_crypto_lstm_pipeline']) retrieved from /opt/airflow/dags/binance_daily_dag.py
[2026-06-19T09:31:55.502+0000] {logging_mixin.py:151} INFO - [2026-06-19T09:31:55.502+0000] {dag.py:2915} INFO - Sync 1 DAGs
[2026-06-19T09:31:55.522+0000] {logging_mixin.py:151} INFO - [2026-06-19T09:31:55.522+0000] {dag.py:3696} INFO - Setting next_dagrun for daily_crypto_lstm_pipeline to 2026-06-19T00:02:00+00:00, run_after=2026-06-20T00:02:00+00:00
[2026-06-19T09:31:55.538+0000] {processor.py:179} INFO - Processing /opt/airflow/dags/binance_daily_dag.py took 2.269 seconds
[2026-06-19T09:32:26.425+0000] {processor.py:157} INFO - Started process (PID=3736) to work on /opt/airflow/dags/binance_daily_dag.py
[2026-06-19T09:32:26.426+0000] {processor.py:829} INFO - Processing file /opt/airflow/dags/binance_daily_dag.py for tasks to queue
[2026-06-19T09:32:26.427+0000] {logging_mixin.py:151} INFO - [2026-06-19T09:32:26.427+0000] {dagbag.py:539} INFO - Filling up the DagBag from /opt/airflow/dags/binance_daily_dag.py
[2026-06-19T09:32:28.661+0000] {processor.py:839} INFO - DAG(s) dict_keys(['daily_crypto_lstm_pipeline']) retrieved from /opt/airflow/dags/binance_daily_dag.py
[2026-06-19T09:32:28.679+0000] {logging_mixin.py:151} INFO - [2026-06-19T09:32:28.679+0000] {dag.py:2915} INFO - Sync 1 DAGs
[2026-06-19T09:32:28.696+0000] {logging_mixin.py:151} INFO - [2026-06-19T09:32:28.696+0000] {dag.py:3696} INFO - Setting next_dagrun for daily_crypto_lstm_pipeline to 2026-06-19T00:02:00+00:00, run_after=2026-06-20T00:02:00+00:00
[2026-06-19T09:32:28.711+0000] {processor.py:179} INFO - Processing /opt/airflow/dags/binance_daily_dag.py took 2.290 seconds
[2026-06-19T09:32:59.674+0000] {processor.py:157} INFO - Started process (PID=3769) to work on /opt/airflow/dags/binance_daily_dag.py
[2026-06-19T09:32:59.676+0000] {processor.py:829} INFO - Processing file /opt/airflow/dags/binance_daily_dag.py for tasks to queue
[2026-06-19T09:32:59.677+0000] {logging_mixin.py:151} INFO - [2026-06-19T09:32:59.676+0000] {dagbag.py:539} INFO - Filling up the DagBag from /opt/airflow/dags/binance_daily_dag.py
[2026-06-19T09:33:01.755+0000] {processor.py:839} INFO - DAG(s) dict_keys(['daily_crypto_lstm_pipeline']) retrieved from /opt/airflow/dags/binance_daily_dag.py
[2026-06-19T09:33:01.773+0000] {logging_mixin.py:151} INFO - [2026-06-19T09:33:01.773+0000] {dag.py:2915} INFO - Sync 1 DAGs
[2026-06-19T09:33:01.790+0000] {logging_mixin.py:151} INFO - [2026-06-19T09:33:01.790+0000] {dag.py:3696} INFO - Setting next_dagrun for daily_crypto_lstm_pipeline to 2026-06-19T00:02:00+00:00, run_after=2026-06-20T00:02:00+00:00
[2026-06-19T09:33:01.806+0000] {processor.py:179} INFO - Processing /opt/airflow/dags/binance_daily_dag.py took 2.135 seconds
[2026-06-19T09:33:32.297+0000] {processor.py:157} INFO - Started process (PID=3802) to work on /opt/airflow/dags/binance_daily_dag.py
[2026-06-19T09:33:32.298+0000] {processor.py:829} INFO - Processing file /opt/airflow/dags/binance_daily_dag.py for tasks to queue
[2026-06-19T09:33:32.299+0000] {logging_mixin.py:151} INFO - [2026-06-19T09:33:32.299+0000] {dagbag.py:539} INFO - Filling up the DagBag from /opt/airflow/dags/binance_daily_dag.py
[2026-06-19T09:33:34.434+0000] {processor.py:839} INFO - DAG(s) dict_keys(['daily_crypto_lstm_pipeline']) retrieved from /opt/airflow/dags/binance_daily_dag.py
[2026-06-19T09:33:34.453+0000] {logging_mixin.py:151} INFO - [2026-06-19T09:33:34.452+0000] {dag.py:2915} INFO - Sync 1 DAGs
[2026-06-19T09:33:34.469+0000] {logging_mixin.py:151} INFO - [2026-06-19T09:33:34.469+0000] {dag.py:3696} INFO - Setting next_dagrun for daily_crypto_lstm_pipeline to 2026-06-19T00:02:00+00:00, run_after=2026-06-20T00:02:00+00:00
[2026-06-19T09:33:34.484+0000] {processor.py:179} INFO - Processing /opt/airflow/dags/binance_daily_dag.py took 2.192 seconds
[2026-06-19T09:34:05.069+0000] {processor.py:157} INFO - Started process (PID=3835) to work on /opt/airflow/dags/binance_daily_dag.py
[2026-06-19T09:34:05.070+0000] {processor.py:829} INFO - Processing file /opt/airflow/dags/binance_daily_dag.py for tasks to queue
[2026-06-19T09:34:05.071+0000] {logging_mixin.py:151} INFO - [2026-06-19T09:34:05.071+0000] {dagbag.py:539} INFO - Filling up the DagBag from /opt/airflow/dags/binance_daily_dag.py
[2026-06-19T09:34:07.340+0000] {processor.py:839} INFO - DAG(s) dict_keys(['daily_crypto_lstm_pipeline']) retrieved from /opt/airflow/dags/binance_daily_dag.py
[2026-06-19T09:34:07.358+0000] {logging_mixin.py:151} INFO - [2026-06-19T09:34:07.358+0000] {dag.py:2915} INFO - Sync 1 DAGs
[2026-06-19T09:34:07.379+0000] {logging_mixin.py:151} INFO - [2026-06-19T09:34:07.379+0000] {dag.py:3696} INFO - Setting next_dagrun for daily_crypto_lstm_pipeline to 2026-06-19T00:02:00+00:00, run_after=2026-06-20T00:02:00+00:00
[2026-06-19T09:34:07.434+0000] {processor.py:179} INFO - Processing /opt/airflow/dags/binance_daily_dag.py took 2.369 seconds
[2026-06-19T09:34:37.682+0000] {processor.py:157} INFO - Started process (PID=3868) to work on /opt/airflow/dags/binance_daily_dag.py
[2026-06-19T09:34:37.683+0000] {processor.py:829} INFO - Processing file /opt/airflow/dags/binance_daily_dag.py for tasks to queue
[2026-06-19T09:34:37.684+0000] {logging_mixin.py:151} INFO - [2026-06-19T09:34:37.684+0000] {dagbag.py:539} INFO - Filling up the DagBag from /opt/airflow/dags/binance_daily_dag.py
[2026-06-19T09:34:39.934+0000] {processor.py:839} INFO - DAG(s) dict_keys(['daily_crypto_lstm_pipeline']) retrieved from /opt/airflow/dags/binance_daily_dag.py
[2026-06-19T09:34:39.956+0000] {logging_mixin.py:151} INFO - [2026-06-19T09:34:39.956+0000] {dag.py:2915} INFO - Sync 1 DAGs
[2026-06-19T09:34:39.974+0000] {logging_mixin.py:151} INFO - [2026-06-19T09:34:39.974+0000] {dag.py:3696} INFO - Setting next_dagrun for daily_crypto_lstm_pipeline to 2026-06-19T00:02:00+00:00, run_after=2026-06-20T00:02:00+00:00
[2026-06-19T09:34:40.031+0000] {processor.py:179} INFO - Processing /opt/airflow/dags/binance_daily_dag.py took 2.352 seconds
[2026-06-19T09:35:10.590+0000] {processor.py:157} INFO - Started process (PID=3901) to work on /opt/airflow/dags/binance_daily_dag.py
[2026-06-19T09:35:10.591+0000] {processor.py:829} INFO - Processing file /opt/airflow/dags/binance_daily_dag.py for tasks to queue
[2026-06-19T09:35:10.592+0000] {logging_mixin.py:151} INFO - [2026-06-19T09:35:10.592+0000] {dagbag.py:539} INFO - Filling up the DagBag from /opt/airflow/dags/binance_daily_dag.py
[2026-06-19T09:35:12.561+0000] {processor.py:839} INFO - DAG(s) dict_keys(['daily_crypto_lstm_pipeline']) retrieved from /opt/airflow/dags/binance_daily_dag.py
[2026-06-19T09:35:12.579+0000] {logging_mixin.py:151} INFO - [2026-06-19T09:35:12.578+0000] {dag.py:2915} INFO - Sync 1 DAGs
[2026-06-19T09:35:12.596+0000] {logging_mixin.py:151} INFO - [2026-06-19T09:35:12.596+0000] {dag.py:3696} INFO - Setting next_dagrun for daily_crypto_lstm_pipeline to 2026-06-19T00:02:00+00:00, run_after=2026-06-20T00:02:00+00:00
[2026-06-19T09:35:12.652+0000] {processor.py:179} INFO - Processing /opt/airflow/dags/binance_daily_dag.py took 2.066 seconds
[2026-06-19T09:35:43.148+0000] {processor.py:157} INFO - Started process (PID=3934) to work on /opt/airflow/dags/binance_daily_dag.py
[2026-06-19T09:35:43.150+0000] {processor.py:829} INFO - Processing file /opt/airflow/dags/binance_daily_dag.py for tasks to queue
[2026-06-19T09:35:43.151+0000] {logging_mixin.py:151} INFO - [2026-06-19T09:35:43.150+0000] {dagbag.py:539} INFO - Filling up the DagBag from /opt/airflow/dags/binance_daily_dag.py
[2026-06-19T09:35:45.195+0000] {processor.py:839} INFO - DAG(s) dict_keys(['daily_crypto_lstm_pipeline']) retrieved from /opt/airflow/dags/binance_daily_dag.py
[2026-06-19T09:35:45.212+0000] {logging_mixin.py:151} INFO - [2026-06-19T09:35:45.211+0000] {dag.py:2915} INFO - Sync 1 DAGs
[2026-06-19T09:35:45.229+0000] {logging_mixin.py:151} INFO - [2026-06-19T09:35:45.229+0000] {dag.py:3696} INFO - Setting next_dagrun for daily_crypto_lstm_pipeline to 2026-06-19T00:02:00+00:00, run_after=2026-06-20T00:02:00+00:00
[2026-06-19T09:35:45.246+0000] {processor.py:179} INFO - Processing /opt/airflow/dags/binance_daily_dag.py took 2.101 seconds
[2026-06-19T09:36:15.734+0000] {processor.py:157} INFO - Started process (PID=3975) to work on /opt/airflow/dags/binance_daily_dag.py
[2026-06-19T09:36:15.736+0000] {processor.py:829} INFO - Processing file /opt/airflow/dags/binance_daily_dag.py for tasks to queue
[2026-06-19T09:36:15.737+0000] {logging_mixin.py:151} INFO - [2026-06-19T09:36:15.737+0000] {dagbag.py:539} INFO - Filling up the DagBag from /opt/airflow/dags/binance_daily_dag.py
[2026-06-19T09:36:17.703+0000] {processor.py:839} INFO - DAG(s) dict_keys(['daily_crypto_lstm_pipeline']) retrieved from /opt/airflow/dags/binance_daily_dag.py
[2026-06-19T09:36:17.724+0000] {logging_mixin.py:151} INFO - [2026-06-19T09:36:17.723+0000] {dag.py:2915} INFO - Sync 1 DAGs
[2026-06-19T09:36:17.748+0000] {logging_mixin.py:151} INFO - [2026-06-19T09:36:17.748+0000] {dag.py:3696} INFO - Setting next_dagrun for daily_crypto_lstm_pipeline to 2026-06-19T00:02:00+00:00, run_after=2026-06-20T00:02:00+00:00
[2026-06-19T09:36:17.766+0000] {processor.py:179} INFO - Processing /opt/airflow/dags/binance_daily_dag.py took 2.035 seconds
[2026-06-19T09:36:48.296+0000] {processor.py:157} INFO - Started process (PID=4008) to work on /opt/airflow/dags/binance_daily_dag.py
[2026-06-19T09:36:48.300+0000] {processor.py:829} INFO - Processing file /opt/airflow/dags/binance_daily_dag.py for tasks to queue
[2026-06-19T09:36:48.307+0000] {logging_mixin.py:151} INFO - [2026-06-19T09:36:48.307+0000] {dagbag.py:539} INFO - Filling up the DagBag from /opt/airflow/dags/binance_daily_dag.py
[2026-06-19T09:36:50.407+0000] {processor.py:839} INFO - DAG(s) dict_keys(['daily_crypto_lstm_pipeline']) retrieved from /opt/airflow/dags/binance_daily_dag.py
[2026-06-19T09:36:50.425+0000] {logging_mixin.py:151} INFO - [2026-06-19T09:36:50.424+0000] {dag.py:2915} INFO - Sync 1 DAGs
[2026-06-19T09:36:50.441+0000] {logging_mixin.py:151} INFO - [2026-06-19T09:36:50.441+0000] {dag.py:3696} INFO - Setting next_dagrun for daily_crypto_lstm_pipeline to 2026-06-19T00:02:00+00:00, run_after=2026-06-20T00:02:00+00:00
[2026-06-19T09:36:50.503+0000] {processor.py:179} INFO - Processing /opt/airflow/dags/binance_daily_dag.py took 2.211 seconds
[2026-06-19T09:37:21.092+0000] {processor.py:157} INFO - Started process (PID=4041) to work on /opt/airflow/dags/binance_daily_dag.py
[2026-06-19T09:37:21.093+0000] {processor.py:829} INFO - Processing file /opt/airflow/dags/binance_daily_dag.py for tasks to queue
[2026-06-19T09:37:21.094+0000] {logging_mixin.py:151} INFO - [2026-06-19T09:37:21.094+0000] {dagbag.py:539} INFO - Filling up the DagBag from /opt/airflow/dags/binance_daily_dag.py
[2026-06-19T09:37:23.390+0000] {processor.py:839} INFO - DAG(s) dict_keys(['daily_crypto_lstm_pipeline']) retrieved from /opt/airflow/dags/binance_daily_dag.py
[2026-06-19T09:37:23.424+0000] {logging_mixin.py:151} INFO - [2026-06-19T09:37:23.423+0000] {dag.py:2915} INFO - Sync 1 DAGs
[2026-06-19T09:37:23.441+0000] {logging_mixin.py:151} INFO - [2026-06-19T09:37:23.441+0000] {dag.py:3696} INFO - Setting next_dagrun for daily_crypto_lstm_pipeline to 2026-06-19T00:02:00+00:00, run_after=2026-06-20T00:02:00+00:00
[2026-06-19T09:37:23.496+0000] {processor.py:179} INFO - Processing /opt/airflow/dags/binance_daily_dag.py took 2.407 seconds
[2026-06-19T09:37:54.048+0000] {processor.py:157} INFO - Started process (PID=4074) to work on /opt/airflow/dags/binance_daily_dag.py
[2026-06-19T09:37:54.050+0000] {processor.py:829} INFO - Processing file /opt/airflow/dags/binance_daily_dag.py for tasks to queue
[2026-06-19T09:37:54.051+0000] {logging_mixin.py:151} INFO - [2026-06-19T09:37:54.051+0000] {dagbag.py:539} INFO - Filling up the DagBag from /opt/airflow/dags/binance_daily_dag.py
[2026-06-19T09:37:56.249+0000] {processor.py:839} INFO - DAG(s) dict_keys(['daily_crypto_lstm_pipeline']) retrieved from /opt/airflow/dags/binance_daily_dag.py
[2026-06-19T09:37:56.272+0000] {logging_mixin.py:151} INFO - [2026-06-19T09:37:56.271+0000] {dag.py:2915} INFO - Sync 1 DAGs
[2026-06-19T09:37:56.297+0000] {logging_mixin.py:151} INFO - [2026-06-19T09:37:56.297+0000] {dag.py:3696} INFO - Setting next_dagrun for daily_crypto_lstm_pipeline to 2026-06-19T00:02:00+00:00, run_after=2026-06-20T00:02:00+00:00
[2026-06-19T09:37:56.354+0000] {processor.py:179} INFO - Processing /opt/airflow/dags/binance_daily_dag.py took 2.310 seconds
[2026-06-19T09:38:27.238+0000] {processor.py:157} INFO - Started process (PID=4112) to work on /opt/airflow/dags/binance_daily_dag.py
[2026-06-19T09:38:27.239+0000] {processor.py:829} INFO - Processing file /opt/airflow/dags/binance_daily_dag.py for tasks to queue
[2026-06-19T09:38:27.240+0000] {logging_mixin.py:151} INFO - [2026-06-19T09:38:27.240+0000] {dagbag.py:539} INFO - Filling up the DagBag from /opt/airflow/dags/binance_daily_dag.py
[2026-06-19T09:38:29.560+0000] {processor.py:839} INFO - DAG(s) dict_keys(['daily_crypto_lstm_pipeline']) retrieved from /opt/airflow/dags/binance_daily_dag.py
[2026-06-19T09:38:29.577+0000] {logging_mixin.py:151} INFO - [2026-06-19T09:38:29.577+0000] {dag.py:2915} INFO - Sync 1 DAGs
[2026-06-19T09:38:29.594+0000] {logging_mixin.py:151} INFO - [2026-06-19T09:38:29.594+0000] {dag.py:3696} INFO - Setting next_dagrun for daily_crypto_lstm_pipeline to 2026-06-19T00:02:00+00:00, run_after=2026-06-20T00:02:00+00:00
[2026-06-19T09:38:29.624+0000] {processor.py:179} INFO - Processing /opt/airflow/dags/binance_daily_dag.py took 2.392 seconds
[2026-06-19T09:38:59.774+0000] {processor.py:157} INFO - Started process (PID=4145) to work on /opt/airflow/dags/binance_daily_dag.py
[2026-06-19T09:38:59.775+0000] {processor.py:829} INFO - Processing file /opt/airflow/dags/binance_daily_dag.py for tasks to queue
[2026-06-19T09:38:59.776+0000] {logging_mixin.py:151} INFO - [2026-06-19T09:38:59.775+0000] {dagbag.py:539} INFO - Filling up the DagBag from /opt/airflow/dags/binance_daily_dag.py
[2026-06-19T09:39:01.800+0000] {processor.py:839} INFO - DAG(s) dict_keys(['daily_crypto_lstm_pipeline']) retrieved from /opt/airflow/dags/binance_daily_dag.py
[2026-06-19T09:39:01.820+0000] {logging_mixin.py:151} INFO - [2026-06-19T09:39:01.819+0000] {dag.py:2915} INFO - Sync 1 DAGs
[2026-06-19T09:39:01.839+0000] {logging_mixin.py:151} INFO - [2026-06-19T09:39:01.838+0000] {dag.py:3696} INFO - Setting next_dagrun for daily_crypto_lstm_pipeline to 2026-06-19T00:02:00+00:00, run_after=2026-06-20T00:02:00+00:00
[2026-06-19T09:39:01.856+0000] {processor.py:179} INFO - Processing /opt/airflow/dags/binance_daily_dag.py took 2.086 seconds
[2026-06-19T09:39:32.482+0000] {processor.py:157} INFO - Started process (PID=4178) to work on /opt/airflow/dags/binance_daily_dag.py
[2026-06-19T09:39:32.484+0000] {processor.py:829} INFO - Processing file /opt/airflow/dags/binance_daily_dag.py for tasks to queue
[2026-06-19T09:39:32.485+0000] {logging_mixin.py:151} INFO - [2026-06-19T09:39:32.484+0000] {dagbag.py:539} INFO - Filling up the DagBag from /opt/airflow/dags/binance_daily_dag.py
[2026-06-19T09:39:34.514+0000] {processor.py:839} INFO - DAG(s) dict_keys(['daily_crypto_lstm_pipeline']) retrieved from /opt/airflow/dags/binance_daily_dag.py
[2026-06-19T09:39:34.535+0000] {logging_mixin.py:151} INFO - [2026-06-19T09:39:34.535+0000] {dag.py:2915} INFO - Sync 1 DAGs
[2026-06-19T09:39:34.552+0000] {logging_mixin.py:151} INFO - [2026-06-19T09:39:34.551+0000] {dag.py:3696} INFO - Setting next_dagrun for daily_crypto_lstm_pipeline to 2026-06-19T00:02:00+00:00, run_after=2026-06-20T00:02:00+00:00
[2026-06-19T09:39:34.608+0000] {processor.py:179} INFO - Processing /opt/airflow/dags/binance_daily_dag.py took 2.129 seconds
[2026-06-19T09:40:05.293+0000] {processor.py:157} INFO - Started process (PID=4211) to work on /opt/airflow/dags/binance_daily_dag.py
[2026-06-19T09:40:05.295+0000] {processor.py:829} INFO - Processing file /opt/airflow/dags/binance_daily_dag.py for tasks to queue
[2026-06-19T09:40:05.295+0000] {logging_mixin.py:151} INFO - [2026-06-19T09:40:05.295+0000] {dagbag.py:539} INFO - Filling up the DagBag from /opt/airflow/dags/binance_daily_dag.py
[2026-06-19T09:40:07.602+0000] {processor.py:839} INFO - DAG(s) dict_keys(['daily_crypto_lstm_pipeline']) retrieved from /opt/airflow/dags/binance_daily_dag.py
[2026-06-19T09:40:07.620+0000] {logging_mixin.py:151} INFO - [2026-06-19T09:40:07.619+0000] {dag.py:2915} INFO - Sync 1 DAGs
[2026-06-19T09:40:07.637+0000] {logging_mixin.py:151} INFO - [2026-06-19T09:40:07.636+0000] {dag.py:3696} INFO - Setting next_dagrun for daily_crypto_lstm_pipeline to 2026-06-19T00:02:00+00:00, run_after=2026-06-20T00:02:00+00:00
[2026-06-19T09:40:07.653+0000] {processor.py:179} INFO - Processing /opt/airflow/dags/binance_daily_dag.py took 2.364 seconds
[2026-06-19T09:40:38.050+0000] {processor.py:157} INFO - Started process (PID=4244) to work on /opt/airflow/dags/binance_daily_dag.py
[2026-06-19T09:40:38.051+0000] {processor.py:829} INFO - Processing file /opt/airflow/dags/binance_daily_dag.py for tasks to queue
[2026-06-19T09:40:38.052+0000] {logging_mixin.py:151} INFO - [2026-06-19T09:40:38.051+0000] {dagbag.py:539} INFO - Filling up the DagBag from /opt/airflow/dags/binance_daily_dag.py
[2026-06-19T09:40:40.295+0000] {processor.py:839} INFO - DAG(s) dict_keys(['daily_crypto_lstm_pipeline']) retrieved from /opt/airflow/dags/binance_daily_dag.py
[2026-06-19T09:40:40.312+0000] {logging_mixin.py:151} INFO - [2026-06-19T09:40:40.312+0000] {dag.py:2915} INFO - Sync 1 DAGs
[2026-06-19T09:40:40.330+0000] {logging_mixin.py:151} INFO - [2026-06-19T09:40:40.330+0000] {dag.py:3696} INFO - Setting next_dagrun for daily_crypto_lstm_pipeline to 2026-06-19T00:02:00+00:00, run_after=2026-06-20T00:02:00+00:00
[2026-06-19T09:40:40.347+0000] {processor.py:179} INFO - Processing /opt/airflow/dags/binance_daily_dag.py took 2.301 seconds
[2026-06-19T09:41:11.125+0000] {processor.py:157} INFO - Started process (PID=4277) to work on /opt/airflow/dags/binance_daily_dag.py
[2026-06-19T09:41:11.127+0000] {processor.py:829} INFO - Processing file /opt/airflow/dags/binance_daily_dag.py for tasks to queue
[2026-06-19T09:41:11.128+0000] {logging_mixin.py:151} INFO - [2026-06-19T09:41:11.127+0000] {dagbag.py:539} INFO - Filling up the DagBag from /opt/airflow/dags/binance_daily_dag.py
[2026-06-19T09:41:13.214+0000] {processor.py:839} INFO - DAG(s) dict_keys(['daily_crypto_lstm_pipeline']) retrieved from /opt/airflow/dags/binance_daily_dag.py
[2026-06-19T09:41:13.236+0000] {logging_mixin.py:151} INFO - [2026-06-19T09:41:13.235+0000] {dag.py:2915} INFO - Sync 1 DAGs
[2026-06-19T09:41:13.253+0000] {logging_mixin.py:151} INFO - [2026-06-19T09:41:13.253+0000] {dag.py:3696} INFO - Setting next_dagrun for daily_crypto_lstm_pipeline to 2026-06-19T00:02:00+00:00, run_after=2026-06-20T00:02:00+00:00
[2026-06-19T09:41:13.268+0000] {processor.py:179} INFO - Processing /opt/airflow/dags/binance_daily_dag.py took 2.147 seconds
[2026-06-19T09:41:43.785+0000] {processor.py:157} INFO - Started process (PID=4310) to work on /opt/airflow/dags/binance_daily_dag.py
[2026-06-19T09:41:43.786+0000] {processor.py:829} INFO - Processing file /opt/airflow/dags/binance_daily_dag.py for tasks to queue
[2026-06-19T09:41:43.787+0000] {logging_mixin.py:151} INFO - [2026-06-19T09:41:43.787+0000] {dagbag.py:539} INFO - Filling up the DagBag from /opt/airflow/dags/binance_daily_dag.py
[2026-06-19T09:41:45.921+0000] {processor.py:839} INFO - DAG(s) dict_keys(['daily_crypto_lstm_pipeline']) retrieved from /opt/airflow/dags/binance_daily_dag.py
[2026-06-19T09:41:45.942+0000] {logging_mixin.py:151} INFO - [2026-06-19T09:41:45.942+0000] {dag.py:2915} INFO - Sync 1 DAGs
[2026-06-19T09:41:45.961+0000] {logging_mixin.py:151} INFO - [2026-06-19T09:41:45.961+0000] {dag.py:3696} INFO - Setting next_dagrun for daily_crypto_lstm_pipeline to 2026-06-19T00:02:00+00:00, run_after=2026-06-20T00:02:00+00:00
[2026-06-19T09:41:45.978+0000] {processor.py:179} INFO - Processing /opt/airflow/dags/binance_daily_dag.py took 2.196 seconds
[2026-06-19T09:42:16.347+0000] {processor.py:157} INFO - Started process (PID=4350) to work on /opt/airflow/dags/binance_daily_dag.py
[2026-06-19T09:42:16.348+0000] {processor.py:829} INFO - Processing file /opt/airflow/dags/binance_daily_dag.py for tasks to queue
[2026-06-19T09:42:16.349+0000] {logging_mixin.py:151} INFO - [2026-06-19T09:42:16.349+0000] {dagbag.py:539} INFO - Filling up the DagBag from /opt/airflow/dags/binance_daily_dag.py
[2026-06-19T09:42:18.427+0000] {processor.py:839} INFO - DAG(s) dict_keys(['daily_crypto_lstm_pipeline']) retrieved from /opt/airflow/dags/binance_daily_dag.py
[2026-06-19T09:42:18.447+0000] {logging_mixin.py:151} INFO - [2026-06-19T09:42:18.447+0000] {dag.py:2915} INFO - Sync 1 DAGs
[2026-06-19T09:42:18.466+0000] {logging_mixin.py:151} INFO - [2026-06-19T09:42:18.466+0000] {dag.py:3696} INFO - Setting next_dagrun for daily_crypto_lstm_pipeline to 2026-06-19T00:02:00+00:00, run_after=2026-06-20T00:02:00+00:00
[2026-06-19T09:42:18.484+0000] {processor.py:179} INFO - Processing /opt/airflow/dags/binance_daily_dag.py took 2.140 seconds
[2026-06-19T09:42:48.833+0000] {processor.py:157} INFO - Started process (PID=4383) to work on /opt/airflow/dags/binance_daily_dag.py
[2026-06-19T09:42:48.834+0000] {processor.py:829} INFO - Processing file /opt/airflow/dags/binance_daily_dag.py for tasks to queue
[2026-06-19T09:42:48.835+0000] {logging_mixin.py:151} INFO - [2026-06-19T09:42:48.835+0000] {dagbag.py:539} INFO - Filling up the DagBag from /opt/airflow/dags/binance_daily_dag.py
[2026-06-19T09:42:51.042+0000] {processor.py:839} INFO - DAG(s) dict_keys(['daily_crypto_lstm_pipeline']) retrieved from /opt/airflow/dags/binance_daily_dag.py
[2026-06-19T09:42:51.061+0000] {logging_mixin.py:151} INFO - [2026-06-19T09:42:51.061+0000] {dag.py:2915} INFO - Sync 1 DAGs
[2026-06-19T09:42:51.078+0000] {logging_mixin.py:151} INFO - [2026-06-19T09:42:51.078+0000] {dag.py:3696} INFO - Setting next_dagrun for daily_crypto_lstm_pipeline to 2026-06-19T00:02:00+00:00, run_after=2026-06-20T00:02:00+00:00
[2026-06-19T09:42:51.113+0000] {processor.py:179} INFO - Processing /opt/airflow/dags/binance_daily_dag.py took 2.283 seconds
[2026-06-19T09:43:21.875+0000] {processor.py:157} INFO - Started process (PID=4416) to work on /opt/airflow/dags/binance_daily_dag.py
[2026-06-19T09:43:21.877+0000] {processor.py:829} INFO - Processing file /opt/airflow/dags/binance_daily_dag.py for tasks to queue
[2026-06-19T09:43:21.878+0000] {logging_mixin.py:151} INFO - [2026-06-19T09:43:21.878+0000] {dagbag.py:539} INFO - Filling up the DagBag from /opt/airflow/dags/binance_daily_dag.py
[2026-06-19T09:43:24.086+0000] {processor.py:839} INFO - DAG(s) dict_keys(['daily_crypto_lstm_pipeline']) retrieved from /opt/airflow/dags/binance_daily_dag.py
[2026-06-19T09:43:24.104+0000] {logging_mixin.py:151} INFO - [2026-06-19T09:43:24.104+0000] {dag.py:2915} INFO - Sync 1 DAGs
[2026-06-19T09:43:24.120+0000] {logging_mixin.py:151} INFO - [2026-06-19T09:43:24.120+0000] {dag.py:3696} INFO - Setting next_dagrun for daily_crypto_lstm_pipeline to 2026-06-19T00:02:00+00:00, run_after=2026-06-20T00:02:00+00:00
[2026-06-19T09:43:24.135+0000] {processor.py:179} INFO - Processing /opt/airflow/dags/binance_daily_dag.py took 2.263 seconds
[2026-06-19T09:43:54.486+0000] {processor.py:157} INFO - Started process (PID=4449) to work on /opt/airflow/dags/binance_daily_dag.py
[2026-06-19T09:43:54.487+0000] {processor.py:829} INFO - Processing file /opt/airflow/dags/binance_daily_dag.py for tasks to queue
[2026-06-19T09:43:54.488+0000] {logging_mixin.py:151} INFO - [2026-06-19T09:43:54.488+0000] {dagbag.py:539} INFO - Filling up the DagBag from /opt/airflow/dags/binance_daily_dag.py
[2026-06-19T09:43:56.566+0000] {processor.py:839} INFO - DAG(s) dict_keys(['daily_crypto_lstm_pipeline']) retrieved from /opt/airflow/dags/binance_daily_dag.py
[2026-06-19T09:43:56.584+0000] {logging_mixin.py:151} INFO - [2026-06-19T09:43:56.584+0000] {dag.py:2915} INFO - Sync 1 DAGs
[2026-06-19T09:43:56.603+0000] {logging_mixin.py:151} INFO - [2026-06-19T09:43:56.603+0000] {dag.py:3696} INFO - Setting next_dagrun for daily_crypto_lstm_pipeline to 2026-06-19T00:02:00+00:00, run_after=2026-06-20T00:02:00+00:00
[2026-06-19T09:43:56.659+0000] {processor.py:179} INFO - Processing /opt/airflow/dags/binance_daily_dag.py took 2.178 seconds
[2026-06-19T09:44:27.769+0000] {processor.py:157} INFO - Started process (PID=4482) to work on /opt/airflow/dags/binance_daily_dag.py
[2026-06-19T09:44:27.770+0000] {processor.py:829} INFO - Processing file /opt/airflow/dags/binance_daily_dag.py for tasks to queue
[2026-06-19T09:44:27.771+0000] {logging_mixin.py:151} INFO - [2026-06-19T09:44:27.771+0000] {dagbag.py:539} INFO - Filling up the DagBag from /opt/airflow/dags/binance_daily_dag.py
[2026-06-19T09:44:30.064+0000] {processor.py:839} INFO - DAG(s) dict_keys(['daily_crypto_lstm_pipeline']) retrieved from /opt/airflow/dags/binance_daily_dag.py
[2026-06-19T09:44:30.083+0000] {logging_mixin.py:151} INFO - [2026-06-19T09:44:30.082+0000] {dag.py:2915} INFO - Sync 1 DAGs
[2026-06-19T09:44:30.099+0000] {logging_mixin.py:151} INFO - [2026-06-19T09:44:30.099+0000] {dag.py:3696} INFO - Setting next_dagrun for daily_crypto_lstm_pipeline to 2026-06-19T00:02:00+00:00, run_after=2026-06-20T00:02:00+00:00
[2026-06-19T09:44:30.114+0000] {processor.py:179} INFO - Processing /opt/airflow/dags/binance_daily_dag.py took 2.350 seconds
[2026-06-19T09:45:00.634+0000] {processor.py:157} INFO - Started process (PID=4515) to work on /opt/airflow/dags/binance_daily_dag.py
[2026-06-19T09:45:00.635+0000] {processor.py:829} INFO - Processing file /opt/airflow/dags/binance_daily_dag.py for tasks to queue
[2026-06-19T09:45:00.636+0000] {logging_mixin.py:151} INFO - [2026-06-19T09:45:00.636+0000] {dagbag.py:539} INFO - Filling up the DagBag from /opt/airflow/dags/binance_daily_dag.py
[2026-06-19T09:45:02.933+0000] {processor.py:839} INFO - DAG(s) dict_keys(['daily_crypto_lstm_pipeline']) retrieved from /opt/airflow/dags/binance_daily_dag.py
[2026-06-19T09:45:02.952+0000] {logging_mixin.py:151} INFO - [2026-06-19T09:45:02.951+0000] {dag.py:2915} INFO - Sync 1 DAGs
[2026-06-19T09:45:02.968+0000] {logging_mixin.py:151} INFO - [2026-06-19T09:45:02.967+0000] {dag.py:3696} INFO - Setting next_dagrun for daily_crypto_lstm_pipeline to 2026-06-19T00:02:00+00:00, run_after=2026-06-20T00:02:00+00:00
[2026-06-19T09:45:03.022+0000] {processor.py:179} INFO - Processing /opt/airflow/dags/binance_daily_dag.py took 2.392 seconds
[2026-06-19T09:45:33.539+0000] {processor.py:157} INFO - Started process (PID=4548) to work on /opt/airflow/dags/binance_daily_dag.py
[2026-06-19T09:45:33.540+0000] {processor.py:829} INFO - Processing file /opt/airflow/dags/binance_daily_dag.py for tasks to queue
[2026-06-19T09:45:33.541+0000] {logging_mixin.py:151} INFO - [2026-06-19T09:45:33.540+0000] {dagbag.py:539} INFO - Filling up the DagBag from /opt/airflow/dags/binance_daily_dag.py
[2026-06-19T09:45:35.691+0000] {processor.py:839} INFO - DAG(s) dict_keys(['daily_crypto_lstm_pipeline']) retrieved from /opt/airflow/dags/binance_daily_dag.py
[2026-06-19T09:45:35.710+0000] {logging_mixin.py:151} INFO - [2026-06-19T09:45:35.709+0000] {dag.py:2915} INFO - Sync 1 DAGs
[2026-06-19T09:45:35.731+0000] {logging_mixin.py:151} INFO - [2026-06-19T09:45:35.730+0000] {dag.py:3696} INFO - Setting next_dagrun for daily_crypto_lstm_pipeline to 2026-06-19T00:02:00+00:00, run_after=2026-06-20T00:02:00+00:00
[2026-06-19T09:45:35.749+0000] {processor.py:179} INFO - Processing /opt/airflow/dags/binance_daily_dag.py took 2.214 seconds
[2026-06-19T09:46:07.339+0000] {processor.py:157} INFO - Started process (PID=4581) to work on /opt/airflow/dags/binance_daily_dag.py
[2026-06-19T09:46:07.341+0000] {processor.py:829} INFO - Processing file /opt/airflow/dags/binance_daily_dag.py for tasks to queue
[2026-06-19T09:46:07.342+0000] {logging_mixin.py:151} INFO - [2026-06-19T09:46:07.342+0000] {dagbag.py:539} INFO - Filling up the DagBag from /opt/airflow/dags/binance_daily_dag.py
[2026-06-19T09:46:10.655+0000] {processor.py:839} INFO - DAG(s) dict_keys(['daily_crypto_lstm_pipeline']) retrieved from /opt/airflow/dags/binance_daily_dag.py
[2026-06-19T09:46:10.685+0000] {logging_mixin.py:151} INFO - [2026-06-19T09:46:10.684+0000] {dag.py:2915} INFO - Sync 1 DAGs
[2026-06-19T09:46:10.716+0000] {logging_mixin.py:151} INFO - [2026-06-19T09:46:10.715+0000] {dag.py:3696} INFO - Setting next_dagrun for daily_crypto_lstm_pipeline to 2026-06-19T00:02:00+00:00, run_after=2026-06-20T00:02:00+00:00
[2026-06-19T09:46:10.742+0000] {processor.py:179} INFO - Processing /opt/airflow/dags/binance_daily_dag.py took 3.408 seconds
[2026-06-19T09:46:41.632+0000] {processor.py:157} INFO - Started process (PID=4619) to work on /opt/airflow/dags/binance_daily_dag.py
[2026-06-19T09:46:41.634+0000] {processor.py:829} INFO - Processing file /opt/airflow/dags/binance_daily_dag.py for tasks to queue
[2026-06-19T09:46:41.635+0000] {logging_mixin.py:151} INFO - [2026-06-19T09:46:41.635+0000] {dagbag.py:539} INFO - Filling up the DagBag from /opt/airflow/dags/binance_daily_dag.py
[2026-06-19T09:46:44.642+0000] {processor.py:839} INFO - DAG(s) dict_keys(['daily_crypto_lstm_pipeline']) retrieved from /opt/airflow/dags/binance_daily_dag.py
[2026-06-19T09:46:44.665+0000] {logging_mixin.py:151} INFO - [2026-06-19T09:46:44.664+0000] {dag.py:2915} INFO - Sync 1 DAGs
[2026-06-19T09:46:44.686+0000] {logging_mixin.py:151} INFO - [2026-06-19T09:46:44.685+0000] {dag.py:3696} INFO - Setting next_dagrun for daily_crypto_lstm_pipeline to 2026-06-19T00:02:00+00:00, run_after=2026-06-20T00:02:00+00:00
[2026-06-19T09:46:44.745+0000] {processor.py:179} INFO - Processing /opt/airflow/dags/binance_daily_dag.py took 3.118 seconds
[2026-06-19T09:47:15.394+0000] {processor.py:157} INFO - Started process (PID=4652) to work on /opt/airflow/dags/binance_daily_dag.py
[2026-06-19T09:47:15.396+0000] {processor.py:829} INFO - Processing file /opt/airflow/dags/binance_daily_dag.py for tasks to queue
[2026-06-19T09:47:15.398+0000] {logging_mixin.py:151} INFO - [2026-06-19T09:47:15.397+0000] {dagbag.py:539} INFO - Filling up the DagBag from /opt/airflow/dags/binance_daily_dag.py
[2026-06-19T09:47:18.349+0000] {processor.py:839} INFO - DAG(s) dict_keys(['daily_crypto_lstm_pipeline']) retrieved from /opt/airflow/dags/binance_daily_dag.py
[2026-06-19T09:47:18.368+0000] {logging_mixin.py:151} INFO - [2026-06-19T09:47:18.368+0000] {dag.py:2915} INFO - Sync 1 DAGs
[2026-06-19T09:47:18.386+0000] {logging_mixin.py:151} INFO - [2026-06-19T09:47:18.386+0000] {dag.py:3696} INFO - Setting next_dagrun for daily_crypto_lstm_pipeline to 2026-06-19T00:02:00+00:00, run_after=2026-06-20T00:02:00+00:00
[2026-06-19T09:47:18.404+0000] {processor.py:179} INFO - Processing /opt/airflow/dags/binance_daily_dag.py took 3.014 seconds
[2026-06-19T09:47:48.490+0000] {processor.py:157} INFO - Started process (PID=4692) to work on /opt/airflow/dags/binance_daily_dag.py
[2026-06-19T09:47:48.492+0000] {processor.py:829} INFO - Processing file /opt/airflow/dags/binance_daily_dag.py for tasks to queue
[2026-06-19T09:47:48.493+0000] {logging_mixin.py:151} INFO - [2026-06-19T09:47:48.492+0000] {dagbag.py:539} INFO - Filling up the DagBag from /opt/airflow/dags/binance_daily_dag.py
[2026-06-19T09:47:50.710+0000] {processor.py:839} INFO - DAG(s) dict_keys(['daily_crypto_lstm_pipeline']) retrieved from /opt/airflow/dags/binance_daily_dag.py
[2026-06-19T09:47:50.729+0000] {logging_mixin.py:151} INFO - [2026-06-19T09:47:50.729+0000] {dag.py:2915} INFO - Sync 1 DAGs
[2026-06-19T09:47:50.745+0000] {logging_mixin.py:151} INFO - [2026-06-19T09:47:50.745+0000] {dag.py:3696} INFO - Setting next_dagrun for daily_crypto_lstm_pipeline to 2026-06-19T00:02:00+00:00, run_after=2026-06-20T00:02:00+00:00
[2026-06-19T09:47:50.801+0000] {processor.py:179} INFO - Processing /opt/airflow/dags/binance_daily_dag.py took 2.315 seconds
[2026-06-19T09:48:21.442+0000] {processor.py:157} INFO - Started process (PID=4725) to work on /opt/airflow/dags/binance_daily_dag.py
[2026-06-19T09:48:21.443+0000] {processor.py:829} INFO - Processing file /opt/airflow/dags/binance_daily_dag.py for tasks to queue
[2026-06-19T09:48:21.444+0000] {logging_mixin.py:151} INFO - [2026-06-19T09:48:21.443+0000] {dagbag.py:539} INFO - Filling up the DagBag from /opt/airflow/dags/binance_daily_dag.py
[2026-06-19T09:48:23.555+0000] {processor.py:839} INFO - DAG(s) dict_keys(['daily_crypto_lstm_pipeline']) retrieved from /opt/airflow/dags/binance_daily_dag.py
[2026-06-19T09:48:23.573+0000] {logging_mixin.py:151} INFO - [2026-06-19T09:48:23.572+0000] {dag.py:2915} INFO - Sync 1 DAGs
[2026-06-19T09:48:23.589+0000] {logging_mixin.py:151} INFO - [2026-06-19T09:48:23.589+0000] {dag.py:3696} INFO - Setting next_dagrun for daily_crypto_lstm_pipeline to 2026-06-19T00:02:00+00:00, run_after=2026-06-20T00:02:00+00:00
[2026-06-19T09:48:23.645+0000] {processor.py:179} INFO - Processing /opt/airflow/dags/binance_daily_dag.py took 2.207 seconds
[2026-06-19T09:48:55.068+0000] {processor.py:157} INFO - Started process (PID=4758) to work on /opt/airflow/dags/binance_daily_dag.py
[2026-06-19T09:48:55.069+0000] {processor.py:829} INFO - Processing file /opt/airflow/dags/binance_daily_dag.py for tasks to queue
[2026-06-19T09:48:55.070+0000] {logging_mixin.py:151} INFO - [2026-06-19T09:48:55.070+0000] {dagbag.py:539} INFO - Filling up the DagBag from /opt/airflow/dags/binance_daily_dag.py
[2026-06-19T09:48:57.103+0000] {processor.py:839} INFO - DAG(s) dict_keys(['daily_crypto_lstm_pipeline']) retrieved from /opt/airflow/dags/binance_daily_dag.py
[2026-06-19T09:48:57.123+0000] {logging_mixin.py:151} INFO - [2026-06-19T09:48:57.122+0000] {dag.py:2915} INFO - Sync 1 DAGs
[2026-06-19T09:48:57.141+0000] {logging_mixin.py:151} INFO - [2026-06-19T09:48:57.141+0000] {dag.py:3696} INFO - Setting next_dagrun for daily_crypto_lstm_pipeline to 2026-06-19T00:02:00+00:00, run_after=2026-06-20T00:02:00+00:00
[2026-06-19T09:48:57.198+0000] {processor.py:179} INFO - Processing /opt/airflow/dags/binance_daily_dag.py took 2.135 seconds
[2026-06-19T09:49:29.163+0000] {processor.py:157} INFO - Started process (PID=4791) to work on /opt/airflow/dags/binance_daily_dag.py
[2026-06-19T09:49:29.165+0000] {processor.py:829} INFO - Processing file /opt/airflow/dags/binance_daily_dag.py for tasks to queue
[2026-06-19T09:49:29.166+0000] {logging_mixin.py:151} INFO - [2026-06-19T09:49:29.166+0000] {dagbag.py:539} INFO - Filling up the DagBag from /opt/airflow/dags/binance_daily_dag.py
[2026-06-19T09:49:31.710+0000] {processor.py:839} INFO - DAG(s) dict_keys(['daily_crypto_lstm_pipeline']) retrieved from /opt/airflow/dags/binance_daily_dag.py
[2026-06-19T09:49:31.730+0000] {logging_mixin.py:151} INFO - [2026-06-19T09:49:31.730+0000] {dag.py:2915} INFO - Sync 1 DAGs
[2026-06-19T09:49:31.748+0000] {logging_mixin.py:151} INFO - [2026-06-19T09:49:31.747+0000] {dag.py:3696} INFO - Setting next_dagrun for daily_crypto_lstm_pipeline to 2026-06-19T00:02:00+00:00, run_after=2026-06-20T00:02:00+00:00
[2026-06-19T09:49:31.806+0000] {processor.py:179} INFO - Processing /opt/airflow/dags/binance_daily_dag.py took 2.647 seconds
[2026-06-19T09:50:03.249+0000] {processor.py:157} INFO - Started process (PID=4824) to work on /opt/airflow/dags/binance_daily_dag.py
[2026-06-19T09:50:03.251+0000] {processor.py:829} INFO - Processing file /opt/airflow/dags/binance_daily_dag.py for tasks to queue
[2026-06-19T09:50:03.252+0000] {logging_mixin.py:151} INFO - [2026-06-19T09:50:03.252+0000] {dagbag.py:539} INFO - Filling up the DagBag from /opt/airflow/dags/binance_daily_dag.py
[2026-06-19T09:50:06.372+0000] {processor.py:839} INFO - DAG(s) dict_keys(['daily_crypto_lstm_pipeline']) retrieved from /opt/airflow/dags/binance_daily_dag.py
[2026-06-19T09:50:06.401+0000] {logging_mixin.py:151} INFO - [2026-06-19T09:50:06.400+0000] {dag.py:2915} INFO - Sync 1 DAGs
[2026-06-19T09:50:06.424+0000] {logging_mixin.py:151} INFO - [2026-06-19T09:50:06.424+0000] {dag.py:3696} INFO - Setting next_dagrun for daily_crypto_lstm_pipeline to 2026-06-19T00:02:00+00:00, run_after=2026-06-20T00:02:00+00:00
[2026-06-19T09:50:06.445+0000] {processor.py:179} INFO - Processing /opt/airflow/dags/binance_daily_dag.py took 3.200 seconds
[2026-06-19T09:50:37.433+0000] {processor.py:157} INFO - Started process (PID=4857) to work on /opt/airflow/dags/binance_daily_dag.py
[2026-06-19T09:50:37.434+0000] {processor.py:829} INFO - Processing file /opt/airflow/dags/binance_daily_dag.py for tasks to queue
[2026-06-19T09:50:37.435+0000] {logging_mixin.py:151} INFO - [2026-06-19T09:50:37.435+0000] {dagbag.py:539} INFO - Filling up the DagBag from /opt/airflow/dags/binance_daily_dag.py
[2026-06-19T09:50:39.894+0000] {processor.py:839} INFO - DAG(s) dict_keys(['daily_crypto_lstm_pipeline']) retrieved from /opt/airflow/dags/binance_daily_dag.py
[2026-06-19T09:50:39.914+0000] {logging_mixin.py:151} INFO - [2026-06-19T09:50:39.913+0000] {dag.py:2915} INFO - Sync 1 DAGs
[2026-06-19T09:50:39.934+0000] {logging_mixin.py:151} INFO - [2026-06-19T09:50:39.933+0000] {dag.py:3696} INFO - Setting next_dagrun for daily_crypto_lstm_pipeline to 2026-06-19T00:02:00+00:00, run_after=2026-06-20T00:02:00+00:00
[2026-06-19T09:50:39.995+0000] {processor.py:179} INFO - Processing /opt/airflow/dags/binance_daily_dag.py took 2.566 seconds
[2026-06-19T09:51:11.893+0000] {processor.py:157} INFO - Started process (PID=4890) to work on /opt/airflow/dags/binance_daily_dag.py
[2026-06-19T09:51:11.895+0000] {processor.py:829} INFO - Processing file /opt/airflow/dags/binance_daily_dag.py for tasks to queue
[2026-06-19T09:51:11.897+0000] {logging_mixin.py:151} INFO - [2026-06-19T09:51:11.897+0000] {dagbag.py:539} INFO - Filling up the DagBag from /opt/airflow/dags/binance_daily_dag.py
[2026-06-19T09:51:14.925+0000] {processor.py:839} INFO - DAG(s) dict_keys(['daily_crypto_lstm_pipeline']) retrieved from /opt/airflow/dags/binance_daily_dag.py
[2026-06-19T09:51:14.948+0000] {logging_mixin.py:151} INFO - [2026-06-19T09:51:14.948+0000] {dag.py:2915} INFO - Sync 1 DAGs
[2026-06-19T09:51:14.968+0000] {logging_mixin.py:151} INFO - [2026-06-19T09:51:14.968+0000] {dag.py:3696} INFO - Setting next_dagrun for daily_crypto_lstm_pipeline to 2026-06-19T00:02:00+00:00, run_after=2026-06-20T00:02:00+00:00
[2026-06-19T09:51:15.027+0000] {processor.py:179} INFO - Processing /opt/airflow/dags/binance_daily_dag.py took 3.140 seconds
[2026-06-19T09:51:45.427+0000] {processor.py:157} INFO - Started process (PID=4924) to work on /opt/airflow/dags/binance_daily_dag.py
[2026-06-19T09:51:45.429+0000] {processor.py:829} INFO - Processing file /opt/airflow/dags/binance_daily_dag.py for tasks to queue
[2026-06-19T09:51:45.430+0000] {logging_mixin.py:151} INFO - [2026-06-19T09:51:45.430+0000] {dagbag.py:539} INFO - Filling up the DagBag from /opt/airflow/dags/binance_daily_dag.py
[2026-06-19T09:51:47.535+0000] {processor.py:839} INFO - DAG(s) dict_keys(['daily_crypto_lstm_pipeline']) retrieved from /opt/airflow/dags/binance_daily_dag.py
[2026-06-19T09:51:47.554+0000] {logging_mixin.py:151} INFO - [2026-06-19T09:51:47.553+0000] {dag.py:2915} INFO - Sync 1 DAGs
[2026-06-19T09:51:47.570+0000] {logging_mixin.py:151} INFO - [2026-06-19T09:51:47.570+0000] {dag.py:3696} INFO - Setting next_dagrun for daily_crypto_lstm_pipeline to 2026-06-19T00:02:00+00:00, run_after=2026-06-20T00:02:00+00:00
[2026-06-19T09:51:47.630+0000] {processor.py:179} INFO - Processing /opt/airflow/dags/binance_daily_dag.py took 2.206 seconds
[2026-06-19T09:52:18.242+0000] {processor.py:157} INFO - Started process (PID=4972) to work on /opt/airflow/dags/binance_daily_dag.py
[2026-06-19T09:52:18.243+0000] {processor.py:829} INFO - Processing file /opt/airflow/dags/binance_daily_dag.py for tasks to queue
[2026-06-19T09:52:18.244+0000] {logging_mixin.py:151} INFO - [2026-06-19T09:52:18.244+0000] {dagbag.py:539} INFO - Filling up the DagBag from /opt/airflow/dags/binance_daily_dag.py
[2026-06-19T09:52:20.553+0000] {processor.py:839} INFO - DAG(s) dict_keys(['daily_crypto_lstm_pipeline']) retrieved from /opt/airflow/dags/binance_daily_dag.py
[2026-06-19T09:52:20.575+0000] {logging_mixin.py:151} INFO - [2026-06-19T09:52:20.574+0000] {dag.py:2915} INFO - Sync 1 DAGs
[2026-06-19T09:52:20.595+0000] {logging_mixin.py:151} INFO - [2026-06-19T09:52:20.595+0000] {dag.py:3696} INFO - Setting next_dagrun for daily_crypto_lstm_pipeline to 2026-06-19T00:02:00+00:00, run_after=2026-06-20T00:02:00+00:00
[2026-06-19T09:52:20.616+0000] {processor.py:179} INFO - Processing /opt/airflow/dags/binance_daily_dag.py took 2.377 seconds
[2026-06-19T09:52:50.793+0000] {processor.py:157} INFO - Started process (PID=5002) to work on /opt/airflow/dags/binance_daily_dag.py
[2026-06-19T09:52:50.794+0000] {processor.py:829} INFO - Processing file /opt/airflow/dags/binance_daily_dag.py for tasks to queue
[2026-06-19T09:52:50.795+0000] {logging_mixin.py:151} INFO - [2026-06-19T09:52:50.795+0000] {dagbag.py:539} INFO - Filling up the DagBag from /opt/airflow/dags/binance_daily_dag.py
[2026-06-19T09:52:53.008+0000] {processor.py:839} INFO - DAG(s) dict_keys(['daily_crypto_lstm_pipeline']) retrieved from /opt/airflow/dags/binance_daily_dag.py
[2026-06-19T09:52:53.028+0000] {logging_mixin.py:151} INFO - [2026-06-19T09:52:53.028+0000] {dag.py:2915} INFO - Sync 1 DAGs
[2026-06-19T09:52:53.045+0000] {logging_mixin.py:151} INFO - [2026-06-19T09:52:53.045+0000] {dag.py:3696} INFO - Setting next_dagrun for daily_crypto_lstm_pipeline to 2026-06-19T00:02:00+00:00, run_after=2026-06-20T00:02:00+00:00
[2026-06-19T09:52:53.103+0000] {processor.py:179} INFO - Processing /opt/airflow/dags/binance_daily_dag.py took 2.313 seconds
[2026-06-19T09:53:25.158+0000] {processor.py:157} INFO - Started process (PID=5035) to work on /opt/airflow/dags/binance_daily_dag.py
[2026-06-19T09:53:25.160+0000] {processor.py:829} INFO - Processing file /opt/airflow/dags/binance_daily_dag.py for tasks to queue
[2026-06-19T09:53:25.162+0000] {logging_mixin.py:151} INFO - [2026-06-19T09:53:25.161+0000] {dagbag.py:539} INFO - Filling up the DagBag from /opt/airflow/dags/binance_daily_dag.py
[2026-06-19T09:53:27.476+0000] {processor.py:839} INFO - DAG(s) dict_keys(['daily_crypto_lstm_pipeline']) retrieved from /opt/airflow/dags/binance_daily_dag.py
[2026-06-19T09:53:27.499+0000] {logging_mixin.py:151} INFO - [2026-06-19T09:53:27.498+0000] {dag.py:2915} INFO - Sync 1 DAGs
[2026-06-19T09:53:27.530+0000] {logging_mixin.py:151} INFO - [2026-06-19T09:53:27.530+0000] {dag.py:3696} INFO - Setting next_dagrun for daily_crypto_lstm_pipeline to 2026-06-19T00:02:00+00:00, run_after=2026-06-20T00:02:00+00:00
[2026-06-19T09:53:27.553+0000] {processor.py:179} INFO - Processing /opt/airflow/dags/binance_daily_dag.py took 2.402 seconds
[2026-06-19T09:53:59.795+0000] {processor.py:157} INFO - Started process (PID=5068) to work on /opt/airflow/dags/binance_daily_dag.py
[2026-06-19T09:53:59.797+0000] {processor.py:829} INFO - Processing file /opt/airflow/dags/binance_daily_dag.py for tasks to queue
[2026-06-19T09:53:59.799+0000] {logging_mixin.py:151} INFO - [2026-06-19T09:53:59.798+0000] {dagbag.py:539} INFO - Filling up the DagBag from /opt/airflow/dags/binance_daily_dag.py
[2026-06-19T09:54:02.869+0000] {processor.py:839} INFO - DAG(s) dict_keys(['daily_crypto_lstm_pipeline']) retrieved from /opt/airflow/dags/binance_daily_dag.py
[2026-06-19T09:54:02.888+0000] {logging_mixin.py:151} INFO - [2026-06-19T09:54:02.887+0000] {dag.py:2915} INFO - Sync 1 DAGs
[2026-06-19T09:54:02.907+0000] {logging_mixin.py:151} INFO - [2026-06-19T09:54:02.907+0000] {dag.py:3696} INFO - Setting next_dagrun for daily_crypto_lstm_pipeline to 2026-06-19T00:02:00+00:00, run_after=2026-06-20T00:02:00+00:00
[2026-06-19T09:54:02.964+0000] {processor.py:179} INFO - Processing /opt/airflow/dags/binance_daily_dag.py took 3.175 seconds
[2026-06-19T09:54:33.868+0000] {processor.py:157} INFO - Started process (PID=5101) to work on /opt/airflow/dags/binance_daily_dag.py
[2026-06-19T09:54:33.870+0000] {processor.py:829} INFO - Processing file /opt/airflow/dags/binance_daily_dag.py for tasks to queue
[2026-06-19T09:54:33.871+0000] {logging_mixin.py:151} INFO - [2026-06-19T09:54:33.871+0000] {dagbag.py:539} INFO - Filling up the DagBag from /opt/airflow/dags/binance_daily_dag.py
[2026-06-19T09:54:36.898+0000] {processor.py:839} INFO - DAG(s) dict_keys(['daily_crypto_lstm_pipeline']) retrieved from /opt/airflow/dags/binance_daily_dag.py
[2026-06-19T09:54:36.920+0000] {logging_mixin.py:151} INFO - [2026-06-19T09:54:36.920+0000] {dag.py:2915} INFO - Sync 1 DAGs
[2026-06-19T09:54:36.937+0000] {logging_mixin.py:151} INFO - [2026-06-19T09:54:36.937+0000] {dag.py:3696} INFO - Setting next_dagrun for daily_crypto_lstm_pipeline to 2026-06-19T00:02:00+00:00, run_after=2026-06-20T00:02:00+00:00
[2026-06-19T09:54:36.955+0000] {processor.py:179} INFO - Processing /opt/airflow/dags/binance_daily_dag.py took 3.093 seconds
[2026-06-19T09:55:07.709+0000] {processor.py:157} INFO - Started process (PID=5135) to work on /opt/airflow/dags/binance_daily_dag.py
[2026-06-19T09:55:07.710+0000] {processor.py:829} INFO - Processing file /opt/airflow/dags/binance_daily_dag.py for tasks to queue
[2026-06-19T09:55:07.712+0000] {logging_mixin.py:151} INFO - [2026-06-19T09:55:07.711+0000] {dagbag.py:539} INFO - Filling up the DagBag from /opt/airflow/dags/binance_daily_dag.py
[2026-06-19T09:55:10.864+0000] {processor.py:839} INFO - DAG(s) dict_keys(['daily_crypto_lstm_pipeline']) retrieved from /opt/airflow/dags/binance_daily_dag.py
[2026-06-19T09:55:10.887+0000] {logging_mixin.py:151} INFO - [2026-06-19T09:55:10.887+0000] {dag.py:2915} INFO - Sync 1 DAGs
[2026-06-19T09:55:10.904+0000] {logging_mixin.py:151} INFO - [2026-06-19T09:55:10.904+0000] {dag.py:3696} INFO - Setting next_dagrun for daily_crypto_lstm_pipeline to 2026-06-19T00:02:00+00:00, run_after=2026-06-20T00:02:00+00:00
[2026-06-19T09:55:10.960+0000] {processor.py:179} INFO - Processing /opt/airflow/dags/binance_daily_dag.py took 3.256 seconds
[2026-06-19T09:55:41.861+0000] {processor.py:157} INFO - Started process (PID=5168) to work on /opt/airflow/dags/binance_daily_dag.py
[2026-06-19T09:55:41.863+0000] {processor.py:829} INFO - Processing file /opt/airflow/dags/binance_daily_dag.py for tasks to queue
[2026-06-19T09:55:41.864+0000] {logging_mixin.py:151} INFO - [2026-06-19T09:55:41.864+0000] {dagbag.py:539} INFO - Filling up the DagBag from /opt/airflow/dags/binance_daily_dag.py
[2026-06-19T09:55:44.243+0000] {processor.py:839} INFO - DAG(s) dict_keys(['daily_crypto_lstm_pipeline']) retrieved from /opt/airflow/dags/binance_daily_dag.py
[2026-06-19T09:55:44.266+0000] {logging_mixin.py:151} INFO - [2026-06-19T09:55:44.265+0000] {dag.py:2915} INFO - Sync 1 DAGs
[2026-06-19T09:55:44.286+0000] {logging_mixin.py:151} INFO - [2026-06-19T09:55:44.286+0000] {dag.py:3696} INFO - Setting next_dagrun for daily_crypto_lstm_pipeline to 2026-06-19T00:02:00+00:00, run_after=2026-06-20T00:02:00+00:00
[2026-06-19T09:55:44.322+0000] {processor.py:179} INFO - Processing /opt/airflow/dags/binance_daily_dag.py took 2.466 seconds
[2026-06-19T09:56:16.066+0000] {processor.py:157} INFO - Started process (PID=5201) to work on /opt/airflow/dags/binance_daily_dag.py
[2026-06-19T09:56:16.068+0000] {processor.py:829} INFO - Processing file /opt/airflow/dags/binance_daily_dag.py for tasks to queue
[2026-06-19T09:56:16.070+0000] {logging_mixin.py:151} INFO - [2026-06-19T09:56:16.069+0000] {dagbag.py:539} INFO - Filling up the DagBag from /opt/airflow/dags/binance_daily_dag.py
[2026-06-19T10:24:56.620+0000] {processor.py:157} INFO - Started process (PID=5244) to work on /opt/airflow/dags/binance_daily_dag.py
[2026-06-19T10:24:56.623+0000] {processor.py:829} INFO - Processing file /opt/airflow/dags/binance_daily_dag.py for tasks to queue
[2026-06-19T10:24:56.624+0000] {logging_mixin.py:151} INFO - [2026-06-19T10:24:56.624+0000] {dagbag.py:539} INFO - Filling up the DagBag from /opt/airflow/dags/binance_daily_dag.py
[2026-06-19T10:24:58.908+0000] {processor.py:839} INFO - DAG(s) dict_keys(['daily_crypto_lstm_pipeline']) retrieved from /opt/airflow/dags/binance_daily_dag.py
[2026-06-19T10:24:58.932+0000] {logging_mixin.py:151} INFO - [2026-06-19T10:24:58.932+0000] {dag.py:2915} INFO - Sync 1 DAGs
[2026-06-19T10:24:58.952+0000] {logging_mixin.py:151} INFO - [2026-06-19T10:24:58.952+0000] {dag.py:3696} INFO - Setting next_dagrun for daily_crypto_lstm_pipeline to 2026-06-19T00:02:00+00:00, run_after=2026-06-20T00:02:00+00:00
[2026-06-19T10:24:58.976+0000] {processor.py:179} INFO - Processing /opt/airflow/dags/binance_daily_dag.py took 2.359 seconds
[2026-06-19T10:25:29.310+0000] {processor.py:157} INFO - Started process (PID=5277) to work on /opt/airflow/dags/binance_daily_dag.py
[2026-06-19T10:25:29.311+0000] {processor.py:829} INFO - Processing file /opt/airflow/dags/binance_daily_dag.py for tasks to queue
[2026-06-19T10:25:29.312+0000] {logging_mixin.py:151} INFO - [2026-06-19T10:25:29.312+0000] {dagbag.py:539} INFO - Filling up the DagBag from /opt/airflow/dags/binance_daily_dag.py
[2026-06-19T10:25:31.763+0000] {processor.py:839} INFO - DAG(s) dict_keys(['daily_crypto_lstm_pipeline']) retrieved from /opt/airflow/dags/binance_daily_dag.py
[2026-06-19T10:25:31.782+0000] {logging_mixin.py:151} INFO - [2026-06-19T10:25:31.782+0000] {dag.py:2915} INFO - Sync 1 DAGs
[2026-06-19T10:25:31.798+0000] {logging_mixin.py:151} INFO - [2026-06-19T10:25:31.798+0000] {dag.py:3696} INFO - Setting next_dagrun for daily_crypto_lstm_pipeline to 2026-06-19T00:02:00+00:00, run_after=2026-06-20T00:02:00+00:00
[2026-06-19T10:25:31.825+0000] {processor.py:179} INFO - Processing /opt/airflow/dags/binance_daily_dag.py took 2.519 seconds
[2026-06-19T10:26:01.901+0000] {processor.py:157} INFO - Started process (PID=5310) to work on /opt/airflow/dags/binance_daily_dag.py
[2026-06-19T10:26:01.902+0000] {processor.py:829} INFO - Processing file /opt/airflow/dags/binance_daily_dag.py for tasks to queue
[2026-06-19T10:26:01.903+0000] {logging_mixin.py:151} INFO - [2026-06-19T10:26:01.903+0000] {dagbag.py:539} INFO - Filling up the DagBag from /opt/airflow/dags/binance_daily_dag.py
[2026-06-19T10:26:04.279+0000] {processor.py:839} INFO - DAG(s) dict_keys(['daily_crypto_lstm_pipeline']) retrieved from /opt/airflow/dags/binance_daily_dag.py
[2026-06-19T10:26:04.297+0000] {logging_mixin.py:151} INFO - [2026-06-19T10:26:04.296+0000] {dag.py:2915} INFO - Sync 1 DAGs
[2026-06-19T10:26:04.314+0000] {logging_mixin.py:151} INFO - [2026-06-19T10:26:04.314+0000] {dag.py:3696} INFO - Setting next_dagrun for daily_crypto_lstm_pipeline to 2026-06-19T00:02:00+00:00, run_after=2026-06-20T00:02:00+00:00
[2026-06-19T10:26:04.368+0000] {processor.py:179} INFO - Processing /opt/airflow/dags/binance_daily_dag.py took 2.471 seconds
[2026-06-19T10:26:34.627+0000] {processor.py:157} INFO - Started process (PID=5343) to work on /opt/airflow/dags/binance_daily_dag.py
[2026-06-19T10:26:34.628+0000] {processor.py:829} INFO - Processing file /opt/airflow/dags/binance_daily_dag.py for tasks to queue
[2026-06-19T10:26:34.629+0000] {logging_mixin.py:151} INFO - [2026-06-19T10:26:34.629+0000] {dagbag.py:539} INFO - Filling up the DagBag from /opt/airflow/dags/binance_daily_dag.py
[2026-06-19T10:26:36.885+0000] {processor.py:839} INFO - DAG(s) dict_keys(['daily_crypto_lstm_pipeline']) retrieved from /opt/airflow/dags/binance_daily_dag.py
[2026-06-19T10:26:36.906+0000] {logging_mixin.py:151} INFO - [2026-06-19T10:26:36.905+0000] {dag.py:2915} INFO - Sync 1 DAGs
[2026-06-19T10:26:36.923+0000] {logging_mixin.py:151} INFO - [2026-06-19T10:26:36.923+0000] {dag.py:3696} INFO - Setting next_dagrun for daily_crypto_lstm_pipeline to 2026-06-19T00:02:00+00:00, run_after=2026-06-20T00:02:00+00:00
[2026-06-19T10:26:36.939+0000] {processor.py:179} INFO - Processing /opt/airflow/dags/binance_daily_dag.py took 2.316 seconds
[2026-06-19T10:27:07.439+0000] {processor.py:157} INFO - Started process (PID=5376) to work on /opt/airflow/dags/binance_daily_dag.py
[2026-06-19T10:27:07.440+0000] {processor.py:829} INFO - Processing file /opt/airflow/dags/binance_daily_dag.py for tasks to queue
[2026-06-19T10:27:07.441+0000] {logging_mixin.py:151} INFO - [2026-06-19T10:27:07.441+0000] {dagbag.py:539} INFO - Filling up the DagBag from /opt/airflow/dags/binance_daily_dag.py
[2026-06-19T10:27:10.155+0000] {processor.py:839} INFO - DAG(s) dict_keys(['daily_crypto_lstm_pipeline']) retrieved from /opt/airflow/dags/binance_daily_dag.py
[2026-06-19T10:27:10.176+0000] {logging_mixin.py:151} INFO - [2026-06-19T10:27:10.175+0000] {dag.py:2915} INFO - Sync 1 DAGs
[2026-06-19T10:27:10.195+0000] {logging_mixin.py:151} INFO - [2026-06-19T10:27:10.195+0000] {dag.py:3696} INFO - Setting next_dagrun for daily_crypto_lstm_pipeline to 2026-06-19T00:02:00+00:00, run_after=2026-06-20T00:02:00+00:00
[2026-06-19T10:27:10.214+0000] {processor.py:179} INFO - Processing /opt/airflow/dags/binance_daily_dag.py took 2.777 seconds
[2026-06-19T10:27:41.969+0000] {processor.py:157} INFO - Started process (PID=5409) to work on /opt/airflow/dags/binance_daily_dag.py
[2026-06-19T10:27:41.971+0000] {processor.py:829} INFO - Processing file /opt/airflow/dags/binance_daily_dag.py for tasks to queue
[2026-06-19T10:27:41.973+0000] {logging_mixin.py:151} INFO - [2026-06-19T10:27:41.972+0000] {dagbag.py:539} INFO - Filling up the DagBag from /opt/airflow/dags/binance_daily_dag.py
[2026-06-19T10:27:45.500+0000] {processor.py:839} INFO - DAG(s) dict_keys(['daily_crypto_lstm_pipeline']) retrieved from /opt/airflow/dags/binance_daily_dag.py
[2026-06-19T10:27:45.526+0000] {logging_mixin.py:151} INFO - [2026-06-19T10:27:45.525+0000] {dag.py:2915} INFO - Sync 1 DAGs
[2026-06-19T10:27:45.548+0000] {logging_mixin.py:151} INFO - [2026-06-19T10:27:45.548+0000] {dag.py:3696} INFO - Setting next_dagrun for daily_crypto_lstm_pipeline to 2026-06-19T00:02:00+00:00, run_after=2026-06-20T00:02:00+00:00
[2026-06-19T10:27:45.567+0000] {processor.py:179} INFO - Processing /opt/airflow/dags/binance_daily_dag.py took 3.608 seconds
[2026-06-19T10:28:15.962+0000] {processor.py:157} INFO - Started process (PID=5442) to work on /opt/airflow/dags/binance_daily_dag.py
[2026-06-19T10:28:15.964+0000] {processor.py:829} INFO - Processing file /opt/airflow/dags/binance_daily_dag.py for tasks to queue
[2026-06-19T10:28:15.965+0000] {logging_mixin.py:151} INFO - [2026-06-19T10:28:15.965+0000] {dagbag.py:539} INFO - Filling up the DagBag from /opt/airflow/dags/binance_daily_dag.py
[2026-06-19T10:28:18.919+0000] {processor.py:839} INFO - DAG(s) dict_keys(['daily_crypto_lstm_pipeline']) retrieved from /opt/airflow/dags/binance_daily_dag.py
[2026-06-19T10:28:18.951+0000] {logging_mixin.py:151} INFO - [2026-06-19T10:28:18.950+0000] {dag.py:2915} INFO - Sync 1 DAGs
[2026-06-19T10:28:18.979+0000] {logging_mixin.py:151} INFO - [2026-06-19T10:28:18.978+0000] {dag.py:3696} INFO - Setting next_dagrun for daily_crypto_lstm_pipeline to 2026-06-19T00:02:00+00:00, run_after=2026-06-20T00:02:00+00:00
[2026-06-19T10:28:19.009+0000] {processor.py:179} INFO - Processing /opt/airflow/dags/binance_daily_dag.py took 3.050 seconds
[2026-06-19T10:28:49.380+0000] {processor.py:157} INFO - Started process (PID=5475) to work on /opt/airflow/dags/binance_daily_dag.py
[2026-06-19T10:28:49.385+0000] {processor.py:829} INFO - Processing file /opt/airflow/dags/binance_daily_dag.py for tasks to queue
[2026-06-19T10:28:49.385+0000] {logging_mixin.py:151} INFO - [2026-06-19T10:28:49.385+0000] {dagbag.py:539} INFO - Filling up the DagBag from /opt/airflow/dags/binance_daily_dag.py
[2026-06-19T10:28:51.928+0000] {processor.py:839} INFO - DAG(s) dict_keys(['daily_crypto_lstm_pipeline']) retrieved from /opt/airflow/dags/binance_daily_dag.py
[2026-06-19T10:28:51.958+0000] {logging_mixin.py:151} INFO - [2026-06-19T10:28:51.958+0000] {dag.py:2915} INFO - Sync 1 DAGs
[2026-06-19T10:28:51.983+0000] {logging_mixin.py:151} INFO - [2026-06-19T10:28:51.983+0000] {dag.py:3696} INFO - Setting next_dagrun for daily_crypto_lstm_pipeline to 2026-06-19T00:02:00+00:00, run_after=2026-06-20T00:02:00+00:00
[2026-06-19T10:28:52.008+0000] {processor.py:179} INFO - Processing /opt/airflow/dags/binance_daily_dag.py took 2.632 seconds
[2026-06-19T10:29:22.283+0000] {processor.py:157} INFO - Started process (PID=5508) to work on /opt/airflow/dags/binance_daily_dag.py
[2026-06-19T10:29:22.285+0000] {processor.py:829} INFO - Processing file /opt/airflow/dags/binance_daily_dag.py for tasks to queue
[2026-06-19T10:29:22.286+0000] {logging_mixin.py:151} INFO - [2026-06-19T10:29:22.286+0000] {dagbag.py:539} INFO - Filling up the DagBag from /opt/airflow/dags/binance_daily_dag.py
[2026-06-19T10:29:24.663+0000] {processor.py:839} INFO - DAG(s) dict_keys(['daily_crypto_lstm_pipeline']) retrieved from /opt/airflow/dags/binance_daily_dag.py
[2026-06-19T10:29:24.682+0000] {logging_mixin.py:151} INFO - [2026-06-19T10:29:24.682+0000] {dag.py:2915} INFO - Sync 1 DAGs
[2026-06-19T10:29:24.701+0000] {logging_mixin.py:151} INFO - [2026-06-19T10:29:24.701+0000] {dag.py:3696} INFO - Setting next_dagrun for daily_crypto_lstm_pipeline to 2026-06-19T00:02:00+00:00, run_after=2026-06-20T00:02:00+00:00
[2026-06-19T10:29:24.720+0000] {processor.py:179} INFO - Processing /opt/airflow/dags/binance_daily_dag.py took 2.441 seconds
[2026-06-19T10:29:55.413+0000] {processor.py:157} INFO - Started process (PID=5548) to work on /opt/airflow/dags/binance_daily_dag.py
[2026-06-19T10:29:55.415+0000] {processor.py:829} INFO - Processing file /opt/airflow/dags/binance_daily_dag.py for tasks to queue
[2026-06-19T10:29:55.415+0000] {logging_mixin.py:151} INFO - [2026-06-19T10:29:55.415+0000] {dagbag.py:539} INFO - Filling up the DagBag from /opt/airflow/dags/binance_daily_dag.py
[2026-06-19T10:29:57.632+0000] {processor.py:839} INFO - DAG(s) dict_keys(['daily_crypto_lstm_pipeline']) retrieved from /opt/airflow/dags/binance_daily_dag.py
[2026-06-19T10:29:57.657+0000] {logging_mixin.py:151} INFO - [2026-06-19T10:29:57.656+0000] {dag.py:2915} INFO - Sync 1 DAGs
[2026-06-19T10:29:57.678+0000] {logging_mixin.py:151} INFO - [2026-06-19T10:29:57.678+0000] {dag.py:3696} INFO - Setting next_dagrun for daily_crypto_lstm_pipeline to 2026-06-19T00:02:00+00:00, run_after=2026-06-20T00:02:00+00:00
[2026-06-19T10:29:57.738+0000] {processor.py:179} INFO - Processing /opt/airflow/dags/binance_daily_dag.py took 2.328 seconds
[2026-06-19T10:30:28.510+0000] {processor.py:157} INFO - Started process (PID=5581) to work on /opt/airflow/dags/binance_daily_dag.py
[2026-06-19T10:30:28.511+0000] {processor.py:829} INFO - Processing file /opt/airflow/dags/binance_daily_dag.py for tasks to queue
[2026-06-19T10:30:28.512+0000] {logging_mixin.py:151} INFO - [2026-06-19T10:30:28.512+0000] {dagbag.py:539} INFO - Filling up the DagBag from /opt/airflow/dags/binance_daily_dag.py
[2026-06-19T10:30:30.869+0000] {processor.py:839} INFO - DAG(s) dict_keys(['daily_crypto_lstm_pipeline']) retrieved from /opt/airflow/dags/binance_daily_dag.py
[2026-06-19T10:30:30.890+0000] {logging_mixin.py:151} INFO - [2026-06-19T10:30:30.889+0000] {dag.py:2915} INFO - Sync 1 DAGs
[2026-06-19T10:30:30.909+0000] {logging_mixin.py:151} INFO - [2026-06-19T10:30:30.909+0000] {dag.py:3696} INFO - Setting next_dagrun for daily_crypto_lstm_pipeline to 2026-06-19T00:02:00+00:00, run_after=2026-06-20T00:02:00+00:00
[2026-06-19T10:30:30.927+0000] {processor.py:179} INFO - Processing /opt/airflow/dags/binance_daily_dag.py took 2.420 seconds
[2026-06-19T10:31:01.608+0000] {processor.py:157} INFO - Started process (PID=5614) to work on /opt/airflow/dags/binance_daily_dag.py
[2026-06-19T10:31:01.610+0000] {processor.py:829} INFO - Processing file /opt/airflow/dags/binance_daily_dag.py for tasks to queue
[2026-06-19T10:31:01.612+0000] {logging_mixin.py:151} INFO - [2026-06-19T10:31:01.611+0000] {dagbag.py:539} INFO - Filling up the DagBag from /opt/airflow/dags/binance_daily_dag.py
[2026-06-19T10:31:03.886+0000] {processor.py:839} INFO - DAG(s) dict_keys(['daily_crypto_lstm_pipeline']) retrieved from /opt/airflow/dags/binance_daily_dag.py
[2026-06-19T10:31:03.906+0000] {logging_mixin.py:151} INFO - [2026-06-19T10:31:03.906+0000] {dag.py:2915} INFO - Sync 1 DAGs
[2026-06-19T10:31:03.926+0000] {logging_mixin.py:151} INFO - [2026-06-19T10:31:03.926+0000] {dag.py:3696} INFO - Setting next_dagrun for daily_crypto_lstm_pipeline to 2026-06-19T00:02:00+00:00, run_after=2026-06-20T00:02:00+00:00
[2026-06-19T10:31:03.942+0000] {processor.py:179} INFO - Processing /opt/airflow/dags/binance_daily_dag.py took 2.342 seconds
[2026-06-19T10:31:34.124+0000] {processor.py:157} INFO - Started process (PID=5647) to work on /opt/airflow/dags/binance_daily_dag.py
[2026-06-19T10:31:34.125+0000] {processor.py:829} INFO - Processing file /opt/airflow/dags/binance_daily_dag.py for tasks to queue
[2026-06-19T10:31:34.126+0000] {logging_mixin.py:151} INFO - [2026-06-19T10:31:34.125+0000] {dagbag.py:539} INFO - Filling up the DagBag from /opt/airflow/dags/binance_daily_dag.py
[2026-06-19T10:31:36.450+0000] {processor.py:839} INFO - DAG(s) dict_keys(['daily_crypto_lstm_pipeline']) retrieved from /opt/airflow/dags/binance_daily_dag.py
[2026-06-19T10:31:36.469+0000] {logging_mixin.py:151} INFO - [2026-06-19T10:31:36.468+0000] {dag.py:2915} INFO - Sync 1 DAGs
[2026-06-19T10:31:36.485+0000] {logging_mixin.py:151} INFO - [2026-06-19T10:31:36.485+0000] {dag.py:3696} INFO - Setting next_dagrun for daily_crypto_lstm_pipeline to 2026-06-19T00:02:00+00:00, run_after=2026-06-20T00:02:00+00:00
[2026-06-19T10:31:36.503+0000] {processor.py:179} INFO - Processing /opt/airflow/dags/binance_daily_dag.py took 2.383 seconds
[2026-06-19T10:32:06.963+0000] {processor.py:157} INFO - Started process (PID=5680) to work on /opt/airflow/dags/binance_daily_dag.py
[2026-06-19T10:32:06.964+0000] {processor.py:829} INFO - Processing file /opt/airflow/dags/binance_daily_dag.py for tasks to queue
[2026-06-19T10:32:06.965+0000] {logging_mixin.py:151} INFO - [2026-06-19T10:32:06.965+0000] {dagbag.py:539} INFO - Filling up the DagBag from /opt/airflow/dags/binance_daily_dag.py
[2026-06-19T10:32:09.582+0000] {processor.py:839} INFO - DAG(s) dict_keys(['daily_crypto_lstm_pipeline']) retrieved from /opt/airflow/dags/binance_daily_dag.py
[2026-06-19T10:32:09.612+0000] {logging_mixin.py:151} INFO - [2026-06-19T10:32:09.611+0000] {dag.py:2915} INFO - Sync 1 DAGs
[2026-06-19T10:32:09.637+0000] {logging_mixin.py:151} INFO - [2026-06-19T10:32:09.637+0000] {dag.py:3696} INFO - Setting next_dagrun for daily_crypto_lstm_pipeline to 2026-06-19T00:02:00+00:00, run_after=2026-06-20T00:02:00+00:00
[2026-06-19T10:32:09.701+0000] {processor.py:179} INFO - Processing /opt/airflow/dags/binance_daily_dag.py took 2.744 seconds
[2026-06-19T10:32:39.818+0000] {processor.py:157} INFO - Started process (PID=5713) to work on /opt/airflow/dags/binance_daily_dag.py
[2026-06-19T10:32:39.819+0000] {processor.py:829} INFO - Processing file /opt/airflow/dags/binance_daily_dag.py for tasks to queue
[2026-06-19T10:32:39.820+0000] {logging_mixin.py:151} INFO - [2026-06-19T10:32:39.820+0000] {dagbag.py:539} INFO - Filling up the DagBag from /opt/airflow/dags/binance_daily_dag.py
[2026-06-19T10:32:42.136+0000] {processor.py:839} INFO - DAG(s) dict_keys(['daily_crypto_lstm_pipeline']) retrieved from /opt/airflow/dags/binance_daily_dag.py
[2026-06-19T10:32:42.159+0000] {logging_mixin.py:151} INFO - [2026-06-19T10:32:42.159+0000] {dag.py:2915} INFO - Sync 1 DAGs
[2026-06-19T10:32:42.179+0000] {logging_mixin.py:151} INFO - [2026-06-19T10:32:42.178+0000] {dag.py:3696} INFO - Setting next_dagrun for daily_crypto_lstm_pipeline to 2026-06-19T00:02:00+00:00, run_after=2026-06-20T00:02:00+00:00
[2026-06-19T10:32:42.235+0000] {processor.py:179} INFO - Processing /opt/airflow/dags/binance_daily_dag.py took 2.421 seconds
[2026-06-19T10:33:12.584+0000] {processor.py:157} INFO - Started process (PID=5746) to work on /opt/airflow/dags/binance_daily_dag.py
[2026-06-19T10:33:12.585+0000] {processor.py:829} INFO - Processing file /opt/airflow/dags/binance_daily_dag.py for tasks to queue
[2026-06-19T10:33:12.586+0000] {logging_mixin.py:151} INFO - [2026-06-19T10:33:12.586+0000] {dagbag.py:539} INFO - Filling up the DagBag from /opt/airflow/dags/binance_daily_dag.py
[2026-06-19T10:33:14.997+0000] {processor.py:839} INFO - DAG(s) dict_keys(['daily_crypto_lstm_pipeline']) retrieved from /opt/airflow/dags/binance_daily_dag.py
[2026-06-19T10:33:15.021+0000] {logging_mixin.py:151} INFO - [2026-06-19T10:33:15.021+0000] {dag.py:2915} INFO - Sync 1 DAGs
[2026-06-19T10:33:15.039+0000] {logging_mixin.py:151} INFO - [2026-06-19T10:33:15.039+0000] {dag.py:3696} INFO - Setting next_dagrun for daily_crypto_lstm_pipeline to 2026-06-19T00:02:00+00:00, run_after=2026-06-20T00:02:00+00:00
[2026-06-19T10:33:15.057+0000] {processor.py:179} INFO - Processing /opt/airflow/dags/binance_daily_dag.py took 2.476 seconds
[2026-06-19T10:33:45.400+0000] {processor.py:157} INFO - Started process (PID=5779) to work on /opt/airflow/dags/binance_daily_dag.py
[2026-06-19T10:33:45.402+0000] {processor.py:829} INFO - Processing file /opt/airflow/dags/binance_daily_dag.py for tasks to queue
[2026-06-19T10:33:45.404+0000] {logging_mixin.py:151} INFO - [2026-06-19T10:33:45.403+0000] {dagbag.py:539} INFO - Filling up the DagBag from /opt/airflow/dags/binance_daily_dag.py
[2026-06-19T10:33:47.695+0000] {processor.py:839} INFO - DAG(s) dict_keys(['daily_crypto_lstm_pipeline']) retrieved from /opt/airflow/dags/binance_daily_dag.py
[2026-06-19T10:33:47.718+0000] {logging_mixin.py:151} INFO - [2026-06-19T10:33:47.717+0000] {dag.py:2915} INFO - Sync 1 DAGs
[2026-06-19T10:33:47.738+0000] {logging_mixin.py:151} INFO - [2026-06-19T10:33:47.738+0000] {dag.py:3696} INFO - Setting next_dagrun for daily_crypto_lstm_pipeline to 2026-06-19T00:02:00+00:00, run_after=2026-06-20T00:02:00+00:00
[2026-06-19T10:33:47.758+0000] {processor.py:179} INFO - Processing /opt/airflow/dags/binance_daily_dag.py took 2.366 seconds
[2026-06-19T10:34:18.642+0000] {processor.py:157} INFO - Started process (PID=5812) to work on /opt/airflow/dags/binance_daily_dag.py
[2026-06-19T10:34:18.643+0000] {processor.py:829} INFO - Processing file /opt/airflow/dags/binance_daily_dag.py for tasks to queue
[2026-06-19T10:34:18.644+0000] {logging_mixin.py:151} INFO - [2026-06-19T10:34:18.644+0000] {dagbag.py:539} INFO - Filling up the DagBag from /opt/airflow/dags/binance_daily_dag.py
[2026-06-19T10:34:20.920+0000] {processor.py:839} INFO - DAG(s) dict_keys(['daily_crypto_lstm_pipeline']) retrieved from /opt/airflow/dags/binance_daily_dag.py
[2026-06-19T10:34:20.942+0000] {logging_mixin.py:151} INFO - [2026-06-19T10:34:20.942+0000] {dag.py:2915} INFO - Sync 1 DAGs
[2026-06-19T10:34:20.964+0000] {logging_mixin.py:151} INFO - [2026-06-19T10:34:20.964+0000] {dag.py:3696} INFO - Setting next_dagrun for daily_crypto_lstm_pipeline to 2026-06-19T00:02:00+00:00, run_after=2026-06-20T00:02:00+00:00
[2026-06-19T10:34:20.985+0000] {processor.py:179} INFO - Processing /opt/airflow/dags/binance_daily_dag.py took 2.345 seconds
[2026-06-19T10:34:51.484+0000] {processor.py:157} INFO - Started process (PID=5845) to work on /opt/airflow/dags/binance_daily_dag.py
[2026-06-19T10:34:51.486+0000] {processor.py:829} INFO - Processing file /opt/airflow/dags/binance_daily_dag.py for tasks to queue
[2026-06-19T10:34:51.487+0000] {logging_mixin.py:151} INFO - [2026-06-19T10:34:51.486+0000] {dagbag.py:539} INFO - Filling up the DagBag from /opt/airflow/dags/binance_daily_dag.py
[2026-06-19T10:34:53.857+0000] {processor.py:839} INFO - DAG(s) dict_keys(['daily_crypto_lstm_pipeline']) retrieved from /opt/airflow/dags/binance_daily_dag.py
[2026-06-19T10:34:53.876+0000] {logging_mixin.py:151} INFO - [2026-06-19T10:34:53.875+0000] {dag.py:2915} INFO - Sync 1 DAGs
[2026-06-19T10:34:53.892+0000] {logging_mixin.py:151} INFO - [2026-06-19T10:34:53.892+0000] {dag.py:3696} INFO - Setting next_dagrun for daily_crypto_lstm_pipeline to 2026-06-19T00:02:00+00:00, run_after=2026-06-20T00:02:00+00:00
[2026-06-19T10:34:53.947+0000] {processor.py:179} INFO - Processing /opt/airflow/dags/binance_daily_dag.py took 2.466 seconds
[2026-06-19T10:35:24.339+0000] {processor.py:157} INFO - Started process (PID=5878) to work on /opt/airflow/dags/binance_daily_dag.py
[2026-06-19T10:35:24.340+0000] {processor.py:829} INFO - Processing file /opt/airflow/dags/binance_daily_dag.py for tasks to queue
[2026-06-19T10:35:24.341+0000] {logging_mixin.py:151} INFO - [2026-06-19T10:35:24.341+0000] {dagbag.py:539} INFO - Filling up the DagBag from /opt/airflow/dags/binance_daily_dag.py
[2026-06-19T10:35:26.672+0000] {processor.py:839} INFO - DAG(s) dict_keys(['daily_crypto_lstm_pipeline']) retrieved from /opt/airflow/dags/binance_daily_dag.py
[2026-06-19T10:35:26.694+0000] {logging_mixin.py:151} INFO - [2026-06-19T10:35:26.694+0000] {dag.py:2915} INFO - Sync 1 DAGs
[2026-06-19T10:35:26.713+0000] {logging_mixin.py:151} INFO - [2026-06-19T10:35:26.713+0000] {dag.py:3696} INFO - Setting next_dagrun for daily_crypto_lstm_pipeline to 2026-06-19T00:02:00+00:00, run_after=2026-06-20T00:02:00+00:00
[2026-06-19T10:35:26.771+0000] {processor.py:179} INFO - Processing /opt/airflow/dags/binance_daily_dag.py took 2.435 seconds
[2026-06-19T10:35:57.271+0000] {processor.py:157} INFO - Started process (PID=5918) to work on /opt/airflow/dags/binance_daily_dag.py
[2026-06-19T10:35:57.272+0000] {processor.py:829} INFO - Processing file /opt/airflow/dags/binance_daily_dag.py for tasks to queue
[2026-06-19T10:35:57.273+0000] {logging_mixin.py:151} INFO - [2026-06-19T10:35:57.273+0000] {dagbag.py:539} INFO - Filling up the DagBag from /opt/airflow/dags/binance_daily_dag.py
[2026-06-19T10:35:59.409+0000] {processor.py:839} INFO - DAG(s) dict_keys(['daily_crypto_lstm_pipeline']) retrieved from /opt/airflow/dags/binance_daily_dag.py
[2026-06-19T10:35:59.429+0000] {logging_mixin.py:151} INFO - [2026-06-19T10:35:59.429+0000] {dag.py:2915} INFO - Sync 1 DAGs
[2026-06-19T10:35:59.447+0000] {logging_mixin.py:151} INFO - [2026-06-19T10:35:59.447+0000] {dag.py:3696} INFO - Setting next_dagrun for daily_crypto_lstm_pipeline to 2026-06-19T00:02:00+00:00, run_after=2026-06-20T00:02:00+00:00
[2026-06-19T10:35:59.467+0000] {processor.py:179} INFO - Processing /opt/airflow/dags/binance_daily_dag.py took 2.200 seconds
[2026-06-19T10:36:29.986+0000] {processor.py:157} INFO - Started process (PID=5951) to work on /opt/airflow/dags/binance_daily_dag.py
[2026-06-19T10:36:29.988+0000] {processor.py:829} INFO - Processing file /opt/airflow/dags/binance_daily_dag.py for tasks to queue
[2026-06-19T10:36:29.989+0000] {logging_mixin.py:151} INFO - [2026-06-19T10:36:29.989+0000] {dagbag.py:539} INFO - Filling up the DagBag from /opt/airflow/dags/binance_daily_dag.py
[2026-06-19T10:36:32.290+0000] {processor.py:839} INFO - DAG(s) dict_keys(['daily_crypto_lstm_pipeline']) retrieved from /opt/airflow/dags/binance_daily_dag.py
[2026-06-19T10:36:32.318+0000] {logging_mixin.py:151} INFO - [2026-06-19T10:36:32.318+0000] {dag.py:2915} INFO - Sync 1 DAGs
[2026-06-19T10:36:32.343+0000] {logging_mixin.py:151} INFO - [2026-06-19T10:36:32.342+0000] {dag.py:3696} INFO - Setting next_dagrun for daily_crypto_lstm_pipeline to 2026-06-19T00:02:00+00:00, run_after=2026-06-20T00:02:00+00:00
[2026-06-19T10:36:32.404+0000] {processor.py:179} INFO - Processing /opt/airflow/dags/binance_daily_dag.py took 2.423 seconds
[2026-06-19T10:37:02.800+0000] {processor.py:157} INFO - Started process (PID=5984) to work on /opt/airflow/dags/binance_daily_dag.py
[2026-06-19T10:37:02.802+0000] {processor.py:829} INFO - Processing file /opt/airflow/dags/binance_daily_dag.py for tasks to queue
[2026-06-19T10:37:02.803+0000] {logging_mixin.py:151} INFO - [2026-06-19T10:37:02.803+0000] {dagbag.py:539} INFO - Filling up the DagBag from /opt/airflow/dags/binance_daily_dag.py
[2026-06-19T10:37:05.024+0000] {processor.py:839} INFO - DAG(s) dict_keys(['daily_crypto_lstm_pipeline']) retrieved from /opt/airflow/dags/binance_daily_dag.py
[2026-06-19T10:37:05.047+0000] {logging_mixin.py:151} INFO - [2026-06-19T10:37:05.046+0000] {dag.py:2915} INFO - Sync 1 DAGs
[2026-06-19T10:37:05.064+0000] {logging_mixin.py:151} INFO - [2026-06-19T10:37:05.064+0000] {dag.py:3696} INFO - Setting next_dagrun for daily_crypto_lstm_pipeline to 2026-06-19T00:02:00+00:00, run_after=2026-06-20T00:02:00+00:00
[2026-06-19T10:37:05.081+0000] {processor.py:179} INFO - Processing /opt/airflow/dags/binance_daily_dag.py took 2.285 seconds
[2026-06-19T10:37:35.567+0000] {processor.py:157} INFO - Started process (PID=6017) to work on /opt/airflow/dags/binance_daily_dag.py
[2026-06-19T10:37:35.568+0000] {processor.py:829} INFO - Processing file /opt/airflow/dags/binance_daily_dag.py for tasks to queue
[2026-06-19T10:37:35.568+0000] {logging_mixin.py:151} INFO - [2026-06-19T10:37:35.568+0000] {dagbag.py:539} INFO - Filling up the DagBag from /opt/airflow/dags/binance_daily_dag.py
[2026-06-19T10:37:37.722+0000] {processor.py:839} INFO - DAG(s) dict_keys(['daily_crypto_lstm_pipeline']) retrieved from /opt/airflow/dags/binance_daily_dag.py
[2026-06-19T10:37:37.742+0000] {logging_mixin.py:151} INFO - [2026-06-19T10:37:37.742+0000] {dag.py:2915} INFO - Sync 1 DAGs
[2026-06-19T10:37:37.763+0000] {logging_mixin.py:151} INFO - [2026-06-19T10:37:37.762+0000] {dag.py:3696} INFO - Setting next_dagrun for daily_crypto_lstm_pipeline to 2026-06-19T00:02:00+00:00, run_after=2026-06-20T00:02:00+00:00
[2026-06-19T10:37:37.817+0000] {processor.py:179} INFO - Processing /opt/airflow/dags/binance_daily_dag.py took 2.254 seconds
[2026-06-19T10:38:08.440+0000] {processor.py:157} INFO - Started process (PID=6050) to work on /opt/airflow/dags/binance_daily_dag.py
[2026-06-19T10:38:08.443+0000] {processor.py:829} INFO - Processing file /opt/airflow/dags/binance_daily_dag.py for tasks to queue
[2026-06-19T10:38:08.444+0000] {logging_mixin.py:151} INFO - [2026-06-19T10:38:08.444+0000] {dagbag.py:539} INFO - Filling up the DagBag from /opt/airflow/dags/binance_daily_dag.py
[2026-06-19T10:38:10.668+0000] {processor.py:839} INFO - DAG(s) dict_keys(['daily_crypto_lstm_pipeline']) retrieved from /opt/airflow/dags/binance_daily_dag.py
[2026-06-19T10:38:10.696+0000] {logging_mixin.py:151} INFO - [2026-06-19T10:38:10.695+0000] {dag.py:2915} INFO - Sync 1 DAGs
[2026-06-19T10:38:10.716+0000] {logging_mixin.py:151} INFO - [2026-06-19T10:38:10.716+0000] {dag.py:3696} INFO - Setting next_dagrun for daily_crypto_lstm_pipeline to 2026-06-19T00:02:00+00:00, run_after=2026-06-20T00:02:00+00:00
[2026-06-19T10:38:10.733+0000] {processor.py:179} INFO - Processing /opt/airflow/dags/binance_daily_dag.py took 2.296 seconds
[2026-06-19T10:38:41.033+0000] {processor.py:157} INFO - Started process (PID=6083) to work on /opt/airflow/dags/binance_daily_dag.py
[2026-06-19T10:38:41.034+0000] {processor.py:829} INFO - Processing file /opt/airflow/dags/binance_daily_dag.py for tasks to queue
[2026-06-19T10:38:41.035+0000] {logging_mixin.py:151} INFO - [2026-06-19T10:38:41.034+0000] {dagbag.py:539} INFO - Filling up the DagBag from /opt/airflow/dags/binance_daily_dag.py
[2026-06-19T10:38:43.261+0000] {processor.py:839} INFO - DAG(s) dict_keys(['daily_crypto_lstm_pipeline']) retrieved from /opt/airflow/dags/binance_daily_dag.py
[2026-06-19T10:38:43.280+0000] {logging_mixin.py:151} INFO - [2026-06-19T10:38:43.280+0000] {dag.py:2915} INFO - Sync 1 DAGs
[2026-06-19T10:38:43.296+0000] {logging_mixin.py:151} INFO - [2026-06-19T10:38:43.296+0000] {dag.py:3696} INFO - Setting next_dagrun for daily_crypto_lstm_pipeline to 2026-06-19T00:02:00+00:00, run_after=2026-06-20T00:02:00+00:00
[2026-06-19T10:38:43.353+0000] {processor.py:179} INFO - Processing /opt/airflow/dags/binance_daily_dag.py took 2.323 seconds
[2026-06-19T10:39:14.670+0000] {processor.py:157} INFO - Started process (PID=6116) to work on /opt/airflow/dags/binance_daily_dag.py
[2026-06-19T10:39:14.752+0000] {processor.py:829} INFO - Processing file /opt/airflow/dags/binance_daily_dag.py for tasks to queue
[2026-06-19T10:39:14.772+0000] {logging_mixin.py:151} INFO - [2026-06-19T10:39:14.771+0000] {dagbag.py:539} INFO - Filling up the DagBag from /opt/airflow/dags/binance_daily_dag.py
[2026-06-19T10:39:26.484+0000] {processor.py:839} INFO - DAG(s) dict_keys(['daily_crypto_lstm_pipeline']) retrieved from /opt/airflow/dags/binance_daily_dag.py
[2026-06-19T10:39:26.532+0000] {logging_mixin.py:151} INFO - [2026-06-19T10:39:26.530+0000] {dag.py:2915} INFO - Sync 1 DAGs
[2026-06-19T10:39:26.585+0000] {logging_mixin.py:151} INFO - [2026-06-19T10:39:26.585+0000] {dag.py:3696} INFO - Setting next_dagrun for daily_crypto_lstm_pipeline to 2026-06-19T00:02:00+00:00, run_after=2026-06-20T00:02:00+00:00
[2026-06-19T10:39:26.638+0000] {processor.py:179} INFO - Processing /opt/airflow/dags/binance_daily_dag.py took 11.990 seconds
[2026-06-19T10:39:57.106+0000] {processor.py:157} INFO - Started process (PID=6156) to work on /opt/airflow/dags/binance_daily_dag.py
[2026-06-19T10:39:57.107+0000] {processor.py:829} INFO - Processing file /opt/airflow/dags/binance_daily_dag.py for tasks to queue
[2026-06-19T10:39:57.108+0000] {logging_mixin.py:151} INFO - [2026-06-19T10:39:57.108+0000] {dagbag.py:539} INFO - Filling up the DagBag from /opt/airflow/dags/binance_daily_dag.py
[2026-06-19T10:40:01.688+0000] {processor.py:839} INFO - DAG(s) dict_keys(['daily_crypto_lstm_pipeline']) retrieved from /opt/airflow/dags/binance_daily_dag.py
[2026-06-19T10:40:01.825+0000] {logging_mixin.py:151} INFO - [2026-06-19T10:40:01.821+0000] {dag.py:2915} INFO - Sync 1 DAGs
[2026-06-19T10:40:01.921+0000] {logging_mixin.py:151} INFO - [2026-06-19T10:40:01.921+0000] {dag.py:3696} INFO - Setting next_dagrun for daily_crypto_lstm_pipeline to 2026-06-19T00:02:00+00:00, run_after=2026-06-20T00:02:00+00:00
[2026-06-19T10:40:01.966+0000] {processor.py:179} INFO - Processing /opt/airflow/dags/binance_daily_dag.py took 4.868 seconds
[2026-06-19T10:40:32.389+0000] {processor.py:157} INFO - Started process (PID=6189) to work on /opt/airflow/dags/binance_daily_dag.py
[2026-06-19T10:40:32.391+0000] {processor.py:829} INFO - Processing file /opt/airflow/dags/binance_daily_dag.py for tasks to queue
[2026-06-19T10:40:32.392+0000] {logging_mixin.py:151} INFO - [2026-06-19T10:40:32.391+0000] {dagbag.py:539} INFO - Filling up the DagBag from /opt/airflow/dags/binance_daily_dag.py
[2026-06-19T10:40:34.720+0000] {processor.py:839} INFO - DAG(s) dict_keys(['daily_crypto_lstm_pipeline']) retrieved from /opt/airflow/dags/binance_daily_dag.py
[2026-06-19T10:40:34.745+0000] {logging_mixin.py:151} INFO - [2026-06-19T10:40:34.745+0000] {dag.py:2915} INFO - Sync 1 DAGs
[2026-06-19T10:40:34.768+0000] {logging_mixin.py:151} INFO - [2026-06-19T10:40:34.768+0000] {dag.py:3696} INFO - Setting next_dagrun for daily_crypto_lstm_pipeline to 2026-06-19T00:02:00+00:00, run_after=2026-06-20T00:02:00+00:00
[2026-06-19T10:40:34.795+0000] {processor.py:179} INFO - Processing /opt/airflow/dags/binance_daily_dag.py took 2.410 seconds
[2026-06-19T10:41:04.918+0000] {processor.py:157} INFO - Started process (PID=6227) to work on /opt/airflow/dags/binance_daily_dag.py
[2026-06-19T10:41:04.920+0000] {processor.py:829} INFO - Processing file /opt/airflow/dags/binance_daily_dag.py for tasks to queue
[2026-06-19T10:41:04.922+0000] {logging_mixin.py:151} INFO - [2026-06-19T10:41:04.921+0000] {dagbag.py:539} INFO - Filling up the DagBag from /opt/airflow/dags/binance_daily_dag.py
[2026-06-19T10:41:07.412+0000] {processor.py:839} INFO - DAG(s) dict_keys(['daily_crypto_lstm_pipeline']) retrieved from /opt/airflow/dags/binance_daily_dag.py
[2026-06-19T10:41:07.441+0000] {logging_mixin.py:151} INFO - [2026-06-19T10:41:07.440+0000] {dag.py:2915} INFO - Sync 1 DAGs
[2026-06-19T10:41:07.464+0000] {logging_mixin.py:151} INFO - [2026-06-19T10:41:07.464+0000] {dag.py:3696} INFO - Setting next_dagrun for daily_crypto_lstm_pipeline to 2026-06-19T00:02:00+00:00, run_after=2026-06-20T00:02:00+00:00
[2026-06-19T10:41:07.521+0000] {processor.py:179} INFO - Processing /opt/airflow/dags/binance_daily_dag.py took 2.608 seconds
[2026-06-19T10:41:38.229+0000] {processor.py:157} INFO - Started process (PID=6260) to work on /opt/airflow/dags/binance_daily_dag.py
[2026-06-19T10:41:38.239+0000] {processor.py:829} INFO - Processing file /opt/airflow/dags/binance_daily_dag.py for tasks to queue
[2026-06-19T10:41:38.241+0000] {logging_mixin.py:151} INFO - [2026-06-19T10:41:38.240+0000] {dagbag.py:539} INFO - Filling up the DagBag from /opt/airflow/dags/binance_daily_dag.py
[2026-06-19T10:41:40.649+0000] {processor.py:839} INFO - DAG(s) dict_keys(['daily_crypto_lstm_pipeline']) retrieved from /opt/airflow/dags/binance_daily_dag.py
[2026-06-19T10:41:40.669+0000] {logging_mixin.py:151} INFO - [2026-06-19T10:41:40.669+0000] {dag.py:2915} INFO - Sync 1 DAGs
[2026-06-19T10:41:40.687+0000] {logging_mixin.py:151} INFO - [2026-06-19T10:41:40.686+0000] {dag.py:3696} INFO - Setting next_dagrun for daily_crypto_lstm_pipeline to 2026-06-19T00:02:00+00:00, run_after=2026-06-20T00:02:00+00:00
[2026-06-19T10:41:40.747+0000] {processor.py:179} INFO - Processing /opt/airflow/dags/binance_daily_dag.py took 2.523 seconds
[2026-06-19T10:42:11.540+0000] {processor.py:157} INFO - Started process (PID=6293) to work on /opt/airflow/dags/binance_daily_dag.py
[2026-06-19T10:42:11.541+0000] {processor.py:829} INFO - Processing file /opt/airflow/dags/binance_daily_dag.py for tasks to queue
[2026-06-19T10:42:11.542+0000] {logging_mixin.py:151} INFO - [2026-06-19T10:42:11.542+0000] {dagbag.py:539} INFO - Filling up the DagBag from /opt/airflow/dags/binance_daily_dag.py
[2026-06-19T10:42:14.273+0000] {processor.py:839} INFO - DAG(s) dict_keys(['daily_crypto_lstm_pipeline']) retrieved from /opt/airflow/dags/binance_daily_dag.py
[2026-06-19T10:42:14.297+0000] {logging_mixin.py:151} INFO - [2026-06-19T10:42:14.297+0000] {dag.py:2915} INFO - Sync 1 DAGs
[2026-06-19T10:42:14.320+0000] {logging_mixin.py:151} INFO - [2026-06-19T10:42:14.320+0000] {dag.py:3696} INFO - Setting next_dagrun for daily_crypto_lstm_pipeline to 2026-06-19T00:02:00+00:00, run_after=2026-06-20T00:02:00+00:00
[2026-06-19T10:42:14.381+0000] {processor.py:179} INFO - Processing /opt/airflow/dags/binance_daily_dag.py took 2.844 seconds
[2026-06-19T10:42:44.849+0000] {processor.py:157} INFO - Started process (PID=6327) to work on /opt/airflow/dags/binance_daily_dag.py
[2026-06-19T10:42:44.851+0000] {processor.py:829} INFO - Processing file /opt/airflow/dags/binance_daily_dag.py for tasks to queue
[2026-06-19T10:42:44.852+0000] {logging_mixin.py:151} INFO - [2026-06-19T10:42:44.852+0000] {dagbag.py:539} INFO - Filling up the DagBag from /opt/airflow/dags/binance_daily_dag.py
[2026-06-19T10:42:47.393+0000] {processor.py:839} INFO - DAG(s) dict_keys(['daily_crypto_lstm_pipeline']) retrieved from /opt/airflow/dags/binance_daily_dag.py
[2026-06-19T10:42:47.422+0000] {logging_mixin.py:151} INFO - [2026-06-19T10:42:47.421+0000] {dag.py:2915} INFO - Sync 1 DAGs
[2026-06-19T10:42:47.444+0000] {logging_mixin.py:151} INFO - [2026-06-19T10:42:47.444+0000] {dag.py:3696} INFO - Setting next_dagrun for daily_crypto_lstm_pipeline to 2026-06-19T00:02:00+00:00, run_after=2026-06-20T00:02:00+00:00
[2026-06-19T10:42:47.470+0000] {processor.py:179} INFO - Processing /opt/airflow/dags/binance_daily_dag.py took 2.627 seconds
[2026-06-19T10:43:18.044+0000] {processor.py:157} INFO - Started process (PID=6360) to work on /opt/airflow/dags/binance_daily_dag.py
[2026-06-19T10:43:18.045+0000] {processor.py:829} INFO - Processing file /opt/airflow/dags/binance_daily_dag.py for tasks to queue
[2026-06-19T10:43:18.046+0000] {logging_mixin.py:151} INFO - [2026-06-19T10:43:18.046+0000] {dagbag.py:539} INFO - Filling up the DagBag from /opt/airflow/dags/binance_daily_dag.py
[2026-06-19T10:43:20.626+0000] {processor.py:839} INFO - DAG(s) dict_keys(['daily_crypto_lstm_pipeline']) retrieved from /opt/airflow/dags/binance_daily_dag.py
[2026-06-19T10:43:20.652+0000] {logging_mixin.py:151} INFO - [2026-06-19T10:43:20.651+0000] {dag.py:2915} INFO - Sync 1 DAGs
[2026-06-19T10:43:20.678+0000] {logging_mixin.py:151} INFO - [2026-06-19T10:43:20.677+0000] {dag.py:3696} INFO - Setting next_dagrun for daily_crypto_lstm_pipeline to 2026-06-19T00:02:00+00:00, run_after=2026-06-20T00:02:00+00:00
[2026-06-19T10:43:20.737+0000] {processor.py:179} INFO - Processing /opt/airflow/dags/binance_daily_dag.py took 2.697 seconds
[2026-06-19T10:43:51.512+0000] {processor.py:157} INFO - Started process (PID=6393) to work on /opt/airflow/dags/binance_daily_dag.py
[2026-06-19T10:43:51.514+0000] {processor.py:829} INFO - Processing file /opt/airflow/dags/binance_daily_dag.py for tasks to queue
[2026-06-19T10:43:51.515+0000] {logging_mixin.py:151} INFO - [2026-06-19T10:43:51.514+0000] {dagbag.py:539} INFO - Filling up the DagBag from /opt/airflow/dags/binance_daily_dag.py
[2026-06-19T10:43:53.852+0000] {processor.py:839} INFO - DAG(s) dict_keys(['daily_crypto_lstm_pipeline']) retrieved from /opt/airflow/dags/binance_daily_dag.py
[2026-06-19T10:43:53.874+0000] {logging_mixin.py:151} INFO - [2026-06-19T10:43:53.873+0000] {dag.py:2915} INFO - Sync 1 DAGs
[2026-06-19T10:43:53.896+0000] {logging_mixin.py:151} INFO - [2026-06-19T10:43:53.896+0000] {dag.py:3696} INFO - Setting next_dagrun for daily_crypto_lstm_pipeline to 2026-06-19T00:02:00+00:00, run_after=2026-06-20T00:02:00+00:00
[2026-06-19T10:43:53.915+0000] {processor.py:179} INFO - Processing /opt/airflow/dags/binance_daily_dag.py took 2.407 seconds
[2026-06-19T10:44:24.726+0000] {processor.py:157} INFO - Started process (PID=6426) to work on /opt/airflow/dags/binance_daily_dag.py
[2026-06-19T10:44:24.727+0000] {processor.py:829} INFO - Processing file /opt/airflow/dags/binance_daily_dag.py for tasks to queue
[2026-06-19T10:44:24.728+0000] {logging_mixin.py:151} INFO - [2026-06-19T10:44:24.728+0000] {dagbag.py:539} INFO - Filling up the DagBag from /opt/airflow/dags/binance_daily_dag.py
[2026-06-19T10:44:27.309+0000] {processor.py:839} INFO - DAG(s) dict_keys(['daily_crypto_lstm_pipeline']) retrieved from /opt/airflow/dags/binance_daily_dag.py
[2026-06-19T10:44:27.352+0000] {logging_mixin.py:151} INFO - [2026-06-19T10:44:27.351+0000] {dag.py:2915} INFO - Sync 1 DAGs
[2026-06-19T10:44:27.387+0000] {logging_mixin.py:151} INFO - [2026-06-19T10:44:27.386+0000] {dag.py:3696} INFO - Setting next_dagrun for daily_crypto_lstm_pipeline to 2026-06-19T00:02:00+00:00, run_after=2026-06-20T00:02:00+00:00
[2026-06-19T10:44:27.414+0000] {processor.py:179} INFO - Processing /opt/airflow/dags/binance_daily_dag.py took 2.692 seconds
[2026-06-19T10:44:58.330+0000] {processor.py:157} INFO - Started process (PID=6466) to work on /opt/airflow/dags/binance_daily_dag.py
[2026-06-19T10:44:58.332+0000] {processor.py:829} INFO - Processing file /opt/airflow/dags/binance_daily_dag.py for tasks to queue
[2026-06-19T10:44:58.333+0000] {logging_mixin.py:151} INFO - [2026-06-19T10:44:58.332+0000] {dagbag.py:539} INFO - Filling up the DagBag from /opt/airflow/dags/binance_daily_dag.py
[2026-06-19T10:45:00.707+0000] {processor.py:839} INFO - DAG(s) dict_keys(['daily_crypto_lstm_pipeline']) retrieved from /opt/airflow/dags/binance_daily_dag.py
[2026-06-19T10:45:00.731+0000] {logging_mixin.py:151} INFO - [2026-06-19T10:45:00.731+0000] {dag.py:2915} INFO - Sync 1 DAGs
[2026-06-19T10:45:00.756+0000] {logging_mixin.py:151} INFO - [2026-06-19T10:45:00.755+0000] {dag.py:3696} INFO - Setting next_dagrun for daily_crypto_lstm_pipeline to 2026-06-19T00:02:00+00:00, run_after=2026-06-20T00:02:00+00:00
[2026-06-19T10:45:00.779+0000] {processor.py:179} INFO - Processing /opt/airflow/dags/binance_daily_dag.py took 2.452 seconds
[2026-06-19T10:45:31.043+0000] {processor.py:157} INFO - Started process (PID=6499) to work on /opt/airflow/dags/binance_daily_dag.py
[2026-06-19T10:45:31.044+0000] {processor.py:829} INFO - Processing file /opt/airflow/dags/binance_daily_dag.py for tasks to queue
[2026-06-19T10:45:31.045+0000] {logging_mixin.py:151} INFO - [2026-06-19T10:45:31.044+0000] {dagbag.py:539} INFO - Filling up the DagBag from /opt/airflow/dags/binance_daily_dag.py
[2026-06-19T10:45:33.379+0000] {processor.py:839} INFO - DAG(s) dict_keys(['daily_crypto_lstm_pipeline']) retrieved from /opt/airflow/dags/binance_daily_dag.py
[2026-06-19T10:45:33.414+0000] {logging_mixin.py:151} INFO - [2026-06-19T10:45:33.414+0000] {dag.py:2915} INFO - Sync 1 DAGs
[2026-06-19T10:45:33.438+0000] {logging_mixin.py:151} INFO - [2026-06-19T10:45:33.438+0000] {dag.py:3696} INFO - Setting next_dagrun for daily_crypto_lstm_pipeline to 2026-06-19T00:02:00+00:00, run_after=2026-06-20T00:02:00+00:00
[2026-06-19T10:45:33.507+0000] {processor.py:179} INFO - Processing /opt/airflow/dags/binance_daily_dag.py took 2.469 seconds
[2026-06-19T10:46:04.198+0000] {processor.py:157} INFO - Started process (PID=6532) to work on /opt/airflow/dags/binance_daily_dag.py
[2026-06-19T10:46:04.200+0000] {processor.py:829} INFO - Processing file /opt/airflow/dags/binance_daily_dag.py for tasks to queue
[2026-06-19T10:46:04.201+0000] {logging_mixin.py:151} INFO - [2026-06-19T10:46:04.200+0000] {dagbag.py:539} INFO - Filling up the DagBag from /opt/airflow/dags/binance_daily_dag.py
[2026-06-19T10:46:06.481+0000] {processor.py:839} INFO - DAG(s) dict_keys(['daily_crypto_lstm_pipeline']) retrieved from /opt/airflow/dags/binance_daily_dag.py
[2026-06-19T10:46:06.506+0000] {logging_mixin.py:151} INFO - [2026-06-19T10:46:06.505+0000] {dag.py:2915} INFO - Sync 1 DAGs
[2026-06-19T10:46:06.527+0000] {logging_mixin.py:151} INFO - [2026-06-19T10:46:06.527+0000] {dag.py:3696} INFO - Setting next_dagrun for daily_crypto_lstm_pipeline to 2026-06-19T00:02:00+00:00, run_after=2026-06-20T00:02:00+00:00
[2026-06-19T10:46:06.546+0000] {processor.py:179} INFO - Processing /opt/airflow/dags/binance_daily_dag.py took 2.351 seconds
[2026-06-19T10:46:37.036+0000] {processor.py:157} INFO - Started process (PID=6565) to work on /opt/airflow/dags/binance_daily_dag.py
[2026-06-19T10:46:37.037+0000] {processor.py:829} INFO - Processing file /opt/airflow/dags/binance_daily_dag.py for tasks to queue
[2026-06-19T10:46:37.038+0000] {logging_mixin.py:151} INFO - [2026-06-19T10:46:37.038+0000] {dagbag.py:539} INFO - Filling up the DagBag from /opt/airflow/dags/binance_daily_dag.py
[2026-06-19T10:46:39.601+0000] {processor.py:839} INFO - DAG(s) dict_keys(['daily_crypto_lstm_pipeline']) retrieved from /opt/airflow/dags/binance_daily_dag.py
[2026-06-19T10:46:39.623+0000] {logging_mixin.py:151} INFO - [2026-06-19T10:46:39.623+0000] {dag.py:2915} INFO - Sync 1 DAGs
[2026-06-19T10:46:39.646+0000] {logging_mixin.py:151} INFO - [2026-06-19T10:46:39.646+0000] {dag.py:3696} INFO - Setting next_dagrun for daily_crypto_lstm_pipeline to 2026-06-19T00:02:00+00:00, run_after=2026-06-20T00:02:00+00:00
[2026-06-19T10:46:39.674+0000] {processor.py:179} INFO - Processing /opt/airflow/dags/binance_daily_dag.py took 2.642 seconds
[2026-06-19T10:47:09.881+0000] {processor.py:157} INFO - Started process (PID=6598) to work on /opt/airflow/dags/binance_daily_dag.py
[2026-06-19T10:47:09.895+0000] {processor.py:829} INFO - Processing file /opt/airflow/dags/binance_daily_dag.py for tasks to queue
[2026-06-19T10:47:09.898+0000] {logging_mixin.py:151} INFO - [2026-06-19T10:47:09.898+0000] {dagbag.py:539} INFO - Filling up the DagBag from /opt/airflow/dags/binance_daily_dag.py
[2026-06-19T10:47:12.809+0000] {processor.py:839} INFO - DAG(s) dict_keys(['daily_crypto_lstm_pipeline']) retrieved from /opt/airflow/dags/binance_daily_dag.py
[2026-06-19T10:47:12.839+0000] {logging_mixin.py:151} INFO - [2026-06-19T10:47:12.838+0000] {dag.py:2915} INFO - Sync 1 DAGs
[2026-06-19T10:47:12.866+0000] {logging_mixin.py:151} INFO - [2026-06-19T10:47:12.866+0000] {dag.py:3696} INFO - Setting next_dagrun for daily_crypto_lstm_pipeline to 2026-06-19T00:02:00+00:00, run_after=2026-06-20T00:02:00+00:00
[2026-06-19T10:47:12.890+0000] {processor.py:179} INFO - Processing /opt/airflow/dags/binance_daily_dag.py took 3.016 seconds
[2026-06-19T10:47:43.114+0000] {processor.py:157} INFO - Started process (PID=6632) to work on /opt/airflow/dags/binance_daily_dag.py
[2026-06-19T10:47:43.115+0000] {processor.py:829} INFO - Processing file /opt/airflow/dags/binance_daily_dag.py for tasks to queue
[2026-06-19T10:47:43.117+0000] {logging_mixin.py:151} INFO - [2026-06-19T10:47:43.116+0000] {dagbag.py:539} INFO - Filling up the DagBag from /opt/airflow/dags/binance_daily_dag.py
[2026-06-19T10:47:46.680+0000] {processor.py:839} INFO - DAG(s) dict_keys(['daily_crypto_lstm_pipeline']) retrieved from /opt/airflow/dags/binance_daily_dag.py
[2026-06-19T10:47:46.713+0000] {logging_mixin.py:151} INFO - [2026-06-19T10:47:46.712+0000] {dag.py:2915} INFO - Sync 1 DAGs
[2026-06-19T10:47:46.752+0000] {logging_mixin.py:151} INFO - [2026-06-19T10:47:46.751+0000] {dag.py:3696} INFO - Setting next_dagrun for daily_crypto_lstm_pipeline to 2026-06-19T00:02:00+00:00, run_after=2026-06-20T00:02:00+00:00
[2026-06-19T10:47:46.783+0000] {processor.py:179} INFO - Processing /opt/airflow/dags/binance_daily_dag.py took 3.674 seconds
[2026-06-19T10:48:16.968+0000] {processor.py:157} INFO - Started process (PID=6670) to work on /opt/airflow/dags/binance_daily_dag.py
[2026-06-19T10:48:16.976+0000] {processor.py:829} INFO - Processing file /opt/airflow/dags/binance_daily_dag.py for tasks to queue
[2026-06-19T10:48:16.977+0000] {logging_mixin.py:151} INFO - [2026-06-19T10:48:16.976+0000] {dagbag.py:539} INFO - Filling up the DagBag from /opt/airflow/dags/binance_daily_dag.py
[2026-06-19T10:48:19.674+0000] {processor.py:839} INFO - DAG(s) dict_keys(['daily_crypto_lstm_pipeline']) retrieved from /opt/airflow/dags/binance_daily_dag.py
[2026-06-19T10:48:19.693+0000] {logging_mixin.py:151} INFO - [2026-06-19T10:48:19.693+0000] {dag.py:2915} INFO - Sync 1 DAGs
[2026-06-19T10:48:19.710+0000] {logging_mixin.py:151} INFO - [2026-06-19T10:48:19.709+0000] {dag.py:3696} INFO - Setting next_dagrun for daily_crypto_lstm_pipeline to 2026-06-19T00:02:00+00:00, run_after=2026-06-20T00:02:00+00:00
[2026-06-19T10:48:19.767+0000] {processor.py:179} INFO - Processing /opt/airflow/dags/binance_daily_dag.py took 2.804 seconds
[2026-06-19T10:48:50.342+0000] {processor.py:157} INFO - Started process (PID=6703) to work on /opt/airflow/dags/binance_daily_dag.py
[2026-06-19T10:48:50.343+0000] {processor.py:829} INFO - Processing file /opt/airflow/dags/binance_daily_dag.py for tasks to queue
[2026-06-19T10:48:50.344+0000] {logging_mixin.py:151} INFO - [2026-06-19T10:48:50.344+0000] {dagbag.py:539} INFO - Filling up the DagBag from /opt/airflow/dags/binance_daily_dag.py
[2026-06-19T10:48:52.368+0000] {processor.py:839} INFO - DAG(s) dict_keys(['daily_crypto_lstm_pipeline']) retrieved from /opt/airflow/dags/binance_daily_dag.py
[2026-06-19T10:48:52.392+0000] {logging_mixin.py:151} INFO - [2026-06-19T10:48:52.391+0000] {dag.py:2915} INFO - Sync 1 DAGs
[2026-06-19T10:48:52.415+0000] {logging_mixin.py:151} INFO - [2026-06-19T10:48:52.415+0000] {dag.py:3696} INFO - Setting next_dagrun for daily_crypto_lstm_pipeline to 2026-06-19T00:02:00+00:00, run_after=2026-06-20T00:02:00+00:00
[2026-06-19T10:48:52.437+0000] {processor.py:179} INFO - Processing /opt/airflow/dags/binance_daily_dag.py took 2.098 seconds
[2026-06-19T10:49:22.896+0000] {processor.py:157} INFO - Started process (PID=6736) to work on /opt/airflow/dags/binance_daily_dag.py
[2026-06-19T10:49:22.897+0000] {processor.py:829} INFO - Processing file /opt/airflow/dags/binance_daily_dag.py for tasks to queue
[2026-06-19T10:49:22.898+0000] {logging_mixin.py:151} INFO - [2026-06-19T10:49:22.898+0000] {dagbag.py:539} INFO - Filling up the DagBag from /opt/airflow/dags/binance_daily_dag.py
[2026-06-19T10:49:25.092+0000] {processor.py:839} INFO - DAG(s) dict_keys(['daily_crypto_lstm_pipeline']) retrieved from /opt/airflow/dags/binance_daily_dag.py
[2026-06-19T10:49:25.114+0000] {logging_mixin.py:151} INFO - [2026-06-19T10:49:25.113+0000] {dag.py:2915} INFO - Sync 1 DAGs
[2026-06-19T10:49:25.134+0000] {logging_mixin.py:151} INFO - [2026-06-19T10:49:25.134+0000] {dag.py:3696} INFO - Setting next_dagrun for daily_crypto_lstm_pipeline to 2026-06-19T00:02:00+00:00, run_after=2026-06-20T00:02:00+00:00
[2026-06-19T10:49:25.155+0000] {processor.py:179} INFO - Processing /opt/airflow/dags/binance_daily_dag.py took 2.261 seconds
[2026-06-19T10:49:55.465+0000] {processor.py:157} INFO - Started process (PID=6769) to work on /opt/airflow/dags/binance_daily_dag.py
[2026-06-19T10:49:55.466+0000] {processor.py:829} INFO - Processing file /opt/airflow/dags/binance_daily_dag.py for tasks to queue
[2026-06-19T10:49:55.467+0000] {logging_mixin.py:151} INFO - [2026-06-19T10:49:55.467+0000] {dagbag.py:539} INFO - Filling up the DagBag from /opt/airflow/dags/binance_daily_dag.py
[2026-06-19T10:49:57.640+0000] {processor.py:839} INFO - DAG(s) dict_keys(['daily_crypto_lstm_pipeline']) retrieved from /opt/airflow/dags/binance_daily_dag.py
[2026-06-19T10:49:57.661+0000] {logging_mixin.py:151} INFO - [2026-06-19T10:49:57.661+0000] {dag.py:2915} INFO - Sync 1 DAGs
[2026-06-19T10:49:57.680+0000] {logging_mixin.py:151} INFO - [2026-06-19T10:49:57.680+0000] {dag.py:3696} INFO - Setting next_dagrun for daily_crypto_lstm_pipeline to 2026-06-19T00:02:00+00:00, run_after=2026-06-20T00:02:00+00:00
[2026-06-19T10:49:57.737+0000] {processor.py:179} INFO - Processing /opt/airflow/dags/binance_daily_dag.py took 2.275 seconds
[2026-06-19T10:50:28.162+0000] {processor.py:157} INFO - Started process (PID=6802) to work on /opt/airflow/dags/binance_daily_dag.py
[2026-06-19T10:50:28.163+0000] {processor.py:829} INFO - Processing file /opt/airflow/dags/binance_daily_dag.py for tasks to queue
[2026-06-19T10:50:28.163+0000] {logging_mixin.py:151} INFO - [2026-06-19T10:50:28.163+0000] {dagbag.py:539} INFO - Filling up the DagBag from /opt/airflow/dags/binance_daily_dag.py
[2026-06-19T10:50:30.992+0000] {processor.py:839} INFO - DAG(s) dict_keys(['daily_crypto_lstm_pipeline']) retrieved from /opt/airflow/dags/binance_daily_dag.py
[2026-06-19T10:50:31.019+0000] {logging_mixin.py:151} INFO - [2026-06-19T10:50:31.018+0000] {dag.py:2915} INFO - Sync 1 DAGs
[2026-06-19T10:50:31.049+0000] {logging_mixin.py:151} INFO - [2026-06-19T10:50:31.049+0000] {dag.py:3696} INFO - Setting next_dagrun for daily_crypto_lstm_pipeline to 2026-06-19T00:02:00+00:00, run_after=2026-06-20T00:02:00+00:00
[2026-06-19T10:50:31.071+0000] {processor.py:179} INFO - Processing /opt/airflow/dags/binance_daily_dag.py took 2.912 seconds
[2026-06-19T10:51:01.450+0000] {processor.py:157} INFO - Started process (PID=6842) to work on /opt/airflow/dags/binance_daily_dag.py
[2026-06-19T10:51:01.451+0000] {processor.py:829} INFO - Processing file /opt/airflow/dags/binance_daily_dag.py for tasks to queue
[2026-06-19T10:51:01.452+0000] {logging_mixin.py:151} INFO - [2026-06-19T10:51:01.452+0000] {dagbag.py:539} INFO - Filling up the DagBag from /opt/airflow/dags/binance_daily_dag.py
[2026-06-19T10:51:03.635+0000] {processor.py:839} INFO - DAG(s) dict_keys(['daily_crypto_lstm_pipeline']) retrieved from /opt/airflow/dags/binance_daily_dag.py
[2026-06-19T10:51:03.660+0000] {logging_mixin.py:151} INFO - [2026-06-19T10:51:03.659+0000] {dag.py:2915} INFO - Sync 1 DAGs
[2026-06-19T10:51:03.680+0000] {logging_mixin.py:151} INFO - [2026-06-19T10:51:03.680+0000] {dag.py:3696} INFO - Setting next_dagrun for daily_crypto_lstm_pipeline to 2026-06-19T00:02:00+00:00, run_after=2026-06-20T00:02:00+00:00
[2026-06-19T10:51:03.698+0000] {processor.py:179} INFO - Processing /opt/airflow/dags/binance_daily_dag.py took 2.255 seconds
[2026-06-19T10:51:34.254+0000] {processor.py:157} INFO - Started process (PID=6875) to work on /opt/airflow/dags/binance_daily_dag.py
[2026-06-19T10:51:34.255+0000] {processor.py:829} INFO - Processing file /opt/airflow/dags/binance_daily_dag.py for tasks to queue
[2026-06-19T10:51:34.256+0000] {logging_mixin.py:151} INFO - [2026-06-19T10:51:34.256+0000] {dagbag.py:539} INFO - Filling up the DagBag from /opt/airflow/dags/binance_daily_dag.py
[2026-06-19T10:51:36.710+0000] {processor.py:839} INFO - DAG(s) dict_keys(['daily_crypto_lstm_pipeline']) retrieved from /opt/airflow/dags/binance_daily_dag.py
[2026-06-19T10:51:36.731+0000] {logging_mixin.py:151} INFO - [2026-06-19T10:51:36.730+0000] {dag.py:2915} INFO - Sync 1 DAGs
[2026-06-19T10:51:36.750+0000] {logging_mixin.py:151} INFO - [2026-06-19T10:51:36.750+0000] {dag.py:3696} INFO - Setting next_dagrun for daily_crypto_lstm_pipeline to 2026-06-19T00:02:00+00:00, run_after=2026-06-20T00:02:00+00:00
[2026-06-19T10:51:36.809+0000] {processor.py:179} INFO - Processing /opt/airflow/dags/binance_daily_dag.py took 2.559 seconds
[2026-06-19T10:52:07.355+0000] {processor.py:157} INFO - Started process (PID=6908) to work on /opt/airflow/dags/binance_daily_dag.py
[2026-06-19T10:52:07.356+0000] {processor.py:829} INFO - Processing file /opt/airflow/dags/binance_daily_dag.py for tasks to queue
[2026-06-19T10:52:07.357+0000] {logging_mixin.py:151} INFO - [2026-06-19T10:52:07.357+0000] {dagbag.py:539} INFO - Filling up the DagBag from /opt/airflow/dags/binance_daily_dag.py
[2026-06-19T10:52:09.816+0000] {processor.py:839} INFO - DAG(s) dict_keys(['daily_crypto_lstm_pipeline']) retrieved from /opt/airflow/dags/binance_daily_dag.py
[2026-06-19T10:52:09.840+0000] {logging_mixin.py:151} INFO - [2026-06-19T10:52:09.839+0000] {dag.py:2915} INFO - Sync 1 DAGs
[2026-06-19T10:52:09.864+0000] {logging_mixin.py:151} INFO - [2026-06-19T10:52:09.864+0000] {dag.py:3696} INFO - Setting next_dagrun for daily_crypto_lstm_pipeline to 2026-06-19T00:02:00+00:00, run_after=2026-06-20T00:02:00+00:00
[2026-06-19T10:52:09.883+0000] {processor.py:179} INFO - Processing /opt/airflow/dags/binance_daily_dag.py took 2.532 seconds
[2026-06-19T10:52:39.977+0000] {processor.py:157} INFO - Started process (PID=6941) to work on /opt/airflow/dags/binance_daily_dag.py
[2026-06-19T10:52:39.978+0000] {processor.py:829} INFO - Processing file /opt/airflow/dags/binance_daily_dag.py for tasks to queue
[2026-06-19T10:52:39.979+0000] {logging_mixin.py:151} INFO - [2026-06-19T10:52:39.979+0000] {dagbag.py:539} INFO - Filling up the DagBag from /opt/airflow/dags/binance_daily_dag.py
[2026-06-19T10:52:42.434+0000] {processor.py:839} INFO - DAG(s) dict_keys(['daily_crypto_lstm_pipeline']) retrieved from /opt/airflow/dags/binance_daily_dag.py
[2026-06-19T10:52:42.458+0000] {logging_mixin.py:151} INFO - [2026-06-19T10:52:42.457+0000] {dag.py:2915} INFO - Sync 1 DAGs
[2026-06-19T10:52:42.491+0000] {logging_mixin.py:151} INFO - [2026-06-19T10:52:42.491+0000] {dag.py:3696} INFO - Setting next_dagrun for daily_crypto_lstm_pipeline to 2026-06-19T00:02:00+00:00, run_after=2026-06-20T00:02:00+00:00
[2026-06-19T10:52:42.542+0000] {processor.py:179} INFO - Processing /opt/airflow/dags/binance_daily_dag.py took 2.568 seconds
[2026-06-19T10:53:13.215+0000] {processor.py:157} INFO - Started process (PID=6974) to work on /opt/airflow/dags/binance_daily_dag.py
[2026-06-19T10:53:13.217+0000] {processor.py:829} INFO - Processing file /opt/airflow/dags/binance_daily_dag.py for tasks to queue
[2026-06-19T10:53:13.217+0000] {logging_mixin.py:151} INFO - [2026-06-19T10:53:13.217+0000] {dagbag.py:539} INFO - Filling up the DagBag from /opt/airflow/dags/binance_daily_dag.py
[2026-06-19T10:53:15.501+0000] {processor.py:839} INFO - DAG(s) dict_keys(['daily_crypto_lstm_pipeline']) retrieved from /opt/airflow/dags/binance_daily_dag.py
[2026-06-19T10:53:15.524+0000] {logging_mixin.py:151} INFO - [2026-06-19T10:53:15.524+0000] {dag.py:2915} INFO - Sync 1 DAGs
[2026-06-19T10:53:15.542+0000] {logging_mixin.py:151} INFO - [2026-06-19T10:53:15.542+0000] {dag.py:3696} INFO - Setting next_dagrun for daily_crypto_lstm_pipeline to 2026-06-19T00:02:00+00:00, run_after=2026-06-20T00:02:00+00:00
[2026-06-19T10:53:15.598+0000] {processor.py:179} INFO - Processing /opt/airflow/dags/binance_daily_dag.py took 2.387 seconds
[2026-06-19T10:53:46.304+0000] {processor.py:157} INFO - Started process (PID=7007) to work on /opt/airflow/dags/binance_daily_dag.py
[2026-06-19T10:53:46.305+0000] {processor.py:829} INFO - Processing file /opt/airflow/dags/binance_daily_dag.py for tasks to queue
[2026-06-19T10:53:46.306+0000] {logging_mixin.py:151} INFO - [2026-06-19T10:53:46.306+0000] {dagbag.py:539} INFO - Filling up the DagBag from /opt/airflow/dags/binance_daily_dag.py
[2026-06-19T10:53:48.532+0000] {processor.py:839} INFO - DAG(s) dict_keys(['daily_crypto_lstm_pipeline']) retrieved from /opt/airflow/dags/binance_daily_dag.py
[2026-06-19T10:53:48.554+0000] {logging_mixin.py:151} INFO - [2026-06-19T10:53:48.554+0000] {dag.py:2915} INFO - Sync 1 DAGs
[2026-06-19T10:53:48.576+0000] {logging_mixin.py:151} INFO - [2026-06-19T10:53:48.576+0000] {dag.py:3696} INFO - Setting next_dagrun for daily_crypto_lstm_pipeline to 2026-06-19T00:02:00+00:00, run_after=2026-06-20T00:02:00+00:00
[2026-06-19T10:53:48.609+0000] {processor.py:179} INFO - Processing /opt/airflow/dags/binance_daily_dag.py took 2.308 seconds
[2026-06-19T10:54:18.943+0000] {processor.py:157} INFO - Started process (PID=7040) to work on /opt/airflow/dags/binance_daily_dag.py
[2026-06-19T10:54:18.944+0000] {processor.py:829} INFO - Processing file /opt/airflow/dags/binance_daily_dag.py for tasks to queue
[2026-06-19T10:54:18.946+0000] {logging_mixin.py:151} INFO - [2026-06-19T10:54:18.945+0000] {dagbag.py:539} INFO - Filling up the DagBag from /opt/airflow/dags/binance_daily_dag.py
[2026-06-19T10:54:21.373+0000] {processor.py:839} INFO - DAG(s) dict_keys(['daily_crypto_lstm_pipeline']) retrieved from /opt/airflow/dags/binance_daily_dag.py
[2026-06-19T10:54:21.399+0000] {logging_mixin.py:151} INFO - [2026-06-19T10:54:21.398+0000] {dag.py:2915} INFO - Sync 1 DAGs
[2026-06-19T10:54:21.423+0000] {logging_mixin.py:151} INFO - [2026-06-19T10:54:21.423+0000] {dag.py:3696} INFO - Setting next_dagrun for daily_crypto_lstm_pipeline to 2026-06-19T00:02:00+00:00, run_after=2026-06-20T00:02:00+00:00
[2026-06-19T10:54:21.448+0000] {processor.py:179} INFO - Processing /opt/airflow/dags/binance_daily_dag.py took 2.510 seconds
[2026-06-19T10:54:51.921+0000] {processor.py:157} INFO - Started process (PID=7073) to work on /opt/airflow/dags/binance_daily_dag.py
[2026-06-19T10:54:51.922+0000] {processor.py:829} INFO - Processing file /opt/airflow/dags/binance_daily_dag.py for tasks to queue
[2026-06-19T10:54:51.924+0000] {logging_mixin.py:151} INFO - [2026-06-19T10:54:51.923+0000] {dagbag.py:539} INFO - Filling up the DagBag from /opt/airflow/dags/binance_daily_dag.py
[2026-06-19T10:54:54.215+0000] {processor.py:839} INFO - DAG(s) dict_keys(['daily_crypto_lstm_pipeline']) retrieved from /opt/airflow/dags/binance_daily_dag.py
[2026-06-19T10:54:54.234+0000] {logging_mixin.py:151} INFO - [2026-06-19T10:54:54.233+0000] {dag.py:2915} INFO - Sync 1 DAGs
[2026-06-19T10:54:54.252+0000] {logging_mixin.py:151} INFO - [2026-06-19T10:54:54.251+0000] {dag.py:3696} INFO - Setting next_dagrun for daily_crypto_lstm_pipeline to 2026-06-19T00:02:00+00:00, run_after=2026-06-20T00:02:00+00:00
[2026-06-19T10:54:54.272+0000] {processor.py:179} INFO - Processing /opt/airflow/dags/binance_daily_dag.py took 2.354 seconds
[2026-06-19T10:55:24.385+0000] {processor.py:157} INFO - Started process (PID=7111) to work on /opt/airflow/dags/binance_daily_dag.py
[2026-06-19T10:55:24.386+0000] {processor.py:829} INFO - Processing file /opt/airflow/dags/binance_daily_dag.py for tasks to queue
[2026-06-19T10:55:24.387+0000] {logging_mixin.py:151} INFO - [2026-06-19T10:55:24.387+0000] {dagbag.py:539} INFO - Filling up the DagBag from /opt/airflow/dags/binance_daily_dag.py
[2026-06-19T10:55:26.841+0000] {processor.py:839} INFO - DAG(s) dict_keys(['daily_crypto_lstm_pipeline']) retrieved from /opt/airflow/dags/binance_daily_dag.py
[2026-06-19T10:55:26.866+0000] {logging_mixin.py:151} INFO - [2026-06-19T10:55:26.865+0000] {dag.py:2915} INFO - Sync 1 DAGs
[2026-06-19T10:55:26.888+0000] {logging_mixin.py:151} INFO - [2026-06-19T10:55:26.888+0000] {dag.py:3696} INFO - Setting next_dagrun for daily_crypto_lstm_pipeline to 2026-06-19T00:02:00+00:00, run_after=2026-06-20T00:02:00+00:00
[2026-06-19T10:55:26.947+0000] {processor.py:179} INFO - Processing /opt/airflow/dags/binance_daily_dag.py took 2.566 seconds
[2026-06-19T10:55:57.082+0000] {processor.py:157} INFO - Started process (PID=7144) to work on /opt/airflow/dags/binance_daily_dag.py
[2026-06-19T10:55:57.083+0000] {processor.py:829} INFO - Processing file /opt/airflow/dags/binance_daily_dag.py for tasks to queue
[2026-06-19T10:55:57.084+0000] {logging_mixin.py:151} INFO - [2026-06-19T10:55:57.084+0000] {dagbag.py:539} INFO - Filling up the DagBag from /opt/airflow/dags/binance_daily_dag.py
[2026-06-19T10:55:59.168+0000] {processor.py:839} INFO - DAG(s) dict_keys(['daily_crypto_lstm_pipeline']) retrieved from /opt/airflow/dags/binance_daily_dag.py
[2026-06-19T10:55:59.189+0000] {logging_mixin.py:151} INFO - [2026-06-19T10:55:59.188+0000] {dag.py:2915} INFO - Sync 1 DAGs
[2026-06-19T10:55:59.209+0000] {logging_mixin.py:151} INFO - [2026-06-19T10:55:59.209+0000] {dag.py:3696} INFO - Setting next_dagrun for daily_crypto_lstm_pipeline to 2026-06-19T00:02:00+00:00, run_after=2026-06-20T00:02:00+00:00
[2026-06-19T10:55:59.225+0000] {processor.py:179} INFO - Processing /opt/airflow/dags/binance_daily_dag.py took 2.145 seconds
[2026-06-19T10:56:29.818+0000] {processor.py:157} INFO - Started process (PID=7177) to work on /opt/airflow/dags/binance_daily_dag.py
[2026-06-19T10:56:29.820+0000] {processor.py:829} INFO - Processing file /opt/airflow/dags/binance_daily_dag.py for tasks to queue
[2026-06-19T10:56:29.822+0000] {logging_mixin.py:151} INFO - [2026-06-19T10:56:29.822+0000] {dagbag.py:539} INFO - Filling up the DagBag from /opt/airflow/dags/binance_daily_dag.py
[2026-06-19T10:56:32.057+0000] {processor.py:839} INFO - DAG(s) dict_keys(['daily_crypto_lstm_pipeline']) retrieved from /opt/airflow/dags/binance_daily_dag.py
[2026-06-19T10:56:32.077+0000] {logging_mixin.py:151} INFO - [2026-06-19T10:56:32.077+0000] {dag.py:2915} INFO - Sync 1 DAGs
[2026-06-19T10:56:32.097+0000] {logging_mixin.py:151} INFO - [2026-06-19T10:56:32.097+0000] {dag.py:3696} INFO - Setting next_dagrun for daily_crypto_lstm_pipeline to 2026-06-19T00:02:00+00:00, run_after=2026-06-20T00:02:00+00:00
[2026-06-19T10:56:32.155+0000] {processor.py:179} INFO - Processing /opt/airflow/dags/binance_daily_dag.py took 2.344 seconds
[2026-06-19T10:57:02.354+0000] {processor.py:157} INFO - Started process (PID=7218) to work on /opt/airflow/dags/binance_daily_dag.py
[2026-06-19T10:57:02.355+0000] {processor.py:829} INFO - Processing file /opt/airflow/dags/binance_daily_dag.py for tasks to queue
[2026-06-19T10:57:02.355+0000] {logging_mixin.py:151} INFO - [2026-06-19T10:57:02.355+0000] {dagbag.py:539} INFO - Filling up the DagBag from /opt/airflow/dags/binance_daily_dag.py
[2026-06-19T10:57:04.542+0000] {processor.py:839} INFO - DAG(s) dict_keys(['daily_crypto_lstm_pipeline']) retrieved from /opt/airflow/dags/binance_daily_dag.py
[2026-06-19T10:57:04.566+0000] {logging_mixin.py:151} INFO - [2026-06-19T10:57:04.565+0000] {dag.py:2915} INFO - Sync 1 DAGs
[2026-06-19T10:57:04.591+0000] {logging_mixin.py:151} INFO - [2026-06-19T10:57:04.590+0000] {dag.py:3696} INFO - Setting next_dagrun for daily_crypto_lstm_pipeline to 2026-06-19T00:02:00+00:00, run_after=2026-06-20T00:02:00+00:00
[2026-06-19T10:57:04.613+0000] {processor.py:179} INFO - Processing /opt/airflow/dags/binance_daily_dag.py took 2.263 seconds
[2026-06-19T10:57:34.897+0000] {processor.py:157} INFO - Started process (PID=7251) to work on /opt/airflow/dags/binance_daily_dag.py
[2026-06-19T10:57:34.898+0000] {processor.py:829} INFO - Processing file /opt/airflow/dags/binance_daily_dag.py for tasks to queue
[2026-06-19T10:57:34.899+0000] {logging_mixin.py:151} INFO - [2026-06-19T10:57:34.899+0000] {dagbag.py:539} INFO - Filling up the DagBag from /opt/airflow/dags/binance_daily_dag.py
[2026-06-19T10:57:37.154+0000] {processor.py:839} INFO - DAG(s) dict_keys(['daily_crypto_lstm_pipeline']) retrieved from /opt/airflow/dags/binance_daily_dag.py
[2026-06-19T10:57:37.180+0000] {logging_mixin.py:151} INFO - [2026-06-19T10:57:37.179+0000] {dag.py:2915} INFO - Sync 1 DAGs
[2026-06-19T10:57:37.199+0000] {logging_mixin.py:151} INFO - [2026-06-19T10:57:37.199+0000] {dag.py:3696} INFO - Setting next_dagrun for daily_crypto_lstm_pipeline to 2026-06-19T00:02:00+00:00, run_after=2026-06-20T00:02:00+00:00
[2026-06-19T10:57:37.217+0000] {processor.py:179} INFO - Processing /opt/airflow/dags/binance_daily_dag.py took 2.324 seconds
[2026-06-19T10:58:07.366+0000] {processor.py:157} INFO - Started process (PID=7284) to work on /opt/airflow/dags/binance_daily_dag.py
[2026-06-19T10:58:07.367+0000] {processor.py:829} INFO - Processing file /opt/airflow/dags/binance_daily_dag.py for tasks to queue
[2026-06-19T10:58:07.368+0000] {logging_mixin.py:151} INFO - [2026-06-19T10:58:07.368+0000] {dagbag.py:539} INFO - Filling up the DagBag from /opt/airflow/dags/binance_daily_dag.py
[2026-06-19T10:58:09.499+0000] {processor.py:839} INFO - DAG(s) dict_keys(['daily_crypto_lstm_pipeline']) retrieved from /opt/airflow/dags/binance_daily_dag.py
[2026-06-19T10:58:09.529+0000] {logging_mixin.py:151} INFO - [2026-06-19T10:58:09.529+0000] {dag.py:2915} INFO - Sync 1 DAGs
[2026-06-19T10:58:09.555+0000] {logging_mixin.py:151} INFO - [2026-06-19T10:58:09.555+0000] {dag.py:3696} INFO - Setting next_dagrun for daily_crypto_lstm_pipeline to 2026-06-19T00:02:00+00:00, run_after=2026-06-20T00:02:00+00:00
[2026-06-19T10:58:09.610+0000] {processor.py:179} INFO - Processing /opt/airflow/dags/binance_daily_dag.py took 2.247 seconds
[2026-06-19T10:58:40.101+0000] {processor.py:157} INFO - Started process (PID=7317) to work on /opt/airflow/dags/binance_daily_dag.py
[2026-06-19T10:58:40.102+0000] {processor.py:829} INFO - Processing file /opt/airflow/dags/binance_daily_dag.py for tasks to queue
[2026-06-19T10:58:40.103+0000] {logging_mixin.py:151} INFO - [2026-06-19T10:58:40.103+0000] {dagbag.py:539} INFO - Filling up the DagBag from /opt/airflow/dags/binance_daily_dag.py
[2026-06-19T10:58:42.428+0000] {processor.py:839} INFO - DAG(s) dict_keys(['daily_crypto_lstm_pipeline']) retrieved from /opt/airflow/dags/binance_daily_dag.py
[2026-06-19T10:58:42.455+0000] {logging_mixin.py:151} INFO - [2026-06-19T10:58:42.454+0000] {dag.py:2915} INFO - Sync 1 DAGs
[2026-06-19T10:58:42.475+0000] {logging_mixin.py:151} INFO - [2026-06-19T10:58:42.475+0000] {dag.py:3696} INFO - Setting next_dagrun for daily_crypto_lstm_pipeline to 2026-06-19T00:02:00+00:00, run_after=2026-06-20T00:02:00+00:00
[2026-06-19T10:58:42.534+0000] {processor.py:179} INFO - Processing /opt/airflow/dags/binance_daily_dag.py took 2.435 seconds
[2026-06-19T10:59:13.278+0000] {processor.py:157} INFO - Started process (PID=7350) to work on /opt/airflow/dags/binance_daily_dag.py
[2026-06-19T10:59:13.279+0000] {processor.py:829} INFO - Processing file /opt/airflow/dags/binance_daily_dag.py for tasks to queue
[2026-06-19T10:59:13.280+0000] {logging_mixin.py:151} INFO - [2026-06-19T10:59:13.280+0000] {dagbag.py:539} INFO - Filling up the DagBag from /opt/airflow/dags/binance_daily_dag.py
[2026-06-19T10:59:15.619+0000] {processor.py:839} INFO - DAG(s) dict_keys(['daily_crypto_lstm_pipeline']) retrieved from /opt/airflow/dags/binance_daily_dag.py
[2026-06-19T10:59:15.642+0000] {logging_mixin.py:151} INFO - [2026-06-19T10:59:15.642+0000] {dag.py:2915} INFO - Sync 1 DAGs
[2026-06-19T10:59:15.662+0000] {logging_mixin.py:151} INFO - [2026-06-19T10:59:15.662+0000] {dag.py:3696} INFO - Setting next_dagrun for daily_crypto_lstm_pipeline to 2026-06-19T00:02:00+00:00, run_after=2026-06-20T00:02:00+00:00
[2026-06-19T10:59:15.681+0000] {processor.py:179} INFO - Processing /opt/airflow/dags/binance_daily_dag.py took 2.406 seconds
[2026-06-19T10:59:45.941+0000] {processor.py:157} INFO - Started process (PID=7383) to work on /opt/airflow/dags/binance_daily_dag.py
[2026-06-19T10:59:45.942+0000] {processor.py:829} INFO - Processing file /opt/airflow/dags/binance_daily_dag.py for tasks to queue
[2026-06-19T10:59:45.943+0000] {logging_mixin.py:151} INFO - [2026-06-19T10:59:45.943+0000] {dagbag.py:539} INFO - Filling up the DagBag from /opt/airflow/dags/binance_daily_dag.py
[2026-06-19T10:59:48.164+0000] {processor.py:839} INFO - DAG(s) dict_keys(['daily_crypto_lstm_pipeline']) retrieved from /opt/airflow/dags/binance_daily_dag.py
[2026-06-19T10:59:48.187+0000] {logging_mixin.py:151} INFO - [2026-06-19T10:59:48.187+0000] {dag.py:2915} INFO - Sync 1 DAGs
[2026-06-19T10:59:48.209+0000] {logging_mixin.py:151} INFO - [2026-06-19T10:59:48.209+0000] {dag.py:3696} INFO - Setting next_dagrun for daily_crypto_lstm_pipeline to 2026-06-19T00:02:00+00:00, run_after=2026-06-20T00:02:00+00:00
[2026-06-19T10:59:48.231+0000] {processor.py:179} INFO - Processing /opt/airflow/dags/binance_daily_dag.py took 2.293 seconds
[2026-06-19T11:00:18.687+0000] {processor.py:157} INFO - Started process (PID=7416) to work on /opt/airflow/dags/binance_daily_dag.py
[2026-06-19T11:00:18.688+0000] {processor.py:829} INFO - Processing file /opt/airflow/dags/binance_daily_dag.py for tasks to queue
[2026-06-19T11:00:18.689+0000] {logging_mixin.py:151} INFO - [2026-06-19T11:00:18.689+0000] {dagbag.py:539} INFO - Filling up the DagBag from /opt/airflow/dags/binance_daily_dag.py
[2026-06-19T11:00:21.170+0000] {processor.py:839} INFO - DAG(s) dict_keys(['daily_crypto_lstm_pipeline']) retrieved from /opt/airflow/dags/binance_daily_dag.py
[2026-06-19T11:00:21.196+0000] {logging_mixin.py:151} INFO - [2026-06-19T11:00:21.196+0000] {dag.py:2915} INFO - Sync 1 DAGs
[2026-06-19T11:00:21.217+0000] {logging_mixin.py:151} INFO - [2026-06-19T11:00:21.217+0000] {dag.py:3696} INFO - Setting next_dagrun for daily_crypto_lstm_pipeline to 2026-06-19T00:02:00+00:00, run_after=2026-06-20T00:02:00+00:00
[2026-06-19T11:00:21.238+0000] {processor.py:179} INFO - Processing /opt/airflow/dags/binance_daily_dag.py took 2.554 seconds
[2026-06-19T11:00:51.788+0000] {processor.py:157} INFO - Started process (PID=7449) to work on /opt/airflow/dags/binance_daily_dag.py
[2026-06-19T11:00:51.789+0000] {processor.py:829} INFO - Processing file /opt/airflow/dags/binance_daily_dag.py for tasks to queue
[2026-06-19T11:00:51.790+0000] {logging_mixin.py:151} INFO - [2026-06-19T11:00:51.790+0000] {dagbag.py:539} INFO - Filling up the DagBag from /opt/airflow/dags/binance_daily_dag.py
[2026-06-19T11:00:53.991+0000] {processor.py:839} INFO - DAG(s) dict_keys(['daily_crypto_lstm_pipeline']) retrieved from /opt/airflow/dags/binance_daily_dag.py
[2026-06-19T11:00:54.013+0000] {logging_mixin.py:151} INFO - [2026-06-19T11:00:54.012+0000] {dag.py:2915} INFO - Sync 1 DAGs
[2026-06-19T11:00:54.032+0000] {logging_mixin.py:151} INFO - [2026-06-19T11:00:54.031+0000] {dag.py:3696} INFO - Setting next_dagrun for daily_crypto_lstm_pipeline to 2026-06-19T00:02:00+00:00, run_after=2026-06-20T00:02:00+00:00
[2026-06-19T11:00:54.057+0000] {processor.py:179} INFO - Processing /opt/airflow/dags/binance_daily_dag.py took 2.272 seconds
[2026-06-19T11:01:24.236+0000] {processor.py:157} INFO - Started process (PID=7482) to work on /opt/airflow/dags/binance_daily_dag.py
[2026-06-19T11:01:24.238+0000] {processor.py:829} INFO - Processing file /opt/airflow/dags/binance_daily_dag.py for tasks to queue
[2026-06-19T11:01:24.239+0000] {logging_mixin.py:151} INFO - [2026-06-19T11:01:24.239+0000] {dagbag.py:539} INFO - Filling up the DagBag from /opt/airflow/dags/binance_daily_dag.py
[2026-06-19T11:01:26.376+0000] {processor.py:839} INFO - DAG(s) dict_keys(['daily_crypto_lstm_pipeline']) retrieved from /opt/airflow/dags/binance_daily_dag.py
[2026-06-19T11:01:26.402+0000] {logging_mixin.py:151} INFO - [2026-06-19T11:01:26.401+0000] {dag.py:2915} INFO - Sync 1 DAGs
[2026-06-19T11:01:26.421+0000] {logging_mixin.py:151} INFO - [2026-06-19T11:01:26.421+0000] {dag.py:3696} INFO - Setting next_dagrun for daily_crypto_lstm_pipeline to 2026-06-19T00:02:00+00:00, run_after=2026-06-20T00:02:00+00:00
[2026-06-19T11:01:26.439+0000] {processor.py:179} INFO - Processing /opt/airflow/dags/binance_daily_dag.py took 2.207 seconds
[2026-06-19T11:01:56.893+0000] {processor.py:157} INFO - Started process (PID=7515) to work on /opt/airflow/dags/binance_daily_dag.py
[2026-06-19T11:01:56.894+0000] {processor.py:829} INFO - Processing file /opt/airflow/dags/binance_daily_dag.py for tasks to queue
[2026-06-19T11:01:56.895+0000] {logging_mixin.py:151} INFO - [2026-06-19T11:01:56.895+0000] {dagbag.py:539} INFO - Filling up the DagBag from /opt/airflow/dags/binance_daily_dag.py
[2026-06-19T11:01:58.840+0000] {processor.py:839} INFO - DAG(s) dict_keys(['daily_crypto_lstm_pipeline']) retrieved from /opt/airflow/dags/binance_daily_dag.py
[2026-06-19T11:01:58.861+0000] {logging_mixin.py:151} INFO - [2026-06-19T11:01:58.860+0000] {dag.py:2915} INFO - Sync 1 DAGs
[2026-06-19T11:01:58.878+0000] {logging_mixin.py:151} INFO - [2026-06-19T11:01:58.878+0000] {dag.py:3696} INFO - Setting next_dagrun for daily_crypto_lstm_pipeline to 2026-06-19T00:02:00+00:00, run_after=2026-06-20T00:02:00+00:00
[2026-06-19T11:01:58.934+0000] {processor.py:179} INFO - Processing /opt/airflow/dags/binance_daily_dag.py took 2.044 seconds
[2026-06-19T11:02:29.988+0000] {processor.py:157} INFO - Started process (PID=7548) to work on /opt/airflow/dags/binance_daily_dag.py
[2026-06-19T11:02:29.990+0000] {processor.py:829} INFO - Processing file /opt/airflow/dags/binance_daily_dag.py for tasks to queue
[2026-06-19T11:02:29.993+0000] {logging_mixin.py:151} INFO - [2026-06-19T11:02:29.992+0000] {dagbag.py:539} INFO - Filling up the DagBag from /opt/airflow/dags/binance_daily_dag.py
[2026-06-19T11:02:32.337+0000] {processor.py:839} INFO - DAG(s) dict_keys(['daily_crypto_lstm_pipeline']) retrieved from /opt/airflow/dags/binance_daily_dag.py
[2026-06-19T11:02:32.359+0000] {logging_mixin.py:151} INFO - [2026-06-19T11:02:32.359+0000] {dag.py:2915} INFO - Sync 1 DAGs
[2026-06-19T11:02:32.380+0000] {logging_mixin.py:151} INFO - [2026-06-19T11:02:32.379+0000] {dag.py:3696} INFO - Setting next_dagrun for daily_crypto_lstm_pipeline to 2026-06-19T00:02:00+00:00, run_after=2026-06-20T00:02:00+00:00
[2026-06-19T11:02:32.398+0000] {processor.py:179} INFO - Processing /opt/airflow/dags/binance_daily_dag.py took 2.417 seconds
[2026-06-19T11:03:02.636+0000] {processor.py:157} INFO - Started process (PID=7588) to work on /opt/airflow/dags/binance_daily_dag.py
[2026-06-19T11:03:02.638+0000] {processor.py:829} INFO - Processing file /opt/airflow/dags/binance_daily_dag.py for tasks to queue
[2026-06-19T11:03:02.639+0000] {logging_mixin.py:151} INFO - [2026-06-19T11:03:02.639+0000] {dagbag.py:539} INFO - Filling up the DagBag from /opt/airflow/dags/binance_daily_dag.py
[2026-06-19T11:03:04.754+0000] {processor.py:839} INFO - DAG(s) dict_keys(['daily_crypto_lstm_pipeline']) retrieved from /opt/airflow/dags/binance_daily_dag.py
[2026-06-19T11:03:04.778+0000] {logging_mixin.py:151} INFO - [2026-06-19T11:03:04.778+0000] {dag.py:2915} INFO - Sync 1 DAGs
[2026-06-19T11:03:04.798+0000] {logging_mixin.py:151} INFO - [2026-06-19T11:03:04.797+0000] {dag.py:3696} INFO - Setting next_dagrun for daily_crypto_lstm_pipeline to 2026-06-19T00:02:00+00:00, run_after=2026-06-20T00:02:00+00:00
[2026-06-19T11:03:04.820+0000] {processor.py:179} INFO - Processing /opt/airflow/dags/binance_daily_dag.py took 2.188 seconds
[2026-06-19T11:03:35.302+0000] {processor.py:157} INFO - Started process (PID=7621) to work on /opt/airflow/dags/binance_daily_dag.py
[2026-06-19T11:03:35.303+0000] {processor.py:829} INFO - Processing file /opt/airflow/dags/binance_daily_dag.py for tasks to queue
[2026-06-19T11:03:35.305+0000] {logging_mixin.py:151} INFO - [2026-06-19T11:03:35.304+0000] {dagbag.py:539} INFO - Filling up the DagBag from /opt/airflow/dags/binance_daily_dag.py
[2026-06-19T11:03:37.685+0000] {processor.py:839} INFO - DAG(s) dict_keys(['daily_crypto_lstm_pipeline']) retrieved from /opt/airflow/dags/binance_daily_dag.py
[2026-06-19T11:03:37.707+0000] {logging_mixin.py:151} INFO - [2026-06-19T11:03:37.707+0000] {dag.py:2915} INFO - Sync 1 DAGs
[2026-06-19T11:03:37.730+0000] {logging_mixin.py:151} INFO - [2026-06-19T11:03:37.730+0000] {dag.py:3696} INFO - Setting next_dagrun for daily_crypto_lstm_pipeline to 2026-06-19T00:02:00+00:00, run_after=2026-06-20T00:02:00+00:00
[2026-06-19T11:03:37.750+0000] {processor.py:179} INFO - Processing /opt/airflow/dags/binance_daily_dag.py took 2.454 seconds
[2026-06-19T11:04:07.857+0000] {processor.py:157} INFO - Started process (PID=7659) to work on /opt/airflow/dags/binance_daily_dag.py
[2026-06-19T11:04:07.858+0000] {processor.py:829} INFO - Processing file /opt/airflow/dags/binance_daily_dag.py for tasks to queue
[2026-06-19T11:04:07.859+0000] {logging_mixin.py:151} INFO - [2026-06-19T11:04:07.859+0000] {dagbag.py:539} INFO - Filling up the DagBag from /opt/airflow/dags/binance_daily_dag.py
[2026-06-19T11:04:09.945+0000] {processor.py:839} INFO - DAG(s) dict_keys(['daily_crypto_lstm_pipeline']) retrieved from /opt/airflow/dags/binance_daily_dag.py
[2026-06-19T11:04:09.973+0000] {logging_mixin.py:151} INFO - [2026-06-19T11:04:09.972+0000] {dag.py:2915} INFO - Sync 1 DAGs
[2026-06-19T11:04:10.008+0000] {logging_mixin.py:151} INFO - [2026-06-19T11:04:10.007+0000] {dag.py:3696} INFO - Setting next_dagrun for daily_crypto_lstm_pipeline to 2026-06-19T00:02:00+00:00, run_after=2026-06-20T00:02:00+00:00
[2026-06-19T11:04:10.033+0000] {processor.py:179} INFO - Processing /opt/airflow/dags/binance_daily_dag.py took 2.179 seconds
[2026-06-19T11:04:40.687+0000] {processor.py:157} INFO - Started process (PID=7692) to work on /opt/airflow/dags/binance_daily_dag.py
[2026-06-19T11:04:40.689+0000] {processor.py:829} INFO - Processing file /opt/airflow/dags/binance_daily_dag.py for tasks to queue
[2026-06-19T11:04:40.689+0000] {logging_mixin.py:151} INFO - [2026-06-19T11:04:40.689+0000] {dagbag.py:539} INFO - Filling up the DagBag from /opt/airflow/dags/binance_daily_dag.py
[2026-06-19T11:04:42.925+0000] {processor.py:839} INFO - DAG(s) dict_keys(['daily_crypto_lstm_pipeline']) retrieved from /opt/airflow/dags/binance_daily_dag.py
[2026-06-19T11:04:42.946+0000] {logging_mixin.py:151} INFO - [2026-06-19T11:04:42.945+0000] {dag.py:2915} INFO - Sync 1 DAGs
[2026-06-19T11:04:42.966+0000] {logging_mixin.py:151} INFO - [2026-06-19T11:04:42.966+0000] {dag.py:3696} INFO - Setting next_dagrun for daily_crypto_lstm_pipeline to 2026-06-19T00:02:00+00:00, run_after=2026-06-20T00:02:00+00:00
[2026-06-19T11:04:43.023+0000] {processor.py:179} INFO - Processing /opt/airflow/dags/binance_daily_dag.py took 2.339 seconds
[2026-06-19T11:05:13.285+0000] {processor.py:157} INFO - Started process (PID=7725) to work on /opt/airflow/dags/binance_daily_dag.py
[2026-06-19T11:05:13.287+0000] {processor.py:829} INFO - Processing file /opt/airflow/dags/binance_daily_dag.py for tasks to queue
[2026-06-19T11:05:13.287+0000] {logging_mixin.py:151} INFO - [2026-06-19T11:05:13.287+0000] {dagbag.py:539} INFO - Filling up the DagBag from /opt/airflow/dags/binance_daily_dag.py
[2026-06-19T11:05:15.411+0000] {processor.py:839} INFO - DAG(s) dict_keys(['daily_crypto_lstm_pipeline']) retrieved from /opt/airflow/dags/binance_daily_dag.py
[2026-06-19T11:05:15.431+0000] {logging_mixin.py:151} INFO - [2026-06-19T11:05:15.430+0000] {dag.py:2915} INFO - Sync 1 DAGs
[2026-06-19T11:05:15.454+0000] {logging_mixin.py:151} INFO - [2026-06-19T11:05:15.453+0000] {dag.py:3696} INFO - Setting next_dagrun for daily_crypto_lstm_pipeline to 2026-06-19T00:02:00+00:00, run_after=2026-06-20T00:02:00+00:00
[2026-06-19T11:05:15.470+0000] {processor.py:179} INFO - Processing /opt/airflow/dags/binance_daily_dag.py took 2.188 seconds
[2026-06-19T11:05:45.890+0000] {processor.py:157} INFO - Started process (PID=7758) to work on /opt/airflow/dags/binance_daily_dag.py
[2026-06-19T11:05:45.891+0000] {processor.py:829} INFO - Processing file /opt/airflow/dags/binance_daily_dag.py for tasks to queue
[2026-06-19T11:05:45.892+0000] {logging_mixin.py:151} INFO - [2026-06-19T11:05:45.892+0000] {dagbag.py:539} INFO - Filling up the DagBag from /opt/airflow/dags/binance_daily_dag.py
[2026-06-19T11:05:48.216+0000] {processor.py:839} INFO - DAG(s) dict_keys(['daily_crypto_lstm_pipeline']) retrieved from /opt/airflow/dags/binance_daily_dag.py
[2026-06-19T11:05:48.243+0000] {logging_mixin.py:151} INFO - [2026-06-19T11:05:48.242+0000] {dag.py:2915} INFO - Sync 1 DAGs
[2026-06-19T11:05:48.265+0000] {logging_mixin.py:151} INFO - [2026-06-19T11:05:48.265+0000] {dag.py:3696} INFO - Setting next_dagrun for daily_crypto_lstm_pipeline to 2026-06-19T00:02:00+00:00, run_after=2026-06-20T00:02:00+00:00
[2026-06-19T11:05:48.285+0000] {processor.py:179} INFO - Processing /opt/airflow/dags/binance_daily_dag.py took 2.398 seconds
[2026-06-19T11:06:18.510+0000] {processor.py:157} INFO - Started process (PID=7791) to work on /opt/airflow/dags/binance_daily_dag.py
[2026-06-19T11:06:18.511+0000] {processor.py:829} INFO - Processing file /opt/airflow/dags/binance_daily_dag.py for tasks to queue
[2026-06-19T11:06:18.511+0000] {logging_mixin.py:151} INFO - [2026-06-19T11:06:18.511+0000] {dagbag.py:539} INFO - Filling up the DagBag from /opt/airflow/dags/binance_daily_dag.py
[2026-06-19T11:06:20.900+0000] {processor.py:839} INFO - DAG(s) dict_keys(['daily_crypto_lstm_pipeline']) retrieved from /opt/airflow/dags/binance_daily_dag.py
[2026-06-19T11:06:20.919+0000] {logging_mixin.py:151} INFO - [2026-06-19T11:06:20.919+0000] {dag.py:2915} INFO - Sync 1 DAGs
[2026-06-19T11:06:20.941+0000] {logging_mixin.py:151} INFO - [2026-06-19T11:06:20.941+0000] {dag.py:3696} INFO - Setting next_dagrun for daily_crypto_lstm_pipeline to 2026-06-19T00:02:00+00:00, run_after=2026-06-20T00:02:00+00:00
[2026-06-19T11:06:20.997+0000] {processor.py:179} INFO - Processing /opt/airflow/dags/binance_daily_dag.py took 2.490 seconds
[2026-06-19T11:06:51.941+0000] {processor.py:157} INFO - Started process (PID=7824) to work on /opt/airflow/dags/binance_daily_dag.py
[2026-06-19T11:06:51.942+0000] {processor.py:829} INFO - Processing file /opt/airflow/dags/binance_daily_dag.py for tasks to queue
[2026-06-19T11:06:51.943+0000] {logging_mixin.py:151} INFO - [2026-06-19T11:06:51.942+0000] {dagbag.py:539} INFO - Filling up the DagBag from /opt/airflow/dags/binance_daily_dag.py
[2026-06-19T11:06:54.285+0000] {processor.py:839} INFO - DAG(s) dict_keys(['daily_crypto_lstm_pipeline']) retrieved from /opt/airflow/dags/binance_daily_dag.py
[2026-06-19T11:06:54.312+0000] {logging_mixin.py:151} INFO - [2026-06-19T11:06:54.311+0000] {dag.py:2915} INFO - Sync 1 DAGs
[2026-06-19T11:06:54.334+0000] {logging_mixin.py:151} INFO - [2026-06-19T11:06:54.334+0000] {dag.py:3696} INFO - Setting next_dagrun for daily_crypto_lstm_pipeline to 2026-06-19T00:02:00+00:00, run_after=2026-06-20T00:02:00+00:00
[2026-06-19T11:06:54.396+0000] {processor.py:179} INFO - Processing /opt/airflow/dags/binance_daily_dag.py took 2.458 seconds
[2026-06-19T11:07:24.753+0000] {processor.py:157} INFO - Started process (PID=7857) to work on /opt/airflow/dags/binance_daily_dag.py
[2026-06-19T11:07:24.754+0000] {processor.py:829} INFO - Processing file /opt/airflow/dags/binance_daily_dag.py for tasks to queue
[2026-06-19T11:07:24.755+0000] {logging_mixin.py:151} INFO - [2026-06-19T11:07:24.755+0000] {dagbag.py:539} INFO - Filling up the DagBag from /opt/airflow/dags/binance_daily_dag.py
[2026-06-19T11:07:27.009+0000] {processor.py:839} INFO - DAG(s) dict_keys(['daily_crypto_lstm_pipeline']) retrieved from /opt/airflow/dags/binance_daily_dag.py
[2026-06-19T11:07:27.031+0000] {logging_mixin.py:151} INFO - [2026-06-19T11:07:27.031+0000] {dag.py:2915} INFO - Sync 1 DAGs
[2026-06-19T11:07:27.051+0000] {logging_mixin.py:151} INFO - [2026-06-19T11:07:27.050+0000] {dag.py:3696} INFO - Setting next_dagrun for daily_crypto_lstm_pipeline to 2026-06-19T00:02:00+00:00, run_after=2026-06-20T00:02:00+00:00
[2026-06-19T11:07:27.100+0000] {processor.py:179} INFO - Processing /opt/airflow/dags/binance_daily_dag.py took 2.351 seconds
[2026-06-19T11:07:57.361+0000] {processor.py:157} INFO - Started process (PID=7890) to work on /opt/airflow/dags/binance_daily_dag.py
[2026-06-19T11:07:57.363+0000] {processor.py:829} INFO - Processing file /opt/airflow/dags/binance_daily_dag.py for tasks to queue
[2026-06-19T11:07:57.364+0000] {logging_mixin.py:151} INFO - [2026-06-19T11:07:57.364+0000] {dagbag.py:539} INFO - Filling up the DagBag from /opt/airflow/dags/binance_daily_dag.py
[2026-06-19T11:07:59.452+0000] {processor.py:839} INFO - DAG(s) dict_keys(['daily_crypto_lstm_pipeline']) retrieved from /opt/airflow/dags/binance_daily_dag.py
[2026-06-19T11:07:59.474+0000] {logging_mixin.py:151} INFO - [2026-06-19T11:07:59.473+0000] {dag.py:2915} INFO - Sync 1 DAGs
[2026-06-19T11:07:59.497+0000] {logging_mixin.py:151} INFO - [2026-06-19T11:07:59.497+0000] {dag.py:3696} INFO - Setting next_dagrun for daily_crypto_lstm_pipeline to 2026-06-19T00:02:00+00:00, run_after=2026-06-20T00:02:00+00:00
[2026-06-19T11:07:59.521+0000] {processor.py:179} INFO - Processing /opt/airflow/dags/binance_daily_dag.py took 2.164 seconds
[2026-06-19T11:08:29.941+0000] {processor.py:157} INFO - Started process (PID=7924) to work on /opt/airflow/dags/binance_daily_dag.py
[2026-06-19T11:08:29.942+0000] {processor.py:829} INFO - Processing file /opt/airflow/dags/binance_daily_dag.py for tasks to queue
[2026-06-19T11:08:29.943+0000] {logging_mixin.py:151} INFO - [2026-06-19T11:08:29.943+0000] {dagbag.py:539} INFO - Filling up the DagBag from /opt/airflow/dags/binance_daily_dag.py
[2026-06-19T11:08:32.313+0000] {processor.py:839} INFO - DAG(s) dict_keys(['daily_crypto_lstm_pipeline']) retrieved from /opt/airflow/dags/binance_daily_dag.py
[2026-06-19T11:08:32.346+0000] {logging_mixin.py:151} INFO - [2026-06-19T11:08:32.345+0000] {dag.py:2915} INFO - Sync 1 DAGs
[2026-06-19T11:08:32.385+0000] {logging_mixin.py:151} INFO - [2026-06-19T11:08:32.385+0000] {dag.py:3696} INFO - Setting next_dagrun for daily_crypto_lstm_pipeline to 2026-06-19T00:02:00+00:00, run_after=2026-06-20T00:02:00+00:00
[2026-06-19T11:08:32.435+0000] {processor.py:179} INFO - Processing /opt/airflow/dags/binance_daily_dag.py took 2.499 seconds
[2026-06-19T11:09:03.473+0000] {processor.py:157} INFO - Started process (PID=7967) to work on /opt/airflow/dags/binance_daily_dag.py
[2026-06-19T11:09:03.474+0000] {processor.py:829} INFO - Processing file /opt/airflow/dags/binance_daily_dag.py for tasks to queue
[2026-06-19T11:09:03.475+0000] {logging_mixin.py:151} INFO - [2026-06-19T11:09:03.475+0000] {dagbag.py:539} INFO - Filling up the DagBag from /opt/airflow/dags/binance_daily_dag.py
[2026-06-19T11:09:05.847+0000] {processor.py:839} INFO - DAG(s) dict_keys(['daily_crypto_lstm_pipeline']) retrieved from /opt/airflow/dags/binance_daily_dag.py
[2026-06-19T11:09:05.872+0000] {logging_mixin.py:151} INFO - [2026-06-19T11:09:05.871+0000] {dag.py:2915} INFO - Sync 1 DAGs
[2026-06-19T11:09:05.895+0000] {logging_mixin.py:151} INFO - [2026-06-19T11:09:05.895+0000] {dag.py:3696} INFO - Setting next_dagrun for daily_crypto_lstm_pipeline to 2026-06-19T00:02:00+00:00, run_after=2026-06-20T00:02:00+00:00
[2026-06-19T11:09:05.917+0000] {processor.py:179} INFO - Processing /opt/airflow/dags/binance_daily_dag.py took 2.449 seconds
[2026-06-19T11:09:36.326+0000] {processor.py:157} INFO - Started process (PID=8000) to work on /opt/airflow/dags/binance_daily_dag.py
[2026-06-19T11:09:36.327+0000] {processor.py:829} INFO - Processing file /opt/airflow/dags/binance_daily_dag.py for tasks to queue
[2026-06-19T11:09:36.328+0000] {logging_mixin.py:151} INFO - [2026-06-19T11:09:36.328+0000] {dagbag.py:539} INFO - Filling up the DagBag from /opt/airflow/dags/binance_daily_dag.py
[2026-06-19T11:09:38.707+0000] {processor.py:839} INFO - DAG(s) dict_keys(['daily_crypto_lstm_pipeline']) retrieved from /opt/airflow/dags/binance_daily_dag.py
[2026-06-19T11:09:38.727+0000] {logging_mixin.py:151} INFO - [2026-06-19T11:09:38.726+0000] {dag.py:2915} INFO - Sync 1 DAGs
[2026-06-19T11:09:38.747+0000] {logging_mixin.py:151} INFO - [2026-06-19T11:09:38.747+0000] {dag.py:3696} INFO - Setting next_dagrun for daily_crypto_lstm_pipeline to 2026-06-19T00:02:00+00:00, run_after=2026-06-20T00:02:00+00:00
[2026-06-19T11:09:38.805+0000] {processor.py:179} INFO - Processing /opt/airflow/dags/binance_daily_dag.py took 2.483 seconds
[2026-06-19T11:10:09.105+0000] {processor.py:157} INFO - Started process (PID=8033) to work on /opt/airflow/dags/binance_daily_dag.py
[2026-06-19T11:10:09.107+0000] {processor.py:829} INFO - Processing file /opt/airflow/dags/binance_daily_dag.py for tasks to queue
[2026-06-19T11:10:09.108+0000] {logging_mixin.py:151} INFO - [2026-06-19T11:10:09.108+0000] {dagbag.py:539} INFO - Filling up the DagBag from /opt/airflow/dags/binance_daily_dag.py
[2026-06-19T11:10:11.775+0000] {processor.py:839} INFO - DAG(s) dict_keys(['daily_crypto_lstm_pipeline']) retrieved from /opt/airflow/dags/binance_daily_dag.py
[2026-06-19T11:10:11.797+0000] {logging_mixin.py:151} INFO - [2026-06-19T11:10:11.797+0000] {dag.py:2915} INFO - Sync 1 DAGs
[2026-06-19T11:10:11.820+0000] {logging_mixin.py:151} INFO - [2026-06-19T11:10:11.819+0000] {dag.py:3696} INFO - Setting next_dagrun for daily_crypto_lstm_pipeline to 2026-06-19T00:02:00+00:00, run_after=2026-06-20T00:02:00+00:00
[2026-06-19T11:10:11.882+0000] {processor.py:179} INFO - Processing /opt/airflow/dags/binance_daily_dag.py took 2.780 seconds
[2026-06-19T11:10:42.158+0000] {processor.py:157} INFO - Started process (PID=8066) to work on /opt/airflow/dags/binance_daily_dag.py
[2026-06-19T11:10:42.159+0000] {processor.py:829} INFO - Processing file /opt/airflow/dags/binance_daily_dag.py for tasks to queue
[2026-06-19T11:10:42.160+0000] {logging_mixin.py:151} INFO - [2026-06-19T11:10:42.160+0000] {dagbag.py:539} INFO - Filling up the DagBag from /opt/airflow/dags/binance_daily_dag.py
[2026-06-19T11:10:44.446+0000] {processor.py:839} INFO - DAG(s) dict_keys(['daily_crypto_lstm_pipeline']) retrieved from /opt/airflow/dags/binance_daily_dag.py
[2026-06-19T11:10:44.468+0000] {logging_mixin.py:151} INFO - [2026-06-19T11:10:44.467+0000] {dag.py:2915} INFO - Sync 1 DAGs
[2026-06-19T11:10:44.485+0000] {logging_mixin.py:151} INFO - [2026-06-19T11:10:44.484+0000] {dag.py:3696} INFO - Setting next_dagrun for daily_crypto_lstm_pipeline to 2026-06-19T00:02:00+00:00, run_after=2026-06-20T00:02:00+00:00
[2026-06-19T11:10:44.536+0000] {processor.py:179} INFO - Processing /opt/airflow/dags/binance_daily_dag.py took 2.382 seconds
[2026-06-19T11:11:14.819+0000] {processor.py:157} INFO - Started process (PID=8100) to work on /opt/airflow/dags/binance_daily_dag.py
[2026-06-19T11:11:14.820+0000] {processor.py:829} INFO - Processing file /opt/airflow/dags/binance_daily_dag.py for tasks to queue
[2026-06-19T11:11:14.821+0000] {logging_mixin.py:151} INFO - [2026-06-19T11:11:14.821+0000] {dagbag.py:539} INFO - Filling up the DagBag from /opt/airflow/dags/binance_daily_dag.py
[2026-06-19T11:11:17.250+0000] {processor.py:839} INFO - DAG(s) dict_keys(['daily_crypto_lstm_pipeline']) retrieved from /opt/airflow/dags/binance_daily_dag.py
[2026-06-19T11:11:17.273+0000] {logging_mixin.py:151} INFO - [2026-06-19T11:11:17.272+0000] {dag.py:2915} INFO - Sync 1 DAGs
[2026-06-19T11:11:17.294+0000] {logging_mixin.py:151} INFO - [2026-06-19T11:11:17.294+0000] {dag.py:3696} INFO - Setting next_dagrun for daily_crypto_lstm_pipeline to 2026-06-19T00:02:00+00:00, run_after=2026-06-20T00:02:00+00:00
[2026-06-19T11:11:17.318+0000] {processor.py:179} INFO - Processing /opt/airflow/dags/binance_daily_dag.py took 2.503 seconds
[2026-06-19T11:11:47.618+0000] {processor.py:157} INFO - Started process (PID=8133) to work on /opt/airflow/dags/binance_daily_dag.py
[2026-06-19T11:11:47.619+0000] {processor.py:829} INFO - Processing file /opt/airflow/dags/binance_daily_dag.py for tasks to queue
[2026-06-19T11:11:47.620+0000] {logging_mixin.py:151} INFO - [2026-06-19T11:11:47.620+0000] {dagbag.py:539} INFO - Filling up the DagBag from /opt/airflow/dags/binance_daily_dag.py
[2026-06-19T11:11:49.967+0000] {processor.py:839} INFO - DAG(s) dict_keys(['daily_crypto_lstm_pipeline']) retrieved from /opt/airflow/dags/binance_daily_dag.py
[2026-06-19T11:11:49.987+0000] {logging_mixin.py:151} INFO - [2026-06-19T11:11:49.987+0000] {dag.py:2915} INFO - Sync 1 DAGs
[2026-06-19T11:11:50.010+0000] {logging_mixin.py:151} INFO - [2026-06-19T11:11:50.009+0000] {dag.py:3696} INFO - Setting next_dagrun for daily_crypto_lstm_pipeline to 2026-06-19T00:02:00+00:00, run_after=2026-06-20T00:02:00+00:00
[2026-06-19T11:11:50.068+0000] {processor.py:179} INFO - Processing /opt/airflow/dags/binance_daily_dag.py took 2.453 seconds
[2026-06-19T11:12:20.379+0000] {processor.py:157} INFO - Started process (PID=8166) to work on /opt/airflow/dags/binance_daily_dag.py
[2026-06-19T11:12:20.380+0000] {processor.py:829} INFO - Processing file /opt/airflow/dags/binance_daily_dag.py for tasks to queue
[2026-06-19T11:12:20.382+0000] {logging_mixin.py:151} INFO - [2026-06-19T11:12:20.381+0000] {dagbag.py:539} INFO - Filling up the DagBag from /opt/airflow/dags/binance_daily_dag.py
[2026-06-19T11:12:22.739+0000] {processor.py:839} INFO - DAG(s) dict_keys(['daily_crypto_lstm_pipeline']) retrieved from /opt/airflow/dags/binance_daily_dag.py
[2026-06-19T11:12:22.761+0000] {logging_mixin.py:151} INFO - [2026-06-19T11:12:22.761+0000] {dag.py:2915} INFO - Sync 1 DAGs
[2026-06-19T11:12:22.781+0000] {logging_mixin.py:151} INFO - [2026-06-19T11:12:22.780+0000] {dag.py:3696} INFO - Setting next_dagrun for daily_crypto_lstm_pipeline to 2026-06-19T00:02:00+00:00, run_after=2026-06-20T00:02:00+00:00
[2026-06-19T11:12:22.798+0000] {processor.py:179} INFO - Processing /opt/airflow/dags/binance_daily_dag.py took 2.426 seconds
[2026-06-19T11:12:52.986+0000] {processor.py:157} INFO - Started process (PID=8199) to work on /opt/airflow/dags/binance_daily_dag.py
[2026-06-19T11:12:52.987+0000] {processor.py:829} INFO - Processing file /opt/airflow/dags/binance_daily_dag.py for tasks to queue
[2026-06-19T11:12:52.988+0000] {logging_mixin.py:151} INFO - [2026-06-19T11:12:52.988+0000] {dagbag.py:539} INFO - Filling up the DagBag from /opt/airflow/dags/binance_daily_dag.py
[2026-06-19T11:12:55.525+0000] {processor.py:839} INFO - DAG(s) dict_keys(['daily_crypto_lstm_pipeline']) retrieved from /opt/airflow/dags/binance_daily_dag.py
[2026-06-19T11:12:55.545+0000] {logging_mixin.py:151} INFO - [2026-06-19T11:12:55.544+0000] {dag.py:2915} INFO - Sync 1 DAGs
[2026-06-19T11:12:55.562+0000] {logging_mixin.py:151} INFO - [2026-06-19T11:12:55.562+0000] {dag.py:3696} INFO - Setting next_dagrun for daily_crypto_lstm_pipeline to 2026-06-19T00:02:00+00:00, run_after=2026-06-20T00:02:00+00:00
[2026-06-19T11:12:55.582+0000] {processor.py:179} INFO - Processing /opt/airflow/dags/binance_daily_dag.py took 2.600 seconds
[2026-06-19T11:13:25.889+0000] {processor.py:157} INFO - Started process (PID=8232) to work on /opt/airflow/dags/binance_daily_dag.py
[2026-06-19T11:13:25.891+0000] {processor.py:829} INFO - Processing file /opt/airflow/dags/binance_daily_dag.py for tasks to queue
[2026-06-19T11:13:25.893+0000] {logging_mixin.py:151} INFO - [2026-06-19T11:13:25.892+0000] {dagbag.py:539} INFO - Filling up the DagBag from /opt/airflow/dags/binance_daily_dag.py
[2026-06-19T11:13:28.519+0000] {processor.py:839} INFO - DAG(s) dict_keys(['daily_crypto_lstm_pipeline']) retrieved from /opt/airflow/dags/binance_daily_dag.py
[2026-06-19T11:13:28.541+0000] {logging_mixin.py:151} INFO - [2026-06-19T11:13:28.541+0000] {dag.py:2915} INFO - Sync 1 DAGs
[2026-06-19T11:13:28.564+0000] {logging_mixin.py:151} INFO - [2026-06-19T11:13:28.563+0000] {dag.py:3696} INFO - Setting next_dagrun for daily_crypto_lstm_pipeline to 2026-06-19T00:02:00+00:00, run_after=2026-06-20T00:02:00+00:00
[2026-06-19T11:13:28.625+0000] {processor.py:179} INFO - Processing /opt/airflow/dags/binance_daily_dag.py took 2.741 seconds
[2026-06-19T11:13:58.919+0000] {processor.py:157} INFO - Started process (PID=8265) to work on /opt/airflow/dags/binance_daily_dag.py
[2026-06-19T11:13:58.920+0000] {processor.py:829} INFO - Processing file /opt/airflow/dags/binance_daily_dag.py for tasks to queue
[2026-06-19T11:13:58.921+0000] {logging_mixin.py:151} INFO - [2026-06-19T11:13:58.920+0000] {dagbag.py:539} INFO - Filling up the DagBag from /opt/airflow/dags/binance_daily_dag.py
[2026-06-19T11:14:01.295+0000] {processor.py:839} INFO - DAG(s) dict_keys(['daily_crypto_lstm_pipeline']) retrieved from /opt/airflow/dags/binance_daily_dag.py
[2026-06-19T11:14:01.317+0000] {logging_mixin.py:151} INFO - [2026-06-19T11:14:01.317+0000] {dag.py:2915} INFO - Sync 1 DAGs
[2026-06-19T11:14:01.336+0000] {logging_mixin.py:151} INFO - [2026-06-19T11:14:01.336+0000] {dag.py:3696} INFO - Setting next_dagrun for daily_crypto_lstm_pipeline to 2026-06-19T00:02:00+00:00, run_after=2026-06-20T00:02:00+00:00
[2026-06-19T11:14:01.394+0000] {processor.py:179} INFO - Processing /opt/airflow/dags/binance_daily_dag.py took 2.479 seconds
[2026-06-19T11:14:31.822+0000] {processor.py:157} INFO - Started process (PID=8298) to work on /opt/airflow/dags/binance_daily_dag.py
[2026-06-19T11:14:31.823+0000] {processor.py:829} INFO - Processing file /opt/airflow/dags/binance_daily_dag.py for tasks to queue
[2026-06-19T11:14:31.824+0000] {logging_mixin.py:151} INFO - [2026-06-19T11:14:31.823+0000] {dagbag.py:539} INFO - Filling up the DagBag from /opt/airflow/dags/binance_daily_dag.py
[2026-06-19T11:14:34.044+0000] {processor.py:839} INFO - DAG(s) dict_keys(['daily_crypto_lstm_pipeline']) retrieved from /opt/airflow/dags/binance_daily_dag.py
[2026-06-19T11:14:34.064+0000] {logging_mixin.py:151} INFO - [2026-06-19T11:14:34.064+0000] {dag.py:2915} INFO - Sync 1 DAGs
[2026-06-19T11:14:34.082+0000] {logging_mixin.py:151} INFO - [2026-06-19T11:14:34.082+0000] {dag.py:3696} INFO - Setting next_dagrun for daily_crypto_lstm_pipeline to 2026-06-19T00:02:00+00:00, run_after=2026-06-20T00:02:00+00:00
[2026-06-19T11:14:34.102+0000] {processor.py:179} INFO - Processing /opt/airflow/dags/binance_daily_dag.py took 2.283 seconds
[2026-06-19T11:15:04.434+0000] {processor.py:157} INFO - Started process (PID=8338) to work on /opt/airflow/dags/binance_daily_dag.py
[2026-06-19T11:15:04.437+0000] {processor.py:829} INFO - Processing file /opt/airflow/dags/binance_daily_dag.py for tasks to queue
[2026-06-19T11:15:04.438+0000] {logging_mixin.py:151} INFO - [2026-06-19T11:15:04.438+0000] {dagbag.py:539} INFO - Filling up the DagBag from /opt/airflow/dags/binance_daily_dag.py
[2026-06-19T11:15:07.962+0000] {processor.py:839} INFO - DAG(s) dict_keys(['daily_crypto_lstm_pipeline']) retrieved from /opt/airflow/dags/binance_daily_dag.py
[2026-06-19T11:15:07.983+0000] {logging_mixin.py:151} INFO - [2026-06-19T11:15:07.982+0000] {dag.py:2915} INFO - Sync 1 DAGs
[2026-06-19T11:15:08.004+0000] {logging_mixin.py:151} INFO - [2026-06-19T11:15:08.004+0000] {dag.py:3696} INFO - Setting next_dagrun for daily_crypto_lstm_pipeline to 2026-06-19T00:02:00+00:00, run_after=2026-06-20T00:02:00+00:00
[2026-06-19T11:15:08.024+0000] {processor.py:179} INFO - Processing /opt/airflow/dags/binance_daily_dag.py took 3.599 seconds
[2026-06-19T11:15:38.307+0000] {processor.py:157} INFO - Started process (PID=8371) to work on /opt/airflow/dags/binance_daily_dag.py
[2026-06-19T11:15:38.309+0000] {processor.py:829} INFO - Processing file /opt/airflow/dags/binance_daily_dag.py for tasks to queue
[2026-06-19T11:15:38.310+0000] {logging_mixin.py:151} INFO - [2026-06-19T11:15:38.310+0000] {dagbag.py:539} INFO - Filling up the DagBag from /opt/airflow/dags/binance_daily_dag.py
[2026-06-19T11:15:40.946+0000] {processor.py:839} INFO - DAG(s) dict_keys(['daily_crypto_lstm_pipeline']) retrieved from /opt/airflow/dags/binance_daily_dag.py
[2026-06-19T11:15:40.969+0000] {logging_mixin.py:151} INFO - [2026-06-19T11:15:40.968+0000] {dag.py:2915} INFO - Sync 1 DAGs
[2026-06-19T11:15:40.988+0000] {logging_mixin.py:151} INFO - [2026-06-19T11:15:40.988+0000] {dag.py:3696} INFO - Setting next_dagrun for daily_crypto_lstm_pipeline to 2026-06-19T00:02:00+00:00, run_after=2026-06-20T00:02:00+00:00
[2026-06-19T11:15:41.025+0000] {processor.py:179} INFO - Processing /opt/airflow/dags/binance_daily_dag.py took 2.723 seconds
[2026-06-19T11:16:11.459+0000] {processor.py:157} INFO - Started process (PID=8404) to work on /opt/airflow/dags/binance_daily_dag.py
[2026-06-19T11:16:11.460+0000] {processor.py:829} INFO - Processing file /opt/airflow/dags/binance_daily_dag.py for tasks to queue
[2026-06-19T11:16:11.461+0000] {logging_mixin.py:151} INFO - [2026-06-19T11:16:11.461+0000] {dagbag.py:539} INFO - Filling up the DagBag from /opt/airflow/dags/binance_daily_dag.py
[2026-06-19T11:16:14.594+0000] {processor.py:839} INFO - DAG(s) dict_keys(['daily_crypto_lstm_pipeline']) retrieved from /opt/airflow/dags/binance_daily_dag.py
[2026-06-19T11:16:14.622+0000] {logging_mixin.py:151} INFO - [2026-06-19T11:16:14.621+0000] {dag.py:2915} INFO - Sync 1 DAGs
[2026-06-19T11:16:14.645+0000] {logging_mixin.py:151} INFO - [2026-06-19T11:16:14.645+0000] {dag.py:3696} INFO - Setting next_dagrun for daily_crypto_lstm_pipeline to 2026-06-19T00:02:00+00:00, run_after=2026-06-20T00:02:00+00:00
[2026-06-19T11:16:14.923+0000] {processor.py:179} INFO - Processing /opt/airflow/dags/binance_daily_dag.py took 3.467 seconds
[2026-06-19T11:16:45.239+0000] {processor.py:157} INFO - Started process (PID=8439) to work on /opt/airflow/dags/binance_daily_dag.py
[2026-06-19T11:16:45.241+0000] {processor.py:829} INFO - Processing file /opt/airflow/dags/binance_daily_dag.py for tasks to queue
[2026-06-19T11:16:45.242+0000] {logging_mixin.py:151} INFO - [2026-06-19T11:16:45.241+0000] {dagbag.py:539} INFO - Filling up the DagBag from /opt/airflow/dags/binance_daily_dag.py
[2026-06-19T11:16:47.963+0000] {processor.py:839} INFO - DAG(s) dict_keys(['daily_crypto_lstm_pipeline']) retrieved from /opt/airflow/dags/binance_daily_dag.py
[2026-06-19T11:16:47.987+0000] {logging_mixin.py:151} INFO - [2026-06-19T11:16:47.987+0000] {dag.py:2915} INFO - Sync 1 DAGs
[2026-06-19T11:16:48.011+0000] {logging_mixin.py:151} INFO - [2026-06-19T11:16:48.011+0000] {dag.py:3696} INFO - Setting next_dagrun for daily_crypto_lstm_pipeline to 2026-06-19T00:02:00+00:00, run_after=2026-06-20T00:02:00+00:00
[2026-06-19T11:16:48.033+0000] {processor.py:179} INFO - Processing /opt/airflow/dags/binance_daily_dag.py took 2.800 seconds
[2026-06-19T11:17:18.865+0000] {processor.py:157} INFO - Started process (PID=8477) to work on /opt/airflow/dags/binance_daily_dag.py
[2026-06-19T11:17:18.867+0000] {processor.py:829} INFO - Processing file /opt/airflow/dags/binance_daily_dag.py for tasks to queue
[2026-06-19T11:17:18.868+0000] {logging_mixin.py:151} INFO - [2026-06-19T11:17:18.868+0000] {dagbag.py:539} INFO - Filling up the DagBag from /opt/airflow/dags/binance_daily_dag.py
[2026-06-19T11:17:21.640+0000] {processor.py:839} INFO - DAG(s) dict_keys(['daily_crypto_lstm_pipeline']) retrieved from /opt/airflow/dags/binance_daily_dag.py
[2026-06-19T11:17:21.661+0000] {logging_mixin.py:151} INFO - [2026-06-19T11:17:21.661+0000] {dag.py:2915} INFO - Sync 1 DAGs
[2026-06-19T11:17:21.682+0000] {logging_mixin.py:151} INFO - [2026-06-19T11:17:21.682+0000] {dag.py:3696} INFO - Setting next_dagrun for daily_crypto_lstm_pipeline to 2026-06-19T00:02:00+00:00, run_after=2026-06-20T00:02:00+00:00
[2026-06-19T11:17:21.744+0000] {processor.py:179} INFO - Processing /opt/airflow/dags/binance_daily_dag.py took 2.884 seconds
[2026-06-19T11:17:52.084+0000] {processor.py:157} INFO - Started process (PID=8510) to work on /opt/airflow/dags/binance_daily_dag.py
[2026-06-19T11:17:52.086+0000] {processor.py:829} INFO - Processing file /opt/airflow/dags/binance_daily_dag.py for tasks to queue
[2026-06-19T11:17:52.087+0000] {logging_mixin.py:151} INFO - [2026-06-19T11:17:52.087+0000] {dagbag.py:539} INFO - Filling up the DagBag from /opt/airflow/dags/binance_daily_dag.py
[2026-06-19T11:17:54.667+0000] {processor.py:839} INFO - DAG(s) dict_keys(['daily_crypto_lstm_pipeline']) retrieved from /opt/airflow/dags/binance_daily_dag.py
[2026-06-19T11:17:54.693+0000] {logging_mixin.py:151} INFO - [2026-06-19T11:17:54.692+0000] {dag.py:2915} INFO - Sync 1 DAGs
[2026-06-19T11:17:54.720+0000] {logging_mixin.py:151} INFO - [2026-06-19T11:17:54.720+0000] {dag.py:3696} INFO - Setting next_dagrun for daily_crypto_lstm_pipeline to 2026-06-19T00:02:00+00:00, run_after=2026-06-20T00:02:00+00:00
[2026-06-19T11:17:54.783+0000] {processor.py:179} INFO - Processing /opt/airflow/dags/binance_daily_dag.py took 2.705 seconds
[2026-06-19T11:18:25.247+0000] {processor.py:157} INFO - Started process (PID=8543) to work on /opt/airflow/dags/binance_daily_dag.py
[2026-06-19T11:18:25.249+0000] {processor.py:829} INFO - Processing file /opt/airflow/dags/binance_daily_dag.py for tasks to queue
[2026-06-19T11:18:25.251+0000] {logging_mixin.py:151} INFO - [2026-06-19T11:18:25.250+0000] {dagbag.py:539} INFO - Filling up the DagBag from /opt/airflow/dags/binance_daily_dag.py
[2026-06-19T11:18:27.991+0000] {processor.py:839} INFO - DAG(s) dict_keys(['daily_crypto_lstm_pipeline']) retrieved from /opt/airflow/dags/binance_daily_dag.py
[2026-06-19T11:18:28.013+0000] {logging_mixin.py:151} INFO - [2026-06-19T11:18:28.013+0000] {dag.py:2915} INFO - Sync 1 DAGs
[2026-06-19T11:18:28.035+0000] {logging_mixin.py:151} INFO - [2026-06-19T11:18:28.035+0000] {dag.py:3696} INFO - Setting next_dagrun for daily_crypto_lstm_pipeline to 2026-06-19T00:02:00+00:00, run_after=2026-06-20T00:02:00+00:00
[2026-06-19T11:18:28.094+0000] {processor.py:179} INFO - Processing /opt/airflow/dags/binance_daily_dag.py took 2.852 seconds
[2026-06-19T11:18:58.407+0000] {processor.py:157} INFO - Started process (PID=8576) to work on /opt/airflow/dags/binance_daily_dag.py
[2026-06-19T11:18:58.409+0000] {processor.py:829} INFO - Processing file /opt/airflow/dags/binance_daily_dag.py for tasks to queue
[2026-06-19T11:18:58.411+0000] {logging_mixin.py:151} INFO - [2026-06-19T11:18:58.410+0000] {dagbag.py:539} INFO - Filling up the DagBag from /opt/airflow/dags/binance_daily_dag.py
[2026-06-19T11:19:01.111+0000] {processor.py:839} INFO - DAG(s) dict_keys(['daily_crypto_lstm_pipeline']) retrieved from /opt/airflow/dags/binance_daily_dag.py
[2026-06-19T11:19:01.134+0000] {logging_mixin.py:151} INFO - [2026-06-19T11:19:01.133+0000] {dag.py:2915} INFO - Sync 1 DAGs
[2026-06-19T11:19:01.157+0000] {logging_mixin.py:151} INFO - [2026-06-19T11:19:01.157+0000] {dag.py:3696} INFO - Setting next_dagrun for daily_crypto_lstm_pipeline to 2026-06-19T00:02:00+00:00, run_after=2026-06-20T00:02:00+00:00
[2026-06-19T11:19:01.219+0000] {processor.py:179} INFO - Processing /opt/airflow/dags/binance_daily_dag.py took 2.819 seconds
[2026-06-19T11:19:31.659+0000] {processor.py:157} INFO - Started process (PID=8609) to work on /opt/airflow/dags/binance_daily_dag.py
[2026-06-19T11:19:31.661+0000] {processor.py:829} INFO - Processing file /opt/airflow/dags/binance_daily_dag.py for tasks to queue
[2026-06-19T11:19:31.662+0000] {logging_mixin.py:151} INFO - [2026-06-19T11:19:31.662+0000] {dagbag.py:539} INFO - Filling up the DagBag from /opt/airflow/dags/binance_daily_dag.py
[2026-06-19T11:19:34.171+0000] {processor.py:839} INFO - DAG(s) dict_keys(['daily_crypto_lstm_pipeline']) retrieved from /opt/airflow/dags/binance_daily_dag.py
[2026-06-19T11:19:34.192+0000] {logging_mixin.py:151} INFO - [2026-06-19T11:19:34.191+0000] {dag.py:2915} INFO - Sync 1 DAGs
[2026-06-19T11:19:34.381+0000] {logging_mixin.py:151} INFO - [2026-06-19T11:19:34.381+0000] {dag.py:3696} INFO - Setting next_dagrun for daily_crypto_lstm_pipeline to 2026-06-19T00:02:00+00:00, run_after=2026-06-20T00:02:00+00:00
[2026-06-19T11:19:34.405+0000] {processor.py:179} INFO - Processing /opt/airflow/dags/binance_daily_dag.py took 2.750 seconds
[2026-06-19T11:20:04.729+0000] {processor.py:157} INFO - Started process (PID=8649) to work on /opt/airflow/dags/binance_daily_dag.py
[2026-06-19T11:20:04.731+0000] {processor.py:829} INFO - Processing file /opt/airflow/dags/binance_daily_dag.py for tasks to queue
[2026-06-19T11:20:04.731+0000] {logging_mixin.py:151} INFO - [2026-06-19T11:20:04.731+0000] {dagbag.py:539} INFO - Filling up the DagBag from /opt/airflow/dags/binance_daily_dag.py
[2026-06-19T11:20:07.283+0000] {processor.py:839} INFO - DAG(s) dict_keys(['daily_crypto_lstm_pipeline']) retrieved from /opt/airflow/dags/binance_daily_dag.py
[2026-06-19T11:20:07.315+0000] {logging_mixin.py:151} INFO - [2026-06-19T11:20:07.314+0000] {dag.py:2915} INFO - Sync 1 DAGs
[2026-06-19T11:20:07.340+0000] {logging_mixin.py:151} INFO - [2026-06-19T11:20:07.339+0000] {dag.py:3696} INFO - Setting next_dagrun for daily_crypto_lstm_pipeline to 2026-06-19T00:02:00+00:00, run_after=2026-06-20T00:02:00+00:00
[2026-06-19T11:20:07.403+0000] {processor.py:179} INFO - Processing /opt/airflow/dags/binance_daily_dag.py took 2.679 seconds
[2026-06-19T11:20:37.908+0000] {processor.py:157} INFO - Started process (PID=8682) to work on /opt/airflow/dags/binance_daily_dag.py
[2026-06-19T11:20:37.910+0000] {processor.py:829} INFO - Processing file /opt/airflow/dags/binance_daily_dag.py for tasks to queue
[2026-06-19T11:20:37.911+0000] {logging_mixin.py:151} INFO - [2026-06-19T11:20:37.911+0000] {dagbag.py:539} INFO - Filling up the DagBag from /opt/airflow/dags/binance_daily_dag.py
[2026-06-19T11:20:40.477+0000] {processor.py:839} INFO - DAG(s) dict_keys(['daily_crypto_lstm_pipeline']) retrieved from /opt/airflow/dags/binance_daily_dag.py
[2026-06-19T11:20:40.499+0000] {logging_mixin.py:151} INFO - [2026-06-19T11:20:40.498+0000] {dag.py:2915} INFO - Sync 1 DAGs
[2026-06-19T11:20:40.519+0000] {logging_mixin.py:151} INFO - [2026-06-19T11:20:40.519+0000] {dag.py:3696} INFO - Setting next_dagrun for daily_crypto_lstm_pipeline to 2026-06-19T00:02:00+00:00, run_after=2026-06-20T00:02:00+00:00
[2026-06-19T11:20:40.540+0000] {processor.py:179} INFO - Processing /opt/airflow/dags/binance_daily_dag.py took 2.637 seconds
[2026-06-19T11:21:11.161+0000] {processor.py:157} INFO - Started process (PID=8715) to work on /opt/airflow/dags/binance_daily_dag.py
[2026-06-19T11:21:11.163+0000] {processor.py:829} INFO - Processing file /opt/airflow/dags/binance_daily_dag.py for tasks to queue
[2026-06-19T11:21:11.164+0000] {logging_mixin.py:151} INFO - [2026-06-19T11:21:11.163+0000] {dagbag.py:539} INFO - Filling up the DagBag from /opt/airflow/dags/binance_daily_dag.py
[2026-06-19T11:21:13.718+0000] {processor.py:839} INFO - DAG(s) dict_keys(['daily_crypto_lstm_pipeline']) retrieved from /opt/airflow/dags/binance_daily_dag.py
[2026-06-19T11:21:13.742+0000] {logging_mixin.py:151} INFO - [2026-06-19T11:21:13.741+0000] {dag.py:2915} INFO - Sync 1 DAGs
[2026-06-19T11:21:13.936+0000] {logging_mixin.py:151} INFO - [2026-06-19T11:21:13.936+0000] {dag.py:3696} INFO - Setting next_dagrun for daily_crypto_lstm_pipeline to 2026-06-19T00:02:00+00:00, run_after=2026-06-20T00:02:00+00:00
[2026-06-19T11:21:13.958+0000] {processor.py:179} INFO - Processing /opt/airflow/dags/binance_daily_dag.py took 2.803 seconds
[2026-06-19T11:21:44.272+0000] {processor.py:157} INFO - Started process (PID=8749) to work on /opt/airflow/dags/binance_daily_dag.py
[2026-06-19T11:21:44.274+0000] {processor.py:829} INFO - Processing file /opt/airflow/dags/binance_daily_dag.py for tasks to queue
[2026-06-19T11:21:44.275+0000] {logging_mixin.py:151} INFO - [2026-06-19T11:21:44.275+0000] {dagbag.py:539} INFO - Filling up the DagBag from /opt/airflow/dags/binance_daily_dag.py
[2026-06-19T11:21:46.752+0000] {processor.py:839} INFO - DAG(s) dict_keys(['daily_crypto_lstm_pipeline']) retrieved from /opt/airflow/dags/binance_daily_dag.py
[2026-06-19T11:21:46.776+0000] {logging_mixin.py:151} INFO - [2026-06-19T11:21:46.776+0000] {dag.py:2915} INFO - Sync 1 DAGs
[2026-06-19T11:21:46.797+0000] {logging_mixin.py:151} INFO - [2026-06-19T11:21:46.796+0000] {dag.py:3696} INFO - Setting next_dagrun for daily_crypto_lstm_pipeline to 2026-06-19T00:02:00+00:00, run_after=2026-06-20T00:02:00+00:00
[2026-06-19T11:21:46.859+0000] {processor.py:179} INFO - Processing /opt/airflow/dags/binance_daily_dag.py took 2.593 seconds
[2026-06-19T11:22:17.183+0000] {processor.py:157} INFO - Started process (PID=8781) to work on /opt/airflow/dags/binance_daily_dag.py
[2026-06-19T11:22:17.184+0000] {processor.py:829} INFO - Processing file /opt/airflow/dags/binance_daily_dag.py for tasks to queue
[2026-06-19T11:22:17.185+0000] {logging_mixin.py:151} INFO - [2026-06-19T11:22:17.185+0000] {dagbag.py:539} INFO - Filling up the DagBag from /opt/airflow/dags/binance_daily_dag.py
[2026-06-19T11:22:19.673+0000] {processor.py:839} INFO - DAG(s) dict_keys(['daily_crypto_lstm_pipeline']) retrieved from /opt/airflow/dags/binance_daily_dag.py
[2026-06-19T11:22:19.698+0000] {logging_mixin.py:151} INFO - [2026-06-19T11:22:19.697+0000] {dag.py:2915} INFO - Sync 1 DAGs
[2026-06-19T11:22:19.719+0000] {logging_mixin.py:151} INFO - [2026-06-19T11:22:19.719+0000] {dag.py:3696} INFO - Setting next_dagrun for daily_crypto_lstm_pipeline to 2026-06-19T00:02:00+00:00, run_after=2026-06-20T00:02:00+00:00
[2026-06-19T11:22:19.779+0000] {processor.py:179} INFO - Processing /opt/airflow/dags/binance_daily_dag.py took 2.599 seconds
[2026-06-19T11:22:50.003+0000] {processor.py:157} INFO - Started process (PID=8814) to work on /opt/airflow/dags/binance_daily_dag.py
[2026-06-19T11:22:50.005+0000] {processor.py:829} INFO - Processing file /opt/airflow/dags/binance_daily_dag.py for tasks to queue
[2026-06-19T11:22:50.006+0000] {logging_mixin.py:151} INFO - [2026-06-19T11:22:50.006+0000] {dagbag.py:539} INFO - Filling up the DagBag from /opt/airflow/dags/binance_daily_dag.py
[2026-06-19T11:22:52.533+0000] {processor.py:839} INFO - DAG(s) dict_keys(['daily_crypto_lstm_pipeline']) retrieved from /opt/airflow/dags/binance_daily_dag.py
[2026-06-19T11:22:52.560+0000] {logging_mixin.py:151} INFO - [2026-06-19T11:22:52.559+0000] {dag.py:2915} INFO - Sync 1 DAGs
[2026-06-19T11:22:52.738+0000] {logging_mixin.py:151} INFO - [2026-06-19T11:22:52.737+0000] {dag.py:3696} INFO - Setting next_dagrun for daily_crypto_lstm_pipeline to 2026-06-19T00:02:00+00:00, run_after=2026-06-20T00:02:00+00:00
[2026-06-19T11:22:52.796+0000] {processor.py:179} INFO - Processing /opt/airflow/dags/binance_daily_dag.py took 2.798 seconds
[2026-06-19T11:23:23.124+0000] {processor.py:157} INFO - Started process (PID=8852) to work on /opt/airflow/dags/binance_daily_dag.py
[2026-06-19T11:23:23.126+0000] {processor.py:829} INFO - Processing file /opt/airflow/dags/binance_daily_dag.py for tasks to queue
[2026-06-19T11:23:23.127+0000] {logging_mixin.py:151} INFO - [2026-06-19T11:23:23.127+0000] {dagbag.py:539} INFO - Filling up the DagBag from /opt/airflow/dags/binance_daily_dag.py
[2026-06-19T11:23:25.847+0000] {processor.py:839} INFO - DAG(s) dict_keys(['daily_crypto_lstm_pipeline']) retrieved from /opt/airflow/dags/binance_daily_dag.py
[2026-06-19T11:23:25.903+0000] {logging_mixin.py:151} INFO - [2026-06-19T11:23:25.902+0000] {dag.py:2915} INFO - Sync 1 DAGs
[2026-06-19T11:23:25.933+0000] {logging_mixin.py:151} INFO - [2026-06-19T11:23:25.932+0000] {dag.py:3696} INFO - Setting next_dagrun for daily_crypto_lstm_pipeline to 2026-06-19T00:02:00+00:00, run_after=2026-06-20T00:02:00+00:00
[2026-06-19T11:23:25.955+0000] {processor.py:179} INFO - Processing /opt/airflow/dags/binance_daily_dag.py took 2.836 seconds
[2026-06-19T11:23:56.271+0000] {processor.py:157} INFO - Started process (PID=8885) to work on /opt/airflow/dags/binance_daily_dag.py
[2026-06-19T11:23:56.273+0000] {processor.py:829} INFO - Processing file /opt/airflow/dags/binance_daily_dag.py for tasks to queue
[2026-06-19T11:23:56.275+0000] {logging_mixin.py:151} INFO - [2026-06-19T11:23:56.274+0000] {dagbag.py:539} INFO - Filling up the DagBag from /opt/airflow/dags/binance_daily_dag.py
[2026-06-19T11:23:58.958+0000] {processor.py:839} INFO - DAG(s) dict_keys(['daily_crypto_lstm_pipeline']) retrieved from /opt/airflow/dags/binance_daily_dag.py
[2026-06-19T11:23:58.979+0000] {logging_mixin.py:151} INFO - [2026-06-19T11:23:58.978+0000] {dag.py:2915} INFO - Sync 1 DAGs
[2026-06-19T11:23:59.000+0000] {logging_mixin.py:151} INFO - [2026-06-19T11:23:58.999+0000] {dag.py:3696} INFO - Setting next_dagrun for daily_crypto_lstm_pipeline to 2026-06-19T00:02:00+00:00, run_after=2026-06-20T00:02:00+00:00
[2026-06-19T11:23:59.061+0000] {processor.py:179} INFO - Processing /opt/airflow/dags/binance_daily_dag.py took 2.794 seconds
[2026-06-19T11:24:29.389+0000] {processor.py:157} INFO - Started process (PID=8918) to work on /opt/airflow/dags/binance_daily_dag.py
[2026-06-19T11:24:29.391+0000] {processor.py:829} INFO - Processing file /opt/airflow/dags/binance_daily_dag.py for tasks to queue
[2026-06-19T11:24:29.393+0000] {logging_mixin.py:151} INFO - [2026-06-19T11:24:29.392+0000] {dagbag.py:539} INFO - Filling up the DagBag from /opt/airflow/dags/binance_daily_dag.py
[2026-06-19T11:24:32.225+0000] {processor.py:839} INFO - DAG(s) dict_keys(['daily_crypto_lstm_pipeline']) retrieved from /opt/airflow/dags/binance_daily_dag.py
[2026-06-19T11:24:32.251+0000] {logging_mixin.py:151} INFO - [2026-06-19T11:24:32.251+0000] {dag.py:2915} INFO - Sync 1 DAGs
[2026-06-19T11:24:32.480+0000] {logging_mixin.py:151} INFO - [2026-06-19T11:24:32.480+0000] {dag.py:3696} INFO - Setting next_dagrun for daily_crypto_lstm_pipeline to 2026-06-19T00:02:00+00:00, run_after=2026-06-20T00:02:00+00:00
[2026-06-19T11:24:32.502+0000] {processor.py:179} INFO - Processing /opt/airflow/dags/binance_daily_dag.py took 3.119 seconds
[2026-06-19T11:25:02.844+0000] {processor.py:157} INFO - Started process (PID=8951) to work on /opt/airflow/dags/binance_daily_dag.py
[2026-06-19T11:25:02.845+0000] {processor.py:829} INFO - Processing file /opt/airflow/dags/binance_daily_dag.py for tasks to queue
[2026-06-19T11:25:02.846+0000] {logging_mixin.py:151} INFO - [2026-06-19T11:25:02.846+0000] {dagbag.py:539} INFO - Filling up the DagBag from /opt/airflow/dags/binance_daily_dag.py
[2026-06-19T11:25:05.552+0000] {processor.py:839} INFO - DAG(s) dict_keys(['daily_crypto_lstm_pipeline']) retrieved from /opt/airflow/dags/binance_daily_dag.py
[2026-06-19T11:25:05.574+0000] {logging_mixin.py:151} INFO - [2026-06-19T11:25:05.574+0000] {dag.py:2915} INFO - Sync 1 DAGs
[2026-06-19T11:25:05.596+0000] {logging_mixin.py:151} INFO - [2026-06-19T11:25:05.596+0000] {dag.py:3696} INFO - Setting next_dagrun for daily_crypto_lstm_pipeline to 2026-06-19T00:02:00+00:00, run_after=2026-06-20T00:02:00+00:00
[2026-06-19T11:25:05.616+0000] {processor.py:179} INFO - Processing /opt/airflow/dags/binance_daily_dag.py took 2.778 seconds
[2026-06-19T11:25:35.945+0000] {processor.py:157} INFO - Started process (PID=8991) to work on /opt/airflow/dags/binance_daily_dag.py
[2026-06-19T11:25:35.947+0000] {processor.py:829} INFO - Processing file /opt/airflow/dags/binance_daily_dag.py for tasks to queue
[2026-06-19T11:25:35.948+0000] {logging_mixin.py:151} INFO - [2026-06-19T11:25:35.948+0000] {dagbag.py:539} INFO - Filling up the DagBag from /opt/airflow/dags/binance_daily_dag.py
[2026-06-19T11:25:38.659+0000] {processor.py:839} INFO - DAG(s) dict_keys(['daily_crypto_lstm_pipeline']) retrieved from /opt/airflow/dags/binance_daily_dag.py
[2026-06-19T11:25:38.683+0000] {logging_mixin.py:151} INFO - [2026-06-19T11:25:38.683+0000] {dag.py:2915} INFO - Sync 1 DAGs
[2026-06-19T11:25:38.706+0000] {logging_mixin.py:151} INFO - [2026-06-19T11:25:38.705+0000] {dag.py:3696} INFO - Setting next_dagrun for daily_crypto_lstm_pipeline to 2026-06-19T00:02:00+00:00, run_after=2026-06-20T00:02:00+00:00
[2026-06-19T11:25:38.728+0000] {processor.py:179} INFO - Processing /opt/airflow/dags/binance_daily_dag.py took 2.788 seconds
[2026-06-19T11:26:09.327+0000] {processor.py:157} INFO - Started process (PID=9024) to work on /opt/airflow/dags/binance_daily_dag.py
[2026-06-19T11:26:09.329+0000] {processor.py:829} INFO - Processing file /opt/airflow/dags/binance_daily_dag.py for tasks to queue
[2026-06-19T11:26:09.331+0000] {logging_mixin.py:151} INFO - [2026-06-19T11:26:09.330+0000] {dagbag.py:539} INFO - Filling up the DagBag from /opt/airflow/dags/binance_daily_dag.py
[2026-06-19T11:26:11.859+0000] {processor.py:839} INFO - DAG(s) dict_keys(['daily_crypto_lstm_pipeline']) retrieved from /opt/airflow/dags/binance_daily_dag.py
[2026-06-19T11:26:11.882+0000] {logging_mixin.py:151} INFO - [2026-06-19T11:26:11.881+0000] {dag.py:2915} INFO - Sync 1 DAGs
[2026-06-19T11:26:12.077+0000] {logging_mixin.py:151} INFO - [2026-06-19T11:26:12.077+0000] {dag.py:3696} INFO - Setting next_dagrun for daily_crypto_lstm_pipeline to 2026-06-19T00:02:00+00:00, run_after=2026-06-20T00:02:00+00:00
[2026-06-19T11:26:12.136+0000] {processor.py:179} INFO - Processing /opt/airflow/dags/binance_daily_dag.py took 2.815 seconds
[2026-06-19T11:26:42.455+0000] {processor.py:157} INFO - Started process (PID=9058) to work on /opt/airflow/dags/binance_daily_dag.py
[2026-06-19T11:26:42.456+0000] {processor.py:829} INFO - Processing file /opt/airflow/dags/binance_daily_dag.py for tasks to queue
[2026-06-19T11:26:42.457+0000] {logging_mixin.py:151} INFO - [2026-06-19T11:26:42.457+0000] {dagbag.py:539} INFO - Filling up the DagBag from /opt/airflow/dags/binance_daily_dag.py
[2026-06-19T11:26:45.567+0000] {processor.py:839} INFO - DAG(s) dict_keys(['daily_crypto_lstm_pipeline']) retrieved from /opt/airflow/dags/binance_daily_dag.py
[2026-06-19T11:26:45.589+0000] {logging_mixin.py:151} INFO - [2026-06-19T11:26:45.588+0000] {dag.py:2915} INFO - Sync 1 DAGs
[2026-06-19T11:26:45.609+0000] {logging_mixin.py:151} INFO - [2026-06-19T11:26:45.608+0000] {dag.py:3696} INFO - Setting next_dagrun for daily_crypto_lstm_pipeline to 2026-06-19T00:02:00+00:00, run_after=2026-06-20T00:02:00+00:00
[2026-06-19T11:26:45.668+0000] {processor.py:179} INFO - Processing /opt/airflow/dags/binance_daily_dag.py took 3.219 seconds
[2026-06-19T11:27:16.022+0000] {processor.py:157} INFO - Started process (PID=9091) to work on /opt/airflow/dags/binance_daily_dag.py
[2026-06-19T11:27:16.024+0000] {processor.py:829} INFO - Processing file /opt/airflow/dags/binance_daily_dag.py for tasks to queue
[2026-06-19T11:27:16.025+0000] {logging_mixin.py:151} INFO - [2026-06-19T11:27:16.025+0000] {dagbag.py:539} INFO - Filling up the DagBag from /opt/airflow/dags/binance_daily_dag.py
[2026-06-19T11:27:18.749+0000] {processor.py:839} INFO - DAG(s) dict_keys(['daily_crypto_lstm_pipeline']) retrieved from /opt/airflow/dags/binance_daily_dag.py
[2026-06-19T11:27:18.773+0000] {logging_mixin.py:151} INFO - [2026-06-19T11:27:18.772+0000] {dag.py:2915} INFO - Sync 1 DAGs
[2026-06-19T11:27:18.794+0000] {logging_mixin.py:151} INFO - [2026-06-19T11:27:18.794+0000] {dag.py:3696} INFO - Setting next_dagrun for daily_crypto_lstm_pipeline to 2026-06-19T00:02:00+00:00, run_after=2026-06-20T00:02:00+00:00
[2026-06-19T11:27:18.834+0000] {processor.py:179} INFO - Processing /opt/airflow/dags/binance_daily_dag.py took 2.816 seconds
[2026-06-19T11:27:49.344+0000] {processor.py:157} INFO - Started process (PID=9124) to work on /opt/airflow/dags/binance_daily_dag.py
[2026-06-19T11:27:49.346+0000] {processor.py:829} INFO - Processing file /opt/airflow/dags/binance_daily_dag.py for tasks to queue
[2026-06-19T11:27:49.347+0000] {logging_mixin.py:151} INFO - [2026-06-19T11:27:49.346+0000] {dagbag.py:539} INFO - Filling up the DagBag from /opt/airflow/dags/binance_daily_dag.py
[2026-06-19T11:27:51.962+0000] {processor.py:839} INFO - DAG(s) dict_keys(['daily_crypto_lstm_pipeline']) retrieved from /opt/airflow/dags/binance_daily_dag.py
[2026-06-19T11:27:51.985+0000] {logging_mixin.py:151} INFO - [2026-06-19T11:27:51.984+0000] {dag.py:2915} INFO - Sync 1 DAGs
[2026-06-19T11:27:52.167+0000] {logging_mixin.py:151} INFO - [2026-06-19T11:27:52.167+0000] {dag.py:3696} INFO - Setting next_dagrun for daily_crypto_lstm_pipeline to 2026-06-19T00:02:00+00:00, run_after=2026-06-20T00:02:00+00:00
[2026-06-19T11:27:52.186+0000] {processor.py:179} INFO - Processing /opt/airflow/dags/binance_daily_dag.py took 2.846 seconds
[2026-06-19T11:28:22.521+0000] {processor.py:157} INFO - Started process (PID=9157) to work on /opt/airflow/dags/binance_daily_dag.py
[2026-06-19T11:28:22.523+0000] {processor.py:829} INFO - Processing file /opt/airflow/dags/binance_daily_dag.py for tasks to queue
[2026-06-19T11:28:22.524+0000] {logging_mixin.py:151} INFO - [2026-06-19T11:28:22.523+0000] {dagbag.py:539} INFO - Filling up the DagBag from /opt/airflow/dags/binance_daily_dag.py
[2026-06-19T11:28:25.145+0000] {processor.py:839} INFO - DAG(s) dict_keys(['daily_crypto_lstm_pipeline']) retrieved from /opt/airflow/dags/binance_daily_dag.py
[2026-06-19T11:28:25.168+0000] {logging_mixin.py:151} INFO - [2026-06-19T11:28:25.167+0000] {dag.py:2915} INFO - Sync 1 DAGs
[2026-06-19T11:28:25.187+0000] {logging_mixin.py:151} INFO - [2026-06-19T11:28:25.187+0000] {dag.py:3696} INFO - Setting next_dagrun for daily_crypto_lstm_pipeline to 2026-06-19T00:02:00+00:00, run_after=2026-06-20T00:02:00+00:00
[2026-06-19T11:28:25.211+0000] {processor.py:179} INFO - Processing /opt/airflow/dags/binance_daily_dag.py took 2.694 seconds
[2026-06-19T11:28:55.588+0000] {processor.py:157} INFO - Started process (PID=9190) to work on /opt/airflow/dags/binance_daily_dag.py
[2026-06-19T11:28:55.590+0000] {processor.py:829} INFO - Processing file /opt/airflow/dags/binance_daily_dag.py for tasks to queue
[2026-06-19T11:28:55.592+0000] {logging_mixin.py:151} INFO - [2026-06-19T11:28:55.591+0000] {dagbag.py:539} INFO - Filling up the DagBag from /opt/airflow/dags/binance_daily_dag.py
[2026-06-19T11:28:58.256+0000] {processor.py:839} INFO - DAG(s) dict_keys(['daily_crypto_lstm_pipeline']) retrieved from /opt/airflow/dags/binance_daily_dag.py
[2026-06-19T11:28:58.277+0000] {logging_mixin.py:151} INFO - [2026-06-19T11:28:58.277+0000] {dag.py:2915} INFO - Sync 1 DAGs
[2026-06-19T11:28:58.300+0000] {logging_mixin.py:151} INFO - [2026-06-19T11:28:58.299+0000] {dag.py:3696} INFO - Setting next_dagrun for daily_crypto_lstm_pipeline to 2026-06-19T00:02:00+00:00, run_after=2026-06-20T00:02:00+00:00
[2026-06-19T11:28:58.326+0000] {processor.py:179} INFO - Processing /opt/airflow/dags/binance_daily_dag.py took 2.745 seconds
[2026-06-19T11:29:28.627+0000] {processor.py:157} INFO - Started process (PID=9229) to work on /opt/airflow/dags/binance_daily_dag.py
[2026-06-19T11:29:28.629+0000] {processor.py:829} INFO - Processing file /opt/airflow/dags/binance_daily_dag.py for tasks to queue
[2026-06-19T11:29:28.631+0000] {logging_mixin.py:151} INFO - [2026-06-19T11:29:28.630+0000] {dagbag.py:539} INFO - Filling up the DagBag from /opt/airflow/dags/binance_daily_dag.py
[2026-06-19T11:29:31.269+0000] {processor.py:839} INFO - DAG(s) dict_keys(['daily_crypto_lstm_pipeline']) retrieved from /opt/airflow/dags/binance_daily_dag.py
[2026-06-19T11:29:31.302+0000] {logging_mixin.py:151} INFO - [2026-06-19T11:29:31.302+0000] {dag.py:2915} INFO - Sync 1 DAGs
[2026-06-19T11:29:31.494+0000] {logging_mixin.py:151} INFO - [2026-06-19T11:29:31.494+0000] {dag.py:3696} INFO - Setting next_dagrun for daily_crypto_lstm_pipeline to 2026-06-19T00:02:00+00:00, run_after=2026-06-20T00:02:00+00:00
[2026-06-19T11:29:31.549+0000] {processor.py:179} INFO - Processing /opt/airflow/dags/binance_daily_dag.py took 2.927 seconds
[2026-06-19T11:30:01.889+0000] {processor.py:157} INFO - Started process (PID=9261) to work on /opt/airflow/dags/binance_daily_dag.py
[2026-06-19T11:30:01.891+0000] {processor.py:829} INFO - Processing file /opt/airflow/dags/binance_daily_dag.py for tasks to queue
[2026-06-19T11:30:01.892+0000] {logging_mixin.py:151} INFO - [2026-06-19T11:30:01.892+0000] {dagbag.py:539} INFO - Filling up the DagBag from /opt/airflow/dags/binance_daily_dag.py
[2026-06-19T11:30:04.759+0000] {processor.py:839} INFO - DAG(s) dict_keys(['daily_crypto_lstm_pipeline']) retrieved from /opt/airflow/dags/binance_daily_dag.py
[2026-06-19T11:30:04.782+0000] {logging_mixin.py:151} INFO - [2026-06-19T11:30:04.782+0000] {dag.py:2915} INFO - Sync 1 DAGs
[2026-06-19T11:30:04.801+0000] {logging_mixin.py:151} INFO - [2026-06-19T11:30:04.801+0000] {dag.py:3696} INFO - Setting next_dagrun for daily_crypto_lstm_pipeline to 2026-06-19T00:02:00+00:00, run_after=2026-06-20T00:02:00+00:00
[2026-06-19T11:30:04.819+0000] {processor.py:179} INFO - Processing /opt/airflow/dags/binance_daily_dag.py took 2.938 seconds
[2026-06-19T11:30:35.620+0000] {processor.py:157} INFO - Started process (PID=9294) to work on /opt/airflow/dags/binance_daily_dag.py
[2026-06-19T11:30:35.622+0000] {processor.py:829} INFO - Processing file /opt/airflow/dags/binance_daily_dag.py for tasks to queue
[2026-06-19T11:30:35.623+0000] {logging_mixin.py:151} INFO - [2026-06-19T11:30:35.623+0000] {dagbag.py:539} INFO - Filling up the DagBag from /opt/airflow/dags/binance_daily_dag.py
[2026-06-19T11:30:38.260+0000] {processor.py:839} INFO - DAG(s) dict_keys(['daily_crypto_lstm_pipeline']) retrieved from /opt/airflow/dags/binance_daily_dag.py
[2026-06-19T11:30:38.285+0000] {logging_mixin.py:151} INFO - [2026-06-19T11:30:38.284+0000] {dag.py:2915} INFO - Sync 1 DAGs
[2026-06-19T11:30:38.313+0000] {logging_mixin.py:151} INFO - [2026-06-19T11:30:38.312+0000] {dag.py:3696} INFO - Setting next_dagrun for daily_crypto_lstm_pipeline to 2026-06-19T00:02:00+00:00, run_after=2026-06-20T00:02:00+00:00
[2026-06-19T11:30:38.559+0000] {processor.py:179} INFO - Processing /opt/airflow/dags/binance_daily_dag.py took 2.945 seconds
[2026-06-19T11:31:08.867+0000] {processor.py:157} INFO - Started process (PID=9335) to work on /opt/airflow/dags/binance_daily_dag.py
[2026-06-19T11:31:08.869+0000] {processor.py:829} INFO - Processing file /opt/airflow/dags/binance_daily_dag.py for tasks to queue
[2026-06-19T11:31:08.871+0000] {logging_mixin.py:151} INFO - [2026-06-19T11:31:08.870+0000] {dagbag.py:539} INFO - Filling up the DagBag from /opt/airflow/dags/binance_daily_dag.py
[2026-06-19T11:31:12.191+0000] {processor.py:839} INFO - DAG(s) dict_keys(['daily_crypto_lstm_pipeline']) retrieved from /opt/airflow/dags/binance_daily_dag.py
[2026-06-19T11:31:12.213+0000] {logging_mixin.py:151} INFO - [2026-06-19T11:31:12.213+0000] {dag.py:2915} INFO - Sync 1 DAGs
[2026-06-19T11:31:12.234+0000] {logging_mixin.py:151} INFO - [2026-06-19T11:31:12.234+0000] {dag.py:3696} INFO - Setting next_dagrun for daily_crypto_lstm_pipeline to 2026-06-19T00:02:00+00:00, run_after=2026-06-20T00:02:00+00:00
[2026-06-19T11:31:12.255+0000] {processor.py:179} INFO - Processing /opt/airflow/dags/binance_daily_dag.py took 3.393 seconds
[2026-06-19T11:31:42.587+0000] {processor.py:157} INFO - Started process (PID=9368) to work on /opt/airflow/dags/binance_daily_dag.py
[2026-06-19T11:31:42.589+0000] {processor.py:829} INFO - Processing file /opt/airflow/dags/binance_daily_dag.py for tasks to queue
[2026-06-19T11:31:42.590+0000] {logging_mixin.py:151} INFO - [2026-06-19T11:31:42.589+0000] {dagbag.py:539} INFO - Filling up the DagBag from /opt/airflow/dags/binance_daily_dag.py
[2026-06-19T11:31:45.124+0000] {processor.py:839} INFO - DAG(s) dict_keys(['daily_crypto_lstm_pipeline']) retrieved from /opt/airflow/dags/binance_daily_dag.py
[2026-06-19T11:31:45.148+0000] {logging_mixin.py:151} INFO - [2026-06-19T11:31:45.147+0000] {dag.py:2915} INFO - Sync 1 DAGs
[2026-06-19T11:31:45.172+0000] {logging_mixin.py:151} INFO - [2026-06-19T11:31:45.172+0000] {dag.py:3696} INFO - Setting next_dagrun for daily_crypto_lstm_pipeline to 2026-06-19T00:02:00+00:00, run_after=2026-06-20T00:02:00+00:00
[2026-06-19T11:31:45.231+0000] {processor.py:179} INFO - Processing /opt/airflow/dags/binance_daily_dag.py took 2.650 seconds
[2026-06-19T11:32:15.346+0000] {processor.py:157} INFO - Started process (PID=9401) to work on /opt/airflow/dags/binance_daily_dag.py
[2026-06-19T11:32:15.348+0000] {processor.py:829} INFO - Processing file /opt/airflow/dags/binance_daily_dag.py for tasks to queue
[2026-06-19T11:32:15.349+0000] {logging_mixin.py:151} INFO - [2026-06-19T11:32:15.349+0000] {dagbag.py:539} INFO - Filling up the DagBag from /opt/airflow/dags/binance_daily_dag.py
[2026-06-19T11:32:17.735+0000] {processor.py:839} INFO - DAG(s) dict_keys(['daily_crypto_lstm_pipeline']) retrieved from /opt/airflow/dags/binance_daily_dag.py
[2026-06-19T11:32:17.759+0000] {logging_mixin.py:151} INFO - [2026-06-19T11:32:17.758+0000] {dag.py:2915} INFO - Sync 1 DAGs
[2026-06-19T11:32:17.782+0000] {logging_mixin.py:151} INFO - [2026-06-19T11:32:17.782+0000] {dag.py:3696} INFO - Setting next_dagrun for daily_crypto_lstm_pipeline to 2026-06-19T00:02:00+00:00, run_after=2026-06-20T00:02:00+00:00
[2026-06-19T11:32:17.971+0000] {processor.py:179} INFO - Processing /opt/airflow/dags/binance_daily_dag.py took 2.627 seconds
[2026-06-19T11:32:48.125+0000] {processor.py:157} INFO - Started process (PID=9434) to work on /opt/airflow/dags/binance_daily_dag.py
[2026-06-19T11:32:48.128+0000] {processor.py:829} INFO - Processing file /opt/airflow/dags/binance_daily_dag.py for tasks to queue
[2026-06-19T11:32:48.129+0000] {logging_mixin.py:151} INFO - [2026-06-19T11:32:48.129+0000] {dagbag.py:539} INFO - Filling up the DagBag from /opt/airflow/dags/binance_daily_dag.py
[2026-06-19T11:32:50.624+0000] {processor.py:839} INFO - DAG(s) dict_keys(['daily_crypto_lstm_pipeline']) retrieved from /opt/airflow/dags/binance_daily_dag.py
[2026-06-19T11:32:50.647+0000] {logging_mixin.py:151} INFO - [2026-06-19T11:32:50.646+0000] {dag.py:2915} INFO - Sync 1 DAGs
[2026-06-19T11:32:50.678+0000] {logging_mixin.py:151} INFO - [2026-06-19T11:32:50.677+0000] {dag.py:3696} INFO - Setting next_dagrun for daily_crypto_lstm_pipeline to 2026-06-19T00:02:00+00:00, run_after=2026-06-20T00:02:00+00:00
[2026-06-19T11:32:50.707+0000] {processor.py:179} INFO - Processing /opt/airflow/dags/binance_daily_dag.py took 2.587 seconds
[2026-06-19T11:33:20.897+0000] {processor.py:157} INFO - Started process (PID=9467) to work on /opt/airflow/dags/binance_daily_dag.py
[2026-06-19T11:33:20.899+0000] {processor.py:829} INFO - Processing file /opt/airflow/dags/binance_daily_dag.py for tasks to queue
[2026-06-19T11:33:20.899+0000] {logging_mixin.py:151} INFO - [2026-06-19T11:33:20.899+0000] {dagbag.py:539} INFO - Filling up the DagBag from /opt/airflow/dags/binance_daily_dag.py
[2026-06-19T11:33:23.623+0000] {processor.py:839} INFO - DAG(s) dict_keys(['daily_crypto_lstm_pipeline']) retrieved from /opt/airflow/dags/binance_daily_dag.py
[2026-06-19T11:33:23.646+0000] {logging_mixin.py:151} INFO - [2026-06-19T11:33:23.645+0000] {dag.py:2915} INFO - Sync 1 DAGs
[2026-06-19T11:33:23.667+0000] {logging_mixin.py:151} INFO - [2026-06-19T11:33:23.667+0000] {dag.py:3696} INFO - Setting next_dagrun for daily_crypto_lstm_pipeline to 2026-06-19T00:02:00+00:00, run_after=2026-06-20T00:02:00+00:00
[2026-06-19T11:33:23.729+0000] {processor.py:179} INFO - Processing /opt/airflow/dags/binance_daily_dag.py took 2.836 seconds
[2026-06-19T11:33:54.063+0000] {processor.py:157} INFO - Started process (PID=9500) to work on /opt/airflow/dags/binance_daily_dag.py
[2026-06-19T11:33:54.065+0000] {processor.py:829} INFO - Processing file /opt/airflow/dags/binance_daily_dag.py for tasks to queue
[2026-06-19T11:33:54.066+0000] {logging_mixin.py:151} INFO - [2026-06-19T11:33:54.066+0000] {dagbag.py:539} INFO - Filling up the DagBag from /opt/airflow/dags/binance_daily_dag.py
[2026-06-19T11:33:57.131+0000] {processor.py:839} INFO - DAG(s) dict_keys(['daily_crypto_lstm_pipeline']) retrieved from /opt/airflow/dags/binance_daily_dag.py
[2026-06-19T11:33:57.162+0000] {logging_mixin.py:151} INFO - [2026-06-19T11:33:57.161+0000] {dag.py:2915} INFO - Sync 1 DAGs
[2026-06-19T11:33:57.196+0000] {logging_mixin.py:151} INFO - [2026-06-19T11:33:57.196+0000] {dag.py:3696} INFO - Setting next_dagrun for daily_crypto_lstm_pipeline to 2026-06-19T00:02:00+00:00, run_after=2026-06-20T00:02:00+00:00
[2026-06-19T11:33:57.442+0000] {processor.py:179} INFO - Processing /opt/airflow/dags/binance_daily_dag.py took 3.385 seconds
[2026-06-19T11:34:27.781+0000] {processor.py:157} INFO - Started process (PID=9535) to work on /opt/airflow/dags/binance_daily_dag.py
[2026-06-19T11:34:27.783+0000] {processor.py:829} INFO - Processing file /opt/airflow/dags/binance_daily_dag.py for tasks to queue
[2026-06-19T11:34:27.784+0000] {logging_mixin.py:151} INFO - [2026-06-19T11:34:27.783+0000] {dagbag.py:539} INFO - Filling up the DagBag from /opt/airflow/dags/binance_daily_dag.py
[2026-06-19T11:34:30.374+0000] {processor.py:839} INFO - DAG(s) dict_keys(['daily_crypto_lstm_pipeline']) retrieved from /opt/airflow/dags/binance_daily_dag.py
[2026-06-19T11:34:30.440+0000] {logging_mixin.py:151} INFO - [2026-06-19T11:34:30.437+0000] {dag.py:2915} INFO - Sync 1 DAGs
[2026-06-19T11:34:30.515+0000] {logging_mixin.py:151} INFO - [2026-06-19T11:34:30.515+0000] {dag.py:3696} INFO - Setting next_dagrun for daily_crypto_lstm_pipeline to 2026-06-19T00:02:00+00:00, run_after=2026-06-20T00:02:00+00:00
[2026-06-19T11:34:30.543+0000] {processor.py:179} INFO - Processing /opt/airflow/dags/binance_daily_dag.py took 2.765 seconds
[2026-06-19T11:35:00.843+0000] {processor.py:157} INFO - Started process (PID=9568) to work on /opt/airflow/dags/binance_daily_dag.py
[2026-06-19T11:35:00.844+0000] {processor.py:829} INFO - Processing file /opt/airflow/dags/binance_daily_dag.py for tasks to queue
[2026-06-19T11:35:00.845+0000] {logging_mixin.py:151} INFO - [2026-06-19T11:35:00.845+0000] {dagbag.py:539} INFO - Filling up the DagBag from /opt/airflow/dags/binance_daily_dag.py
[2026-06-19T11:35:03.576+0000] {processor.py:839} INFO - DAG(s) dict_keys(['daily_crypto_lstm_pipeline']) retrieved from /opt/airflow/dags/binance_daily_dag.py
[2026-06-19T11:35:03.616+0000] {logging_mixin.py:151} INFO - [2026-06-19T11:35:03.616+0000] {dag.py:2915} INFO - Sync 1 DAGs
[2026-06-19T11:35:03.645+0000] {logging_mixin.py:151} INFO - [2026-06-19T11:35:03.645+0000] {dag.py:3696} INFO - Setting next_dagrun for daily_crypto_lstm_pipeline to 2026-06-19T00:02:00+00:00, run_after=2026-06-20T00:02:00+00:00
[2026-06-19T11:35:03.675+0000] {processor.py:179} INFO - Processing /opt/airflow/dags/binance_daily_dag.py took 2.837 seconds
[2026-06-19T11:35:34.042+0000] {processor.py:157} INFO - Started process (PID=9601) to work on /opt/airflow/dags/binance_daily_dag.py
[2026-06-19T11:35:34.043+0000] {processor.py:829} INFO - Processing file /opt/airflow/dags/binance_daily_dag.py for tasks to queue
[2026-06-19T11:35:34.044+0000] {logging_mixin.py:151} INFO - [2026-06-19T11:35:34.044+0000] {dagbag.py:539} INFO - Filling up the DagBag from /opt/airflow/dags/binance_daily_dag.py
[2026-06-19T11:35:36.532+0000] {processor.py:839} INFO - DAG(s) dict_keys(['daily_crypto_lstm_pipeline']) retrieved from /opt/airflow/dags/binance_daily_dag.py
[2026-06-19T11:35:36.563+0000] {logging_mixin.py:151} INFO - [2026-06-19T11:35:36.562+0000] {dag.py:2915} INFO - Sync 1 DAGs
[2026-06-19T11:35:36.754+0000] {logging_mixin.py:151} INFO - [2026-06-19T11:35:36.753+0000] {dag.py:3696} INFO - Setting next_dagrun for daily_crypto_lstm_pipeline to 2026-06-19T00:02:00+00:00, run_after=2026-06-20T00:02:00+00:00
[2026-06-19T11:35:36.785+0000] {processor.py:179} INFO - Processing /opt/airflow/dags/binance_daily_dag.py took 2.747 seconds
[2026-06-19T11:36:07.384+0000] {processor.py:157} INFO - Started process (PID=9646) to work on /opt/airflow/dags/binance_daily_dag.py
[2026-06-19T11:36:07.386+0000] {processor.py:829} INFO - Processing file /opt/airflow/dags/binance_daily_dag.py for tasks to queue
[2026-06-19T11:36:07.387+0000] {logging_mixin.py:151} INFO - [2026-06-19T11:36:07.387+0000] {dagbag.py:539} INFO - Filling up the DagBag from /opt/airflow/dags/binance_daily_dag.py
[2026-06-19T11:36:10.637+0000] {processor.py:839} INFO - DAG(s) dict_keys(['daily_crypto_lstm_pipeline']) retrieved from /opt/airflow/dags/binance_daily_dag.py
[2026-06-19T11:36:10.671+0000] {logging_mixin.py:151} INFO - [2026-06-19T11:36:10.671+0000] {dag.py:2915} INFO - Sync 1 DAGs
[2026-06-19T11:36:10.711+0000] {logging_mixin.py:151} INFO - [2026-06-19T11:36:10.711+0000] {dag.py:3696} INFO - Setting next_dagrun for daily_crypto_lstm_pipeline to 2026-06-19T00:02:00+00:00, run_after=2026-06-20T00:02:00+00:00
[2026-06-19T11:36:10.748+0000] {processor.py:179} INFO - Processing /opt/airflow/dags/binance_daily_dag.py took 3.370 seconds
[2026-06-19T11:36:41.326+0000] {processor.py:157} INFO - Started process (PID=9679) to work on /opt/airflow/dags/binance_daily_dag.py
[2026-06-19T11:36:41.328+0000] {processor.py:829} INFO - Processing file /opt/airflow/dags/binance_daily_dag.py for tasks to queue
[2026-06-19T11:36:41.329+0000] {logging_mixin.py:151} INFO - [2026-06-19T11:36:41.329+0000] {dagbag.py:539} INFO - Filling up the DagBag from /opt/airflow/dags/binance_daily_dag.py
[2026-06-19T11:36:44.289+0000] {processor.py:839} INFO - DAG(s) dict_keys(['daily_crypto_lstm_pipeline']) retrieved from /opt/airflow/dags/binance_daily_dag.py
[2026-06-19T11:36:44.318+0000] {logging_mixin.py:151} INFO - [2026-06-19T11:36:44.317+0000] {dag.py:2915} INFO - Sync 1 DAGs
[2026-06-19T11:36:44.344+0000] {logging_mixin.py:151} INFO - [2026-06-19T11:36:44.343+0000] {dag.py:3696} INFO - Setting next_dagrun for daily_crypto_lstm_pipeline to 2026-06-19T00:02:00+00:00, run_after=2026-06-20T00:02:00+00:00
[2026-06-19T11:36:44.368+0000] {processor.py:179} INFO - Processing /opt/airflow/dags/binance_daily_dag.py took 3.046 seconds
[2026-06-19T11:37:15.219+0000] {processor.py:157} INFO - Started process (PID=9712) to work on /opt/airflow/dags/binance_daily_dag.py
[2026-06-19T11:37:15.220+0000] {processor.py:829} INFO - Processing file /opt/airflow/dags/binance_daily_dag.py for tasks to queue
[2026-06-19T11:37:15.221+0000] {logging_mixin.py:151} INFO - [2026-06-19T11:37:15.221+0000] {dagbag.py:539} INFO - Filling up the DagBag from /opt/airflow/dags/binance_daily_dag.py
[2026-06-19T11:37:17.946+0000] {processor.py:839} INFO - DAG(s) dict_keys(['daily_crypto_lstm_pipeline']) retrieved from /opt/airflow/dags/binance_daily_dag.py
[2026-06-19T11:37:17.966+0000] {logging_mixin.py:151} INFO - [2026-06-19T11:37:17.966+0000] {dag.py:2915} INFO - Sync 1 DAGs
[2026-06-19T11:37:17.984+0000] {logging_mixin.py:151} INFO - [2026-06-19T11:37:17.984+0000] {dag.py:3696} INFO - Setting next_dagrun for daily_crypto_lstm_pipeline to 2026-06-19T00:02:00+00:00, run_after=2026-06-20T00:02:00+00:00
[2026-06-19T11:37:18.041+0000] {processor.py:179} INFO - Processing /opt/airflow/dags/binance_daily_dag.py took 2.826 seconds
[2026-06-19T11:37:48.456+0000] {processor.py:157} INFO - Started process (PID=9749) to work on /opt/airflow/dags/binance_daily_dag.py
[2026-06-19T11:37:48.458+0000] {processor.py:829} INFO - Processing file /opt/airflow/dags/binance_daily_dag.py for tasks to queue
[2026-06-19T11:37:48.459+0000] {logging_mixin.py:151} INFO - [2026-06-19T11:37:48.458+0000] {dagbag.py:539} INFO - Filling up the DagBag from /opt/airflow/dags/binance_daily_dag.py
[2026-06-19T11:37:51.238+0000] {processor.py:839} INFO - DAG(s) dict_keys(['daily_crypto_lstm_pipeline']) retrieved from /opt/airflow/dags/binance_daily_dag.py
[2026-06-19T11:37:51.261+0000] {logging_mixin.py:151} INFO - [2026-06-19T11:37:51.260+0000] {dag.py:2915} INFO - Sync 1 DAGs
[2026-06-19T11:37:51.284+0000] {logging_mixin.py:151} INFO - [2026-06-19T11:37:51.284+0000] {dag.py:3696} INFO - Setting next_dagrun for daily_crypto_lstm_pipeline to 2026-06-19T00:02:00+00:00, run_after=2026-06-20T00:02:00+00:00
[2026-06-19T11:37:51.339+0000] {processor.py:179} INFO - Processing /opt/airflow/dags/binance_daily_dag.py took 2.886 seconds
[2026-06-19T11:38:21.741+0000] {processor.py:157} INFO - Started process (PID=9781) to work on /opt/airflow/dags/binance_daily_dag.py
[2026-06-19T11:38:21.742+0000] {processor.py:829} INFO - Processing file /opt/airflow/dags/binance_daily_dag.py for tasks to queue
[2026-06-19T11:38:21.743+0000] {logging_mixin.py:151} INFO - [2026-06-19T11:38:21.743+0000] {dagbag.py:539} INFO - Filling up the DagBag from /opt/airflow/dags/binance_daily_dag.py
[2026-06-19T11:38:24.585+0000] {processor.py:839} INFO - DAG(s) dict_keys(['daily_crypto_lstm_pipeline']) retrieved from /opt/airflow/dags/binance_daily_dag.py
[2026-06-19T11:38:24.606+0000] {logging_mixin.py:151} INFO - [2026-06-19T11:38:24.605+0000] {dag.py:2915} INFO - Sync 1 DAGs
[2026-06-19T11:38:24.628+0000] {logging_mixin.py:151} INFO - [2026-06-19T11:38:24.628+0000] {dag.py:3696} INFO - Setting next_dagrun for daily_crypto_lstm_pipeline to 2026-06-19T00:02:00+00:00, run_after=2026-06-20T00:02:00+00:00
[2026-06-19T11:38:24.644+0000] {processor.py:179} INFO - Processing /opt/airflow/dags/binance_daily_dag.py took 2.906 seconds
[2026-06-19T11:38:55.086+0000] {processor.py:157} INFO - Started process (PID=9815) to work on /opt/airflow/dags/binance_daily_dag.py
[2026-06-19T11:38:55.087+0000] {processor.py:829} INFO - Processing file /opt/airflow/dags/binance_daily_dag.py for tasks to queue
[2026-06-19T11:38:55.088+0000] {logging_mixin.py:151} INFO - [2026-06-19T11:38:55.088+0000] {dagbag.py:539} INFO - Filling up the DagBag from /opt/airflow/dags/binance_daily_dag.py
[2026-06-19T11:38:57.812+0000] {processor.py:839} INFO - DAG(s) dict_keys(['daily_crypto_lstm_pipeline']) retrieved from /opt/airflow/dags/binance_daily_dag.py
[2026-06-19T11:38:57.835+0000] {logging_mixin.py:151} INFO - [2026-06-19T11:38:57.835+0000] {dag.py:2915} INFO - Sync 1 DAGs
[2026-06-19T11:38:57.863+0000] {logging_mixin.py:151} INFO - [2026-06-19T11:38:57.861+0000] {dag.py:3696} INFO - Setting next_dagrun for daily_crypto_lstm_pipeline to 2026-06-19T00:02:00+00:00, run_after=2026-06-20T00:02:00+00:00
[2026-06-19T11:38:57.886+0000] {processor.py:179} INFO - Processing /opt/airflow/dags/binance_daily_dag.py took 2.806 seconds
[2026-06-19T11:39:28.273+0000] {processor.py:157} INFO - Started process (PID=9848) to work on /opt/airflow/dags/binance_daily_dag.py
[2026-06-19T11:39:28.275+0000] {processor.py:829} INFO - Processing file /opt/airflow/dags/binance_daily_dag.py for tasks to queue
[2026-06-19T11:39:28.276+0000] {logging_mixin.py:151} INFO - [2026-06-19T11:39:28.276+0000] {dagbag.py:539} INFO - Filling up the DagBag from /opt/airflow/dags/binance_daily_dag.py
[2026-06-19T11:39:31.033+0000] {processor.py:839} INFO - DAG(s) dict_keys(['daily_crypto_lstm_pipeline']) retrieved from /opt/airflow/dags/binance_daily_dag.py
[2026-06-19T11:39:31.051+0000] {logging_mixin.py:151} INFO - [2026-06-19T11:39:31.051+0000] {dag.py:2915} INFO - Sync 1 DAGs
[2026-06-19T11:39:31.069+0000] {logging_mixin.py:151} INFO - [2026-06-19T11:39:31.069+0000] {dag.py:3696} INFO - Setting next_dagrun for daily_crypto_lstm_pipeline to 2026-06-19T00:02:00+00:00, run_after=2026-06-20T00:02:00+00:00
[2026-06-19T11:39:31.124+0000] {processor.py:179} INFO - Processing /opt/airflow/dags/binance_daily_dag.py took 2.857 seconds
[2026-06-19T11:40:01.593+0000] {processor.py:157} INFO - Started process (PID=9881) to work on /opt/airflow/dags/binance_daily_dag.py
[2026-06-19T11:40:01.595+0000] {processor.py:829} INFO - Processing file /opt/airflow/dags/binance_daily_dag.py for tasks to queue
[2026-06-19T11:40:01.596+0000] {logging_mixin.py:151} INFO - [2026-06-19T11:40:01.596+0000] {dagbag.py:539} INFO - Filling up the DagBag from /opt/airflow/dags/binance_daily_dag.py
[2026-06-19T11:40:04.059+0000] {processor.py:839} INFO - DAG(s) dict_keys(['daily_crypto_lstm_pipeline']) retrieved from /opt/airflow/dags/binance_daily_dag.py
[2026-06-19T11:40:04.084+0000] {logging_mixin.py:151} INFO - [2026-06-19T11:40:04.083+0000] {dag.py:2915} INFO - Sync 1 DAGs
[2026-06-19T11:40:04.106+0000] {logging_mixin.py:151} INFO - [2026-06-19T11:40:04.105+0000] {dag.py:3696} INFO - Setting next_dagrun for daily_crypto_lstm_pipeline to 2026-06-19T00:02:00+00:00, run_after=2026-06-20T00:02:00+00:00
[2026-06-19T11:40:04.142+0000] {processor.py:179} INFO - Processing /opt/airflow/dags/binance_daily_dag.py took 2.554 seconds
[2026-06-19T11:40:34.494+0000] {processor.py:157} INFO - Started process (PID=9914) to work on /opt/airflow/dags/binance_daily_dag.py
[2026-06-19T11:40:34.495+0000] {processor.py:829} INFO - Processing file /opt/airflow/dags/binance_daily_dag.py for tasks to queue
[2026-06-19T11:40:34.496+0000] {logging_mixin.py:151} INFO - [2026-06-19T11:40:34.496+0000] {dagbag.py:539} INFO - Filling up the DagBag from /opt/airflow/dags/binance_daily_dag.py
[2026-06-19T11:40:36.799+0000] {processor.py:839} INFO - DAG(s) dict_keys(['daily_crypto_lstm_pipeline']) retrieved from /opt/airflow/dags/binance_daily_dag.py
[2026-06-19T11:40:36.817+0000] {logging_mixin.py:151} INFO - [2026-06-19T11:40:36.816+0000] {dag.py:2915} INFO - Sync 1 DAGs
[2026-06-19T11:40:36.835+0000] {logging_mixin.py:151} INFO - [2026-06-19T11:40:36.834+0000] {dag.py:3696} INFO - Setting next_dagrun for daily_crypto_lstm_pipeline to 2026-06-19T00:02:00+00:00, run_after=2026-06-20T00:02:00+00:00
[2026-06-19T11:40:36.894+0000] {processor.py:179} INFO - Processing /opt/airflow/dags/binance_daily_dag.py took 2.404 seconds
[2026-06-19T11:41:07.354+0000] {processor.py:157} INFO - Started process (PID=9948) to work on /opt/airflow/dags/binance_daily_dag.py
[2026-06-19T11:41:07.355+0000] {processor.py:829} INFO - Processing file /opt/airflow/dags/binance_daily_dag.py for tasks to queue
[2026-06-19T11:41:07.356+0000] {logging_mixin.py:151} INFO - [2026-06-19T11:41:07.356+0000] {dagbag.py:539} INFO - Filling up the DagBag from /opt/airflow/dags/binance_daily_dag.py
[2026-06-19T11:41:09.732+0000] {processor.py:839} INFO - DAG(s) dict_keys(['daily_crypto_lstm_pipeline']) retrieved from /opt/airflow/dags/binance_daily_dag.py
[2026-06-19T11:41:09.750+0000] {logging_mixin.py:151} INFO - [2026-06-19T11:41:09.750+0000] {dag.py:2915} INFO - Sync 1 DAGs
[2026-06-19T11:41:09.770+0000] {logging_mixin.py:151} INFO - [2026-06-19T11:41:09.770+0000] {dag.py:3696} INFO - Setting next_dagrun for daily_crypto_lstm_pipeline to 2026-06-19T00:02:00+00:00, run_after=2026-06-20T00:02:00+00:00
[2026-06-19T11:41:09.828+0000] {processor.py:179} INFO - Processing /opt/airflow/dags/binance_daily_dag.py took 2.481 seconds
[2026-06-19T11:41:40.074+0000] {processor.py:157} INFO - Started process (PID=9995) to work on /opt/airflow/dags/binance_daily_dag.py
[2026-06-19T11:41:40.075+0000] {processor.py:829} INFO - Processing file /opt/airflow/dags/binance_daily_dag.py for tasks to queue
[2026-06-19T11:41:40.076+0000] {logging_mixin.py:151} INFO - [2026-06-19T11:41:40.076+0000] {dagbag.py:539} INFO - Filling up the DagBag from /opt/airflow/dags/binance_daily_dag.py
[2026-06-19T11:41:42.665+0000] {processor.py:839} INFO - DAG(s) dict_keys(['daily_crypto_lstm_pipeline']) retrieved from /opt/airflow/dags/binance_daily_dag.py
[2026-06-19T11:41:42.692+0000] {logging_mixin.py:151} INFO - [2026-06-19T11:41:42.691+0000] {dag.py:2915} INFO - Sync 1 DAGs
[2026-06-19T11:41:42.723+0000] {logging_mixin.py:151} INFO - [2026-06-19T11:41:42.723+0000] {dag.py:3696} INFO - Setting next_dagrun for daily_crypto_lstm_pipeline to 2026-06-19T00:02:00+00:00, run_after=2026-06-20T00:02:00+00:00
[2026-06-19T11:41:42.750+0000] {processor.py:179} INFO - Processing /opt/airflow/dags/binance_daily_dag.py took 2.679 seconds
[2026-06-19T11:42:12.934+0000] {processor.py:157} INFO - Started process (PID=10027) to work on /opt/airflow/dags/binance_daily_dag.py
[2026-06-19T11:42:12.936+0000] {processor.py:829} INFO - Processing file /opt/airflow/dags/binance_daily_dag.py for tasks to queue
[2026-06-19T11:42:12.937+0000] {logging_mixin.py:151} INFO - [2026-06-19T11:42:12.937+0000] {dagbag.py:539} INFO - Filling up the DagBag from /opt/airflow/dags/binance_daily_dag.py
[2026-06-19T11:42:15.257+0000] {processor.py:839} INFO - DAG(s) dict_keys(['daily_crypto_lstm_pipeline']) retrieved from /opt/airflow/dags/binance_daily_dag.py
[2026-06-19T11:42:15.275+0000] {logging_mixin.py:151} INFO - [2026-06-19T11:42:15.275+0000] {dag.py:2915} INFO - Sync 1 DAGs
[2026-06-19T11:42:15.293+0000] {logging_mixin.py:151} INFO - [2026-06-19T11:42:15.293+0000] {dag.py:3696} INFO - Setting next_dagrun for daily_crypto_lstm_pipeline to 2026-06-19T00:02:00+00:00, run_after=2026-06-20T00:02:00+00:00
[2026-06-19T11:42:15.351+0000] {processor.py:179} INFO - Processing /opt/airflow/dags/binance_daily_dag.py took 2.420 seconds
[2026-06-19T11:42:45.766+0000] {processor.py:157} INFO - Started process (PID=10059) to work on /opt/airflow/dags/binance_daily_dag.py
[2026-06-19T11:42:45.767+0000] {processor.py:829} INFO - Processing file /opt/airflow/dags/binance_daily_dag.py for tasks to queue
[2026-06-19T11:42:45.769+0000] {logging_mixin.py:151} INFO - [2026-06-19T11:42:45.768+0000] {dagbag.py:539} INFO - Filling up the DagBag from /opt/airflow/dags/binance_daily_dag.py
[2026-06-19T11:42:48.359+0000] {processor.py:839} INFO - DAG(s) dict_keys(['daily_crypto_lstm_pipeline']) retrieved from /opt/airflow/dags/binance_daily_dag.py
[2026-06-19T11:42:48.380+0000] {logging_mixin.py:151} INFO - [2026-06-19T11:42:48.380+0000] {dag.py:2915} INFO - Sync 1 DAGs
[2026-06-19T11:42:48.405+0000] {logging_mixin.py:151} INFO - [2026-06-19T11:42:48.405+0000] {dag.py:3696} INFO - Setting next_dagrun for daily_crypto_lstm_pipeline to 2026-06-19T00:02:00+00:00, run_after=2026-06-20T00:02:00+00:00
[2026-06-19T11:42:48.427+0000] {processor.py:179} INFO - Processing /opt/airflow/dags/binance_daily_dag.py took 2.666 seconds
[2026-06-19T11:43:18.710+0000] {processor.py:157} INFO - Started process (PID=10092) to work on /opt/airflow/dags/binance_daily_dag.py
[2026-06-19T11:43:18.712+0000] {processor.py:829} INFO - Processing file /opt/airflow/dags/binance_daily_dag.py for tasks to queue
[2026-06-19T11:43:18.713+0000] {logging_mixin.py:151} INFO - [2026-06-19T11:43:18.713+0000] {dagbag.py:539} INFO - Filling up the DagBag from /opt/airflow/dags/binance_daily_dag.py
[2026-06-19T11:43:21.426+0000] {processor.py:839} INFO - DAG(s) dict_keys(['daily_crypto_lstm_pipeline']) retrieved from /opt/airflow/dags/binance_daily_dag.py
[2026-06-19T11:43:21.448+0000] {logging_mixin.py:151} INFO - [2026-06-19T11:43:21.447+0000] {dag.py:2915} INFO - Sync 1 DAGs
[2026-06-19T11:43:21.468+0000] {logging_mixin.py:151} INFO - [2026-06-19T11:43:21.467+0000] {dag.py:3696} INFO - Setting next_dagrun for daily_crypto_lstm_pipeline to 2026-06-19T00:02:00+00:00, run_after=2026-06-20T00:02:00+00:00
[2026-06-19T11:43:21.524+0000] {processor.py:179} INFO - Processing /opt/airflow/dags/binance_daily_dag.py took 2.817 seconds
[2026-06-19T11:43:51.910+0000] {processor.py:157} INFO - Started process (PID=10125) to work on /opt/airflow/dags/binance_daily_dag.py
[2026-06-19T11:43:51.913+0000] {processor.py:829} INFO - Processing file /opt/airflow/dags/binance_daily_dag.py for tasks to queue
[2026-06-19T11:43:51.915+0000] {logging_mixin.py:151} INFO - [2026-06-19T11:43:51.915+0000] {dagbag.py:539} INFO - Filling up the DagBag from /opt/airflow/dags/binance_daily_dag.py
[2026-06-19T11:43:54.924+0000] {processor.py:839} INFO - DAG(s) dict_keys(['daily_crypto_lstm_pipeline']) retrieved from /opt/airflow/dags/binance_daily_dag.py
[2026-06-19T11:43:54.956+0000] {logging_mixin.py:151} INFO - [2026-06-19T11:43:54.955+0000] {dag.py:2915} INFO - Sync 1 DAGs
[2026-06-19T11:43:54.990+0000] {logging_mixin.py:151} INFO - [2026-06-19T11:43:54.990+0000] {dag.py:3696} INFO - Setting next_dagrun for daily_crypto_lstm_pipeline to 2026-06-19T00:02:00+00:00, run_after=2026-06-20T00:02:00+00:00
[2026-06-19T11:43:55.055+0000] {processor.py:179} INFO - Processing /opt/airflow/dags/binance_daily_dag.py took 3.152 seconds
[2026-06-19T11:44:25.313+0000] {processor.py:157} INFO - Started process (PID=10158) to work on /opt/airflow/dags/binance_daily_dag.py
[2026-06-19T11:44:25.315+0000] {processor.py:829} INFO - Processing file /opt/airflow/dags/binance_daily_dag.py for tasks to queue
[2026-06-19T11:44:25.317+0000] {logging_mixin.py:151} INFO - [2026-06-19T11:44:25.316+0000] {dagbag.py:539} INFO - Filling up the DagBag from /opt/airflow/dags/binance_daily_dag.py
[2026-06-19T11:44:28.286+0000] {processor.py:839} INFO - DAG(s) dict_keys(['daily_crypto_lstm_pipeline']) retrieved from /opt/airflow/dags/binance_daily_dag.py
[2026-06-19T11:44:28.310+0000] {logging_mixin.py:151} INFO - [2026-06-19T11:44:28.309+0000] {dag.py:2915} INFO - Sync 1 DAGs
[2026-06-19T11:44:28.335+0000] {logging_mixin.py:151} INFO - [2026-06-19T11:44:28.335+0000] {dag.py:3696} INFO - Setting next_dagrun for daily_crypto_lstm_pipeline to 2026-06-19T00:02:00+00:00, run_after=2026-06-20T00:02:00+00:00
[2026-06-19T11:44:28.395+0000] {processor.py:179} INFO - Processing /opt/airflow/dags/binance_daily_dag.py took 3.087 seconds
[2026-06-19T11:44:58.889+0000] {processor.py:157} INFO - Started process (PID=10191) to work on /opt/airflow/dags/binance_daily_dag.py
[2026-06-19T11:44:58.890+0000] {processor.py:829} INFO - Processing file /opt/airflow/dags/binance_daily_dag.py for tasks to queue
[2026-06-19T11:44:58.892+0000] {logging_mixin.py:151} INFO - [2026-06-19T11:44:58.891+0000] {dagbag.py:539} INFO - Filling up the DagBag from /opt/airflow/dags/binance_daily_dag.py
[2026-06-19T11:45:01.782+0000] {processor.py:839} INFO - DAG(s) dict_keys(['daily_crypto_lstm_pipeline']) retrieved from /opt/airflow/dags/binance_daily_dag.py
[2026-06-19T11:45:01.806+0000] {logging_mixin.py:151} INFO - [2026-06-19T11:45:01.805+0000] {dag.py:2915} INFO - Sync 1 DAGs
[2026-06-19T11:45:01.832+0000] {logging_mixin.py:151} INFO - [2026-06-19T11:45:01.832+0000] {dag.py:3696} INFO - Setting next_dagrun for daily_crypto_lstm_pipeline to 2026-06-19T00:02:00+00:00, run_after=2026-06-20T00:02:00+00:00
[2026-06-19T11:45:01.892+0000] {processor.py:179} INFO - Processing /opt/airflow/dags/binance_daily_dag.py took 3.010 seconds
[2026-06-19T11:45:32.261+0000] {processor.py:157} INFO - Started process (PID=10225) to work on /opt/airflow/dags/binance_daily_dag.py
[2026-06-19T11:45:32.263+0000] {processor.py:829} INFO - Processing file /opt/airflow/dags/binance_daily_dag.py for tasks to queue
[2026-06-19T11:45:32.264+0000] {logging_mixin.py:151} INFO - [2026-06-19T11:45:32.264+0000] {dagbag.py:539} INFO - Filling up the DagBag from /opt/airflow/dags/binance_daily_dag.py
[2026-06-19T11:45:35.115+0000] {processor.py:839} INFO - DAG(s) dict_keys(['daily_crypto_lstm_pipeline']) retrieved from /opt/airflow/dags/binance_daily_dag.py
[2026-06-19T11:45:35.137+0000] {logging_mixin.py:151} INFO - [2026-06-19T11:45:35.137+0000] {dag.py:2915} INFO - Sync 1 DAGs
[2026-06-19T11:45:35.158+0000] {logging_mixin.py:151} INFO - [2026-06-19T11:45:35.158+0000] {dag.py:3696} INFO - Setting next_dagrun for daily_crypto_lstm_pipeline to 2026-06-19T00:02:00+00:00, run_after=2026-06-20T00:02:00+00:00
[2026-06-19T11:45:35.192+0000] {processor.py:179} INFO - Processing /opt/airflow/dags/binance_daily_dag.py took 2.937 seconds
[2026-06-19T11:46:05.380+0000] {processor.py:157} INFO - Started process (PID=10258) to work on /opt/airflow/dags/binance_daily_dag.py
[2026-06-19T11:46:05.381+0000] {processor.py:829} INFO - Processing file /opt/airflow/dags/binance_daily_dag.py for tasks to queue
[2026-06-19T11:46:05.384+0000] {logging_mixin.py:151} INFO - [2026-06-19T11:46:05.382+0000] {dagbag.py:539} INFO - Filling up the DagBag from /opt/airflow/dags/binance_daily_dag.py
[2026-06-19T11:46:08.602+0000] {processor.py:839} INFO - DAG(s) dict_keys(['daily_crypto_lstm_pipeline']) retrieved from /opt/airflow/dags/binance_daily_dag.py
[2026-06-19T11:46:08.646+0000] {logging_mixin.py:151} INFO - [2026-06-19T11:46:08.646+0000] {dag.py:2915} INFO - Sync 1 DAGs
[2026-06-19T11:46:08.695+0000] {logging_mixin.py:151} INFO - [2026-06-19T11:46:08.695+0000] {dag.py:3696} INFO - Setting next_dagrun for daily_crypto_lstm_pipeline to 2026-06-19T00:02:00+00:00, run_after=2026-06-20T00:02:00+00:00
[2026-06-19T11:46:08.768+0000] {processor.py:179} INFO - Processing /opt/airflow/dags/binance_daily_dag.py took 3.392 seconds
[2026-06-19T11:46:38.883+0000] {processor.py:157} INFO - Started process (PID=10291) to work on /opt/airflow/dags/binance_daily_dag.py
[2026-06-19T11:46:38.885+0000] {processor.py:829} INFO - Processing file /opt/airflow/dags/binance_daily_dag.py for tasks to queue
[2026-06-19T11:46:38.886+0000] {logging_mixin.py:151} INFO - [2026-06-19T11:46:38.886+0000] {dagbag.py:539} INFO - Filling up the DagBag from /opt/airflow/dags/binance_daily_dag.py
[2026-06-19T11:46:41.588+0000] {processor.py:839} INFO - DAG(s) dict_keys(['daily_crypto_lstm_pipeline']) retrieved from /opt/airflow/dags/binance_daily_dag.py
[2026-06-19T11:46:41.610+0000] {logging_mixin.py:151} INFO - [2026-06-19T11:46:41.609+0000] {dag.py:2915} INFO - Sync 1 DAGs
[2026-06-19T11:46:41.629+0000] {logging_mixin.py:151} INFO - [2026-06-19T11:46:41.629+0000] {dag.py:3696} INFO - Setting next_dagrun for daily_crypto_lstm_pipeline to 2026-06-19T00:02:00+00:00, run_after=2026-06-20T00:02:00+00:00
[2026-06-19T11:46:41.688+0000] {processor.py:179} INFO - Processing /opt/airflow/dags/binance_daily_dag.py took 2.815 seconds
[2026-06-19T11:47:11.780+0000] {processor.py:157} INFO - Started process (PID=10331) to work on /opt/airflow/dags/binance_daily_dag.py
[2026-06-19T11:47:11.783+0000] {processor.py:829} INFO - Processing file /opt/airflow/dags/binance_daily_dag.py for tasks to queue
[2026-06-19T11:47:11.784+0000] {logging_mixin.py:151} INFO - [2026-06-19T11:47:11.784+0000] {dagbag.py:539} INFO - Filling up the DagBag from /opt/airflow/dags/binance_daily_dag.py
[2026-06-19T11:47:14.445+0000] {processor.py:839} INFO - DAG(s) dict_keys(['daily_crypto_lstm_pipeline']) retrieved from /opt/airflow/dags/binance_daily_dag.py
[2026-06-19T11:47:14.465+0000] {logging_mixin.py:151} INFO - [2026-06-19T11:47:14.465+0000] {dag.py:2915} INFO - Sync 1 DAGs
[2026-06-19T11:47:14.486+0000] {logging_mixin.py:151} INFO - [2026-06-19T11:47:14.486+0000] {dag.py:3696} INFO - Setting next_dagrun for daily_crypto_lstm_pipeline to 2026-06-19T00:02:00+00:00, run_after=2026-06-20T00:02:00+00:00
[2026-06-19T11:47:14.518+0000] {processor.py:179} INFO - Processing /opt/airflow/dags/binance_daily_dag.py took 2.745 seconds
[2026-06-19T11:47:44.871+0000] {processor.py:157} INFO - Started process (PID=10369) to work on /opt/airflow/dags/binance_daily_dag.py
[2026-06-19T11:47:44.873+0000] {processor.py:829} INFO - Processing file /opt/airflow/dags/binance_daily_dag.py for tasks to queue
[2026-06-19T11:47:44.874+0000] {logging_mixin.py:151} INFO - [2026-06-19T11:47:44.873+0000] {dagbag.py:539} INFO - Filling up the DagBag from /opt/airflow/dags/binance_daily_dag.py
[2026-06-19T11:47:47.454+0000] {processor.py:839} INFO - DAG(s) dict_keys(['daily_crypto_lstm_pipeline']) retrieved from /opt/airflow/dags/binance_daily_dag.py
[2026-06-19T11:47:47.476+0000] {logging_mixin.py:151} INFO - [2026-06-19T11:47:47.476+0000] {dag.py:2915} INFO - Sync 1 DAGs
[2026-06-19T11:47:47.499+0000] {logging_mixin.py:151} INFO - [2026-06-19T11:47:47.499+0000] {dag.py:3696} INFO - Setting next_dagrun for daily_crypto_lstm_pipeline to 2026-06-19T00:02:00+00:00, run_after=2026-06-20T00:02:00+00:00
[2026-06-19T11:47:47.521+0000] {processor.py:179} INFO - Processing /opt/airflow/dags/binance_daily_dag.py took 2.654 seconds
[2026-06-19T11:48:17.759+0000] {processor.py:157} INFO - Started process (PID=10402) to work on /opt/airflow/dags/binance_daily_dag.py
[2026-06-19T11:48:17.762+0000] {processor.py:829} INFO - Processing file /opt/airflow/dags/binance_daily_dag.py for tasks to queue
[2026-06-19T11:48:17.764+0000] {logging_mixin.py:151} INFO - [2026-06-19T11:48:17.764+0000] {dagbag.py:539} INFO - Filling up the DagBag from /opt/airflow/dags/binance_daily_dag.py
[2026-06-19T11:48:20.585+0000] {processor.py:839} INFO - DAG(s) dict_keys(['daily_crypto_lstm_pipeline']) retrieved from /opt/airflow/dags/binance_daily_dag.py
[2026-06-19T11:48:20.610+0000] {logging_mixin.py:151} INFO - [2026-06-19T11:48:20.609+0000] {dag.py:2915} INFO - Sync 1 DAGs
[2026-06-19T11:48:20.632+0000] {logging_mixin.py:151} INFO - [2026-06-19T11:48:20.631+0000] {dag.py:3696} INFO - Setting next_dagrun for daily_crypto_lstm_pipeline to 2026-06-19T00:02:00+00:00, run_after=2026-06-20T00:02:00+00:00
[2026-06-19T11:48:20.690+0000] {processor.py:179} INFO - Processing /opt/airflow/dags/binance_daily_dag.py took 2.938 seconds
[2026-06-19T11:48:50.914+0000] {processor.py:157} INFO - Started process (PID=10435) to work on /opt/airflow/dags/binance_daily_dag.py
[2026-06-19T11:48:50.916+0000] {processor.py:829} INFO - Processing file /opt/airflow/dags/binance_daily_dag.py for tasks to queue
[2026-06-19T11:48:50.916+0000] {logging_mixin.py:151} INFO - [2026-06-19T11:48:50.916+0000] {dagbag.py:539} INFO - Filling up the DagBag from /opt/airflow/dags/binance_daily_dag.py
[2026-06-19T11:48:54.105+0000] {processor.py:839} INFO - DAG(s) dict_keys(['daily_crypto_lstm_pipeline']) retrieved from /opt/airflow/dags/binance_daily_dag.py
[2026-06-19T11:48:54.230+0000] {logging_mixin.py:151} INFO - [2026-06-19T11:48:54.229+0000] {dag.py:2915} INFO - Sync 1 DAGs
[2026-06-19T11:48:54.265+0000] {logging_mixin.py:151} INFO - [2026-06-19T11:48:54.264+0000] {dag.py:3696} INFO - Setting next_dagrun for daily_crypto_lstm_pipeline to 2026-06-19T00:02:00+00:00, run_after=2026-06-20T00:02:00+00:00
[2026-06-19T11:48:54.296+0000] {processor.py:179} INFO - Processing /opt/airflow/dags/binance_daily_dag.py took 3.386 seconds
[2026-06-19T11:49:24.393+0000] {processor.py:157} INFO - Started process (PID=10468) to work on /opt/airflow/dags/binance_daily_dag.py
[2026-06-19T11:49:24.395+0000] {processor.py:829} INFO - Processing file /opt/airflow/dags/binance_daily_dag.py for tasks to queue
[2026-06-19T11:49:24.397+0000] {logging_mixin.py:151} INFO - [2026-06-19T11:49:24.396+0000] {dagbag.py:539} INFO - Filling up the DagBag from /opt/airflow/dags/binance_daily_dag.py
[2026-06-19T11:49:27.370+0000] {processor.py:839} INFO - DAG(s) dict_keys(['daily_crypto_lstm_pipeline']) retrieved from /opt/airflow/dags/binance_daily_dag.py
[2026-06-19T11:49:27.392+0000] {logging_mixin.py:151} INFO - [2026-06-19T11:49:27.391+0000] {dag.py:2915} INFO - Sync 1 DAGs
[2026-06-19T11:49:27.419+0000] {logging_mixin.py:151} INFO - [2026-06-19T11:49:27.419+0000] {dag.py:3696} INFO - Setting next_dagrun for daily_crypto_lstm_pipeline to 2026-06-19T00:02:00+00:00, run_after=2026-06-20T00:02:00+00:00
[2026-06-19T11:49:27.448+0000] {processor.py:179} INFO - Processing /opt/airflow/dags/binance_daily_dag.py took 3.064 seconds
[2026-06-19T11:49:57.571+0000] {processor.py:157} INFO - Started process (PID=10501) to work on /opt/airflow/dags/binance_daily_dag.py
[2026-06-19T11:49:57.572+0000] {processor.py:829} INFO - Processing file /opt/airflow/dags/binance_daily_dag.py for tasks to queue
[2026-06-19T11:49:57.573+0000] {logging_mixin.py:151} INFO - [2026-06-19T11:49:57.573+0000] {dagbag.py:539} INFO - Filling up the DagBag from /opt/airflow/dags/binance_daily_dag.py
[2026-06-19T11:50:00.256+0000] {processor.py:839} INFO - DAG(s) dict_keys(['daily_crypto_lstm_pipeline']) retrieved from /opt/airflow/dags/binance_daily_dag.py
[2026-06-19T11:50:00.280+0000] {logging_mixin.py:151} INFO - [2026-06-19T11:50:00.280+0000] {dag.py:2915} INFO - Sync 1 DAGs
[2026-06-19T11:50:00.312+0000] {logging_mixin.py:151} INFO - [2026-06-19T11:50:00.312+0000] {dag.py:3696} INFO - Setting next_dagrun for daily_crypto_lstm_pipeline to 2026-06-19T00:02:00+00:00, run_after=2026-06-20T00:02:00+00:00
[2026-06-19T11:50:00.341+0000] {processor.py:179} INFO - Processing /opt/airflow/dags/binance_daily_dag.py took 2.774 seconds
[2026-06-19T11:50:30.469+0000] {processor.py:157} INFO - Started process (PID=10535) to work on /opt/airflow/dags/binance_daily_dag.py
[2026-06-19T11:50:30.471+0000] {processor.py:829} INFO - Processing file /opt/airflow/dags/binance_daily_dag.py for tasks to queue
[2026-06-19T11:50:30.472+0000] {logging_mixin.py:151} INFO - [2026-06-19T11:50:30.472+0000] {dagbag.py:539} INFO - Filling up the DagBag from /opt/airflow/dags/binance_daily_dag.py
[2026-06-19T11:50:32.931+0000] {processor.py:839} INFO - DAG(s) dict_keys(['daily_crypto_lstm_pipeline']) retrieved from /opt/airflow/dags/binance_daily_dag.py
[2026-06-19T11:50:32.950+0000] {logging_mixin.py:151} INFO - [2026-06-19T11:50:32.950+0000] {dag.py:2915} INFO - Sync 1 DAGs
[2026-06-19T11:50:32.973+0000] {logging_mixin.py:151} INFO - [2026-06-19T11:50:32.973+0000] {dag.py:3696} INFO - Setting next_dagrun for daily_crypto_lstm_pipeline to 2026-06-19T00:02:00+00:00, run_after=2026-06-20T00:02:00+00:00
[2026-06-19T11:50:33.032+0000] {processor.py:179} INFO - Processing /opt/airflow/dags/binance_daily_dag.py took 2.570 seconds
[2026-06-19T11:51:03.359+0000] {processor.py:157} INFO - Started process (PID=10568) to work on /opt/airflow/dags/binance_daily_dag.py
[2026-06-19T11:51:03.360+0000] {processor.py:829} INFO - Processing file /opt/airflow/dags/binance_daily_dag.py for tasks to queue
[2026-06-19T11:51:03.361+0000] {logging_mixin.py:151} INFO - [2026-06-19T11:51:03.361+0000] {dagbag.py:539} INFO - Filling up the DagBag from /opt/airflow/dags/binance_daily_dag.py
[2026-06-19T11:51:05.950+0000] {processor.py:839} INFO - DAG(s) dict_keys(['daily_crypto_lstm_pipeline']) retrieved from /opt/airflow/dags/binance_daily_dag.py
[2026-06-19T11:51:05.970+0000] {logging_mixin.py:151} INFO - [2026-06-19T11:51:05.970+0000] {dag.py:2915} INFO - Sync 1 DAGs
[2026-06-19T11:51:05.991+0000] {logging_mixin.py:151} INFO - [2026-06-19T11:51:05.991+0000] {dag.py:3696} INFO - Setting next_dagrun for daily_crypto_lstm_pipeline to 2026-06-19T00:02:00+00:00, run_after=2026-06-20T00:02:00+00:00
[2026-06-19T11:51:06.048+0000] {processor.py:179} INFO - Processing /opt/airflow/dags/binance_daily_dag.py took 2.693 seconds
[2026-06-19T11:51:36.164+0000] {processor.py:157} INFO - Started process (PID=10597) to work on /opt/airflow/dags/binance_daily_dag.py
[2026-06-19T11:51:36.166+0000] {processor.py:829} INFO - Processing file /opt/airflow/dags/binance_daily_dag.py for tasks to queue
[2026-06-19T11:51:36.167+0000] {logging_mixin.py:151} INFO - [2026-06-19T11:51:36.167+0000] {dagbag.py:539} INFO - Filling up the DagBag from /opt/airflow/dags/binance_daily_dag.py
[2026-06-19T11:51:38.928+0000] {processor.py:839} INFO - DAG(s) dict_keys(['daily_crypto_lstm_pipeline']) retrieved from /opt/airflow/dags/binance_daily_dag.py
[2026-06-19T11:51:38.949+0000] {logging_mixin.py:151} INFO - [2026-06-19T11:51:38.949+0000] {dag.py:2915} INFO - Sync 1 DAGs
[2026-06-19T11:51:38.971+0000] {logging_mixin.py:151} INFO - [2026-06-19T11:51:38.971+0000] {dag.py:3696} INFO - Setting next_dagrun for daily_crypto_lstm_pipeline to 2026-06-19T00:02:00+00:00, run_after=2026-06-20T00:02:00+00:00
[2026-06-19T11:51:38.990+0000] {processor.py:179} INFO - Processing /opt/airflow/dags/binance_daily_dag.py took 2.830 seconds
[2026-06-19T11:52:09.233+0000] {processor.py:157} INFO - Started process (PID=10633) to work on /opt/airflow/dags/binance_daily_dag.py
[2026-06-19T11:52:09.235+0000] {processor.py:829} INFO - Processing file /opt/airflow/dags/binance_daily_dag.py for tasks to queue
[2026-06-19T11:52:09.236+0000] {logging_mixin.py:151} INFO - [2026-06-19T11:52:09.236+0000] {dagbag.py:539} INFO - Filling up the DagBag from /opt/airflow/dags/binance_daily_dag.py
[2026-06-19T11:52:11.874+0000] {processor.py:839} INFO - DAG(s) dict_keys(['daily_crypto_lstm_pipeline']) retrieved from /opt/airflow/dags/binance_daily_dag.py
[2026-06-19T11:52:11.896+0000] {logging_mixin.py:151} INFO - [2026-06-19T11:52:11.896+0000] {dag.py:2915} INFO - Sync 1 DAGs
[2026-06-19T11:52:11.918+0000] {logging_mixin.py:151} INFO - [2026-06-19T11:52:11.918+0000] {dag.py:3696} INFO - Setting next_dagrun for daily_crypto_lstm_pipeline to 2026-06-19T00:02:00+00:00, run_after=2026-06-20T00:02:00+00:00
[2026-06-19T11:52:11.947+0000] {processor.py:179} INFO - Processing /opt/airflow/dags/binance_daily_dag.py took 2.719 seconds
[2026-06-19T11:52:42.950+0000] {processor.py:157} INFO - Started process (PID=10674) to work on /opt/airflow/dags/binance_daily_dag.py
[2026-06-19T11:52:42.952+0000] {processor.py:829} INFO - Processing file /opt/airflow/dags/binance_daily_dag.py for tasks to queue
[2026-06-19T11:52:42.953+0000] {logging_mixin.py:151} INFO - [2026-06-19T11:52:42.953+0000] {dagbag.py:539} INFO - Filling up the DagBag from /opt/airflow/dags/binance_daily_dag.py
[2026-06-19T11:52:45.537+0000] {processor.py:839} INFO - DAG(s) dict_keys(['daily_crypto_lstm_pipeline']) retrieved from /opt/airflow/dags/binance_daily_dag.py
[2026-06-19T11:52:45.573+0000] {logging_mixin.py:151} INFO - [2026-06-19T11:52:45.572+0000] {dag.py:2915} INFO - Sync 1 DAGs
[2026-06-19T11:52:45.609+0000] {logging_mixin.py:151} INFO - [2026-06-19T11:52:45.609+0000] {dag.py:3696} INFO - Setting next_dagrun for daily_crypto_lstm_pipeline to 2026-06-19T00:02:00+00:00, run_after=2026-06-20T00:02:00+00:00
[2026-06-19T11:52:45.665+0000] {processor.py:179} INFO - Processing /opt/airflow/dags/binance_daily_dag.py took 2.719 seconds
[2026-06-19T11:53:15.867+0000] {processor.py:157} INFO - Started process (PID=10707) to work on /opt/airflow/dags/binance_daily_dag.py
[2026-06-19T11:53:15.869+0000] {processor.py:829} INFO - Processing file /opt/airflow/dags/binance_daily_dag.py for tasks to queue
[2026-06-19T11:53:15.870+0000] {logging_mixin.py:151} INFO - [2026-06-19T11:53:15.869+0000] {dagbag.py:539} INFO - Filling up the DagBag from /opt/airflow/dags/binance_daily_dag.py
[2026-06-19T11:53:18.196+0000] {processor.py:839} INFO - DAG(s) dict_keys(['daily_crypto_lstm_pipeline']) retrieved from /opt/airflow/dags/binance_daily_dag.py
[2026-06-19T11:53:18.216+0000] {logging_mixin.py:151} INFO - [2026-06-19T11:53:18.216+0000] {dag.py:2915} INFO - Sync 1 DAGs
[2026-06-19T11:53:18.235+0000] {logging_mixin.py:151} INFO - [2026-06-19T11:53:18.235+0000] {dag.py:3696} INFO - Setting next_dagrun for daily_crypto_lstm_pipeline to 2026-06-19T00:02:00+00:00, run_after=2026-06-20T00:02:00+00:00
[2026-06-19T11:53:18.293+0000] {processor.py:179} INFO - Processing /opt/airflow/dags/binance_daily_dag.py took 2.429 seconds
[2026-06-19T11:53:49.604+0000] {processor.py:157} INFO - Started process (PID=10740) to work on /opt/airflow/dags/binance_daily_dag.py
[2026-06-19T11:53:49.606+0000] {processor.py:829} INFO - Processing file /opt/airflow/dags/binance_daily_dag.py for tasks to queue
[2026-06-19T11:53:49.607+0000] {logging_mixin.py:151} INFO - [2026-06-19T11:53:49.607+0000] {dagbag.py:539} INFO - Filling up the DagBag from /opt/airflow/dags/binance_daily_dag.py
[2026-06-19T11:53:52.075+0000] {processor.py:839} INFO - DAG(s) dict_keys(['daily_crypto_lstm_pipeline']) retrieved from /opt/airflow/dags/binance_daily_dag.py
[2026-06-19T11:53:52.096+0000] {logging_mixin.py:151} INFO - [2026-06-19T11:53:52.095+0000] {dag.py:2915} INFO - Sync 1 DAGs
[2026-06-19T11:53:52.115+0000] {logging_mixin.py:151} INFO - [2026-06-19T11:53:52.115+0000] {dag.py:3696} INFO - Setting next_dagrun for daily_crypto_lstm_pipeline to 2026-06-19T00:02:00+00:00, run_after=2026-06-20T00:02:00+00:00
[2026-06-19T11:53:52.173+0000] {processor.py:179} INFO - Processing /opt/airflow/dags/binance_daily_dag.py took 2.573 seconds
[2026-06-19T11:54:23.160+0000] {processor.py:157} INFO - Started process (PID=10778) to work on /opt/airflow/dags/binance_daily_dag.py
[2026-06-19T11:54:23.161+0000] {processor.py:829} INFO - Processing file /opt/airflow/dags/binance_daily_dag.py for tasks to queue
[2026-06-19T11:54:23.162+0000] {logging_mixin.py:151} INFO - [2026-06-19T11:54:23.162+0000] {dagbag.py:539} INFO - Filling up the DagBag from /opt/airflow/dags/binance_daily_dag.py
[2026-06-19T11:54:25.798+0000] {processor.py:839} INFO - DAG(s) dict_keys(['daily_crypto_lstm_pipeline']) retrieved from /opt/airflow/dags/binance_daily_dag.py
[2026-06-19T11:54:25.829+0000] {logging_mixin.py:151} INFO - [2026-06-19T11:54:25.828+0000] {dag.py:2915} INFO - Sync 1 DAGs
[2026-06-19T11:54:25.867+0000] {logging_mixin.py:151} INFO - [2026-06-19T11:54:25.867+0000] {dag.py:3696} INFO - Setting next_dagrun for daily_crypto_lstm_pipeline to 2026-06-19T00:02:00+00:00, run_after=2026-06-20T00:02:00+00:00
[2026-06-19T11:54:25.887+0000] {processor.py:179} INFO - Processing /opt/airflow/dags/binance_daily_dag.py took 2.730 seconds
[2026-06-19T11:54:56.028+0000] {processor.py:157} INFO - Started process (PID=10811) to work on /opt/airflow/dags/binance_daily_dag.py
[2026-06-19T11:54:56.029+0000] {processor.py:829} INFO - Processing file /opt/airflow/dags/binance_daily_dag.py for tasks to queue
[2026-06-19T11:54:56.030+0000] {logging_mixin.py:151} INFO - [2026-06-19T11:54:56.030+0000] {dagbag.py:539} INFO - Filling up the DagBag from /opt/airflow/dags/binance_daily_dag.py
[2026-06-19T11:54:58.728+0000] {processor.py:839} INFO - DAG(s) dict_keys(['daily_crypto_lstm_pipeline']) retrieved from /opt/airflow/dags/binance_daily_dag.py
[2026-06-19T11:54:58.751+0000] {logging_mixin.py:151} INFO - [2026-06-19T11:54:58.751+0000] {dag.py:2915} INFO - Sync 1 DAGs
[2026-06-19T11:54:58.774+0000] {logging_mixin.py:151} INFO - [2026-06-19T11:54:58.773+0000] {dag.py:3696} INFO - Setting next_dagrun for daily_crypto_lstm_pipeline to 2026-06-19T00:02:00+00:00, run_after=2026-06-20T00:02:00+00:00
[2026-06-19T11:54:58.835+0000] {processor.py:179} INFO - Processing /opt/airflow/dags/binance_daily_dag.py took 2.811 seconds
[2026-06-19T11:55:29.196+0000] {processor.py:157} INFO - Started process (PID=10844) to work on /opt/airflow/dags/binance_daily_dag.py
[2026-06-19T11:55:29.197+0000] {processor.py:829} INFO - Processing file /opt/airflow/dags/binance_daily_dag.py for tasks to queue
[2026-06-19T11:55:29.198+0000] {logging_mixin.py:151} INFO - [2026-06-19T11:55:29.198+0000] {dagbag.py:539} INFO - Filling up the DagBag from /opt/airflow/dags/binance_daily_dag.py
[2026-06-19T11:55:31.950+0000] {processor.py:839} INFO - DAG(s) dict_keys(['daily_crypto_lstm_pipeline']) retrieved from /opt/airflow/dags/binance_daily_dag.py
[2026-06-19T11:55:31.970+0000] {logging_mixin.py:151} INFO - [2026-06-19T11:55:31.970+0000] {dag.py:2915} INFO - Sync 1 DAGs
[2026-06-19T11:55:31.993+0000] {logging_mixin.py:151} INFO - [2026-06-19T11:55:31.993+0000] {dag.py:3696} INFO - Setting next_dagrun for daily_crypto_lstm_pipeline to 2026-06-19T00:02:00+00:00, run_after=2026-06-20T00:02:00+00:00
[2026-06-19T11:55:32.051+0000] {processor.py:179} INFO - Processing /opt/airflow/dags/binance_daily_dag.py took 2.861 seconds
[2026-06-19T11:56:03.889+0000] {processor.py:157} INFO - Started process (PID=10877) to work on /opt/airflow/dags/binance_daily_dag.py
[2026-06-19T11:56:03.890+0000] {processor.py:829} INFO - Processing file /opt/airflow/dags/binance_daily_dag.py for tasks to queue
[2026-06-19T11:56:03.892+0000] {logging_mixin.py:151} INFO - [2026-06-19T11:56:03.891+0000] {dagbag.py:539} INFO - Filling up the DagBag from /opt/airflow/dags/binance_daily_dag.py
[2026-06-19T11:56:06.551+0000] {processor.py:839} INFO - DAG(s) dict_keys(['daily_crypto_lstm_pipeline']) retrieved from /opt/airflow/dags/binance_daily_dag.py
[2026-06-19T11:56:06.571+0000] {logging_mixin.py:151} INFO - [2026-06-19T11:56:06.570+0000] {dag.py:2915} INFO - Sync 1 DAGs
[2026-06-19T11:56:06.594+0000] {logging_mixin.py:151} INFO - [2026-06-19T11:56:06.594+0000] {dag.py:3696} INFO - Setting next_dagrun for daily_crypto_lstm_pipeline to 2026-06-19T00:02:00+00:00, run_after=2026-06-20T00:02:00+00:00
[2026-06-19T11:56:06.654+0000] {processor.py:179} INFO - Processing /opt/airflow/dags/binance_daily_dag.py took 2.769 seconds
[2026-06-19T11:56:36.813+0000] {processor.py:157} INFO - Started process (PID=10910) to work on /opt/airflow/dags/binance_daily_dag.py
[2026-06-19T11:56:36.815+0000] {processor.py:829} INFO - Processing file /opt/airflow/dags/binance_daily_dag.py for tasks to queue
[2026-06-19T11:56:36.816+0000] {logging_mixin.py:151} INFO - [2026-06-19T11:56:36.816+0000] {dagbag.py:539} INFO - Filling up the DagBag from /opt/airflow/dags/binance_daily_dag.py
[2026-06-19T11:56:39.312+0000] {processor.py:839} INFO - DAG(s) dict_keys(['daily_crypto_lstm_pipeline']) retrieved from /opt/airflow/dags/binance_daily_dag.py
[2026-06-19T11:56:39.338+0000] {logging_mixin.py:151} INFO - [2026-06-19T11:56:39.338+0000] {dag.py:2915} INFO - Sync 1 DAGs
[2026-06-19T11:56:39.360+0000] {logging_mixin.py:151} INFO - [2026-06-19T11:56:39.360+0000] {dag.py:3696} INFO - Setting next_dagrun for daily_crypto_lstm_pipeline to 2026-06-19T00:02:00+00:00, run_after=2026-06-20T00:02:00+00:00
[2026-06-19T11:56:39.420+0000] {processor.py:179} INFO - Processing /opt/airflow/dags/binance_daily_dag.py took 2.610 seconds
[2026-06-19T11:57:10.034+0000] {processor.py:157} INFO - Started process (PID=10943) to work on /opt/airflow/dags/binance_daily_dag.py
[2026-06-19T11:57:10.035+0000] {processor.py:829} INFO - Processing file /opt/airflow/dags/binance_daily_dag.py for tasks to queue
[2026-06-19T11:57:10.036+0000] {logging_mixin.py:151} INFO - [2026-06-19T11:57:10.036+0000] {dagbag.py:539} INFO - Filling up the DagBag from /opt/airflow/dags/binance_daily_dag.py
[2026-06-19T11:57:12.547+0000] {processor.py:839} INFO - DAG(s) dict_keys(['daily_crypto_lstm_pipeline']) retrieved from /opt/airflow/dags/binance_daily_dag.py
[2026-06-19T11:57:12.570+0000] {logging_mixin.py:151} INFO - [2026-06-19T11:57:12.569+0000] {dag.py:2915} INFO - Sync 1 DAGs
[2026-06-19T11:57:12.597+0000] {logging_mixin.py:151} INFO - [2026-06-19T11:57:12.597+0000] {dag.py:3696} INFO - Setting next_dagrun for daily_crypto_lstm_pipeline to 2026-06-19T00:02:00+00:00, run_after=2026-06-20T00:02:00+00:00
[2026-06-19T11:57:12.619+0000] {processor.py:179} INFO - Processing /opt/airflow/dags/binance_daily_dag.py took 2.589 seconds
[2026-06-19T11:57:43.448+0000] {processor.py:157} INFO - Started process (PID=10983) to work on /opt/airflow/dags/binance_daily_dag.py
[2026-06-19T11:57:43.450+0000] {processor.py:829} INFO - Processing file /opt/airflow/dags/binance_daily_dag.py for tasks to queue
[2026-06-19T11:57:43.451+0000] {logging_mixin.py:151} INFO - [2026-06-19T11:57:43.451+0000] {dagbag.py:539} INFO - Filling up the DagBag from /opt/airflow/dags/binance_daily_dag.py
[2026-06-19T11:57:46.005+0000] {processor.py:839} INFO - DAG(s) dict_keys(['daily_crypto_lstm_pipeline']) retrieved from /opt/airflow/dags/binance_daily_dag.py
[2026-06-19T11:57:46.027+0000] {logging_mixin.py:151} INFO - [2026-06-19T11:57:46.026+0000] {dag.py:2915} INFO - Sync 1 DAGs
[2026-06-19T11:57:46.047+0000] {logging_mixin.py:151} INFO - [2026-06-19T11:57:46.047+0000] {dag.py:3696} INFO - Setting next_dagrun for daily_crypto_lstm_pipeline to 2026-06-19T00:02:00+00:00, run_after=2026-06-20T00:02:00+00:00
[2026-06-19T11:57:46.066+0000] {processor.py:179} INFO - Processing /opt/airflow/dags/binance_daily_dag.py took 2.622 seconds
[2026-06-19T11:58:16.760+0000] {processor.py:157} INFO - Started process (PID=11016) to work on /opt/airflow/dags/binance_daily_dag.py
[2026-06-19T11:58:16.762+0000] {processor.py:829} INFO - Processing file /opt/airflow/dags/binance_daily_dag.py for tasks to queue
[2026-06-19T11:58:16.763+0000] {logging_mixin.py:151} INFO - [2026-06-19T11:58:16.763+0000] {dagbag.py:539} INFO - Filling up the DagBag from /opt/airflow/dags/binance_daily_dag.py
[2026-06-19T11:58:19.081+0000] {processor.py:839} INFO - DAG(s) dict_keys(['daily_crypto_lstm_pipeline']) retrieved from /opt/airflow/dags/binance_daily_dag.py
[2026-06-19T11:58:19.102+0000] {logging_mixin.py:151} INFO - [2026-06-19T11:58:19.101+0000] {dag.py:2915} INFO - Sync 1 DAGs
[2026-06-19T11:58:19.121+0000] {logging_mixin.py:151} INFO - [2026-06-19T11:58:19.121+0000] {dag.py:3696} INFO - Setting next_dagrun for daily_crypto_lstm_pipeline to 2026-06-19T00:02:00+00:00, run_after=2026-06-20T00:02:00+00:00
[2026-06-19T11:58:19.164+0000] {processor.py:179} INFO - Processing /opt/airflow/dags/binance_daily_dag.py took 2.409 seconds
[2026-06-19T11:58:49.700+0000] {processor.py:157} INFO - Started process (PID=11049) to work on /opt/airflow/dags/binance_daily_dag.py
[2026-06-19T11:58:49.701+0000] {processor.py:829} INFO - Processing file /opt/airflow/dags/binance_daily_dag.py for tasks to queue
[2026-06-19T11:58:49.702+0000] {logging_mixin.py:151} INFO - [2026-06-19T11:58:49.702+0000] {dagbag.py:539} INFO - Filling up the DagBag from /opt/airflow/dags/binance_daily_dag.py
[2026-06-19T11:58:52.003+0000] {processor.py:839} INFO - DAG(s) dict_keys(['daily_crypto_lstm_pipeline']) retrieved from /opt/airflow/dags/binance_daily_dag.py
[2026-06-19T11:58:52.022+0000] {logging_mixin.py:151} INFO - [2026-06-19T11:58:52.022+0000] {dag.py:2915} INFO - Sync 1 DAGs
[2026-06-19T11:58:52.040+0000] {logging_mixin.py:151} INFO - [2026-06-19T11:58:52.040+0000] {dag.py:3696} INFO - Setting next_dagrun for daily_crypto_lstm_pipeline to 2026-06-19T00:02:00+00:00, run_after=2026-06-20T00:02:00+00:00
[2026-06-19T11:58:52.097+0000] {processor.py:179} INFO - Processing /opt/airflow/dags/binance_daily_dag.py took 2.401 seconds
[2026-06-19T11:59:22.935+0000] {processor.py:157} INFO - Started process (PID=11082) to work on /opt/airflow/dags/binance_daily_dag.py
[2026-06-19T11:59:22.936+0000] {processor.py:829} INFO - Processing file /opt/airflow/dags/binance_daily_dag.py for tasks to queue
[2026-06-19T11:59:22.937+0000] {logging_mixin.py:151} INFO - [2026-06-19T11:59:22.936+0000] {dagbag.py:539} INFO - Filling up the DagBag from /opt/airflow/dags/binance_daily_dag.py
[2026-06-19T11:59:25.392+0000] {processor.py:839} INFO - DAG(s) dict_keys(['daily_crypto_lstm_pipeline']) retrieved from /opt/airflow/dags/binance_daily_dag.py
[2026-06-19T11:59:25.421+0000] {logging_mixin.py:151} INFO - [2026-06-19T11:59:25.420+0000] {dag.py:2915} INFO - Sync 1 DAGs
[2026-06-19T11:59:25.446+0000] {logging_mixin.py:151} INFO - [2026-06-19T11:59:25.446+0000] {dag.py:3696} INFO - Setting next_dagrun for daily_crypto_lstm_pipeline to 2026-06-19T00:02:00+00:00, run_after=2026-06-20T00:02:00+00:00
[2026-06-19T11:59:25.495+0000] {processor.py:179} INFO - Processing /opt/airflow/dags/binance_daily_dag.py took 2.565 seconds
[2026-06-19T11:59:56.684+0000] {processor.py:157} INFO - Started process (PID=11115) to work on /opt/airflow/dags/binance_daily_dag.py
[2026-06-19T11:59:56.685+0000] {processor.py:829} INFO - Processing file /opt/airflow/dags/binance_daily_dag.py for tasks to queue
[2026-06-19T11:59:56.685+0000] {logging_mixin.py:151} INFO - [2026-06-19T11:59:56.685+0000] {dagbag.py:539} INFO - Filling up the DagBag from /opt/airflow/dags/binance_daily_dag.py
[2026-06-19T11:59:59.018+0000] {processor.py:839} INFO - DAG(s) dict_keys(['daily_crypto_lstm_pipeline']) retrieved from /opt/airflow/dags/binance_daily_dag.py
[2026-06-19T11:59:59.037+0000] {logging_mixin.py:151} INFO - [2026-06-19T11:59:59.036+0000] {dag.py:2915} INFO - Sync 1 DAGs
[2026-06-19T11:59:59.054+0000] {logging_mixin.py:151} INFO - [2026-06-19T11:59:59.054+0000] {dag.py:3696} INFO - Setting next_dagrun for daily_crypto_lstm_pipeline to 2026-06-19T00:02:00+00:00, run_after=2026-06-20T00:02:00+00:00
[2026-06-19T11:59:59.110+0000] {processor.py:179} INFO - Processing /opt/airflow/dags/binance_daily_dag.py took 2.430 seconds
[2026-06-19T12:00:30.203+0000] {processor.py:157} INFO - Started process (PID=11153) to work on /opt/airflow/dags/binance_daily_dag.py
[2026-06-19T12:00:30.205+0000] {processor.py:829} INFO - Processing file /opt/airflow/dags/binance_daily_dag.py for tasks to queue
[2026-06-19T12:00:30.206+0000] {logging_mixin.py:151} INFO - [2026-06-19T12:00:30.206+0000] {dagbag.py:539} INFO - Filling up the DagBag from /opt/airflow/dags/binance_daily_dag.py
[2026-06-19T12:00:32.493+0000] {processor.py:839} INFO - DAG(s) dict_keys(['daily_crypto_lstm_pipeline']) retrieved from /opt/airflow/dags/binance_daily_dag.py
[2026-06-19T12:00:32.512+0000] {logging_mixin.py:151} INFO - [2026-06-19T12:00:32.512+0000] {dag.py:2915} INFO - Sync 1 DAGs
[2026-06-19T12:00:32.531+0000] {logging_mixin.py:151} INFO - [2026-06-19T12:00:32.531+0000] {dag.py:3696} INFO - Setting next_dagrun for daily_crypto_lstm_pipeline to 2026-06-19T00:02:00+00:00, run_after=2026-06-20T00:02:00+00:00
[2026-06-19T12:00:32.589+0000] {processor.py:179} INFO - Processing /opt/airflow/dags/binance_daily_dag.py took 2.391 seconds
[2026-06-19T12:01:02.855+0000] {processor.py:157} INFO - Started process (PID=11186) to work on /opt/airflow/dags/binance_daily_dag.py
[2026-06-19T12:01:02.857+0000] {processor.py:829} INFO - Processing file /opt/airflow/dags/binance_daily_dag.py for tasks to queue
[2026-06-19T12:01:02.858+0000] {logging_mixin.py:151} INFO - [2026-06-19T12:01:02.858+0000] {dagbag.py:539} INFO - Filling up the DagBag from /opt/airflow/dags/binance_daily_dag.py
[2026-06-19T12:01:05.039+0000] {processor.py:839} INFO - DAG(s) dict_keys(['daily_crypto_lstm_pipeline']) retrieved from /opt/airflow/dags/binance_daily_dag.py
[2026-06-19T12:01:05.060+0000] {logging_mixin.py:151} INFO - [2026-06-19T12:01:05.059+0000] {dag.py:2915} INFO - Sync 1 DAGs
[2026-06-19T12:01:05.081+0000] {logging_mixin.py:151} INFO - [2026-06-19T12:01:05.081+0000] {dag.py:3696} INFO - Setting next_dagrun for daily_crypto_lstm_pipeline to 2026-06-19T00:02:00+00:00, run_after=2026-06-20T00:02:00+00:00
[2026-06-19T12:01:05.106+0000] {processor.py:179} INFO - Processing /opt/airflow/dags/binance_daily_dag.py took 2.254 seconds
[2026-06-19T12:01:35.759+0000] {processor.py:157} INFO - Started process (PID=11219) to work on /opt/airflow/dags/binance_daily_dag.py
[2026-06-19T12:01:35.760+0000] {processor.py:829} INFO - Processing file /opt/airflow/dags/binance_daily_dag.py for tasks to queue
[2026-06-19T12:01:35.761+0000] {logging_mixin.py:151} INFO - [2026-06-19T12:01:35.761+0000] {dagbag.py:539} INFO - Filling up the DagBag from /opt/airflow/dags/binance_daily_dag.py
[2026-06-19T12:01:38.353+0000] {processor.py:839} INFO - DAG(s) dict_keys(['daily_crypto_lstm_pipeline']) retrieved from /opt/airflow/dags/binance_daily_dag.py
[2026-06-19T12:01:38.378+0000] {logging_mixin.py:151} INFO - [2026-06-19T12:01:38.378+0000] {dag.py:2915} INFO - Sync 1 DAGs
[2026-06-19T12:01:38.400+0000] {logging_mixin.py:151} INFO - [2026-06-19T12:01:38.400+0000] {dag.py:3696} INFO - Setting next_dagrun for daily_crypto_lstm_pipeline to 2026-06-19T00:02:00+00:00, run_after=2026-06-20T00:02:00+00:00
[2026-06-19T12:01:38.422+0000] {processor.py:179} INFO - Processing /opt/airflow/dags/binance_daily_dag.py took 2.667 seconds
[2026-06-19T12:02:08.909+0000] {processor.py:157} INFO - Started process (PID=11252) to work on /opt/airflow/dags/binance_daily_dag.py
[2026-06-19T12:02:08.910+0000] {processor.py:829} INFO - Processing file /opt/airflow/dags/binance_daily_dag.py for tasks to queue
[2026-06-19T12:02:08.911+0000] {logging_mixin.py:151} INFO - [2026-06-19T12:02:08.911+0000] {dagbag.py:539} INFO - Filling up the DagBag from /opt/airflow/dags/binance_daily_dag.py
[2026-06-19T12:02:11.289+0000] {processor.py:839} INFO - DAG(s) dict_keys(['daily_crypto_lstm_pipeline']) retrieved from /opt/airflow/dags/binance_daily_dag.py
[2026-06-19T12:02:11.312+0000] {logging_mixin.py:151} INFO - [2026-06-19T12:02:11.312+0000] {dag.py:2915} INFO - Sync 1 DAGs
[2026-06-19T12:02:11.334+0000] {logging_mixin.py:151} INFO - [2026-06-19T12:02:11.334+0000] {dag.py:3696} INFO - Setting next_dagrun for daily_crypto_lstm_pipeline to 2026-06-19T00:02:00+00:00, run_after=2026-06-20T00:02:00+00:00
[2026-06-19T12:02:11.393+0000] {processor.py:179} INFO - Processing /opt/airflow/dags/binance_daily_dag.py took 2.487 seconds
[2026-06-19T12:02:42.470+0000] {processor.py:157} INFO - Started process (PID=11292) to work on /opt/airflow/dags/binance_daily_dag.py
[2026-06-19T12:02:42.472+0000] {processor.py:829} INFO - Processing file /opt/airflow/dags/binance_daily_dag.py for tasks to queue
[2026-06-19T12:02:42.473+0000] {logging_mixin.py:151} INFO - [2026-06-19T12:02:42.473+0000] {dagbag.py:539} INFO - Filling up the DagBag from /opt/airflow/dags/binance_daily_dag.py
[2026-06-19T12:02:44.944+0000] {processor.py:839} INFO - DAG(s) dict_keys(['daily_crypto_lstm_pipeline']) retrieved from /opt/airflow/dags/binance_daily_dag.py
[2026-06-19T12:02:44.968+0000] {logging_mixin.py:151} INFO - [2026-06-19T12:02:44.967+0000] {dag.py:2915} INFO - Sync 1 DAGs
[2026-06-19T12:02:44.989+0000] {logging_mixin.py:151} INFO - [2026-06-19T12:02:44.989+0000] {dag.py:3696} INFO - Setting next_dagrun for daily_crypto_lstm_pipeline to 2026-06-19T00:02:00+00:00, run_after=2026-06-20T00:02:00+00:00
[2026-06-19T12:02:45.007+0000] {processor.py:179} INFO - Processing /opt/airflow/dags/binance_daily_dag.py took 2.542 seconds
[2026-06-19T12:03:16.412+0000] {processor.py:157} INFO - Started process (PID=11325) to work on /opt/airflow/dags/binance_daily_dag.py
[2026-06-19T12:03:16.414+0000] {processor.py:829} INFO - Processing file /opt/airflow/dags/binance_daily_dag.py for tasks to queue
[2026-06-19T12:03:16.414+0000] {logging_mixin.py:151} INFO - [2026-06-19T12:03:16.414+0000] {dagbag.py:539} INFO - Filling up the DagBag from /opt/airflow/dags/binance_daily_dag.py
[2026-06-19T12:03:18.825+0000] {processor.py:839} INFO - DAG(s) dict_keys(['daily_crypto_lstm_pipeline']) retrieved from /opt/airflow/dags/binance_daily_dag.py
[2026-06-19T12:03:18.847+0000] {logging_mixin.py:151} INFO - [2026-06-19T12:03:18.846+0000] {dag.py:2915} INFO - Sync 1 DAGs
[2026-06-19T12:03:18.866+0000] {logging_mixin.py:151} INFO - [2026-06-19T12:03:18.865+0000] {dag.py:3696} INFO - Setting next_dagrun for daily_crypto_lstm_pipeline to 2026-06-19T00:02:00+00:00, run_after=2026-06-20T00:02:00+00:00
[2026-06-19T12:03:18.923+0000] {processor.py:179} INFO - Processing /opt/airflow/dags/binance_daily_dag.py took 2.514 seconds
[2026-06-19T12:03:49.216+0000] {processor.py:157} INFO - Started process (PID=11358) to work on /opt/airflow/dags/binance_daily_dag.py
[2026-06-19T12:03:49.218+0000] {processor.py:829} INFO - Processing file /opt/airflow/dags/binance_daily_dag.py for tasks to queue
[2026-06-19T12:03:49.219+0000] {logging_mixin.py:151} INFO - [2026-06-19T12:03:49.219+0000] {dagbag.py:539} INFO - Filling up the DagBag from /opt/airflow/dags/binance_daily_dag.py
[2026-06-19T12:03:51.989+0000] {processor.py:839} INFO - DAG(s) dict_keys(['daily_crypto_lstm_pipeline']) retrieved from /opt/airflow/dags/binance_daily_dag.py
[2026-06-19T12:03:52.010+0000] {logging_mixin.py:151} INFO - [2026-06-19T12:03:52.010+0000] {dag.py:2915} INFO - Sync 1 DAGs
[2026-06-19T12:03:52.028+0000] {logging_mixin.py:151} INFO - [2026-06-19T12:03:52.028+0000] {dag.py:3696} INFO - Setting next_dagrun for daily_crypto_lstm_pipeline to 2026-06-19T00:02:00+00:00, run_after=2026-06-20T00:02:00+00:00
[2026-06-19T12:03:52.047+0000] {processor.py:179} INFO - Processing /opt/airflow/dags/binance_daily_dag.py took 2.833 seconds
[2026-06-19T12:04:22.426+0000] {processor.py:157} INFO - Started process (PID=11392) to work on /opt/airflow/dags/binance_daily_dag.py
[2026-06-19T12:04:22.429+0000] {processor.py:829} INFO - Processing file /opt/airflow/dags/binance_daily_dag.py for tasks to queue
[2026-06-19T12:04:22.430+0000] {logging_mixin.py:151} INFO - [2026-06-19T12:04:22.430+0000] {dagbag.py:539} INFO - Filling up the DagBag from /opt/airflow/dags/binance_daily_dag.py
[2026-06-19T12:04:24.846+0000] {processor.py:839} INFO - DAG(s) dict_keys(['daily_crypto_lstm_pipeline']) retrieved from /opt/airflow/dags/binance_daily_dag.py
[2026-06-19T12:04:24.867+0000] {logging_mixin.py:151} INFO - [2026-06-19T12:04:24.867+0000] {dag.py:2915} INFO - Sync 1 DAGs
[2026-06-19T12:04:24.888+0000] {logging_mixin.py:151} INFO - [2026-06-19T12:04:24.888+0000] {dag.py:3696} INFO - Setting next_dagrun for daily_crypto_lstm_pipeline to 2026-06-19T00:02:00+00:00, run_after=2026-06-20T00:02:00+00:00
[2026-06-19T12:04:24.945+0000] {processor.py:179} INFO - Processing /opt/airflow/dags/binance_daily_dag.py took 2.525 seconds
[2026-06-19T12:04:55.305+0000] {processor.py:157} INFO - Started process (PID=11424) to work on /opt/airflow/dags/binance_daily_dag.py
[2026-06-19T12:04:55.307+0000] {processor.py:829} INFO - Processing file /opt/airflow/dags/binance_daily_dag.py for tasks to queue
[2026-06-19T12:04:55.309+0000] {logging_mixin.py:151} INFO - [2026-06-19T12:04:55.308+0000] {dagbag.py:539} INFO - Filling up the DagBag from /opt/airflow/dags/binance_daily_dag.py
[2026-06-19T12:04:57.702+0000] {processor.py:839} INFO - DAG(s) dict_keys(['daily_crypto_lstm_pipeline']) retrieved from /opt/airflow/dags/binance_daily_dag.py
[2026-06-19T12:04:57.724+0000] {logging_mixin.py:151} INFO - [2026-06-19T12:04:57.724+0000] {dag.py:2915} INFO - Sync 1 DAGs
[2026-06-19T12:04:57.741+0000] {logging_mixin.py:151} INFO - [2026-06-19T12:04:57.741+0000] {dag.py:3696} INFO - Setting next_dagrun for daily_crypto_lstm_pipeline to 2026-06-19T00:02:00+00:00, run_after=2026-06-20T00:02:00+00:00
[2026-06-19T12:04:57.797+0000] {processor.py:179} INFO - Processing /opt/airflow/dags/binance_daily_dag.py took 2.497 seconds
[2026-06-19T12:05:28.139+0000] {processor.py:157} INFO - Started process (PID=11458) to work on /opt/airflow/dags/binance_daily_dag.py
[2026-06-19T12:05:28.140+0000] {processor.py:829} INFO - Processing file /opt/airflow/dags/binance_daily_dag.py for tasks to queue
[2026-06-19T12:05:28.141+0000] {logging_mixin.py:151} INFO - [2026-06-19T12:05:28.141+0000] {dagbag.py:539} INFO - Filling up the DagBag from /opt/airflow/dags/binance_daily_dag.py
[2026-06-19T12:05:30.673+0000] {processor.py:839} INFO - DAG(s) dict_keys(['daily_crypto_lstm_pipeline']) retrieved from /opt/airflow/dags/binance_daily_dag.py
[2026-06-19T12:05:30.695+0000] {logging_mixin.py:151} INFO - [2026-06-19T12:05:30.695+0000] {dag.py:2915} INFO - Sync 1 DAGs
[2026-06-19T12:05:30.717+0000] {logging_mixin.py:151} INFO - [2026-06-19T12:05:30.716+0000] {dag.py:3696} INFO - Setting next_dagrun for daily_crypto_lstm_pipeline to 2026-06-19T00:02:00+00:00, run_after=2026-06-20T00:02:00+00:00
[2026-06-19T12:05:30.738+0000] {processor.py:179} INFO - Processing /opt/airflow/dags/binance_daily_dag.py took 2.602 seconds
[2026-06-19T12:06:01.368+0000] {processor.py:157} INFO - Started process (PID=11490) to work on /opt/airflow/dags/binance_daily_dag.py
[2026-06-19T12:06:01.384+0000] {processor.py:829} INFO - Processing file /opt/airflow/dags/binance_daily_dag.py for tasks to queue
[2026-06-19T12:06:01.387+0000] {logging_mixin.py:151} INFO - [2026-06-19T12:06:01.386+0000] {dagbag.py:539} INFO - Filling up the DagBag from /opt/airflow/dags/binance_daily_dag.py
[2026-06-19T12:06:04.833+0000] {processor.py:839} INFO - DAG(s) dict_keys(['daily_crypto_lstm_pipeline']) retrieved from /opt/airflow/dags/binance_daily_dag.py
[2026-06-19T12:06:04.855+0000] {logging_mixin.py:151} INFO - [2026-06-19T12:06:04.854+0000] {dag.py:2915} INFO - Sync 1 DAGs
[2026-06-19T12:06:04.875+0000] {logging_mixin.py:151} INFO - [2026-06-19T12:06:04.875+0000] {dag.py:3696} INFO - Setting next_dagrun for daily_crypto_lstm_pipeline to 2026-06-19T00:02:00+00:00, run_after=2026-06-20T00:02:00+00:00
[2026-06-19T12:06:04.920+0000] {processor.py:179} INFO - Processing /opt/airflow/dags/binance_daily_dag.py took 3.560 seconds
[2026-06-19T12:06:35.101+0000] {processor.py:157} INFO - Started process (PID=11523) to work on /opt/airflow/dags/binance_daily_dag.py
[2026-06-19T12:06:35.102+0000] {processor.py:829} INFO - Processing file /opt/airflow/dags/binance_daily_dag.py for tasks to queue
[2026-06-19T12:06:35.103+0000] {logging_mixin.py:151} INFO - [2026-06-19T12:06:35.103+0000] {dagbag.py:539} INFO - Filling up the DagBag from /opt/airflow/dags/binance_daily_dag.py
[2026-06-19T12:06:37.805+0000] {processor.py:839} INFO - DAG(s) dict_keys(['daily_crypto_lstm_pipeline']) retrieved from /opt/airflow/dags/binance_daily_dag.py
[2026-06-19T12:06:37.826+0000] {logging_mixin.py:151} INFO - [2026-06-19T12:06:37.826+0000] {dag.py:2915} INFO - Sync 1 DAGs
[2026-06-19T12:06:37.845+0000] {logging_mixin.py:151} INFO - [2026-06-19T12:06:37.845+0000] {dag.py:3696} INFO - Setting next_dagrun for daily_crypto_lstm_pipeline to 2026-06-19T00:02:00+00:00, run_after=2026-06-20T00:02:00+00:00
[2026-06-19T12:06:37.866+0000] {processor.py:179} INFO - Processing /opt/airflow/dags/binance_daily_dag.py took 2.770 seconds
[2026-06-19T12:07:08.119+0000] {processor.py:157} INFO - Started process (PID=11561) to work on /opt/airflow/dags/binance_daily_dag.py
[2026-06-19T12:07:08.120+0000] {processor.py:829} INFO - Processing file /opt/airflow/dags/binance_daily_dag.py for tasks to queue
[2026-06-19T12:07:08.121+0000] {logging_mixin.py:151} INFO - [2026-06-19T12:07:08.121+0000] {dagbag.py:539} INFO - Filling up the DagBag from /opt/airflow/dags/binance_daily_dag.py
[2026-06-19T12:07:10.631+0000] {processor.py:839} INFO - DAG(s) dict_keys(['daily_crypto_lstm_pipeline']) retrieved from /opt/airflow/dags/binance_daily_dag.py
[2026-06-19T12:07:10.652+0000] {logging_mixin.py:151} INFO - [2026-06-19T12:07:10.652+0000] {dag.py:2915} INFO - Sync 1 DAGs
[2026-06-19T12:07:10.672+0000] {logging_mixin.py:151} INFO - [2026-06-19T12:07:10.672+0000] {dag.py:3696} INFO - Setting next_dagrun for daily_crypto_lstm_pipeline to 2026-06-19T00:02:00+00:00, run_after=2026-06-20T00:02:00+00:00
[2026-06-19T12:07:10.691+0000] {processor.py:179} INFO - Processing /opt/airflow/dags/binance_daily_dag.py took 2.576 seconds
[2026-06-19T12:07:41.646+0000] {processor.py:157} INFO - Started process (PID=11594) to work on /opt/airflow/dags/binance_daily_dag.py
[2026-06-19T12:07:41.648+0000] {processor.py:829} INFO - Processing file /opt/airflow/dags/binance_daily_dag.py for tasks to queue
[2026-06-19T12:07:41.649+0000] {logging_mixin.py:151} INFO - [2026-06-19T12:07:41.649+0000] {dagbag.py:539} INFO - Filling up the DagBag from /opt/airflow/dags/binance_daily_dag.py
[2026-06-19T12:07:44.209+0000] {processor.py:839} INFO - DAG(s) dict_keys(['daily_crypto_lstm_pipeline']) retrieved from /opt/airflow/dags/binance_daily_dag.py
[2026-06-19T12:07:44.232+0000] {logging_mixin.py:151} INFO - [2026-06-19T12:07:44.231+0000] {dag.py:2915} INFO - Sync 1 DAGs
[2026-06-19T12:07:44.253+0000] {logging_mixin.py:151} INFO - [2026-06-19T12:07:44.252+0000] {dag.py:3696} INFO - Setting next_dagrun for daily_crypto_lstm_pipeline to 2026-06-19T00:02:00+00:00, run_after=2026-06-20T00:02:00+00:00
[2026-06-19T12:07:44.313+0000] {processor.py:179} INFO - Processing /opt/airflow/dags/binance_daily_dag.py took 2.671 seconds
[2026-06-19T12:08:14.941+0000] {processor.py:157} INFO - Started process (PID=11634) to work on /opt/airflow/dags/binance_daily_dag.py
[2026-06-19T12:08:14.942+0000] {processor.py:829} INFO - Processing file /opt/airflow/dags/binance_daily_dag.py for tasks to queue
[2026-06-19T12:08:14.943+0000] {logging_mixin.py:151} INFO - [2026-06-19T12:08:14.943+0000] {dagbag.py:539} INFO - Filling up the DagBag from /opt/airflow/dags/binance_daily_dag.py
[2026-06-19T12:08:17.636+0000] {processor.py:839} INFO - DAG(s) dict_keys(['daily_crypto_lstm_pipeline']) retrieved from /opt/airflow/dags/binance_daily_dag.py
[2026-06-19T12:08:17.666+0000] {logging_mixin.py:151} INFO - [2026-06-19T12:08:17.665+0000] {dag.py:2915} INFO - Sync 1 DAGs
[2026-06-19T12:08:17.701+0000] {logging_mixin.py:151} INFO - [2026-06-19T12:08:17.701+0000] {dag.py:3696} INFO - Setting next_dagrun for daily_crypto_lstm_pipeline to 2026-06-19T00:02:00+00:00, run_after=2026-06-20T00:02:00+00:00
[2026-06-19T12:08:17.774+0000] {processor.py:179} INFO - Processing /opt/airflow/dags/binance_daily_dag.py took 2.836 seconds
[2026-06-19T12:08:48.305+0000] {processor.py:157} INFO - Started process (PID=11667) to work on /opt/airflow/dags/binance_daily_dag.py
[2026-06-19T12:08:48.306+0000] {processor.py:829} INFO - Processing file /opt/airflow/dags/binance_daily_dag.py for tasks to queue
[2026-06-19T12:08:48.307+0000] {logging_mixin.py:151} INFO - [2026-06-19T12:08:48.307+0000] {dagbag.py:539} INFO - Filling up the DagBag from /opt/airflow/dags/binance_daily_dag.py
[2026-06-19T12:08:50.823+0000] {processor.py:839} INFO - DAG(s) dict_keys(['daily_crypto_lstm_pipeline']) retrieved from /opt/airflow/dags/binance_daily_dag.py
[2026-06-19T12:08:50.850+0000] {logging_mixin.py:151} INFO - [2026-06-19T12:08:50.849+0000] {dag.py:2915} INFO - Sync 1 DAGs
[2026-06-19T12:08:50.873+0000] {logging_mixin.py:151} INFO - [2026-06-19T12:08:50.873+0000] {dag.py:3696} INFO - Setting next_dagrun for daily_crypto_lstm_pipeline to 2026-06-19T00:02:00+00:00, run_after=2026-06-20T00:02:00+00:00
[2026-06-19T12:08:50.955+0000] {processor.py:179} INFO - Processing /opt/airflow/dags/binance_daily_dag.py took 2.654 seconds
[2026-06-19T12:09:21.276+0000] {processor.py:157} INFO - Started process (PID=11700) to work on /opt/airflow/dags/binance_daily_dag.py
[2026-06-19T12:09:21.277+0000] {processor.py:829} INFO - Processing file /opt/airflow/dags/binance_daily_dag.py for tasks to queue
[2026-06-19T12:09:21.278+0000] {logging_mixin.py:151} INFO - [2026-06-19T12:09:21.278+0000] {dagbag.py:539} INFO - Filling up the DagBag from /opt/airflow/dags/binance_daily_dag.py
[2026-06-19T12:09:23.841+0000] {processor.py:839} INFO - DAG(s) dict_keys(['daily_crypto_lstm_pipeline']) retrieved from /opt/airflow/dags/binance_daily_dag.py
[2026-06-19T12:09:23.865+0000] {logging_mixin.py:151} INFO - [2026-06-19T12:09:23.865+0000] {dag.py:2915} INFO - Sync 1 DAGs
[2026-06-19T12:09:23.889+0000] {logging_mixin.py:151} INFO - [2026-06-19T12:09:23.889+0000] {dag.py:3696} INFO - Setting next_dagrun for daily_crypto_lstm_pipeline to 2026-06-19T00:02:00+00:00, run_after=2026-06-20T00:02:00+00:00
[2026-06-19T12:09:23.951+0000] {processor.py:179} INFO - Processing /opt/airflow/dags/binance_daily_dag.py took 2.681 seconds
[2026-06-19T12:09:54.181+0000] {processor.py:157} INFO - Started process (PID=11733) to work on /opt/airflow/dags/binance_daily_dag.py
[2026-06-19T12:09:54.183+0000] {processor.py:829} INFO - Processing file /opt/airflow/dags/binance_daily_dag.py for tasks to queue
[2026-06-19T12:09:54.185+0000] {logging_mixin.py:151} INFO - [2026-06-19T12:09:54.184+0000] {dagbag.py:539} INFO - Filling up the DagBag from /opt/airflow/dags/binance_daily_dag.py
[2026-06-19T12:09:56.837+0000] {processor.py:839} INFO - DAG(s) dict_keys(['daily_crypto_lstm_pipeline']) retrieved from /opt/airflow/dags/binance_daily_dag.py
[2026-06-19T12:09:56.862+0000] {logging_mixin.py:151} INFO - [2026-06-19T12:09:56.862+0000] {dag.py:2915} INFO - Sync 1 DAGs
[2026-06-19T12:09:56.883+0000] {logging_mixin.py:151} INFO - [2026-06-19T12:09:56.883+0000] {dag.py:3696} INFO - Setting next_dagrun for daily_crypto_lstm_pipeline to 2026-06-19T00:02:00+00:00, run_after=2026-06-20T00:02:00+00:00
[2026-06-19T12:09:56.943+0000] {processor.py:179} INFO - Processing /opt/airflow/dags/binance_daily_dag.py took 2.767 seconds
[2026-06-19T12:10:27.324+0000] {processor.py:157} INFO - Started process (PID=11766) to work on /opt/airflow/dags/binance_daily_dag.py
[2026-06-19T12:10:27.326+0000] {processor.py:829} INFO - Processing file /opt/airflow/dags/binance_daily_dag.py for tasks to queue
[2026-06-19T12:10:27.327+0000] {logging_mixin.py:151} INFO - [2026-06-19T12:10:27.326+0000] {dagbag.py:539} INFO - Filling up the DagBag from /opt/airflow/dags/binance_daily_dag.py
[2026-06-19T12:10:29.867+0000] {processor.py:839} INFO - DAG(s) dict_keys(['daily_crypto_lstm_pipeline']) retrieved from /opt/airflow/dags/binance_daily_dag.py
[2026-06-19T12:10:29.893+0000] {logging_mixin.py:151} INFO - [2026-06-19T12:10:29.893+0000] {dag.py:2915} INFO - Sync 1 DAGs
[2026-06-19T12:10:29.916+0000] {logging_mixin.py:151} INFO - [2026-06-19T12:10:29.916+0000] {dag.py:3696} INFO - Setting next_dagrun for daily_crypto_lstm_pipeline to 2026-06-19T00:02:00+00:00, run_after=2026-06-20T00:02:00+00:00
[2026-06-19T12:10:29.942+0000] {processor.py:179} INFO - Processing /opt/airflow/dags/binance_daily_dag.py took 2.621 seconds
[2026-06-19T12:11:00.306+0000] {processor.py:157} INFO - Started process (PID=11799) to work on /opt/airflow/dags/binance_daily_dag.py
[2026-06-19T12:11:00.308+0000] {processor.py:829} INFO - Processing file /opt/airflow/dags/binance_daily_dag.py for tasks to queue
[2026-06-19T12:11:00.309+0000] {logging_mixin.py:151} INFO - [2026-06-19T12:11:00.308+0000] {dagbag.py:539} INFO - Filling up the DagBag from /opt/airflow/dags/binance_daily_dag.py
[2026-06-19T12:11:02.881+0000] {processor.py:839} INFO - DAG(s) dict_keys(['daily_crypto_lstm_pipeline']) retrieved from /opt/airflow/dags/binance_daily_dag.py
[2026-06-19T12:11:02.901+0000] {logging_mixin.py:151} INFO - [2026-06-19T12:11:02.901+0000] {dag.py:2915} INFO - Sync 1 DAGs
[2026-06-19T12:11:02.922+0000] {logging_mixin.py:151} INFO - [2026-06-19T12:11:02.922+0000] {dag.py:3696} INFO - Setting next_dagrun for daily_crypto_lstm_pipeline to 2026-06-19T00:02:00+00:00, run_after=2026-06-20T00:02:00+00:00
[2026-06-19T12:11:02.942+0000] {processor.py:179} INFO - Processing /opt/airflow/dags/binance_daily_dag.py took 2.642 seconds
[2026-06-19T12:11:33.025+0000] {processor.py:157} INFO - Started process (PID=11832) to work on /opt/airflow/dags/binance_daily_dag.py
[2026-06-19T12:11:33.026+0000] {processor.py:829} INFO - Processing file /opt/airflow/dags/binance_daily_dag.py for tasks to queue
[2026-06-19T12:11:33.027+0000] {logging_mixin.py:151} INFO - [2026-06-19T12:11:33.027+0000] {dagbag.py:539} INFO - Filling up the DagBag from /opt/airflow/dags/binance_daily_dag.py
[2026-06-19T12:11:35.415+0000] {processor.py:839} INFO - DAG(s) dict_keys(['daily_crypto_lstm_pipeline']) retrieved from /opt/airflow/dags/binance_daily_dag.py
[2026-06-19T12:11:35.438+0000] {logging_mixin.py:151} INFO - [2026-06-19T12:11:35.437+0000] {dag.py:2915} INFO - Sync 1 DAGs
[2026-06-19T12:11:35.462+0000] {logging_mixin.py:151} INFO - [2026-06-19T12:11:35.462+0000] {dag.py:3696} INFO - Setting next_dagrun for daily_crypto_lstm_pipeline to 2026-06-19T00:02:00+00:00, run_after=2026-06-20T00:02:00+00:00
[2026-06-19T12:11:35.482+0000] {processor.py:179} INFO - Processing /opt/airflow/dags/binance_daily_dag.py took 2.461 seconds
[2026-06-19T12:12:06.791+0000] {processor.py:157} INFO - Started process (PID=11865) to work on /opt/airflow/dags/binance_daily_dag.py
[2026-06-19T12:12:06.793+0000] {processor.py:829} INFO - Processing file /opt/airflow/dags/binance_daily_dag.py for tasks to queue
[2026-06-19T12:12:06.794+0000] {logging_mixin.py:151} INFO - [2026-06-19T12:12:06.794+0000] {dagbag.py:539} INFO - Filling up the DagBag from /opt/airflow/dags/binance_daily_dag.py
[2026-06-19T12:12:09.089+0000] {processor.py:839} INFO - DAG(s) dict_keys(['daily_crypto_lstm_pipeline']) retrieved from /opt/airflow/dags/binance_daily_dag.py
[2026-06-19T12:12:09.110+0000] {logging_mixin.py:151} INFO - [2026-06-19T12:12:09.109+0000] {dag.py:2915} INFO - Sync 1 DAGs
[2026-06-19T12:12:09.132+0000] {logging_mixin.py:151} INFO - [2026-06-19T12:12:09.132+0000] {dag.py:3696} INFO - Setting next_dagrun for daily_crypto_lstm_pipeline to 2026-06-19T00:02:00+00:00, run_after=2026-06-20T00:02:00+00:00
[2026-06-19T12:12:09.153+0000] {processor.py:179} INFO - Processing /opt/airflow/dags/binance_daily_dag.py took 2.365 seconds
[2026-06-19T12:12:40.066+0000] {processor.py:157} INFO - Started process (PID=11898) to work on /opt/airflow/dags/binance_daily_dag.py
[2026-06-19T12:12:40.067+0000] {processor.py:829} INFO - Processing file /opt/airflow/dags/binance_daily_dag.py for tasks to queue
[2026-06-19T12:12:40.068+0000] {logging_mixin.py:151} INFO - [2026-06-19T12:12:40.068+0000] {dagbag.py:539} INFO - Filling up the DagBag from /opt/airflow/dags/binance_daily_dag.py
[2026-06-19T12:12:42.465+0000] {processor.py:839} INFO - DAG(s) dict_keys(['daily_crypto_lstm_pipeline']) retrieved from /opt/airflow/dags/binance_daily_dag.py
[2026-06-19T12:12:42.486+0000] {logging_mixin.py:151} INFO - [2026-06-19T12:12:42.485+0000] {dag.py:2915} INFO - Sync 1 DAGs
[2026-06-19T12:12:42.504+0000] {logging_mixin.py:151} INFO - [2026-06-19T12:12:42.504+0000] {dag.py:3696} INFO - Setting next_dagrun for daily_crypto_lstm_pipeline to 2026-06-19T00:02:00+00:00, run_after=2026-06-20T00:02:00+00:00
[2026-06-19T12:12:42.522+0000] {processor.py:179} INFO - Processing /opt/airflow/dags/binance_daily_dag.py took 2.460 seconds
[2026-06-19T12:13:13.333+0000] {processor.py:157} INFO - Started process (PID=11931) to work on /opt/airflow/dags/binance_daily_dag.py
[2026-06-19T12:13:13.334+0000] {processor.py:829} INFO - Processing file /opt/airflow/dags/binance_daily_dag.py for tasks to queue
[2026-06-19T12:13:13.336+0000] {logging_mixin.py:151} INFO - [2026-06-19T12:13:13.336+0000] {dagbag.py:539} INFO - Filling up the DagBag from /opt/airflow/dags/binance_daily_dag.py
[2026-06-19T12:13:16.094+0000] {processor.py:839} INFO - DAG(s) dict_keys(['daily_crypto_lstm_pipeline']) retrieved from /opt/airflow/dags/binance_daily_dag.py
[2026-06-19T12:13:16.116+0000] {logging_mixin.py:151} INFO - [2026-06-19T12:13:16.115+0000] {dag.py:2915} INFO - Sync 1 DAGs
[2026-06-19T12:13:16.136+0000] {logging_mixin.py:151} INFO - [2026-06-19T12:13:16.135+0000] {dag.py:3696} INFO - Setting next_dagrun for daily_crypto_lstm_pipeline to 2026-06-19T00:02:00+00:00, run_after=2026-06-20T00:02:00+00:00
[2026-06-19T12:13:16.193+0000] {processor.py:179} INFO - Processing /opt/airflow/dags/binance_daily_dag.py took 2.864 seconds
[2026-06-19T12:13:46.759+0000] {processor.py:157} INFO - Started process (PID=11976) to work on /opt/airflow/dags/binance_daily_dag.py
[2026-06-19T12:13:46.761+0000] {processor.py:829} INFO - Processing file /opt/airflow/dags/binance_daily_dag.py for tasks to queue
[2026-06-19T12:13:46.761+0000] {logging_mixin.py:151} INFO - [2026-06-19T12:13:46.761+0000] {dagbag.py:539} INFO - Filling up the DagBag from /opt/airflow/dags/binance_daily_dag.py
[2026-06-19T12:13:49.469+0000] {processor.py:839} INFO - DAG(s) dict_keys(['daily_crypto_lstm_pipeline']) retrieved from /opt/airflow/dags/binance_daily_dag.py
[2026-06-19T12:13:49.494+0000] {logging_mixin.py:151} INFO - [2026-06-19T12:13:49.494+0000] {dag.py:2915} INFO - Sync 1 DAGs
[2026-06-19T12:13:49.520+0000] {logging_mixin.py:151} INFO - [2026-06-19T12:13:49.520+0000] {dag.py:3696} INFO - Setting next_dagrun for daily_crypto_lstm_pipeline to 2026-06-19T00:02:00+00:00, run_after=2026-06-20T00:02:00+00:00
[2026-06-19T12:13:49.543+0000] {processor.py:179} INFO - Processing /opt/airflow/dags/binance_daily_dag.py took 2.787 seconds
[2026-06-19T12:14:19.909+0000] {processor.py:157} INFO - Started process (PID=12009) to work on /opt/airflow/dags/binance_daily_dag.py
[2026-06-19T12:14:19.911+0000] {processor.py:829} INFO - Processing file /opt/airflow/dags/binance_daily_dag.py for tasks to queue
[2026-06-19T12:14:19.912+0000] {logging_mixin.py:151} INFO - [2026-06-19T12:14:19.911+0000] {dagbag.py:539} INFO - Filling up the DagBag from /opt/airflow/dags/binance_daily_dag.py
[2026-06-19T12:14:22.457+0000] {processor.py:839} INFO - DAG(s) dict_keys(['daily_crypto_lstm_pipeline']) retrieved from /opt/airflow/dags/binance_daily_dag.py
[2026-06-19T12:14:22.479+0000] {logging_mixin.py:151} INFO - [2026-06-19T12:14:22.479+0000] {dag.py:2915} INFO - Sync 1 DAGs
[2026-06-19T12:14:22.501+0000] {logging_mixin.py:151} INFO - [2026-06-19T12:14:22.501+0000] {dag.py:3696} INFO - Setting next_dagrun for daily_crypto_lstm_pipeline to 2026-06-19T00:02:00+00:00, run_after=2026-06-20T00:02:00+00:00
[2026-06-19T12:14:22.519+0000] {processor.py:179} INFO - Processing /opt/airflow/dags/binance_daily_dag.py took 2.613 seconds
[2026-06-19T12:14:52.828+0000] {processor.py:157} INFO - Started process (PID=12042) to work on /opt/airflow/dags/binance_daily_dag.py
[2026-06-19T12:14:52.829+0000] {processor.py:829} INFO - Processing file /opt/airflow/dags/binance_daily_dag.py for tasks to queue
[2026-06-19T12:14:52.830+0000] {logging_mixin.py:151} INFO - [2026-06-19T12:14:52.830+0000] {dagbag.py:539} INFO - Filling up the DagBag from /opt/airflow/dags/binance_daily_dag.py
[2026-06-19T12:14:55.369+0000] {processor.py:839} INFO - DAG(s) dict_keys(['daily_crypto_lstm_pipeline']) retrieved from /opt/airflow/dags/binance_daily_dag.py
[2026-06-19T12:14:55.392+0000] {logging_mixin.py:151} INFO - [2026-06-19T12:14:55.391+0000] {dag.py:2915} INFO - Sync 1 DAGs
[2026-06-19T12:14:55.412+0000] {logging_mixin.py:151} INFO - [2026-06-19T12:14:55.412+0000] {dag.py:3696} INFO - Setting next_dagrun for daily_crypto_lstm_pipeline to 2026-06-19T00:02:00+00:00, run_after=2026-06-20T00:02:00+00:00
[2026-06-19T12:14:55.431+0000] {processor.py:179} INFO - Processing /opt/airflow/dags/binance_daily_dag.py took 2.606 seconds
[2026-06-19T12:15:25.801+0000] {processor.py:157} INFO - Started process (PID=12075) to work on /opt/airflow/dags/binance_daily_dag.py
[2026-06-19T12:15:25.803+0000] {processor.py:829} INFO - Processing file /opt/airflow/dags/binance_daily_dag.py for tasks to queue
[2026-06-19T12:15:25.805+0000] {logging_mixin.py:151} INFO - [2026-06-19T12:15:25.804+0000] {dagbag.py:539} INFO - Filling up the DagBag from /opt/airflow/dags/binance_daily_dag.py
[2026-06-19T12:15:28.457+0000] {processor.py:839} INFO - DAG(s) dict_keys(['daily_crypto_lstm_pipeline']) retrieved from /opt/airflow/dags/binance_daily_dag.py
[2026-06-19T12:15:28.479+0000] {logging_mixin.py:151} INFO - [2026-06-19T12:15:28.479+0000] {dag.py:2915} INFO - Sync 1 DAGs
[2026-06-19T12:15:28.499+0000] {logging_mixin.py:151} INFO - [2026-06-19T12:15:28.499+0000] {dag.py:3696} INFO - Setting next_dagrun for daily_crypto_lstm_pipeline to 2026-06-19T00:02:00+00:00, run_after=2026-06-20T00:02:00+00:00
[2026-06-19T12:15:28.559+0000] {processor.py:179} INFO - Processing /opt/airflow/dags/binance_daily_dag.py took 2.762 seconds
[2026-06-19T12:15:58.928+0000] {processor.py:157} INFO - Started process (PID=12108) to work on /opt/airflow/dags/binance_daily_dag.py
[2026-06-19T12:15:58.929+0000] {processor.py:829} INFO - Processing file /opt/airflow/dags/binance_daily_dag.py for tasks to queue
[2026-06-19T12:15:58.930+0000] {logging_mixin.py:151} INFO - [2026-06-19T12:15:58.930+0000] {dagbag.py:539} INFO - Filling up the DagBag from /opt/airflow/dags/binance_daily_dag.py
[2026-06-19T12:16:01.783+0000] {processor.py:839} INFO - DAG(s) dict_keys(['daily_crypto_lstm_pipeline']) retrieved from /opt/airflow/dags/binance_daily_dag.py
[2026-06-19T12:16:01.816+0000] {logging_mixin.py:151} INFO - [2026-06-19T12:16:01.815+0000] {dag.py:2915} INFO - Sync 1 DAGs
[2026-06-19T12:16:01.853+0000] {logging_mixin.py:151} INFO - [2026-06-19T12:16:01.853+0000] {dag.py:3696} INFO - Setting next_dagrun for daily_crypto_lstm_pipeline to 2026-06-19T00:02:00+00:00, run_after=2026-06-20T00:02:00+00:00
[2026-06-19T12:16:01.902+0000] {processor.py:179} INFO - Processing /opt/airflow/dags/binance_daily_dag.py took 2.979 seconds
[2026-06-19T12:16:32.270+0000] {processor.py:157} INFO - Started process (PID=12141) to work on /opt/airflow/dags/binance_daily_dag.py
[2026-06-19T12:16:32.272+0000] {processor.py:829} INFO - Processing file /opt/airflow/dags/binance_daily_dag.py for tasks to queue
[2026-06-19T12:16:32.273+0000] {logging_mixin.py:151} INFO - [2026-06-19T12:16:32.272+0000] {dagbag.py:539} INFO - Filling up the DagBag from /opt/airflow/dags/binance_daily_dag.py
[2026-06-19T12:16:34.854+0000] {processor.py:839} INFO - DAG(s) dict_keys(['daily_crypto_lstm_pipeline']) retrieved from /opt/airflow/dags/binance_daily_dag.py
[2026-06-19T12:16:34.877+0000] {logging_mixin.py:151} INFO - [2026-06-19T12:16:34.876+0000] {dag.py:2915} INFO - Sync 1 DAGs
[2026-06-19T12:16:34.897+0000] {logging_mixin.py:151} INFO - [2026-06-19T12:16:34.897+0000] {dag.py:3696} INFO - Setting next_dagrun for daily_crypto_lstm_pipeline to 2026-06-19T00:02:00+00:00, run_after=2026-06-20T00:02:00+00:00
[2026-06-19T12:16:34.916+0000] {processor.py:179} INFO - Processing /opt/airflow/dags/binance_daily_dag.py took 2.649 seconds
[2026-06-19T12:17:05.310+0000] {processor.py:157} INFO - Started process (PID=12174) to work on /opt/airflow/dags/binance_daily_dag.py
[2026-06-19T12:17:05.311+0000] {processor.py:829} INFO - Processing file /opt/airflow/dags/binance_daily_dag.py for tasks to queue
[2026-06-19T12:17:05.312+0000] {logging_mixin.py:151} INFO - [2026-06-19T12:17:05.312+0000] {dagbag.py:539} INFO - Filling up the DagBag from /opt/airflow/dags/binance_daily_dag.py
[2026-06-19T12:17:07.915+0000] {processor.py:839} INFO - DAG(s) dict_keys(['daily_crypto_lstm_pipeline']) retrieved from /opt/airflow/dags/binance_daily_dag.py
[2026-06-19T12:17:07.936+0000] {logging_mixin.py:151} INFO - [2026-06-19T12:17:07.935+0000] {dag.py:2915} INFO - Sync 1 DAGs
[2026-06-19T12:17:07.962+0000] {logging_mixin.py:151} INFO - [2026-06-19T12:17:07.962+0000] {dag.py:3696} INFO - Setting next_dagrun for daily_crypto_lstm_pipeline to 2026-06-19T00:02:00+00:00, run_after=2026-06-20T00:02:00+00:00
[2026-06-19T12:17:08.021+0000] {processor.py:179} INFO - Processing /opt/airflow/dags/binance_daily_dag.py took 2.715 seconds
[2026-06-19T12:17:38.158+0000] {processor.py:157} INFO - Started process (PID=12206) to work on /opt/airflow/dags/binance_daily_dag.py
[2026-06-19T12:17:38.166+0000] {processor.py:829} INFO - Processing file /opt/airflow/dags/binance_daily_dag.py for tasks to queue
[2026-06-19T12:17:38.168+0000] {logging_mixin.py:151} INFO - [2026-06-19T12:17:38.167+0000] {dagbag.py:539} INFO - Filling up the DagBag from /opt/airflow/dags/binance_daily_dag.py
[2026-06-19T12:17:41.316+0000] {processor.py:839} INFO - DAG(s) dict_keys(['daily_crypto_lstm_pipeline']) retrieved from /opt/airflow/dags/binance_daily_dag.py
[2026-06-19T12:17:41.338+0000] {logging_mixin.py:151} INFO - [2026-06-19T12:17:41.338+0000] {dag.py:2915} INFO - Sync 1 DAGs
[2026-06-19T12:17:41.358+0000] {logging_mixin.py:151} INFO - [2026-06-19T12:17:41.357+0000] {dag.py:3696} INFO - Setting next_dagrun for daily_crypto_lstm_pipeline to 2026-06-19T00:02:00+00:00, run_after=2026-06-20T00:02:00+00:00
[2026-06-19T12:17:41.417+0000] {processor.py:179} INFO - Processing /opt/airflow/dags/binance_daily_dag.py took 3.270 seconds
[2026-06-19T12:18:11.903+0000] {processor.py:157} INFO - Started process (PID=12239) to work on /opt/airflow/dags/binance_daily_dag.py
[2026-06-19T12:18:11.905+0000] {processor.py:829} INFO - Processing file /opt/airflow/dags/binance_daily_dag.py for tasks to queue
[2026-06-19T12:18:11.906+0000] {logging_mixin.py:151} INFO - [2026-06-19T12:18:11.906+0000] {dagbag.py:539} INFO - Filling up the DagBag from /opt/airflow/dags/binance_daily_dag.py
[2026-06-19T12:18:14.568+0000] {processor.py:839} INFO - DAG(s) dict_keys(['daily_crypto_lstm_pipeline']) retrieved from /opt/airflow/dags/binance_daily_dag.py
[2026-06-19T12:18:14.595+0000] {logging_mixin.py:151} INFO - [2026-06-19T12:18:14.595+0000] {dag.py:2915} INFO - Sync 1 DAGs
[2026-06-19T12:18:14.617+0000] {logging_mixin.py:151} INFO - [2026-06-19T12:18:14.617+0000] {dag.py:3696} INFO - Setting next_dagrun for daily_crypto_lstm_pipeline to 2026-06-19T00:02:00+00:00, run_after=2026-06-20T00:02:00+00:00
[2026-06-19T12:18:14.650+0000] {processor.py:179} INFO - Processing /opt/airflow/dags/binance_daily_dag.py took 2.751 seconds
[2026-06-19T12:18:45.306+0000] {processor.py:157} INFO - Started process (PID=12280) to work on /opt/airflow/dags/binance_daily_dag.py
[2026-06-19T12:18:45.308+0000] {processor.py:829} INFO - Processing file /opt/airflow/dags/binance_daily_dag.py for tasks to queue
[2026-06-19T12:18:45.310+0000] {logging_mixin.py:151} INFO - [2026-06-19T12:18:45.310+0000] {dagbag.py:539} INFO - Filling up the DagBag from /opt/airflow/dags/binance_daily_dag.py
[2026-06-19T12:18:48.241+0000] {processor.py:839} INFO - DAG(s) dict_keys(['daily_crypto_lstm_pipeline']) retrieved from /opt/airflow/dags/binance_daily_dag.py
[2026-06-19T12:18:48.263+0000] {logging_mixin.py:151} INFO - [2026-06-19T12:18:48.263+0000] {dag.py:2915} INFO - Sync 1 DAGs
[2026-06-19T12:18:48.286+0000] {logging_mixin.py:151} INFO - [2026-06-19T12:18:48.285+0000] {dag.py:3696} INFO - Setting next_dagrun for daily_crypto_lstm_pipeline to 2026-06-19T00:02:00+00:00, run_after=2026-06-20T00:02:00+00:00
[2026-06-19T12:18:48.313+0000] {processor.py:179} INFO - Processing /opt/airflow/dags/binance_daily_dag.py took 3.013 seconds
[2026-06-19T12:19:18.481+0000] {processor.py:157} INFO - Started process (PID=12313) to work on /opt/airflow/dags/binance_daily_dag.py
[2026-06-19T12:19:18.483+0000] {processor.py:829} INFO - Processing file /opt/airflow/dags/binance_daily_dag.py for tasks to queue
[2026-06-19T12:19:18.484+0000] {logging_mixin.py:151} INFO - [2026-06-19T12:19:18.483+0000] {dagbag.py:539} INFO - Filling up the DagBag from /opt/airflow/dags/binance_daily_dag.py
[2026-06-19T12:19:21.068+0000] {processor.py:839} INFO - DAG(s) dict_keys(['daily_crypto_lstm_pipeline']) retrieved from /opt/airflow/dags/binance_daily_dag.py
[2026-06-19T12:19:21.092+0000] {logging_mixin.py:151} INFO - [2026-06-19T12:19:21.092+0000] {dag.py:2915} INFO - Sync 1 DAGs
[2026-06-19T12:19:21.115+0000] {logging_mixin.py:151} INFO - [2026-06-19T12:19:21.115+0000] {dag.py:3696} INFO - Setting next_dagrun for daily_crypto_lstm_pipeline to 2026-06-19T00:02:00+00:00, run_after=2026-06-20T00:02:00+00:00
[2026-06-19T12:19:21.135+0000] {processor.py:179} INFO - Processing /opt/airflow/dags/binance_daily_dag.py took 2.657 seconds
[2026-06-19T12:19:51.218+0000] {processor.py:157} INFO - Started process (PID=12346) to work on /opt/airflow/dags/binance_daily_dag.py
[2026-06-19T12:19:51.220+0000] {processor.py:829} INFO - Processing file /opt/airflow/dags/binance_daily_dag.py for tasks to queue
[2026-06-19T12:19:51.221+0000] {logging_mixin.py:151} INFO - [2026-06-19T12:19:51.221+0000] {dagbag.py:539} INFO - Filling up the DagBag from /opt/airflow/dags/binance_daily_dag.py
[2026-06-19T12:19:53.849+0000] {processor.py:839} INFO - DAG(s) dict_keys(['daily_crypto_lstm_pipeline']) retrieved from /opt/airflow/dags/binance_daily_dag.py
[2026-06-19T12:19:53.874+0000] {logging_mixin.py:151} INFO - [2026-06-19T12:19:53.873+0000] {dag.py:2915} INFO - Sync 1 DAGs
[2026-06-19T12:19:53.892+0000] {logging_mixin.py:151} INFO - [2026-06-19T12:19:53.892+0000] {dag.py:3696} INFO - Setting next_dagrun for daily_crypto_lstm_pipeline to 2026-06-19T00:02:00+00:00, run_after=2026-06-20T00:02:00+00:00
[2026-06-19T12:19:53.952+0000] {processor.py:179} INFO - Processing /opt/airflow/dags/binance_daily_dag.py took 2.738 seconds
[2026-06-19T12:20:24.278+0000] {processor.py:157} INFO - Started process (PID=12384) to work on /opt/airflow/dags/binance_daily_dag.py
[2026-06-19T12:20:24.280+0000] {processor.py:829} INFO - Processing file /opt/airflow/dags/binance_daily_dag.py for tasks to queue
[2026-06-19T12:20:24.281+0000] {logging_mixin.py:151} INFO - [2026-06-19T12:20:24.280+0000] {dagbag.py:539} INFO - Filling up the DagBag from /opt/airflow/dags/binance_daily_dag.py
[2026-06-19T12:20:27.030+0000] {processor.py:839} INFO - DAG(s) dict_keys(['daily_crypto_lstm_pipeline']) retrieved from /opt/airflow/dags/binance_daily_dag.py
[2026-06-19T12:20:27.051+0000] {logging_mixin.py:151} INFO - [2026-06-19T12:20:27.050+0000] {dag.py:2915} INFO - Sync 1 DAGs
[2026-06-19T12:20:27.073+0000] {logging_mixin.py:151} INFO - [2026-06-19T12:20:27.073+0000] {dag.py:3696} INFO - Setting next_dagrun for daily_crypto_lstm_pipeline to 2026-06-19T00:02:00+00:00, run_after=2026-06-20T00:02:00+00:00
[2026-06-19T12:20:27.134+0000] {processor.py:179} INFO - Processing /opt/airflow/dags/binance_daily_dag.py took 2.859 seconds
[2026-06-19T12:20:57.549+0000] {processor.py:157} INFO - Started process (PID=12417) to work on /opt/airflow/dags/binance_daily_dag.py
[2026-06-19T12:20:57.551+0000] {processor.py:829} INFO - Processing file /opt/airflow/dags/binance_daily_dag.py for tasks to queue
[2026-06-19T12:20:57.552+0000] {logging_mixin.py:151} INFO - [2026-06-19T12:20:57.552+0000] {dagbag.py:539} INFO - Filling up the DagBag from /opt/airflow/dags/binance_daily_dag.py
[2026-06-19T12:21:00.301+0000] {processor.py:839} INFO - DAG(s) dict_keys(['daily_crypto_lstm_pipeline']) retrieved from /opt/airflow/dags/binance_daily_dag.py
[2026-06-19T12:21:00.326+0000] {logging_mixin.py:151} INFO - [2026-06-19T12:21:00.326+0000] {dag.py:2915} INFO - Sync 1 DAGs
[2026-06-19T12:21:00.349+0000] {logging_mixin.py:151} INFO - [2026-06-19T12:21:00.349+0000] {dag.py:3696} INFO - Setting next_dagrun for daily_crypto_lstm_pipeline to 2026-06-19T00:02:00+00:00, run_after=2026-06-20T00:02:00+00:00
[2026-06-19T12:21:00.376+0000] {processor.py:179} INFO - Processing /opt/airflow/dags/binance_daily_dag.py took 2.835 seconds
[2026-06-19T12:21:30.743+0000] {processor.py:157} INFO - Started process (PID=12450) to work on /opt/airflow/dags/binance_daily_dag.py
[2026-06-19T12:21:30.744+0000] {processor.py:829} INFO - Processing file /opt/airflow/dags/binance_daily_dag.py for tasks to queue
[2026-06-19T12:21:30.745+0000] {logging_mixin.py:151} INFO - [2026-06-19T12:21:30.745+0000] {dagbag.py:539} INFO - Filling up the DagBag from /opt/airflow/dags/binance_daily_dag.py
[2026-06-19T12:21:33.398+0000] {processor.py:839} INFO - DAG(s) dict_keys(['daily_crypto_lstm_pipeline']) retrieved from /opt/airflow/dags/binance_daily_dag.py
[2026-06-19T12:21:33.420+0000] {logging_mixin.py:151} INFO - [2026-06-19T12:21:33.419+0000] {dag.py:2915} INFO - Sync 1 DAGs
[2026-06-19T12:21:33.439+0000] {logging_mixin.py:151} INFO - [2026-06-19T12:21:33.439+0000] {dag.py:3696} INFO - Setting next_dagrun for daily_crypto_lstm_pipeline to 2026-06-19T00:02:00+00:00, run_after=2026-06-20T00:02:00+00:00
[2026-06-19T12:21:33.498+0000] {processor.py:179} INFO - Processing /opt/airflow/dags/binance_daily_dag.py took 2.761 seconds
[2026-06-19T12:22:03.691+0000] {processor.py:157} INFO - Started process (PID=12483) to work on /opt/airflow/dags/binance_daily_dag.py
[2026-06-19T12:22:03.693+0000] {processor.py:829} INFO - Processing file /opt/airflow/dags/binance_daily_dag.py for tasks to queue
[2026-06-19T12:22:03.694+0000] {logging_mixin.py:151} INFO - [2026-06-19T12:22:03.693+0000] {dagbag.py:539} INFO - Filling up the DagBag from /opt/airflow/dags/binance_daily_dag.py
[2026-06-19T12:22:06.400+0000] {processor.py:839} INFO - DAG(s) dict_keys(['daily_crypto_lstm_pipeline']) retrieved from /opt/airflow/dags/binance_daily_dag.py
[2026-06-19T12:22:06.436+0000] {logging_mixin.py:151} INFO - [2026-06-19T12:22:06.435+0000] {dag.py:2915} INFO - Sync 1 DAGs
[2026-06-19T12:22:06.462+0000] {logging_mixin.py:151} INFO - [2026-06-19T12:22:06.462+0000] {dag.py:3696} INFO - Setting next_dagrun for daily_crypto_lstm_pipeline to 2026-06-19T00:02:00+00:00, run_after=2026-06-20T00:02:00+00:00
[2026-06-19T12:22:06.488+0000] {processor.py:179} INFO - Processing /opt/airflow/dags/binance_daily_dag.py took 2.800 seconds
[2026-06-19T12:22:36.634+0000] {processor.py:157} INFO - Started process (PID=12515) to work on /opt/airflow/dags/binance_daily_dag.py
[2026-06-19T12:22:36.636+0000] {processor.py:829} INFO - Processing file /opt/airflow/dags/binance_daily_dag.py for tasks to queue
[2026-06-19T12:22:36.637+0000] {logging_mixin.py:151} INFO - [2026-06-19T12:22:36.637+0000] {dagbag.py:539} INFO - Filling up the DagBag from /opt/airflow/dags/binance_daily_dag.py
[2026-06-19T12:22:39.215+0000] {processor.py:839} INFO - DAG(s) dict_keys(['daily_crypto_lstm_pipeline']) retrieved from /opt/airflow/dags/binance_daily_dag.py
[2026-06-19T12:22:39.237+0000] {logging_mixin.py:151} INFO - [2026-06-19T12:22:39.236+0000] {dag.py:2915} INFO - Sync 1 DAGs
[2026-06-19T12:22:39.258+0000] {logging_mixin.py:151} INFO - [2026-06-19T12:22:39.258+0000] {dag.py:3696} INFO - Setting next_dagrun for daily_crypto_lstm_pipeline to 2026-06-19T00:02:00+00:00, run_after=2026-06-20T00:02:00+00:00
[2026-06-19T12:22:39.316+0000] {processor.py:179} INFO - Processing /opt/airflow/dags/binance_daily_dag.py took 2.686 seconds
[2026-06-19T12:23:09.539+0000] {processor.py:157} INFO - Started process (PID=12548) to work on /opt/airflow/dags/binance_daily_dag.py
[2026-06-19T12:23:09.541+0000] {processor.py:829} INFO - Processing file /opt/airflow/dags/binance_daily_dag.py for tasks to queue
[2026-06-19T12:23:09.542+0000] {logging_mixin.py:151} INFO - [2026-06-19T12:23:09.542+0000] {dagbag.py:539} INFO - Filling up the DagBag from /opt/airflow/dags/binance_daily_dag.py
[2026-06-19T12:23:12.124+0000] {processor.py:839} INFO - DAG(s) dict_keys(['daily_crypto_lstm_pipeline']) retrieved from /opt/airflow/dags/binance_daily_dag.py
[2026-06-19T12:23:12.147+0000] {logging_mixin.py:151} INFO - [2026-06-19T12:23:12.147+0000] {dag.py:2915} INFO - Sync 1 DAGs
[2026-06-19T12:23:12.167+0000] {logging_mixin.py:151} INFO - [2026-06-19T12:23:12.167+0000] {dag.py:3696} INFO - Setting next_dagrun for daily_crypto_lstm_pipeline to 2026-06-19T00:02:00+00:00, run_after=2026-06-20T00:02:00+00:00
[2026-06-19T12:23:12.228+0000] {processor.py:179} INFO - Processing /opt/airflow/dags/binance_daily_dag.py took 2.692 seconds
[2026-06-19T12:23:42.620+0000] {processor.py:157} INFO - Started process (PID=12581) to work on /opt/airflow/dags/binance_daily_dag.py
[2026-06-19T12:23:42.622+0000] {processor.py:829} INFO - Processing file /opt/airflow/dags/binance_daily_dag.py for tasks to queue
[2026-06-19T12:23:42.623+0000] {logging_mixin.py:151} INFO - [2026-06-19T12:23:42.623+0000] {dagbag.py:539} INFO - Filling up the DagBag from /opt/airflow/dags/binance_daily_dag.py
[2026-06-19T12:23:45.111+0000] {processor.py:839} INFO - DAG(s) dict_keys(['daily_crypto_lstm_pipeline']) retrieved from /opt/airflow/dags/binance_daily_dag.py
[2026-06-19T12:23:45.138+0000] {logging_mixin.py:151} INFO - [2026-06-19T12:23:45.137+0000] {dag.py:2915} INFO - Sync 1 DAGs
[2026-06-19T12:23:45.162+0000] {logging_mixin.py:151} INFO - [2026-06-19T12:23:45.162+0000] {dag.py:3696} INFO - Setting next_dagrun for daily_crypto_lstm_pipeline to 2026-06-19T00:02:00+00:00, run_after=2026-06-20T00:02:00+00:00
[2026-06-19T12:23:45.186+0000] {processor.py:179} INFO - Processing /opt/airflow/dags/binance_daily_dag.py took 2.569 seconds
[2026-06-19T12:24:15.545+0000] {processor.py:157} INFO - Started process (PID=12609) to work on /opt/airflow/dags/binance_daily_dag.py
[2026-06-19T12:24:15.547+0000] {processor.py:829} INFO - Processing file /opt/airflow/dags/binance_daily_dag.py for tasks to queue
[2026-06-19T12:24:15.548+0000] {logging_mixin.py:151} INFO - [2026-06-19T12:24:15.548+0000] {dagbag.py:539} INFO - Filling up the DagBag from /opt/airflow/dags/binance_daily_dag.py
[2026-06-19T12:24:18.373+0000] {processor.py:839} INFO - DAG(s) dict_keys(['daily_crypto_lstm_pipeline']) retrieved from /opt/airflow/dags/binance_daily_dag.py
[2026-06-19T12:24:18.402+0000] {logging_mixin.py:151} INFO - [2026-06-19T12:24:18.401+0000] {dag.py:2915} INFO - Sync 1 DAGs
[2026-06-19T12:24:18.430+0000] {logging_mixin.py:151} INFO - [2026-06-19T12:24:18.429+0000] {dag.py:3696} INFO - Setting next_dagrun for daily_crypto_lstm_pipeline to 2026-06-19T00:02:00+00:00, run_after=2026-06-20T00:02:00+00:00
[2026-06-19T12:24:18.454+0000] {processor.py:179} INFO - Processing /opt/airflow/dags/binance_daily_dag.py took 2.913 seconds
[2026-06-19T12:24:48.926+0000] {processor.py:157} INFO - Started process (PID=12649) to work on /opt/airflow/dags/binance_daily_dag.py
[2026-06-19T12:24:48.928+0000] {processor.py:829} INFO - Processing file /opt/airflow/dags/binance_daily_dag.py for tasks to queue
[2026-06-19T12:24:48.930+0000] {logging_mixin.py:151} INFO - [2026-06-19T12:24:48.929+0000] {dagbag.py:539} INFO - Filling up the DagBag from /opt/airflow/dags/binance_daily_dag.py
[2026-06-19T12:24:51.505+0000] {processor.py:839} INFO - DAG(s) dict_keys(['daily_crypto_lstm_pipeline']) retrieved from /opt/airflow/dags/binance_daily_dag.py
[2026-06-19T12:24:51.529+0000] {logging_mixin.py:151} INFO - [2026-06-19T12:24:51.529+0000] {dag.py:2915} INFO - Sync 1 DAGs
[2026-06-19T12:24:51.552+0000] {logging_mixin.py:151} INFO - [2026-06-19T12:24:51.552+0000] {dag.py:3696} INFO - Setting next_dagrun for daily_crypto_lstm_pipeline to 2026-06-19T00:02:00+00:00, run_after=2026-06-20T00:02:00+00:00
[2026-06-19T12:24:51.610+0000] {processor.py:179} INFO - Processing /opt/airflow/dags/binance_daily_dag.py took 2.687 seconds
[2026-06-19T12:25:22.230+0000] {processor.py:157} INFO - Started process (PID=12682) to work on /opt/airflow/dags/binance_daily_dag.py
[2026-06-19T12:25:22.232+0000] {processor.py:829} INFO - Processing file /opt/airflow/dags/binance_daily_dag.py for tasks to queue
[2026-06-19T12:25:22.234+0000] {logging_mixin.py:151} INFO - [2026-06-19T12:25:22.233+0000] {dagbag.py:539} INFO - Filling up the DagBag from /opt/airflow/dags/binance_daily_dag.py
[2026-06-19T12:25:24.848+0000] {processor.py:839} INFO - DAG(s) dict_keys(['daily_crypto_lstm_pipeline']) retrieved from /opt/airflow/dags/binance_daily_dag.py
[2026-06-19T12:25:24.875+0000] {logging_mixin.py:151} INFO - [2026-06-19T12:25:24.874+0000] {dag.py:2915} INFO - Sync 1 DAGs
[2026-06-19T12:25:24.899+0000] {logging_mixin.py:151} INFO - [2026-06-19T12:25:24.898+0000] {dag.py:3696} INFO - Setting next_dagrun for daily_crypto_lstm_pipeline to 2026-06-19T00:02:00+00:00, run_after=2026-06-20T00:02:00+00:00
[2026-06-19T12:25:24.964+0000] {processor.py:179} INFO - Processing /opt/airflow/dags/binance_daily_dag.py took 2.739 seconds
[2026-06-19T12:25:55.689+0000] {processor.py:157} INFO - Started process (PID=12715) to work on /opt/airflow/dags/binance_daily_dag.py
[2026-06-19T12:25:55.691+0000] {processor.py:829} INFO - Processing file /opt/airflow/dags/binance_daily_dag.py for tasks to queue
[2026-06-19T12:25:55.692+0000] {logging_mixin.py:151} INFO - [2026-06-19T12:25:55.691+0000] {dagbag.py:539} INFO - Filling up the DagBag from /opt/airflow/dags/binance_daily_dag.py
[2026-06-19T12:25:58.441+0000] {processor.py:839} INFO - DAG(s) dict_keys(['daily_crypto_lstm_pipeline']) retrieved from /opt/airflow/dags/binance_daily_dag.py
[2026-06-19T12:25:58.466+0000] {logging_mixin.py:151} INFO - [2026-06-19T12:25:58.466+0000] {dag.py:2915} INFO - Sync 1 DAGs
[2026-06-19T12:25:58.491+0000] {logging_mixin.py:151} INFO - [2026-06-19T12:25:58.490+0000] {dag.py:3696} INFO - Setting next_dagrun for daily_crypto_lstm_pipeline to 2026-06-19T00:02:00+00:00, run_after=2026-06-20T00:02:00+00:00
[2026-06-19T12:25:58.515+0000] {processor.py:179} INFO - Processing /opt/airflow/dags/binance_daily_dag.py took 2.831 seconds
[2026-06-19T12:26:28.925+0000] {processor.py:157} INFO - Started process (PID=12748) to work on /opt/airflow/dags/binance_daily_dag.py
[2026-06-19T12:26:28.926+0000] {processor.py:829} INFO - Processing file /opt/airflow/dags/binance_daily_dag.py for tasks to queue
[2026-06-19T12:26:28.926+0000] {logging_mixin.py:151} INFO - [2026-06-19T12:26:28.926+0000] {dagbag.py:539} INFO - Filling up the DagBag from /opt/airflow/dags/binance_daily_dag.py
[2026-06-19T12:26:31.941+0000] {processor.py:839} INFO - DAG(s) dict_keys(['daily_crypto_lstm_pipeline']) retrieved from /opt/airflow/dags/binance_daily_dag.py
[2026-06-19T12:26:31.982+0000] {logging_mixin.py:151} INFO - [2026-06-19T12:26:31.982+0000] {dag.py:2915} INFO - Sync 1 DAGs
[2026-06-19T12:26:32.024+0000] {logging_mixin.py:151} INFO - [2026-06-19T12:26:32.024+0000] {dag.py:3696} INFO - Setting next_dagrun for daily_crypto_lstm_pipeline to 2026-06-19T00:02:00+00:00, run_after=2026-06-20T00:02:00+00:00
[2026-06-19T12:26:32.073+0000] {processor.py:179} INFO - Processing /opt/airflow/dags/binance_daily_dag.py took 3.153 seconds
[2026-06-19T12:27:02.493+0000] {processor.py:157} INFO - Started process (PID=12788) to work on /opt/airflow/dags/binance_daily_dag.py
[2026-06-19T12:27:02.494+0000] {processor.py:829} INFO - Processing file /opt/airflow/dags/binance_daily_dag.py for tasks to queue
[2026-06-19T12:27:02.495+0000] {logging_mixin.py:151} INFO - [2026-06-19T12:27:02.495+0000] {dagbag.py:539} INFO - Filling up the DagBag from /opt/airflow/dags/binance_daily_dag.py
[2026-06-19T12:27:05.150+0000] {processor.py:839} INFO - DAG(s) dict_keys(['daily_crypto_lstm_pipeline']) retrieved from /opt/airflow/dags/binance_daily_dag.py
[2026-06-19T12:27:05.172+0000] {logging_mixin.py:151} INFO - [2026-06-19T12:27:05.171+0000] {dag.py:2915} INFO - Sync 1 DAGs
[2026-06-19T12:27:05.191+0000] {logging_mixin.py:151} INFO - [2026-06-19T12:27:05.190+0000] {dag.py:3696} INFO - Setting next_dagrun for daily_crypto_lstm_pipeline to 2026-06-19T00:02:00+00:00, run_after=2026-06-20T00:02:00+00:00
[2026-06-19T12:27:05.248+0000] {processor.py:179} INFO - Processing /opt/airflow/dags/binance_daily_dag.py took 2.760 seconds
[2026-06-19T12:27:35.614+0000] {processor.py:157} INFO - Started process (PID=12824) to work on /opt/airflow/dags/binance_daily_dag.py
[2026-06-19T12:27:35.616+0000] {processor.py:829} INFO - Processing file /opt/airflow/dags/binance_daily_dag.py for tasks to queue
[2026-06-19T12:27:35.617+0000] {logging_mixin.py:151} INFO - [2026-06-19T12:27:35.617+0000] {dagbag.py:539} INFO - Filling up the DagBag from /opt/airflow/dags/binance_daily_dag.py
[2026-06-19T12:27:38.437+0000] {processor.py:839} INFO - DAG(s) dict_keys(['daily_crypto_lstm_pipeline']) retrieved from /opt/airflow/dags/binance_daily_dag.py
[2026-06-19T12:27:38.457+0000] {logging_mixin.py:151} INFO - [2026-06-19T12:27:38.457+0000] {dag.py:2915} INFO - Sync 1 DAGs
[2026-06-19T12:27:38.478+0000] {logging_mixin.py:151} INFO - [2026-06-19T12:27:38.478+0000] {dag.py:3696} INFO - Setting next_dagrun for daily_crypto_lstm_pipeline to 2026-06-19T00:02:00+00:00, run_after=2026-06-20T00:02:00+00:00
[2026-06-19T12:27:38.540+0000] {processor.py:179} INFO - Processing /opt/airflow/dags/binance_daily_dag.py took 2.930 seconds
[2026-06-19T12:28:08.895+0000] {processor.py:157} INFO - Started process (PID=12857) to work on /opt/airflow/dags/binance_daily_dag.py
[2026-06-19T12:28:08.896+0000] {processor.py:829} INFO - Processing file /opt/airflow/dags/binance_daily_dag.py for tasks to queue
[2026-06-19T12:28:08.897+0000] {logging_mixin.py:151} INFO - [2026-06-19T12:28:08.897+0000] {dagbag.py:539} INFO - Filling up the DagBag from /opt/airflow/dags/binance_daily_dag.py
[2026-06-19T12:28:11.409+0000] {processor.py:839} INFO - DAG(s) dict_keys(['daily_crypto_lstm_pipeline']) retrieved from /opt/airflow/dags/binance_daily_dag.py
[2026-06-19T12:28:11.433+0000] {logging_mixin.py:151} INFO - [2026-06-19T12:28:11.432+0000] {dag.py:2915} INFO - Sync 1 DAGs
[2026-06-19T12:28:11.451+0000] {logging_mixin.py:151} INFO - [2026-06-19T12:28:11.451+0000] {dag.py:3696} INFO - Setting next_dagrun for daily_crypto_lstm_pipeline to 2026-06-19T00:02:00+00:00, run_after=2026-06-20T00:02:00+00:00
[2026-06-19T12:28:11.510+0000] {processor.py:179} INFO - Processing /opt/airflow/dags/binance_daily_dag.py took 2.618 seconds
[2026-06-19T12:28:41.943+0000] {processor.py:157} INFO - Started process (PID=12890) to work on /opt/airflow/dags/binance_daily_dag.py
[2026-06-19T12:28:41.945+0000] {processor.py:829} INFO - Processing file /opt/airflow/dags/binance_daily_dag.py for tasks to queue
[2026-06-19T12:28:41.946+0000] {logging_mixin.py:151} INFO - [2026-06-19T12:28:41.946+0000] {dagbag.py:539} INFO - Filling up the DagBag from /opt/airflow/dags/binance_daily_dag.py
[2026-06-19T12:28:44.468+0000] {processor.py:839} INFO - DAG(s) dict_keys(['daily_crypto_lstm_pipeline']) retrieved from /opt/airflow/dags/binance_daily_dag.py
[2026-06-19T12:28:44.489+0000] {logging_mixin.py:151} INFO - [2026-06-19T12:28:44.488+0000] {dag.py:2915} INFO - Sync 1 DAGs
[2026-06-19T12:28:44.511+0000] {logging_mixin.py:151} INFO - [2026-06-19T12:28:44.511+0000] {dag.py:3696} INFO - Setting next_dagrun for daily_crypto_lstm_pipeline to 2026-06-19T00:02:00+00:00, run_after=2026-06-20T00:02:00+00:00
[2026-06-19T12:28:44.573+0000] {processor.py:179} INFO - Processing /opt/airflow/dags/binance_daily_dag.py took 2.634 seconds
[2026-06-19T12:29:14.996+0000] {processor.py:157} INFO - Started process (PID=12923) to work on /opt/airflow/dags/binance_daily_dag.py
[2026-06-19T12:29:14.997+0000] {processor.py:829} INFO - Processing file /opt/airflow/dags/binance_daily_dag.py for tasks to queue
[2026-06-19T12:29:14.999+0000] {logging_mixin.py:151} INFO - [2026-06-19T12:29:14.998+0000] {dagbag.py:539} INFO - Filling up the DagBag from /opt/airflow/dags/binance_daily_dag.py
[2026-06-19T12:29:17.801+0000] {processor.py:839} INFO - DAG(s) dict_keys(['daily_crypto_lstm_pipeline']) retrieved from /opt/airflow/dags/binance_daily_dag.py
[2026-06-19T12:29:17.825+0000] {logging_mixin.py:151} INFO - [2026-06-19T12:29:17.825+0000] {dag.py:2915} INFO - Sync 1 DAGs
[2026-06-19T12:29:17.847+0000] {logging_mixin.py:151} INFO - [2026-06-19T12:29:17.847+0000] {dag.py:3696} INFO - Setting next_dagrun for daily_crypto_lstm_pipeline to 2026-06-19T00:02:00+00:00, run_after=2026-06-20T00:02:00+00:00
[2026-06-19T12:29:17.872+0000] {processor.py:179} INFO - Processing /opt/airflow/dags/binance_daily_dag.py took 2.880 seconds
[2026-06-19T12:29:48.014+0000] {processor.py:157} INFO - Started process (PID=12960) to work on /opt/airflow/dags/binance_daily_dag.py
[2026-06-19T12:29:48.016+0000] {processor.py:829} INFO - Processing file /opt/airflow/dags/binance_daily_dag.py for tasks to queue
[2026-06-19T12:29:48.017+0000] {logging_mixin.py:151} INFO - [2026-06-19T12:29:48.017+0000] {dagbag.py:539} INFO - Filling up the DagBag from /opt/airflow/dags/binance_daily_dag.py
[2026-06-19T12:29:50.916+0000] {processor.py:839} INFO - DAG(s) dict_keys(['daily_crypto_lstm_pipeline']) retrieved from /opt/airflow/dags/binance_daily_dag.py
[2026-06-19T12:29:50.943+0000] {logging_mixin.py:151} INFO - [2026-06-19T12:29:50.942+0000] {dag.py:2915} INFO - Sync 1 DAGs
[2026-06-19T12:29:50.965+0000] {logging_mixin.py:151} INFO - [2026-06-19T12:29:50.964+0000] {dag.py:3696} INFO - Setting next_dagrun for daily_crypto_lstm_pipeline to 2026-06-19T00:02:00+00:00, run_after=2026-06-20T00:02:00+00:00
[2026-06-19T12:29:51.029+0000] {processor.py:179} INFO - Processing /opt/airflow/dags/binance_daily_dag.py took 3.019 seconds
[2026-06-19T12:30:21.394+0000] {processor.py:157} INFO - Started process (PID=12996) to work on /opt/airflow/dags/binance_daily_dag.py
[2026-06-19T12:30:21.396+0000] {processor.py:829} INFO - Processing file /opt/airflow/dags/binance_daily_dag.py for tasks to queue
[2026-06-19T12:30:21.397+0000] {logging_mixin.py:151} INFO - [2026-06-19T12:30:21.397+0000] {dagbag.py:539} INFO - Filling up the DagBag from /opt/airflow/dags/binance_daily_dag.py
[2026-06-19T12:30:24.079+0000] {processor.py:839} INFO - DAG(s) dict_keys(['daily_crypto_lstm_pipeline']) retrieved from /opt/airflow/dags/binance_daily_dag.py
[2026-06-19T12:30:24.101+0000] {logging_mixin.py:151} INFO - [2026-06-19T12:30:24.101+0000] {dag.py:2915} INFO - Sync 1 DAGs
[2026-06-19T12:30:24.121+0000] {logging_mixin.py:151} INFO - [2026-06-19T12:30:24.121+0000] {dag.py:3696} INFO - Setting next_dagrun for daily_crypto_lstm_pipeline to 2026-06-19T00:02:00+00:00, run_after=2026-06-20T00:02:00+00:00
[2026-06-19T12:30:24.146+0000] {processor.py:179} INFO - Processing /opt/airflow/dags/binance_daily_dag.py took 2.756 seconds
[2026-06-19T12:30:54.509+0000] {processor.py:157} INFO - Started process (PID=13029) to work on /opt/airflow/dags/binance_daily_dag.py
[2026-06-19T12:30:54.511+0000] {processor.py:829} INFO - Processing file /opt/airflow/dags/binance_daily_dag.py for tasks to queue
[2026-06-19T12:30:54.511+0000] {logging_mixin.py:151} INFO - [2026-06-19T12:30:54.511+0000] {dagbag.py:539} INFO - Filling up the DagBag from /opt/airflow/dags/binance_daily_dag.py
[2026-06-19T12:30:57.215+0000] {processor.py:839} INFO - DAG(s) dict_keys(['daily_crypto_lstm_pipeline']) retrieved from /opt/airflow/dags/binance_daily_dag.py
[2026-06-19T12:30:57.235+0000] {logging_mixin.py:151} INFO - [2026-06-19T12:30:57.235+0000] {dag.py:2915} INFO - Sync 1 DAGs
[2026-06-19T12:30:57.256+0000] {logging_mixin.py:151} INFO - [2026-06-19T12:30:57.256+0000] {dag.py:3696} INFO - Setting next_dagrun for daily_crypto_lstm_pipeline to 2026-06-19T00:02:00+00:00, run_after=2026-06-20T00:02:00+00:00
[2026-06-19T12:30:57.316+0000] {processor.py:179} INFO - Processing /opt/airflow/dags/binance_daily_dag.py took 2.810 seconds
[2026-06-19T12:31:27.648+0000] {processor.py:157} INFO - Started process (PID=13062) to work on /opt/airflow/dags/binance_daily_dag.py
[2026-06-19T12:31:27.650+0000] {processor.py:829} INFO - Processing file /opt/airflow/dags/binance_daily_dag.py for tasks to queue
[2026-06-19T12:31:27.651+0000] {logging_mixin.py:151} INFO - [2026-06-19T12:31:27.651+0000] {dagbag.py:539} INFO - Filling up the DagBag from /opt/airflow/dags/binance_daily_dag.py
[2026-06-19T12:31:30.509+0000] {processor.py:839} INFO - DAG(s) dict_keys(['daily_crypto_lstm_pipeline']) retrieved from /opt/airflow/dags/binance_daily_dag.py
[2026-06-19T12:31:30.529+0000] {logging_mixin.py:151} INFO - [2026-06-19T12:31:30.529+0000] {dag.py:2915} INFO - Sync 1 DAGs
[2026-06-19T12:31:30.550+0000] {logging_mixin.py:151} INFO - [2026-06-19T12:31:30.549+0000] {dag.py:3696} INFO - Setting next_dagrun for daily_crypto_lstm_pipeline to 2026-06-19T00:02:00+00:00, run_after=2026-06-20T00:02:00+00:00
[2026-06-19T12:31:30.570+0000] {processor.py:179} INFO - Processing /opt/airflow/dags/binance_daily_dag.py took 2.926 seconds
[2026-06-19T12:32:00.875+0000] {processor.py:157} INFO - Started process (PID=13092) to work on /opt/airflow/dags/binance_daily_dag.py
[2026-06-19T12:32:00.876+0000] {processor.py:829} INFO - Processing file /opt/airflow/dags/binance_daily_dag.py for tasks to queue
[2026-06-19T12:32:00.877+0000] {logging_mixin.py:151} INFO - [2026-06-19T12:32:00.877+0000] {dagbag.py:539} INFO - Filling up the DagBag from /opt/airflow/dags/binance_daily_dag.py
[2026-06-19T12:32:03.745+0000] {processor.py:839} INFO - DAG(s) dict_keys(['daily_crypto_lstm_pipeline']) retrieved from /opt/airflow/dags/binance_daily_dag.py
[2026-06-19T12:32:03.769+0000] {logging_mixin.py:151} INFO - [2026-06-19T12:32:03.768+0000] {dag.py:2915} INFO - Sync 1 DAGs
[2026-06-19T12:32:03.792+0000] {logging_mixin.py:151} INFO - [2026-06-19T12:32:03.792+0000] {dag.py:3696} INFO - Setting next_dagrun for daily_crypto_lstm_pipeline to 2026-06-19T00:02:00+00:00, run_after=2026-06-20T00:02:00+00:00
[2026-06-19T12:32:03.815+0000] {processor.py:179} INFO - Processing /opt/airflow/dags/binance_daily_dag.py took 2.946 seconds
[2026-06-19T12:32:34.128+0000] {processor.py:157} INFO - Started process (PID=13125) to work on /opt/airflow/dags/binance_daily_dag.py
[2026-06-19T12:32:34.130+0000] {processor.py:829} INFO - Processing file /opt/airflow/dags/binance_daily_dag.py for tasks to queue
[2026-06-19T12:32:34.132+0000] {logging_mixin.py:151} INFO - [2026-06-19T12:32:34.131+0000] {dagbag.py:539} INFO - Filling up the DagBag from /opt/airflow/dags/binance_daily_dag.py
[2026-06-19T12:32:37.386+0000] {processor.py:839} INFO - DAG(s) dict_keys(['daily_crypto_lstm_pipeline']) retrieved from /opt/airflow/dags/binance_daily_dag.py
[2026-06-19T12:32:37.439+0000] {logging_mixin.py:151} INFO - [2026-06-19T12:32:37.437+0000] {dag.py:2915} INFO - Sync 1 DAGs
[2026-06-19T12:32:37.463+0000] {logging_mixin.py:151} INFO - [2026-06-19T12:32:37.463+0000] {dag.py:3696} INFO - Setting next_dagrun for daily_crypto_lstm_pipeline to 2026-06-19T00:02:00+00:00, run_after=2026-06-20T00:02:00+00:00
[2026-06-19T12:32:37.486+0000] {processor.py:179} INFO - Processing /opt/airflow/dags/binance_daily_dag.py took 3.360 seconds
[2026-06-19T12:33:07.629+0000] {processor.py:157} INFO - Started process (PID=13166) to work on /opt/airflow/dags/binance_daily_dag.py
[2026-06-19T12:33:07.631+0000] {processor.py:829} INFO - Processing file /opt/airflow/dags/binance_daily_dag.py for tasks to queue
[2026-06-19T12:33:07.632+0000] {logging_mixin.py:151} INFO - [2026-06-19T12:33:07.632+0000] {dagbag.py:539} INFO - Filling up the DagBag from /opt/airflow/dags/binance_daily_dag.py
[2026-06-19T12:33:10.607+0000] {processor.py:839} INFO - DAG(s) dict_keys(['daily_crypto_lstm_pipeline']) retrieved from /opt/airflow/dags/binance_daily_dag.py
[2026-06-19T12:33:10.630+0000] {logging_mixin.py:151} INFO - [2026-06-19T12:33:10.629+0000] {dag.py:2915} INFO - Sync 1 DAGs
[2026-06-19T12:33:10.652+0000] {logging_mixin.py:151} INFO - [2026-06-19T12:33:10.651+0000] {dag.py:3696} INFO - Setting next_dagrun for daily_crypto_lstm_pipeline to 2026-06-19T00:02:00+00:00, run_after=2026-06-20T00:02:00+00:00
[2026-06-19T12:33:10.712+0000] {processor.py:179} INFO - Processing /opt/airflow/dags/binance_daily_dag.py took 3.087 seconds
[2026-06-19T12:33:41.010+0000] {processor.py:157} INFO - Started process (PID=13199) to work on /opt/airflow/dags/binance_daily_dag.py
[2026-06-19T12:33:41.011+0000] {processor.py:829} INFO - Processing file /opt/airflow/dags/binance_daily_dag.py for tasks to queue
[2026-06-19T12:33:41.013+0000] {logging_mixin.py:151} INFO - [2026-06-19T12:33:41.012+0000] {dagbag.py:539} INFO - Filling up the DagBag from /opt/airflow/dags/binance_daily_dag.py
[2026-06-19T12:33:43.839+0000] {processor.py:839} INFO - DAG(s) dict_keys(['daily_crypto_lstm_pipeline']) retrieved from /opt/airflow/dags/binance_daily_dag.py
[2026-06-19T12:33:43.862+0000] {logging_mixin.py:151} INFO - [2026-06-19T12:33:43.861+0000] {dag.py:2915} INFO - Sync 1 DAGs
[2026-06-19T12:33:43.881+0000] {logging_mixin.py:151} INFO - [2026-06-19T12:33:43.881+0000] {dag.py:3696} INFO - Setting next_dagrun for daily_crypto_lstm_pipeline to 2026-06-19T00:02:00+00:00, run_after=2026-06-20T00:02:00+00:00
[2026-06-19T12:33:43.900+0000] {processor.py:179} INFO - Processing /opt/airflow/dags/binance_daily_dag.py took 2.895 seconds
[2026-06-19T12:34:14.288+0000] {processor.py:157} INFO - Started process (PID=13232) to work on /opt/airflow/dags/binance_daily_dag.py
[2026-06-19T12:34:14.290+0000] {processor.py:829} INFO - Processing file /opt/airflow/dags/binance_daily_dag.py for tasks to queue
[2026-06-19T12:34:14.291+0000] {logging_mixin.py:151} INFO - [2026-06-19T12:34:14.291+0000] {dagbag.py:539} INFO - Filling up the DagBag from /opt/airflow/dags/binance_daily_dag.py
[2026-06-19T12:34:17.336+0000] {processor.py:839} INFO - DAG(s) dict_keys(['daily_crypto_lstm_pipeline']) retrieved from /opt/airflow/dags/binance_daily_dag.py
[2026-06-19T12:34:17.357+0000] {logging_mixin.py:151} INFO - [2026-06-19T12:34:17.357+0000] {dag.py:2915} INFO - Sync 1 DAGs
[2026-06-19T12:34:17.378+0000] {logging_mixin.py:151} INFO - [2026-06-19T12:34:17.378+0000] {dag.py:3696} INFO - Setting next_dagrun for daily_crypto_lstm_pipeline to 2026-06-19T00:02:00+00:00, run_after=2026-06-20T00:02:00+00:00
[2026-06-19T12:34:17.435+0000] {processor.py:179} INFO - Processing /opt/airflow/dags/binance_daily_dag.py took 3.153 seconds
[2026-06-19T12:34:47.562+0000] {processor.py:157} INFO - Started process (PID=13262) to work on /opt/airflow/dags/binance_daily_dag.py
[2026-06-19T12:34:47.571+0000] {processor.py:829} INFO - Processing file /opt/airflow/dags/binance_daily_dag.py for tasks to queue
[2026-06-19T12:34:47.574+0000] {logging_mixin.py:151} INFO - [2026-06-19T12:34:47.573+0000] {dagbag.py:539} INFO - Filling up the DagBag from /opt/airflow/dags/binance_daily_dag.py
[2026-06-19T12:34:50.322+0000] {processor.py:839} INFO - DAG(s) dict_keys(['daily_crypto_lstm_pipeline']) retrieved from /opt/airflow/dags/binance_daily_dag.py
[2026-06-19T12:34:50.345+0000] {logging_mixin.py:151} INFO - [2026-06-19T12:34:50.344+0000] {dag.py:2915} INFO - Sync 1 DAGs
[2026-06-19T12:34:50.365+0000] {logging_mixin.py:151} INFO - [2026-06-19T12:34:50.365+0000] {dag.py:3696} INFO - Setting next_dagrun for daily_crypto_lstm_pipeline to 2026-06-19T00:02:00+00:00, run_after=2026-06-20T00:02:00+00:00
[2026-06-19T12:34:50.426+0000] {processor.py:179} INFO - Processing /opt/airflow/dags/binance_daily_dag.py took 2.869 seconds
[2026-06-19T12:35:20.626+0000] {processor.py:157} INFO - Started process (PID=13302) to work on /opt/airflow/dags/binance_daily_dag.py
[2026-06-19T12:35:20.628+0000] {processor.py:829} INFO - Processing file /opt/airflow/dags/binance_daily_dag.py for tasks to queue
[2026-06-19T12:35:20.630+0000] {logging_mixin.py:151} INFO - [2026-06-19T12:35:20.629+0000] {dagbag.py:539} INFO - Filling up the DagBag from /opt/airflow/dags/binance_daily_dag.py
[2026-06-19T12:35:23.426+0000] {processor.py:839} INFO - DAG(s) dict_keys(['daily_crypto_lstm_pipeline']) retrieved from /opt/airflow/dags/binance_daily_dag.py
[2026-06-19T12:35:23.449+0000] {logging_mixin.py:151} INFO - [2026-06-19T12:35:23.448+0000] {dag.py:2915} INFO - Sync 1 DAGs
[2026-06-19T12:35:23.470+0000] {logging_mixin.py:151} INFO - [2026-06-19T12:35:23.470+0000] {dag.py:3696} INFO - Setting next_dagrun for daily_crypto_lstm_pipeline to 2026-06-19T00:02:00+00:00, run_after=2026-06-20T00:02:00+00:00
[2026-06-19T12:35:23.490+0000] {processor.py:179} INFO - Processing /opt/airflow/dags/binance_daily_dag.py took 2.867 seconds
[2026-06-19T12:35:53.747+0000] {processor.py:157} INFO - Started process (PID=13335) to work on /opt/airflow/dags/binance_daily_dag.py
[2026-06-19T12:35:53.749+0000] {processor.py:829} INFO - Processing file /opt/airflow/dags/binance_daily_dag.py for tasks to queue
[2026-06-19T12:35:53.750+0000] {logging_mixin.py:151} INFO - [2026-06-19T12:35:53.750+0000] {dagbag.py:539} INFO - Filling up the DagBag from /opt/airflow/dags/binance_daily_dag.py
[2026-06-19T12:35:56.529+0000] {processor.py:839} INFO - DAG(s) dict_keys(['daily_crypto_lstm_pipeline']) retrieved from /opt/airflow/dags/binance_daily_dag.py
[2026-06-19T12:35:56.555+0000] {logging_mixin.py:151} INFO - [2026-06-19T12:35:56.554+0000] {dag.py:2915} INFO - Sync 1 DAGs
[2026-06-19T12:35:56.579+0000] {logging_mixin.py:151} INFO - [2026-06-19T12:35:56.579+0000] {dag.py:3696} INFO - Setting next_dagrun for daily_crypto_lstm_pipeline to 2026-06-19T00:02:00+00:00, run_after=2026-06-20T00:02:00+00:00
[2026-06-19T12:35:56.601+0000] {processor.py:179} INFO - Processing /opt/airflow/dags/binance_daily_dag.py took 2.858 seconds
[2026-06-19T12:36:26.932+0000] {processor.py:157} INFO - Started process (PID=13368) to work on /opt/airflow/dags/binance_daily_dag.py
[2026-06-19T12:36:26.939+0000] {processor.py:829} INFO - Processing file /opt/airflow/dags/binance_daily_dag.py for tasks to queue
[2026-06-19T12:36:26.941+0000] {logging_mixin.py:151} INFO - [2026-06-19T12:36:26.940+0000] {dagbag.py:539} INFO - Filling up the DagBag from /opt/airflow/dags/binance_daily_dag.py
[2026-06-19T12:36:29.885+0000] {processor.py:839} INFO - DAG(s) dict_keys(['daily_crypto_lstm_pipeline']) retrieved from /opt/airflow/dags/binance_daily_dag.py
[2026-06-19T12:36:29.912+0000] {logging_mixin.py:151} INFO - [2026-06-19T12:36:29.911+0000] {dag.py:2915} INFO - Sync 1 DAGs
[2026-06-19T12:36:29.937+0000] {logging_mixin.py:151} INFO - [2026-06-19T12:36:29.936+0000] {dag.py:3696} INFO - Setting next_dagrun for daily_crypto_lstm_pipeline to 2026-06-19T00:02:00+00:00, run_after=2026-06-20T00:02:00+00:00
[2026-06-19T12:36:29.959+0000] {processor.py:179} INFO - Processing /opt/airflow/dags/binance_daily_dag.py took 3.034 seconds
[2026-06-19T12:37:00.278+0000] {processor.py:157} INFO - Started process (PID=13404) to work on /opt/airflow/dags/binance_daily_dag.py
[2026-06-19T12:37:00.279+0000] {processor.py:829} INFO - Processing file /opt/airflow/dags/binance_daily_dag.py for tasks to queue
[2026-06-19T12:37:00.280+0000] {logging_mixin.py:151} INFO - [2026-06-19T12:37:00.280+0000] {dagbag.py:539} INFO - Filling up the DagBag from /opt/airflow/dags/binance_daily_dag.py
[2026-06-19T12:37:02.811+0000] {processor.py:839} INFO - DAG(s) dict_keys(['daily_crypto_lstm_pipeline']) retrieved from /opt/airflow/dags/binance_daily_dag.py
[2026-06-19T12:37:02.830+0000] {logging_mixin.py:151} INFO - [2026-06-19T12:37:02.830+0000] {dag.py:2915} INFO - Sync 1 DAGs
[2026-06-19T12:37:02.850+0000] {logging_mixin.py:151} INFO - [2026-06-19T12:37:02.850+0000] {dag.py:3696} INFO - Setting next_dagrun for daily_crypto_lstm_pipeline to 2026-06-19T00:02:00+00:00, run_after=2026-06-20T00:02:00+00:00
[2026-06-19T12:37:02.909+0000] {processor.py:179} INFO - Processing /opt/airflow/dags/binance_daily_dag.py took 2.636 seconds
[2026-06-19T12:37:33.578+0000] {processor.py:157} INFO - Started process (PID=13438) to work on /opt/airflow/dags/binance_daily_dag.py
[2026-06-19T12:37:33.580+0000] {processor.py:829} INFO - Processing file /opt/airflow/dags/binance_daily_dag.py for tasks to queue
[2026-06-19T12:37:33.582+0000] {logging_mixin.py:151} INFO - [2026-06-19T12:37:33.581+0000] {dagbag.py:539} INFO - Filling up the DagBag from /opt/airflow/dags/binance_daily_dag.py
[2026-06-19T12:37:36.057+0000] {processor.py:839} INFO - DAG(s) dict_keys(['daily_crypto_lstm_pipeline']) retrieved from /opt/airflow/dags/binance_daily_dag.py
[2026-06-19T12:37:36.082+0000] {logging_mixin.py:151} INFO - [2026-06-19T12:37:36.081+0000] {dag.py:2915} INFO - Sync 1 DAGs
[2026-06-19T12:37:36.109+0000] {logging_mixin.py:151} INFO - [2026-06-19T12:37:36.109+0000] {dag.py:3696} INFO - Setting next_dagrun for daily_crypto_lstm_pipeline to 2026-06-19T00:02:00+00:00, run_after=2026-06-20T00:02:00+00:00
[2026-06-19T12:37:36.137+0000] {processor.py:179} INFO - Processing /opt/airflow/dags/binance_daily_dag.py took 2.565 seconds
[2026-06-19T12:38:06.325+0000] {processor.py:157} INFO - Started process (PID=13470) to work on /opt/airflow/dags/binance_daily_dag.py
[2026-06-19T12:38:06.327+0000] {processor.py:829} INFO - Processing file /opt/airflow/dags/binance_daily_dag.py for tasks to queue
[2026-06-19T12:38:06.328+0000] {logging_mixin.py:151} INFO - [2026-06-19T12:38:06.328+0000] {dagbag.py:539} INFO - Filling up the DagBag from /opt/airflow/dags/binance_daily_dag.py
[2026-06-19T12:38:08.780+0000] {processor.py:839} INFO - DAG(s) dict_keys(['daily_crypto_lstm_pipeline']) retrieved from /opt/airflow/dags/binance_daily_dag.py
[2026-06-19T12:38:08.797+0000] {logging_mixin.py:151} INFO - [2026-06-19T12:38:08.797+0000] {dag.py:2915} INFO - Sync 1 DAGs
[2026-06-19T12:38:08.818+0000] {logging_mixin.py:151} INFO - [2026-06-19T12:38:08.818+0000] {dag.py:3696} INFO - Setting next_dagrun for daily_crypto_lstm_pipeline to 2026-06-19T00:02:00+00:00, run_after=2026-06-20T00:02:00+00:00
[2026-06-19T12:38:08.840+0000] {processor.py:179} INFO - Processing /opt/airflow/dags/binance_daily_dag.py took 2.518 seconds
[2026-06-19T12:38:39.295+0000] {processor.py:157} INFO - Started process (PID=13503) to work on /opt/airflow/dags/binance_daily_dag.py
[2026-06-19T12:38:39.296+0000] {processor.py:829} INFO - Processing file /opt/airflow/dags/binance_daily_dag.py for tasks to queue
[2026-06-19T12:38:39.297+0000] {logging_mixin.py:151} INFO - [2026-06-19T12:38:39.297+0000] {dagbag.py:539} INFO - Filling up the DagBag from /opt/airflow/dags/binance_daily_dag.py
[2026-06-19T12:38:41.696+0000] {processor.py:839} INFO - DAG(s) dict_keys(['daily_crypto_lstm_pipeline']) retrieved from /opt/airflow/dags/binance_daily_dag.py
[2026-06-19T12:38:41.719+0000] {logging_mixin.py:151} INFO - [2026-06-19T12:38:41.718+0000] {dag.py:2915} INFO - Sync 1 DAGs
[2026-06-19T12:38:41.739+0000] {logging_mixin.py:151} INFO - [2026-06-19T12:38:41.739+0000] {dag.py:3696} INFO - Setting next_dagrun for daily_crypto_lstm_pipeline to 2026-06-19T00:02:00+00:00, run_after=2026-06-20T00:02:00+00:00
[2026-06-19T12:38:41.800+0000] {processor.py:179} INFO - Processing /opt/airflow/dags/binance_daily_dag.py took 2.510 seconds
[2026-06-19T12:39:12.109+0000] {processor.py:157} INFO - Started process (PID=13532) to work on /opt/airflow/dags/binance_daily_dag.py
[2026-06-19T12:39:12.110+0000] {processor.py:829} INFO - Processing file /opt/airflow/dags/binance_daily_dag.py for tasks to queue
[2026-06-19T12:39:12.111+0000] {logging_mixin.py:151} INFO - [2026-06-19T12:39:12.111+0000] {dagbag.py:539} INFO - Filling up the DagBag from /opt/airflow/dags/binance_daily_dag.py
[2026-06-19T12:39:14.562+0000] {processor.py:839} INFO - DAG(s) dict_keys(['daily_crypto_lstm_pipeline']) retrieved from /opt/airflow/dags/binance_daily_dag.py
[2026-06-19T12:39:14.588+0000] {logging_mixin.py:151} INFO - [2026-06-19T12:39:14.587+0000] {dag.py:2915} INFO - Sync 1 DAGs
[2026-06-19T12:39:14.609+0000] {logging_mixin.py:151} INFO - [2026-06-19T12:39:14.609+0000] {dag.py:3696} INFO - Setting next_dagrun for daily_crypto_lstm_pipeline to 2026-06-19T00:02:00+00:00, run_after=2026-06-20T00:02:00+00:00
[2026-06-19T12:39:14.668+0000] {processor.py:179} INFO - Processing /opt/airflow/dags/binance_daily_dag.py took 2.565 seconds
[2026-06-19T12:39:45.404+0000] {processor.py:157} INFO - Started process (PID=13565) to work on /opt/airflow/dags/binance_daily_dag.py
[2026-06-19T12:39:45.406+0000] {processor.py:829} INFO - Processing file /opt/airflow/dags/binance_daily_dag.py for tasks to queue
[2026-06-19T12:39:45.407+0000] {logging_mixin.py:151} INFO - [2026-06-19T12:39:45.407+0000] {dagbag.py:539} INFO - Filling up the DagBag from /opt/airflow/dags/binance_daily_dag.py
[2026-06-19T12:39:48.650+0000] {processor.py:839} INFO - DAG(s) dict_keys(['daily_crypto_lstm_pipeline']) retrieved from /opt/airflow/dags/binance_daily_dag.py
[2026-06-19T12:39:48.672+0000] {logging_mixin.py:151} INFO - [2026-06-19T12:39:48.672+0000] {dag.py:2915} INFO - Sync 1 DAGs
[2026-06-19T12:39:48.693+0000] {logging_mixin.py:151} INFO - [2026-06-19T12:39:48.692+0000] {dag.py:3696} INFO - Setting next_dagrun for daily_crypto_lstm_pipeline to 2026-06-19T00:02:00+00:00, run_after=2026-06-20T00:02:00+00:00
[2026-06-19T12:39:48.752+0000] {processor.py:179} INFO - Processing /opt/airflow/dags/binance_daily_dag.py took 3.355 seconds
[2026-06-19T12:40:19.404+0000] {processor.py:157} INFO - Started process (PID=13607) to work on /opt/airflow/dags/binance_daily_dag.py
[2026-06-19T12:40:19.405+0000] {processor.py:829} INFO - Processing file /opt/airflow/dags/binance_daily_dag.py for tasks to queue
[2026-06-19T12:40:19.408+0000] {logging_mixin.py:151} INFO - [2026-06-19T12:40:19.407+0000] {dagbag.py:539} INFO - Filling up the DagBag from /opt/airflow/dags/binance_daily_dag.py
[2026-06-19T12:40:21.965+0000] {processor.py:839} INFO - DAG(s) dict_keys(['daily_crypto_lstm_pipeline']) retrieved from /opt/airflow/dags/binance_daily_dag.py
[2026-06-19T12:40:21.990+0000] {logging_mixin.py:151} INFO - [2026-06-19T12:40:21.989+0000] {dag.py:2915} INFO - Sync 1 DAGs
[2026-06-19T12:40:22.011+0000] {logging_mixin.py:151} INFO - [2026-06-19T12:40:22.010+0000] {dag.py:3696} INFO - Setting next_dagrun for daily_crypto_lstm_pipeline to 2026-06-19T00:02:00+00:00, run_after=2026-06-20T00:02:00+00:00
[2026-06-19T12:40:22.029+0000] {processor.py:179} INFO - Processing /opt/airflow/dags/binance_daily_dag.py took 2.630 seconds
[2026-06-19T12:40:52.329+0000] {processor.py:157} INFO - Started process (PID=13640) to work on /opt/airflow/dags/binance_daily_dag.py
[2026-06-19T12:40:52.331+0000] {processor.py:829} INFO - Processing file /opt/airflow/dags/binance_daily_dag.py for tasks to queue
[2026-06-19T12:40:52.332+0000] {logging_mixin.py:151} INFO - [2026-06-19T12:40:52.332+0000] {dagbag.py:539} INFO - Filling up the DagBag from /opt/airflow/dags/binance_daily_dag.py
[2026-06-19T12:40:54.911+0000] {processor.py:839} INFO - DAG(s) dict_keys(['daily_crypto_lstm_pipeline']) retrieved from /opt/airflow/dags/binance_daily_dag.py
[2026-06-19T12:40:54.933+0000] {logging_mixin.py:151} INFO - [2026-06-19T12:40:54.933+0000] {dag.py:2915} INFO - Sync 1 DAGs
[2026-06-19T12:40:54.956+0000] {logging_mixin.py:151} INFO - [2026-06-19T12:40:54.956+0000] {dag.py:3696} INFO - Setting next_dagrun for daily_crypto_lstm_pipeline to 2026-06-19T00:02:00+00:00, run_after=2026-06-20T00:02:00+00:00
[2026-06-19T12:40:54.976+0000] {processor.py:179} INFO - Processing /opt/airflow/dags/binance_daily_dag.py took 2.651 seconds
[2026-06-19T12:41:25.168+0000] {processor.py:157} INFO - Started process (PID=13673) to work on /opt/airflow/dags/binance_daily_dag.py
[2026-06-19T12:41:25.169+0000] {processor.py:829} INFO - Processing file /opt/airflow/dags/binance_daily_dag.py for tasks to queue
[2026-06-19T12:41:25.171+0000] {logging_mixin.py:151} INFO - [2026-06-19T12:41:25.170+0000] {dagbag.py:539} INFO - Filling up the DagBag from /opt/airflow/dags/binance_daily_dag.py
[2026-06-19T12:41:28.368+0000] {processor.py:839} INFO - DAG(s) dict_keys(['daily_crypto_lstm_pipeline']) retrieved from /opt/airflow/dags/binance_daily_dag.py
[2026-06-19T12:41:28.395+0000] {logging_mixin.py:151} INFO - [2026-06-19T12:41:28.395+0000] {dag.py:2915} INFO - Sync 1 DAGs
[2026-06-19T12:41:28.418+0000] {logging_mixin.py:151} INFO - [2026-06-19T12:41:28.417+0000] {dag.py:3696} INFO - Setting next_dagrun for daily_crypto_lstm_pipeline to 2026-06-19T00:02:00+00:00, run_after=2026-06-20T00:02:00+00:00
[2026-06-19T12:41:28.446+0000] {processor.py:179} INFO - Processing /opt/airflow/dags/binance_daily_dag.py took 3.283 seconds
[2026-06-19T12:41:58.700+0000] {processor.py:157} INFO - Started process (PID=13704) to work on /opt/airflow/dags/binance_daily_dag.py
[2026-06-19T12:41:58.703+0000] {processor.py:829} INFO - Processing file /opt/airflow/dags/binance_daily_dag.py for tasks to queue
[2026-06-19T12:41:58.705+0000] {logging_mixin.py:151} INFO - [2026-06-19T12:41:58.704+0000] {dagbag.py:539} INFO - Filling up the DagBag from /opt/airflow/dags/binance_daily_dag.py
[2026-06-19T12:42:01.554+0000] {processor.py:839} INFO - DAG(s) dict_keys(['daily_crypto_lstm_pipeline']) retrieved from /opt/airflow/dags/binance_daily_dag.py
[2026-06-19T12:42:01.582+0000] {logging_mixin.py:151} INFO - [2026-06-19T12:42:01.581+0000] {dag.py:2915} INFO - Sync 1 DAGs
[2026-06-19T12:42:01.610+0000] {logging_mixin.py:151} INFO - [2026-06-19T12:42:01.610+0000] {dag.py:3696} INFO - Setting next_dagrun for daily_crypto_lstm_pipeline to 2026-06-19T00:02:00+00:00, run_after=2026-06-20T00:02:00+00:00
[2026-06-19T12:42:01.672+0000] {processor.py:179} INFO - Processing /opt/airflow/dags/binance_daily_dag.py took 2.979 seconds
[2026-06-19T12:42:31.983+0000] {processor.py:157} INFO - Started process (PID=13739) to work on /opt/airflow/dags/binance_daily_dag.py
[2026-06-19T12:42:31.984+0000] {processor.py:829} INFO - Processing file /opt/airflow/dags/binance_daily_dag.py for tasks to queue
[2026-06-19T12:42:31.985+0000] {logging_mixin.py:151} INFO - [2026-06-19T12:42:31.985+0000] {dagbag.py:539} INFO - Filling up the DagBag from /opt/airflow/dags/binance_daily_dag.py
[2026-06-19T12:42:34.899+0000] {processor.py:839} INFO - DAG(s) dict_keys(['daily_crypto_lstm_pipeline']) retrieved from /opt/airflow/dags/binance_daily_dag.py
[2026-06-19T12:42:34.930+0000] {logging_mixin.py:151} INFO - [2026-06-19T12:42:34.929+0000] {dag.py:2915} INFO - Sync 1 DAGs
[2026-06-19T12:42:34.970+0000] {logging_mixin.py:151} INFO - [2026-06-19T12:42:34.969+0000] {dag.py:3696} INFO - Setting next_dagrun for daily_crypto_lstm_pipeline to 2026-06-19T00:02:00+00:00, run_after=2026-06-20T00:02:00+00:00
[2026-06-19T12:42:35.031+0000] {processor.py:179} INFO - Processing /opt/airflow/dags/binance_daily_dag.py took 3.053 seconds
[2026-06-19T12:43:05.319+0000] {processor.py:157} INFO - Started process (PID=13775) to work on /opt/airflow/dags/binance_daily_dag.py
[2026-06-19T12:43:05.321+0000] {processor.py:829} INFO - Processing file /opt/airflow/dags/binance_daily_dag.py for tasks to queue
[2026-06-19T12:43:05.322+0000] {logging_mixin.py:151} INFO - [2026-06-19T12:43:05.322+0000] {dagbag.py:539} INFO - Filling up the DagBag from /opt/airflow/dags/binance_daily_dag.py
[2026-06-19T12:43:08.015+0000] {processor.py:839} INFO - DAG(s) dict_keys(['daily_crypto_lstm_pipeline']) retrieved from /opt/airflow/dags/binance_daily_dag.py
[2026-06-19T12:43:08.035+0000] {logging_mixin.py:151} INFO - [2026-06-19T12:43:08.034+0000] {dag.py:2915} INFO - Sync 1 DAGs
[2026-06-19T12:43:08.051+0000] {logging_mixin.py:151} INFO - [2026-06-19T12:43:08.051+0000] {dag.py:3696} INFO - Setting next_dagrun for daily_crypto_lstm_pipeline to 2026-06-19T00:02:00+00:00, run_after=2026-06-20T00:02:00+00:00
[2026-06-19T12:43:08.112+0000] {processor.py:179} INFO - Processing /opt/airflow/dags/binance_daily_dag.py took 2.797 seconds
[2026-06-19T12:43:39.111+0000] {processor.py:157} INFO - Started process (PID=13814) to work on /opt/airflow/dags/binance_daily_dag.py
[2026-06-19T12:43:39.112+0000] {processor.py:829} INFO - Processing file /opt/airflow/dags/binance_daily_dag.py for tasks to queue
[2026-06-19T12:43:39.113+0000] {logging_mixin.py:151} INFO - [2026-06-19T12:43:39.113+0000] {dagbag.py:539} INFO - Filling up the DagBag from /opt/airflow/dags/binance_daily_dag.py
[2026-06-19T12:43:41.650+0000] {processor.py:839} INFO - DAG(s) dict_keys(['daily_crypto_lstm_pipeline']) retrieved from /opt/airflow/dags/binance_daily_dag.py
[2026-06-19T12:43:41.671+0000] {logging_mixin.py:151} INFO - [2026-06-19T12:43:41.670+0000] {dag.py:2915} INFO - Sync 1 DAGs
[2026-06-19T12:43:41.689+0000] {logging_mixin.py:151} INFO - [2026-06-19T12:43:41.689+0000] {dag.py:3696} INFO - Setting next_dagrun for daily_crypto_lstm_pipeline to 2026-06-19T00:02:00+00:00, run_after=2026-06-20T00:02:00+00:00
[2026-06-19T12:43:41.707+0000] {processor.py:179} INFO - Processing /opt/airflow/dags/binance_daily_dag.py took 2.625 seconds
[2026-06-19T12:44:11.913+0000] {processor.py:157} INFO - Started process (PID=13847) to work on /opt/airflow/dags/binance_daily_dag.py
[2026-06-19T12:44:11.915+0000] {processor.py:829} INFO - Processing file /opt/airflow/dags/binance_daily_dag.py for tasks to queue
[2026-06-19T12:44:11.916+0000] {logging_mixin.py:151} INFO - [2026-06-19T12:44:11.915+0000] {dagbag.py:539} INFO - Filling up the DagBag from /opt/airflow/dags/binance_daily_dag.py
[2026-06-19T12:44:14.395+0000] {processor.py:839} INFO - DAG(s) dict_keys(['daily_crypto_lstm_pipeline']) retrieved from /opt/airflow/dags/binance_daily_dag.py
[2026-06-19T12:44:14.419+0000] {logging_mixin.py:151} INFO - [2026-06-19T12:44:14.418+0000] {dag.py:2915} INFO - Sync 1 DAGs
[2026-06-19T12:44:14.441+0000] {logging_mixin.py:151} INFO - [2026-06-19T12:44:14.440+0000] {dag.py:3696} INFO - Setting next_dagrun for daily_crypto_lstm_pipeline to 2026-06-19T00:02:00+00:00, run_after=2026-06-20T00:02:00+00:00
[2026-06-19T12:44:14.466+0000] {processor.py:179} INFO - Processing /opt/airflow/dags/binance_daily_dag.py took 2.556 seconds
[2026-06-19T12:44:44.809+0000] {processor.py:157} INFO - Started process (PID=13879) to work on /opt/airflow/dags/binance_daily_dag.py
[2026-06-19T12:44:44.811+0000] {processor.py:829} INFO - Processing file /opt/airflow/dags/binance_daily_dag.py for tasks to queue
[2026-06-19T12:44:44.812+0000] {logging_mixin.py:151} INFO - [2026-06-19T12:44:44.812+0000] {dagbag.py:539} INFO - Filling up the DagBag from /opt/airflow/dags/binance_daily_dag.py
[2026-06-19T12:44:47.315+0000] {processor.py:839} INFO - DAG(s) dict_keys(['daily_crypto_lstm_pipeline']) retrieved from /opt/airflow/dags/binance_daily_dag.py
[2026-06-19T12:44:47.383+0000] {logging_mixin.py:151} INFO - [2026-06-19T12:44:47.382+0000] {dag.py:2915} INFO - Sync 1 DAGs
[2026-06-19T12:44:47.445+0000] {logging_mixin.py:151} INFO - [2026-06-19T12:44:47.444+0000] {dag.py:3696} INFO - Setting next_dagrun for daily_crypto_lstm_pipeline to 2026-06-19T00:02:00+00:00, run_after=2026-06-20T00:02:00+00:00
[2026-06-19T12:44:47.497+0000] {processor.py:179} INFO - Processing /opt/airflow/dags/binance_daily_dag.py took 2.692 seconds
[2026-06-19T12:45:17.715+0000] {processor.py:157} INFO - Started process (PID=13907) to work on /opt/airflow/dags/binance_daily_dag.py
[2026-06-19T12:45:17.717+0000] {processor.py:829} INFO - Processing file /opt/airflow/dags/binance_daily_dag.py for tasks to queue
[2026-06-19T12:45:17.718+0000] {logging_mixin.py:151} INFO - [2026-06-19T12:45:17.718+0000] {dagbag.py:539} INFO - Filling up the DagBag from /opt/airflow/dags/binance_daily_dag.py
[2026-06-19T12:45:20.738+0000] {processor.py:839} INFO - DAG(s) dict_keys(['daily_crypto_lstm_pipeline']) retrieved from /opt/airflow/dags/binance_daily_dag.py
[2026-06-19T12:45:20.757+0000] {logging_mixin.py:151} INFO - [2026-06-19T12:45:20.757+0000] {dag.py:2915} INFO - Sync 1 DAGs
[2026-06-19T12:45:20.777+0000] {logging_mixin.py:151} INFO - [2026-06-19T12:45:20.777+0000] {dag.py:3696} INFO - Setting next_dagrun for daily_crypto_lstm_pipeline to 2026-06-19T00:02:00+00:00, run_after=2026-06-20T00:02:00+00:00
[2026-06-19T12:45:20.835+0000] {processor.py:179} INFO - Processing /opt/airflow/dags/binance_daily_dag.py took 3.124 seconds
[2026-06-19T12:45:51.143+0000] {processor.py:157} INFO - Started process (PID=13947) to work on /opt/airflow/dags/binance_daily_dag.py
[2026-06-19T12:45:51.145+0000] {processor.py:829} INFO - Processing file /opt/airflow/dags/binance_daily_dag.py for tasks to queue
[2026-06-19T12:45:51.146+0000] {logging_mixin.py:151} INFO - [2026-06-19T12:45:51.146+0000] {dagbag.py:539} INFO - Filling up the DagBag from /opt/airflow/dags/binance_daily_dag.py
[2026-06-19T12:45:53.550+0000] {processor.py:839} INFO - DAG(s) dict_keys(['daily_crypto_lstm_pipeline']) retrieved from /opt/airflow/dags/binance_daily_dag.py
[2026-06-19T12:45:53.574+0000] {logging_mixin.py:151} INFO - [2026-06-19T12:45:53.574+0000] {dag.py:2915} INFO - Sync 1 DAGs
[2026-06-19T12:45:53.598+0000] {logging_mixin.py:151} INFO - [2026-06-19T12:45:53.598+0000] {dag.py:3696} INFO - Setting next_dagrun for daily_crypto_lstm_pipeline to 2026-06-19T00:02:00+00:00, run_after=2026-06-20T00:02:00+00:00
[2026-06-19T12:45:53.619+0000] {processor.py:179} INFO - Processing /opt/airflow/dags/binance_daily_dag.py took 2.482 seconds
[2026-06-19T12:46:23.964+0000] {processor.py:157} INFO - Started process (PID=13981) to work on /opt/airflow/dags/binance_daily_dag.py
[2026-06-19T12:46:23.966+0000] {processor.py:829} INFO - Processing file /opt/airflow/dags/binance_daily_dag.py for tasks to queue
[2026-06-19T12:46:23.971+0000] {logging_mixin.py:151} INFO - [2026-06-19T12:46:23.971+0000] {dagbag.py:539} INFO - Filling up the DagBag from /opt/airflow/dags/binance_daily_dag.py
[2026-06-19T12:46:26.595+0000] {processor.py:839} INFO - DAG(s) dict_keys(['daily_crypto_lstm_pipeline']) retrieved from /opt/airflow/dags/binance_daily_dag.py
[2026-06-19T12:46:26.616+0000] {logging_mixin.py:151} INFO - [2026-06-19T12:46:26.615+0000] {dag.py:2915} INFO - Sync 1 DAGs
[2026-06-19T12:46:26.635+0000] {logging_mixin.py:151} INFO - [2026-06-19T12:46:26.635+0000] {dag.py:3696} INFO - Setting next_dagrun for daily_crypto_lstm_pipeline to 2026-06-19T00:02:00+00:00, run_after=2026-06-20T00:02:00+00:00
[2026-06-19T12:46:26.691+0000] {processor.py:179} INFO - Processing /opt/airflow/dags/binance_daily_dag.py took 2.738 seconds
[2026-06-19T12:46:56.794+0000] {processor.py:157} INFO - Started process (PID=14014) to work on /opt/airflow/dags/binance_daily_dag.py
[2026-06-19T12:46:56.796+0000] {processor.py:829} INFO - Processing file /opt/airflow/dags/binance_daily_dag.py for tasks to queue
[2026-06-19T12:46:56.797+0000] {logging_mixin.py:151} INFO - [2026-06-19T12:46:56.797+0000] {dagbag.py:539} INFO - Filling up the DagBag from /opt/airflow/dags/binance_daily_dag.py
[2026-06-19T12:46:59.458+0000] {processor.py:839} INFO - DAG(s) dict_keys(['daily_crypto_lstm_pipeline']) retrieved from /opt/airflow/dags/binance_daily_dag.py
[2026-06-19T12:46:59.479+0000] {logging_mixin.py:151} INFO - [2026-06-19T12:46:59.479+0000] {dag.py:2915} INFO - Sync 1 DAGs
[2026-06-19T12:46:59.504+0000] {logging_mixin.py:151} INFO - [2026-06-19T12:46:59.504+0000] {dag.py:3696} INFO - Setting next_dagrun for daily_crypto_lstm_pipeline to 2026-06-19T00:02:00+00:00, run_after=2026-06-20T00:02:00+00:00
[2026-06-19T12:46:59.575+0000] {processor.py:179} INFO - Processing /opt/airflow/dags/binance_daily_dag.py took 2.784 seconds
[2026-06-19T12:47:30.396+0000] {processor.py:157} INFO - Started process (PID=14047) to work on /opt/airflow/dags/binance_daily_dag.py
[2026-06-19T12:47:30.399+0000] {processor.py:829} INFO - Processing file /opt/airflow/dags/binance_daily_dag.py for tasks to queue
[2026-06-19T12:47:30.400+0000] {logging_mixin.py:151} INFO - [2026-06-19T12:47:30.400+0000] {dagbag.py:539} INFO - Filling up the DagBag from /opt/airflow/dags/binance_daily_dag.py
[2026-06-19T12:47:33.382+0000] {processor.py:839} INFO - DAG(s) dict_keys(['daily_crypto_lstm_pipeline']) retrieved from /opt/airflow/dags/binance_daily_dag.py
[2026-06-19T12:47:33.415+0000] {logging_mixin.py:151} INFO - [2026-06-19T12:47:33.414+0000] {dag.py:2915} INFO - Sync 1 DAGs
[2026-06-19T12:47:33.440+0000] {logging_mixin.py:151} INFO - [2026-06-19T12:47:33.440+0000] {dag.py:3696} INFO - Setting next_dagrun for daily_crypto_lstm_pipeline to 2026-06-19T00:02:00+00:00, run_after=2026-06-20T00:02:00+00:00
[2026-06-19T12:47:33.501+0000] {processor.py:179} INFO - Processing /opt/airflow/dags/binance_daily_dag.py took 3.118 seconds
[2026-06-19T12:48:03.831+0000] {processor.py:157} INFO - Started process (PID=14080) to work on /opt/airflow/dags/binance_daily_dag.py
[2026-06-19T12:48:03.833+0000] {processor.py:829} INFO - Processing file /opt/airflow/dags/binance_daily_dag.py for tasks to queue
[2026-06-19T12:48:03.834+0000] {logging_mixin.py:151} INFO - [2026-06-19T12:48:03.833+0000] {dagbag.py:539} INFO - Filling up the DagBag from /opt/airflow/dags/binance_daily_dag.py
[2026-06-19T12:48:06.775+0000] {processor.py:839} INFO - DAG(s) dict_keys(['daily_crypto_lstm_pipeline']) retrieved from /opt/airflow/dags/binance_daily_dag.py
[2026-06-19T12:48:06.797+0000] {logging_mixin.py:151} INFO - [2026-06-19T12:48:06.797+0000] {dag.py:2915} INFO - Sync 1 DAGs
[2026-06-19T12:48:06.817+0000] {logging_mixin.py:151} INFO - [2026-06-19T12:48:06.817+0000] {dag.py:3696} INFO - Setting next_dagrun for daily_crypto_lstm_pipeline to 2026-06-19T00:02:00+00:00, run_after=2026-06-20T00:02:00+00:00
[2026-06-19T12:48:06.841+0000] {processor.py:179} INFO - Processing /opt/airflow/dags/binance_daily_dag.py took 3.014 seconds
[2026-06-19T12:48:37.162+0000] {processor.py:157} INFO - Started process (PID=14113) to work on /opt/airflow/dags/binance_daily_dag.py
[2026-06-19T12:48:37.164+0000] {processor.py:829} INFO - Processing file /opt/airflow/dags/binance_daily_dag.py for tasks to queue
[2026-06-19T12:48:37.165+0000] {logging_mixin.py:151} INFO - [2026-06-19T12:48:37.165+0000] {dagbag.py:539} INFO - Filling up the DagBag from /opt/airflow/dags/binance_daily_dag.py
[2026-06-19T12:48:40.095+0000] {processor.py:839} INFO - DAG(s) dict_keys(['daily_crypto_lstm_pipeline']) retrieved from /opt/airflow/dags/binance_daily_dag.py
[2026-06-19T12:48:40.120+0000] {logging_mixin.py:151} INFO - [2026-06-19T12:48:40.119+0000] {dag.py:2915} INFO - Sync 1 DAGs
[2026-06-19T12:48:40.142+0000] {logging_mixin.py:151} INFO - [2026-06-19T12:48:40.142+0000] {dag.py:3696} INFO - Setting next_dagrun for daily_crypto_lstm_pipeline to 2026-06-19T00:02:00+00:00, run_after=2026-06-20T00:02:00+00:00
[2026-06-19T12:48:40.201+0000] {processor.py:179} INFO - Processing /opt/airflow/dags/binance_daily_dag.py took 3.044 seconds
[2026-06-19T12:49:10.575+0000] {processor.py:157} INFO - Started process (PID=14146) to work on /opt/airflow/dags/binance_daily_dag.py
[2026-06-19T12:49:10.577+0000] {processor.py:829} INFO - Processing file /opt/airflow/dags/binance_daily_dag.py for tasks to queue
[2026-06-19T12:49:10.578+0000] {logging_mixin.py:151} INFO - [2026-06-19T12:49:10.577+0000] {dagbag.py:539} INFO - Filling up the DagBag from /opt/airflow/dags/binance_daily_dag.py
[2026-06-19T12:49:13.135+0000] {processor.py:839} INFO - DAG(s) dict_keys(['daily_crypto_lstm_pipeline']) retrieved from /opt/airflow/dags/binance_daily_dag.py
[2026-06-19T12:49:13.162+0000] {logging_mixin.py:151} INFO - [2026-06-19T12:49:13.161+0000] {dag.py:2915} INFO - Sync 1 DAGs
[2026-06-19T12:49:13.188+0000] {logging_mixin.py:151} INFO - [2026-06-19T12:49:13.188+0000] {dag.py:3696} INFO - Setting next_dagrun for daily_crypto_lstm_pipeline to 2026-06-19T00:02:00+00:00, run_after=2026-06-20T00:02:00+00:00
[2026-06-19T12:49:13.212+0000] {processor.py:179} INFO - Processing /opt/airflow/dags/binance_daily_dag.py took 2.641 seconds
[2026-06-19T12:49:44.043+0000] {processor.py:157} INFO - Started process (PID=14179) to work on /opt/airflow/dags/binance_daily_dag.py
[2026-06-19T12:49:44.045+0000] {processor.py:829} INFO - Processing file /opt/airflow/dags/binance_daily_dag.py for tasks to queue
[2026-06-19T12:49:44.046+0000] {logging_mixin.py:151} INFO - [2026-06-19T12:49:44.046+0000] {dagbag.py:539} INFO - Filling up the DagBag from /opt/airflow/dags/binance_daily_dag.py
[2026-06-19T12:49:46.613+0000] {processor.py:839} INFO - DAG(s) dict_keys(['daily_crypto_lstm_pipeline']) retrieved from /opt/airflow/dags/binance_daily_dag.py
[2026-06-19T12:49:46.639+0000] {logging_mixin.py:151} INFO - [2026-06-19T12:49:46.639+0000] {dag.py:2915} INFO - Sync 1 DAGs
[2026-06-19T12:49:46.667+0000] {logging_mixin.py:151} INFO - [2026-06-19T12:49:46.667+0000] {dag.py:3696} INFO - Setting next_dagrun for daily_crypto_lstm_pipeline to 2026-06-19T00:02:00+00:00, run_after=2026-06-20T00:02:00+00:00
[2026-06-19T12:49:46.688+0000] {processor.py:179} INFO - Processing /opt/airflow/dags/binance_daily_dag.py took 2.648 seconds
[2026-06-19T12:50:17.046+0000] {processor.py:157} INFO - Started process (PID=14212) to work on /opt/airflow/dags/binance_daily_dag.py
[2026-06-19T12:50:17.048+0000] {processor.py:829} INFO - Processing file /opt/airflow/dags/binance_daily_dag.py for tasks to queue
[2026-06-19T12:50:17.049+0000] {logging_mixin.py:151} INFO - [2026-06-19T12:50:17.048+0000] {dagbag.py:539} INFO - Filling up the DagBag from /opt/airflow/dags/binance_daily_dag.py
[2026-06-19T12:50:19.670+0000] {processor.py:839} INFO - DAG(s) dict_keys(['daily_crypto_lstm_pipeline']) retrieved from /opt/airflow/dags/binance_daily_dag.py
[2026-06-19T12:50:19.701+0000] {logging_mixin.py:151} INFO - [2026-06-19T12:50:19.700+0000] {dag.py:2915} INFO - Sync 1 DAGs
[2026-06-19T12:50:19.732+0000] {logging_mixin.py:151} INFO - [2026-06-19T12:50:19.731+0000] {dag.py:3696} INFO - Setting next_dagrun for daily_crypto_lstm_pipeline to 2026-06-19T00:02:00+00:00, run_after=2026-06-20T00:02:00+00:00
[2026-06-19T12:50:19.755+0000] {processor.py:179} INFO - Processing /opt/airflow/dags/binance_daily_dag.py took 2.713 seconds
[2026-06-19T12:50:50.242+0000] {processor.py:157} INFO - Started process (PID=14250) to work on /opt/airflow/dags/binance_daily_dag.py
[2026-06-19T12:50:50.244+0000] {processor.py:829} INFO - Processing file /opt/airflow/dags/binance_daily_dag.py for tasks to queue
[2026-06-19T12:50:50.245+0000] {logging_mixin.py:151} INFO - [2026-06-19T12:50:50.245+0000] {dagbag.py:539} INFO - Filling up the DagBag from /opt/airflow/dags/binance_daily_dag.py
[2026-06-19T12:50:53.156+0000] {processor.py:839} INFO - DAG(s) dict_keys(['daily_crypto_lstm_pipeline']) retrieved from /opt/airflow/dags/binance_daily_dag.py
[2026-06-19T12:50:53.189+0000] {logging_mixin.py:151} INFO - [2026-06-19T12:50:53.188+0000] {dag.py:2915} INFO - Sync 1 DAGs
[2026-06-19T12:50:53.214+0000] {logging_mixin.py:151} INFO - [2026-06-19T12:50:53.214+0000] {dag.py:3696} INFO - Setting next_dagrun for daily_crypto_lstm_pipeline to 2026-06-19T00:02:00+00:00, run_after=2026-06-20T00:02:00+00:00
[2026-06-19T12:50:53.279+0000] {processor.py:179} INFO - Processing /opt/airflow/dags/binance_daily_dag.py took 3.043 seconds
[2026-06-19T12:51:23.644+0000] {processor.py:157} INFO - Started process (PID=14290) to work on /opt/airflow/dags/binance_daily_dag.py
[2026-06-19T12:51:23.652+0000] {processor.py:829} INFO - Processing file /opt/airflow/dags/binance_daily_dag.py for tasks to queue
[2026-06-19T12:51:23.653+0000] {logging_mixin.py:151} INFO - [2026-06-19T12:51:23.653+0000] {dagbag.py:539} INFO - Filling up the DagBag from /opt/airflow/dags/binance_daily_dag.py
[2026-06-19T12:51:26.156+0000] {processor.py:839} INFO - DAG(s) dict_keys(['daily_crypto_lstm_pipeline']) retrieved from /opt/airflow/dags/binance_daily_dag.py
[2026-06-19T12:51:26.180+0000] {logging_mixin.py:151} INFO - [2026-06-19T12:51:26.179+0000] {dag.py:2915} INFO - Sync 1 DAGs
[2026-06-19T12:51:26.210+0000] {logging_mixin.py:151} INFO - [2026-06-19T12:51:26.209+0000] {dag.py:3696} INFO - Setting next_dagrun for daily_crypto_lstm_pipeline to 2026-06-19T00:02:00+00:00, run_after=2026-06-20T00:02:00+00:00
[2026-06-19T12:51:26.239+0000] {processor.py:179} INFO - Processing /opt/airflow/dags/binance_daily_dag.py took 2.601 seconds
[2026-06-19T12:51:56.927+0000] {processor.py:157} INFO - Started process (PID=14323) to work on /opt/airflow/dags/binance_daily_dag.py
[2026-06-19T12:51:56.931+0000] {processor.py:829} INFO - Processing file /opt/airflow/dags/binance_daily_dag.py for tasks to queue
[2026-06-19T12:51:56.932+0000] {logging_mixin.py:151} INFO - [2026-06-19T12:51:56.932+0000] {dagbag.py:539} INFO - Filling up the DagBag from /opt/airflow/dags/binance_daily_dag.py
[2026-06-19T12:51:59.570+0000] {processor.py:839} INFO - DAG(s) dict_keys(['daily_crypto_lstm_pipeline']) retrieved from /opt/airflow/dags/binance_daily_dag.py
[2026-06-19T12:51:59.594+0000] {logging_mixin.py:151} INFO - [2026-06-19T12:51:59.594+0000] {dag.py:2915} INFO - Sync 1 DAGs
[2026-06-19T12:51:59.616+0000] {logging_mixin.py:151} INFO - [2026-06-19T12:51:59.616+0000] {dag.py:3696} INFO - Setting next_dagrun for daily_crypto_lstm_pipeline to 2026-06-19T00:02:00+00:00, run_after=2026-06-20T00:02:00+00:00
[2026-06-19T12:51:59.674+0000] {processor.py:179} INFO - Processing /opt/airflow/dags/binance_daily_dag.py took 2.752 seconds
[2026-06-19T12:52:30.036+0000] {processor.py:157} INFO - Started process (PID=14356) to work on /opt/airflow/dags/binance_daily_dag.py
[2026-06-19T12:52:30.038+0000] {processor.py:829} INFO - Processing file /opt/airflow/dags/binance_daily_dag.py for tasks to queue
[2026-06-19T12:52:30.040+0000] {logging_mixin.py:151} INFO - [2026-06-19T12:52:30.039+0000] {dagbag.py:539} INFO - Filling up the DagBag from /opt/airflow/dags/binance_daily_dag.py
[2026-06-19T12:52:32.653+0000] {processor.py:839} INFO - DAG(s) dict_keys(['daily_crypto_lstm_pipeline']) retrieved from /opt/airflow/dags/binance_daily_dag.py
[2026-06-19T12:52:32.679+0000] {logging_mixin.py:151} INFO - [2026-06-19T12:52:32.678+0000] {dag.py:2915} INFO - Sync 1 DAGs
[2026-06-19T12:52:32.708+0000] {logging_mixin.py:151} INFO - [2026-06-19T12:52:32.708+0000] {dag.py:3696} INFO - Setting next_dagrun for daily_crypto_lstm_pipeline to 2026-06-19T00:02:00+00:00, run_after=2026-06-20T00:02:00+00:00
[2026-06-19T12:52:32.733+0000] {processor.py:179} INFO - Processing /opt/airflow/dags/binance_daily_dag.py took 2.703 seconds
[2026-06-19T12:53:03.307+0000] {processor.py:157} INFO - Started process (PID=14389) to work on /opt/airflow/dags/binance_daily_dag.py
[2026-06-19T12:53:03.310+0000] {processor.py:829} INFO - Processing file /opt/airflow/dags/binance_daily_dag.py for tasks to queue
[2026-06-19T12:53:03.313+0000] {logging_mixin.py:151} INFO - [2026-06-19T12:53:03.312+0000] {dagbag.py:539} INFO - Filling up the DagBag from /opt/airflow/dags/binance_daily_dag.py
[2026-06-19T12:53:05.742+0000] {processor.py:839} INFO - DAG(s) dict_keys(['daily_crypto_lstm_pipeline']) retrieved from /opt/airflow/dags/binance_daily_dag.py
[2026-06-19T12:53:05.763+0000] {logging_mixin.py:151} INFO - [2026-06-19T12:53:05.762+0000] {dag.py:2915} INFO - Sync 1 DAGs
[2026-06-19T12:53:05.784+0000] {logging_mixin.py:151} INFO - [2026-06-19T12:53:05.784+0000] {dag.py:3696} INFO - Setting next_dagrun for daily_crypto_lstm_pipeline to 2026-06-19T00:02:00+00:00, run_after=2026-06-20T00:02:00+00:00
[2026-06-19T12:53:05.843+0000] {processor.py:179} INFO - Processing /opt/airflow/dags/binance_daily_dag.py took 2.541 seconds
[2026-06-19T12:53:36.469+0000] {processor.py:157} INFO - Started process (PID=14422) to work on /opt/airflow/dags/binance_daily_dag.py
[2026-06-19T12:53:36.470+0000] {processor.py:829} INFO - Processing file /opt/airflow/dags/binance_daily_dag.py for tasks to queue
[2026-06-19T12:53:36.471+0000] {logging_mixin.py:151} INFO - [2026-06-19T12:53:36.471+0000] {dagbag.py:539} INFO - Filling up the DagBag from /opt/airflow/dags/binance_daily_dag.py
[2026-06-19T12:53:39.320+0000] {processor.py:839} INFO - DAG(s) dict_keys(['daily_crypto_lstm_pipeline']) retrieved from /opt/airflow/dags/binance_daily_dag.py
[2026-06-19T12:53:39.346+0000] {logging_mixin.py:151} INFO - [2026-06-19T12:53:39.346+0000] {dag.py:2915} INFO - Sync 1 DAGs
[2026-06-19T12:53:39.376+0000] {logging_mixin.py:151} INFO - [2026-06-19T12:53:39.376+0000] {dag.py:3696} INFO - Setting next_dagrun for daily_crypto_lstm_pipeline to 2026-06-19T00:02:00+00:00, run_after=2026-06-20T00:02:00+00:00
[2026-06-19T12:53:39.395+0000] {processor.py:179} INFO - Processing /opt/airflow/dags/binance_daily_dag.py took 2.929 seconds
[2026-06-19T12:54:10.014+0000] {processor.py:157} INFO - Started process (PID=14455) to work on /opt/airflow/dags/binance_daily_dag.py
[2026-06-19T12:54:10.015+0000] {processor.py:829} INFO - Processing file /opt/airflow/dags/binance_daily_dag.py for tasks to queue
[2026-06-19T12:54:10.016+0000] {logging_mixin.py:151} INFO - [2026-06-19T12:54:10.016+0000] {dagbag.py:539} INFO - Filling up the DagBag from /opt/airflow/dags/binance_daily_dag.py
[2026-06-19T12:54:12.479+0000] {processor.py:839} INFO - DAG(s) dict_keys(['daily_crypto_lstm_pipeline']) retrieved from /opt/airflow/dags/binance_daily_dag.py
[2026-06-19T12:54:12.504+0000] {logging_mixin.py:151} INFO - [2026-06-19T12:54:12.503+0000] {dag.py:2915} INFO - Sync 1 DAGs
[2026-06-19T12:54:12.529+0000] {logging_mixin.py:151} INFO - [2026-06-19T12:54:12.528+0000] {dag.py:3696} INFO - Setting next_dagrun for daily_crypto_lstm_pipeline to 2026-06-19T00:02:00+00:00, run_after=2026-06-20T00:02:00+00:00
[2026-06-19T12:54:12.596+0000] {processor.py:179} INFO - Processing /opt/airflow/dags/binance_daily_dag.py took 2.587 seconds
[2026-06-19T12:54:43.523+0000] {processor.py:157} INFO - Started process (PID=14488) to work on /opt/airflow/dags/binance_daily_dag.py
[2026-06-19T12:54:43.525+0000] {processor.py:829} INFO - Processing file /opt/airflow/dags/binance_daily_dag.py for tasks to queue
[2026-06-19T12:54:43.527+0000] {logging_mixin.py:151} INFO - [2026-06-19T12:54:43.526+0000] {dagbag.py:539} INFO - Filling up the DagBag from /opt/airflow/dags/binance_daily_dag.py
[2026-06-19T12:54:45.813+0000] {processor.py:839} INFO - DAG(s) dict_keys(['daily_crypto_lstm_pipeline']) retrieved from /opt/airflow/dags/binance_daily_dag.py
[2026-06-19T12:54:45.834+0000] {logging_mixin.py:151} INFO - [2026-06-19T12:54:45.833+0000] {dag.py:2915} INFO - Sync 1 DAGs
[2026-06-19T12:54:45.857+0000] {logging_mixin.py:151} INFO - [2026-06-19T12:54:45.856+0000] {dag.py:3696} INFO - Setting next_dagrun for daily_crypto_lstm_pipeline to 2026-06-19T00:02:00+00:00, run_after=2026-06-20T00:02:00+00:00
[2026-06-19T12:54:45.914+0000] {processor.py:179} INFO - Processing /opt/airflow/dags/binance_daily_dag.py took 2.398 seconds
[2026-06-19T12:55:16.405+0000] {processor.py:157} INFO - Started process (PID=14521) to work on /opt/airflow/dags/binance_daily_dag.py
[2026-06-19T12:55:16.407+0000] {processor.py:829} INFO - Processing file /opt/airflow/dags/binance_daily_dag.py for tasks to queue
[2026-06-19T12:55:16.408+0000] {logging_mixin.py:151} INFO - [2026-06-19T12:55:16.407+0000] {dagbag.py:539} INFO - Filling up the DagBag from /opt/airflow/dags/binance_daily_dag.py
[2026-06-19T12:55:18.858+0000] {processor.py:839} INFO - DAG(s) dict_keys(['daily_crypto_lstm_pipeline']) retrieved from /opt/airflow/dags/binance_daily_dag.py
[2026-06-19T12:55:18.889+0000] {logging_mixin.py:151} INFO - [2026-06-19T12:55:18.889+0000] {dag.py:2915} INFO - Sync 1 DAGs
[2026-06-19T12:55:18.907+0000] {logging_mixin.py:151} INFO - [2026-06-19T12:55:18.906+0000] {dag.py:3696} INFO - Setting next_dagrun for daily_crypto_lstm_pipeline to 2026-06-19T00:02:00+00:00, run_after=2026-06-20T00:02:00+00:00
[2026-06-19T12:55:18.924+0000] {processor.py:179} INFO - Processing /opt/airflow/dags/binance_daily_dag.py took 2.524 seconds
[2026-06-19T12:55:49.551+0000] {processor.py:157} INFO - Started process (PID=14554) to work on /opt/airflow/dags/binance_daily_dag.py
[2026-06-19T12:55:49.554+0000] {processor.py:829} INFO - Processing file /opt/airflow/dags/binance_daily_dag.py for tasks to queue
[2026-06-19T12:55:49.555+0000] {logging_mixin.py:151} INFO - [2026-06-19T12:55:49.554+0000] {dagbag.py:539} INFO - Filling up the DagBag from /opt/airflow/dags/binance_daily_dag.py
[2026-06-19T12:55:51.951+0000] {processor.py:839} INFO - DAG(s) dict_keys(['daily_crypto_lstm_pipeline']) retrieved from /opt/airflow/dags/binance_daily_dag.py
[2026-06-19T12:55:51.976+0000] {logging_mixin.py:151} INFO - [2026-06-19T12:55:51.976+0000] {dag.py:2915} INFO - Sync 1 DAGs
[2026-06-19T12:55:52.007+0000] {logging_mixin.py:151} INFO - [2026-06-19T12:55:52.007+0000] {dag.py:3696} INFO - Setting next_dagrun for daily_crypto_lstm_pipeline to 2026-06-19T00:02:00+00:00, run_after=2026-06-20T00:02:00+00:00
[2026-06-19T12:55:52.094+0000] {processor.py:179} INFO - Processing /opt/airflow/dags/binance_daily_dag.py took 2.547 seconds
[2026-06-19T12:56:22.501+0000] {processor.py:157} INFO - Started process (PID=14594) to work on /opt/airflow/dags/binance_daily_dag.py
[2026-06-19T12:56:22.504+0000] {processor.py:829} INFO - Processing file /opt/airflow/dags/binance_daily_dag.py for tasks to queue
[2026-06-19T12:56:22.505+0000] {logging_mixin.py:151} INFO - [2026-06-19T12:56:22.504+0000] {dagbag.py:539} INFO - Filling up the DagBag from /opt/airflow/dags/binance_daily_dag.py
[2026-06-19T12:56:24.919+0000] {processor.py:839} INFO - DAG(s) dict_keys(['daily_crypto_lstm_pipeline']) retrieved from /opt/airflow/dags/binance_daily_dag.py
[2026-06-19T12:56:24.941+0000] {logging_mixin.py:151} INFO - [2026-06-19T12:56:24.940+0000] {dag.py:2915} INFO - Sync 1 DAGs
[2026-06-19T12:56:24.962+0000] {logging_mixin.py:151} INFO - [2026-06-19T12:56:24.962+0000] {dag.py:3696} INFO - Setting next_dagrun for daily_crypto_lstm_pipeline to 2026-06-19T00:02:00+00:00, run_after=2026-06-20T00:02:00+00:00
[2026-06-19T12:56:24.980+0000] {processor.py:179} INFO - Processing /opt/airflow/dags/binance_daily_dag.py took 2.483 seconds
[2026-06-19T12:56:55.310+0000] {processor.py:157} INFO - Started process (PID=14632) to work on /opt/airflow/dags/binance_daily_dag.py
[2026-06-19T12:56:55.311+0000] {processor.py:829} INFO - Processing file /opt/airflow/dags/binance_daily_dag.py for tasks to queue
[2026-06-19T12:56:55.312+0000] {logging_mixin.py:151} INFO - [2026-06-19T12:56:55.312+0000] {dagbag.py:539} INFO - Filling up the DagBag from /opt/airflow/dags/binance_daily_dag.py
[2026-06-19T12:56:57.781+0000] {processor.py:839} INFO - DAG(s) dict_keys(['daily_crypto_lstm_pipeline']) retrieved from /opt/airflow/dags/binance_daily_dag.py
[2026-06-19T12:56:57.815+0000] {logging_mixin.py:151} INFO - [2026-06-19T12:56:57.814+0000] {dag.py:2915} INFO - Sync 1 DAGs
[2026-06-19T12:56:57.842+0000] {logging_mixin.py:151} INFO - [2026-06-19T12:56:57.841+0000] {dag.py:3696} INFO - Setting next_dagrun for daily_crypto_lstm_pipeline to 2026-06-19T00:02:00+00:00, run_after=2026-06-20T00:02:00+00:00
[2026-06-19T12:56:57.869+0000] {processor.py:179} INFO - Processing /opt/airflow/dags/binance_daily_dag.py took 2.562 seconds
[2026-06-19T12:57:28.228+0000] {processor.py:157} INFO - Started process (PID=14665) to work on /opt/airflow/dags/binance_daily_dag.py
[2026-06-19T12:57:28.230+0000] {processor.py:829} INFO - Processing file /opt/airflow/dags/binance_daily_dag.py for tasks to queue
[2026-06-19T12:57:28.230+0000] {logging_mixin.py:151} INFO - [2026-06-19T12:57:28.230+0000] {dagbag.py:539} INFO - Filling up the DagBag from /opt/airflow/dags/binance_daily_dag.py
[2026-06-19T12:57:31.232+0000] {processor.py:839} INFO - DAG(s) dict_keys(['daily_crypto_lstm_pipeline']) retrieved from /opt/airflow/dags/binance_daily_dag.py
[2026-06-19T12:57:31.262+0000] {logging_mixin.py:151} INFO - [2026-06-19T12:57:31.262+0000] {dag.py:2915} INFO - Sync 1 DAGs
[2026-06-19T12:57:31.292+0000] {logging_mixin.py:151} INFO - [2026-06-19T12:57:31.292+0000] {dag.py:3696} INFO - Setting next_dagrun for daily_crypto_lstm_pipeline to 2026-06-19T00:02:00+00:00, run_after=2026-06-20T00:02:00+00:00
[2026-06-19T12:57:31.320+0000] {processor.py:179} INFO - Processing /opt/airflow/dags/binance_daily_dag.py took 3.096 seconds
[2026-06-19T12:58:01.750+0000] {processor.py:157} INFO - Started process (PID=14701) to work on /opt/airflow/dags/binance_daily_dag.py
[2026-06-19T12:58:01.752+0000] {processor.py:829} INFO - Processing file /opt/airflow/dags/binance_daily_dag.py for tasks to queue
[2026-06-19T12:58:01.753+0000] {logging_mixin.py:151} INFO - [2026-06-19T12:58:01.752+0000] {dagbag.py:539} INFO - Filling up the DagBag from /opt/airflow/dags/binance_daily_dag.py
[2026-06-19T12:58:04.126+0000] {processor.py:839} INFO - DAG(s) dict_keys(['daily_crypto_lstm_pipeline']) retrieved from /opt/airflow/dags/binance_daily_dag.py
[2026-06-19T12:58:04.147+0000] {logging_mixin.py:151} INFO - [2026-06-19T12:58:04.147+0000] {dag.py:2915} INFO - Sync 1 DAGs
[2026-06-19T12:58:04.169+0000] {logging_mixin.py:151} INFO - [2026-06-19T12:58:04.169+0000] {dag.py:3696} INFO - Setting next_dagrun for daily_crypto_lstm_pipeline to 2026-06-19T00:02:00+00:00, run_after=2026-06-20T00:02:00+00:00
[2026-06-19T12:58:04.186+0000] {processor.py:179} INFO - Processing /opt/airflow/dags/binance_daily_dag.py took 2.442 seconds
[2026-06-19T12:58:34.546+0000] {processor.py:157} INFO - Started process (PID=14734) to work on /opt/airflow/dags/binance_daily_dag.py
[2026-06-19T12:58:34.548+0000] {processor.py:829} INFO - Processing file /opt/airflow/dags/binance_daily_dag.py for tasks to queue
[2026-06-19T12:58:34.549+0000] {logging_mixin.py:151} INFO - [2026-06-19T12:58:34.549+0000] {dagbag.py:539} INFO - Filling up the DagBag from /opt/airflow/dags/binance_daily_dag.py
[2026-06-19T12:58:37.044+0000] {processor.py:839} INFO - DAG(s) dict_keys(['daily_crypto_lstm_pipeline']) retrieved from /opt/airflow/dags/binance_daily_dag.py
[2026-06-19T12:58:37.085+0000] {logging_mixin.py:151} INFO - [2026-06-19T12:58:37.084+0000] {dag.py:2915} INFO - Sync 1 DAGs
[2026-06-19T12:58:37.111+0000] {logging_mixin.py:151} INFO - [2026-06-19T12:58:37.111+0000] {dag.py:3696} INFO - Setting next_dagrun for daily_crypto_lstm_pipeline to 2026-06-19T00:02:00+00:00, run_after=2026-06-20T00:02:00+00:00
[2026-06-19T12:58:37.135+0000] {processor.py:179} INFO - Processing /opt/airflow/dags/binance_daily_dag.py took 2.593 seconds
[2026-06-19T12:59:07.425+0000] {processor.py:157} INFO - Started process (PID=14767) to work on /opt/airflow/dags/binance_daily_dag.py
[2026-06-19T12:59:07.427+0000] {processor.py:829} INFO - Processing file /opt/airflow/dags/binance_daily_dag.py for tasks to queue
[2026-06-19T12:59:07.428+0000] {logging_mixin.py:151} INFO - [2026-06-19T12:59:07.428+0000] {dagbag.py:539} INFO - Filling up the DagBag from /opt/airflow/dags/binance_daily_dag.py
[2026-06-19T12:59:09.911+0000] {processor.py:839} INFO - DAG(s) dict_keys(['daily_crypto_lstm_pipeline']) retrieved from /opt/airflow/dags/binance_daily_dag.py
[2026-06-19T12:59:09.930+0000] {logging_mixin.py:151} INFO - [2026-06-19T12:59:09.929+0000] {dag.py:2915} INFO - Sync 1 DAGs
[2026-06-19T12:59:09.949+0000] {logging_mixin.py:151} INFO - [2026-06-19T12:59:09.949+0000] {dag.py:3696} INFO - Setting next_dagrun for daily_crypto_lstm_pipeline to 2026-06-19T00:02:00+00:00, run_after=2026-06-20T00:02:00+00:00
[2026-06-19T12:59:10.005+0000] {processor.py:179} INFO - Processing /opt/airflow/dags/binance_daily_dag.py took 2.585 seconds
[2026-06-19T12:59:40.324+0000] {processor.py:157} INFO - Started process (PID=14803) to work on /opt/airflow/dags/binance_daily_dag.py
[2026-06-19T12:59:40.326+0000] {processor.py:829} INFO - Processing file /opt/airflow/dags/binance_daily_dag.py for tasks to queue
[2026-06-19T12:59:40.327+0000] {logging_mixin.py:151} INFO - [2026-06-19T12:59:40.326+0000] {dagbag.py:539} INFO - Filling up the DagBag from /opt/airflow/dags/binance_daily_dag.py
[2026-06-19T12:59:42.804+0000] {processor.py:839} INFO - DAG(s) dict_keys(['daily_crypto_lstm_pipeline']) retrieved from /opt/airflow/dags/binance_daily_dag.py
[2026-06-19T12:59:42.823+0000] {logging_mixin.py:151} INFO - [2026-06-19T12:59:42.823+0000] {dag.py:2915} INFO - Sync 1 DAGs
[2026-06-19T12:59:42.843+0000] {logging_mixin.py:151} INFO - [2026-06-19T12:59:42.843+0000] {dag.py:3696} INFO - Setting next_dagrun for daily_crypto_lstm_pipeline to 2026-06-19T00:02:00+00:00, run_after=2026-06-20T00:02:00+00:00
[2026-06-19T12:59:42.861+0000] {processor.py:179} INFO - Processing /opt/airflow/dags/binance_daily_dag.py took 2.540 seconds
[2026-06-19T13:00:13.583+0000] {processor.py:157} INFO - Started process (PID=14837) to work on /opt/airflow/dags/binance_daily_dag.py
[2026-06-19T13:00:13.584+0000] {processor.py:829} INFO - Processing file /opt/airflow/dags/binance_daily_dag.py for tasks to queue
[2026-06-19T13:00:13.585+0000] {logging_mixin.py:151} INFO - [2026-06-19T13:00:13.585+0000] {dagbag.py:539} INFO - Filling up the DagBag from /opt/airflow/dags/binance_daily_dag.py
[2026-06-19T13:00:15.890+0000] {processor.py:839} INFO - DAG(s) dict_keys(['daily_crypto_lstm_pipeline']) retrieved from /opt/airflow/dags/binance_daily_dag.py
[2026-06-19T13:00:15.911+0000] {logging_mixin.py:151} INFO - [2026-06-19T13:00:15.911+0000] {dag.py:2915} INFO - Sync 1 DAGs
[2026-06-19T13:00:15.930+0000] {logging_mixin.py:151} INFO - [2026-06-19T13:00:15.930+0000] {dag.py:3696} INFO - Setting next_dagrun for daily_crypto_lstm_pipeline to 2026-06-19T00:02:00+00:00, run_after=2026-06-20T00:02:00+00:00
[2026-06-19T13:00:15.948+0000] {processor.py:179} INFO - Processing /opt/airflow/dags/binance_daily_dag.py took 2.369 seconds
[2026-06-19T13:00:46.067+0000] {processor.py:157} INFO - Started process (PID=14864) to work on /opt/airflow/dags/binance_daily_dag.py
[2026-06-19T13:00:46.069+0000] {processor.py:829} INFO - Processing file /opt/airflow/dags/binance_daily_dag.py for tasks to queue
[2026-06-19T13:00:46.070+0000] {logging_mixin.py:151} INFO - [2026-06-19T13:00:46.069+0000] {dagbag.py:539} INFO - Filling up the DagBag from /opt/airflow/dags/binance_daily_dag.py
[2026-06-19T13:00:48.704+0000] {processor.py:839} INFO - DAG(s) dict_keys(['daily_crypto_lstm_pipeline']) retrieved from /opt/airflow/dags/binance_daily_dag.py
[2026-06-19T13:00:48.727+0000] {logging_mixin.py:151} INFO - [2026-06-19T13:00:48.727+0000] {dag.py:2915} INFO - Sync 1 DAGs
[2026-06-19T13:00:48.752+0000] {logging_mixin.py:151} INFO - [2026-06-19T13:00:48.752+0000] {dag.py:3696} INFO - Setting next_dagrun for daily_crypto_lstm_pipeline to 2026-06-19T00:02:00+00:00, run_after=2026-06-20T00:02:00+00:00
[2026-06-19T13:00:48.816+0000] {processor.py:179} INFO - Processing /opt/airflow/dags/binance_daily_dag.py took 2.752 seconds
[2026-06-19T13:01:19.179+0000] {processor.py:157} INFO - Started process (PID=14897) to work on /opt/airflow/dags/binance_daily_dag.py
[2026-06-19T13:01:19.181+0000] {processor.py:829} INFO - Processing file /opt/airflow/dags/binance_daily_dag.py for tasks to queue
[2026-06-19T13:01:19.182+0000] {logging_mixin.py:151} INFO - [2026-06-19T13:01:19.182+0000] {dagbag.py:539} INFO - Filling up the DagBag from /opt/airflow/dags/binance_daily_dag.py
[2026-06-19T13:01:21.598+0000] {processor.py:839} INFO - DAG(s) dict_keys(['daily_crypto_lstm_pipeline']) retrieved from /opt/airflow/dags/binance_daily_dag.py
[2026-06-19T13:01:21.623+0000] {logging_mixin.py:151} INFO - [2026-06-19T13:01:21.622+0000] {dag.py:2915} INFO - Sync 1 DAGs
[2026-06-19T13:01:21.645+0000] {logging_mixin.py:151} INFO - [2026-06-19T13:01:21.644+0000] {dag.py:3696} INFO - Setting next_dagrun for daily_crypto_lstm_pipeline to 2026-06-19T00:02:00+00:00, run_after=2026-06-20T00:02:00+00:00
[2026-06-19T13:01:21.704+0000] {processor.py:179} INFO - Processing /opt/airflow/dags/binance_daily_dag.py took 2.531 seconds
[2026-06-19T13:01:52.012+0000] {processor.py:157} INFO - Started process (PID=14930) to work on /opt/airflow/dags/binance_daily_dag.py
[2026-06-19T13:01:52.014+0000] {processor.py:829} INFO - Processing file /opt/airflow/dags/binance_daily_dag.py for tasks to queue
[2026-06-19T13:01:52.015+0000] {logging_mixin.py:151} INFO - [2026-06-19T13:01:52.015+0000] {dagbag.py:539} INFO - Filling up the DagBag from /opt/airflow/dags/binance_daily_dag.py
[2026-06-19T13:01:54.408+0000] {processor.py:839} INFO - DAG(s) dict_keys(['daily_crypto_lstm_pipeline']) retrieved from /opt/airflow/dags/binance_daily_dag.py
[2026-06-19T13:01:54.441+0000] {logging_mixin.py:151} INFO - [2026-06-19T13:01:54.440+0000] {dag.py:2915} INFO - Sync 1 DAGs
[2026-06-19T13:01:54.470+0000] {logging_mixin.py:151} INFO - [2026-06-19T13:01:54.470+0000] {dag.py:3696} INFO - Setting next_dagrun for daily_crypto_lstm_pipeline to 2026-06-19T00:02:00+00:00, run_after=2026-06-20T00:02:00+00:00
[2026-06-19T13:01:54.496+0000] {processor.py:179} INFO - Processing /opt/airflow/dags/binance_daily_dag.py took 2.489 seconds
[2026-06-19T13:02:25.123+0000] {processor.py:157} INFO - Started process (PID=14970) to work on /opt/airflow/dags/binance_daily_dag.py
[2026-06-19T13:02:25.124+0000] {processor.py:829} INFO - Processing file /opt/airflow/dags/binance_daily_dag.py for tasks to queue
[2026-06-19T13:02:25.125+0000] {logging_mixin.py:151} INFO - [2026-06-19T13:02:25.125+0000] {dagbag.py:539} INFO - Filling up the DagBag from /opt/airflow/dags/binance_daily_dag.py
[2026-06-19T13:02:27.488+0000] {processor.py:839} INFO - DAG(s) dict_keys(['daily_crypto_lstm_pipeline']) retrieved from /opt/airflow/dags/binance_daily_dag.py
[2026-06-19T13:02:27.511+0000] {logging_mixin.py:151} INFO - [2026-06-19T13:02:27.510+0000] {dag.py:2915} INFO - Sync 1 DAGs
[2026-06-19T13:02:27.534+0000] {logging_mixin.py:151} INFO - [2026-06-19T13:02:27.534+0000] {dag.py:3696} INFO - Setting next_dagrun for daily_crypto_lstm_pipeline to 2026-06-19T00:02:00+00:00, run_after=2026-06-20T00:02:00+00:00
[2026-06-19T13:02:27.560+0000] {processor.py:179} INFO - Processing /opt/airflow/dags/binance_daily_dag.py took 2.441 seconds
[2026-06-19T13:02:57.875+0000] {processor.py:157} INFO - Started process (PID=15003) to work on /opt/airflow/dags/binance_daily_dag.py
[2026-06-19T13:02:57.876+0000] {processor.py:829} INFO - Processing file /opt/airflow/dags/binance_daily_dag.py for tasks to queue
[2026-06-19T13:02:57.877+0000] {logging_mixin.py:151} INFO - [2026-06-19T13:02:57.877+0000] {dagbag.py:539} INFO - Filling up the DagBag from /opt/airflow/dags/binance_daily_dag.py
[2026-06-19T13:03:00.360+0000] {processor.py:839} INFO - DAG(s) dict_keys(['daily_crypto_lstm_pipeline']) retrieved from /opt/airflow/dags/binance_daily_dag.py
[2026-06-19T13:03:00.387+0000] {logging_mixin.py:151} INFO - [2026-06-19T13:03:00.387+0000] {dag.py:2915} INFO - Sync 1 DAGs
[2026-06-19T13:03:00.416+0000] {logging_mixin.py:151} INFO - [2026-06-19T13:03:00.415+0000] {dag.py:3696} INFO - Setting next_dagrun for daily_crypto_lstm_pipeline to 2026-06-19T00:02:00+00:00, run_after=2026-06-20T00:02:00+00:00
[2026-06-19T13:03:00.465+0000] {processor.py:179} INFO - Processing /opt/airflow/dags/binance_daily_dag.py took 2.593 seconds
[2026-06-19T13:03:30.853+0000] {processor.py:157} INFO - Started process (PID=15036) to work on /opt/airflow/dags/binance_daily_dag.py
[2026-06-19T13:03:30.854+0000] {processor.py:829} INFO - Processing file /opt/airflow/dags/binance_daily_dag.py for tasks to queue
[2026-06-19T13:03:30.855+0000] {logging_mixin.py:151} INFO - [2026-06-19T13:03:30.855+0000] {dagbag.py:539} INFO - Filling up the DagBag from /opt/airflow/dags/binance_daily_dag.py
[2026-06-19T13:03:33.126+0000] {processor.py:839} INFO - DAG(s) dict_keys(['daily_crypto_lstm_pipeline']) retrieved from /opt/airflow/dags/binance_daily_dag.py
[2026-06-19T13:03:33.150+0000] {logging_mixin.py:151} INFO - [2026-06-19T13:03:33.150+0000] {dag.py:2915} INFO - Sync 1 DAGs
[2026-06-19T13:03:33.172+0000] {logging_mixin.py:151} INFO - [2026-06-19T13:03:33.171+0000] {dag.py:3696} INFO - Setting next_dagrun for daily_crypto_lstm_pipeline to 2026-06-19T00:02:00+00:00, run_after=2026-06-20T00:02:00+00:00
[2026-06-19T13:03:33.232+0000] {processor.py:179} INFO - Processing /opt/airflow/dags/binance_daily_dag.py took 2.384 seconds
[2026-06-19T13:04:03.965+0000] {processor.py:157} INFO - Started process (PID=15074) to work on /opt/airflow/dags/binance_daily_dag.py
[2026-06-19T13:04:03.966+0000] {processor.py:829} INFO - Processing file /opt/airflow/dags/binance_daily_dag.py for tasks to queue
[2026-06-19T13:04:03.968+0000] {logging_mixin.py:151} INFO - [2026-06-19T13:04:03.967+0000] {dagbag.py:539} INFO - Filling up the DagBag from /opt/airflow/dags/binance_daily_dag.py
[2026-06-19T13:04:06.585+0000] {processor.py:839} INFO - DAG(s) dict_keys(['daily_crypto_lstm_pipeline']) retrieved from /opt/airflow/dags/binance_daily_dag.py
[2026-06-19T13:04:06.607+0000] {logging_mixin.py:151} INFO - [2026-06-19T13:04:06.606+0000] {dag.py:2915} INFO - Sync 1 DAGs
[2026-06-19T13:04:06.628+0000] {logging_mixin.py:151} INFO - [2026-06-19T13:04:06.628+0000] {dag.py:3696} INFO - Setting next_dagrun for daily_crypto_lstm_pipeline to 2026-06-19T00:02:00+00:00, run_after=2026-06-20T00:02:00+00:00
[2026-06-19T13:04:06.648+0000] {processor.py:179} INFO - Processing /opt/airflow/dags/binance_daily_dag.py took 2.688 seconds
[2026-06-19T13:04:37.326+0000] {processor.py:157} INFO - Started process (PID=15107) to work on /opt/airflow/dags/binance_daily_dag.py
[2026-06-19T13:04:37.328+0000] {processor.py:829} INFO - Processing file /opt/airflow/dags/binance_daily_dag.py for tasks to queue
[2026-06-19T13:04:37.329+0000] {logging_mixin.py:151} INFO - [2026-06-19T13:04:37.329+0000] {dagbag.py:539} INFO - Filling up the DagBag from /opt/airflow/dags/binance_daily_dag.py
[2026-06-19T13:04:39.699+0000] {processor.py:839} INFO - DAG(s) dict_keys(['daily_crypto_lstm_pipeline']) retrieved from /opt/airflow/dags/binance_daily_dag.py
[2026-06-19T13:04:39.719+0000] {logging_mixin.py:151} INFO - [2026-06-19T13:04:39.718+0000] {dag.py:2915} INFO - Sync 1 DAGs
[2026-06-19T13:04:39.737+0000] {logging_mixin.py:151} INFO - [2026-06-19T13:04:39.737+0000] {dag.py:3696} INFO - Setting next_dagrun for daily_crypto_lstm_pipeline to 2026-06-19T00:02:00+00:00, run_after=2026-06-20T00:02:00+00:00
[2026-06-19T13:04:39.758+0000] {processor.py:179} INFO - Processing /opt/airflow/dags/binance_daily_dag.py took 2.437 seconds
[2026-06-19T13:05:10.129+0000] {processor.py:157} INFO - Started process (PID=15140) to work on /opt/airflow/dags/binance_daily_dag.py
[2026-06-19T13:05:10.131+0000] {processor.py:829} INFO - Processing file /opt/airflow/dags/binance_daily_dag.py for tasks to queue
[2026-06-19T13:05:10.132+0000] {logging_mixin.py:151} INFO - [2026-06-19T13:05:10.132+0000] {dagbag.py:539} INFO - Filling up the DagBag from /opt/airflow/dags/binance_daily_dag.py
[2026-06-19T13:05:12.483+0000] {processor.py:839} INFO - DAG(s) dict_keys(['daily_crypto_lstm_pipeline']) retrieved from /opt/airflow/dags/binance_daily_dag.py
[2026-06-19T13:05:12.510+0000] {logging_mixin.py:151} INFO - [2026-06-19T13:05:12.510+0000] {dag.py:2915} INFO - Sync 1 DAGs
[2026-06-19T13:05:12.536+0000] {logging_mixin.py:151} INFO - [2026-06-19T13:05:12.536+0000] {dag.py:3696} INFO - Setting next_dagrun for daily_crypto_lstm_pipeline to 2026-06-19T00:02:00+00:00, run_after=2026-06-20T00:02:00+00:00
[2026-06-19T13:05:12.577+0000] {processor.py:179} INFO - Processing /opt/airflow/dags/binance_daily_dag.py took 2.454 seconds
[2026-06-19T13:05:43.402+0000] {processor.py:157} INFO - Started process (PID=15173) to work on /opt/airflow/dags/binance_daily_dag.py
[2026-06-19T13:05:43.404+0000] {processor.py:829} INFO - Processing file /opt/airflow/dags/binance_daily_dag.py for tasks to queue
[2026-06-19T13:05:43.405+0000] {logging_mixin.py:151} INFO - [2026-06-19T13:05:43.405+0000] {dagbag.py:539} INFO - Filling up the DagBag from /opt/airflow/dags/binance_daily_dag.py
[2026-06-19T13:05:45.678+0000] {processor.py:839} INFO - DAG(s) dict_keys(['daily_crypto_lstm_pipeline']) retrieved from /opt/airflow/dags/binance_daily_dag.py
[2026-06-19T13:05:45.698+0000] {logging_mixin.py:151} INFO - [2026-06-19T13:05:45.698+0000] {dag.py:2915} INFO - Sync 1 DAGs
[2026-06-19T13:05:45.722+0000] {logging_mixin.py:151} INFO - [2026-06-19T13:05:45.722+0000] {dag.py:3696} INFO - Setting next_dagrun for daily_crypto_lstm_pipeline to 2026-06-19T00:02:00+00:00, run_after=2026-06-20T00:02:00+00:00
[2026-06-19T13:05:45.783+0000] {processor.py:179} INFO - Processing /opt/airflow/dags/binance_daily_dag.py took 2.386 seconds
[2026-06-19T13:06:16.519+0000] {processor.py:157} INFO - Started process (PID=15207) to work on /opt/airflow/dags/binance_daily_dag.py
[2026-06-19T13:06:16.520+0000] {processor.py:829} INFO - Processing file /opt/airflow/dags/binance_daily_dag.py for tasks to queue
[2026-06-19T13:06:16.521+0000] {logging_mixin.py:151} INFO - [2026-06-19T13:06:16.521+0000] {dagbag.py:539} INFO - Filling up the DagBag from /opt/airflow/dags/binance_daily_dag.py
[2026-06-19T13:06:19.017+0000] {processor.py:839} INFO - DAG(s) dict_keys(['daily_crypto_lstm_pipeline']) retrieved from /opt/airflow/dags/binance_daily_dag.py
[2026-06-19T13:06:19.038+0000] {logging_mixin.py:151} INFO - [2026-06-19T13:06:19.038+0000] {dag.py:2915} INFO - Sync 1 DAGs
[2026-06-19T13:06:19.066+0000] {logging_mixin.py:151} INFO - [2026-06-19T13:06:19.066+0000] {dag.py:3696} INFO - Setting next_dagrun for daily_crypto_lstm_pipeline to 2026-06-19T00:02:00+00:00, run_after=2026-06-20T00:02:00+00:00
[2026-06-19T13:06:19.086+0000] {processor.py:179} INFO - Processing /opt/airflow/dags/binance_daily_dag.py took 2.571 seconds
[2026-06-19T13:06:49.661+0000] {processor.py:157} INFO - Started process (PID=15240) to work on /opt/airflow/dags/binance_daily_dag.py
[2026-06-19T13:06:49.662+0000] {processor.py:829} INFO - Processing file /opt/airflow/dags/binance_daily_dag.py for tasks to queue
[2026-06-19T13:06:49.663+0000] {logging_mixin.py:151} INFO - [2026-06-19T13:06:49.663+0000] {dagbag.py:539} INFO - Filling up the DagBag from /opt/airflow/dags/binance_daily_dag.py
[2026-06-19T13:06:52.030+0000] {processor.py:839} INFO - DAG(s) dict_keys(['daily_crypto_lstm_pipeline']) retrieved from /opt/airflow/dags/binance_daily_dag.py
[2026-06-19T13:06:52.059+0000] {logging_mixin.py:151} INFO - [2026-06-19T13:06:52.058+0000] {dag.py:2915} INFO - Sync 1 DAGs
[2026-06-19T13:06:52.087+0000] {logging_mixin.py:151} INFO - [2026-06-19T13:06:52.087+0000] {dag.py:3696} INFO - Setting next_dagrun for daily_crypto_lstm_pipeline to 2026-06-19T00:02:00+00:00, run_after=2026-06-20T00:02:00+00:00
[2026-06-19T13:06:52.112+0000] {processor.py:179} INFO - Processing /opt/airflow/dags/binance_daily_dag.py took 2.457 seconds
[2026-06-19T13:07:22.864+0000] {processor.py:157} INFO - Started process (PID=15273) to work on /opt/airflow/dags/binance_daily_dag.py
[2026-06-19T13:07:22.866+0000] {processor.py:829} INFO - Processing file /opt/airflow/dags/binance_daily_dag.py for tasks to queue
[2026-06-19T13:07:22.867+0000] {logging_mixin.py:151} INFO - [2026-06-19T13:07:22.866+0000] {dagbag.py:539} INFO - Filling up the DagBag from /opt/airflow/dags/binance_daily_dag.py
[2026-06-19T13:07:25.229+0000] {processor.py:839} INFO - DAG(s) dict_keys(['daily_crypto_lstm_pipeline']) retrieved from /opt/airflow/dags/binance_daily_dag.py
[2026-06-19T13:07:25.248+0000] {logging_mixin.py:151} INFO - [2026-06-19T13:07:25.247+0000] {dag.py:2915} INFO - Sync 1 DAGs
[2026-06-19T13:07:25.268+0000] {logging_mixin.py:151} INFO - [2026-06-19T13:07:25.268+0000] {dag.py:3696} INFO - Setting next_dagrun for daily_crypto_lstm_pipeline to 2026-06-19T00:02:00+00:00, run_after=2026-06-20T00:02:00+00:00
[2026-06-19T13:07:25.327+0000] {processor.py:179} INFO - Processing /opt/airflow/dags/binance_daily_dag.py took 2.467 seconds
[2026-06-19T13:07:55.668+0000] {processor.py:157} INFO - Started process (PID=15313) to work on /opt/airflow/dags/binance_daily_dag.py
[2026-06-19T13:07:55.674+0000] {processor.py:829} INFO - Processing file /opt/airflow/dags/binance_daily_dag.py for tasks to queue
[2026-06-19T13:07:55.675+0000] {logging_mixin.py:151} INFO - [2026-06-19T13:07:55.675+0000] {dagbag.py:539} INFO - Filling up the DagBag from /opt/airflow/dags/binance_daily_dag.py
[2026-06-19T13:07:58.688+0000] {processor.py:839} INFO - DAG(s) dict_keys(['daily_crypto_lstm_pipeline']) retrieved from /opt/airflow/dags/binance_daily_dag.py
[2026-06-19T13:07:58.786+0000] {logging_mixin.py:151} INFO - [2026-06-19T13:07:58.784+0000] {dag.py:2915} INFO - Sync 1 DAGs
[2026-06-19T13:07:58.878+0000] {logging_mixin.py:151} INFO - [2026-06-19T13:07:58.877+0000] {dag.py:3696} INFO - Setting next_dagrun for daily_crypto_lstm_pipeline to 2026-06-19T00:02:00+00:00, run_after=2026-06-20T00:02:00+00:00
[2026-06-19T13:07:58.954+0000] {processor.py:179} INFO - Processing /opt/airflow/dags/binance_daily_dag.py took 3.293 seconds
[2026-06-19T13:08:29.325+0000] {processor.py:157} INFO - Started process (PID=15348) to work on /opt/airflow/dags/binance_daily_dag.py
[2026-06-19T13:08:29.327+0000] {processor.py:829} INFO - Processing file /opt/airflow/dags/binance_daily_dag.py for tasks to queue
[2026-06-19T13:08:29.328+0000] {logging_mixin.py:151} INFO - [2026-06-19T13:08:29.328+0000] {dagbag.py:539} INFO - Filling up the DagBag from /opt/airflow/dags/binance_daily_dag.py
[2026-06-19T13:08:32.140+0000] {processor.py:839} INFO - DAG(s) dict_keys(['daily_crypto_lstm_pipeline']) retrieved from /opt/airflow/dags/binance_daily_dag.py
[2026-06-19T13:08:32.165+0000] {logging_mixin.py:151} INFO - [2026-06-19T13:08:32.165+0000] {dag.py:2915} INFO - Sync 1 DAGs
[2026-06-19T13:08:32.188+0000] {logging_mixin.py:151} INFO - [2026-06-19T13:08:32.188+0000] {dag.py:3696} INFO - Setting next_dagrun for daily_crypto_lstm_pipeline to 2026-06-19T00:02:00+00:00, run_after=2026-06-20T00:02:00+00:00
[2026-06-19T13:08:32.227+0000] {processor.py:179} INFO - Processing /opt/airflow/dags/binance_daily_dag.py took 2.907 seconds
[2026-06-19T13:09:02.661+0000] {processor.py:157} INFO - Started process (PID=15381) to work on /opt/airflow/dags/binance_daily_dag.py
[2026-06-19T13:09:02.663+0000] {processor.py:829} INFO - Processing file /opt/airflow/dags/binance_daily_dag.py for tasks to queue
[2026-06-19T13:09:02.664+0000] {logging_mixin.py:151} INFO - [2026-06-19T13:09:02.664+0000] {dagbag.py:539} INFO - Filling up the DagBag from /opt/airflow/dags/binance_daily_dag.py
[2026-06-19T13:09:05.041+0000] {processor.py:839} INFO - DAG(s) dict_keys(['daily_crypto_lstm_pipeline']) retrieved from /opt/airflow/dags/binance_daily_dag.py
[2026-06-19T13:09:05.067+0000] {logging_mixin.py:151} INFO - [2026-06-19T13:09:05.066+0000] {dag.py:2915} INFO - Sync 1 DAGs
[2026-06-19T13:09:05.098+0000] {logging_mixin.py:151} INFO - [2026-06-19T13:09:05.098+0000] {dag.py:3696} INFO - Setting next_dagrun for daily_crypto_lstm_pipeline to 2026-06-19T00:02:00+00:00, run_after=2026-06-20T00:02:00+00:00
[2026-06-19T13:09:05.118+0000] {processor.py:179} INFO - Processing /opt/airflow/dags/binance_daily_dag.py took 2.460 seconds
[2026-06-19T13:09:35.439+0000] {processor.py:157} INFO - Started process (PID=15414) to work on /opt/airflow/dags/binance_daily_dag.py
[2026-06-19T13:09:35.441+0000] {processor.py:829} INFO - Processing file /opt/airflow/dags/binance_daily_dag.py for tasks to queue
[2026-06-19T13:09:35.442+0000] {logging_mixin.py:151} INFO - [2026-06-19T13:09:35.441+0000] {dagbag.py:539} INFO - Filling up the DagBag from /opt/airflow/dags/binance_daily_dag.py
[2026-06-19T13:09:37.764+0000] {processor.py:839} INFO - DAG(s) dict_keys(['daily_crypto_lstm_pipeline']) retrieved from /opt/airflow/dags/binance_daily_dag.py
[2026-06-19T13:09:37.786+0000] {logging_mixin.py:151} INFO - [2026-06-19T13:09:37.785+0000] {dag.py:2915} INFO - Sync 1 DAGs
[2026-06-19T13:09:37.806+0000] {logging_mixin.py:151} INFO - [2026-06-19T13:09:37.806+0000] {dag.py:3696} INFO - Setting next_dagrun for daily_crypto_lstm_pipeline to 2026-06-19T00:02:00+00:00, run_after=2026-06-20T00:02:00+00:00
[2026-06-19T13:09:37.832+0000] {processor.py:179} INFO - Processing /opt/airflow/dags/binance_daily_dag.py took 2.397 seconds
[2026-06-19T13:10:08.337+0000] {processor.py:157} INFO - Started process (PID=15447) to work on /opt/airflow/dags/binance_daily_dag.py
[2026-06-19T13:10:08.340+0000] {processor.py:829} INFO - Processing file /opt/airflow/dags/binance_daily_dag.py for tasks to queue
[2026-06-19T13:10:08.341+0000] {logging_mixin.py:151} INFO - [2026-06-19T13:10:08.341+0000] {dagbag.py:539} INFO - Filling up the DagBag from /opt/airflow/dags/binance_daily_dag.py
[2026-06-19T13:10:11.234+0000] {processor.py:839} INFO - DAG(s) dict_keys(['daily_crypto_lstm_pipeline']) retrieved from /opt/airflow/dags/binance_daily_dag.py
[2026-06-19T13:10:11.263+0000] {logging_mixin.py:151} INFO - [2026-06-19T13:10:11.263+0000] {dag.py:2915} INFO - Sync 1 DAGs
[2026-06-19T13:10:11.290+0000] {logging_mixin.py:151} INFO - [2026-06-19T13:10:11.290+0000] {dag.py:3696} INFO - Setting next_dagrun for daily_crypto_lstm_pipeline to 2026-06-19T00:02:00+00:00, run_after=2026-06-20T00:02:00+00:00
[2026-06-19T13:10:11.355+0000] {processor.py:179} INFO - Processing /opt/airflow/dags/binance_daily_dag.py took 3.023 seconds
[2026-06-19T13:10:41.770+0000] {processor.py:157} INFO - Started process (PID=15480) to work on /opt/airflow/dags/binance_daily_dag.py
[2026-06-19T13:10:41.772+0000] {processor.py:829} INFO - Processing file /opt/airflow/dags/binance_daily_dag.py for tasks to queue
[2026-06-19T13:10:41.773+0000] {logging_mixin.py:151} INFO - [2026-06-19T13:10:41.773+0000] {dagbag.py:539} INFO - Filling up the DagBag from /opt/airflow/dags/binance_daily_dag.py
[2026-06-19T13:10:44.247+0000] {processor.py:839} INFO - DAG(s) dict_keys(['daily_crypto_lstm_pipeline']) retrieved from /opt/airflow/dags/binance_daily_dag.py
[2026-06-19T13:10:44.269+0000] {logging_mixin.py:151} INFO - [2026-06-19T13:10:44.269+0000] {dag.py:2915} INFO - Sync 1 DAGs
[2026-06-19T13:10:44.290+0000] {logging_mixin.py:151} INFO - [2026-06-19T13:10:44.290+0000] {dag.py:3696} INFO - Setting next_dagrun for daily_crypto_lstm_pipeline to 2026-06-19T00:02:00+00:00, run_after=2026-06-20T00:02:00+00:00
[2026-06-19T13:10:44.348+0000] {processor.py:179} INFO - Processing /opt/airflow/dags/binance_daily_dag.py took 2.581 seconds
[2026-06-19T13:11:14.620+0000] {processor.py:157} INFO - Started process (PID=15513) to work on /opt/airflow/dags/binance_daily_dag.py
[2026-06-19T13:11:14.622+0000] {processor.py:829} INFO - Processing file /opt/airflow/dags/binance_daily_dag.py for tasks to queue
[2026-06-19T13:11:14.623+0000] {logging_mixin.py:151} INFO - [2026-06-19T13:11:14.622+0000] {dagbag.py:539} INFO - Filling up the DagBag from /opt/airflow/dags/binance_daily_dag.py
[2026-06-19T13:11:16.959+0000] {processor.py:839} INFO - DAG(s) dict_keys(['daily_crypto_lstm_pipeline']) retrieved from /opt/airflow/dags/binance_daily_dag.py
[2026-06-19T13:11:17.010+0000] {logging_mixin.py:151} INFO - [2026-06-19T13:11:17.009+0000] {dag.py:2915} INFO - Sync 1 DAGs
[2026-06-19T13:11:17.046+0000] {logging_mixin.py:151} INFO - [2026-06-19T13:11:17.046+0000] {dag.py:3696} INFO - Setting next_dagrun for daily_crypto_lstm_pipeline to 2026-06-19T00:02:00+00:00, run_after=2026-06-20T00:02:00+00:00
[2026-06-19T13:11:17.109+0000] {processor.py:179} INFO - Processing /opt/airflow/dags/binance_daily_dag.py took 2.492 seconds
[2026-06-19T13:11:47.384+0000] {processor.py:157} INFO - Started process (PID=15546) to work on /opt/airflow/dags/binance_daily_dag.py
[2026-06-19T13:11:47.385+0000] {processor.py:829} INFO - Processing file /opt/airflow/dags/binance_daily_dag.py for tasks to queue
[2026-06-19T13:11:47.386+0000] {logging_mixin.py:151} INFO - [2026-06-19T13:11:47.386+0000] {dagbag.py:539} INFO - Filling up the DagBag from /opt/airflow/dags/binance_daily_dag.py
[2026-06-19T13:11:49.871+0000] {processor.py:839} INFO - DAG(s) dict_keys(['daily_crypto_lstm_pipeline']) retrieved from /opt/airflow/dags/binance_daily_dag.py
[2026-06-19T13:11:49.890+0000] {logging_mixin.py:151} INFO - [2026-06-19T13:11:49.890+0000] {dag.py:2915} INFO - Sync 1 DAGs
[2026-06-19T13:11:49.908+0000] {logging_mixin.py:151} INFO - [2026-06-19T13:11:49.908+0000] {dag.py:3696} INFO - Setting next_dagrun for daily_crypto_lstm_pipeline to 2026-06-19T00:02:00+00:00, run_after=2026-06-20T00:02:00+00:00
[2026-06-19T13:11:49.927+0000] {processor.py:179} INFO - Processing /opt/airflow/dags/binance_daily_dag.py took 2.547 seconds
[2026-06-19T13:12:20.198+0000] {processor.py:157} INFO - Started process (PID=15579) to work on /opt/airflow/dags/binance_daily_dag.py
[2026-06-19T13:12:20.199+0000] {processor.py:829} INFO - Processing file /opt/airflow/dags/binance_daily_dag.py for tasks to queue
[2026-06-19T13:12:20.200+0000] {logging_mixin.py:151} INFO - [2026-06-19T13:12:20.200+0000] {dagbag.py:539} INFO - Filling up the DagBag from /opt/airflow/dags/binance_daily_dag.py
[2026-06-19T13:12:22.584+0000] {processor.py:839} INFO - DAG(s) dict_keys(['daily_crypto_lstm_pipeline']) retrieved from /opt/airflow/dags/binance_daily_dag.py
[2026-06-19T13:12:22.608+0000] {logging_mixin.py:151} INFO - [2026-06-19T13:12:22.608+0000] {dag.py:2915} INFO - Sync 1 DAGs
[2026-06-19T13:12:22.637+0000] {logging_mixin.py:151} INFO - [2026-06-19T13:12:22.637+0000] {dag.py:3696} INFO - Setting next_dagrun for daily_crypto_lstm_pipeline to 2026-06-19T00:02:00+00:00, run_after=2026-06-20T00:02:00+00:00
[2026-06-19T13:12:22.673+0000] {processor.py:179} INFO - Processing /opt/airflow/dags/binance_daily_dag.py took 2.479 seconds
[2026-06-19T13:12:52.936+0000] {processor.py:157} INFO - Started process (PID=15612) to work on /opt/airflow/dags/binance_daily_dag.py
[2026-06-19T13:12:52.938+0000] {processor.py:829} INFO - Processing file /opt/airflow/dags/binance_daily_dag.py for tasks to queue
[2026-06-19T13:12:52.939+0000] {logging_mixin.py:151} INFO - [2026-06-19T13:12:52.939+0000] {dagbag.py:539} INFO - Filling up the DagBag from /opt/airflow/dags/binance_daily_dag.py
[2026-06-19T13:12:55.471+0000] {processor.py:839} INFO - DAG(s) dict_keys(['daily_crypto_lstm_pipeline']) retrieved from /opt/airflow/dags/binance_daily_dag.py
[2026-06-19T13:12:55.494+0000] {logging_mixin.py:151} INFO - [2026-06-19T13:12:55.493+0000] {dag.py:2915} INFO - Sync 1 DAGs
[2026-06-19T13:12:55.514+0000] {logging_mixin.py:151} INFO - [2026-06-19T13:12:55.514+0000] {dag.py:3696} INFO - Setting next_dagrun for daily_crypto_lstm_pipeline to 2026-06-19T00:02:00+00:00, run_after=2026-06-20T00:02:00+00:00
[2026-06-19T13:12:55.536+0000] {processor.py:179} INFO - Processing /opt/airflow/dags/binance_daily_dag.py took 2.602 seconds
[2026-06-19T13:13:25.826+0000] {processor.py:157} INFO - Started process (PID=15652) to work on /opt/airflow/dags/binance_daily_dag.py
[2026-06-19T13:13:25.829+0000] {processor.py:829} INFO - Processing file /opt/airflow/dags/binance_daily_dag.py for tasks to queue
[2026-06-19T13:13:25.830+0000] {logging_mixin.py:151} INFO - [2026-06-19T13:13:25.830+0000] {dagbag.py:539} INFO - Filling up the DagBag from /opt/airflow/dags/binance_daily_dag.py
[2026-06-19T13:13:28.059+0000] {processor.py:839} INFO - DAG(s) dict_keys(['daily_crypto_lstm_pipeline']) retrieved from /opt/airflow/dags/binance_daily_dag.py
[2026-06-19T13:13:28.084+0000] {logging_mixin.py:151} INFO - [2026-06-19T13:13:28.084+0000] {dag.py:2915} INFO - Sync 1 DAGs
[2026-06-19T13:13:28.109+0000] {logging_mixin.py:151} INFO - [2026-06-19T13:13:28.109+0000] {dag.py:3696} INFO - Setting next_dagrun for daily_crypto_lstm_pipeline to 2026-06-19T00:02:00+00:00, run_after=2026-06-20T00:02:00+00:00
[2026-06-19T13:13:28.172+0000] {processor.py:179} INFO - Processing /opt/airflow/dags/binance_daily_dag.py took 2.350 seconds
[2026-06-19T13:13:58.426+0000] {processor.py:157} INFO - Started process (PID=15685) to work on /opt/airflow/dags/binance_daily_dag.py
[2026-06-19T13:13:58.428+0000] {processor.py:829} INFO - Processing file /opt/airflow/dags/binance_daily_dag.py for tasks to queue
[2026-06-19T13:13:58.428+0000] {logging_mixin.py:151} INFO - [2026-06-19T13:13:58.428+0000] {dagbag.py:539} INFO - Filling up the DagBag from /opt/airflow/dags/binance_daily_dag.py
[2026-06-19T13:14:01.014+0000] {processor.py:839} INFO - DAG(s) dict_keys(['daily_crypto_lstm_pipeline']) retrieved from /opt/airflow/dags/binance_daily_dag.py
[2026-06-19T13:14:01.034+0000] {logging_mixin.py:151} INFO - [2026-06-19T13:14:01.033+0000] {dag.py:2915} INFO - Sync 1 DAGs
[2026-06-19T13:14:01.054+0000] {logging_mixin.py:151} INFO - [2026-06-19T13:14:01.054+0000] {dag.py:3696} INFO - Setting next_dagrun for daily_crypto_lstm_pipeline to 2026-06-19T00:02:00+00:00, run_after=2026-06-20T00:02:00+00:00
[2026-06-19T13:14:01.116+0000] {processor.py:179} INFO - Processing /opt/airflow/dags/binance_daily_dag.py took 2.694 seconds
[2026-06-19T13:14:31.263+0000] {processor.py:157} INFO - Started process (PID=15726) to work on /opt/airflow/dags/binance_daily_dag.py
[2026-06-19T13:14:31.264+0000] {processor.py:829} INFO - Processing file /opt/airflow/dags/binance_daily_dag.py for tasks to queue
[2026-06-19T13:14:31.265+0000] {logging_mixin.py:151} INFO - [2026-06-19T13:14:31.265+0000] {dagbag.py:539} INFO - Filling up the DagBag from /opt/airflow/dags/binance_daily_dag.py
[2026-06-19T13:14:33.653+0000] {processor.py:839} INFO - DAG(s) dict_keys(['daily_crypto_lstm_pipeline']) retrieved from /opt/airflow/dags/binance_daily_dag.py
[2026-06-19T13:14:33.676+0000] {logging_mixin.py:151} INFO - [2026-06-19T13:14:33.675+0000] {dag.py:2915} INFO - Sync 1 DAGs
[2026-06-19T13:14:33.698+0000] {logging_mixin.py:151} INFO - [2026-06-19T13:14:33.698+0000] {dag.py:3696} INFO - Setting next_dagrun for daily_crypto_lstm_pipeline to 2026-06-19T00:02:00+00:00, run_after=2026-06-20T00:02:00+00:00
[2026-06-19T13:14:33.716+0000] {processor.py:179} INFO - Processing /opt/airflow/dags/binance_daily_dag.py took 2.460 seconds
[2026-06-19T13:15:03.974+0000] {processor.py:157} INFO - Started process (PID=15754) to work on /opt/airflow/dags/binance_daily_dag.py
[2026-06-19T13:15:03.975+0000] {processor.py:829} INFO - Processing file /opt/airflow/dags/binance_daily_dag.py for tasks to queue
[2026-06-19T13:15:03.976+0000] {logging_mixin.py:151} INFO - [2026-06-19T13:15:03.976+0000] {dagbag.py:539} INFO - Filling up the DagBag from /opt/airflow/dags/binance_daily_dag.py
[2026-06-19T13:15:06.550+0000] {processor.py:839} INFO - DAG(s) dict_keys(['daily_crypto_lstm_pipeline']) retrieved from /opt/airflow/dags/binance_daily_dag.py
[2026-06-19T13:15:06.582+0000] {logging_mixin.py:151} INFO - [2026-06-19T13:15:06.581+0000] {dag.py:2915} INFO - Sync 1 DAGs
[2026-06-19T13:15:06.610+0000] {logging_mixin.py:151} INFO - [2026-06-19T13:15:06.610+0000] {dag.py:3696} INFO - Setting next_dagrun for daily_crypto_lstm_pipeline to 2026-06-19T00:02:00+00:00, run_after=2026-06-20T00:02:00+00:00
[2026-06-19T13:15:06.638+0000] {processor.py:179} INFO - Processing /opt/airflow/dags/binance_daily_dag.py took 2.669 seconds
[2026-06-19T13:15:37.239+0000] {processor.py:157} INFO - Started process (PID=15787) to work on /opt/airflow/dags/binance_daily_dag.py
[2026-06-19T13:15:37.241+0000] {processor.py:829} INFO - Processing file /opt/airflow/dags/binance_daily_dag.py for tasks to queue
[2026-06-19T13:15:37.243+0000] {logging_mixin.py:151} INFO - [2026-06-19T13:15:37.242+0000] {dagbag.py:539} INFO - Filling up the DagBag from /opt/airflow/dags/binance_daily_dag.py
[2026-06-19T13:15:39.748+0000] {processor.py:839} INFO - DAG(s) dict_keys(['daily_crypto_lstm_pipeline']) retrieved from /opt/airflow/dags/binance_daily_dag.py
[2026-06-19T13:15:39.770+0000] {logging_mixin.py:151} INFO - [2026-06-19T13:15:39.769+0000] {dag.py:2915} INFO - Sync 1 DAGs
[2026-06-19T13:15:39.793+0000] {logging_mixin.py:151} INFO - [2026-06-19T13:15:39.792+0000] {dag.py:3696} INFO - Setting next_dagrun for daily_crypto_lstm_pipeline to 2026-06-19T00:02:00+00:00, run_after=2026-06-20T00:02:00+00:00
[2026-06-19T13:15:39.853+0000] {processor.py:179} INFO - Processing /opt/airflow/dags/binance_daily_dag.py took 2.621 seconds
[2026-06-19T13:16:10.540+0000] {processor.py:157} INFO - Started process (PID=15820) to work on /opt/airflow/dags/binance_daily_dag.py
[2026-06-19T13:16:10.541+0000] {processor.py:829} INFO - Processing file /opt/airflow/dags/binance_daily_dag.py for tasks to queue
[2026-06-19T13:16:10.542+0000] {logging_mixin.py:151} INFO - [2026-06-19T13:16:10.542+0000] {dagbag.py:539} INFO - Filling up the DagBag from /opt/airflow/dags/binance_daily_dag.py
[2026-06-19T13:16:12.997+0000] {processor.py:839} INFO - DAG(s) dict_keys(['daily_crypto_lstm_pipeline']) retrieved from /opt/airflow/dags/binance_daily_dag.py
[2026-06-19T13:16:13.021+0000] {logging_mixin.py:151} INFO - [2026-06-19T13:16:13.020+0000] {dag.py:2915} INFO - Sync 1 DAGs
[2026-06-19T13:16:13.040+0000] {logging_mixin.py:151} INFO - [2026-06-19T13:16:13.040+0000] {dag.py:3696} INFO - Setting next_dagrun for daily_crypto_lstm_pipeline to 2026-06-19T00:02:00+00:00, run_after=2026-06-20T00:02:00+00:00
[2026-06-19T13:16:13.099+0000] {processor.py:179} INFO - Processing /opt/airflow/dags/binance_daily_dag.py took 2.565 seconds
[2026-06-19T13:16:43.968+0000] {processor.py:157} INFO - Started process (PID=15853) to work on /opt/airflow/dags/binance_daily_dag.py
[2026-06-19T13:16:43.969+0000] {processor.py:829} INFO - Processing file /opt/airflow/dags/binance_daily_dag.py for tasks to queue
[2026-06-19T13:16:43.970+0000] {logging_mixin.py:151} INFO - [2026-06-19T13:16:43.970+0000] {dagbag.py:539} INFO - Filling up the DagBag from /opt/airflow/dags/binance_daily_dag.py
[2026-06-19T13:16:46.606+0000] {processor.py:839} INFO - DAG(s) dict_keys(['daily_crypto_lstm_pipeline']) retrieved from /opt/airflow/dags/binance_daily_dag.py
[2026-06-19T13:16:46.631+0000] {logging_mixin.py:151} INFO - [2026-06-19T13:16:46.630+0000] {dag.py:2915} INFO - Sync 1 DAGs
[2026-06-19T13:16:46.653+0000] {logging_mixin.py:151} INFO - [2026-06-19T13:16:46.653+0000] {dag.py:3696} INFO - Setting next_dagrun for daily_crypto_lstm_pipeline to 2026-06-19T00:02:00+00:00, run_after=2026-06-20T00:02:00+00:00
[2026-06-19T13:16:46.675+0000] {processor.py:179} INFO - Processing /opt/airflow/dags/binance_daily_dag.py took 2.712 seconds
[2026-06-19T13:17:17.255+0000] {processor.py:157} INFO - Started process (PID=15886) to work on /opt/airflow/dags/binance_daily_dag.py
[2026-06-19T13:17:17.258+0000] {processor.py:829} INFO - Processing file /opt/airflow/dags/binance_daily_dag.py for tasks to queue
[2026-06-19T13:17:17.259+0000] {logging_mixin.py:151} INFO - [2026-06-19T13:17:17.259+0000] {dagbag.py:539} INFO - Filling up the DagBag from /opt/airflow/dags/binance_daily_dag.py
[2026-06-19T13:17:19.969+0000] {processor.py:839} INFO - DAG(s) dict_keys(['daily_crypto_lstm_pipeline']) retrieved from /opt/airflow/dags/binance_daily_dag.py
[2026-06-19T13:17:19.994+0000] {logging_mixin.py:151} INFO - [2026-06-19T13:17:19.994+0000] {dag.py:2915} INFO - Sync 1 DAGs
[2026-06-19T13:17:20.016+0000] {logging_mixin.py:151} INFO - [2026-06-19T13:17:20.016+0000] {dag.py:3696} INFO - Setting next_dagrun for daily_crypto_lstm_pipeline to 2026-06-19T00:02:00+00:00, run_after=2026-06-20T00:02:00+00:00
[2026-06-19T13:17:20.076+0000] {processor.py:179} INFO - Processing /opt/airflow/dags/binance_daily_dag.py took 2.824 seconds
[2026-06-19T13:17:50.397+0000] {processor.py:157} INFO - Started process (PID=15919) to work on /opt/airflow/dags/binance_daily_dag.py
[2026-06-19T13:17:50.399+0000] {processor.py:829} INFO - Processing file /opt/airflow/dags/binance_daily_dag.py for tasks to queue
[2026-06-19T13:17:50.400+0000] {logging_mixin.py:151} INFO - [2026-06-19T13:17:50.400+0000] {dagbag.py:539} INFO - Filling up the DagBag from /opt/airflow/dags/binance_daily_dag.py
[2026-06-19T13:17:52.881+0000] {processor.py:839} INFO - DAG(s) dict_keys(['daily_crypto_lstm_pipeline']) retrieved from /opt/airflow/dags/binance_daily_dag.py
[2026-06-19T13:17:52.903+0000] {logging_mixin.py:151} INFO - [2026-06-19T13:17:52.902+0000] {dag.py:2915} INFO - Sync 1 DAGs
[2026-06-19T13:17:52.925+0000] {logging_mixin.py:151} INFO - [2026-06-19T13:17:52.925+0000] {dag.py:3696} INFO - Setting next_dagrun for daily_crypto_lstm_pipeline to 2026-06-19T00:02:00+00:00, run_after=2026-06-20T00:02:00+00:00
[2026-06-19T13:17:52.951+0000] {processor.py:179} INFO - Processing /opt/airflow/dags/binance_daily_dag.py took 2.559 seconds
[2026-06-19T13:18:23.646+0000] {processor.py:157} INFO - Started process (PID=15952) to work on /opt/airflow/dags/binance_daily_dag.py
[2026-06-19T13:18:23.648+0000] {processor.py:829} INFO - Processing file /opt/airflow/dags/binance_daily_dag.py for tasks to queue
[2026-06-19T13:18:23.649+0000] {logging_mixin.py:151} INFO - [2026-06-19T13:18:23.648+0000] {dagbag.py:539} INFO - Filling up the DagBag from /opt/airflow/dags/binance_daily_dag.py
[2026-06-19T13:18:26.208+0000] {processor.py:839} INFO - DAG(s) dict_keys(['daily_crypto_lstm_pipeline']) retrieved from /opt/airflow/dags/binance_daily_dag.py
[2026-06-19T13:18:26.236+0000] {logging_mixin.py:151} INFO - [2026-06-19T13:18:26.236+0000] {dag.py:2915} INFO - Sync 1 DAGs
[2026-06-19T13:18:26.261+0000] {logging_mixin.py:151} INFO - [2026-06-19T13:18:26.261+0000] {dag.py:3696} INFO - Setting next_dagrun for daily_crypto_lstm_pipeline to 2026-06-19T00:02:00+00:00, run_after=2026-06-20T00:02:00+00:00
[2026-06-19T13:18:26.285+0000] {processor.py:179} INFO - Processing /opt/airflow/dags/binance_daily_dag.py took 2.643 seconds
[2026-06-19T13:18:56.949+0000] {processor.py:157} INFO - Started process (PID=15992) to work on /opt/airflow/dags/binance_daily_dag.py
[2026-06-19T13:18:56.951+0000] {processor.py:829} INFO - Processing file /opt/airflow/dags/binance_daily_dag.py for tasks to queue
[2026-06-19T13:18:56.953+0000] {logging_mixin.py:151} INFO - [2026-06-19T13:18:56.952+0000] {dagbag.py:539} INFO - Filling up the DagBag from /opt/airflow/dags/binance_daily_dag.py
[2026-06-19T13:18:59.848+0000] {processor.py:839} INFO - DAG(s) dict_keys(['daily_crypto_lstm_pipeline']) retrieved from /opt/airflow/dags/binance_daily_dag.py
[2026-06-19T13:18:59.872+0000] {logging_mixin.py:151} INFO - [2026-06-19T13:18:59.872+0000] {dag.py:2915} INFO - Sync 1 DAGs
[2026-06-19T13:18:59.894+0000] {logging_mixin.py:151} INFO - [2026-06-19T13:18:59.893+0000] {dag.py:3696} INFO - Setting next_dagrun for daily_crypto_lstm_pipeline to 2026-06-19T00:02:00+00:00, run_after=2026-06-20T00:02:00+00:00
[2026-06-19T13:18:59.920+0000] {processor.py:179} INFO - Processing /opt/airflow/dags/binance_daily_dag.py took 2.977 seconds
[2026-06-19T13:19:30.251+0000] {processor.py:157} INFO - Started process (PID=16025) to work on /opt/airflow/dags/binance_daily_dag.py
[2026-06-19T13:19:30.253+0000] {processor.py:829} INFO - Processing file /opt/airflow/dags/binance_daily_dag.py for tasks to queue
[2026-06-19T13:19:30.254+0000] {logging_mixin.py:151} INFO - [2026-06-19T13:19:30.254+0000] {dagbag.py:539} INFO - Filling up the DagBag from /opt/airflow/dags/binance_daily_dag.py
[2026-06-19T13:19:32.751+0000] {processor.py:839} INFO - DAG(s) dict_keys(['daily_crypto_lstm_pipeline']) retrieved from /opt/airflow/dags/binance_daily_dag.py
[2026-06-19T13:19:32.779+0000] {logging_mixin.py:151} INFO - [2026-06-19T13:19:32.778+0000] {dag.py:2915} INFO - Sync 1 DAGs
[2026-06-19T13:19:32.810+0000] {logging_mixin.py:151} INFO - [2026-06-19T13:19:32.810+0000] {dag.py:3696} INFO - Setting next_dagrun for daily_crypto_lstm_pipeline to 2026-06-19T00:02:00+00:00, run_after=2026-06-20T00:02:00+00:00
[2026-06-19T13:19:32.840+0000] {processor.py:179} INFO - Processing /opt/airflow/dags/binance_daily_dag.py took 2.596 seconds
[2026-06-19T13:20:03.746+0000] {processor.py:157} INFO - Started process (PID=16058) to work on /opt/airflow/dags/binance_daily_dag.py
[2026-06-19T13:20:03.748+0000] {processor.py:829} INFO - Processing file /opt/airflow/dags/binance_daily_dag.py for tasks to queue
[2026-06-19T13:20:03.750+0000] {logging_mixin.py:151} INFO - [2026-06-19T13:20:03.750+0000] {dagbag.py:539} INFO - Filling up the DagBag from /opt/airflow/dags/binance_daily_dag.py
[2026-06-19T13:20:06.197+0000] {processor.py:839} INFO - DAG(s) dict_keys(['daily_crypto_lstm_pipeline']) retrieved from /opt/airflow/dags/binance_daily_dag.py
[2026-06-19T13:20:06.221+0000] {logging_mixin.py:151} INFO - [2026-06-19T13:20:06.220+0000] {dag.py:2915} INFO - Sync 1 DAGs
[2026-06-19T13:20:06.244+0000] {logging_mixin.py:151} INFO - [2026-06-19T13:20:06.244+0000] {dag.py:3696} INFO - Setting next_dagrun for daily_crypto_lstm_pipeline to 2026-06-19T00:02:00+00:00, run_after=2026-06-20T00:02:00+00:00
[2026-06-19T13:20:06.303+0000] {processor.py:179} INFO - Processing /opt/airflow/dags/binance_daily_dag.py took 2.565 seconds
[2026-06-19T13:20:36.680+0000] {processor.py:157} INFO - Started process (PID=16091) to work on /opt/airflow/dags/binance_daily_dag.py
[2026-06-19T13:20:36.681+0000] {processor.py:829} INFO - Processing file /opt/airflow/dags/binance_daily_dag.py for tasks to queue
[2026-06-19T13:20:36.682+0000] {logging_mixin.py:151} INFO - [2026-06-19T13:20:36.682+0000] {dagbag.py:539} INFO - Filling up the DagBag from /opt/airflow/dags/binance_daily_dag.py
[2026-06-19T13:20:39.192+0000] {processor.py:839} INFO - DAG(s) dict_keys(['daily_crypto_lstm_pipeline']) retrieved from /opt/airflow/dags/binance_daily_dag.py
[2026-06-19T13:20:39.226+0000] {logging_mixin.py:151} INFO - [2026-06-19T13:20:39.225+0000] {dag.py:2915} INFO - Sync 1 DAGs
[2026-06-19T13:20:39.257+0000] {logging_mixin.py:151} INFO - [2026-06-19T13:20:39.257+0000] {dag.py:3696} INFO - Setting next_dagrun for daily_crypto_lstm_pipeline to 2026-06-19T00:02:00+00:00, run_after=2026-06-20T00:02:00+00:00
[2026-06-19T13:20:39.292+0000] {processor.py:179} INFO - Processing /opt/airflow/dags/binance_daily_dag.py took 2.615 seconds
[2026-06-19T13:21:09.645+0000] {processor.py:157} INFO - Started process (PID=16129) to work on /opt/airflow/dags/binance_daily_dag.py
[2026-06-19T13:21:09.647+0000] {processor.py:829} INFO - Processing file /opt/airflow/dags/binance_daily_dag.py for tasks to queue
[2026-06-19T13:21:09.648+0000] {logging_mixin.py:151} INFO - [2026-06-19T13:21:09.648+0000] {dagbag.py:539} INFO - Filling up the DagBag from /opt/airflow/dags/binance_daily_dag.py
[2026-06-19T13:21:12.232+0000] {processor.py:839} INFO - DAG(s) dict_keys(['daily_crypto_lstm_pipeline']) retrieved from /opt/airflow/dags/binance_daily_dag.py
[2026-06-19T13:21:12.255+0000] {logging_mixin.py:151} INFO - [2026-06-19T13:21:12.255+0000] {dag.py:2915} INFO - Sync 1 DAGs
[2026-06-19T13:21:12.276+0000] {logging_mixin.py:151} INFO - [2026-06-19T13:21:12.276+0000] {dag.py:3696} INFO - Setting next_dagrun for daily_crypto_lstm_pipeline to 2026-06-19T00:02:00+00:00, run_after=2026-06-20T00:02:00+00:00
[2026-06-19T13:21:12.300+0000] {processor.py:179} INFO - Processing /opt/airflow/dags/binance_daily_dag.py took 2.660 seconds
[2026-06-19T13:21:42.993+0000] {processor.py:157} INFO - Started process (PID=16162) to work on /opt/airflow/dags/binance_daily_dag.py
[2026-06-19T13:21:42.995+0000] {processor.py:829} INFO - Processing file /opt/airflow/dags/binance_daily_dag.py for tasks to queue
[2026-06-19T13:21:42.997+0000] {logging_mixin.py:151} INFO - [2026-06-19T13:21:42.996+0000] {dagbag.py:539} INFO - Filling up the DagBag from /opt/airflow/dags/binance_daily_dag.py
[2026-06-19T13:21:45.622+0000] {processor.py:839} INFO - DAG(s) dict_keys(['daily_crypto_lstm_pipeline']) retrieved from /opt/airflow/dags/binance_daily_dag.py
[2026-06-19T13:21:45.644+0000] {logging_mixin.py:151} INFO - [2026-06-19T13:21:45.644+0000] {dag.py:2915} INFO - Sync 1 DAGs
[2026-06-19T13:21:45.666+0000] {logging_mixin.py:151} INFO - [2026-06-19T13:21:45.666+0000] {dag.py:3696} INFO - Setting next_dagrun for daily_crypto_lstm_pipeline to 2026-06-19T00:02:00+00:00, run_after=2026-06-20T00:02:00+00:00
[2026-06-19T13:21:45.726+0000] {processor.py:179} INFO - Processing /opt/airflow/dags/binance_daily_dag.py took 2.739 seconds
[2026-06-19T13:22:16.456+0000] {processor.py:157} INFO - Started process (PID=16195) to work on /opt/airflow/dags/binance_daily_dag.py
[2026-06-19T13:22:16.458+0000] {processor.py:829} INFO - Processing file /opt/airflow/dags/binance_daily_dag.py for tasks to queue
[2026-06-19T13:22:16.460+0000] {logging_mixin.py:151} INFO - [2026-06-19T13:22:16.459+0000] {dagbag.py:539} INFO - Filling up the DagBag from /opt/airflow/dags/binance_daily_dag.py
[2026-06-19T13:22:19.146+0000] {processor.py:839} INFO - DAG(s) dict_keys(['daily_crypto_lstm_pipeline']) retrieved from /opt/airflow/dags/binance_daily_dag.py
[2026-06-19T13:22:19.186+0000] {logging_mixin.py:151} INFO - [2026-06-19T13:22:19.185+0000] {dag.py:2915} INFO - Sync 1 DAGs
[2026-06-19T13:22:19.224+0000] {logging_mixin.py:151} INFO - [2026-06-19T13:22:19.224+0000] {dag.py:3696} INFO - Setting next_dagrun for daily_crypto_lstm_pipeline to 2026-06-19T00:02:00+00:00, run_after=2026-06-20T00:02:00+00:00
[2026-06-19T13:22:19.259+0000] {processor.py:179} INFO - Processing /opt/airflow/dags/binance_daily_dag.py took 2.809 seconds
[2026-06-19T13:22:49.669+0000] {processor.py:157} INFO - Started process (PID=16228) to work on /opt/airflow/dags/binance_daily_dag.py
[2026-06-19T13:22:49.670+0000] {processor.py:829} INFO - Processing file /opt/airflow/dags/binance_daily_dag.py for tasks to queue
[2026-06-19T13:22:49.671+0000] {logging_mixin.py:151} INFO - [2026-06-19T13:22:49.671+0000] {dagbag.py:539} INFO - Filling up the DagBag from /opt/airflow/dags/binance_daily_dag.py
[2026-06-19T13:22:52.269+0000] {processor.py:839} INFO - DAG(s) dict_keys(['daily_crypto_lstm_pipeline']) retrieved from /opt/airflow/dags/binance_daily_dag.py
[2026-06-19T13:22:52.307+0000] {logging_mixin.py:151} INFO - [2026-06-19T13:22:52.306+0000] {dag.py:2915} INFO - Sync 1 DAGs
[2026-06-19T13:22:52.339+0000] {logging_mixin.py:151} INFO - [2026-06-19T13:22:52.339+0000] {dag.py:3696} INFO - Setting next_dagrun for daily_crypto_lstm_pipeline to 2026-06-19T00:02:00+00:00, run_after=2026-06-20T00:02:00+00:00
[2026-06-19T13:22:52.423+0000] {processor.py:179} INFO - Processing /opt/airflow/dags/binance_daily_dag.py took 2.760 seconds
[2026-06-19T13:23:22.794+0000] {processor.py:157} INFO - Started process (PID=16261) to work on /opt/airflow/dags/binance_daily_dag.py
[2026-06-19T13:23:22.796+0000] {processor.py:829} INFO - Processing file /opt/airflow/dags/binance_daily_dag.py for tasks to queue
[2026-06-19T13:23:22.797+0000] {logging_mixin.py:151} INFO - [2026-06-19T13:23:22.796+0000] {dagbag.py:539} INFO - Filling up the DagBag from /opt/airflow/dags/binance_daily_dag.py
[2026-06-19T13:23:25.391+0000] {processor.py:839} INFO - DAG(s) dict_keys(['daily_crypto_lstm_pipeline']) retrieved from /opt/airflow/dags/binance_daily_dag.py
[2026-06-19T13:23:25.416+0000] {logging_mixin.py:151} INFO - [2026-06-19T13:23:25.416+0000] {dag.py:2915} INFO - Sync 1 DAGs
[2026-06-19T13:23:25.438+0000] {logging_mixin.py:151} INFO - [2026-06-19T13:23:25.438+0000] {dag.py:3696} INFO - Setting next_dagrun for daily_crypto_lstm_pipeline to 2026-06-19T00:02:00+00:00, run_after=2026-06-20T00:02:00+00:00
[2026-06-19T13:23:25.491+0000] {processor.py:179} INFO - Processing /opt/airflow/dags/binance_daily_dag.py took 2.701 seconds
[2026-06-19T13:23:56.013+0000] {processor.py:157} INFO - Started process (PID=16296) to work on /opt/airflow/dags/binance_daily_dag.py
[2026-06-19T13:23:56.014+0000] {processor.py:829} INFO - Processing file /opt/airflow/dags/binance_daily_dag.py for tasks to queue
[2026-06-19T13:23:56.016+0000] {logging_mixin.py:151} INFO - [2026-06-19T13:23:56.016+0000] {dagbag.py:539} INFO - Filling up the DagBag from /opt/airflow/dags/binance_daily_dag.py
[2026-06-19T13:23:58.546+0000] {processor.py:839} INFO - DAG(s) dict_keys(['daily_crypto_lstm_pipeline']) retrieved from /opt/airflow/dags/binance_daily_dag.py
[2026-06-19T13:23:58.568+0000] {logging_mixin.py:151} INFO - [2026-06-19T13:23:58.568+0000] {dag.py:2915} INFO - Sync 1 DAGs
[2026-06-19T13:23:58.590+0000] {logging_mixin.py:151} INFO - [2026-06-19T13:23:58.590+0000] {dag.py:3696} INFO - Setting next_dagrun for daily_crypto_lstm_pipeline to 2026-06-19T00:02:00+00:00, run_after=2026-06-20T00:02:00+00:00
[2026-06-19T13:23:58.646+0000] {processor.py:179} INFO - Processing /opt/airflow/dags/binance_daily_dag.py took 2.638 seconds
[2026-06-19T13:24:28.809+0000] {processor.py:157} INFO - Started process (PID=16334) to work on /opt/airflow/dags/binance_daily_dag.py
[2026-06-19T13:24:28.811+0000] {processor.py:829} INFO - Processing file /opt/airflow/dags/binance_daily_dag.py for tasks to queue
[2026-06-19T13:24:28.812+0000] {logging_mixin.py:151} INFO - [2026-06-19T13:24:28.811+0000] {dagbag.py:539} INFO - Filling up the DagBag from /opt/airflow/dags/binance_daily_dag.py
[2026-06-19T13:24:32.184+0000] {processor.py:839} INFO - DAG(s) dict_keys(['daily_crypto_lstm_pipeline']) retrieved from /opt/airflow/dags/binance_daily_dag.py
[2026-06-19T13:24:32.207+0000] {logging_mixin.py:151} INFO - [2026-06-19T13:24:32.206+0000] {dag.py:2915} INFO - Sync 1 DAGs
[2026-06-19T13:24:32.229+0000] {logging_mixin.py:151} INFO - [2026-06-19T13:24:32.228+0000] {dag.py:3696} INFO - Setting next_dagrun for daily_crypto_lstm_pipeline to 2026-06-19T00:02:00+00:00, run_after=2026-06-20T00:02:00+00:00
[2026-06-19T13:24:32.281+0000] {processor.py:179} INFO - Processing /opt/airflow/dags/binance_daily_dag.py took 3.480 seconds
[2026-06-19T13:25:02.594+0000] {processor.py:157} INFO - Started process (PID=16369) to work on /opt/airflow/dags/binance_daily_dag.py
[2026-06-19T13:25:02.595+0000] {processor.py:829} INFO - Processing file /opt/airflow/dags/binance_daily_dag.py for tasks to queue
[2026-06-19T13:25:02.596+0000] {logging_mixin.py:151} INFO - [2026-06-19T13:25:02.596+0000] {dagbag.py:539} INFO - Filling up the DagBag from /opt/airflow/dags/binance_daily_dag.py
[2026-06-19T13:25:05.102+0000] {processor.py:839} INFO - DAG(s) dict_keys(['daily_crypto_lstm_pipeline']) retrieved from /opt/airflow/dags/binance_daily_dag.py
[2026-06-19T13:25:05.125+0000] {logging_mixin.py:151} INFO - [2026-06-19T13:25:05.125+0000] {dag.py:2915} INFO - Sync 1 DAGs
[2026-06-19T13:25:05.147+0000] {logging_mixin.py:151} INFO - [2026-06-19T13:25:05.146+0000] {dag.py:3696} INFO - Setting next_dagrun for daily_crypto_lstm_pipeline to 2026-06-19T00:02:00+00:00, run_after=2026-06-20T00:02:00+00:00
[2026-06-19T13:25:05.168+0000] {processor.py:179} INFO - Processing /opt/airflow/dags/binance_daily_dag.py took 2.579 seconds
[2026-06-19T13:25:35.505+0000] {processor.py:157} INFO - Started process (PID=16400) to work on /opt/airflow/dags/binance_daily_dag.py
[2026-06-19T13:25:35.507+0000] {processor.py:829} INFO - Processing file /opt/airflow/dags/binance_daily_dag.py for tasks to queue
[2026-06-19T13:25:35.509+0000] {logging_mixin.py:151} INFO - [2026-06-19T13:25:35.508+0000] {dagbag.py:539} INFO - Filling up the DagBag from /opt/airflow/dags/binance_daily_dag.py
[2026-06-19T13:25:38.446+0000] {processor.py:839} INFO - DAG(s) dict_keys(['daily_crypto_lstm_pipeline']) retrieved from /opt/airflow/dags/binance_daily_dag.py
[2026-06-19T13:25:38.483+0000] {logging_mixin.py:151} INFO - [2026-06-19T13:25:38.483+0000] {dag.py:2915} INFO - Sync 1 DAGs
[2026-06-19T13:25:38.516+0000] {logging_mixin.py:151} INFO - [2026-06-19T13:25:38.516+0000] {dag.py:3696} INFO - Setting next_dagrun for daily_crypto_lstm_pipeline to 2026-06-19T00:02:00+00:00, run_after=2026-06-20T00:02:00+00:00
[2026-06-19T13:25:38.551+0000] {processor.py:179} INFO - Processing /opt/airflow/dags/binance_daily_dag.py took 3.053 seconds
[2026-06-19T13:26:08.760+0000] {processor.py:157} INFO - Started process (PID=16433) to work on /opt/airflow/dags/binance_daily_dag.py
[2026-06-19T13:26:08.761+0000] {processor.py:829} INFO - Processing file /opt/airflow/dags/binance_daily_dag.py for tasks to queue
[2026-06-19T13:26:08.762+0000] {logging_mixin.py:151} INFO - [2026-06-19T13:26:08.762+0000] {dagbag.py:539} INFO - Filling up the DagBag from /opt/airflow/dags/binance_daily_dag.py
[2026-06-19T13:26:11.478+0000] {processor.py:839} INFO - DAG(s) dict_keys(['daily_crypto_lstm_pipeline']) retrieved from /opt/airflow/dags/binance_daily_dag.py
[2026-06-19T13:26:11.504+0000] {logging_mixin.py:151} INFO - [2026-06-19T13:26:11.503+0000] {dag.py:2915} INFO - Sync 1 DAGs
[2026-06-19T13:26:11.530+0000] {logging_mixin.py:151} INFO - [2026-06-19T13:26:11.530+0000] {dag.py:3696} INFO - Setting next_dagrun for daily_crypto_lstm_pipeline to 2026-06-19T00:02:00+00:00, run_after=2026-06-20T00:02:00+00:00
[2026-06-19T13:26:11.555+0000] {processor.py:179} INFO - Processing /opt/airflow/dags/binance_daily_dag.py took 2.800 seconds
[2026-06-19T13:26:41.925+0000] {processor.py:157} INFO - Started process (PID=16466) to work on /opt/airflow/dags/binance_daily_dag.py
[2026-06-19T13:26:41.927+0000] {processor.py:829} INFO - Processing file /opt/airflow/dags/binance_daily_dag.py for tasks to queue
[2026-06-19T13:26:41.929+0000] {logging_mixin.py:151} INFO - [2026-06-19T13:26:41.928+0000] {dagbag.py:539} INFO - Filling up the DagBag from /opt/airflow/dags/binance_daily_dag.py
[2026-06-19T13:26:44.329+0000] {processor.py:839} INFO - DAG(s) dict_keys(['daily_crypto_lstm_pipeline']) retrieved from /opt/airflow/dags/binance_daily_dag.py
[2026-06-19T13:26:44.359+0000] {logging_mixin.py:151} INFO - [2026-06-19T13:26:44.358+0000] {dag.py:2915} INFO - Sync 1 DAGs
[2026-06-19T13:26:44.382+0000] {logging_mixin.py:151} INFO - [2026-06-19T13:26:44.381+0000] {dag.py:3696} INFO - Setting next_dagrun for daily_crypto_lstm_pipeline to 2026-06-19T00:02:00+00:00, run_after=2026-06-20T00:02:00+00:00
[2026-06-19T13:26:44.403+0000] {processor.py:179} INFO - Processing /opt/airflow/dags/binance_daily_dag.py took 2.486 seconds
[2026-06-19T13:27:14.952+0000] {processor.py:157} INFO - Started process (PID=16504) to work on /opt/airflow/dags/binance_daily_dag.py
[2026-06-19T13:27:14.955+0000] {processor.py:829} INFO - Processing file /opt/airflow/dags/binance_daily_dag.py for tasks to queue
[2026-06-19T13:27:14.956+0000] {logging_mixin.py:151} INFO - [2026-06-19T13:27:14.956+0000] {dagbag.py:539} INFO - Filling up the DagBag from /opt/airflow/dags/binance_daily_dag.py
[2026-06-19T13:27:17.533+0000] {processor.py:839} INFO - DAG(s) dict_keys(['daily_crypto_lstm_pipeline']) retrieved from /opt/airflow/dags/binance_daily_dag.py
[2026-06-19T13:27:17.556+0000] {logging_mixin.py:151} INFO - [2026-06-19T13:27:17.555+0000] {dag.py:2915} INFO - Sync 1 DAGs
[2026-06-19T13:27:17.577+0000] {logging_mixin.py:151} INFO - [2026-06-19T13:27:17.576+0000] {dag.py:3696} INFO - Setting next_dagrun for daily_crypto_lstm_pipeline to 2026-06-19T00:02:00+00:00, run_after=2026-06-20T00:02:00+00:00
[2026-06-19T13:27:17.637+0000] {processor.py:179} INFO - Processing /opt/airflow/dags/binance_daily_dag.py took 2.690 seconds
[2026-06-19T13:27:48.289+0000] {processor.py:157} INFO - Started process (PID=16537) to work on /opt/airflow/dags/binance_daily_dag.py
[2026-06-19T13:27:48.291+0000] {processor.py:829} INFO - Processing file /opt/airflow/dags/binance_daily_dag.py for tasks to queue
[2026-06-19T13:27:48.292+0000] {logging_mixin.py:151} INFO - [2026-06-19T13:27:48.292+0000] {dagbag.py:539} INFO - Filling up the DagBag from /opt/airflow/dags/binance_daily_dag.py
[2026-06-19T13:27:51.189+0000] {processor.py:839} INFO - DAG(s) dict_keys(['daily_crypto_lstm_pipeline']) retrieved from /opt/airflow/dags/binance_daily_dag.py
[2026-06-19T13:27:51.212+0000] {logging_mixin.py:151} INFO - [2026-06-19T13:27:51.211+0000] {dag.py:2915} INFO - Sync 1 DAGs
[2026-06-19T13:27:51.238+0000] {logging_mixin.py:151} INFO - [2026-06-19T13:27:51.238+0000] {dag.py:3696} INFO - Setting next_dagrun for daily_crypto_lstm_pipeline to 2026-06-19T00:02:00+00:00, run_after=2026-06-20T00:02:00+00:00
[2026-06-19T13:27:51.261+0000] {processor.py:179} INFO - Processing /opt/airflow/dags/binance_daily_dag.py took 2.980 seconds
[2026-06-19T13:28:21.615+0000] {processor.py:157} INFO - Started process (PID=16570) to work on /opt/airflow/dags/binance_daily_dag.py
[2026-06-19T13:28:21.617+0000] {processor.py:829} INFO - Processing file /opt/airflow/dags/binance_daily_dag.py for tasks to queue
[2026-06-19T13:28:21.618+0000] {logging_mixin.py:151} INFO - [2026-06-19T13:28:21.618+0000] {dagbag.py:539} INFO - Filling up the DagBag from /opt/airflow/dags/binance_daily_dag.py
[2026-06-19T13:28:24.039+0000] {processor.py:839} INFO - DAG(s) dict_keys(['daily_crypto_lstm_pipeline']) retrieved from /opt/airflow/dags/binance_daily_dag.py
[2026-06-19T13:28:24.070+0000] {logging_mixin.py:151} INFO - [2026-06-19T13:28:24.070+0000] {dag.py:2915} INFO - Sync 1 DAGs
[2026-06-19T13:28:24.091+0000] {logging_mixin.py:151} INFO - [2026-06-19T13:28:24.091+0000] {dag.py:3696} INFO - Setting next_dagrun for daily_crypto_lstm_pipeline to 2026-06-19T00:02:00+00:00, run_after=2026-06-20T00:02:00+00:00
[2026-06-19T13:28:24.110+0000] {processor.py:179} INFO - Processing /opt/airflow/dags/binance_daily_dag.py took 2.500 seconds
[2026-06-19T13:28:54.857+0000] {processor.py:157} INFO - Started process (PID=16603) to work on /opt/airflow/dags/binance_daily_dag.py
[2026-06-19T13:28:54.859+0000] {processor.py:829} INFO - Processing file /opt/airflow/dags/binance_daily_dag.py for tasks to queue
[2026-06-19T13:28:54.860+0000] {logging_mixin.py:151} INFO - [2026-06-19T13:28:54.859+0000] {dagbag.py:539} INFO - Filling up the DagBag from /opt/airflow/dags/binance_daily_dag.py
[2026-06-19T13:28:57.325+0000] {processor.py:839} INFO - DAG(s) dict_keys(['daily_crypto_lstm_pipeline']) retrieved from /opt/airflow/dags/binance_daily_dag.py
[2026-06-19T13:28:57.350+0000] {logging_mixin.py:151} INFO - [2026-06-19T13:28:57.350+0000] {dag.py:2915} INFO - Sync 1 DAGs
[2026-06-19T13:28:57.372+0000] {logging_mixin.py:151} INFO - [2026-06-19T13:28:57.372+0000] {dag.py:3696} INFO - Setting next_dagrun for daily_crypto_lstm_pipeline to 2026-06-19T00:02:00+00:00, run_after=2026-06-20T00:02:00+00:00
[2026-06-19T13:28:57.394+0000] {processor.py:179} INFO - Processing /opt/airflow/dags/binance_daily_dag.py took 2.541 seconds
[2026-06-19T13:29:28.024+0000] {processor.py:157} INFO - Started process (PID=16643) to work on /opt/airflow/dags/binance_daily_dag.py
[2026-06-19T13:29:28.026+0000] {processor.py:829} INFO - Processing file /opt/airflow/dags/binance_daily_dag.py for tasks to queue
[2026-06-19T13:29:28.028+0000] {logging_mixin.py:151} INFO - [2026-06-19T13:29:28.027+0000] {dagbag.py:539} INFO - Filling up the DagBag from /opt/airflow/dags/binance_daily_dag.py
[2026-06-19T13:29:30.872+0000] {processor.py:839} INFO - DAG(s) dict_keys(['daily_crypto_lstm_pipeline']) retrieved from /opt/airflow/dags/binance_daily_dag.py
[2026-06-19T13:29:30.899+0000] {logging_mixin.py:151} INFO - [2026-06-19T13:29:30.898+0000] {dag.py:2915} INFO - Sync 1 DAGs
[2026-06-19T13:29:30.927+0000] {logging_mixin.py:151} INFO - [2026-06-19T13:29:30.927+0000] {dag.py:3696} INFO - Setting next_dagrun for daily_crypto_lstm_pipeline to 2026-06-19T00:02:00+00:00, run_after=2026-06-20T00:02:00+00:00
[2026-06-19T13:29:30.953+0000] {processor.py:179} INFO - Processing /opt/airflow/dags/binance_daily_dag.py took 2.934 seconds
[2026-06-19T13:30:01.393+0000] {processor.py:157} INFO - Started process (PID=16676) to work on /opt/airflow/dags/binance_daily_dag.py
[2026-06-19T13:30:01.394+0000] {processor.py:829} INFO - Processing file /opt/airflow/dags/binance_daily_dag.py for tasks to queue
[2026-06-19T13:30:01.396+0000] {logging_mixin.py:151} INFO - [2026-06-19T13:30:01.395+0000] {dagbag.py:539} INFO - Filling up the DagBag from /opt/airflow/dags/binance_daily_dag.py
[2026-06-19T13:30:04.141+0000] {processor.py:839} INFO - DAG(s) dict_keys(['daily_crypto_lstm_pipeline']) retrieved from /opt/airflow/dags/binance_daily_dag.py
[2026-06-19T13:30:04.177+0000] {logging_mixin.py:151} INFO - [2026-06-19T13:30:04.176+0000] {dag.py:2915} INFO - Sync 1 DAGs
[2026-06-19T13:30:04.211+0000] {logging_mixin.py:151} INFO - [2026-06-19T13:30:04.211+0000] {dag.py:3696} INFO - Setting next_dagrun for daily_crypto_lstm_pipeline to 2026-06-19T00:02:00+00:00, run_after=2026-06-20T00:02:00+00:00
[2026-06-19T13:30:04.235+0000] {processor.py:179} INFO - Processing /opt/airflow/dags/binance_daily_dag.py took 2.851 seconds
[2026-06-19T13:30:34.589+0000] {processor.py:157} INFO - Started process (PID=16709) to work on /opt/airflow/dags/binance_daily_dag.py
[2026-06-19T13:30:34.591+0000] {processor.py:829} INFO - Processing file /opt/airflow/dags/binance_daily_dag.py for tasks to queue
[2026-06-19T13:30:34.592+0000] {logging_mixin.py:151} INFO - [2026-06-19T13:30:34.592+0000] {dagbag.py:539} INFO - Filling up the DagBag from /opt/airflow/dags/binance_daily_dag.py
[2026-06-19T13:30:37.007+0000] {processor.py:839} INFO - DAG(s) dict_keys(['daily_crypto_lstm_pipeline']) retrieved from /opt/airflow/dags/binance_daily_dag.py
[2026-06-19T13:30:37.027+0000] {logging_mixin.py:151} INFO - [2026-06-19T13:30:37.027+0000] {dag.py:2915} INFO - Sync 1 DAGs
[2026-06-19T13:30:37.049+0000] {logging_mixin.py:151} INFO - [2026-06-19T13:30:37.049+0000] {dag.py:3696} INFO - Setting next_dagrun for daily_crypto_lstm_pipeline to 2026-06-19T00:02:00+00:00, run_after=2026-06-20T00:02:00+00:00
[2026-06-19T13:30:37.068+0000] {processor.py:179} INFO - Processing /opt/airflow/dags/binance_daily_dag.py took 2.488 seconds
[2026-06-19T13:31:07.776+0000] {processor.py:157} INFO - Started process (PID=16743) to work on /opt/airflow/dags/binance_daily_dag.py
[2026-06-19T13:31:07.777+0000] {processor.py:829} INFO - Processing file /opt/airflow/dags/binance_daily_dag.py for tasks to queue
[2026-06-19T13:31:07.779+0000] {logging_mixin.py:151} INFO - [2026-06-19T13:31:07.778+0000] {dagbag.py:539} INFO - Filling up the DagBag from /opt/airflow/dags/binance_daily_dag.py
[2026-06-19T13:31:10.455+0000] {processor.py:839} INFO - DAG(s) dict_keys(['daily_crypto_lstm_pipeline']) retrieved from /opt/airflow/dags/binance_daily_dag.py
[2026-06-19T13:31:10.485+0000] {logging_mixin.py:151} INFO - [2026-06-19T13:31:10.485+0000] {dag.py:2915} INFO - Sync 1 DAGs
[2026-06-19T13:31:10.512+0000] {logging_mixin.py:151} INFO - [2026-06-19T13:31:10.512+0000] {dag.py:3696} INFO - Setting next_dagrun for daily_crypto_lstm_pipeline to 2026-06-19T00:02:00+00:00, run_after=2026-06-20T00:02:00+00:00
[2026-06-19T13:31:10.575+0000] {processor.py:179} INFO - Processing /opt/airflow/dags/binance_daily_dag.py took 2.803 seconds
[2026-06-19T13:31:40.915+0000] {processor.py:157} INFO - Started process (PID=16776) to work on /opt/airflow/dags/binance_daily_dag.py
[2026-06-19T13:31:40.917+0000] {processor.py:829} INFO - Processing file /opt/airflow/dags/binance_daily_dag.py for tasks to queue
[2026-06-19T13:31:40.918+0000] {logging_mixin.py:151} INFO - [2026-06-19T13:31:40.918+0000] {dagbag.py:539} INFO - Filling up the DagBag from /opt/airflow/dags/binance_daily_dag.py
[2026-06-19T13:31:43.368+0000] {processor.py:839} INFO - DAG(s) dict_keys(['daily_crypto_lstm_pipeline']) retrieved from /opt/airflow/dags/binance_daily_dag.py
[2026-06-19T13:31:43.392+0000] {logging_mixin.py:151} INFO - [2026-06-19T13:31:43.392+0000] {dag.py:2915} INFO - Sync 1 DAGs
[2026-06-19T13:31:43.414+0000] {logging_mixin.py:151} INFO - [2026-06-19T13:31:43.413+0000] {dag.py:3696} INFO - Setting next_dagrun for daily_crypto_lstm_pipeline to 2026-06-19T00:02:00+00:00, run_after=2026-06-20T00:02:00+00:00
[2026-06-19T13:31:43.476+0000] {processor.py:179} INFO - Processing /opt/airflow/dags/binance_daily_dag.py took 2.564 seconds
[2026-06-19T13:32:14.247+0000] {processor.py:157} INFO - Started process (PID=16809) to work on /opt/airflow/dags/binance_daily_dag.py
[2026-06-19T13:32:14.248+0000] {processor.py:829} INFO - Processing file /opt/airflow/dags/binance_daily_dag.py for tasks to queue
[2026-06-19T13:32:14.249+0000] {logging_mixin.py:151} INFO - [2026-06-19T13:32:14.249+0000] {dagbag.py:539} INFO - Filling up the DagBag from /opt/airflow/dags/binance_daily_dag.py
[2026-06-19T13:32:16.644+0000] {processor.py:839} INFO - DAG(s) dict_keys(['daily_crypto_lstm_pipeline']) retrieved from /opt/airflow/dags/binance_daily_dag.py
[2026-06-19T13:32:16.669+0000] {logging_mixin.py:151} INFO - [2026-06-19T13:32:16.669+0000] {dag.py:2915} INFO - Sync 1 DAGs
[2026-06-19T13:32:16.694+0000] {logging_mixin.py:151} INFO - [2026-06-19T13:32:16.693+0000] {dag.py:3696} INFO - Setting next_dagrun for daily_crypto_lstm_pipeline to 2026-06-19T00:02:00+00:00, run_after=2026-06-20T00:02:00+00:00
[2026-06-19T13:32:16.714+0000] {processor.py:179} INFO - Processing /opt/airflow/dags/binance_daily_dag.py took 2.470 seconds
[2026-06-19T13:32:47.067+0000] {processor.py:157} INFO - Started process (PID=16842) to work on /opt/airflow/dags/binance_daily_dag.py
[2026-06-19T13:32:47.069+0000] {processor.py:829} INFO - Processing file /opt/airflow/dags/binance_daily_dag.py for tasks to queue
[2026-06-19T13:32:47.070+0000] {logging_mixin.py:151} INFO - [2026-06-19T13:32:47.070+0000] {dagbag.py:539} INFO - Filling up the DagBag from /opt/airflow/dags/binance_daily_dag.py
[2026-06-19T13:32:49.788+0000] {processor.py:839} INFO - DAG(s) dict_keys(['daily_crypto_lstm_pipeline']) retrieved from /opt/airflow/dags/binance_daily_dag.py
[2026-06-19T13:32:49.816+0000] {logging_mixin.py:151} INFO - [2026-06-19T13:32:49.816+0000] {dag.py:2915} INFO - Sync 1 DAGs
[2026-06-19T13:32:49.842+0000] {logging_mixin.py:151} INFO - [2026-06-19T13:32:49.842+0000] {dag.py:3696} INFO - Setting next_dagrun for daily_crypto_lstm_pipeline to 2026-06-19T00:02:00+00:00, run_after=2026-06-20T00:02:00+00:00
[2026-06-19T13:32:49.865+0000] {processor.py:179} INFO - Processing /opt/airflow/dags/binance_daily_dag.py took 2.803 seconds
[2026-06-19T13:33:20.178+0000] {processor.py:157} INFO - Started process (PID=16880) to work on /opt/airflow/dags/binance_daily_dag.py
[2026-06-19T13:33:20.181+0000] {processor.py:829} INFO - Processing file /opt/airflow/dags/binance_daily_dag.py for tasks to queue
[2026-06-19T13:33:20.183+0000] {logging_mixin.py:151} INFO - [2026-06-19T13:33:20.182+0000] {dagbag.py:539} INFO - Filling up the DagBag from /opt/airflow/dags/binance_daily_dag.py
[2026-06-19T13:33:23.167+0000] {processor.py:839} INFO - DAG(s) dict_keys(['daily_crypto_lstm_pipeline']) retrieved from /opt/airflow/dags/binance_daily_dag.py
[2026-06-19T13:33:23.211+0000] {logging_mixin.py:151} INFO - [2026-06-19T13:33:23.210+0000] {dag.py:2915} INFO - Sync 1 DAGs
[2026-06-19T13:33:23.233+0000] {logging_mixin.py:151} INFO - [2026-06-19T13:33:23.233+0000] {dag.py:3696} INFO - Setting next_dagrun for daily_crypto_lstm_pipeline to 2026-06-19T00:02:00+00:00, run_after=2026-06-20T00:02:00+00:00
[2026-06-19T13:33:23.293+0000] {processor.py:179} INFO - Processing /opt/airflow/dags/binance_daily_dag.py took 3.125 seconds
[2026-06-19T13:33:53.634+0000] {processor.py:157} INFO - Started process (PID=16913) to work on /opt/airflow/dags/binance_daily_dag.py
[2026-06-19T13:33:53.637+0000] {processor.py:829} INFO - Processing file /opt/airflow/dags/binance_daily_dag.py for tasks to queue
[2026-06-19T13:33:53.639+0000] {logging_mixin.py:151} INFO - [2026-06-19T13:33:53.638+0000] {dagbag.py:539} INFO - Filling up the DagBag from /opt/airflow/dags/binance_daily_dag.py
[2026-06-19T13:33:56.600+0000] {processor.py:839} INFO - DAG(s) dict_keys(['daily_crypto_lstm_pipeline']) retrieved from /opt/airflow/dags/binance_daily_dag.py
[2026-06-19T13:33:56.627+0000] {logging_mixin.py:151} INFO - [2026-06-19T13:33:56.626+0000] {dag.py:2915} INFO - Sync 1 DAGs
[2026-06-19T13:33:56.660+0000] {logging_mixin.py:151} INFO - [2026-06-19T13:33:56.659+0000] {dag.py:3696} INFO - Setting next_dagrun for daily_crypto_lstm_pipeline to 2026-06-19T00:02:00+00:00, run_after=2026-06-20T00:02:00+00:00
[2026-06-19T13:33:56.691+0000] {processor.py:179} INFO - Processing /opt/airflow/dags/binance_daily_dag.py took 3.067 seconds
[2026-06-19T13:34:26.838+0000] {processor.py:157} INFO - Started process (PID=16946) to work on /opt/airflow/dags/binance_daily_dag.py
[2026-06-19T13:34:26.840+0000] {processor.py:829} INFO - Processing file /opt/airflow/dags/binance_daily_dag.py for tasks to queue
[2026-06-19T13:34:26.841+0000] {logging_mixin.py:151} INFO - [2026-06-19T13:34:26.841+0000] {dagbag.py:539} INFO - Filling up the DagBag from /opt/airflow/dags/binance_daily_dag.py
[2026-06-19T13:34:30.049+0000] {processor.py:839} INFO - DAG(s) dict_keys(['daily_crypto_lstm_pipeline']) retrieved from /opt/airflow/dags/binance_daily_dag.py
[2026-06-19T13:34:30.079+0000] {logging_mixin.py:151} INFO - [2026-06-19T13:34:30.078+0000] {dag.py:2915} INFO - Sync 1 DAGs
[2026-06-19T13:34:30.110+0000] {logging_mixin.py:151} INFO - [2026-06-19T13:34:30.110+0000] {dag.py:3696} INFO - Setting next_dagrun for daily_crypto_lstm_pipeline to 2026-06-19T00:02:00+00:00, run_after=2026-06-20T00:02:00+00:00
[2026-06-19T13:34:30.137+0000] {processor.py:179} INFO - Processing /opt/airflow/dags/binance_daily_dag.py took 3.305 seconds
[2026-06-19T13:35:00.867+0000] {processor.py:157} INFO - Started process (PID=16988) to work on /opt/airflow/dags/binance_daily_dag.py
[2026-06-19T13:35:00.868+0000] {processor.py:829} INFO - Processing file /opt/airflow/dags/binance_daily_dag.py for tasks to queue
[2026-06-19T13:35:00.869+0000] {logging_mixin.py:151} INFO - [2026-06-19T13:35:00.869+0000] {dagbag.py:539} INFO - Filling up the DagBag from /opt/airflow/dags/binance_daily_dag.py
[2026-06-19T13:35:03.581+0000] {processor.py:839} INFO - DAG(s) dict_keys(['daily_crypto_lstm_pipeline']) retrieved from /opt/airflow/dags/binance_daily_dag.py
[2026-06-19T13:35:03.605+0000] {logging_mixin.py:151} INFO - [2026-06-19T13:35:03.604+0000] {dag.py:2915} INFO - Sync 1 DAGs
[2026-06-19T13:35:03.626+0000] {logging_mixin.py:151} INFO - [2026-06-19T13:35:03.625+0000] {dag.py:3696} INFO - Setting next_dagrun for daily_crypto_lstm_pipeline to 2026-06-19T00:02:00+00:00, run_after=2026-06-20T00:02:00+00:00
[2026-06-19T13:35:03.683+0000] {processor.py:179} INFO - Processing /opt/airflow/dags/binance_daily_dag.py took 2.821 seconds
[2026-06-19T13:35:34.109+0000] {processor.py:157} INFO - Started process (PID=17021) to work on /opt/airflow/dags/binance_daily_dag.py
[2026-06-19T13:35:34.111+0000] {processor.py:829} INFO - Processing file /opt/airflow/dags/binance_daily_dag.py for tasks to queue
[2026-06-19T13:35:34.113+0000] {logging_mixin.py:151} INFO - [2026-06-19T13:35:34.112+0000] {dagbag.py:539} INFO - Filling up the DagBag from /opt/airflow/dags/binance_daily_dag.py
[2026-06-19T13:35:36.911+0000] {processor.py:839} INFO - DAG(s) dict_keys(['daily_crypto_lstm_pipeline']) retrieved from /opt/airflow/dags/binance_daily_dag.py
[2026-06-19T13:35:36.932+0000] {logging_mixin.py:151} INFO - [2026-06-19T13:35:36.931+0000] {dag.py:2915} INFO - Sync 1 DAGs
[2026-06-19T13:35:36.952+0000] {logging_mixin.py:151} INFO - [2026-06-19T13:35:36.952+0000] {dag.py:3696} INFO - Setting next_dagrun for daily_crypto_lstm_pipeline to 2026-06-19T00:02:00+00:00, run_after=2026-06-20T00:02:00+00:00
[2026-06-19T13:35:37.009+0000] {processor.py:179} INFO - Processing /opt/airflow/dags/binance_daily_dag.py took 2.904 seconds
[2026-06-19T13:36:07.374+0000] {processor.py:157} INFO - Started process (PID=17054) to work on /opt/airflow/dags/binance_daily_dag.py
[2026-06-19T13:36:07.375+0000] {processor.py:829} INFO - Processing file /opt/airflow/dags/binance_daily_dag.py for tasks to queue
[2026-06-19T13:36:07.377+0000] {logging_mixin.py:151} INFO - [2026-06-19T13:36:07.377+0000] {dagbag.py:539} INFO - Filling up the DagBag from /opt/airflow/dags/binance_daily_dag.py
[2026-06-19T13:36:10.515+0000] {processor.py:839} INFO - DAG(s) dict_keys(['daily_crypto_lstm_pipeline']) retrieved from /opt/airflow/dags/binance_daily_dag.py
[2026-06-19T13:36:10.543+0000] {logging_mixin.py:151} INFO - [2026-06-19T13:36:10.542+0000] {dag.py:2915} INFO - Sync 1 DAGs
[2026-06-19T13:36:10.568+0000] {logging_mixin.py:151} INFO - [2026-06-19T13:36:10.568+0000] {dag.py:3696} INFO - Setting next_dagrun for daily_crypto_lstm_pipeline to 2026-06-19T00:02:00+00:00, run_after=2026-06-20T00:02:00+00:00
[2026-06-19T13:36:10.590+0000] {processor.py:179} INFO - Processing /opt/airflow/dags/binance_daily_dag.py took 3.220 seconds
[2026-06-19T13:36:40.922+0000] {processor.py:157} INFO - Started process (PID=17087) to work on /opt/airflow/dags/binance_daily_dag.py
[2026-06-19T13:36:40.923+0000] {processor.py:829} INFO - Processing file /opt/airflow/dags/binance_daily_dag.py for tasks to queue
[2026-06-19T13:36:40.924+0000] {logging_mixin.py:151} INFO - [2026-06-19T13:36:40.924+0000] {dagbag.py:539} INFO - Filling up the DagBag from /opt/airflow/dags/binance_daily_dag.py
[2026-06-19T13:36:43.647+0000] {processor.py:839} INFO - DAG(s) dict_keys(['daily_crypto_lstm_pipeline']) retrieved from /opt/airflow/dags/binance_daily_dag.py
[2026-06-19T13:36:43.682+0000] {logging_mixin.py:151} INFO - [2026-06-19T13:36:43.681+0000] {dag.py:2915} INFO - Sync 1 DAGs
[2026-06-19T13:36:43.707+0000] {logging_mixin.py:151} INFO - [2026-06-19T13:36:43.707+0000] {dag.py:3696} INFO - Setting next_dagrun for daily_crypto_lstm_pipeline to 2026-06-19T00:02:00+00:00, run_after=2026-06-20T00:02:00+00:00
[2026-06-19T13:36:43.727+0000] {processor.py:179} INFO - Processing /opt/airflow/dags/binance_daily_dag.py took 2.809 seconds
[2026-06-19T13:37:14.086+0000] {processor.py:157} INFO - Started process (PID=17120) to work on /opt/airflow/dags/binance_daily_dag.py
[2026-06-19T13:37:14.087+0000] {processor.py:829} INFO - Processing file /opt/airflow/dags/binance_daily_dag.py for tasks to queue
[2026-06-19T13:37:14.089+0000] {logging_mixin.py:151} INFO - [2026-06-19T13:37:14.088+0000] {dagbag.py:539} INFO - Filling up the DagBag from /opt/airflow/dags/binance_daily_dag.py
[2026-06-19T13:37:16.948+0000] {processor.py:839} INFO - DAG(s) dict_keys(['daily_crypto_lstm_pipeline']) retrieved from /opt/airflow/dags/binance_daily_dag.py
[2026-06-19T13:37:16.975+0000] {logging_mixin.py:151} INFO - [2026-06-19T13:37:16.975+0000] {dag.py:2915} INFO - Sync 1 DAGs
[2026-06-19T13:37:16.998+0000] {logging_mixin.py:151} INFO - [2026-06-19T13:37:16.997+0000] {dag.py:3696} INFO - Setting next_dagrun for daily_crypto_lstm_pipeline to 2026-06-19T00:02:00+00:00, run_after=2026-06-20T00:02:00+00:00
[2026-06-19T13:37:17.022+0000] {processor.py:179} INFO - Processing /opt/airflow/dags/binance_daily_dag.py took 2.941 seconds
[2026-06-19T13:37:47.291+0000] {processor.py:157} INFO - Started process (PID=17153) to work on /opt/airflow/dags/binance_daily_dag.py
[2026-06-19T13:37:47.292+0000] {processor.py:829} INFO - Processing file /opt/airflow/dags/binance_daily_dag.py for tasks to queue
[2026-06-19T13:37:47.293+0000] {logging_mixin.py:151} INFO - [2026-06-19T13:37:47.293+0000] {dagbag.py:539} INFO - Filling up the DagBag from /opt/airflow/dags/binance_daily_dag.py
[2026-06-19T13:37:50.053+0000] {processor.py:839} INFO - DAG(s) dict_keys(['daily_crypto_lstm_pipeline']) retrieved from /opt/airflow/dags/binance_daily_dag.py
[2026-06-19T13:37:50.083+0000] {logging_mixin.py:151} INFO - [2026-06-19T13:37:50.083+0000] {dag.py:2915} INFO - Sync 1 DAGs
[2026-06-19T13:37:50.107+0000] {logging_mixin.py:151} INFO - [2026-06-19T13:37:50.107+0000] {dag.py:3696} INFO - Setting next_dagrun for daily_crypto_lstm_pipeline to 2026-06-19T00:02:00+00:00, run_after=2026-06-20T00:02:00+00:00
[2026-06-19T13:37:50.166+0000] {processor.py:179} INFO - Processing /opt/airflow/dags/binance_daily_dag.py took 2.879 seconds
[2026-06-19T13:38:20.360+0000] {processor.py:157} INFO - Started process (PID=17186) to work on /opt/airflow/dags/binance_daily_dag.py
[2026-06-19T13:38:20.362+0000] {processor.py:829} INFO - Processing file /opt/airflow/dags/binance_daily_dag.py for tasks to queue
[2026-06-19T13:38:20.363+0000] {logging_mixin.py:151} INFO - [2026-06-19T13:38:20.362+0000] {dagbag.py:539} INFO - Filling up the DagBag from /opt/airflow/dags/binance_daily_dag.py
[2026-06-19T13:38:22.949+0000] {processor.py:839} INFO - DAG(s) dict_keys(['daily_crypto_lstm_pipeline']) retrieved from /opt/airflow/dags/binance_daily_dag.py
[2026-06-19T13:38:22.971+0000] {logging_mixin.py:151} INFO - [2026-06-19T13:38:22.971+0000] {dag.py:2915} INFO - Sync 1 DAGs
[2026-06-19T13:38:22.992+0000] {logging_mixin.py:151} INFO - [2026-06-19T13:38:22.992+0000] {dag.py:3696} INFO - Setting next_dagrun for daily_crypto_lstm_pipeline to 2026-06-19T00:02:00+00:00, run_after=2026-06-20T00:02:00+00:00
[2026-06-19T13:38:23.053+0000] {processor.py:179} INFO - Processing /opt/airflow/dags/binance_daily_dag.py took 2.696 seconds
[2026-06-19T13:38:53.338+0000] {processor.py:157} INFO - Started process (PID=17219) to work on /opt/airflow/dags/binance_daily_dag.py
[2026-06-19T13:38:53.340+0000] {processor.py:829} INFO - Processing file /opt/airflow/dags/binance_daily_dag.py for tasks to queue
[2026-06-19T13:38:53.341+0000] {logging_mixin.py:151} INFO - [2026-06-19T13:38:53.341+0000] {dagbag.py:539} INFO - Filling up the DagBag from /opt/airflow/dags/binance_daily_dag.py
[2026-06-19T13:38:56.226+0000] {processor.py:839} INFO - DAG(s) dict_keys(['daily_crypto_lstm_pipeline']) retrieved from /opt/airflow/dags/binance_daily_dag.py
[2026-06-19T13:38:56.257+0000] {logging_mixin.py:151} INFO - [2026-06-19T13:38:56.256+0000] {dag.py:2915} INFO - Sync 1 DAGs
[2026-06-19T13:38:56.290+0000] {logging_mixin.py:151} INFO - [2026-06-19T13:38:56.290+0000] {dag.py:3696} INFO - Setting next_dagrun for daily_crypto_lstm_pipeline to 2026-06-19T00:02:00+00:00, run_after=2026-06-20T00:02:00+00:00
[2026-06-19T13:38:56.314+0000] {processor.py:179} INFO - Processing /opt/airflow/dags/binance_daily_dag.py took 2.980 seconds
[2026-06-19T13:39:26.617+0000] {processor.py:157} INFO - Started process (PID=17252) to work on /opt/airflow/dags/binance_daily_dag.py
[2026-06-19T13:39:26.619+0000] {processor.py:829} INFO - Processing file /opt/airflow/dags/binance_daily_dag.py for tasks to queue
[2026-06-19T13:39:26.620+0000] {logging_mixin.py:151} INFO - [2026-06-19T13:39:26.619+0000] {dagbag.py:539} INFO - Filling up the DagBag from /opt/airflow/dags/binance_daily_dag.py
[2026-06-19T13:39:29.770+0000] {processor.py:839} INFO - DAG(s) dict_keys(['daily_crypto_lstm_pipeline']) retrieved from /opt/airflow/dags/binance_daily_dag.py
[2026-06-19T13:39:29.804+0000] {logging_mixin.py:151} INFO - [2026-06-19T13:39:29.803+0000] {dag.py:2915} INFO - Sync 1 DAGs
[2026-06-19T13:39:29.839+0000] {logging_mixin.py:151} INFO - [2026-06-19T13:39:29.838+0000] {dag.py:3696} INFO - Setting next_dagrun for daily_crypto_lstm_pipeline to 2026-06-19T00:02:00+00:00, run_after=2026-06-20T00:02:00+00:00
[2026-06-19T13:39:29.868+0000] {processor.py:179} INFO - Processing /opt/airflow/dags/binance_daily_dag.py took 3.257 seconds
[2026-06-19T13:40:00.229+0000] {processor.py:157} INFO - Started process (PID=17292) to work on /opt/airflow/dags/binance_daily_dag.py
[2026-06-19T13:40:00.234+0000] {processor.py:829} INFO - Processing file /opt/airflow/dags/binance_daily_dag.py for tasks to queue
[2026-06-19T13:40:00.236+0000] {logging_mixin.py:151} INFO - [2026-06-19T13:40:00.235+0000] {dagbag.py:539} INFO - Filling up the DagBag from /opt/airflow/dags/binance_daily_dag.py
[2026-06-19T13:40:03.248+0000] {processor.py:839} INFO - DAG(s) dict_keys(['daily_crypto_lstm_pipeline']) retrieved from /opt/airflow/dags/binance_daily_dag.py
[2026-06-19T13:40:03.270+0000] {logging_mixin.py:151} INFO - [2026-06-19T13:40:03.270+0000] {dag.py:2915} INFO - Sync 1 DAGs
[2026-06-19T13:40:03.292+0000] {logging_mixin.py:151} INFO - [2026-06-19T13:40:03.292+0000] {dag.py:3696} INFO - Setting next_dagrun for daily_crypto_lstm_pipeline to 2026-06-19T00:02:00+00:00, run_after=2026-06-20T00:02:00+00:00
[2026-06-19T13:40:03.358+0000] {processor.py:179} INFO - Processing /opt/airflow/dags/binance_daily_dag.py took 3.136 seconds
[2026-06-19T13:40:33.593+0000] {processor.py:157} INFO - Started process (PID=17325) to work on /opt/airflow/dags/binance_daily_dag.py
[2026-06-19T13:40:33.595+0000] {processor.py:829} INFO - Processing file /opt/airflow/dags/binance_daily_dag.py for tasks to queue
[2026-06-19T13:40:33.596+0000] {logging_mixin.py:151} INFO - [2026-06-19T13:40:33.596+0000] {dagbag.py:539} INFO - Filling up the DagBag from /opt/airflow/dags/binance_daily_dag.py
[2026-06-19T13:40:36.473+0000] {processor.py:839} INFO - DAG(s) dict_keys(['daily_crypto_lstm_pipeline']) retrieved from /opt/airflow/dags/binance_daily_dag.py
[2026-06-19T13:40:36.501+0000] {logging_mixin.py:151} INFO - [2026-06-19T13:40:36.500+0000] {dag.py:2915} INFO - Sync 1 DAGs
[2026-06-19T13:40:36.528+0000] {logging_mixin.py:151} INFO - [2026-06-19T13:40:36.527+0000] {dag.py:3696} INFO - Setting next_dagrun for daily_crypto_lstm_pipeline to 2026-06-19T00:02:00+00:00, run_after=2026-06-20T00:02:00+00:00
[2026-06-19T13:40:36.555+0000] {processor.py:179} INFO - Processing /opt/airflow/dags/binance_daily_dag.py took 2.967 seconds
[2026-06-19T13:41:06.756+0000] {processor.py:157} INFO - Started process (PID=17358) to work on /opt/airflow/dags/binance_daily_dag.py
[2026-06-19T13:41:06.759+0000] {processor.py:829} INFO - Processing file /opt/airflow/dags/binance_daily_dag.py for tasks to queue
[2026-06-19T13:41:06.760+0000] {logging_mixin.py:151} INFO - [2026-06-19T13:41:06.760+0000] {dagbag.py:539} INFO - Filling up the DagBag from /opt/airflow/dags/binance_daily_dag.py
[2026-06-19T13:41:09.697+0000] {processor.py:839} INFO - DAG(s) dict_keys(['daily_crypto_lstm_pipeline']) retrieved from /opt/airflow/dags/binance_daily_dag.py
[2026-06-19T13:41:09.721+0000] {logging_mixin.py:151} INFO - [2026-06-19T13:41:09.721+0000] {dag.py:2915} INFO - Sync 1 DAGs
[2026-06-19T13:41:09.749+0000] {logging_mixin.py:151} INFO - [2026-06-19T13:41:09.748+0000] {dag.py:3696} INFO - Setting next_dagrun for daily_crypto_lstm_pipeline to 2026-06-19T00:02:00+00:00, run_after=2026-06-20T00:02:00+00:00
[2026-06-19T13:41:09.771+0000] {processor.py:179} INFO - Processing /opt/airflow/dags/binance_daily_dag.py took 3.020 seconds
[2026-06-19T13:41:40.112+0000] {processor.py:157} INFO - Started process (PID=17391) to work on /opt/airflow/dags/binance_daily_dag.py
[2026-06-19T13:41:40.114+0000] {processor.py:829} INFO - Processing file /opt/airflow/dags/binance_daily_dag.py for tasks to queue
[2026-06-19T13:41:40.115+0000] {logging_mixin.py:151} INFO - [2026-06-19T13:41:40.115+0000] {dagbag.py:539} INFO - Filling up the DagBag from /opt/airflow/dags/binance_daily_dag.py
[2026-06-19T13:41:42.798+0000] {processor.py:839} INFO - DAG(s) dict_keys(['daily_crypto_lstm_pipeline']) retrieved from /opt/airflow/dags/binance_daily_dag.py
[2026-06-19T13:41:42.823+0000] {logging_mixin.py:151} INFO - [2026-06-19T13:41:42.823+0000] {dag.py:2915} INFO - Sync 1 DAGs
[2026-06-19T13:41:42.849+0000] {logging_mixin.py:151} INFO - [2026-06-19T13:41:42.848+0000] {dag.py:3696} INFO - Setting next_dagrun for daily_crypto_lstm_pipeline to 2026-06-19T00:02:00+00:00, run_after=2026-06-20T00:02:00+00:00
[2026-06-19T13:41:42.902+0000] {processor.py:179} INFO - Processing /opt/airflow/dags/binance_daily_dag.py took 2.795 seconds
[2026-06-19T13:42:13.243+0000] {processor.py:157} INFO - Started process (PID=17424) to work on /opt/airflow/dags/binance_daily_dag.py
[2026-06-19T13:42:13.245+0000] {processor.py:829} INFO - Processing file /opt/airflow/dags/binance_daily_dag.py for tasks to queue
[2026-06-19T13:42:13.246+0000] {logging_mixin.py:151} INFO - [2026-06-19T13:42:13.246+0000] {dagbag.py:539} INFO - Filling up the DagBag from /opt/airflow/dags/binance_daily_dag.py
[2026-06-19T13:42:16.289+0000] {processor.py:839} INFO - DAG(s) dict_keys(['daily_crypto_lstm_pipeline']) retrieved from /opt/airflow/dags/binance_daily_dag.py
[2026-06-19T13:42:16.315+0000] {logging_mixin.py:151} INFO - [2026-06-19T13:42:16.314+0000] {dag.py:2915} INFO - Sync 1 DAGs
[2026-06-19T13:42:16.338+0000] {logging_mixin.py:151} INFO - [2026-06-19T13:42:16.338+0000] {dag.py:3696} INFO - Setting next_dagrun for daily_crypto_lstm_pipeline to 2026-06-19T00:02:00+00:00, run_after=2026-06-20T00:02:00+00:00
[2026-06-19T13:42:16.362+0000] {processor.py:179} INFO - Processing /opt/airflow/dags/binance_daily_dag.py took 3.124 seconds
[2026-06-19T13:42:46.691+0000] {processor.py:157} INFO - Started process (PID=17457) to work on /opt/airflow/dags/binance_daily_dag.py
[2026-06-19T13:42:46.693+0000] {processor.py:829} INFO - Processing file /opt/airflow/dags/binance_daily_dag.py for tasks to queue
[2026-06-19T13:42:46.694+0000] {logging_mixin.py:151} INFO - [2026-06-19T13:42:46.694+0000] {dagbag.py:539} INFO - Filling up the DagBag from /opt/airflow/dags/binance_daily_dag.py
[2026-06-19T13:42:49.520+0000] {processor.py:839} INFO - DAG(s) dict_keys(['daily_crypto_lstm_pipeline']) retrieved from /opt/airflow/dags/binance_daily_dag.py
[2026-06-19T13:42:49.552+0000] {logging_mixin.py:151} INFO - [2026-06-19T13:42:49.552+0000] {dag.py:2915} INFO - Sync 1 DAGs
[2026-06-19T13:42:49.582+0000] {logging_mixin.py:151} INFO - [2026-06-19T13:42:49.582+0000] {dag.py:3696} INFO - Setting next_dagrun for daily_crypto_lstm_pipeline to 2026-06-19T00:02:00+00:00, run_after=2026-06-20T00:02:00+00:00
[2026-06-19T13:42:49.618+0000] {processor.py:179} INFO - Processing /opt/airflow/dags/binance_daily_dag.py took 2.933 seconds
[2026-06-19T13:43:20.008+0000] {processor.py:157} INFO - Started process (PID=17490) to work on /opt/airflow/dags/binance_daily_dag.py
[2026-06-19T13:43:20.010+0000] {processor.py:829} INFO - Processing file /opt/airflow/dags/binance_daily_dag.py for tasks to queue
[2026-06-19T13:43:20.011+0000] {logging_mixin.py:151} INFO - [2026-06-19T13:43:20.010+0000] {dagbag.py:539} INFO - Filling up the DagBag from /opt/airflow/dags/binance_daily_dag.py
[2026-06-19T13:43:22.957+0000] {processor.py:839} INFO - DAG(s) dict_keys(['daily_crypto_lstm_pipeline']) retrieved from /opt/airflow/dags/binance_daily_dag.py
[2026-06-19T13:43:22.982+0000] {logging_mixin.py:151} INFO - [2026-06-19T13:43:22.981+0000] {dag.py:2915} INFO - Sync 1 DAGs
[2026-06-19T13:43:23.003+0000] {logging_mixin.py:151} INFO - [2026-06-19T13:43:23.003+0000] {dag.py:3696} INFO - Setting next_dagrun for daily_crypto_lstm_pipeline to 2026-06-19T00:02:00+00:00, run_after=2026-06-20T00:02:00+00:00
[2026-06-19T13:43:23.023+0000] {processor.py:179} INFO - Processing /opt/airflow/dags/binance_daily_dag.py took 3.023 seconds
[2026-06-19T13:43:53.312+0000] {processor.py:157} INFO - Started process (PID=17523) to work on /opt/airflow/dags/binance_daily_dag.py
[2026-06-19T13:43:53.314+0000] {processor.py:829} INFO - Processing file /opt/airflow/dags/binance_daily_dag.py for tasks to queue
[2026-06-19T13:43:53.315+0000] {logging_mixin.py:151} INFO - [2026-06-19T13:43:53.315+0000] {dagbag.py:539} INFO - Filling up the DagBag from /opt/airflow/dags/binance_daily_dag.py
[2026-06-19T13:43:56.021+0000] {processor.py:839} INFO - DAG(s) dict_keys(['daily_crypto_lstm_pipeline']) retrieved from /opt/airflow/dags/binance_daily_dag.py
[2026-06-19T13:43:56.044+0000] {logging_mixin.py:151} INFO - [2026-06-19T13:43:56.043+0000] {dag.py:2915} INFO - Sync 1 DAGs
[2026-06-19T13:43:56.066+0000] {logging_mixin.py:151} INFO - [2026-06-19T13:43:56.066+0000] {dag.py:3696} INFO - Setting next_dagrun for daily_crypto_lstm_pipeline to 2026-06-19T00:02:00+00:00, run_after=2026-06-20T00:02:00+00:00
[2026-06-19T13:43:56.248+0000] {processor.py:179} INFO - Processing /opt/airflow/dags/binance_daily_dag.py took 2.939 seconds
[2026-06-19T13:44:26.542+0000] {processor.py:157} INFO - Started process (PID=17556) to work on /opt/airflow/dags/binance_daily_dag.py
[2026-06-19T13:44:26.549+0000] {processor.py:829} INFO - Processing file /opt/airflow/dags/binance_daily_dag.py for tasks to queue
[2026-06-19T13:44:26.551+0000] {logging_mixin.py:151} INFO - [2026-06-19T13:44:26.551+0000] {dagbag.py:539} INFO - Filling up the DagBag from /opt/airflow/dags/binance_daily_dag.py
[2026-06-19T13:44:29.247+0000] {processor.py:839} INFO - DAG(s) dict_keys(['daily_crypto_lstm_pipeline']) retrieved from /opt/airflow/dags/binance_daily_dag.py
[2026-06-19T13:44:29.275+0000] {logging_mixin.py:151} INFO - [2026-06-19T13:44:29.274+0000] {dag.py:2915} INFO - Sync 1 DAGs
[2026-06-19T13:44:29.304+0000] {logging_mixin.py:151} INFO - [2026-06-19T13:44:29.304+0000] {dag.py:3696} INFO - Setting next_dagrun for daily_crypto_lstm_pipeline to 2026-06-19T00:02:00+00:00, run_after=2026-06-20T00:02:00+00:00
[2026-06-19T13:44:29.328+0000] {processor.py:179} INFO - Processing /opt/airflow/dags/binance_daily_dag.py took 2.793 seconds
[2026-06-19T13:44:59.688+0000] {processor.py:157} INFO - Started process (PID=17589) to work on /opt/airflow/dags/binance_daily_dag.py
[2026-06-19T13:44:59.689+0000] {processor.py:829} INFO - Processing file /opt/airflow/dags/binance_daily_dag.py for tasks to queue
[2026-06-19T13:44:59.690+0000] {logging_mixin.py:151} INFO - [2026-06-19T13:44:59.690+0000] {dagbag.py:539} INFO - Filling up the DagBag from /opt/airflow/dags/binance_daily_dag.py
[2026-06-19T13:45:02.775+0000] {processor.py:839} INFO - DAG(s) dict_keys(['daily_crypto_lstm_pipeline']) retrieved from /opt/airflow/dags/binance_daily_dag.py
[2026-06-19T13:45:02.800+0000] {logging_mixin.py:151} INFO - [2026-06-19T13:45:02.799+0000] {dag.py:2915} INFO - Sync 1 DAGs
[2026-06-19T13:45:02.822+0000] {logging_mixin.py:151} INFO - [2026-06-19T13:45:02.821+0000] {dag.py:3696} INFO - Setting next_dagrun for daily_crypto_lstm_pipeline to 2026-06-19T00:02:00+00:00, run_after=2026-06-20T00:02:00+00:00
[2026-06-19T13:45:02.851+0000] {processor.py:179} INFO - Processing /opt/airflow/dags/binance_daily_dag.py took 3.168 seconds
[2026-06-19T13:45:33.120+0000] {processor.py:157} INFO - Started process (PID=17629) to work on /opt/airflow/dags/binance_daily_dag.py
[2026-06-19T13:45:33.121+0000] {processor.py:829} INFO - Processing file /opt/airflow/dags/binance_daily_dag.py for tasks to queue
[2026-06-19T13:45:33.122+0000] {logging_mixin.py:151} INFO - [2026-06-19T13:45:33.122+0000] {dagbag.py:539} INFO - Filling up the DagBag from /opt/airflow/dags/binance_daily_dag.py
[2026-06-19T13:45:36.246+0000] {processor.py:839} INFO - DAG(s) dict_keys(['daily_crypto_lstm_pipeline']) retrieved from /opt/airflow/dags/binance_daily_dag.py
[2026-06-19T13:45:36.302+0000] {logging_mixin.py:151} INFO - [2026-06-19T13:45:36.301+0000] {dag.py:2915} INFO - Sync 1 DAGs
[2026-06-19T13:45:36.536+0000] {logging_mixin.py:151} INFO - [2026-06-19T13:45:36.536+0000] {dag.py:3696} INFO - Setting next_dagrun for daily_crypto_lstm_pipeline to 2026-06-19T00:02:00+00:00, run_after=2026-06-20T00:02:00+00:00
[2026-06-19T13:45:36.577+0000] {processor.py:179} INFO - Processing /opt/airflow/dags/binance_daily_dag.py took 3.462 seconds
[2026-06-19T13:46:06.689+0000] {processor.py:157} INFO - Started process (PID=17662) to work on /opt/airflow/dags/binance_daily_dag.py
[2026-06-19T13:46:06.692+0000] {processor.py:829} INFO - Processing file /opt/airflow/dags/binance_daily_dag.py for tasks to queue
[2026-06-19T13:46:06.693+0000] {logging_mixin.py:151} INFO - [2026-06-19T13:46:06.693+0000] {dagbag.py:539} INFO - Filling up the DagBag from /opt/airflow/dags/binance_daily_dag.py
[2026-06-19T13:46:09.466+0000] {processor.py:839} INFO - DAG(s) dict_keys(['daily_crypto_lstm_pipeline']) retrieved from /opt/airflow/dags/binance_daily_dag.py
[2026-06-19T13:46:09.493+0000] {logging_mixin.py:151} INFO - [2026-06-19T13:46:09.492+0000] {dag.py:2915} INFO - Sync 1 DAGs
[2026-06-19T13:46:09.516+0000] {logging_mixin.py:151} INFO - [2026-06-19T13:46:09.515+0000] {dag.py:3696} INFO - Setting next_dagrun for daily_crypto_lstm_pipeline to 2026-06-19T00:02:00+00:00, run_after=2026-06-20T00:02:00+00:00
[2026-06-19T13:46:09.536+0000] {processor.py:179} INFO - Processing /opt/airflow/dags/binance_daily_dag.py took 2.851 seconds
[2026-06-19T13:46:39.813+0000] {processor.py:157} INFO - Started process (PID=17695) to work on /opt/airflow/dags/binance_daily_dag.py
[2026-06-19T13:46:39.814+0000] {processor.py:829} INFO - Processing file /opt/airflow/dags/binance_daily_dag.py for tasks to queue
[2026-06-19T13:46:39.816+0000] {logging_mixin.py:151} INFO - [2026-06-19T13:46:39.815+0000] {dagbag.py:539} INFO - Filling up the DagBag from /opt/airflow/dags/binance_daily_dag.py
[2026-06-19T13:46:42.699+0000] {processor.py:839} INFO - DAG(s) dict_keys(['daily_crypto_lstm_pipeline']) retrieved from /opt/airflow/dags/binance_daily_dag.py
[2026-06-19T13:46:42.724+0000] {logging_mixin.py:151} INFO - [2026-06-19T13:46:42.723+0000] {dag.py:2915} INFO - Sync 1 DAGs
[2026-06-19T13:46:42.748+0000] {logging_mixin.py:151} INFO - [2026-06-19T13:46:42.748+0000] {dag.py:3696} INFO - Setting next_dagrun for daily_crypto_lstm_pipeline to 2026-06-19T00:02:00+00:00, run_after=2026-06-20T00:02:00+00:00
[2026-06-19T13:46:42.954+0000] {processor.py:179} INFO - Processing /opt/airflow/dags/binance_daily_dag.py took 3.146 seconds
[2026-06-19T13:47:13.239+0000] {processor.py:157} INFO - Started process (PID=17728) to work on /opt/airflow/dags/binance_daily_dag.py
[2026-06-19T13:47:13.242+0000] {processor.py:829} INFO - Processing file /opt/airflow/dags/binance_daily_dag.py for tasks to queue
[2026-06-19T13:47:13.244+0000] {logging_mixin.py:151} INFO - [2026-06-19T13:47:13.243+0000] {dagbag.py:539} INFO - Filling up the DagBag from /opt/airflow/dags/binance_daily_dag.py
[2026-06-19T13:47:15.968+0000] {processor.py:839} INFO - DAG(s) dict_keys(['daily_crypto_lstm_pipeline']) retrieved from /opt/airflow/dags/binance_daily_dag.py
[2026-06-19T13:47:15.993+0000] {logging_mixin.py:151} INFO - [2026-06-19T13:47:15.993+0000] {dag.py:2915} INFO - Sync 1 DAGs
[2026-06-19T13:47:16.018+0000] {logging_mixin.py:151} INFO - [2026-06-19T13:47:16.018+0000] {dag.py:3696} INFO - Setting next_dagrun for daily_crypto_lstm_pipeline to 2026-06-19T00:02:00+00:00, run_after=2026-06-20T00:02:00+00:00
[2026-06-19T13:47:16.045+0000] {processor.py:179} INFO - Processing /opt/airflow/dags/binance_daily_dag.py took 2.811 seconds
[2026-06-19T13:47:46.335+0000] {processor.py:157} INFO - Started process (PID=17761) to work on /opt/airflow/dags/binance_daily_dag.py
[2026-06-19T13:47:46.337+0000] {processor.py:829} INFO - Processing file /opt/airflow/dags/binance_daily_dag.py for tasks to queue
[2026-06-19T13:47:46.339+0000] {logging_mixin.py:151} INFO - [2026-06-19T13:47:46.338+0000] {dagbag.py:539} INFO - Filling up the DagBag from /opt/airflow/dags/binance_daily_dag.py
[2026-06-19T13:47:49.104+0000] {processor.py:839} INFO - DAG(s) dict_keys(['daily_crypto_lstm_pipeline']) retrieved from /opt/airflow/dags/binance_daily_dag.py
[2026-06-19T13:47:49.128+0000] {logging_mixin.py:151} INFO - [2026-06-19T13:47:49.127+0000] {dag.py:2915} INFO - Sync 1 DAGs
[2026-06-19T13:47:49.154+0000] {logging_mixin.py:151} INFO - [2026-06-19T13:47:49.154+0000] {dag.py:3696} INFO - Setting next_dagrun for daily_crypto_lstm_pipeline to 2026-06-19T00:02:00+00:00, run_after=2026-06-20T00:02:00+00:00
[2026-06-19T13:47:49.178+0000] {processor.py:179} INFO - Processing /opt/airflow/dags/binance_daily_dag.py took 2.847 seconds
[2026-06-19T13:48:19.466+0000] {processor.py:157} INFO - Started process (PID=17794) to work on /opt/airflow/dags/binance_daily_dag.py
[2026-06-19T13:48:19.468+0000] {processor.py:829} INFO - Processing file /opt/airflow/dags/binance_daily_dag.py for tasks to queue
[2026-06-19T13:48:19.469+0000] {logging_mixin.py:151} INFO - [2026-06-19T13:48:19.469+0000] {dagbag.py:539} INFO - Filling up the DagBag from /opt/airflow/dags/binance_daily_dag.py
[2026-06-19T13:48:22.578+0000] {processor.py:839} INFO - DAG(s) dict_keys(['daily_crypto_lstm_pipeline']) retrieved from /opt/airflow/dags/binance_daily_dag.py
[2026-06-19T13:48:22.604+0000] {logging_mixin.py:151} INFO - [2026-06-19T13:48:22.603+0000] {dag.py:2915} INFO - Sync 1 DAGs
[2026-06-19T13:48:22.819+0000] {logging_mixin.py:151} INFO - [2026-06-19T13:48:22.818+0000] {dag.py:3696} INFO - Setting next_dagrun for daily_crypto_lstm_pipeline to 2026-06-19T00:02:00+00:00, run_after=2026-06-20T00:02:00+00:00
[2026-06-19T13:48:22.884+0000] {processor.py:179} INFO - Processing /opt/airflow/dags/binance_daily_dag.py took 3.421 seconds
[2026-06-19T13:48:53.175+0000] {processor.py:157} INFO - Started process (PID=17827) to work on /opt/airflow/dags/binance_daily_dag.py
[2026-06-19T13:48:53.177+0000] {processor.py:829} INFO - Processing file /opt/airflow/dags/binance_daily_dag.py for tasks to queue
[2026-06-19T13:48:53.178+0000] {logging_mixin.py:151} INFO - [2026-06-19T13:48:53.177+0000] {dagbag.py:539} INFO - Filling up the DagBag from /opt/airflow/dags/binance_daily_dag.py
[2026-06-19T13:48:55.940+0000] {processor.py:839} INFO - DAG(s) dict_keys(['daily_crypto_lstm_pipeline']) retrieved from /opt/airflow/dags/binance_daily_dag.py
[2026-06-19T13:48:55.968+0000] {logging_mixin.py:151} INFO - [2026-06-19T13:48:55.967+0000] {dag.py:2915} INFO - Sync 1 DAGs
[2026-06-19T13:48:55.993+0000] {logging_mixin.py:151} INFO - [2026-06-19T13:48:55.993+0000] {dag.py:3696} INFO - Setting next_dagrun for daily_crypto_lstm_pipeline to 2026-06-19T00:02:00+00:00, run_after=2026-06-20T00:02:00+00:00
[2026-06-19T13:48:56.056+0000] {processor.py:179} INFO - Processing /opt/airflow/dags/binance_daily_dag.py took 2.885 seconds
[2026-06-19T13:49:26.355+0000] {processor.py:157} INFO - Started process (PID=17860) to work on /opt/airflow/dags/binance_daily_dag.py
[2026-06-19T13:49:26.357+0000] {processor.py:829} INFO - Processing file /opt/airflow/dags/binance_daily_dag.py for tasks to queue
[2026-06-19T13:49:26.358+0000] {logging_mixin.py:151} INFO - [2026-06-19T13:49:26.357+0000] {dagbag.py:539} INFO - Filling up the DagBag from /opt/airflow/dags/binance_daily_dag.py
[2026-06-19T13:49:29.124+0000] {processor.py:839} INFO - DAG(s) dict_keys(['daily_crypto_lstm_pipeline']) retrieved from /opt/airflow/dags/binance_daily_dag.py
[2026-06-19T13:49:29.152+0000] {logging_mixin.py:151} INFO - [2026-06-19T13:49:29.152+0000] {dag.py:2915} INFO - Sync 1 DAGs
[2026-06-19T13:49:29.393+0000] {logging_mixin.py:151} INFO - [2026-06-19T13:49:29.393+0000] {dag.py:3696} INFO - Setting next_dagrun for daily_crypto_lstm_pipeline to 2026-06-19T00:02:00+00:00, run_after=2026-06-20T00:02:00+00:00
[2026-06-19T13:49:29.415+0000] {processor.py:179} INFO - Processing /opt/airflow/dags/binance_daily_dag.py took 3.064 seconds
[2026-06-19T13:49:59.830+0000] {processor.py:157} INFO - Started process (PID=17893) to work on /opt/airflow/dags/binance_daily_dag.py
[2026-06-19T13:49:59.832+0000] {processor.py:829} INFO - Processing file /opt/airflow/dags/binance_daily_dag.py for tasks to queue
[2026-06-19T13:49:59.833+0000] {logging_mixin.py:151} INFO - [2026-06-19T13:49:59.832+0000] {dagbag.py:539} INFO - Filling up the DagBag from /opt/airflow/dags/binance_daily_dag.py
[2026-06-19T13:50:02.972+0000] {processor.py:839} INFO - DAG(s) dict_keys(['daily_crypto_lstm_pipeline']) retrieved from /opt/airflow/dags/binance_daily_dag.py
[2026-06-19T13:50:02.994+0000] {logging_mixin.py:151} INFO - [2026-06-19T13:50:02.993+0000] {dag.py:2915} INFO - Sync 1 DAGs
[2026-06-19T13:50:03.016+0000] {logging_mixin.py:151} INFO - [2026-06-19T13:50:03.016+0000] {dag.py:3696} INFO - Setting next_dagrun for daily_crypto_lstm_pipeline to 2026-06-19T00:02:00+00:00, run_after=2026-06-20T00:02:00+00:00
[2026-06-19T13:50:03.075+0000] {processor.py:179} INFO - Processing /opt/airflow/dags/binance_daily_dag.py took 3.249 seconds
[2026-06-19T13:50:33.167+0000] {processor.py:157} INFO - Started process (PID=17941) to work on /opt/airflow/dags/binance_daily_dag.py
[2026-06-19T13:50:33.169+0000] {processor.py:829} INFO - Processing file /opt/airflow/dags/binance_daily_dag.py for tasks to queue
[2026-06-19T13:50:33.171+0000] {logging_mixin.py:151} INFO - [2026-06-19T13:50:33.171+0000] {dagbag.py:539} INFO - Filling up the DagBag from /opt/airflow/dags/binance_daily_dag.py
[2026-06-19T13:50:35.809+0000] {processor.py:839} INFO - DAG(s) dict_keys(['daily_crypto_lstm_pipeline']) retrieved from /opt/airflow/dags/binance_daily_dag.py
[2026-06-19T13:50:35.833+0000] {logging_mixin.py:151} INFO - [2026-06-19T13:50:35.833+0000] {dag.py:2915} INFO - Sync 1 DAGs
[2026-06-19T13:50:35.854+0000] {logging_mixin.py:151} INFO - [2026-06-19T13:50:35.854+0000] {dag.py:3696} INFO - Setting next_dagrun for daily_crypto_lstm_pipeline to 2026-06-19T00:02:00+00:00, run_after=2026-06-20T00:02:00+00:00
[2026-06-19T13:50:36.041+0000] {processor.py:179} INFO - Processing /opt/airflow/dags/binance_daily_dag.py took 2.884 seconds
[2026-06-19T13:51:06.329+0000] {processor.py:157} INFO - Started process (PID=17971) to work on /opt/airflow/dags/binance_daily_dag.py
[2026-06-19T13:51:06.330+0000] {processor.py:829} INFO - Processing file /opt/airflow/dags/binance_daily_dag.py for tasks to queue
[2026-06-19T13:51:06.331+0000] {logging_mixin.py:151} INFO - [2026-06-19T13:51:06.331+0000] {dagbag.py:539} INFO - Filling up the DagBag from /opt/airflow/dags/binance_daily_dag.py
[2026-06-19T13:51:09.310+0000] {processor.py:839} INFO - DAG(s) dict_keys(['daily_crypto_lstm_pipeline']) retrieved from /opt/airflow/dags/binance_daily_dag.py
[2026-06-19T13:51:09.333+0000] {logging_mixin.py:151} INFO - [2026-06-19T13:51:09.333+0000] {dag.py:2915} INFO - Sync 1 DAGs
[2026-06-19T13:51:09.359+0000] {logging_mixin.py:151} INFO - [2026-06-19T13:51:09.359+0000] {dag.py:3696} INFO - Setting next_dagrun for daily_crypto_lstm_pipeline to 2026-06-19T00:02:00+00:00, run_after=2026-06-20T00:02:00+00:00
[2026-06-19T13:51:09.418+0000] {processor.py:179} INFO - Processing /opt/airflow/dags/binance_daily_dag.py took 3.094 seconds
[2026-06-19T13:51:39.762+0000] {processor.py:157} INFO - Started process (PID=18007) to work on /opt/airflow/dags/binance_daily_dag.py
[2026-06-19T13:51:39.765+0000] {processor.py:829} INFO - Processing file /opt/airflow/dags/binance_daily_dag.py for tasks to queue
[2026-06-19T13:51:39.766+0000] {logging_mixin.py:151} INFO - [2026-06-19T13:51:39.766+0000] {dagbag.py:539} INFO - Filling up the DagBag from /opt/airflow/dags/binance_daily_dag.py
[2026-06-19T13:51:42.835+0000] {processor.py:839} INFO - DAG(s) dict_keys(['daily_crypto_lstm_pipeline']) retrieved from /opt/airflow/dags/binance_daily_dag.py
[2026-06-19T13:51:42.860+0000] {logging_mixin.py:151} INFO - [2026-06-19T13:51:42.859+0000] {dag.py:2915} INFO - Sync 1 DAGs
[2026-06-19T13:51:42.881+0000] {logging_mixin.py:151} INFO - [2026-06-19T13:51:42.880+0000] {dag.py:3696} INFO - Setting next_dagrun for daily_crypto_lstm_pipeline to 2026-06-19T00:02:00+00:00, run_after=2026-06-20T00:02:00+00:00
[2026-06-19T13:51:42.942+0000] {processor.py:179} INFO - Processing /opt/airflow/dags/binance_daily_dag.py took 3.190 seconds
[2026-06-19T13:52:13.320+0000] {processor.py:157} INFO - Started process (PID=18040) to work on /opt/airflow/dags/binance_daily_dag.py
[2026-06-19T13:52:13.323+0000] {processor.py:829} INFO - Processing file /opt/airflow/dags/binance_daily_dag.py for tasks to queue
[2026-06-19T13:52:13.325+0000] {logging_mixin.py:151} INFO - [2026-06-19T13:52:13.324+0000] {dagbag.py:539} INFO - Filling up the DagBag from /opt/airflow/dags/binance_daily_dag.py
[2026-06-19T13:52:16.052+0000] {processor.py:839} INFO - DAG(s) dict_keys(['daily_crypto_lstm_pipeline']) retrieved from /opt/airflow/dags/binance_daily_dag.py
[2026-06-19T13:52:16.075+0000] {logging_mixin.py:151} INFO - [2026-06-19T13:52:16.074+0000] {dag.py:2915} INFO - Sync 1 DAGs
[2026-06-19T13:52:16.280+0000] {logging_mixin.py:151} INFO - [2026-06-19T13:52:16.279+0000] {dag.py:3696} INFO - Setting next_dagrun for daily_crypto_lstm_pipeline to 2026-06-19T00:02:00+00:00, run_after=2026-06-20T00:02:00+00:00
[2026-06-19T13:52:16.339+0000] {processor.py:179} INFO - Processing /opt/airflow/dags/binance_daily_dag.py took 3.029 seconds
[2026-06-19T13:52:46.536+0000] {processor.py:157} INFO - Started process (PID=18070) to work on /opt/airflow/dags/binance_daily_dag.py
[2026-06-19T13:52:46.537+0000] {processor.py:829} INFO - Processing file /opt/airflow/dags/binance_daily_dag.py for tasks to queue
[2026-06-19T13:52:46.538+0000] {logging_mixin.py:151} INFO - [2026-06-19T13:52:46.538+0000] {dagbag.py:539} INFO - Filling up the DagBag from /opt/airflow/dags/binance_daily_dag.py
[2026-06-19T13:52:49.467+0000] {processor.py:839} INFO - DAG(s) dict_keys(['daily_crypto_lstm_pipeline']) retrieved from /opt/airflow/dags/binance_daily_dag.py
[2026-06-19T13:52:49.493+0000] {logging_mixin.py:151} INFO - [2026-06-19T13:52:49.492+0000] {dag.py:2915} INFO - Sync 1 DAGs
[2026-06-19T13:52:49.521+0000] {logging_mixin.py:151} INFO - [2026-06-19T13:52:49.520+0000] {dag.py:3696} INFO - Setting next_dagrun for daily_crypto_lstm_pipeline to 2026-06-19T00:02:00+00:00, run_after=2026-06-20T00:02:00+00:00
[2026-06-19T13:52:49.575+0000] {processor.py:179} INFO - Processing /opt/airflow/dags/binance_daily_dag.py took 3.043 seconds
[2026-06-19T13:53:19.717+0000] {processor.py:157} INFO - Started process (PID=18104) to work on /opt/airflow/dags/binance_daily_dag.py
[2026-06-19T13:53:19.718+0000] {processor.py:829} INFO - Processing file /opt/airflow/dags/binance_daily_dag.py for tasks to queue
[2026-06-19T13:53:19.719+0000] {logging_mixin.py:151} INFO - [2026-06-19T13:53:19.719+0000] {dagbag.py:539} INFO - Filling up the DagBag from /opt/airflow/dags/binance_daily_dag.py
[2026-06-19T13:53:22.663+0000] {processor.py:839} INFO - DAG(s) dict_keys(['daily_crypto_lstm_pipeline']) retrieved from /opt/airflow/dags/binance_daily_dag.py
[2026-06-19T13:53:22.685+0000] {logging_mixin.py:151} INFO - [2026-06-19T13:53:22.685+0000] {dag.py:2915} INFO - Sync 1 DAGs
[2026-06-19T13:53:22.710+0000] {logging_mixin.py:151} INFO - [2026-06-19T13:53:22.709+0000] {dag.py:3696} INFO - Setting next_dagrun for daily_crypto_lstm_pipeline to 2026-06-19T00:02:00+00:00, run_after=2026-06-20T00:02:00+00:00
[2026-06-19T13:53:22.769+0000] {processor.py:179} INFO - Processing /opt/airflow/dags/binance_daily_dag.py took 3.056 seconds
[2026-06-19T13:53:53.157+0000] {processor.py:157} INFO - Started process (PID=18140) to work on /opt/airflow/dags/binance_daily_dag.py
[2026-06-19T13:53:53.160+0000] {processor.py:829} INFO - Processing file /opt/airflow/dags/binance_daily_dag.py for tasks to queue
[2026-06-19T13:53:53.161+0000] {logging_mixin.py:151} INFO - [2026-06-19T13:53:53.161+0000] {dagbag.py:539} INFO - Filling up the DagBag from /opt/airflow/dags/binance_daily_dag.py
[2026-06-19T13:53:55.834+0000] {processor.py:839} INFO - DAG(s) dict_keys(['daily_crypto_lstm_pipeline']) retrieved from /opt/airflow/dags/binance_daily_dag.py
[2026-06-19T13:53:55.860+0000] {logging_mixin.py:151} INFO - [2026-06-19T13:53:55.859+0000] {dag.py:2915} INFO - Sync 1 DAGs
[2026-06-19T13:53:55.881+0000] {logging_mixin.py:151} INFO - [2026-06-19T13:53:55.881+0000] {dag.py:3696} INFO - Setting next_dagrun for daily_crypto_lstm_pipeline to 2026-06-19T00:02:00+00:00, run_after=2026-06-20T00:02:00+00:00
[2026-06-19T13:53:55.903+0000] {processor.py:179} INFO - Processing /opt/airflow/dags/binance_daily_dag.py took 2.754 seconds
[2026-06-19T13:54:26.291+0000] {processor.py:157} INFO - Started process (PID=18174) to work on /opt/airflow/dags/binance_daily_dag.py
[2026-06-19T13:54:26.294+0000] {processor.py:829} INFO - Processing file /opt/airflow/dags/binance_daily_dag.py for tasks to queue
[2026-06-19T13:54:26.295+0000] {logging_mixin.py:151} INFO - [2026-06-19T13:54:26.295+0000] {dagbag.py:539} INFO - Filling up the DagBag from /opt/airflow/dags/binance_daily_dag.py
[2026-06-19T13:54:29.330+0000] {processor.py:839} INFO - DAG(s) dict_keys(['daily_crypto_lstm_pipeline']) retrieved from /opt/airflow/dags/binance_daily_dag.py
[2026-06-19T13:54:29.361+0000] {logging_mixin.py:151} INFO - [2026-06-19T13:54:29.361+0000] {dag.py:2915} INFO - Sync 1 DAGs
[2026-06-19T13:54:29.392+0000] {logging_mixin.py:151} INFO - [2026-06-19T13:54:29.392+0000] {dag.py:3696} INFO - Setting next_dagrun for daily_crypto_lstm_pipeline to 2026-06-19T00:02:00+00:00, run_after=2026-06-20T00:02:00+00:00
[2026-06-19T13:54:29.455+0000] {processor.py:179} INFO - Processing /opt/airflow/dags/binance_daily_dag.py took 3.173 seconds
[2026-06-19T13:54:59.922+0000] {processor.py:157} INFO - Started process (PID=18207) to work on /opt/airflow/dags/binance_daily_dag.py
[2026-06-19T13:54:59.925+0000] {processor.py:829} INFO - Processing file /opt/airflow/dags/binance_daily_dag.py for tasks to queue
[2026-06-19T13:54:59.927+0000] {logging_mixin.py:151} INFO - [2026-06-19T13:54:59.927+0000] {dagbag.py:539} INFO - Filling up the DagBag from /opt/airflow/dags/binance_daily_dag.py
[2026-06-19T13:55:02.648+0000] {processor.py:839} INFO - DAG(s) dict_keys(['daily_crypto_lstm_pipeline']) retrieved from /opt/airflow/dags/binance_daily_dag.py
[2026-06-19T13:55:02.668+0000] {logging_mixin.py:151} INFO - [2026-06-19T13:55:02.667+0000] {dag.py:2915} INFO - Sync 1 DAGs
[2026-06-19T13:55:02.848+0000] {logging_mixin.py:151} INFO - [2026-06-19T13:55:02.848+0000] {dag.py:3696} INFO - Setting next_dagrun for daily_crypto_lstm_pipeline to 2026-06-19T00:02:00+00:00, run_after=2026-06-20T00:02:00+00:00
[2026-06-19T13:55:02.884+0000] {processor.py:179} INFO - Processing /opt/airflow/dags/binance_daily_dag.py took 2.974 seconds
[2026-06-19T13:55:33.255+0000] {processor.py:157} INFO - Started process (PID=18248) to work on /opt/airflow/dags/binance_daily_dag.py
[2026-06-19T13:55:33.259+0000] {processor.py:829} INFO - Processing file /opt/airflow/dags/binance_daily_dag.py for tasks to queue
[2026-06-19T13:55:33.260+0000] {logging_mixin.py:151} INFO - [2026-06-19T13:55:33.260+0000] {dagbag.py:539} INFO - Filling up the DagBag from /opt/airflow/dags/binance_daily_dag.py
[2026-06-19T13:55:37.696+0000] {processor.py:839} INFO - DAG(s) dict_keys(['daily_crypto_lstm_pipeline']) retrieved from /opt/airflow/dags/binance_daily_dag.py
[2026-06-19T13:55:37.723+0000] {logging_mixin.py:151} INFO - [2026-06-19T13:55:37.722+0000] {dag.py:2915} INFO - Sync 1 DAGs
[2026-06-19T13:55:37.747+0000] {logging_mixin.py:151} INFO - [2026-06-19T13:55:37.747+0000] {dag.py:3696} INFO - Setting next_dagrun for daily_crypto_lstm_pipeline to 2026-06-19T00:02:00+00:00, run_after=2026-06-20T00:02:00+00:00
[2026-06-19T13:55:37.766+0000] {processor.py:179} INFO - Processing /opt/airflow/dags/binance_daily_dag.py took 4.526 seconds
[2026-06-19T13:56:08.166+0000] {processor.py:157} INFO - Started process (PID=18287) to work on /opt/airflow/dags/binance_daily_dag.py
[2026-06-19T13:56:08.169+0000] {processor.py:829} INFO - Processing file /opt/airflow/dags/binance_daily_dag.py for tasks to queue
[2026-06-19T13:56:08.171+0000] {logging_mixin.py:151} INFO - [2026-06-19T13:56:08.170+0000] {dagbag.py:539} INFO - Filling up the DagBag from /opt/airflow/dags/binance_daily_dag.py
[2026-06-19T13:56:10.716+0000] {processor.py:839} INFO - DAG(s) dict_keys(['daily_crypto_lstm_pipeline']) retrieved from /opt/airflow/dags/binance_daily_dag.py
[2026-06-19T13:56:10.739+0000] {logging_mixin.py:151} INFO - [2026-06-19T13:56:10.738+0000] {dag.py:2915} INFO - Sync 1 DAGs
[2026-06-19T13:56:10.767+0000] {logging_mixin.py:151} INFO - [2026-06-19T13:56:10.767+0000] {dag.py:3696} INFO - Setting next_dagrun for daily_crypto_lstm_pipeline to 2026-06-19T00:02:00+00:00, run_after=2026-06-20T00:02:00+00:00
[2026-06-19T13:56:10.802+0000] {processor.py:179} INFO - Processing /opt/airflow/dags/binance_daily_dag.py took 2.640 seconds
[2026-06-19T13:56:41.020+0000] {processor.py:157} INFO - Started process (PID=18322) to work on /opt/airflow/dags/binance_daily_dag.py
[2026-06-19T13:56:41.022+0000] {processor.py:829} INFO - Processing file /opt/airflow/dags/binance_daily_dag.py for tasks to queue
[2026-06-19T13:56:41.023+0000] {logging_mixin.py:151} INFO - [2026-06-19T13:56:41.023+0000] {dagbag.py:539} INFO - Filling up the DagBag from /opt/airflow/dags/binance_daily_dag.py
[2026-06-19T13:56:43.392+0000] {processor.py:839} INFO - DAG(s) dict_keys(['daily_crypto_lstm_pipeline']) retrieved from /opt/airflow/dags/binance_daily_dag.py
[2026-06-19T13:56:43.422+0000] {logging_mixin.py:151} INFO - [2026-06-19T13:56:43.421+0000] {dag.py:2915} INFO - Sync 1 DAGs
[2026-06-19T13:56:43.451+0000] {logging_mixin.py:151} INFO - [2026-06-19T13:56:43.451+0000] {dag.py:3696} INFO - Setting next_dagrun for daily_crypto_lstm_pipeline to 2026-06-19T00:02:00+00:00, run_after=2026-06-20T00:02:00+00:00
[2026-06-19T13:56:43.477+0000] {processor.py:179} INFO - Processing /opt/airflow/dags/binance_daily_dag.py took 2.462 seconds
[2026-06-19T13:57:13.862+0000] {processor.py:157} INFO - Started process (PID=18353) to work on /opt/airflow/dags/binance_daily_dag.py
[2026-06-19T13:57:13.864+0000] {processor.py:829} INFO - Processing file /opt/airflow/dags/binance_daily_dag.py for tasks to queue
[2026-06-19T13:57:13.865+0000] {logging_mixin.py:151} INFO - [2026-06-19T13:57:13.865+0000] {dagbag.py:539} INFO - Filling up the DagBag from /opt/airflow/dags/binance_daily_dag.py
[2026-06-19T13:57:16.346+0000] {processor.py:839} INFO - DAG(s) dict_keys(['daily_crypto_lstm_pipeline']) retrieved from /opt/airflow/dags/binance_daily_dag.py
[2026-06-19T13:57:16.367+0000] {logging_mixin.py:151} INFO - [2026-06-19T13:57:16.367+0000] {dag.py:2915} INFO - Sync 1 DAGs
[2026-06-19T13:57:16.388+0000] {logging_mixin.py:151} INFO - [2026-06-19T13:57:16.387+0000] {dag.py:3696} INFO - Setting next_dagrun for daily_crypto_lstm_pipeline to 2026-06-19T00:02:00+00:00, run_after=2026-06-20T00:02:00+00:00
[2026-06-19T13:57:16.445+0000] {processor.py:179} INFO - Processing /opt/airflow/dags/binance_daily_dag.py took 2.586 seconds
[2026-06-19T13:57:46.543+0000] {processor.py:157} INFO - Started process (PID=18386) to work on /opt/airflow/dags/binance_daily_dag.py
[2026-06-19T13:57:46.545+0000] {processor.py:829} INFO - Processing file /opt/airflow/dags/binance_daily_dag.py for tasks to queue
[2026-06-19T13:57:46.547+0000] {logging_mixin.py:151} INFO - [2026-06-19T13:57:46.546+0000] {dagbag.py:539} INFO - Filling up the DagBag from /opt/airflow/dags/binance_daily_dag.py
[2026-06-19T13:57:49.061+0000] {processor.py:839} INFO - DAG(s) dict_keys(['daily_crypto_lstm_pipeline']) retrieved from /opt/airflow/dags/binance_daily_dag.py
[2026-06-19T13:57:49.084+0000] {logging_mixin.py:151} INFO - [2026-06-19T13:57:49.083+0000] {dag.py:2915} INFO - Sync 1 DAGs
[2026-06-19T13:57:49.105+0000] {logging_mixin.py:151} INFO - [2026-06-19T13:57:49.105+0000] {dag.py:3696} INFO - Setting next_dagrun for daily_crypto_lstm_pipeline to 2026-06-19T00:02:00+00:00, run_after=2026-06-20T00:02:00+00:00
[2026-06-19T13:57:49.165+0000] {processor.py:179} INFO - Processing /opt/airflow/dags/binance_daily_dag.py took 2.629 seconds
[2026-06-19T13:58:19.288+0000] {processor.py:157} INFO - Started process (PID=18418) to work on /opt/airflow/dags/binance_daily_dag.py
[2026-06-19T13:58:19.291+0000] {processor.py:829} INFO - Processing file /opt/airflow/dags/binance_daily_dag.py for tasks to queue
[2026-06-19T13:58:19.293+0000] {logging_mixin.py:151} INFO - [2026-06-19T13:58:19.293+0000] {dagbag.py:539} INFO - Filling up the DagBag from /opt/airflow/dags/binance_daily_dag.py
[2026-06-19T13:58:22.173+0000] {processor.py:839} INFO - DAG(s) dict_keys(['daily_crypto_lstm_pipeline']) retrieved from /opt/airflow/dags/binance_daily_dag.py
[2026-06-19T13:58:22.194+0000] {logging_mixin.py:151} INFO - [2026-06-19T13:58:22.193+0000] {dag.py:2915} INFO - Sync 1 DAGs
[2026-06-19T13:58:22.215+0000] {logging_mixin.py:151} INFO - [2026-06-19T13:58:22.215+0000] {dag.py:3696} INFO - Setting next_dagrun for daily_crypto_lstm_pipeline to 2026-06-19T00:02:00+00:00, run_after=2026-06-20T00:02:00+00:00
[2026-06-19T13:58:22.236+0000] {processor.py:179} INFO - Processing /opt/airflow/dags/binance_daily_dag.py took 2.956 seconds
[2026-06-19T13:58:52.623+0000] {processor.py:157} INFO - Started process (PID=18451) to work on /opt/airflow/dags/binance_daily_dag.py
[2026-06-19T13:58:52.625+0000] {processor.py:829} INFO - Processing file /opt/airflow/dags/binance_daily_dag.py for tasks to queue
[2026-06-19T13:58:52.626+0000] {logging_mixin.py:151} INFO - [2026-06-19T13:58:52.626+0000] {dagbag.py:539} INFO - Filling up the DagBag from /opt/airflow/dags/binance_daily_dag.py
[2026-06-19T13:58:55.232+0000] {processor.py:839} INFO - DAG(s) dict_keys(['daily_crypto_lstm_pipeline']) retrieved from /opt/airflow/dags/binance_daily_dag.py
[2026-06-19T13:58:55.255+0000] {logging_mixin.py:151} INFO - [2026-06-19T13:58:55.254+0000] {dag.py:2915} INFO - Sync 1 DAGs
[2026-06-19T13:58:55.292+0000] {logging_mixin.py:151} INFO - [2026-06-19T13:58:55.291+0000] {dag.py:3696} INFO - Setting next_dagrun for daily_crypto_lstm_pipeline to 2026-06-19T00:02:00+00:00, run_after=2026-06-20T00:02:00+00:00
[2026-06-19T13:58:55.320+0000] {processor.py:179} INFO - Processing /opt/airflow/dags/binance_daily_dag.py took 2.703 seconds
[2026-06-19T13:59:25.531+0000] {processor.py:157} INFO - Started process (PID=18485) to work on /opt/airflow/dags/binance_daily_dag.py
[2026-06-19T13:59:25.533+0000] {processor.py:829} INFO - Processing file /opt/airflow/dags/binance_daily_dag.py for tasks to queue
[2026-06-19T13:59:25.533+0000] {logging_mixin.py:151} INFO - [2026-06-19T13:59:25.533+0000] {dagbag.py:539} INFO - Filling up the DagBag from /opt/airflow/dags/binance_daily_dag.py
[2026-06-19T13:59:28.013+0000] {processor.py:839} INFO - DAG(s) dict_keys(['daily_crypto_lstm_pipeline']) retrieved from /opt/airflow/dags/binance_daily_dag.py
[2026-06-19T13:59:28.035+0000] {logging_mixin.py:151} INFO - [2026-06-19T13:59:28.035+0000] {dag.py:2915} INFO - Sync 1 DAGs
[2026-06-19T13:59:28.057+0000] {logging_mixin.py:151} INFO - [2026-06-19T13:59:28.057+0000] {dag.py:3696} INFO - Setting next_dagrun for daily_crypto_lstm_pipeline to 2026-06-19T00:02:00+00:00, run_after=2026-06-20T00:02:00+00:00
[2026-06-19T13:59:28.114+0000] {processor.py:179} INFO - Processing /opt/airflow/dags/binance_daily_dag.py took 2.587 seconds
[2026-06-19T13:59:58.978+0000] {processor.py:157} INFO - Started process (PID=18521) to work on /opt/airflow/dags/binance_daily_dag.py
[2026-06-19T13:59:58.979+0000] {processor.py:829} INFO - Processing file /opt/airflow/dags/binance_daily_dag.py for tasks to queue
[2026-06-19T13:59:58.980+0000] {logging_mixin.py:151} INFO - [2026-06-19T13:59:58.980+0000] {dagbag.py:539} INFO - Filling up the DagBag from /opt/airflow/dags/binance_daily_dag.py
[2026-06-19T14:00:01.591+0000] {processor.py:839} INFO - DAG(s) dict_keys(['daily_crypto_lstm_pipeline']) retrieved from /opt/airflow/dags/binance_daily_dag.py
[2026-06-19T14:00:01.614+0000] {logging_mixin.py:151} INFO - [2026-06-19T14:00:01.614+0000] {dag.py:2915} INFO - Sync 1 DAGs
[2026-06-19T14:00:01.633+0000] {logging_mixin.py:151} INFO - [2026-06-19T14:00:01.633+0000] {dag.py:3696} INFO - Setting next_dagrun for daily_crypto_lstm_pipeline to 2026-06-19T00:02:00+00:00, run_after=2026-06-20T00:02:00+00:00
[2026-06-19T14:00:01.690+0000] {processor.py:179} INFO - Processing /opt/airflow/dags/binance_daily_dag.py took 2.716 seconds
[2026-06-19T14:00:32.197+0000] {processor.py:157} INFO - Started process (PID=18554) to work on /opt/airflow/dags/binance_daily_dag.py
[2026-06-19T14:00:32.198+0000] {processor.py:829} INFO - Processing file /opt/airflow/dags/binance_daily_dag.py for tasks to queue
[2026-06-19T14:00:32.199+0000] {logging_mixin.py:151} INFO - [2026-06-19T14:00:32.198+0000] {dagbag.py:539} INFO - Filling up the DagBag from /opt/airflow/dags/binance_daily_dag.py
[2026-06-19T14:00:34.888+0000] {processor.py:839} INFO - DAG(s) dict_keys(['daily_crypto_lstm_pipeline']) retrieved from /opt/airflow/dags/binance_daily_dag.py
[2026-06-19T14:00:34.916+0000] {logging_mixin.py:151} INFO - [2026-06-19T14:00:34.915+0000] {dag.py:2915} INFO - Sync 1 DAGs
[2026-06-19T14:00:34.945+0000] {logging_mixin.py:151} INFO - [2026-06-19T14:00:34.945+0000] {dag.py:3696} INFO - Setting next_dagrun for daily_crypto_lstm_pipeline to 2026-06-19T00:02:00+00:00, run_after=2026-06-20T00:02:00+00:00
[2026-06-19T14:00:35.005+0000] {processor.py:179} INFO - Processing /opt/airflow/dags/binance_daily_dag.py took 2.812 seconds
[2026-06-19T14:01:05.531+0000] {processor.py:157} INFO - Started process (PID=18594) to work on /opt/airflow/dags/binance_daily_dag.py
[2026-06-19T14:01:05.531+0000] {processor.py:829} INFO - Processing file /opt/airflow/dags/binance_daily_dag.py for tasks to queue
[2026-06-19T14:01:05.532+0000] {logging_mixin.py:151} INFO - [2026-06-19T14:01:05.532+0000] {dagbag.py:539} INFO - Filling up the DagBag from /opt/airflow/dags/binance_daily_dag.py
[2026-06-19T14:01:07.911+0000] {processor.py:839} INFO - DAG(s) dict_keys(['daily_crypto_lstm_pipeline']) retrieved from /opt/airflow/dags/binance_daily_dag.py
[2026-06-19T14:01:07.931+0000] {logging_mixin.py:151} INFO - [2026-06-19T14:01:07.930+0000] {dag.py:2915} INFO - Sync 1 DAGs
[2026-06-19T14:01:07.949+0000] {logging_mixin.py:151} INFO - [2026-06-19T14:01:07.948+0000] {dag.py:3696} INFO - Setting next_dagrun for daily_crypto_lstm_pipeline to 2026-06-19T00:02:00+00:00, run_after=2026-06-20T00:02:00+00:00
[2026-06-19T14:01:08.004+0000] {processor.py:179} INFO - Processing /opt/airflow/dags/binance_daily_dag.py took 2.477 seconds
[2026-06-19T14:01:38.361+0000] {processor.py:157} INFO - Started process (PID=18627) to work on /opt/airflow/dags/binance_daily_dag.py
[2026-06-19T14:01:38.363+0000] {processor.py:829} INFO - Processing file /opt/airflow/dags/binance_daily_dag.py for tasks to queue
[2026-06-19T14:01:38.364+0000] {logging_mixin.py:151} INFO - [2026-06-19T14:01:38.363+0000] {dagbag.py:539} INFO - Filling up the DagBag from /opt/airflow/dags/binance_daily_dag.py
[2026-06-19T14:01:40.645+0000] {processor.py:839} INFO - DAG(s) dict_keys(['daily_crypto_lstm_pipeline']) retrieved from /opt/airflow/dags/binance_daily_dag.py
[2026-06-19T14:01:40.663+0000] {logging_mixin.py:151} INFO - [2026-06-19T14:01:40.662+0000] {dag.py:2915} INFO - Sync 1 DAGs
[2026-06-19T14:01:40.680+0000] {logging_mixin.py:151} INFO - [2026-06-19T14:01:40.680+0000] {dag.py:3696} INFO - Setting next_dagrun for daily_crypto_lstm_pipeline to 2026-06-19T00:02:00+00:00, run_after=2026-06-20T00:02:00+00:00
[2026-06-19T14:01:40.695+0000] {processor.py:179} INFO - Processing /opt/airflow/dags/binance_daily_dag.py took 2.338 seconds
[2026-06-19T14:02:11.170+0000] {processor.py:157} INFO - Started process (PID=18660) to work on /opt/airflow/dags/binance_daily_dag.py
[2026-06-19T14:02:11.172+0000] {processor.py:829} INFO - Processing file /opt/airflow/dags/binance_daily_dag.py for tasks to queue
[2026-06-19T14:02:11.173+0000] {logging_mixin.py:151} INFO - [2026-06-19T14:02:11.173+0000] {dagbag.py:539} INFO - Filling up the DagBag from /opt/airflow/dags/binance_daily_dag.py
[2026-06-19T14:02:13.732+0000] {processor.py:839} INFO - DAG(s) dict_keys(['daily_crypto_lstm_pipeline']) retrieved from /opt/airflow/dags/binance_daily_dag.py
[2026-06-19T14:02:13.752+0000] {logging_mixin.py:151} INFO - [2026-06-19T14:02:13.752+0000] {dag.py:2915} INFO - Sync 1 DAGs
[2026-06-19T14:02:13.773+0000] {logging_mixin.py:151} INFO - [2026-06-19T14:02:13.773+0000] {dag.py:3696} INFO - Setting next_dagrun for daily_crypto_lstm_pipeline to 2026-06-19T00:02:00+00:00, run_after=2026-06-20T00:02:00+00:00
[2026-06-19T14:02:13.830+0000] {processor.py:179} INFO - Processing /opt/airflow/dags/binance_daily_dag.py took 2.665 seconds
[2026-06-19T14:02:44.253+0000] {processor.py:157} INFO - Started process (PID=18698) to work on /opt/airflow/dags/binance_daily_dag.py
[2026-06-19T14:02:44.255+0000] {processor.py:829} INFO - Processing file /opt/airflow/dags/binance_daily_dag.py for tasks to queue
[2026-06-19T14:02:44.256+0000] {logging_mixin.py:151} INFO - [2026-06-19T14:02:44.255+0000] {dagbag.py:539} INFO - Filling up the DagBag from /opt/airflow/dags/binance_daily_dag.py
[2026-06-19T14:02:46.480+0000] {processor.py:839} INFO - DAG(s) dict_keys(['daily_crypto_lstm_pipeline']) retrieved from /opt/airflow/dags/binance_daily_dag.py
[2026-06-19T14:02:46.505+0000] {logging_mixin.py:151} INFO - [2026-06-19T14:02:46.505+0000] {dag.py:2915} INFO - Sync 1 DAGs
[2026-06-19T14:02:46.526+0000] {logging_mixin.py:151} INFO - [2026-06-19T14:02:46.526+0000] {dag.py:3696} INFO - Setting next_dagrun for daily_crypto_lstm_pipeline to 2026-06-19T00:02:00+00:00, run_after=2026-06-20T00:02:00+00:00
[2026-06-19T14:02:46.582+0000] {processor.py:179} INFO - Processing /opt/airflow/dags/binance_daily_dag.py took 2.333 seconds
[2026-06-19T14:03:17.030+0000] {processor.py:157} INFO - Started process (PID=18731) to work on /opt/airflow/dags/binance_daily_dag.py
[2026-06-19T14:03:17.033+0000] {processor.py:829} INFO - Processing file /opt/airflow/dags/binance_daily_dag.py for tasks to queue
[2026-06-19T14:03:17.034+0000] {logging_mixin.py:151} INFO - [2026-06-19T14:03:17.034+0000] {dagbag.py:539} INFO - Filling up the DagBag from /opt/airflow/dags/binance_daily_dag.py
[2026-06-19T14:03:19.517+0000] {processor.py:839} INFO - DAG(s) dict_keys(['daily_crypto_lstm_pipeline']) retrieved from /opt/airflow/dags/binance_daily_dag.py
[2026-06-19T14:03:19.538+0000] {logging_mixin.py:151} INFO - [2026-06-19T14:03:19.538+0000] {dag.py:2915} INFO - Sync 1 DAGs
[2026-06-19T14:03:19.558+0000] {logging_mixin.py:151} INFO - [2026-06-19T14:03:19.558+0000] {dag.py:3696} INFO - Setting next_dagrun for daily_crypto_lstm_pipeline to 2026-06-19T00:02:00+00:00, run_after=2026-06-20T00:02:00+00:00
[2026-06-19T14:03:19.575+0000] {processor.py:179} INFO - Processing /opt/airflow/dags/binance_daily_dag.py took 2.548 seconds
[2026-06-19T14:03:49.765+0000] {processor.py:157} INFO - Started process (PID=18764) to work on /opt/airflow/dags/binance_daily_dag.py
[2026-06-19T14:03:49.767+0000] {processor.py:829} INFO - Processing file /opt/airflow/dags/binance_daily_dag.py for tasks to queue
[2026-06-19T14:03:49.768+0000] {logging_mixin.py:151} INFO - [2026-06-19T14:03:49.768+0000] {dagbag.py:539} INFO - Filling up the DagBag from /opt/airflow/dags/binance_daily_dag.py
[2026-06-19T14:03:52.218+0000] {processor.py:839} INFO - DAG(s) dict_keys(['daily_crypto_lstm_pipeline']) retrieved from /opt/airflow/dags/binance_daily_dag.py
[2026-06-19T14:03:52.242+0000] {logging_mixin.py:151} INFO - [2026-06-19T14:03:52.241+0000] {dag.py:2915} INFO - Sync 1 DAGs
[2026-06-19T14:03:52.265+0000] {logging_mixin.py:151} INFO - [2026-06-19T14:03:52.265+0000] {dag.py:3696} INFO - Setting next_dagrun for daily_crypto_lstm_pipeline to 2026-06-19T00:02:00+00:00, run_after=2026-06-20T00:02:00+00:00
[2026-06-19T14:03:52.283+0000] {processor.py:179} INFO - Processing /opt/airflow/dags/binance_daily_dag.py took 2.525 seconds
[2026-06-19T14:04:22.643+0000] {processor.py:157} INFO - Started process (PID=18797) to work on /opt/airflow/dags/binance_daily_dag.py
[2026-06-19T14:04:22.644+0000] {processor.py:829} INFO - Processing file /opt/airflow/dags/binance_daily_dag.py for tasks to queue
[2026-06-19T14:04:22.645+0000] {logging_mixin.py:151} INFO - [2026-06-19T14:04:22.645+0000] {dagbag.py:539} INFO - Filling up the DagBag from /opt/airflow/dags/binance_daily_dag.py
[2026-06-19T14:04:25.089+0000] {processor.py:839} INFO - DAG(s) dict_keys(['daily_crypto_lstm_pipeline']) retrieved from /opt/airflow/dags/binance_daily_dag.py
[2026-06-19T14:04:25.107+0000] {logging_mixin.py:151} INFO - [2026-06-19T14:04:25.107+0000] {dag.py:2915} INFO - Sync 1 DAGs
[2026-06-19T14:04:25.123+0000] {logging_mixin.py:151} INFO - [2026-06-19T14:04:25.123+0000] {dag.py:3696} INFO - Setting next_dagrun for daily_crypto_lstm_pipeline to 2026-06-19T00:02:00+00:00, run_after=2026-06-20T00:02:00+00:00
[2026-06-19T14:04:25.181+0000] {processor.py:179} INFO - Processing /opt/airflow/dags/binance_daily_dag.py took 2.541 seconds
[2026-06-19T14:04:55.278+0000] {processor.py:157} INFO - Started process (PID=18830) to work on /opt/airflow/dags/binance_daily_dag.py
[2026-06-19T14:04:55.279+0000] {processor.py:829} INFO - Processing file /opt/airflow/dags/binance_daily_dag.py for tasks to queue
[2026-06-19T14:04:55.280+0000] {logging_mixin.py:151} INFO - [2026-06-19T14:04:55.279+0000] {dagbag.py:539} INFO - Filling up the DagBag from /opt/airflow/dags/binance_daily_dag.py
[2026-06-19T14:04:57.527+0000] {processor.py:839} INFO - DAG(s) dict_keys(['daily_crypto_lstm_pipeline']) retrieved from /opt/airflow/dags/binance_daily_dag.py
[2026-06-19T14:04:57.558+0000] {logging_mixin.py:151} INFO - [2026-06-19T14:04:57.554+0000] {dag.py:2915} INFO - Sync 1 DAGs
[2026-06-19T14:04:57.592+0000] {logging_mixin.py:151} INFO - [2026-06-19T14:04:57.592+0000] {dag.py:3696} INFO - Setting next_dagrun for daily_crypto_lstm_pipeline to 2026-06-19T00:02:00+00:00, run_after=2026-06-20T00:02:00+00:00
[2026-06-19T14:04:57.623+0000] {processor.py:179} INFO - Processing /opt/airflow/dags/binance_daily_dag.py took 2.349 seconds
[2026-06-19T14:05:28.050+0000] {processor.py:157} INFO - Started process (PID=18863) to work on /opt/airflow/dags/binance_daily_dag.py
[2026-06-19T14:05:28.051+0000] {processor.py:829} INFO - Processing file /opt/airflow/dags/binance_daily_dag.py for tasks to queue
[2026-06-19T14:05:28.052+0000] {logging_mixin.py:151} INFO - [2026-06-19T14:05:28.052+0000] {dagbag.py:539} INFO - Filling up the DagBag from /opt/airflow/dags/binance_daily_dag.py
[2026-06-19T14:05:30.707+0000] {processor.py:839} INFO - DAG(s) dict_keys(['daily_crypto_lstm_pipeline']) retrieved from /opt/airflow/dags/binance_daily_dag.py
[2026-06-19T14:05:30.730+0000] {logging_mixin.py:151} INFO - [2026-06-19T14:05:30.730+0000] {dag.py:2915} INFO - Sync 1 DAGs
[2026-06-19T14:05:30.752+0000] {logging_mixin.py:151} INFO - [2026-06-19T14:05:30.752+0000] {dag.py:3696} INFO - Setting next_dagrun for daily_crypto_lstm_pipeline to 2026-06-19T00:02:00+00:00, run_after=2026-06-20T00:02:00+00:00
[2026-06-19T14:05:30.789+0000] {processor.py:179} INFO - Processing /opt/airflow/dags/binance_daily_dag.py took 2.744 seconds
[2026-06-19T14:06:00.912+0000] {processor.py:157} INFO - Started process (PID=18896) to work on /opt/airflow/dags/binance_daily_dag.py
[2026-06-19T14:06:00.913+0000] {processor.py:829} INFO - Processing file /opt/airflow/dags/binance_daily_dag.py for tasks to queue
[2026-06-19T14:06:00.914+0000] {logging_mixin.py:151} INFO - [2026-06-19T14:06:00.914+0000] {dagbag.py:539} INFO - Filling up the DagBag from /opt/airflow/dags/binance_daily_dag.py
[2026-06-19T14:06:03.460+0000] {processor.py:839} INFO - DAG(s) dict_keys(['daily_crypto_lstm_pipeline']) retrieved from /opt/airflow/dags/binance_daily_dag.py
[2026-06-19T14:06:03.484+0000] {logging_mixin.py:151} INFO - [2026-06-19T14:06:03.483+0000] {dag.py:2915} INFO - Sync 1 DAGs
[2026-06-19T14:06:03.504+0000] {logging_mixin.py:151} INFO - [2026-06-19T14:06:03.504+0000] {dag.py:3696} INFO - Setting next_dagrun for daily_crypto_lstm_pipeline to 2026-06-19T00:02:00+00:00, run_after=2026-06-20T00:02:00+00:00
[2026-06-19T14:06:03.561+0000] {processor.py:179} INFO - Processing /opt/airflow/dags/binance_daily_dag.py took 2.655 seconds
[2026-06-19T14:06:33.741+0000] {processor.py:157} INFO - Started process (PID=18929) to work on /opt/airflow/dags/binance_daily_dag.py
[2026-06-19T14:06:33.742+0000] {processor.py:829} INFO - Processing file /opt/airflow/dags/binance_daily_dag.py for tasks to queue
[2026-06-19T14:06:33.743+0000] {logging_mixin.py:151} INFO - [2026-06-19T14:06:33.743+0000] {dagbag.py:539} INFO - Filling up the DagBag from /opt/airflow/dags/binance_daily_dag.py
[2026-06-19T14:06:36.228+0000] {processor.py:839} INFO - DAG(s) dict_keys(['daily_crypto_lstm_pipeline']) retrieved from /opt/airflow/dags/binance_daily_dag.py
[2026-06-19T14:06:36.248+0000] {logging_mixin.py:151} INFO - [2026-06-19T14:06:36.248+0000] {dag.py:2915} INFO - Sync 1 DAGs
[2026-06-19T14:06:36.267+0000] {logging_mixin.py:151} INFO - [2026-06-19T14:06:36.267+0000] {dag.py:3696} INFO - Setting next_dagrun for daily_crypto_lstm_pipeline to 2026-06-19T00:02:00+00:00, run_after=2026-06-20T00:02:00+00:00
[2026-06-19T14:06:36.286+0000] {processor.py:179} INFO - Processing /opt/airflow/dags/binance_daily_dag.py took 2.548 seconds
[2026-06-19T14:07:06.601+0000] {processor.py:157} INFO - Started process (PID=18970) to work on /opt/airflow/dags/binance_daily_dag.py
[2026-06-19T14:07:06.602+0000] {processor.py:829} INFO - Processing file /opt/airflow/dags/binance_daily_dag.py for tasks to queue
[2026-06-19T14:07:06.603+0000] {logging_mixin.py:151} INFO - [2026-06-19T14:07:06.603+0000] {dagbag.py:539} INFO - Filling up the DagBag from /opt/airflow/dags/binance_daily_dag.py
[2026-06-19T14:07:09.349+0000] {processor.py:839} INFO - DAG(s) dict_keys(['daily_crypto_lstm_pipeline']) retrieved from /opt/airflow/dags/binance_daily_dag.py
[2026-06-19T14:07:09.371+0000] {logging_mixin.py:151} INFO - [2026-06-19T14:07:09.371+0000] {dag.py:2915} INFO - Sync 1 DAGs
[2026-06-19T14:07:09.395+0000] {logging_mixin.py:151} INFO - [2026-06-19T14:07:09.394+0000] {dag.py:3696} INFO - Setting next_dagrun for daily_crypto_lstm_pipeline to 2026-06-19T00:02:00+00:00, run_after=2026-06-20T00:02:00+00:00
[2026-06-19T14:07:09.415+0000] {processor.py:179} INFO - Processing /opt/airflow/dags/binance_daily_dag.py took 2.817 seconds
[2026-06-19T14:07:39.787+0000] {processor.py:157} INFO - Started process (PID=19003) to work on /opt/airflow/dags/binance_daily_dag.py
[2026-06-19T14:07:39.789+0000] {processor.py:829} INFO - Processing file /opt/airflow/dags/binance_daily_dag.py for tasks to queue
[2026-06-19T14:07:39.789+0000] {logging_mixin.py:151} INFO - [2026-06-19T14:07:39.789+0000] {dagbag.py:539} INFO - Filling up the DagBag from /opt/airflow/dags/binance_daily_dag.py
[2026-06-19T14:07:42.446+0000] {processor.py:839} INFO - DAG(s) dict_keys(['daily_crypto_lstm_pipeline']) retrieved from /opt/airflow/dags/binance_daily_dag.py
[2026-06-19T14:07:42.467+0000] {logging_mixin.py:151} INFO - [2026-06-19T14:07:42.466+0000] {dag.py:2915} INFO - Sync 1 DAGs
[2026-06-19T14:07:42.485+0000] {logging_mixin.py:151} INFO - [2026-06-19T14:07:42.485+0000] {dag.py:3696} INFO - Setting next_dagrun for daily_crypto_lstm_pipeline to 2026-06-19T00:02:00+00:00, run_after=2026-06-20T00:02:00+00:00
[2026-06-19T14:07:42.541+0000] {processor.py:179} INFO - Processing /opt/airflow/dags/binance_daily_dag.py took 2.757 seconds
[2026-06-19T14:08:12.756+0000] {processor.py:157} INFO - Started process (PID=19036) to work on /opt/airflow/dags/binance_daily_dag.py
[2026-06-19T14:08:12.757+0000] {processor.py:829} INFO - Processing file /opt/airflow/dags/binance_daily_dag.py for tasks to queue
[2026-06-19T14:08:12.758+0000] {logging_mixin.py:151} INFO - [2026-06-19T14:08:12.758+0000] {dagbag.py:539} INFO - Filling up the DagBag from /opt/airflow/dags/binance_daily_dag.py
[2026-06-19T14:08:15.480+0000] {processor.py:839} INFO - DAG(s) dict_keys(['daily_crypto_lstm_pipeline']) retrieved from /opt/airflow/dags/binance_daily_dag.py
[2026-06-19T14:08:15.510+0000] {logging_mixin.py:151} INFO - [2026-06-19T14:08:15.510+0000] {dag.py:2915} INFO - Sync 1 DAGs
[2026-06-19T14:08:15.543+0000] {logging_mixin.py:151} INFO - [2026-06-19T14:08:15.543+0000] {dag.py:3696} INFO - Setting next_dagrun for daily_crypto_lstm_pipeline to 2026-06-19T00:02:00+00:00, run_after=2026-06-20T00:02:00+00:00
[2026-06-19T14:08:15.565+0000] {processor.py:179} INFO - Processing /opt/airflow/dags/binance_daily_dag.py took 2.814 seconds
[2026-06-19T14:08:45.918+0000] {processor.py:157} INFO - Started process (PID=19066) to work on /opt/airflow/dags/binance_daily_dag.py
[2026-06-19T14:08:45.920+0000] {processor.py:829} INFO - Processing file /opt/airflow/dags/binance_daily_dag.py for tasks to queue
[2026-06-19T14:08:45.920+0000] {logging_mixin.py:151} INFO - [2026-06-19T14:08:45.920+0000] {dagbag.py:539} INFO - Filling up the DagBag from /opt/airflow/dags/binance_daily_dag.py
[2026-06-19T14:08:48.094+0000] {processor.py:839} INFO - DAG(s) dict_keys(['daily_crypto_lstm_pipeline']) retrieved from /opt/airflow/dags/binance_daily_dag.py
[2026-06-19T14:08:48.116+0000] {logging_mixin.py:151} INFO - [2026-06-19T14:08:48.116+0000] {dag.py:2915} INFO - Sync 1 DAGs
[2026-06-19T14:08:48.142+0000] {logging_mixin.py:151} INFO - [2026-06-19T14:08:48.141+0000] {dag.py:3696} INFO - Setting next_dagrun for daily_crypto_lstm_pipeline to 2026-06-19T00:02:00+00:00, run_after=2026-06-20T00:02:00+00:00
[2026-06-19T14:08:48.164+0000] {processor.py:179} INFO - Processing /opt/airflow/dags/binance_daily_dag.py took 2.249 seconds
[2026-06-19T14:09:18.555+0000] {processor.py:157} INFO - Started process (PID=19099) to work on /opt/airflow/dags/binance_daily_dag.py
[2026-06-19T14:09:18.556+0000] {processor.py:829} INFO - Processing file /opt/airflow/dags/binance_daily_dag.py for tasks to queue
[2026-06-19T14:09:18.557+0000] {logging_mixin.py:151} INFO - [2026-06-19T14:09:18.557+0000] {dagbag.py:539} INFO - Filling up the DagBag from /opt/airflow/dags/binance_daily_dag.py
[2026-06-19T14:09:20.900+0000] {processor.py:839} INFO - DAG(s) dict_keys(['daily_crypto_lstm_pipeline']) retrieved from /opt/airflow/dags/binance_daily_dag.py
[2026-06-19T14:09:20.930+0000] {logging_mixin.py:151} INFO - [2026-06-19T14:09:20.929+0000] {dag.py:2915} INFO - Sync 1 DAGs
[2026-06-19T14:09:20.956+0000] {logging_mixin.py:151} INFO - [2026-06-19T14:09:20.955+0000] {dag.py:3696} INFO - Setting next_dagrun for daily_crypto_lstm_pipeline to 2026-06-19T00:02:00+00:00, run_after=2026-06-20T00:02:00+00:00
[2026-06-19T14:09:21.019+0000] {processor.py:179} INFO - Processing /opt/airflow/dags/binance_daily_dag.py took 2.468 seconds
[2026-06-19T14:09:51.511+0000] {processor.py:157} INFO - Started process (PID=19133) to work on /opt/airflow/dags/binance_daily_dag.py
[2026-06-19T14:09:51.513+0000] {processor.py:829} INFO - Processing file /opt/airflow/dags/binance_daily_dag.py for tasks to queue
[2026-06-19T14:09:51.513+0000] {logging_mixin.py:151} INFO - [2026-06-19T14:09:51.513+0000] {dagbag.py:539} INFO - Filling up the DagBag from /opt/airflow/dags/binance_daily_dag.py
[2026-06-19T14:09:54.206+0000] {processor.py:839} INFO - DAG(s) dict_keys(['daily_crypto_lstm_pipeline']) retrieved from /opt/airflow/dags/binance_daily_dag.py
[2026-06-19T14:09:54.226+0000] {logging_mixin.py:151} INFO - [2026-06-19T14:09:54.226+0000] {dag.py:2915} INFO - Sync 1 DAGs
[2026-06-19T14:09:54.248+0000] {logging_mixin.py:151} INFO - [2026-06-19T14:09:54.248+0000] {dag.py:3696} INFO - Setting next_dagrun for daily_crypto_lstm_pipeline to 2026-06-19T00:02:00+00:00, run_after=2026-06-20T00:02:00+00:00
[2026-06-19T14:09:54.307+0000] {processor.py:179} INFO - Processing /opt/airflow/dags/binance_daily_dag.py took 2.800 seconds
[2026-06-19T14:10:24.925+0000] {processor.py:157} INFO - Started process (PID=19173) to work on /opt/airflow/dags/binance_daily_dag.py
[2026-06-19T14:10:24.927+0000] {processor.py:829} INFO - Processing file /opt/airflow/dags/binance_daily_dag.py for tasks to queue
[2026-06-19T14:10:24.927+0000] {logging_mixin.py:151} INFO - [2026-06-19T14:10:24.927+0000] {dagbag.py:539} INFO - Filling up the DagBag from /opt/airflow/dags/binance_daily_dag.py
[2026-06-19T14:10:27.291+0000] {processor.py:839} INFO - DAG(s) dict_keys(['daily_crypto_lstm_pipeline']) retrieved from /opt/airflow/dags/binance_daily_dag.py
[2026-06-19T14:10:27.319+0000] {logging_mixin.py:151} INFO - [2026-06-19T14:10:27.319+0000] {dag.py:2915} INFO - Sync 1 DAGs
[2026-06-19T14:10:27.348+0000] {logging_mixin.py:151} INFO - [2026-06-19T14:10:27.348+0000] {dag.py:3696} INFO - Setting next_dagrun for daily_crypto_lstm_pipeline to 2026-06-19T00:02:00+00:00, run_after=2026-06-20T00:02:00+00:00
[2026-06-19T14:10:27.373+0000] {processor.py:179} INFO - Processing /opt/airflow/dags/binance_daily_dag.py took 2.451 seconds
[2026-06-19T14:10:57.988+0000] {processor.py:157} INFO - Started process (PID=19204) to work on /opt/airflow/dags/binance_daily_dag.py
[2026-06-19T14:10:58.011+0000] {processor.py:829} INFO - Processing file /opt/airflow/dags/binance_daily_dag.py for tasks to queue
[2026-06-19T14:10:58.012+0000] {logging_mixin.py:151} INFO - [2026-06-19T14:10:58.012+0000] {dagbag.py:539} INFO - Filling up the DagBag from /opt/airflow/dags/binance_daily_dag.py
[2026-06-19T14:11:00.617+0000] {processor.py:839} INFO - DAG(s) dict_keys(['daily_crypto_lstm_pipeline']) retrieved from /opt/airflow/dags/binance_daily_dag.py
[2026-06-19T14:11:00.641+0000] {logging_mixin.py:151} INFO - [2026-06-19T14:11:00.640+0000] {dag.py:2915} INFO - Sync 1 DAGs
[2026-06-19T14:11:00.661+0000] {logging_mixin.py:151} INFO - [2026-06-19T14:11:00.661+0000] {dag.py:3696} INFO - Setting next_dagrun for daily_crypto_lstm_pipeline to 2026-06-19T00:02:00+00:00, run_after=2026-06-20T00:02:00+00:00
[2026-06-19T14:11:00.719+0000] {processor.py:179} INFO - Processing /opt/airflow/dags/binance_daily_dag.py took 2.734 seconds
[2026-06-19T14:11:31.088+0000] {processor.py:157} INFO - Started process (PID=19236) to work on /opt/airflow/dags/binance_daily_dag.py
[2026-06-19T14:11:31.089+0000] {processor.py:829} INFO - Processing file /opt/airflow/dags/binance_daily_dag.py for tasks to queue
[2026-06-19T14:11:31.090+0000] {logging_mixin.py:151} INFO - [2026-06-19T14:11:31.090+0000] {dagbag.py:539} INFO - Filling up the DagBag from /opt/airflow/dags/binance_daily_dag.py
[2026-06-19T14:11:33.552+0000] {processor.py:839} INFO - DAG(s) dict_keys(['daily_crypto_lstm_pipeline']) retrieved from /opt/airflow/dags/binance_daily_dag.py
[2026-06-19T14:11:33.571+0000] {logging_mixin.py:151} INFO - [2026-06-19T14:11:33.571+0000] {dag.py:2915} INFO - Sync 1 DAGs
[2026-06-19T14:11:33.607+0000] {logging_mixin.py:151} INFO - [2026-06-19T14:11:33.606+0000] {dag.py:3696} INFO - Setting next_dagrun for daily_crypto_lstm_pipeline to 2026-06-19T00:02:00+00:00, run_after=2026-06-20T00:02:00+00:00
[2026-06-19T14:11:33.659+0000] {processor.py:179} INFO - Processing /opt/airflow/dags/binance_daily_dag.py took 2.575 seconds
[2026-06-19T14:12:03.945+0000] {processor.py:157} INFO - Started process (PID=19270) to work on /opt/airflow/dags/binance_daily_dag.py
[2026-06-19T14:12:03.946+0000] {processor.py:829} INFO - Processing file /opt/airflow/dags/binance_daily_dag.py for tasks to queue
[2026-06-19T14:12:03.947+0000] {logging_mixin.py:151} INFO - [2026-06-19T14:12:03.947+0000] {dagbag.py:539} INFO - Filling up the DagBag from /opt/airflow/dags/binance_daily_dag.py
[2026-06-19T14:12:06.183+0000] {processor.py:839} INFO - DAG(s) dict_keys(['daily_crypto_lstm_pipeline']) retrieved from /opt/airflow/dags/binance_daily_dag.py
[2026-06-19T14:12:06.206+0000] {logging_mixin.py:151} INFO - [2026-06-19T14:12:06.205+0000] {dag.py:2915} INFO - Sync 1 DAGs
[2026-06-19T14:12:06.227+0000] {logging_mixin.py:151} INFO - [2026-06-19T14:12:06.227+0000] {dag.py:3696} INFO - Setting next_dagrun for daily_crypto_lstm_pipeline to 2026-06-19T00:02:00+00:00, run_after=2026-06-20T00:02:00+00:00
[2026-06-19T14:12:06.284+0000] {processor.py:179} INFO - Processing /opt/airflow/dags/binance_daily_dag.py took 2.343 seconds
[2026-06-19T14:12:36.831+0000] {processor.py:157} INFO - Started process (PID=19309) to work on /opt/airflow/dags/binance_daily_dag.py
[2026-06-19T14:12:36.832+0000] {processor.py:829} INFO - Processing file /opt/airflow/dags/binance_daily_dag.py for tasks to queue
[2026-06-19T14:12:36.833+0000] {logging_mixin.py:151} INFO - [2026-06-19T14:12:36.833+0000] {dagbag.py:539} INFO - Filling up the DagBag from /opt/airflow/dags/binance_daily_dag.py
[2026-06-19T14:12:39.259+0000] {processor.py:839} INFO - DAG(s) dict_keys(['daily_crypto_lstm_pipeline']) retrieved from /opt/airflow/dags/binance_daily_dag.py
[2026-06-19T14:12:39.280+0000] {logging_mixin.py:151} INFO - [2026-06-19T14:12:39.280+0000] {dag.py:2915} INFO - Sync 1 DAGs
[2026-06-19T14:12:39.302+0000] {logging_mixin.py:151} INFO - [2026-06-19T14:12:39.302+0000] {dag.py:3696} INFO - Setting next_dagrun for daily_crypto_lstm_pipeline to 2026-06-19T00:02:00+00:00, run_after=2026-06-20T00:02:00+00:00
[2026-06-19T14:12:39.321+0000] {processor.py:179} INFO - Processing /opt/airflow/dags/binance_daily_dag.py took 2.494 seconds
[2026-06-19T14:13:09.755+0000] {processor.py:157} INFO - Started process (PID=19342) to work on /opt/airflow/dags/binance_daily_dag.py
[2026-06-19T14:13:09.757+0000] {processor.py:829} INFO - Processing file /opt/airflow/dags/binance_daily_dag.py for tasks to queue
[2026-06-19T14:13:09.759+0000] {logging_mixin.py:151} INFO - [2026-06-19T14:13:09.758+0000] {dagbag.py:539} INFO - Filling up the DagBag from /opt/airflow/dags/binance_daily_dag.py
[2026-06-19T14:13:12.414+0000] {processor.py:839} INFO - DAG(s) dict_keys(['daily_crypto_lstm_pipeline']) retrieved from /opt/airflow/dags/binance_daily_dag.py
[2026-06-19T14:13:12.433+0000] {logging_mixin.py:151} INFO - [2026-06-19T14:13:12.432+0000] {dag.py:2915} INFO - Sync 1 DAGs
[2026-06-19T14:13:12.450+0000] {logging_mixin.py:151} INFO - [2026-06-19T14:13:12.450+0000] {dag.py:3696} INFO - Setting next_dagrun for daily_crypto_lstm_pipeline to 2026-06-19T00:02:00+00:00, run_after=2026-06-20T00:02:00+00:00
[2026-06-19T14:13:12.468+0000] {processor.py:179} INFO - Processing /opt/airflow/dags/binance_daily_dag.py took 2.720 seconds
[2026-06-19T14:13:42.633+0000] {processor.py:157} INFO - Started process (PID=19375) to work on /opt/airflow/dags/binance_daily_dag.py
[2026-06-19T14:13:42.635+0000] {processor.py:829} INFO - Processing file /opt/airflow/dags/binance_daily_dag.py for tasks to queue
[2026-06-19T14:13:42.636+0000] {logging_mixin.py:151} INFO - [2026-06-19T14:13:42.635+0000] {dagbag.py:539} INFO - Filling up the DagBag from /opt/airflow/dags/binance_daily_dag.py
[2026-06-19T14:13:45.185+0000] {processor.py:839} INFO - DAG(s) dict_keys(['daily_crypto_lstm_pipeline']) retrieved from /opt/airflow/dags/binance_daily_dag.py
[2026-06-19T14:13:45.203+0000] {logging_mixin.py:151} INFO - [2026-06-19T14:13:45.203+0000] {dag.py:2915} INFO - Sync 1 DAGs
[2026-06-19T14:13:45.222+0000] {logging_mixin.py:151} INFO - [2026-06-19T14:13:45.222+0000] {dag.py:3696} INFO - Setting next_dagrun for daily_crypto_lstm_pipeline to 2026-06-19T00:02:00+00:00, run_after=2026-06-20T00:02:00+00:00
[2026-06-19T14:13:45.281+0000] {processor.py:179} INFO - Processing /opt/airflow/dags/binance_daily_dag.py took 2.652 seconds
[2026-06-19T14:14:16.463+0000] {processor.py:157} INFO - Started process (PID=19408) to work on /opt/airflow/dags/binance_daily_dag.py
[2026-06-19T14:14:16.466+0000] {processor.py:829} INFO - Processing file /opt/airflow/dags/binance_daily_dag.py for tasks to queue
[2026-06-19T14:14:16.468+0000] {logging_mixin.py:151} INFO - [2026-06-19T14:14:16.467+0000] {dagbag.py:539} INFO - Filling up the DagBag from /opt/airflow/dags/binance_daily_dag.py
[2026-06-19T14:14:19.084+0000] {processor.py:839} INFO - DAG(s) dict_keys(['daily_crypto_lstm_pipeline']) retrieved from /opt/airflow/dags/binance_daily_dag.py
[2026-06-19T14:14:19.108+0000] {logging_mixin.py:151} INFO - [2026-06-19T14:14:19.108+0000] {dag.py:2915} INFO - Sync 1 DAGs
[2026-06-19T14:14:19.130+0000] {logging_mixin.py:151} INFO - [2026-06-19T14:14:19.130+0000] {dag.py:3696} INFO - Setting next_dagrun for daily_crypto_lstm_pipeline to 2026-06-19T00:02:00+00:00, run_after=2026-06-20T00:02:00+00:00
[2026-06-19T14:14:19.151+0000] {processor.py:179} INFO - Processing /opt/airflow/dags/binance_daily_dag.py took 2.694 seconds
[2026-06-19T14:14:49.740+0000] {processor.py:157} INFO - Started process (PID=19441) to work on /opt/airflow/dags/binance_daily_dag.py
[2026-06-19T14:14:49.741+0000] {processor.py:829} INFO - Processing file /opt/airflow/dags/binance_daily_dag.py for tasks to queue
[2026-06-19T14:14:49.742+0000] {logging_mixin.py:151} INFO - [2026-06-19T14:14:49.742+0000] {dagbag.py:539} INFO - Filling up the DagBag from /opt/airflow/dags/binance_daily_dag.py
[2026-06-19T14:14:52.201+0000] {processor.py:839} INFO - DAG(s) dict_keys(['daily_crypto_lstm_pipeline']) retrieved from /opt/airflow/dags/binance_daily_dag.py
[2026-06-19T14:14:52.220+0000] {logging_mixin.py:151} INFO - [2026-06-19T14:14:52.220+0000] {dag.py:2915} INFO - Sync 1 DAGs
[2026-06-19T14:14:52.237+0000] {logging_mixin.py:151} INFO - [2026-06-19T14:14:52.237+0000] {dag.py:3696} INFO - Setting next_dagrun for daily_crypto_lstm_pipeline to 2026-06-19T00:02:00+00:00, run_after=2026-06-20T00:02:00+00:00
[2026-06-19T14:14:52.254+0000] {processor.py:179} INFO - Processing /opt/airflow/dags/binance_daily_dag.py took 2.517 seconds
[2026-06-19T14:15:22.600+0000] {processor.py:157} INFO - Started process (PID=19474) to work on /opt/airflow/dags/binance_daily_dag.py
[2026-06-19T14:15:22.602+0000] {processor.py:829} INFO - Processing file /opt/airflow/dags/binance_daily_dag.py for tasks to queue
[2026-06-19T14:15:22.602+0000] {logging_mixin.py:151} INFO - [2026-06-19T14:15:22.602+0000] {dagbag.py:539} INFO - Filling up the DagBag from /opt/airflow/dags/binance_daily_dag.py
[2026-06-19T14:15:25.118+0000] {processor.py:839} INFO - DAG(s) dict_keys(['daily_crypto_lstm_pipeline']) retrieved from /opt/airflow/dags/binance_daily_dag.py
[2026-06-19T14:15:25.145+0000] {logging_mixin.py:151} INFO - [2026-06-19T14:15:25.145+0000] {dag.py:2915} INFO - Sync 1 DAGs
[2026-06-19T14:15:25.167+0000] {logging_mixin.py:151} INFO - [2026-06-19T14:15:25.167+0000] {dag.py:3696} INFO - Setting next_dagrun for daily_crypto_lstm_pipeline to 2026-06-19T00:02:00+00:00, run_after=2026-06-20T00:02:00+00:00
[2026-06-19T14:15:25.188+0000] {processor.py:179} INFO - Processing /opt/airflow/dags/binance_daily_dag.py took 2.592 seconds
[2026-06-19T14:15:55.460+0000] {processor.py:157} INFO - Started process (PID=19507) to work on /opt/airflow/dags/binance_daily_dag.py
[2026-06-19T14:15:55.462+0000] {processor.py:829} INFO - Processing file /opt/airflow/dags/binance_daily_dag.py for tasks to queue
[2026-06-19T14:15:55.463+0000] {logging_mixin.py:151} INFO - [2026-06-19T14:15:55.462+0000] {dagbag.py:539} INFO - Filling up the DagBag from /opt/airflow/dags/binance_daily_dag.py
[2026-06-19T14:15:57.791+0000] {processor.py:839} INFO - DAG(s) dict_keys(['daily_crypto_lstm_pipeline']) retrieved from /opt/airflow/dags/binance_daily_dag.py
[2026-06-19T14:15:57.814+0000] {logging_mixin.py:151} INFO - [2026-06-19T14:15:57.814+0000] {dag.py:2915} INFO - Sync 1 DAGs
[2026-06-19T14:15:57.831+0000] {logging_mixin.py:151} INFO - [2026-06-19T14:15:57.831+0000] {dag.py:3696} INFO - Setting next_dagrun for daily_crypto_lstm_pipeline to 2026-06-19T00:02:00+00:00, run_after=2026-06-20T00:02:00+00:00
[2026-06-19T14:15:57.846+0000] {processor.py:179} INFO - Processing /opt/airflow/dags/binance_daily_dag.py took 2.389 seconds
[2026-06-19T14:16:28.206+0000] {processor.py:157} INFO - Started process (PID=19540) to work on /opt/airflow/dags/binance_daily_dag.py
[2026-06-19T14:16:28.207+0000] {processor.py:829} INFO - Processing file /opt/airflow/dags/binance_daily_dag.py for tasks to queue
[2026-06-19T14:16:28.208+0000] {logging_mixin.py:151} INFO - [2026-06-19T14:16:28.208+0000] {dagbag.py:539} INFO - Filling up the DagBag from /opt/airflow/dags/binance_daily_dag.py
[2026-06-19T14:16:30.662+0000] {processor.py:839} INFO - DAG(s) dict_keys(['daily_crypto_lstm_pipeline']) retrieved from /opt/airflow/dags/binance_daily_dag.py
[2026-06-19T14:16:30.682+0000] {logging_mixin.py:151} INFO - [2026-06-19T14:16:30.682+0000] {dag.py:2915} INFO - Sync 1 DAGs
[2026-06-19T14:16:30.699+0000] {logging_mixin.py:151} INFO - [2026-06-19T14:16:30.699+0000] {dag.py:3696} INFO - Setting next_dagrun for daily_crypto_lstm_pipeline to 2026-06-19T00:02:00+00:00, run_after=2026-06-20T00:02:00+00:00
[2026-06-19T14:16:30.721+0000] {processor.py:179} INFO - Processing /opt/airflow/dags/binance_daily_dag.py took 2.520 seconds
[2026-06-19T14:17:01.650+0000] {processor.py:157} INFO - Started process (PID=19578) to work on /opt/airflow/dags/binance_daily_dag.py
[2026-06-19T14:17:01.653+0000] {processor.py:829} INFO - Processing file /opt/airflow/dags/binance_daily_dag.py for tasks to queue
[2026-06-19T14:17:01.654+0000] {logging_mixin.py:151} INFO - [2026-06-19T14:17:01.654+0000] {dagbag.py:539} INFO - Filling up the DagBag from /opt/airflow/dags/binance_daily_dag.py
[2026-06-19T14:17:04.322+0000] {processor.py:839} INFO - DAG(s) dict_keys(['daily_crypto_lstm_pipeline']) retrieved from /opt/airflow/dags/binance_daily_dag.py
[2026-06-19T14:17:04.347+0000] {logging_mixin.py:151} INFO - [2026-06-19T14:17:04.346+0000] {dag.py:2915} INFO - Sync 1 DAGs
[2026-06-19T14:17:04.367+0000] {logging_mixin.py:151} INFO - [2026-06-19T14:17:04.367+0000] {dag.py:3696} INFO - Setting next_dagrun for daily_crypto_lstm_pipeline to 2026-06-19T00:02:00+00:00, run_after=2026-06-20T00:02:00+00:00
[2026-06-19T14:17:04.386+0000] {processor.py:179} INFO - Processing /opt/airflow/dags/binance_daily_dag.py took 2.741 seconds
[2026-06-19T14:17:35.015+0000] {processor.py:157} INFO - Started process (PID=19612) to work on /opt/airflow/dags/binance_daily_dag.py
[2026-06-19T14:17:35.016+0000] {processor.py:829} INFO - Processing file /opt/airflow/dags/binance_daily_dag.py for tasks to queue
[2026-06-19T14:17:35.017+0000] {logging_mixin.py:151} INFO - [2026-06-19T14:17:35.017+0000] {dagbag.py:539} INFO - Filling up the DagBag from /opt/airflow/dags/binance_daily_dag.py
[2026-06-19T14:17:37.225+0000] {processor.py:839} INFO - DAG(s) dict_keys(['daily_crypto_lstm_pipeline']) retrieved from /opt/airflow/dags/binance_daily_dag.py
[2026-06-19T14:17:37.244+0000] {logging_mixin.py:151} INFO - [2026-06-19T14:17:37.244+0000] {dag.py:2915} INFO - Sync 1 DAGs
[2026-06-19T14:17:37.263+0000] {logging_mixin.py:151} INFO - [2026-06-19T14:17:37.263+0000] {dag.py:3696} INFO - Setting next_dagrun for daily_crypto_lstm_pipeline to 2026-06-19T00:02:00+00:00, run_after=2026-06-20T00:02:00+00:00
[2026-06-19T14:17:37.321+0000] {processor.py:179} INFO - Processing /opt/airflow/dags/binance_daily_dag.py took 2.309 seconds
[2026-06-19T14:18:07.678+0000] {processor.py:157} INFO - Started process (PID=19652) to work on /opt/airflow/dags/binance_daily_dag.py
[2026-06-19T14:18:07.679+0000] {processor.py:829} INFO - Processing file /opt/airflow/dags/binance_daily_dag.py for tasks to queue
[2026-06-19T14:18:07.680+0000] {logging_mixin.py:151} INFO - [2026-06-19T14:18:07.679+0000] {dagbag.py:539} INFO - Filling up the DagBag from /opt/airflow/dags/binance_daily_dag.py
[2026-06-19T14:18:09.986+0000] {processor.py:839} INFO - DAG(s) dict_keys(['daily_crypto_lstm_pipeline']) retrieved from /opt/airflow/dags/binance_daily_dag.py
[2026-06-19T14:18:10.009+0000] {logging_mixin.py:151} INFO - [2026-06-19T14:18:10.009+0000] {dag.py:2915} INFO - Sync 1 DAGs
[2026-06-19T14:18:10.029+0000] {logging_mixin.py:151} INFO - [2026-06-19T14:18:10.029+0000] {dag.py:3696} INFO - Setting next_dagrun for daily_crypto_lstm_pipeline to 2026-06-19T00:02:00+00:00, run_after=2026-06-20T00:02:00+00:00
[2026-06-19T14:18:10.087+0000] {processor.py:179} INFO - Processing /opt/airflow/dags/binance_daily_dag.py took 2.413 seconds
[2026-06-19T14:18:40.353+0000] {processor.py:157} INFO - Started process (PID=19685) to work on /opt/airflow/dags/binance_daily_dag.py
[2026-06-19T14:18:40.354+0000] {processor.py:829} INFO - Processing file /opt/airflow/dags/binance_daily_dag.py for tasks to queue
[2026-06-19T14:18:40.355+0000] {logging_mixin.py:151} INFO - [2026-06-19T14:18:40.354+0000] {dagbag.py:539} INFO - Filling up the DagBag from /opt/airflow/dags/binance_daily_dag.py
[2026-06-19T14:18:42.928+0000] {processor.py:839} INFO - DAG(s) dict_keys(['daily_crypto_lstm_pipeline']) retrieved from /opt/airflow/dags/binance_daily_dag.py
[2026-06-19T14:18:42.954+0000] {logging_mixin.py:151} INFO - [2026-06-19T14:18:42.953+0000] {dag.py:2915} INFO - Sync 1 DAGs
[2026-06-19T14:18:42.980+0000] {logging_mixin.py:151} INFO - [2026-06-19T14:18:42.980+0000] {dag.py:3696} INFO - Setting next_dagrun for daily_crypto_lstm_pipeline to 2026-06-19T00:02:00+00:00, run_after=2026-06-20T00:02:00+00:00
[2026-06-19T14:18:43.042+0000] {processor.py:179} INFO - Processing /opt/airflow/dags/binance_daily_dag.py took 2.693 seconds
[2026-06-19T14:19:13.137+0000] {processor.py:157} INFO - Started process (PID=19720) to work on /opt/airflow/dags/binance_daily_dag.py
[2026-06-19T14:19:13.139+0000] {processor.py:829} INFO - Processing file /opt/airflow/dags/binance_daily_dag.py for tasks to queue
[2026-06-19T14:19:13.140+0000] {logging_mixin.py:151} INFO - [2026-06-19T14:19:13.140+0000] {dagbag.py:539} INFO - Filling up the DagBag from /opt/airflow/dags/binance_daily_dag.py
[2026-06-19T14:19:15.549+0000] {processor.py:839} INFO - DAG(s) dict_keys(['daily_crypto_lstm_pipeline']) retrieved from /opt/airflow/dags/binance_daily_dag.py
[2026-06-19T14:19:15.577+0000] {logging_mixin.py:151} INFO - [2026-06-19T14:19:15.576+0000] {dag.py:2915} INFO - Sync 1 DAGs
[2026-06-19T14:19:15.599+0000] {logging_mixin.py:151} INFO - [2026-06-19T14:19:15.598+0000] {dag.py:3696} INFO - Setting next_dagrun for daily_crypto_lstm_pipeline to 2026-06-19T00:02:00+00:00, run_after=2026-06-20T00:02:00+00:00
[2026-06-19T14:19:15.617+0000] {processor.py:179} INFO - Processing /opt/airflow/dags/binance_daily_dag.py took 2.484 seconds
[2026-06-19T14:19:46.145+0000] {processor.py:157} INFO - Started process (PID=19753) to work on /opt/airflow/dags/binance_daily_dag.py
[2026-06-19T14:19:46.147+0000] {processor.py:829} INFO - Processing file /opt/airflow/dags/binance_daily_dag.py for tasks to queue
[2026-06-19T14:19:46.148+0000] {logging_mixin.py:151} INFO - [2026-06-19T14:19:46.148+0000] {dagbag.py:539} INFO - Filling up the DagBag from /opt/airflow/dags/binance_daily_dag.py
[2026-06-19T14:19:48.655+0000] {processor.py:839} INFO - DAG(s) dict_keys(['daily_crypto_lstm_pipeline']) retrieved from /opt/airflow/dags/binance_daily_dag.py
[2026-06-19T14:19:48.678+0000] {logging_mixin.py:151} INFO - [2026-06-19T14:19:48.678+0000] {dag.py:2915} INFO - Sync 1 DAGs
[2026-06-19T14:19:48.699+0000] {logging_mixin.py:151} INFO - [2026-06-19T14:19:48.699+0000] {dag.py:3696} INFO - Setting next_dagrun for daily_crypto_lstm_pipeline to 2026-06-19T00:02:00+00:00, run_after=2026-06-20T00:02:00+00:00
[2026-06-19T14:19:48.719+0000] {processor.py:179} INFO - Processing /opt/airflow/dags/binance_daily_dag.py took 2.577 seconds
[2026-06-19T14:20:18.852+0000] {processor.py:157} INFO - Started process (PID=19783) to work on /opt/airflow/dags/binance_daily_dag.py
[2026-06-19T14:20:18.854+0000] {processor.py:829} INFO - Processing file /opt/airflow/dags/binance_daily_dag.py for tasks to queue
[2026-06-19T14:20:18.855+0000] {logging_mixin.py:151} INFO - [2026-06-19T14:20:18.855+0000] {dagbag.py:539} INFO - Filling up the DagBag from /opt/airflow/dags/binance_daily_dag.py
[2026-06-19T14:20:21.648+0000] {processor.py:839} INFO - DAG(s) dict_keys(['daily_crypto_lstm_pipeline']) retrieved from /opt/airflow/dags/binance_daily_dag.py
[2026-06-19T14:20:21.667+0000] {logging_mixin.py:151} INFO - [2026-06-19T14:20:21.667+0000] {dag.py:2915} INFO - Sync 1 DAGs
[2026-06-19T14:20:21.685+0000] {logging_mixin.py:151} INFO - [2026-06-19T14:20:21.685+0000] {dag.py:3696} INFO - Setting next_dagrun for daily_crypto_lstm_pipeline to 2026-06-19T00:02:00+00:00, run_after=2026-06-20T00:02:00+00:00
[2026-06-19T14:20:21.702+0000] {processor.py:179} INFO - Processing /opt/airflow/dags/binance_daily_dag.py took 2.854 seconds
